dataset_key,dataset_id,modality,suspension_type,author_cell_type,assay,gene,cell_threshold,comparison,psc_assays_observed,control_assays_observed,shared_assay,min_donors_required,psc_median_log2_cpm1,control_median_log2_cpm1,psc_minus_control_median_difference,psc_median_detection_fraction,control_median_detection_fraction,psc_observed_detection_fraction,control_observed_detection_fraction,psc_eligible_donors,control_eligible_donors,leave_one_donor_out_min_difference,leave_one_donor_out_max_difference,leave_one_donor_out_evaluable_count,biological_interpretation,status,reason
sc,02792605-4760-4023-82ad-40fc4458a5db,sc,cell,ActMac,__NO_SHARED_ASSAY__,BCL2L11,20,PSC_minus_Control,10x 5' v2,10x 5' v1,False,3,,,,,,,,0,0,,,0,unavailable_due_to_assay_chemistry_confounding,blocked_cross_chemistry,PSC and Control have no exact shared assay; cross-chemistry fallback is prohibited
sc,02792605-4760-4023-82ad-40fc4458a5db,sc,cell,ActMac,__NO_SHARED_ASSAY__,ETS2,20,PSC_minus_Control,10x 5' v2,10x 5' v1,False,3,,,,,,,,0,0,,,0,unavailable_due_to_assay_chemistry_confounding,blocked_cross_chemistry,PSC and Control have no exact shared assay; cross-chemistry fallback is prohibited
sc,02792605-4760-4023-82ad-40fc4458a5db,sc,cell,ActMac,__NO_SHARED_ASSAY__,PFKFB3,20,PSC_minus_Control,10x 5' v2,10x 5' v1,False,3,,,,,,,,0,0,,,0,unavailable_due_to_assay_chemistry_confounding,blocked_cross_chemistry,PSC and Control have no exact shared assay; cross-chemistry fallback is prohibited
sc,02792605-4760-4023-82ad-40fc4458a5db,sc,cell,ActMac,__NO_SHARED_ASSAY__,PRKD2,20,PSC_minus_Control,10x 5' v2,10x 5' v1,False,3,,,,,,,,0,0,,,0,unavailable_due_to_assay_chemistry_confounding,blocked_cross_chemistry,PSC and Control have no exact shared assay; cross-chemistry fallback is prohibited
sc,02792605-4760-4023-82ad-40fc4458a5db,sc,cell,ActMac,__NO_SHARED_ASSAY__,UBASH3A,20,PSC_minus_Control,10x 5' v2,10x 5' v1,False,3,,,,,,,,0,0,,,0,unavailable_due_to_assay_chemistry_confounding,blocked_cross_chemistry,PSC and Control have no exact shared assay; cross-chemistry fallback is prohibited
sc,02792605-4760-4023-82ad-40fc4458a5db,sc,cell,ActMac,__NO_SHARED_ASSAY__,BCL2L11,50,PSC_minus_Control,10x 5' v2,10x 5' v1,False,3,,,,,,,,0,0,,,0,unavailable_due_to_assay_chemistry_confounding,blocked_cross_chemistry,PSC and Control have no exact shared assay; cross-chemistry fallback is prohibited
sc,02792605-4760-4023-82ad-40fc4458a5db,sc,cell,ActMac,__NO_SHARED_ASSAY__,ETS2,50,PSC_minus_Control,10x 5' v2,10x 5' v1,False,3,,,,,,,,0,0,,,0,unavailable_due_to_assay_chemistry_confounding,blocked_cross_chemistry,PSC and Control have no exact shared assay; cross-chemistry fallback is prohibited
sc,02792605-4760-4023-82ad-40fc4458a5db,sc,cell,ActMac,__NO_SHARED_ASSAY__,PFKFB3,50,PSC_minus_Control,10x 5' v2,10x 5' v1,False,3,,,,,,,,0,0,,,0,unavailable_due_to_assay_chemistry_confounding,blocked_cross_chemistry,PSC and Control have no exact shared assay; cross-chemistry fallback is prohibited
sc,02792605-4760-4023-82ad-40fc4458a5db,sc,cell,ActMac,__NO_SHARED_ASSAY__,PRKD2,50,PSC_minus_Control,10x 5' v2,10x 5' v1,False,3,,,,,,,,0,0,,,0,unavailable_due_to_assay_chemistry_confounding,blocked_cross_chemistry,PSC and Control have no exact shared assay; cross-chemistry fallback is prohibited
sc,02792605-4760-4023-82ad-40fc4458a5db,sc,cell,ActMac,__NO_SHARED_ASSAY__,UBASH3A,50,PSC_minus_Control,10x 5' v2,10x 5' v1,False,3,,,,,,,,0,0,,,0,unavailable_due_to_assay_chemistry_confounding,blocked_cross_chemistry,PSC and Control have no exact shared assay; cross-chemistry fallback is prohibited
sc,02792605-4760-4023-82ad-40fc4458a5db,sc,cell,AntiB,__NO_SHARED_ASSAY__,BCL2L11,20,PSC_minus_Control,10x 5' v2,10x 5' v1,False,3,,,,,,,,0,0,,,0,unavailable_due_to_assay_chemistry_confounding,blocked_cross_chemistry,PSC and Control have no exact shared assay; cross-chemistry fallback is prohibited
sc,02792605-4760-4023-82ad-40fc4458a5db,sc,cell,AntiB,__NO_SHARED_ASSAY__,ETS2,20,PSC_minus_Control,10x 5' v2,10x 5' v1,False,3,,,,,,,,0,0,,,0,unavailable_due_to_assay_chemistry_confounding,blocked_cross_chemistry,PSC and Control have no exact shared assay; cross-chemistry fallback is prohibited
sc,02792605-4760-4023-82ad-40fc4458a5db,sc,cell,AntiB,__NO_SHARED_ASSAY__,PFKFB3,20,PSC_minus_Control,10x 5' v2,10x 5' v1,False,3,,,,,,,,0,0,,,0,unavailable_due_to_assay_chemistry_confounding,blocked_cross_chemistry,PSC and Control have no exact shared assay; cross-chemistry fallback is prohibited
sc,02792605-4760-4023-82ad-40fc4458a5db,sc,cell,AntiB,__NO_SHARED_ASSAY__,PRKD2,20,PSC_minus_Control,10x 5' v2,10x 5' v1,False,3,,,,,,,,0,0,,,0,unavailable_due_to_assay_chemistry_confounding,blocked_cross_chemistry,PSC and Control have no exact shared assay; cross-chemistry fallback is prohibited
sc,02792605-4760-4023-82ad-40fc4458a5db,sc,cell,AntiB,__NO_SHARED_ASSAY__,UBASH3A,20,PSC_minus_Control,10x 5' v2,10x 5' v1,False,3,,,,,,,,0,0,,,0,unavailable_due_to_assay_chemistry_confounding,blocked_cross_chemistry,PSC and Control have no exact shared assay; cross-chemistry fallback is prohibited
sc,02792605-4760-4023-82ad-40fc4458a5db,sc,cell,AntiB,__NO_SHARED_ASSAY__,BCL2L11,50,PSC_minus_Control,10x 5' v2,10x 5' v1,False,3,,,,,,,,0,0,,,0,unavailable_due_to_assay_chemistry_confounding,blocked_cross_chemistry,PSC and Control have no exact shared assay; cross-chemistry fallback is prohibited
sc,02792605-4760-4023-82ad-40fc4458a5db,sc,cell,AntiB,__NO_SHARED_ASSAY__,ETS2,50,PSC_minus_Control,10x 5' v2,10x 5' v1,False,3,,,,,,,,0,0,,,0,unavailable_due_to_assay_chemistry_confounding,blocked_cross_chemistry,PSC and Control have no exact shared assay; cross-chemistry fallback is prohibited
sc,02792605-4760-4023-82ad-40fc4458a5db,sc,cell,AntiB,__NO_SHARED_ASSAY__,PFKFB3,50,PSC_minus_Control,10x 5' v2,10x 5' v1,False,3,,,,,,,,0,0,,,0,unavailable_due_to_assay_chemistry_confounding,blocked_cross_chemistry,PSC and Control have no exact shared assay; cross-chemistry fallback is prohibited
sc,02792605-4760-4023-82ad-40fc4458a5db,sc,cell,AntiB,__NO_SHARED_ASSAY__,PRKD2,50,PSC_minus_Control,10x 5' v2,10x 5' v1,False,3,,,,,,,,0,0,,,0,unavailable_due_to_assay_chemistry_confounding,blocked_cross_chemistry,PSC and Control have no exact shared assay; cross-chemistry fallback is prohibited
sc,02792605-4760-4023-82ad-40fc4458a5db,sc,cell,AntiB,__NO_SHARED_ASSAY__,UBASH3A,50,PSC_minus_Control,10x 5' v2,10x 5' v1,False,3,,,,,,,,0,0,,,0,unavailable_due_to_assay_chemistry_confounding,blocked_cross_chemistry,PSC and Control have no exact shared assay; cross-chemistry fallback is prohibited
sc,02792605-4760-4023-82ad-40fc4458a5db,sc,cell,Arterial,__NO_SHARED_ASSAY__,BCL2L11,20,PSC_minus_Control,10x 5' v2,10x 5' v1,False,3,,,,,,,,0,0,,,0,unavailable_due_to_assay_chemistry_confounding,blocked_cross_chemistry,PSC and Control have no exact shared assay; cross-chemistry fallback is prohibited
sc,02792605-4760-4023-82ad-40fc4458a5db,sc,cell,Arterial,__NO_SHARED_ASSAY__,ETS2,20,PSC_minus_Control,10x 5' v2,10x 5' v1,False,3,,,,,,,,0,0,,,0,unavailable_due_to_assay_chemistry_confounding,blocked_cross_chemistry,PSC and Control have no exact shared assay; cross-chemistry fallback is prohibited
sc,02792605-4760-4023-82ad-40fc4458a5db,sc,cell,Arterial,__NO_SHARED_ASSAY__,PFKFB3,20,PSC_minus_Control,10x 5' v2,10x 5' v1,False,3,,,,,,,,0,0,,,0,unavailable_due_to_assay_chemistry_confounding,blocked_cross_chemistry,PSC and Control have no exact shared assay; cross-chemistry fallback is prohibited
sc,02792605-4760-4023-82ad-40fc4458a5db,sc,cell,Arterial,__NO_SHARED_ASSAY__,PRKD2,20,PSC_minus_Control,10x 5' v2,10x 5' v1,False,3,,,,,,,,0,0,,,0,unavailable_due_to_assay_chemistry_confounding,blocked_cross_chemistry,PSC and Control have no exact shared assay; cross-chemistry fallback is prohibited
sc,02792605-4760-4023-82ad-40fc4458a5db,sc,cell,Arterial,__NO_SHARED_ASSAY__,UBASH3A,20,PSC_minus_Control,10x 5' v2,10x 5' v1,False,3,,,,,,,,0,0,,,0,unavailable_due_to_assay_chemistry_confounding,blocked_cross_chemistry,PSC and Control have no exact shared assay; cross-chemistry fallback is prohibited
sc,02792605-4760-4023-82ad-40fc4458a5db,sc,cell,Arterial,__NO_SHARED_ASSAY__,BCL2L11,50,PSC_minus_Control,10x 5' v2,10x 5' v1,False,3,,,,,,,,0,0,,,0,unavailable_due_to_assay_chemistry_confounding,blocked_cross_chemistry,PSC and Control have no exact shared assay; cross-chemistry fallback is prohibited
sc,02792605-4760-4023-82ad-40fc4458a5db,sc,cell,Arterial,__NO_SHARED_ASSAY__,ETS2,50,PSC_minus_Control,10x 5' v2,10x 5' v1,False,3,,,,,,,,0,0,,,0,unavailable_due_to_assay_chemistry_confounding,blocked_cross_chemistry,PSC and Control have no exact shared assay; cross-chemistry fallback is prohibited
sc,02792605-4760-4023-82ad-40fc4458a5db,sc,cell,Arterial,__NO_SHARED_ASSAY__,PFKFB3,50,PSC_minus_Control,10x 5' v2,10x 5' v1,False,3,,,,,,,,0,0,,,0,unavailable_due_to_assay_chemistry_confounding,blocked_cross_chemistry,PSC and Control have no exact shared assay; cross-chemistry fallback is prohibited
sc,02792605-4760-4023-82ad-40fc4458a5db,sc,cell,Arterial,__NO_SHARED_ASSAY__,PRKD2,50,PSC_minus_Control,10x 5' v2,10x 5' v1,False,3,,,,,,,,0,0,,,0,unavailable_due_to_assay_chemistry_confounding,blocked_cross_chemistry,PSC and Control have no exact shared assay; cross-chemistry fallback is prohibited
sc,02792605-4760-4023-82ad-40fc4458a5db,sc,cell,Arterial,__NO_SHARED_ASSAY__,UBASH3A,50,PSC_minus_Control,10x 5' v2,10x 5' v1,False,3,,,,,,,,0,0,,,0,unavailable_due_to_assay_chemistry_confounding,blocked_cross_chemistry,PSC and Control have no exact shared assay; cross-chemistry fallback is prohibited
sc,02792605-4760-4023-82ad-40fc4458a5db,sc,cell,C-Hepato,__NO_SHARED_ASSAY__,BCL2L11,20,PSC_minus_Control,10x 5' v2,10x 5' v1,False,3,,,,,,,,0,0,,,0,unavailable_due_to_assay_chemistry_confounding,blocked_cross_chemistry,PSC and Control have no exact shared assay; cross-chemistry fallback is prohibited
sc,02792605-4760-4023-82ad-40fc4458a5db,sc,cell,C-Hepato,__NO_SHARED_ASSAY__,ETS2,20,PSC_minus_Control,10x 5' v2,10x 5' v1,False,3,,,,,,,,0,0,,,0,unavailable_due_to_assay_chemistry_confounding,blocked_cross_chemistry,PSC and Control have no exact shared assay; cross-chemistry fallback is prohibited
sc,02792605-4760-4023-82ad-40fc4458a5db,sc,cell,C-Hepato,__NO_SHARED_ASSAY__,PFKFB3,20,PSC_minus_Control,10x 5' v2,10x 5' v1,False,3,,,,,,,,0,0,,,0,unavailable_due_to_assay_chemistry_confounding,blocked_cross_chemistry,PSC and Control have no exact shared assay; cross-chemistry fallback is prohibited
sc,02792605-4760-4023-82ad-40fc4458a5db,sc,cell,C-Hepato,__NO_SHARED_ASSAY__,PRKD2,20,PSC_minus_Control,10x 5' v2,10x 5' v1,False,3,,,,,,,,0,0,,,0,unavailable_due_to_assay_chemistry_confounding,blocked_cross_chemistry,PSC and Control have no exact shared assay; cross-chemistry fallback is prohibited
sc,02792605-4760-4023-82ad-40fc4458a5db,sc,cell,C-Hepato,__NO_SHARED_ASSAY__,UBASH3A,20,PSC_minus_Control,10x 5' v2,10x 5' v1,False,3,,,,,,,,0,0,,,0,unavailable_due_to_assay_chemistry_confounding,blocked_cross_chemistry,PSC and Control have no exact shared assay; cross-chemistry fallback is prohibited
sc,02792605-4760-4023-82ad-40fc4458a5db,sc,cell,C-Hepato,__NO_SHARED_ASSAY__,BCL2L11,50,PSC_minus_Control,10x 5' v2,10x 5' v1,False,3,,,,,,,,0,0,,,0,unavailable_due_to_assay_chemistry_confounding,blocked_cross_chemistry,PSC and Control have no exact shared assay; cross-chemistry fallback is prohibited
sc,02792605-4760-4023-82ad-40fc4458a5db,sc,cell,C-Hepato,__NO_SHARED_ASSAY__,ETS2,50,PSC_minus_Control,10x 5' v2,10x 5' v1,False,3,,,,,,,,0,0,,,0,unavailable_due_to_assay_chemistry_confounding,blocked_cross_chemistry,PSC and Control have no exact shared assay; cross-chemistry fallback is prohibited
sc,02792605-4760-4023-82ad-40fc4458a5db,sc,cell,C-Hepato,__NO_SHARED_ASSAY__,PFKFB3,50,PSC_minus_Control,10x 5' v2,10x 5' v1,False,3,,,,,,,,0,0,,,0,unavailable_due_to_assay_chemistry_confounding,blocked_cross_chemistry,PSC and Control have no exact shared assay; cross-chemistry fallback is prohibited
sc,02792605-4760-4023-82ad-40fc4458a5db,sc,cell,C-Hepato,__NO_SHARED_ASSAY__,PRKD2,50,PSC_minus_Control,10x 5' v2,10x 5' v1,False,3,,,,,,,,0,0,,,0,unavailable_due_to_assay_chemistry_confounding,blocked_cross_chemistry,PSC and Control have no exact shared assay; cross-chemistry fallback is prohibited
sc,02792605-4760-4023-82ad-40fc4458a5db,sc,cell,C-Hepato,__NO_SHARED_ASSAY__,UBASH3A,50,PSC_minus_Control,10x 5' v2,10x 5' v1,False,3,,,,,,,,0,0,,,0,unavailable_due_to_assay_chemistry_confounding,blocked_cross_chemistry,PSC and Control have no exact shared assay; cross-chemistry fallback is prohibited
sc,02792605-4760-4023-82ad-40fc4458a5db,sc,cell,C-Hepato2,__NO_SHARED_ASSAY__,BCL2L11,20,PSC_minus_Control,10x 5' v2,10x 5' v1,False,3,,,,,,,,0,0,,,0,unavailable_due_to_assay_chemistry_confounding,blocked_cross_chemistry,PSC and Control have no exact shared assay; cross-chemistry fallback is prohibited
sc,02792605-4760-4023-82ad-40fc4458a5db,sc,cell,C-Hepato2,__NO_SHARED_ASSAY__,ETS2,20,PSC_minus_Control,10x 5' v2,10x 5' v1,False,3,,,,,,,,0,0,,,0,unavailable_due_to_assay_chemistry_confounding,blocked_cross_chemistry,PSC and Control have no exact shared assay; cross-chemistry fallback is prohibited
sc,02792605-4760-4023-82ad-40fc4458a5db,sc,cell,C-Hepato2,__NO_SHARED_ASSAY__,PFKFB3,20,PSC_minus_Control,10x 5' v2,10x 5' v1,False,3,,,,,,,,0,0,,,0,unavailable_due_to_assay_chemistry_confounding,blocked_cross_chemistry,PSC and Control have no exact shared assay; cross-chemistry fallback is prohibited
sc,02792605-4760-4023-82ad-40fc4458a5db,sc,cell,C-Hepato2,__NO_SHARED_ASSAY__,PRKD2,20,PSC_minus_Control,10x 5' v2,10x 5' v1,False,3,,,,,,,,0,0,,,0,unavailable_due_to_assay_chemistry_confounding,blocked_cross_chemistry,PSC and Control have no exact shared assay; cross-chemistry fallback is prohibited
sc,02792605-4760-4023-82ad-40fc4458a5db,sc,cell,C-Hepato2,__NO_SHARED_ASSAY__,UBASH3A,20,PSC_minus_Control,10x 5' v2,10x 5' v1,False,3,,,,,,,,0,0,,,0,unavailable_due_to_assay_chemistry_confounding,blocked_cross_chemistry,PSC and Control have no exact shared assay; cross-chemistry fallback is prohibited
sc,02792605-4760-4023-82ad-40fc4458a5db,sc,cell,C-Hepato2,__NO_SHARED_ASSAY__,BCL2L11,50,PSC_minus_Control,10x 5' v2,10x 5' v1,False,3,,,,,,,,0,0,,,0,unavailable_due_to_assay_chemistry_confounding,blocked_cross_chemistry,PSC and Control have no exact shared assay; cross-chemistry fallback is prohibited
sc,02792605-4760-4023-82ad-40fc4458a5db,sc,cell,C-Hepato2,__NO_SHARED_ASSAY__,ETS2,50,PSC_minus_Control,10x 5' v2,10x 5' v1,False,3,,,,,,,,0,0,,,0,unavailable_due_to_assay_chemistry_confounding,blocked_cross_chemistry,PSC and Control have no exact shared assay; cross-chemistry fallback is prohibited
sc,02792605-4760-4023-82ad-40fc4458a5db,sc,cell,C-Hepato2,__NO_SHARED_ASSAY__,PFKFB3,50,PSC_minus_Control,10x 5' v2,10x 5' v1,False,3,,,,,,,,0,0,,,0,unavailable_due_to_assay_chemistry_confounding,blocked_cross_chemistry,PSC and Control have no exact shared assay; cross-chemistry fallback is prohibited
sc,02792605-4760-4023-82ad-40fc4458a5db,sc,cell,C-Hepato2,__NO_SHARED_ASSAY__,PRKD2,50,PSC_minus_Control,10x 5' v2,10x 5' v1,False,3,,,,,,,,0,0,,,0,unavailable_due_to_assay_chemistry_confounding,blocked_cross_chemistry,PSC and Control have no exact shared assay; cross-chemistry fallback is prohibited
sc,02792605-4760-4023-82ad-40fc4458a5db,sc,cell,C-Hepato2,__NO_SHARED_ASSAY__,UBASH3A,50,PSC_minus_Control,10x 5' v2,10x 5' v1,False,3,,,,,,,,0,0,,,0,unavailable_due_to_assay_chemistry_confounding,blocked_cross_chemistry,PSC and Control have no exact shared assay; cross-chemistry fallback is prohibited
sc,02792605-4760-4023-82ad-40fc4458a5db,sc,cell,CD3T-lrNK,__NO_SHARED_ASSAY__,BCL2L11,20,PSC_minus_Control,10x 5' v2,10x 5' v1,False,3,,,,,,,,0,0,,,0,unavailable_due_to_assay_chemistry_confounding,blocked_cross_chemistry,PSC and Control have no exact shared assay; cross-chemistry fallback is prohibited
sc,02792605-4760-4023-82ad-40fc4458a5db,sc,cell,CD3T-lrNK,__NO_SHARED_ASSAY__,ETS2,20,PSC_minus_Control,10x 5' v2,10x 5' v1,False,3,,,,,,,,0,0,,,0,unavailable_due_to_assay_chemistry_confounding,blocked_cross_chemistry,PSC and Control have no exact shared assay; cross-chemistry fallback is prohibited
sc,02792605-4760-4023-82ad-40fc4458a5db,sc,cell,CD3T-lrNK,__NO_SHARED_ASSAY__,PFKFB3,20,PSC_minus_Control,10x 5' v2,10x 5' v1,False,3,,,,,,,,0,0,,,0,unavailable_due_to_assay_chemistry_confounding,blocked_cross_chemistry,PSC and Control have no exact shared assay; cross-chemistry fallback is prohibited
sc,02792605-4760-4023-82ad-40fc4458a5db,sc,cell,CD3T-lrNK,__NO_SHARED_ASSAY__,PRKD2,20,PSC_minus_Control,10x 5' v2,10x 5' v1,False,3,,,,,,,,0,0,,,0,unavailable_due_to_assay_chemistry_confounding,blocked_cross_chemistry,PSC and Control have no exact shared assay; cross-chemistry fallback is prohibited
sc,02792605-4760-4023-82ad-40fc4458a5db,sc,cell,CD3T-lrNK,__NO_SHARED_ASSAY__,UBASH3A,20,PSC_minus_Control,10x 5' v2,10x 5' v1,False,3,,,,,,,,0,0,,,0,unavailable_due_to_assay_chemistry_confounding,blocked_cross_chemistry,PSC and Control have no exact shared assay; cross-chemistry fallback is prohibited
sc,02792605-4760-4023-82ad-40fc4458a5db,sc,cell,CD3T-lrNK,__NO_SHARED_ASSAY__,BCL2L11,50,PSC_minus_Control,10x 5' v2,10x 5' v1,False,3,,,,,,,,0,0,,,0,unavailable_due_to_assay_chemistry_confounding,blocked_cross_chemistry,PSC and Control have no exact shared assay; cross-chemistry fallback is prohibited
sc,02792605-4760-4023-82ad-40fc4458a5db,sc,cell,CD3T-lrNK,__NO_SHARED_ASSAY__,ETS2,50,PSC_minus_Control,10x 5' v2,10x 5' v1,False,3,,,,,,,,0,0,,,0,unavailable_due_to_assay_chemistry_confounding,blocked_cross_chemistry,PSC and Control have no exact shared assay; cross-chemistry fallback is prohibited
sc,02792605-4760-4023-82ad-40fc4458a5db,sc,cell,CD3T-lrNK,__NO_SHARED_ASSAY__,PFKFB3,50,PSC_minus_Control,10x 5' v2,10x 5' v1,False,3,,,,,,,,0,0,,,0,unavailable_due_to_assay_chemistry_confounding,blocked_cross_chemistry,PSC and Control have no exact shared assay; cross-chemistry fallback is prohibited
sc,02792605-4760-4023-82ad-40fc4458a5db,sc,cell,CD3T-lrNK,__NO_SHARED_ASSAY__,PRKD2,50,PSC_minus_Control,10x 5' v2,10x 5' v1,False,3,,,,,,,,0,0,,,0,unavailable_due_to_assay_chemistry_confounding,blocked_cross_chemistry,PSC and Control have no exact shared assay; cross-chemistry fallback is prohibited
sc,02792605-4760-4023-82ad-40fc4458a5db,sc,cell,CD3T-lrNK,__NO_SHARED_ASSAY__,UBASH3A,50,PSC_minus_Control,10x 5' v2,10x 5' v1,False,3,,,,,,,,0,0,,,0,unavailable_due_to_assay_chemistry_confounding,blocked_cross_chemistry,PSC and Control have no exact shared assay; cross-chemistry fallback is prohibited
sc,02792605-4760-4023-82ad-40fc4458a5db,sc,cell,CD4T,__NO_SHARED_ASSAY__,BCL2L11,20,PSC_minus_Control,10x 5' v2,10x 5' v1,False,3,,,,,,,,0,0,,,0,unavailable_due_to_assay_chemistry_confounding,blocked_cross_chemistry,PSC and Control have no exact shared assay; cross-chemistry fallback is prohibited
sc,02792605-4760-4023-82ad-40fc4458a5db,sc,cell,CD4T,__NO_SHARED_ASSAY__,ETS2,20,PSC_minus_Control,10x 5' v2,10x 5' v1,False,3,,,,,,,,0,0,,,0,unavailable_due_to_assay_chemistry_confounding,blocked_cross_chemistry,PSC and Control have no exact shared assay; cross-chemistry fallback is prohibited
sc,02792605-4760-4023-82ad-40fc4458a5db,sc,cell,CD4T,__NO_SHARED_ASSAY__,PFKFB3,20,PSC_minus_Control,10x 5' v2,10x 5' v1,False,3,,,,,,,,0,0,,,0,unavailable_due_to_assay_chemistry_confounding,blocked_cross_chemistry,PSC and Control have no exact shared assay; cross-chemistry fallback is prohibited
sc,02792605-4760-4023-82ad-40fc4458a5db,sc,cell,CD4T,__NO_SHARED_ASSAY__,PRKD2,20,PSC_minus_Control,10x 5' v2,10x 5' v1,False,3,,,,,,,,0,0,,,0,unavailable_due_to_assay_chemistry_confounding,blocked_cross_chemistry,PSC and Control have no exact shared assay; cross-chemistry fallback is prohibited
sc,02792605-4760-4023-82ad-40fc4458a5db,sc,cell,CD4T,__NO_SHARED_ASSAY__,UBASH3A,20,PSC_minus_Control,10x 5' v2,10x 5' v1,False,3,,,,,,,,0,0,,,0,unavailable_due_to_assay_chemistry_confounding,blocked_cross_chemistry,PSC and Control have no exact shared assay; cross-chemistry fallback is prohibited
sc,02792605-4760-4023-82ad-40fc4458a5db,sc,cell,CD4T,__NO_SHARED_ASSAY__,BCL2L11,50,PSC_minus_Control,10x 5' v2,10x 5' v1,False,3,,,,,,,,0,0,,,0,unavailable_due_to_assay_chemistry_confounding,blocked_cross_chemistry,PSC and Control have no exact shared assay; cross-chemistry fallback is prohibited
sc,02792605-4760-4023-82ad-40fc4458a5db,sc,cell,CD4T,__NO_SHARED_ASSAY__,ETS2,50,PSC_minus_Control,10x 5' v2,10x 5' v1,False,3,,,,,,,,0,0,,,0,unavailable_due_to_assay_chemistry_confounding,blocked_cross_chemistry,PSC and Control have no exact shared assay; cross-chemistry fallback is prohibited
sc,02792605-4760-4023-82ad-40fc4458a5db,sc,cell,CD4T,__NO_SHARED_ASSAY__,PFKFB3,50,PSC_minus_Control,10x 5' v2,10x 5' v1,False,3,,,,,,,,0,0,,,0,unavailable_due_to_assay_chemistry_confounding,blocked_cross_chemistry,PSC and Control have no exact shared assay; cross-chemistry fallback is prohibited
sc,02792605-4760-4023-82ad-40fc4458a5db,sc,cell,CD4T,__NO_SHARED_ASSAY__,PRKD2,50,PSC_minus_Control,10x 5' v2,10x 5' v1,False,3,,,,,,,,0,0,,,0,unavailable_due_to_assay_chemistry_confounding,blocked_cross_chemistry,PSC and Control have no exact shared assay; cross-chemistry fallback is prohibited
sc,02792605-4760-4023-82ad-40fc4458a5db,sc,cell,CD4T,__NO_SHARED_ASSAY__,UBASH3A,50,PSC_minus_Control,10x 5' v2,10x 5' v1,False,3,,,,,,,,0,0,,,0,unavailable_due_to_assay_chemistry_confounding,blocked_cross_chemistry,PSC and Control have no exact shared assay; cross-chemistry fallback is prohibited
sc,02792605-4760-4023-82ad-40fc4458a5db,sc,cell,CD4T--RBC-Doublet,__NO_SHARED_ASSAY__,BCL2L11,20,PSC_minus_Control,10x 5' v2,10x 5' v1,False,3,,,,,,,,0,0,,,0,unavailable_due_to_assay_chemistry_confounding,blocked_cross_chemistry,PSC and Control have no exact shared assay; cross-chemistry fallback is prohibited
sc,02792605-4760-4023-82ad-40fc4458a5db,sc,cell,CD4T--RBC-Doublet,__NO_SHARED_ASSAY__,ETS2,20,PSC_minus_Control,10x 5' v2,10x 5' v1,False,3,,,,,,,,0,0,,,0,unavailable_due_to_assay_chemistry_confounding,blocked_cross_chemistry,PSC and Control have no exact shared assay; cross-chemistry fallback is prohibited
sc,02792605-4760-4023-82ad-40fc4458a5db,sc,cell,CD4T--RBC-Doublet,__NO_SHARED_ASSAY__,PFKFB3,20,PSC_minus_Control,10x 5' v2,10x 5' v1,False,3,,,,,,,,0,0,,,0,unavailable_due_to_assay_chemistry_confounding,blocked_cross_chemistry,PSC and Control have no exact shared assay; cross-chemistry fallback is prohibited
sc,02792605-4760-4023-82ad-40fc4458a5db,sc,cell,CD4T--RBC-Doublet,__NO_SHARED_ASSAY__,PRKD2,20,PSC_minus_Control,10x 5' v2,10x 5' v1,False,3,,,,,,,,0,0,,,0,unavailable_due_to_assay_chemistry_confounding,blocked_cross_chemistry,PSC and Control have no exact shared assay; cross-chemistry fallback is prohibited
sc,02792605-4760-4023-82ad-40fc4458a5db,sc,cell,CD4T--RBC-Doublet,__NO_SHARED_ASSAY__,UBASH3A,20,PSC_minus_Control,10x 5' v2,10x 5' v1,False,3,,,,,,,,0,0,,,0,unavailable_due_to_assay_chemistry_confounding,blocked_cross_chemistry,PSC and Control have no exact shared assay; cross-chemistry fallback is prohibited
sc,02792605-4760-4023-82ad-40fc4458a5db,sc,cell,CD4T--RBC-Doublet,__NO_SHARED_ASSAY__,BCL2L11,50,PSC_minus_Control,10x 5' v2,10x 5' v1,False,3,,,,,,,,0,0,,,0,unavailable_due_to_assay_chemistry_confounding,blocked_cross_chemistry,PSC and Control have no exact shared assay; cross-chemistry fallback is prohibited
sc,02792605-4760-4023-82ad-40fc4458a5db,sc,cell,CD4T--RBC-Doublet,__NO_SHARED_ASSAY__,ETS2,50,PSC_minus_Control,10x 5' v2,10x 5' v1,False,3,,,,,,,,0,0,,,0,unavailable_due_to_assay_chemistry_confounding,blocked_cross_chemistry,PSC and Control have no exact shared assay; cross-chemistry fallback is prohibited
sc,02792605-4760-4023-82ad-40fc4458a5db,sc,cell,CD4T--RBC-Doublet,__NO_SHARED_ASSAY__,PFKFB3,50,PSC_minus_Control,10x 5' v2,10x 5' v1,False,3,,,,,,,,0,0,,,0,unavailable_due_to_assay_chemistry_confounding,blocked_cross_chemistry,PSC and Control have no exact shared assay; cross-chemistry fallback is prohibited
sc,02792605-4760-4023-82ad-40fc4458a5db,sc,cell,CD4T--RBC-Doublet,__NO_SHARED_ASSAY__,PRKD2,50,PSC_minus_Control,10x 5' v2,10x 5' v1,False,3,,,,,,,,0,0,,,0,unavailable_due_to_assay_chemistry_confounding,blocked_cross_chemistry,PSC and Control have no exact shared assay; cross-chemistry fallback is prohibited
sc,02792605-4760-4023-82ad-40fc4458a5db,sc,cell,CD4T--RBC-Doublet,__NO_SHARED_ASSAY__,UBASH3A,50,PSC_minus_Control,10x 5' v2,10x 5' v1,False,3,,,,,,,,0,0,,,0,unavailable_due_to_assay_chemistry_confounding,blocked_cross_chemistry,PSC and Control have no exact shared assay; cross-chemistry fallback is prohibited
sc,02792605-4760-4023-82ad-40fc4458a5db,sc,cell,CD8T,__NO_SHARED_ASSAY__,BCL2L11,20,PSC_minus_Control,10x 5' v2,10x 5' v1,False,3,,,,,,,,0,0,,,0,unavailable_due_to_assay_chemistry_confounding,blocked_cross_chemistry,PSC and Control have no exact shared assay; cross-chemistry fallback is prohibited
sc,02792605-4760-4023-82ad-40fc4458a5db,sc,cell,CD8T,__NO_SHARED_ASSAY__,ETS2,20,PSC_minus_Control,10x 5' v2,10x 5' v1,False,3,,,,,,,,0,0,,,0,unavailable_due_to_assay_chemistry_confounding,blocked_cross_chemistry,PSC and Control have no exact shared assay; cross-chemistry fallback is prohibited
sc,02792605-4760-4023-82ad-40fc4458a5db,sc,cell,CD8T,__NO_SHARED_ASSAY__,PFKFB3,20,PSC_minus_Control,10x 5' v2,10x 5' v1,False,3,,,,,,,,0,0,,,0,unavailable_due_to_assay_chemistry_confounding,blocked_cross_chemistry,PSC and Control have no exact shared assay; cross-chemistry fallback is prohibited
sc,02792605-4760-4023-82ad-40fc4458a5db,sc,cell,CD8T,__NO_SHARED_ASSAY__,PRKD2,20,PSC_minus_Control,10x 5' v2,10x 5' v1,False,3,,,,,,,,0,0,,,0,unavailable_due_to_assay_chemistry_confounding,blocked_cross_chemistry,PSC and Control have no exact shared assay; cross-chemistry fallback is prohibited
sc,02792605-4760-4023-82ad-40fc4458a5db,sc,cell,CD8T,__NO_SHARED_ASSAY__,UBASH3A,20,PSC_minus_Control,10x 5' v2,10x 5' v1,False,3,,,,,,,,0,0,,,0,unavailable_due_to_assay_chemistry_confounding,blocked_cross_chemistry,PSC and Control have no exact shared assay; cross-chemistry fallback is prohibited
sc,02792605-4760-4023-82ad-40fc4458a5db,sc,cell,CD8T,__NO_SHARED_ASSAY__,BCL2L11,50,PSC_minus_Control,10x 5' v2,10x 5' v1,False,3,,,,,,,,0,0,,,0,unavailable_due_to_assay_chemistry_confounding,blocked_cross_chemistry,PSC and Control have no exact shared assay; cross-chemistry fallback is prohibited
sc,02792605-4760-4023-82ad-40fc4458a5db,sc,cell,CD8T,__NO_SHARED_ASSAY__,ETS2,50,PSC_minus_Control,10x 5' v2,10x 5' v1,False,3,,,,,,,,0,0,,,0,unavailable_due_to_assay_chemistry_confounding,blocked_cross_chemistry,PSC and Control have no exact shared assay; cross-chemistry fallback is prohibited
sc,02792605-4760-4023-82ad-40fc4458a5db,sc,cell,CD8T,__NO_SHARED_ASSAY__,PFKFB3,50,PSC_minus_Control,10x 5' v2,10x 5' v1,False,3,,,,,,,,0,0,,,0,unavailable_due_to_assay_chemistry_confounding,blocked_cross_chemistry,PSC and Control have no exact shared assay; cross-chemistry fallback is prohibited
sc,02792605-4760-4023-82ad-40fc4458a5db,sc,cell,CD8T,__NO_SHARED_ASSAY__,PRKD2,50,PSC_minus_Control,10x 5' v2,10x 5' v1,False,3,,,,,,,,0,0,,,0,unavailable_due_to_assay_chemistry_confounding,blocked_cross_chemistry,PSC and Control have no exact shared assay; cross-chemistry fallback is prohibited
sc,02792605-4760-4023-82ad-40fc4458a5db,sc,cell,CD8T,__NO_SHARED_ASSAY__,UBASH3A,50,PSC_minus_Control,10x 5' v2,10x 5' v1,False,3,,,,,,,,0,0,,,0,unavailable_due_to_assay_chemistry_confounding,blocked_cross_chemistry,PSC and Control have no exact shared assay; cross-chemistry fallback is prohibited
sc,02792605-4760-4023-82ad-40fc4458a5db,sc,cell,CD8T-cNK,__NO_SHARED_ASSAY__,BCL2L11,20,PSC_minus_Control,10x 5' v2,10x 5' v1,False,3,,,,,,,,0,0,,,0,unavailable_due_to_assay_chemistry_confounding,blocked_cross_chemistry,PSC and Control have no exact shared assay; cross-chemistry fallback is prohibited
sc,02792605-4760-4023-82ad-40fc4458a5db,sc,cell,CD8T-cNK,__NO_SHARED_ASSAY__,ETS2,20,PSC_minus_Control,10x 5' v2,10x 5' v1,False,3,,,,,,,,0,0,,,0,unavailable_due_to_assay_chemistry_confounding,blocked_cross_chemistry,PSC and Control have no exact shared assay; cross-chemistry fallback is prohibited
sc,02792605-4760-4023-82ad-40fc4458a5db,sc,cell,CD8T-cNK,__NO_SHARED_ASSAY__,PFKFB3,20,PSC_minus_Control,10x 5' v2,10x 5' v1,False,3,,,,,,,,0,0,,,0,unavailable_due_to_assay_chemistry_confounding,blocked_cross_chemistry,PSC and Control have no exact shared assay; cross-chemistry fallback is prohibited
sc,02792605-4760-4023-82ad-40fc4458a5db,sc,cell,CD8T-cNK,__NO_SHARED_ASSAY__,PRKD2,20,PSC_minus_Control,10x 5' v2,10x 5' v1,False,3,,,,,,,,0,0,,,0,unavailable_due_to_assay_chemistry_confounding,blocked_cross_chemistry,PSC and Control have no exact shared assay; cross-chemistry fallback is prohibited
sc,02792605-4760-4023-82ad-40fc4458a5db,sc,cell,CD8T-cNK,__NO_SHARED_ASSAY__,UBASH3A,20,PSC_minus_Control,10x 5' v2,10x 5' v1,False,3,,,,,,,,0,0,,,0,unavailable_due_to_assay_chemistry_confounding,blocked_cross_chemistry,PSC and Control have no exact shared assay; cross-chemistry fallback is prohibited
sc,02792605-4760-4023-82ad-40fc4458a5db,sc,cell,CD8T-cNK,__NO_SHARED_ASSAY__,BCL2L11,50,PSC_minus_Control,10x 5' v2,10x 5' v1,False,3,,,,,,,,0,0,,,0,unavailable_due_to_assay_chemistry_confounding,blocked_cross_chemistry,PSC and Control have no exact shared assay; cross-chemistry fallback is prohibited
sc,02792605-4760-4023-82ad-40fc4458a5db,sc,cell,CD8T-cNK,__NO_SHARED_ASSAY__,ETS2,50,PSC_minus_Control,10x 5' v2,10x 5' v1,False,3,,,,,,,,0,0,,,0,unavailable_due_to_assay_chemistry_confounding,blocked_cross_chemistry,PSC and Control have no exact shared assay; cross-chemistry fallback is prohibited
sc,02792605-4760-4023-82ad-40fc4458a5db,sc,cell,CD8T-cNK,__NO_SHARED_ASSAY__,PFKFB3,50,PSC_minus_Control,10x 5' v2,10x 5' v1,False,3,,,,,,,,0,0,,,0,unavailable_due_to_assay_chemistry_confounding,blocked_cross_chemistry,PSC and Control have no exact shared assay; cross-chemistry fallback is prohibited
sc,02792605-4760-4023-82ad-40fc4458a5db,sc,cell,CD8T-cNK,__NO_SHARED_ASSAY__,PRKD2,50,PSC_minus_Control,10x 5' v2,10x 5' v1,False,3,,,,,,,,0,0,,,0,unavailable_due_to_assay_chemistry_confounding,blocked_cross_chemistry,PSC and Control have no exact shared assay; cross-chemistry fallback is prohibited
sc,02792605-4760-4023-82ad-40fc4458a5db,sc,cell,CD8T-cNK,__NO_SHARED_ASSAY__,UBASH3A,50,PSC_minus_Control,10x 5' v2,10x 5' v1,False,3,,,,,,,,0,0,,,0,unavailable_due_to_assay_chemistry_confounding,blocked_cross_chemistry,PSC and Control have no exact shared assay; cross-chemistry fallback is prohibited
sc,02792605-4760-4023-82ad-40fc4458a5db,sc,cell,Chol,__NO_SHARED_ASSAY__,BCL2L11,20,PSC_minus_Control,10x 5' v2,10x 5' v1,False,3,,,,,,,,0,0,,,0,unavailable_due_to_assay_chemistry_confounding,blocked_cross_chemistry,PSC and Control have no exact shared assay; cross-chemistry fallback is prohibited
sc,02792605-4760-4023-82ad-40fc4458a5db,sc,cell,Chol,__NO_SHARED_ASSAY__,ETS2,20,PSC_minus_Control,10x 5' v2,10x 5' v1,False,3,,,,,,,,0,0,,,0,unavailable_due_to_assay_chemistry_confounding,blocked_cross_chemistry,PSC and Control have no exact shared assay; cross-chemistry fallback is prohibited
sc,02792605-4760-4023-82ad-40fc4458a5db,sc,cell,Chol,__NO_SHARED_ASSAY__,PFKFB3,20,PSC_minus_Control,10x 5' v2,10x 5' v1,False,3,,,,,,,,0,0,,,0,unavailable_due_to_assay_chemistry_confounding,blocked_cross_chemistry,PSC and Control have no exact shared assay; cross-chemistry fallback is prohibited
sc,02792605-4760-4023-82ad-40fc4458a5db,sc,cell,Chol,__NO_SHARED_ASSAY__,PRKD2,20,PSC_minus_Control,10x 5' v2,10x 5' v1,False,3,,,,,,,,0,0,,,0,unavailable_due_to_assay_chemistry_confounding,blocked_cross_chemistry,PSC and Control have no exact shared assay; cross-chemistry fallback is prohibited
sc,02792605-4760-4023-82ad-40fc4458a5db,sc,cell,Chol,__NO_SHARED_ASSAY__,UBASH3A,20,PSC_minus_Control,10x 5' v2,10x 5' v1,False,3,,,,,,,,0,0,,,0,unavailable_due_to_assay_chemistry_confounding,blocked_cross_chemistry,PSC and Control have no exact shared assay; cross-chemistry fallback is prohibited
sc,02792605-4760-4023-82ad-40fc4458a5db,sc,cell,Chol,__NO_SHARED_ASSAY__,BCL2L11,50,PSC_minus_Control,10x 5' v2,10x 5' v1,False,3,,,,,,,,0,0,,,0,unavailable_due_to_assay_chemistry_confounding,blocked_cross_chemistry,PSC and Control have no exact shared assay; cross-chemistry fallback is prohibited
sc,02792605-4760-4023-82ad-40fc4458a5db,sc,cell,Chol,__NO_SHARED_ASSAY__,ETS2,50,PSC_minus_Control,10x 5' v2,10x 5' v1,False,3,,,,,,,,0,0,,,0,unavailable_due_to_assay_chemistry_confounding,blocked_cross_chemistry,PSC and Control have no exact shared assay; cross-chemistry fallback is prohibited
sc,02792605-4760-4023-82ad-40fc4458a5db,sc,cell,Chol,__NO_SHARED_ASSAY__,PFKFB3,50,PSC_minus_Control,10x 5' v2,10x 5' v1,False,3,,,,,,,,0,0,,,0,unavailable_due_to_assay_chemistry_confounding,blocked_cross_chemistry,PSC and Control have no exact shared assay; cross-chemistry fallback is prohibited
sc,02792605-4760-4023-82ad-40fc4458a5db,sc,cell,Chol,__NO_SHARED_ASSAY__,PRKD2,50,PSC_minus_Control,10x 5' v2,10x 5' v1,False,3,,,,,,,,0,0,,,0,unavailable_due_to_assay_chemistry_confounding,blocked_cross_chemistry,PSC and Control have no exact shared assay; cross-chemistry fallback is prohibited
sc,02792605-4760-4023-82ad-40fc4458a5db,sc,cell,Chol,__NO_SHARED_ASSAY__,UBASH3A,50,PSC_minus_Control,10x 5' v2,10x 5' v1,False,3,,,,,,,,0,0,,,0,unavailable_due_to_assay_chemistry_confounding,blocked_cross_chemistry,PSC and Control have no exact shared assay; cross-chemistry fallback is prohibited
sc,02792605-4760-4023-82ad-40fc4458a5db,sc,cell,CholMucus,__NO_SHARED_ASSAY__,BCL2L11,20,PSC_minus_Control,10x 5' v2,10x 5' v1,False,3,,,,,,,,0,0,,,0,unavailable_due_to_assay_chemistry_confounding,blocked_cross_chemistry,PSC and Control have no exact shared assay; cross-chemistry fallback is prohibited
sc,02792605-4760-4023-82ad-40fc4458a5db,sc,cell,CholMucus,__NO_SHARED_ASSAY__,ETS2,20,PSC_minus_Control,10x 5' v2,10x 5' v1,False,3,,,,,,,,0,0,,,0,unavailable_due_to_assay_chemistry_confounding,blocked_cross_chemistry,PSC and Control have no exact shared assay; cross-chemistry fallback is prohibited
sc,02792605-4760-4023-82ad-40fc4458a5db,sc,cell,CholMucus,__NO_SHARED_ASSAY__,PFKFB3,20,PSC_minus_Control,10x 5' v2,10x 5' v1,False,3,,,,,,,,0,0,,,0,unavailable_due_to_assay_chemistry_confounding,blocked_cross_chemistry,PSC and Control have no exact shared assay; cross-chemistry fallback is prohibited
sc,02792605-4760-4023-82ad-40fc4458a5db,sc,cell,CholMucus,__NO_SHARED_ASSAY__,PRKD2,20,PSC_minus_Control,10x 5' v2,10x 5' v1,False,3,,,,,,,,0,0,,,0,unavailable_due_to_assay_chemistry_confounding,blocked_cross_chemistry,PSC and Control have no exact shared assay; cross-chemistry fallback is prohibited
sc,02792605-4760-4023-82ad-40fc4458a5db,sc,cell,CholMucus,__NO_SHARED_ASSAY__,UBASH3A,20,PSC_minus_Control,10x 5' v2,10x 5' v1,False,3,,,,,,,,0,0,,,0,unavailable_due_to_assay_chemistry_confounding,blocked_cross_chemistry,PSC and Control have no exact shared assay; cross-chemistry fallback is prohibited
sc,02792605-4760-4023-82ad-40fc4458a5db,sc,cell,CholMucus,__NO_SHARED_ASSAY__,BCL2L11,50,PSC_minus_Control,10x 5' v2,10x 5' v1,False,3,,,,,,,,0,0,,,0,unavailable_due_to_assay_chemistry_confounding,blocked_cross_chemistry,PSC and Control have no exact shared assay; cross-chemistry fallback is prohibited
sc,02792605-4760-4023-82ad-40fc4458a5db,sc,cell,CholMucus,__NO_SHARED_ASSAY__,ETS2,50,PSC_minus_Control,10x 5' v2,10x 5' v1,False,3,,,,,,,,0,0,,,0,unavailable_due_to_assay_chemistry_confounding,blocked_cross_chemistry,PSC and Control have no exact shared assay; cross-chemistry fallback is prohibited
sc,02792605-4760-4023-82ad-40fc4458a5db,sc,cell,CholMucus,__NO_SHARED_ASSAY__,PFKFB3,50,PSC_minus_Control,10x 5' v2,10x 5' v1,False,3,,,,,,,,0,0,,,0,unavailable_due_to_assay_chemistry_confounding,blocked_cross_chemistry,PSC and Control have no exact shared assay; cross-chemistry fallback is prohibited
sc,02792605-4760-4023-82ad-40fc4458a5db,sc,cell,CholMucus,__NO_SHARED_ASSAY__,PRKD2,50,PSC_minus_Control,10x 5' v2,10x 5' v1,False,3,,,,,,,,0,0,,,0,unavailable_due_to_assay_chemistry_confounding,blocked_cross_chemistry,PSC and Control have no exact shared assay; cross-chemistry fallback is prohibited
sc,02792605-4760-4023-82ad-40fc4458a5db,sc,cell,CholMucus,__NO_SHARED_ASSAY__,UBASH3A,50,PSC_minus_Control,10x 5' v2,10x 5' v1,False,3,,,,,,,,0,0,,,0,unavailable_due_to_assay_chemistry_confounding,blocked_cross_chemistry,PSC and Control have no exact shared assay; cross-chemistry fallback is prohibited
sc,02792605-4760-4023-82ad-40fc4458a5db,sc,cell,Fibroblast,__NO_SHARED_ASSAY__,BCL2L11,20,PSC_minus_Control,10x 5' v2,10x 5' v1,False,3,,,,,,,,0,0,,,0,unavailable_due_to_assay_chemistry_confounding,blocked_cross_chemistry,PSC and Control have no exact shared assay; cross-chemistry fallback is prohibited
sc,02792605-4760-4023-82ad-40fc4458a5db,sc,cell,Fibroblast,__NO_SHARED_ASSAY__,ETS2,20,PSC_minus_Control,10x 5' v2,10x 5' v1,False,3,,,,,,,,0,0,,,0,unavailable_due_to_assay_chemistry_confounding,blocked_cross_chemistry,PSC and Control have no exact shared assay; cross-chemistry fallback is prohibited
sc,02792605-4760-4023-82ad-40fc4458a5db,sc,cell,Fibroblast,__NO_SHARED_ASSAY__,PFKFB3,20,PSC_minus_Control,10x 5' v2,10x 5' v1,False,3,,,,,,,,0,0,,,0,unavailable_due_to_assay_chemistry_confounding,blocked_cross_chemistry,PSC and Control have no exact shared assay; cross-chemistry fallback is prohibited
sc,02792605-4760-4023-82ad-40fc4458a5db,sc,cell,Fibroblast,__NO_SHARED_ASSAY__,PRKD2,20,PSC_minus_Control,10x 5' v2,10x 5' v1,False,3,,,,,,,,0,0,,,0,unavailable_due_to_assay_chemistry_confounding,blocked_cross_chemistry,PSC and Control have no exact shared assay; cross-chemistry fallback is prohibited
sc,02792605-4760-4023-82ad-40fc4458a5db,sc,cell,Fibroblast,__NO_SHARED_ASSAY__,UBASH3A,20,PSC_minus_Control,10x 5' v2,10x 5' v1,False,3,,,,,,,,0,0,,,0,unavailable_due_to_assay_chemistry_confounding,blocked_cross_chemistry,PSC and Control have no exact shared assay; cross-chemistry fallback is prohibited
sc,02792605-4760-4023-82ad-40fc4458a5db,sc,cell,Fibroblast,__NO_SHARED_ASSAY__,BCL2L11,50,PSC_minus_Control,10x 5' v2,10x 5' v1,False,3,,,,,,,,0,0,,,0,unavailable_due_to_assay_chemistry_confounding,blocked_cross_chemistry,PSC and Control have no exact shared assay; cross-chemistry fallback is prohibited
sc,02792605-4760-4023-82ad-40fc4458a5db,sc,cell,Fibroblast,__NO_SHARED_ASSAY__,ETS2,50,PSC_minus_Control,10x 5' v2,10x 5' v1,False,3,,,,,,,,0,0,,,0,unavailable_due_to_assay_chemistry_confounding,blocked_cross_chemistry,PSC and Control have no exact shared assay; cross-chemistry fallback is prohibited
sc,02792605-4760-4023-82ad-40fc4458a5db,sc,cell,Fibroblast,__NO_SHARED_ASSAY__,PFKFB3,50,PSC_minus_Control,10x 5' v2,10x 5' v1,False,3,,,,,,,,0,0,,,0,unavailable_due_to_assay_chemistry_confounding,blocked_cross_chemistry,PSC and Control have no exact shared assay; cross-chemistry fallback is prohibited
sc,02792605-4760-4023-82ad-40fc4458a5db,sc,cell,Fibroblast,__NO_SHARED_ASSAY__,PRKD2,50,PSC_minus_Control,10x 5' v2,10x 5' v1,False,3,,,,,,,,0,0,,,0,unavailable_due_to_assay_chemistry_confounding,blocked_cross_chemistry,PSC and Control have no exact shared assay; cross-chemistry fallback is prohibited
sc,02792605-4760-4023-82ad-40fc4458a5db,sc,cell,Fibroblast,__NO_SHARED_ASSAY__,UBASH3A,50,PSC_minus_Control,10x 5' v2,10x 5' v1,False,3,,,,,,,,0,0,,,0,unavailable_due_to_assay_chemistry_confounding,blocked_cross_chemistry,PSC and Control have no exact shared assay; cross-chemistry fallback is prohibited
sc,02792605-4760-4023-82ad-40fc4458a5db,sc,cell,Hepato,__NO_SHARED_ASSAY__,BCL2L11,20,PSC_minus_Control,10x 5' v2,10x 5' v1,False,3,,,,,,,,0,0,,,0,unavailable_due_to_assay_chemistry_confounding,blocked_cross_chemistry,PSC and Control have no exact shared assay; cross-chemistry fallback is prohibited
sc,02792605-4760-4023-82ad-40fc4458a5db,sc,cell,Hepato,__NO_SHARED_ASSAY__,ETS2,20,PSC_minus_Control,10x 5' v2,10x 5' v1,False,3,,,,,,,,0,0,,,0,unavailable_due_to_assay_chemistry_confounding,blocked_cross_chemistry,PSC and Control have no exact shared assay; cross-chemistry fallback is prohibited
sc,02792605-4760-4023-82ad-40fc4458a5db,sc,cell,Hepato,__NO_SHARED_ASSAY__,PFKFB3,20,PSC_minus_Control,10x 5' v2,10x 5' v1,False,3,,,,,,,,0,0,,,0,unavailable_due_to_assay_chemistry_confounding,blocked_cross_chemistry,PSC and Control have no exact shared assay; cross-chemistry fallback is prohibited
sc,02792605-4760-4023-82ad-40fc4458a5db,sc,cell,Hepato,__NO_SHARED_ASSAY__,PRKD2,20,PSC_minus_Control,10x 5' v2,10x 5' v1,False,3,,,,,,,,0,0,,,0,unavailable_due_to_assay_chemistry_confounding,blocked_cross_chemistry,PSC and Control have no exact shared assay; cross-chemistry fallback is prohibited
sc,02792605-4760-4023-82ad-40fc4458a5db,sc,cell,Hepato,__NO_SHARED_ASSAY__,UBASH3A,20,PSC_minus_Control,10x 5' v2,10x 5' v1,False,3,,,,,,,,0,0,,,0,unavailable_due_to_assay_chemistry_confounding,blocked_cross_chemistry,PSC and Control have no exact shared assay; cross-chemistry fallback is prohibited
sc,02792605-4760-4023-82ad-40fc4458a5db,sc,cell,Hepato,__NO_SHARED_ASSAY__,BCL2L11,50,PSC_minus_Control,10x 5' v2,10x 5' v1,False,3,,,,,,,,0,0,,,0,unavailable_due_to_assay_chemistry_confounding,blocked_cross_chemistry,PSC and Control have no exact shared assay; cross-chemistry fallback is prohibited
sc,02792605-4760-4023-82ad-40fc4458a5db,sc,cell,Hepato,__NO_SHARED_ASSAY__,ETS2,50,PSC_minus_Control,10x 5' v2,10x 5' v1,False,3,,,,,,,,0,0,,,0,unavailable_due_to_assay_chemistry_confounding,blocked_cross_chemistry,PSC and Control have no exact shared assay; cross-chemistry fallback is prohibited
sc,02792605-4760-4023-82ad-40fc4458a5db,sc,cell,Hepato,__NO_SHARED_ASSAY__,PFKFB3,50,PSC_minus_Control,10x 5' v2,10x 5' v1,False,3,,,,,,,,0,0,,,0,unavailable_due_to_assay_chemistry_confounding,blocked_cross_chemistry,PSC and Control have no exact shared assay; cross-chemistry fallback is prohibited
sc,02792605-4760-4023-82ad-40fc4458a5db,sc,cell,Hepato,__NO_SHARED_ASSAY__,PRKD2,50,PSC_minus_Control,10x 5' v2,10x 5' v1,False,3,,,,,,,,0,0,,,0,unavailable_due_to_assay_chemistry_confounding,blocked_cross_chemistry,PSC and Control have no exact shared assay; cross-chemistry fallback is prohibited
sc,02792605-4760-4023-82ad-40fc4458a5db,sc,cell,Hepato,__NO_SHARED_ASSAY__,UBASH3A,50,PSC_minus_Control,10x 5' v2,10x 5' v1,False,3,,,,,,,,0,0,,,0,unavailable_due_to_assay_chemistry_confounding,blocked_cross_chemistry,PSC and Control have no exact shared assay; cross-chemistry fallback is prohibited
sc,02792605-4760-4023-82ad-40fc4458a5db,sc,cell,Hepato--Mac,__NO_SHARED_ASSAY__,BCL2L11,20,PSC_minus_Control,10x 5' v2,10x 5' v1,False,3,,,,,,,,0,0,,,0,unavailable_due_to_assay_chemistry_confounding,blocked_cross_chemistry,PSC and Control have no exact shared assay; cross-chemistry fallback is prohibited
sc,02792605-4760-4023-82ad-40fc4458a5db,sc,cell,Hepato--Mac,__NO_SHARED_ASSAY__,ETS2,20,PSC_minus_Control,10x 5' v2,10x 5' v1,False,3,,,,,,,,0,0,,,0,unavailable_due_to_assay_chemistry_confounding,blocked_cross_chemistry,PSC and Control have no exact shared assay; cross-chemistry fallback is prohibited
sc,02792605-4760-4023-82ad-40fc4458a5db,sc,cell,Hepato--Mac,__NO_SHARED_ASSAY__,PFKFB3,20,PSC_minus_Control,10x 5' v2,10x 5' v1,False,3,,,,,,,,0,0,,,0,unavailable_due_to_assay_chemistry_confounding,blocked_cross_chemistry,PSC and Control have no exact shared assay; cross-chemistry fallback is prohibited
sc,02792605-4760-4023-82ad-40fc4458a5db,sc,cell,Hepato--Mac,__NO_SHARED_ASSAY__,PRKD2,20,PSC_minus_Control,10x 5' v2,10x 5' v1,False,3,,,,,,,,0,0,,,0,unavailable_due_to_assay_chemistry_confounding,blocked_cross_chemistry,PSC and Control have no exact shared assay; cross-chemistry fallback is prohibited
sc,02792605-4760-4023-82ad-40fc4458a5db,sc,cell,Hepato--Mac,__NO_SHARED_ASSAY__,UBASH3A,20,PSC_minus_Control,10x 5' v2,10x 5' v1,False,3,,,,,,,,0,0,,,0,unavailable_due_to_assay_chemistry_confounding,blocked_cross_chemistry,PSC and Control have no exact shared assay; cross-chemistry fallback is prohibited
sc,02792605-4760-4023-82ad-40fc4458a5db,sc,cell,Hepato--Mac,__NO_SHARED_ASSAY__,BCL2L11,50,PSC_minus_Control,10x 5' v2,10x 5' v1,False,3,,,,,,,,0,0,,,0,unavailable_due_to_assay_chemistry_confounding,blocked_cross_chemistry,PSC and Control have no exact shared assay; cross-chemistry fallback is prohibited
sc,02792605-4760-4023-82ad-40fc4458a5db,sc,cell,Hepato--Mac,__NO_SHARED_ASSAY__,ETS2,50,PSC_minus_Control,10x 5' v2,10x 5' v1,False,3,,,,,,,,0,0,,,0,unavailable_due_to_assay_chemistry_confounding,blocked_cross_chemistry,PSC and Control have no exact shared assay; cross-chemistry fallback is prohibited
sc,02792605-4760-4023-82ad-40fc4458a5db,sc,cell,Hepato--Mac,__NO_SHARED_ASSAY__,PFKFB3,50,PSC_minus_Control,10x 5' v2,10x 5' v1,False,3,,,,,,,,0,0,,,0,unavailable_due_to_assay_chemistry_confounding,blocked_cross_chemistry,PSC and Control have no exact shared assay; cross-chemistry fallback is prohibited
sc,02792605-4760-4023-82ad-40fc4458a5db,sc,cell,Hepato--Mac,__NO_SHARED_ASSAY__,PRKD2,50,PSC_minus_Control,10x 5' v2,10x 5' v1,False,3,,,,,,,,0,0,,,0,unavailable_due_to_assay_chemistry_confounding,blocked_cross_chemistry,PSC and Control have no exact shared assay; cross-chemistry fallback is prohibited
sc,02792605-4760-4023-82ad-40fc4458a5db,sc,cell,Hepato--Mac,__NO_SHARED_ASSAY__,UBASH3A,50,PSC_minus_Control,10x 5' v2,10x 5' v1,False,3,,,,,,,,0,0,,,0,unavailable_due_to_assay_chemistry_confounding,blocked_cross_chemistry,PSC and Control have no exact shared assay; cross-chemistry fallback is prohibited
sc,02792605-4760-4023-82ad-40fc4458a5db,sc,cell,I-Hepato,__NO_SHARED_ASSAY__,BCL2L11,20,PSC_minus_Control,10x 5' v2,10x 5' v1,False,3,,,,,,,,0,0,,,0,unavailable_due_to_assay_chemistry_confounding,blocked_cross_chemistry,PSC and Control have no exact shared assay; cross-chemistry fallback is prohibited
sc,02792605-4760-4023-82ad-40fc4458a5db,sc,cell,I-Hepato,__NO_SHARED_ASSAY__,ETS2,20,PSC_minus_Control,10x 5' v2,10x 5' v1,False,3,,,,,,,,0,0,,,0,unavailable_due_to_assay_chemistry_confounding,blocked_cross_chemistry,PSC and Control have no exact shared assay; cross-chemistry fallback is prohibited
sc,02792605-4760-4023-82ad-40fc4458a5db,sc,cell,I-Hepato,__NO_SHARED_ASSAY__,PFKFB3,20,PSC_minus_Control,10x 5' v2,10x 5' v1,False,3,,,,,,,,0,0,,,0,unavailable_due_to_assay_chemistry_confounding,blocked_cross_chemistry,PSC and Control have no exact shared assay; cross-chemistry fallback is prohibited
sc,02792605-4760-4023-82ad-40fc4458a5db,sc,cell,I-Hepato,__NO_SHARED_ASSAY__,PRKD2,20,PSC_minus_Control,10x 5' v2,10x 5' v1,False,3,,,,,,,,0,0,,,0,unavailable_due_to_assay_chemistry_confounding,blocked_cross_chemistry,PSC and Control have no exact shared assay; cross-chemistry fallback is prohibited
sc,02792605-4760-4023-82ad-40fc4458a5db,sc,cell,I-Hepato,__NO_SHARED_ASSAY__,UBASH3A,20,PSC_minus_Control,10x 5' v2,10x 5' v1,False,3,,,,,,,,0,0,,,0,unavailable_due_to_assay_chemistry_confounding,blocked_cross_chemistry,PSC and Control have no exact shared assay; cross-chemistry fallback is prohibited
sc,02792605-4760-4023-82ad-40fc4458a5db,sc,cell,I-Hepato,__NO_SHARED_ASSAY__,BCL2L11,50,PSC_minus_Control,10x 5' v2,10x 5' v1,False,3,,,,,,,,0,0,,,0,unavailable_due_to_assay_chemistry_confounding,blocked_cross_chemistry,PSC and Control have no exact shared assay; cross-chemistry fallback is prohibited
sc,02792605-4760-4023-82ad-40fc4458a5db,sc,cell,I-Hepato,__NO_SHARED_ASSAY__,ETS2,50,PSC_minus_Control,10x 5' v2,10x 5' v1,False,3,,,,,,,,0,0,,,0,unavailable_due_to_assay_chemistry_confounding,blocked_cross_chemistry,PSC and Control have no exact shared assay; cross-chemistry fallback is prohibited
sc,02792605-4760-4023-82ad-40fc4458a5db,sc,cell,I-Hepato,__NO_SHARED_ASSAY__,PFKFB3,50,PSC_minus_Control,10x 5' v2,10x 5' v1,False,3,,,,,,,,0,0,,,0,unavailable_due_to_assay_chemistry_confounding,blocked_cross_chemistry,PSC and Control have no exact shared assay; cross-chemistry fallback is prohibited
sc,02792605-4760-4023-82ad-40fc4458a5db,sc,cell,I-Hepato,__NO_SHARED_ASSAY__,PRKD2,50,PSC_minus_Control,10x 5' v2,10x 5' v1,False,3,,,,,,,,0,0,,,0,unavailable_due_to_assay_chemistry_confounding,blocked_cross_chemistry,PSC and Control have no exact shared assay; cross-chemistry fallback is prohibited
sc,02792605-4760-4023-82ad-40fc4458a5db,sc,cell,I-Hepato,__NO_SHARED_ASSAY__,UBASH3A,50,PSC_minus_Control,10x 5' v2,10x 5' v1,False,3,,,,,,,,0,0,,,0,unavailable_due_to_assay_chemistry_confounding,blocked_cross_chemistry,PSC and Control have no exact shared assay; cross-chemistry fallback is prohibited
sc,02792605-4760-4023-82ad-40fc4458a5db,sc,cell,Kupffer,__NO_SHARED_ASSAY__,BCL2L11,20,PSC_minus_Control,10x 5' v2,10x 5' v1,False,3,,,,,,,,0,0,,,0,unavailable_due_to_assay_chemistry_confounding,blocked_cross_chemistry,PSC and Control have no exact shared assay; cross-chemistry fallback is prohibited
sc,02792605-4760-4023-82ad-40fc4458a5db,sc,cell,Kupffer,__NO_SHARED_ASSAY__,ETS2,20,PSC_minus_Control,10x 5' v2,10x 5' v1,False,3,,,,,,,,0,0,,,0,unavailable_due_to_assay_chemistry_confounding,blocked_cross_chemistry,PSC and Control have no exact shared assay; cross-chemistry fallback is prohibited
sc,02792605-4760-4023-82ad-40fc4458a5db,sc,cell,Kupffer,__NO_SHARED_ASSAY__,PFKFB3,20,PSC_minus_Control,10x 5' v2,10x 5' v1,False,3,,,,,,,,0,0,,,0,unavailable_due_to_assay_chemistry_confounding,blocked_cross_chemistry,PSC and Control have no exact shared assay; cross-chemistry fallback is prohibited
sc,02792605-4760-4023-82ad-40fc4458a5db,sc,cell,Kupffer,__NO_SHARED_ASSAY__,PRKD2,20,PSC_minus_Control,10x 5' v2,10x 5' v1,False,3,,,,,,,,0,0,,,0,unavailable_due_to_assay_chemistry_confounding,blocked_cross_chemistry,PSC and Control have no exact shared assay; cross-chemistry fallback is prohibited
sc,02792605-4760-4023-82ad-40fc4458a5db,sc,cell,Kupffer,__NO_SHARED_ASSAY__,UBASH3A,20,PSC_minus_Control,10x 5' v2,10x 5' v1,False,3,,,,,,,,0,0,,,0,unavailable_due_to_assay_chemistry_confounding,blocked_cross_chemistry,PSC and Control have no exact shared assay; cross-chemistry fallback is prohibited
sc,02792605-4760-4023-82ad-40fc4458a5db,sc,cell,Kupffer,__NO_SHARED_ASSAY__,BCL2L11,50,PSC_minus_Control,10x 5' v2,10x 5' v1,False,3,,,,,,,,0,0,,,0,unavailable_due_to_assay_chemistry_confounding,blocked_cross_chemistry,PSC and Control have no exact shared assay; cross-chemistry fallback is prohibited
sc,02792605-4760-4023-82ad-40fc4458a5db,sc,cell,Kupffer,__NO_SHARED_ASSAY__,ETS2,50,PSC_minus_Control,10x 5' v2,10x 5' v1,False,3,,,,,,,,0,0,,,0,unavailable_due_to_assay_chemistry_confounding,blocked_cross_chemistry,PSC and Control have no exact shared assay; cross-chemistry fallback is prohibited
sc,02792605-4760-4023-82ad-40fc4458a5db,sc,cell,Kupffer,__NO_SHARED_ASSAY__,PFKFB3,50,PSC_minus_Control,10x 5' v2,10x 5' v1,False,3,,,,,,,,0,0,,,0,unavailable_due_to_assay_chemistry_confounding,blocked_cross_chemistry,PSC and Control have no exact shared assay; cross-chemistry fallback is prohibited
sc,02792605-4760-4023-82ad-40fc4458a5db,sc,cell,Kupffer,__NO_SHARED_ASSAY__,PRKD2,50,PSC_minus_Control,10x 5' v2,10x 5' v1,False,3,,,,,,,,0,0,,,0,unavailable_due_to_assay_chemistry_confounding,blocked_cross_chemistry,PSC and Control have no exact shared assay; cross-chemistry fallback is prohibited
sc,02792605-4760-4023-82ad-40fc4458a5db,sc,cell,Kupffer,__NO_SHARED_ASSAY__,UBASH3A,50,PSC_minus_Control,10x 5' v2,10x 5' v1,False,3,,,,,,,,0,0,,,0,unavailable_due_to_assay_chemistry_confounding,blocked_cross_chemistry,PSC and Control have no exact shared assay; cross-chemistry fallback is prohibited
sc,02792605-4760-4023-82ad-40fc4458a5db,sc,cell,Kupffer--LSEC-Doublet,__NO_SHARED_ASSAY__,BCL2L11,20,PSC_minus_Control,10x 5' v2,10x 5' v1,False,3,,,,,,,,0,0,,,0,unavailable_due_to_assay_chemistry_confounding,blocked_cross_chemistry,PSC and Control have no exact shared assay; cross-chemistry fallback is prohibited
sc,02792605-4760-4023-82ad-40fc4458a5db,sc,cell,Kupffer--LSEC-Doublet,__NO_SHARED_ASSAY__,ETS2,20,PSC_minus_Control,10x 5' v2,10x 5' v1,False,3,,,,,,,,0,0,,,0,unavailable_due_to_assay_chemistry_confounding,blocked_cross_chemistry,PSC and Control have no exact shared assay; cross-chemistry fallback is prohibited
sc,02792605-4760-4023-82ad-40fc4458a5db,sc,cell,Kupffer--LSEC-Doublet,__NO_SHARED_ASSAY__,PFKFB3,20,PSC_minus_Control,10x 5' v2,10x 5' v1,False,3,,,,,,,,0,0,,,0,unavailable_due_to_assay_chemistry_confounding,blocked_cross_chemistry,PSC and Control have no exact shared assay; cross-chemistry fallback is prohibited
sc,02792605-4760-4023-82ad-40fc4458a5db,sc,cell,Kupffer--LSEC-Doublet,__NO_SHARED_ASSAY__,PRKD2,20,PSC_minus_Control,10x 5' v2,10x 5' v1,False,3,,,,,,,,0,0,,,0,unavailable_due_to_assay_chemistry_confounding,blocked_cross_chemistry,PSC and Control have no exact shared assay; cross-chemistry fallback is prohibited
sc,02792605-4760-4023-82ad-40fc4458a5db,sc,cell,Kupffer--LSEC-Doublet,__NO_SHARED_ASSAY__,UBASH3A,20,PSC_minus_Control,10x 5' v2,10x 5' v1,False,3,,,,,,,,0,0,,,0,unavailable_due_to_assay_chemistry_confounding,blocked_cross_chemistry,PSC and Control have no exact shared assay; cross-chemistry fallback is prohibited
sc,02792605-4760-4023-82ad-40fc4458a5db,sc,cell,Kupffer--LSEC-Doublet,__NO_SHARED_ASSAY__,BCL2L11,50,PSC_minus_Control,10x 5' v2,10x 5' v1,False,3,,,,,,,,0,0,,,0,unavailable_due_to_assay_chemistry_confounding,blocked_cross_chemistry,PSC and Control have no exact shared assay; cross-chemistry fallback is prohibited
sc,02792605-4760-4023-82ad-40fc4458a5db,sc,cell,Kupffer--LSEC-Doublet,__NO_SHARED_ASSAY__,ETS2,50,PSC_minus_Control,10x 5' v2,10x 5' v1,False,3,,,,,,,,0,0,,,0,unavailable_due_to_assay_chemistry_confounding,blocked_cross_chemistry,PSC and Control have no exact shared assay; cross-chemistry fallback is prohibited
sc,02792605-4760-4023-82ad-40fc4458a5db,sc,cell,Kupffer--LSEC-Doublet,__NO_SHARED_ASSAY__,PFKFB3,50,PSC_minus_Control,10x 5' v2,10x 5' v1,False,3,,,,,,,,0,0,,,0,unavailable_due_to_assay_chemistry_confounding,blocked_cross_chemistry,PSC and Control have no exact shared assay; cross-chemistry fallback is prohibited
sc,02792605-4760-4023-82ad-40fc4458a5db,sc,cell,Kupffer--LSEC-Doublet,__NO_SHARED_ASSAY__,PRKD2,50,PSC_minus_Control,10x 5' v2,10x 5' v1,False,3,,,,,,,,0,0,,,0,unavailable_due_to_assay_chemistry_confounding,blocked_cross_chemistry,PSC and Control have no exact shared assay; cross-chemistry fallback is prohibited
sc,02792605-4760-4023-82ad-40fc4458a5db,sc,cell,Kupffer--LSEC-Doublet,__NO_SHARED_ASSAY__,UBASH3A,50,PSC_minus_Control,10x 5' v2,10x 5' v1,False,3,,,,,,,,0,0,,,0,unavailable_due_to_assay_chemistry_confounding,blocked_cross_chemistry,PSC and Control have no exact shared assay; cross-chemistry fallback is prohibited
sc,02792605-4760-4023-82ad-40fc4458a5db,sc,cell,LAM-like,__NO_SHARED_ASSAY__,BCL2L11,20,PSC_minus_Control,10x 5' v2,10x 5' v1,False,3,,,,,,,,0,0,,,0,unavailable_due_to_assay_chemistry_confounding,blocked_cross_chemistry,PSC and Control have no exact shared assay; cross-chemistry fallback is prohibited
sc,02792605-4760-4023-82ad-40fc4458a5db,sc,cell,LAM-like,__NO_SHARED_ASSAY__,ETS2,20,PSC_minus_Control,10x 5' v2,10x 5' v1,False,3,,,,,,,,0,0,,,0,unavailable_due_to_assay_chemistry_confounding,blocked_cross_chemistry,PSC and Control have no exact shared assay; cross-chemistry fallback is prohibited
sc,02792605-4760-4023-82ad-40fc4458a5db,sc,cell,LAM-like,__NO_SHARED_ASSAY__,PFKFB3,20,PSC_minus_Control,10x 5' v2,10x 5' v1,False,3,,,,,,,,0,0,,,0,unavailable_due_to_assay_chemistry_confounding,blocked_cross_chemistry,PSC and Control have no exact shared assay; cross-chemistry fallback is prohibited
sc,02792605-4760-4023-82ad-40fc4458a5db,sc,cell,LAM-like,__NO_SHARED_ASSAY__,PRKD2,20,PSC_minus_Control,10x 5' v2,10x 5' v1,False,3,,,,,,,,0,0,,,0,unavailable_due_to_assay_chemistry_confounding,blocked_cross_chemistry,PSC and Control have no exact shared assay; cross-chemistry fallback is prohibited
sc,02792605-4760-4023-82ad-40fc4458a5db,sc,cell,LAM-like,__NO_SHARED_ASSAY__,UBASH3A,20,PSC_minus_Control,10x 5' v2,10x 5' v1,False,3,,,,,,,,0,0,,,0,unavailable_due_to_assay_chemistry_confounding,blocked_cross_chemistry,PSC and Control have no exact shared assay; cross-chemistry fallback is prohibited
sc,02792605-4760-4023-82ad-40fc4458a5db,sc,cell,LAM-like,__NO_SHARED_ASSAY__,BCL2L11,50,PSC_minus_Control,10x 5' v2,10x 5' v1,False,3,,,,,,,,0,0,,,0,unavailable_due_to_assay_chemistry_confounding,blocked_cross_chemistry,PSC and Control have no exact shared assay; cross-chemistry fallback is prohibited
sc,02792605-4760-4023-82ad-40fc4458a5db,sc,cell,LAM-like,__NO_SHARED_ASSAY__,ETS2,50,PSC_minus_Control,10x 5' v2,10x 5' v1,False,3,,,,,,,,0,0,,,0,unavailable_due_to_assay_chemistry_confounding,blocked_cross_chemistry,PSC and Control have no exact shared assay; cross-chemistry fallback is prohibited
sc,02792605-4760-4023-82ad-40fc4458a5db,sc,cell,LAM-like,__NO_SHARED_ASSAY__,PFKFB3,50,PSC_minus_Control,10x 5' v2,10x 5' v1,False,3,,,,,,,,0,0,,,0,unavailable_due_to_assay_chemistry_confounding,blocked_cross_chemistry,PSC and Control have no exact shared assay; cross-chemistry fallback is prohibited
sc,02792605-4760-4023-82ad-40fc4458a5db,sc,cell,LAM-like,__NO_SHARED_ASSAY__,PRKD2,50,PSC_minus_Control,10x 5' v2,10x 5' v1,False,3,,,,,,,,0,0,,,0,unavailable_due_to_assay_chemistry_confounding,blocked_cross_chemistry,PSC and Control have no exact shared assay; cross-chemistry fallback is prohibited
sc,02792605-4760-4023-82ad-40fc4458a5db,sc,cell,LAM-like,__NO_SHARED_ASSAY__,UBASH3A,50,PSC_minus_Control,10x 5' v2,10x 5' v1,False,3,,,,,,,,0,0,,,0,unavailable_due_to_assay_chemistry_confounding,blocked_cross_chemistry,PSC and Control have no exact shared assay; cross-chemistry fallback is prohibited
sc,02792605-4760-4023-82ad-40fc4458a5db,sc,cell,MAST,__NO_SHARED_ASSAY__,BCL2L11,20,PSC_minus_Control,10x 5' v2,,False,3,,,,,,,,0,0,,,0,unavailable,missing_cohort,PSC or Control assay stratum is absent
sc,02792605-4760-4023-82ad-40fc4458a5db,sc,cell,MAST,__NO_SHARED_ASSAY__,ETS2,20,PSC_minus_Control,10x 5' v2,,False,3,,,,,,,,0,0,,,0,unavailable,missing_cohort,PSC or Control assay stratum is absent
sc,02792605-4760-4023-82ad-40fc4458a5db,sc,cell,MAST,__NO_SHARED_ASSAY__,PFKFB3,20,PSC_minus_Control,10x 5' v2,,False,3,,,,,,,,0,0,,,0,unavailable,missing_cohort,PSC or Control assay stratum is absent
sc,02792605-4760-4023-82ad-40fc4458a5db,sc,cell,MAST,__NO_SHARED_ASSAY__,PRKD2,20,PSC_minus_Control,10x 5' v2,,False,3,,,,,,,,0,0,,,0,unavailable,missing_cohort,PSC or Control assay stratum is absent
sc,02792605-4760-4023-82ad-40fc4458a5db,sc,cell,MAST,__NO_SHARED_ASSAY__,UBASH3A,20,PSC_minus_Control,10x 5' v2,,False,3,,,,,,,,0,0,,,0,unavailable,missing_cohort,PSC or Control assay stratum is absent
sc,02792605-4760-4023-82ad-40fc4458a5db,sc,cell,MAST,__NO_SHARED_ASSAY__,BCL2L11,50,PSC_minus_Control,10x 5' v2,,False,3,,,,,,,,0,0,,,0,unavailable,missing_cohort,PSC or Control assay stratum is absent
sc,02792605-4760-4023-82ad-40fc4458a5db,sc,cell,MAST,__NO_SHARED_ASSAY__,ETS2,50,PSC_minus_Control,10x 5' v2,,False,3,,,,,,,,0,0,,,0,unavailable,missing_cohort,PSC or Control assay stratum is absent
sc,02792605-4760-4023-82ad-40fc4458a5db,sc,cell,MAST,__NO_SHARED_ASSAY__,PFKFB3,50,PSC_minus_Control,10x 5' v2,,False,3,,,,,,,,0,0,,,0,unavailable,missing_cohort,PSC or Control assay stratum is absent
sc,02792605-4760-4023-82ad-40fc4458a5db,sc,cell,MAST,__NO_SHARED_ASSAY__,PRKD2,50,PSC_minus_Control,10x 5' v2,,False,3,,,,,,,,0,0,,,0,unavailable,missing_cohort,PSC or Control assay stratum is absent
sc,02792605-4760-4023-82ad-40fc4458a5db,sc,cell,MAST,__NO_SHARED_ASSAY__,UBASH3A,50,PSC_minus_Control,10x 5' v2,,False,3,,,,,,,,0,0,,,0,unavailable,missing_cohort,PSC or Control assay stratum is absent
sc,02792605-4760-4023-82ad-40fc4458a5db,sc,cell,MHCII,__NO_SHARED_ASSAY__,BCL2L11,20,PSC_minus_Control,10x 5' v2,10x 5' v1,False,3,,,,,,,,0,0,,,0,unavailable_due_to_assay_chemistry_confounding,blocked_cross_chemistry,PSC and Control have no exact shared assay; cross-chemistry fallback is prohibited
sc,02792605-4760-4023-82ad-40fc4458a5db,sc,cell,MHCII,__NO_SHARED_ASSAY__,ETS2,20,PSC_minus_Control,10x 5' v2,10x 5' v1,False,3,,,,,,,,0,0,,,0,unavailable_due_to_assay_chemistry_confounding,blocked_cross_chemistry,PSC and Control have no exact shared assay; cross-chemistry fallback is prohibited
sc,02792605-4760-4023-82ad-40fc4458a5db,sc,cell,MHCII,__NO_SHARED_ASSAY__,PFKFB3,20,PSC_minus_Control,10x 5' v2,10x 5' v1,False,3,,,,,,,,0,0,,,0,unavailable_due_to_assay_chemistry_confounding,blocked_cross_chemistry,PSC and Control have no exact shared assay; cross-chemistry fallback is prohibited
sc,02792605-4760-4023-82ad-40fc4458a5db,sc,cell,MHCII,__NO_SHARED_ASSAY__,PRKD2,20,PSC_minus_Control,10x 5' v2,10x 5' v1,False,3,,,,,,,,0,0,,,0,unavailable_due_to_assay_chemistry_confounding,blocked_cross_chemistry,PSC and Control have no exact shared assay; cross-chemistry fallback is prohibited
sc,02792605-4760-4023-82ad-40fc4458a5db,sc,cell,MHCII,__NO_SHARED_ASSAY__,UBASH3A,20,PSC_minus_Control,10x 5' v2,10x 5' v1,False,3,,,,,,,,0,0,,,0,unavailable_due_to_assay_chemistry_confounding,blocked_cross_chemistry,PSC and Control have no exact shared assay; cross-chemistry fallback is prohibited
sc,02792605-4760-4023-82ad-40fc4458a5db,sc,cell,MHCII,__NO_SHARED_ASSAY__,BCL2L11,50,PSC_minus_Control,10x 5' v2,10x 5' v1,False,3,,,,,,,,0,0,,,0,unavailable_due_to_assay_chemistry_confounding,blocked_cross_chemistry,PSC and Control have no exact shared assay; cross-chemistry fallback is prohibited
sc,02792605-4760-4023-82ad-40fc4458a5db,sc,cell,MHCII,__NO_SHARED_ASSAY__,ETS2,50,PSC_minus_Control,10x 5' v2,10x 5' v1,False,3,,,,,,,,0,0,,,0,unavailable_due_to_assay_chemistry_confounding,blocked_cross_chemistry,PSC and Control have no exact shared assay; cross-chemistry fallback is prohibited
sc,02792605-4760-4023-82ad-40fc4458a5db,sc,cell,MHCII,__NO_SHARED_ASSAY__,PFKFB3,50,PSC_minus_Control,10x 5' v2,10x 5' v1,False,3,,,,,,,,0,0,,,0,unavailable_due_to_assay_chemistry_confounding,blocked_cross_chemistry,PSC and Control have no exact shared assay; cross-chemistry fallback is prohibited
sc,02792605-4760-4023-82ad-40fc4458a5db,sc,cell,MHCII,__NO_SHARED_ASSAY__,PRKD2,50,PSC_minus_Control,10x 5' v2,10x 5' v1,False,3,,,,,,,,0,0,,,0,unavailable_due_to_assay_chemistry_confounding,blocked_cross_chemistry,PSC and Control have no exact shared assay; cross-chemistry fallback is prohibited
sc,02792605-4760-4023-82ad-40fc4458a5db,sc,cell,MHCII,__NO_SHARED_ASSAY__,UBASH3A,50,PSC_minus_Control,10x 5' v2,10x 5' v1,False,3,,,,,,,,0,0,,,0,unavailable_due_to_assay_chemistry_confounding,blocked_cross_chemistry,PSC and Control have no exact shared assay; cross-chemistry fallback is prohibited
sc,02792605-4760-4023-82ad-40fc4458a5db,sc,cell,Mac--B-Doublet,__NO_SHARED_ASSAY__,BCL2L11,20,PSC_minus_Control,10x 5' v2,10x 5' v1,False,3,,,,,,,,0,0,,,0,unavailable_due_to_assay_chemistry_confounding,blocked_cross_chemistry,PSC and Control have no exact shared assay; cross-chemistry fallback is prohibited
sc,02792605-4760-4023-82ad-40fc4458a5db,sc,cell,Mac--B-Doublet,__NO_SHARED_ASSAY__,ETS2,20,PSC_minus_Control,10x 5' v2,10x 5' v1,False,3,,,,,,,,0,0,,,0,unavailable_due_to_assay_chemistry_confounding,blocked_cross_chemistry,PSC and Control have no exact shared assay; cross-chemistry fallback is prohibited
sc,02792605-4760-4023-82ad-40fc4458a5db,sc,cell,Mac--B-Doublet,__NO_SHARED_ASSAY__,PFKFB3,20,PSC_minus_Control,10x 5' v2,10x 5' v1,False,3,,,,,,,,0,0,,,0,unavailable_due_to_assay_chemistry_confounding,blocked_cross_chemistry,PSC and Control have no exact shared assay; cross-chemistry fallback is prohibited
sc,02792605-4760-4023-82ad-40fc4458a5db,sc,cell,Mac--B-Doublet,__NO_SHARED_ASSAY__,PRKD2,20,PSC_minus_Control,10x 5' v2,10x 5' v1,False,3,,,,,,,,0,0,,,0,unavailable_due_to_assay_chemistry_confounding,blocked_cross_chemistry,PSC and Control have no exact shared assay; cross-chemistry fallback is prohibited
sc,02792605-4760-4023-82ad-40fc4458a5db,sc,cell,Mac--B-Doublet,__NO_SHARED_ASSAY__,UBASH3A,20,PSC_minus_Control,10x 5' v2,10x 5' v1,False,3,,,,,,,,0,0,,,0,unavailable_due_to_assay_chemistry_confounding,blocked_cross_chemistry,PSC and Control have no exact shared assay; cross-chemistry fallback is prohibited
sc,02792605-4760-4023-82ad-40fc4458a5db,sc,cell,Mac--B-Doublet,__NO_SHARED_ASSAY__,BCL2L11,50,PSC_minus_Control,10x 5' v2,10x 5' v1,False,3,,,,,,,,0,0,,,0,unavailable_due_to_assay_chemistry_confounding,blocked_cross_chemistry,PSC and Control have no exact shared assay; cross-chemistry fallback is prohibited
sc,02792605-4760-4023-82ad-40fc4458a5db,sc,cell,Mac--B-Doublet,__NO_SHARED_ASSAY__,ETS2,50,PSC_minus_Control,10x 5' v2,10x 5' v1,False,3,,,,,,,,0,0,,,0,unavailable_due_to_assay_chemistry_confounding,blocked_cross_chemistry,PSC and Control have no exact shared assay; cross-chemistry fallback is prohibited
sc,02792605-4760-4023-82ad-40fc4458a5db,sc,cell,Mac--B-Doublet,__NO_SHARED_ASSAY__,PFKFB3,50,PSC_minus_Control,10x 5' v2,10x 5' v1,False,3,,,,,,,,0,0,,,0,unavailable_due_to_assay_chemistry_confounding,blocked_cross_chemistry,PSC and Control have no exact shared assay; cross-chemistry fallback is prohibited
sc,02792605-4760-4023-82ad-40fc4458a5db,sc,cell,Mac--B-Doublet,__NO_SHARED_ASSAY__,PRKD2,50,PSC_minus_Control,10x 5' v2,10x 5' v1,False,3,,,,,,,,0,0,,,0,unavailable_due_to_assay_chemistry_confounding,blocked_cross_chemistry,PSC and Control have no exact shared assay; cross-chemistry fallback is prohibited
sc,02792605-4760-4023-82ad-40fc4458a5db,sc,cell,Mac--B-Doublet,__NO_SHARED_ASSAY__,UBASH3A,50,PSC_minus_Control,10x 5' v2,10x 5' v1,False,3,,,,,,,,0,0,,,0,unavailable_due_to_assay_chemistry_confounding,blocked_cross_chemistry,PSC and Control have no exact shared assay; cross-chemistry fallback is prohibited
sc,02792605-4760-4023-82ad-40fc4458a5db,sc,cell,Mac--Fibro-Doublet,__NO_SHARED_ASSAY__,BCL2L11,20,PSC_minus_Control,10x 5' v2,10x 5' v1,False,3,,,,,,,,0,0,,,0,unavailable_due_to_assay_chemistry_confounding,blocked_cross_chemistry,PSC and Control have no exact shared assay; cross-chemistry fallback is prohibited
sc,02792605-4760-4023-82ad-40fc4458a5db,sc,cell,Mac--Fibro-Doublet,__NO_SHARED_ASSAY__,ETS2,20,PSC_minus_Control,10x 5' v2,10x 5' v1,False,3,,,,,,,,0,0,,,0,unavailable_due_to_assay_chemistry_confounding,blocked_cross_chemistry,PSC and Control have no exact shared assay; cross-chemistry fallback is prohibited
sc,02792605-4760-4023-82ad-40fc4458a5db,sc,cell,Mac--Fibro-Doublet,__NO_SHARED_ASSAY__,PFKFB3,20,PSC_minus_Control,10x 5' v2,10x 5' v1,False,3,,,,,,,,0,0,,,0,unavailable_due_to_assay_chemistry_confounding,blocked_cross_chemistry,PSC and Control have no exact shared assay; cross-chemistry fallback is prohibited
sc,02792605-4760-4023-82ad-40fc4458a5db,sc,cell,Mac--Fibro-Doublet,__NO_SHARED_ASSAY__,PRKD2,20,PSC_minus_Control,10x 5' v2,10x 5' v1,False,3,,,,,,,,0,0,,,0,unavailable_due_to_assay_chemistry_confounding,blocked_cross_chemistry,PSC and Control have no exact shared assay; cross-chemistry fallback is prohibited
sc,02792605-4760-4023-82ad-40fc4458a5db,sc,cell,Mac--Fibro-Doublet,__NO_SHARED_ASSAY__,UBASH3A,20,PSC_minus_Control,10x 5' v2,10x 5' v1,False,3,,,,,,,,0,0,,,0,unavailable_due_to_assay_chemistry_confounding,blocked_cross_chemistry,PSC and Control have no exact shared assay; cross-chemistry fallback is prohibited
sc,02792605-4760-4023-82ad-40fc4458a5db,sc,cell,Mac--Fibro-Doublet,__NO_SHARED_ASSAY__,BCL2L11,50,PSC_minus_Control,10x 5' v2,10x 5' v1,False,3,,,,,,,,0,0,,,0,unavailable_due_to_assay_chemistry_confounding,blocked_cross_chemistry,PSC and Control have no exact shared assay; cross-chemistry fallback is prohibited
sc,02792605-4760-4023-82ad-40fc4458a5db,sc,cell,Mac--Fibro-Doublet,__NO_SHARED_ASSAY__,ETS2,50,PSC_minus_Control,10x 5' v2,10x 5' v1,False,3,,,,,,,,0,0,,,0,unavailable_due_to_assay_chemistry_confounding,blocked_cross_chemistry,PSC and Control have no exact shared assay; cross-chemistry fallback is prohibited
sc,02792605-4760-4023-82ad-40fc4458a5db,sc,cell,Mac--Fibro-Doublet,__NO_SHARED_ASSAY__,PFKFB3,50,PSC_minus_Control,10x 5' v2,10x 5' v1,False,3,,,,,,,,0,0,,,0,unavailable_due_to_assay_chemistry_confounding,blocked_cross_chemistry,PSC and Control have no exact shared assay; cross-chemistry fallback is prohibited
sc,02792605-4760-4023-82ad-40fc4458a5db,sc,cell,Mac--Fibro-Doublet,__NO_SHARED_ASSAY__,PRKD2,50,PSC_minus_Control,10x 5' v2,10x 5' v1,False,3,,,,,,,,0,0,,,0,unavailable_due_to_assay_chemistry_confounding,blocked_cross_chemistry,PSC and Control have no exact shared assay; cross-chemistry fallback is prohibited
sc,02792605-4760-4023-82ad-40fc4458a5db,sc,cell,Mac--Fibro-Doublet,__NO_SHARED_ASSAY__,UBASH3A,50,PSC_minus_Control,10x 5' v2,10x 5' v1,False,3,,,,,,,,0,0,,,0,unavailable_due_to_assay_chemistry_confounding,blocked_cross_chemistry,PSC and Control have no exact shared assay; cross-chemistry fallback is prohibited
sc,02792605-4760-4023-82ad-40fc4458a5db,sc,cell,MatB,__NO_SHARED_ASSAY__,BCL2L11,20,PSC_minus_Control,10x 5' v2,10x 5' v1,False,3,,,,,,,,0,0,,,0,unavailable_due_to_assay_chemistry_confounding,blocked_cross_chemistry,PSC and Control have no exact shared assay; cross-chemistry fallback is prohibited
sc,02792605-4760-4023-82ad-40fc4458a5db,sc,cell,MatB,__NO_SHARED_ASSAY__,ETS2,20,PSC_minus_Control,10x 5' v2,10x 5' v1,False,3,,,,,,,,0,0,,,0,unavailable_due_to_assay_chemistry_confounding,blocked_cross_chemistry,PSC and Control have no exact shared assay; cross-chemistry fallback is prohibited
sc,02792605-4760-4023-82ad-40fc4458a5db,sc,cell,MatB,__NO_SHARED_ASSAY__,PFKFB3,20,PSC_minus_Control,10x 5' v2,10x 5' v1,False,3,,,,,,,,0,0,,,0,unavailable_due_to_assay_chemistry_confounding,blocked_cross_chemistry,PSC and Control have no exact shared assay; cross-chemistry fallback is prohibited
sc,02792605-4760-4023-82ad-40fc4458a5db,sc,cell,MatB,__NO_SHARED_ASSAY__,PRKD2,20,PSC_minus_Control,10x 5' v2,10x 5' v1,False,3,,,,,,,,0,0,,,0,unavailable_due_to_assay_chemistry_confounding,blocked_cross_chemistry,PSC and Control have no exact shared assay; cross-chemistry fallback is prohibited
sc,02792605-4760-4023-82ad-40fc4458a5db,sc,cell,MatB,__NO_SHARED_ASSAY__,UBASH3A,20,PSC_minus_Control,10x 5' v2,10x 5' v1,False,3,,,,,,,,0,0,,,0,unavailable_due_to_assay_chemistry_confounding,blocked_cross_chemistry,PSC and Control have no exact shared assay; cross-chemistry fallback is prohibited
sc,02792605-4760-4023-82ad-40fc4458a5db,sc,cell,MatB,__NO_SHARED_ASSAY__,BCL2L11,50,PSC_minus_Control,10x 5' v2,10x 5' v1,False,3,,,,,,,,0,0,,,0,unavailable_due_to_assay_chemistry_confounding,blocked_cross_chemistry,PSC and Control have no exact shared assay; cross-chemistry fallback is prohibited
sc,02792605-4760-4023-82ad-40fc4458a5db,sc,cell,MatB,__NO_SHARED_ASSAY__,ETS2,50,PSC_minus_Control,10x 5' v2,10x 5' v1,False,3,,,,,,,,0,0,,,0,unavailable_due_to_assay_chemistry_confounding,blocked_cross_chemistry,PSC and Control have no exact shared assay; cross-chemistry fallback is prohibited
sc,02792605-4760-4023-82ad-40fc4458a5db,sc,cell,MatB,__NO_SHARED_ASSAY__,PFKFB3,50,PSC_minus_Control,10x 5' v2,10x 5' v1,False,3,,,,,,,,0,0,,,0,unavailable_due_to_assay_chemistry_confounding,blocked_cross_chemistry,PSC and Control have no exact shared assay; cross-chemistry fallback is prohibited
sc,02792605-4760-4023-82ad-40fc4458a5db,sc,cell,MatB,__NO_SHARED_ASSAY__,PRKD2,50,PSC_minus_Control,10x 5' v2,10x 5' v1,False,3,,,,,,,,0,0,,,0,unavailable_due_to_assay_chemistry_confounding,blocked_cross_chemistry,PSC and Control have no exact shared assay; cross-chemistry fallback is prohibited
sc,02792605-4760-4023-82ad-40fc4458a5db,sc,cell,MatB,__NO_SHARED_ASSAY__,UBASH3A,50,PSC_minus_Control,10x 5' v2,10x 5' v1,False,3,,,,,,,,0,0,,,0,unavailable_due_to_assay_chemistry_confounding,blocked_cross_chemistry,PSC and Control have no exact shared assay; cross-chemistry fallback is prohibited
sc,02792605-4760-4023-82ad-40fc4458a5db,sc,cell,MatB--CD4T-Doublet,__NO_SHARED_ASSAY__,BCL2L11,20,PSC_minus_Control,10x 5' v2,,False,3,,,,,,,,0,0,,,0,unavailable,missing_cohort,PSC or Control assay stratum is absent
sc,02792605-4760-4023-82ad-40fc4458a5db,sc,cell,MatB--CD4T-Doublet,__NO_SHARED_ASSAY__,ETS2,20,PSC_minus_Control,10x 5' v2,,False,3,,,,,,,,0,0,,,0,unavailable,missing_cohort,PSC or Control assay stratum is absent
sc,02792605-4760-4023-82ad-40fc4458a5db,sc,cell,MatB--CD4T-Doublet,__NO_SHARED_ASSAY__,PFKFB3,20,PSC_minus_Control,10x 5' v2,,False,3,,,,,,,,0,0,,,0,unavailable,missing_cohort,PSC or Control assay stratum is absent
sc,02792605-4760-4023-82ad-40fc4458a5db,sc,cell,MatB--CD4T-Doublet,__NO_SHARED_ASSAY__,PRKD2,20,PSC_minus_Control,10x 5' v2,,False,3,,,,,,,,0,0,,,0,unavailable,missing_cohort,PSC or Control assay stratum is absent
sc,02792605-4760-4023-82ad-40fc4458a5db,sc,cell,MatB--CD4T-Doublet,__NO_SHARED_ASSAY__,UBASH3A,20,PSC_minus_Control,10x 5' v2,,False,3,,,,,,,,0,0,,,0,unavailable,missing_cohort,PSC or Control assay stratum is absent
sc,02792605-4760-4023-82ad-40fc4458a5db,sc,cell,MatB--CD4T-Doublet,__NO_SHARED_ASSAY__,BCL2L11,50,PSC_minus_Control,10x 5' v2,,False,3,,,,,,,,0,0,,,0,unavailable,missing_cohort,PSC or Control assay stratum is absent
sc,02792605-4760-4023-82ad-40fc4458a5db,sc,cell,MatB--CD4T-Doublet,__NO_SHARED_ASSAY__,ETS2,50,PSC_minus_Control,10x 5' v2,,False,3,,,,,,,,0,0,,,0,unavailable,missing_cohort,PSC or Control assay stratum is absent
sc,02792605-4760-4023-82ad-40fc4458a5db,sc,cell,MatB--CD4T-Doublet,__NO_SHARED_ASSAY__,PFKFB3,50,PSC_minus_Control,10x 5' v2,,False,3,,,,,,,,0,0,,,0,unavailable,missing_cohort,PSC or Control assay stratum is absent
sc,02792605-4760-4023-82ad-40fc4458a5db,sc,cell,MatB--CD4T-Doublet,__NO_SHARED_ASSAY__,PRKD2,50,PSC_minus_Control,10x 5' v2,,False,3,,,,,,,,0,0,,,0,unavailable,missing_cohort,PSC or Control assay stratum is absent
sc,02792605-4760-4023-82ad-40fc4458a5db,sc,cell,MatB--CD4T-Doublet,__NO_SHARED_ASSAY__,UBASH3A,50,PSC_minus_Control,10x 5' v2,,False,3,,,,,,,,0,0,,,0,unavailable,missing_cohort,PSC or Control assay stratum is absent
sc,02792605-4760-4023-82ad-40fc4458a5db,sc,cell,MatB--RBC,__NO_SHARED_ASSAY__,BCL2L11,20,PSC_minus_Control,10x 5' v2,,False,3,,,,,,,,0,0,,,0,unavailable,missing_cohort,PSC or Control assay stratum is absent
sc,02792605-4760-4023-82ad-40fc4458a5db,sc,cell,MatB--RBC,__NO_SHARED_ASSAY__,ETS2,20,PSC_minus_Control,10x 5' v2,,False,3,,,,,,,,0,0,,,0,unavailable,missing_cohort,PSC or Control assay stratum is absent
sc,02792605-4760-4023-82ad-40fc4458a5db,sc,cell,MatB--RBC,__NO_SHARED_ASSAY__,PFKFB3,20,PSC_minus_Control,10x 5' v2,,False,3,,,,,,,,0,0,,,0,unavailable,missing_cohort,PSC or Control assay stratum is absent
sc,02792605-4760-4023-82ad-40fc4458a5db,sc,cell,MatB--RBC,__NO_SHARED_ASSAY__,PRKD2,20,PSC_minus_Control,10x 5' v2,,False,3,,,,,,,,0,0,,,0,unavailable,missing_cohort,PSC or Control assay stratum is absent
sc,02792605-4760-4023-82ad-40fc4458a5db,sc,cell,MatB--RBC,__NO_SHARED_ASSAY__,UBASH3A,20,PSC_minus_Control,10x 5' v2,,False,3,,,,,,,,0,0,,,0,unavailable,missing_cohort,PSC or Control assay stratum is absent
sc,02792605-4760-4023-82ad-40fc4458a5db,sc,cell,MatB--RBC,__NO_SHARED_ASSAY__,BCL2L11,50,PSC_minus_Control,10x 5' v2,,False,3,,,,,,,,0,0,,,0,unavailable,missing_cohort,PSC or Control assay stratum is absent
sc,02792605-4760-4023-82ad-40fc4458a5db,sc,cell,MatB--RBC,__NO_SHARED_ASSAY__,ETS2,50,PSC_minus_Control,10x 5' v2,,False,3,,,,,,,,0,0,,,0,unavailable,missing_cohort,PSC or Control assay stratum is absent
sc,02792605-4760-4023-82ad-40fc4458a5db,sc,cell,MatB--RBC,__NO_SHARED_ASSAY__,PFKFB3,50,PSC_minus_Control,10x 5' v2,,False,3,,,,,,,,0,0,,,0,unavailable,missing_cohort,PSC or Control assay stratum is absent
sc,02792605-4760-4023-82ad-40fc4458a5db,sc,cell,MatB--RBC,__NO_SHARED_ASSAY__,PRKD2,50,PSC_minus_Control,10x 5' v2,,False,3,,,,,,,,0,0,,,0,unavailable,missing_cohort,PSC or Control assay stratum is absent
sc,02792605-4760-4023-82ad-40fc4458a5db,sc,cell,MatB--RBC,__NO_SHARED_ASSAY__,UBASH3A,50,PSC_minus_Control,10x 5' v2,,False,3,,,,,,,,0,0,,,0,unavailable,missing_cohort,PSC or Control assay stratum is absent
sc,02792605-4760-4023-82ad-40fc4458a5db,sc,cell,Monocyte,__NO_SHARED_ASSAY__,BCL2L11,20,PSC_minus_Control,10x 5' v2,10x 5' v1,False,3,,,,,,,,0,0,,,0,unavailable_due_to_assay_chemistry_confounding,blocked_cross_chemistry,PSC and Control have no exact shared assay; cross-chemistry fallback is prohibited
sc,02792605-4760-4023-82ad-40fc4458a5db,sc,cell,Monocyte,__NO_SHARED_ASSAY__,ETS2,20,PSC_minus_Control,10x 5' v2,10x 5' v1,False,3,,,,,,,,0,0,,,0,unavailable_due_to_assay_chemistry_confounding,blocked_cross_chemistry,PSC and Control have no exact shared assay; cross-chemistry fallback is prohibited
sc,02792605-4760-4023-82ad-40fc4458a5db,sc,cell,Monocyte,__NO_SHARED_ASSAY__,PFKFB3,20,PSC_minus_Control,10x 5' v2,10x 5' v1,False,3,,,,,,,,0,0,,,0,unavailable_due_to_assay_chemistry_confounding,blocked_cross_chemistry,PSC and Control have no exact shared assay; cross-chemistry fallback is prohibited
sc,02792605-4760-4023-82ad-40fc4458a5db,sc,cell,Monocyte,__NO_SHARED_ASSAY__,PRKD2,20,PSC_minus_Control,10x 5' v2,10x 5' v1,False,3,,,,,,,,0,0,,,0,unavailable_due_to_assay_chemistry_confounding,blocked_cross_chemistry,PSC and Control have no exact shared assay; cross-chemistry fallback is prohibited
sc,02792605-4760-4023-82ad-40fc4458a5db,sc,cell,Monocyte,__NO_SHARED_ASSAY__,UBASH3A,20,PSC_minus_Control,10x 5' v2,10x 5' v1,False,3,,,,,,,,0,0,,,0,unavailable_due_to_assay_chemistry_confounding,blocked_cross_chemistry,PSC and Control have no exact shared assay; cross-chemistry fallback is prohibited
sc,02792605-4760-4023-82ad-40fc4458a5db,sc,cell,Monocyte,__NO_SHARED_ASSAY__,BCL2L11,50,PSC_minus_Control,10x 5' v2,10x 5' v1,False,3,,,,,,,,0,0,,,0,unavailable_due_to_assay_chemistry_confounding,blocked_cross_chemistry,PSC and Control have no exact shared assay; cross-chemistry fallback is prohibited
sc,02792605-4760-4023-82ad-40fc4458a5db,sc,cell,Monocyte,__NO_SHARED_ASSAY__,ETS2,50,PSC_minus_Control,10x 5' v2,10x 5' v1,False,3,,,,,,,,0,0,,,0,unavailable_due_to_assay_chemistry_confounding,blocked_cross_chemistry,PSC and Control have no exact shared assay; cross-chemistry fallback is prohibited
sc,02792605-4760-4023-82ad-40fc4458a5db,sc,cell,Monocyte,__NO_SHARED_ASSAY__,PFKFB3,50,PSC_minus_Control,10x 5' v2,10x 5' v1,False,3,,,,,,,,0,0,,,0,unavailable_due_to_assay_chemistry_confounding,blocked_cross_chemistry,PSC and Control have no exact shared assay; cross-chemistry fallback is prohibited
sc,02792605-4760-4023-82ad-40fc4458a5db,sc,cell,Monocyte,__NO_SHARED_ASSAY__,PRKD2,50,PSC_minus_Control,10x 5' v2,10x 5' v1,False,3,,,,,,,,0,0,,,0,unavailable_due_to_assay_chemistry_confounding,blocked_cross_chemistry,PSC and Control have no exact shared assay; cross-chemistry fallback is prohibited
sc,02792605-4760-4023-82ad-40fc4458a5db,sc,cell,Monocyte,__NO_SHARED_ASSAY__,UBASH3A,50,PSC_minus_Control,10x 5' v2,10x 5' v1,False,3,,,,,,,,0,0,,,0,unavailable_due_to_assay_chemistry_confounding,blocked_cross_chemistry,PSC and Control have no exact shared assay; cross-chemistry fallback is prohibited
sc,02792605-4760-4023-82ad-40fc4458a5db,sc,cell,NKT,__NO_SHARED_ASSAY__,BCL2L11,20,PSC_minus_Control,10x 5' v2,,False,3,,,,,,,,0,0,,,0,unavailable,missing_cohort,PSC or Control assay stratum is absent
sc,02792605-4760-4023-82ad-40fc4458a5db,sc,cell,NKT,__NO_SHARED_ASSAY__,ETS2,20,PSC_minus_Control,10x 5' v2,,False,3,,,,,,,,0,0,,,0,unavailable,missing_cohort,PSC or Control assay stratum is absent
sc,02792605-4760-4023-82ad-40fc4458a5db,sc,cell,NKT,__NO_SHARED_ASSAY__,PFKFB3,20,PSC_minus_Control,10x 5' v2,,False,3,,,,,,,,0,0,,,0,unavailable,missing_cohort,PSC or Control assay stratum is absent
sc,02792605-4760-4023-82ad-40fc4458a5db,sc,cell,NKT,__NO_SHARED_ASSAY__,PRKD2,20,PSC_minus_Control,10x 5' v2,,False,3,,,,,,,,0,0,,,0,unavailable,missing_cohort,PSC or Control assay stratum is absent
sc,02792605-4760-4023-82ad-40fc4458a5db,sc,cell,NKT,__NO_SHARED_ASSAY__,UBASH3A,20,PSC_minus_Control,10x 5' v2,,False,3,,,,,,,,0,0,,,0,unavailable,missing_cohort,PSC or Control assay stratum is absent
sc,02792605-4760-4023-82ad-40fc4458a5db,sc,cell,NKT,__NO_SHARED_ASSAY__,BCL2L11,50,PSC_minus_Control,10x 5' v2,,False,3,,,,,,,,0,0,,,0,unavailable,missing_cohort,PSC or Control assay stratum is absent
sc,02792605-4760-4023-82ad-40fc4458a5db,sc,cell,NKT,__NO_SHARED_ASSAY__,ETS2,50,PSC_minus_Control,10x 5' v2,,False,3,,,,,,,,0,0,,,0,unavailable,missing_cohort,PSC or Control assay stratum is absent
sc,02792605-4760-4023-82ad-40fc4458a5db,sc,cell,NKT,__NO_SHARED_ASSAY__,PFKFB3,50,PSC_minus_Control,10x 5' v2,,False,3,,,,,,,,0,0,,,0,unavailable,missing_cohort,PSC or Control assay stratum is absent
sc,02792605-4760-4023-82ad-40fc4458a5db,sc,cell,NKT,__NO_SHARED_ASSAY__,PRKD2,50,PSC_minus_Control,10x 5' v2,,False,3,,,,,,,,0,0,,,0,unavailable,missing_cohort,PSC or Control assay stratum is absent
sc,02792605-4760-4023-82ad-40fc4458a5db,sc,cell,NKT,__NO_SHARED_ASSAY__,UBASH3A,50,PSC_minus_Control,10x 5' v2,,False,3,,,,,,,,0,0,,,0,unavailable,missing_cohort,PSC or Control assay stratum is absent
sc,02792605-4760-4023-82ad-40fc4458a5db,sc,cell,NKT--Mac-Doublet,__NO_SHARED_ASSAY__,BCL2L11,20,PSC_minus_Control,10x 5' v2,10x 5' v1,False,3,,,,,,,,0,0,,,0,unavailable_due_to_assay_chemistry_confounding,blocked_cross_chemistry,PSC and Control have no exact shared assay; cross-chemistry fallback is prohibited
sc,02792605-4760-4023-82ad-40fc4458a5db,sc,cell,NKT--Mac-Doublet,__NO_SHARED_ASSAY__,ETS2,20,PSC_minus_Control,10x 5' v2,10x 5' v1,False,3,,,,,,,,0,0,,,0,unavailable_due_to_assay_chemistry_confounding,blocked_cross_chemistry,PSC and Control have no exact shared assay; cross-chemistry fallback is prohibited
sc,02792605-4760-4023-82ad-40fc4458a5db,sc,cell,NKT--Mac-Doublet,__NO_SHARED_ASSAY__,PFKFB3,20,PSC_minus_Control,10x 5' v2,10x 5' v1,False,3,,,,,,,,0,0,,,0,unavailable_due_to_assay_chemistry_confounding,blocked_cross_chemistry,PSC and Control have no exact shared assay; cross-chemistry fallback is prohibited
sc,02792605-4760-4023-82ad-40fc4458a5db,sc,cell,NKT--Mac-Doublet,__NO_SHARED_ASSAY__,PRKD2,20,PSC_minus_Control,10x 5' v2,10x 5' v1,False,3,,,,,,,,0,0,,,0,unavailable_due_to_assay_chemistry_confounding,blocked_cross_chemistry,PSC and Control have no exact shared assay; cross-chemistry fallback is prohibited
sc,02792605-4760-4023-82ad-40fc4458a5db,sc,cell,NKT--Mac-Doublet,__NO_SHARED_ASSAY__,UBASH3A,20,PSC_minus_Control,10x 5' v2,10x 5' v1,False,3,,,,,,,,0,0,,,0,unavailable_due_to_assay_chemistry_confounding,blocked_cross_chemistry,PSC and Control have no exact shared assay; cross-chemistry fallback is prohibited
sc,02792605-4760-4023-82ad-40fc4458a5db,sc,cell,NKT--Mac-Doublet,__NO_SHARED_ASSAY__,BCL2L11,50,PSC_minus_Control,10x 5' v2,10x 5' v1,False,3,,,,,,,,0,0,,,0,unavailable_due_to_assay_chemistry_confounding,blocked_cross_chemistry,PSC and Control have no exact shared assay; cross-chemistry fallback is prohibited
sc,02792605-4760-4023-82ad-40fc4458a5db,sc,cell,NKT--Mac-Doublet,__NO_SHARED_ASSAY__,ETS2,50,PSC_minus_Control,10x 5' v2,10x 5' v1,False,3,,,,,,,,0,0,,,0,unavailable_due_to_assay_chemistry_confounding,blocked_cross_chemistry,PSC and Control have no exact shared assay; cross-chemistry fallback is prohibited
sc,02792605-4760-4023-82ad-40fc4458a5db,sc,cell,NKT--Mac-Doublet,__NO_SHARED_ASSAY__,PFKFB3,50,PSC_minus_Control,10x 5' v2,10x 5' v1,False,3,,,,,,,,0,0,,,0,unavailable_due_to_assay_chemistry_confounding,blocked_cross_chemistry,PSC and Control have no exact shared assay; cross-chemistry fallback is prohibited
sc,02792605-4760-4023-82ad-40fc4458a5db,sc,cell,NKT--Mac-Doublet,__NO_SHARED_ASSAY__,PRKD2,50,PSC_minus_Control,10x 5' v2,10x 5' v1,False,3,,,,,,,,0,0,,,0,unavailable_due_to_assay_chemistry_confounding,blocked_cross_chemistry,PSC and Control have no exact shared assay; cross-chemistry fallback is prohibited
sc,02792605-4760-4023-82ad-40fc4458a5db,sc,cell,NKT--Mac-Doublet,__NO_SHARED_ASSAY__,UBASH3A,50,PSC_minus_Control,10x 5' v2,10x 5' v1,False,3,,,,,,,,0,0,,,0,unavailable_due_to_assay_chemistry_confounding,blocked_cross_chemistry,PSC and Control have no exact shared assay; cross-chemistry fallback is prohibited
sc,02792605-4760-4023-82ad-40fc4458a5db,sc,cell,Neutrophil,__NO_SHARED_ASSAY__,BCL2L11,20,PSC_minus_Control,10x 5' v2,10x 5' v1,False,3,,,,,,,,0,0,,,0,unavailable_due_to_assay_chemistry_confounding,blocked_cross_chemistry,PSC and Control have no exact shared assay; cross-chemistry fallback is prohibited
sc,02792605-4760-4023-82ad-40fc4458a5db,sc,cell,Neutrophil,__NO_SHARED_ASSAY__,ETS2,20,PSC_minus_Control,10x 5' v2,10x 5' v1,False,3,,,,,,,,0,0,,,0,unavailable_due_to_assay_chemistry_confounding,blocked_cross_chemistry,PSC and Control have no exact shared assay; cross-chemistry fallback is prohibited
sc,02792605-4760-4023-82ad-40fc4458a5db,sc,cell,Neutrophil,__NO_SHARED_ASSAY__,PFKFB3,20,PSC_minus_Control,10x 5' v2,10x 5' v1,False,3,,,,,,,,0,0,,,0,unavailable_due_to_assay_chemistry_confounding,blocked_cross_chemistry,PSC and Control have no exact shared assay; cross-chemistry fallback is prohibited
sc,02792605-4760-4023-82ad-40fc4458a5db,sc,cell,Neutrophil,__NO_SHARED_ASSAY__,PRKD2,20,PSC_minus_Control,10x 5' v2,10x 5' v1,False,3,,,,,,,,0,0,,,0,unavailable_due_to_assay_chemistry_confounding,blocked_cross_chemistry,PSC and Control have no exact shared assay; cross-chemistry fallback is prohibited
sc,02792605-4760-4023-82ad-40fc4458a5db,sc,cell,Neutrophil,__NO_SHARED_ASSAY__,UBASH3A,20,PSC_minus_Control,10x 5' v2,10x 5' v1,False,3,,,,,,,,0,0,,,0,unavailable_due_to_assay_chemistry_confounding,blocked_cross_chemistry,PSC and Control have no exact shared assay; cross-chemistry fallback is prohibited
sc,02792605-4760-4023-82ad-40fc4458a5db,sc,cell,Neutrophil,__NO_SHARED_ASSAY__,BCL2L11,50,PSC_minus_Control,10x 5' v2,10x 5' v1,False,3,,,,,,,,0,0,,,0,unavailable_due_to_assay_chemistry_confounding,blocked_cross_chemistry,PSC and Control have no exact shared assay; cross-chemistry fallback is prohibited
sc,02792605-4760-4023-82ad-40fc4458a5db,sc,cell,Neutrophil,__NO_SHARED_ASSAY__,ETS2,50,PSC_minus_Control,10x 5' v2,10x 5' v1,False,3,,,,,,,,0,0,,,0,unavailable_due_to_assay_chemistry_confounding,blocked_cross_chemistry,PSC and Control have no exact shared assay; cross-chemistry fallback is prohibited
sc,02792605-4760-4023-82ad-40fc4458a5db,sc,cell,Neutrophil,__NO_SHARED_ASSAY__,PFKFB3,50,PSC_minus_Control,10x 5' v2,10x 5' v1,False,3,,,,,,,,0,0,,,0,unavailable_due_to_assay_chemistry_confounding,blocked_cross_chemistry,PSC and Control have no exact shared assay; cross-chemistry fallback is prohibited
sc,02792605-4760-4023-82ad-40fc4458a5db,sc,cell,Neutrophil,__NO_SHARED_ASSAY__,PRKD2,50,PSC_minus_Control,10x 5' v2,10x 5' v1,False,3,,,,,,,,0,0,,,0,unavailable_due_to_assay_chemistry_confounding,blocked_cross_chemistry,PSC and Control have no exact shared assay; cross-chemistry fallback is prohibited
sc,02792605-4760-4023-82ad-40fc4458a5db,sc,cell,Neutrophil,__NO_SHARED_ASSAY__,UBASH3A,50,PSC_minus_Control,10x 5' v2,10x 5' v1,False,3,,,,,,,,0,0,,,0,unavailable_due_to_assay_chemistry_confounding,blocked_cross_chemistry,PSC and Control have no exact shared assay; cross-chemistry fallback is prohibited
sc,02792605-4760-4023-82ad-40fc4458a5db,sc,cell,P-Hepato,__NO_SHARED_ASSAY__,BCL2L11,20,PSC_minus_Control,10x 5' v2,10x 5' v1,False,3,,,,,,,,0,0,,,0,unavailable_due_to_assay_chemistry_confounding,blocked_cross_chemistry,PSC and Control have no exact shared assay; cross-chemistry fallback is prohibited
sc,02792605-4760-4023-82ad-40fc4458a5db,sc,cell,P-Hepato,__NO_SHARED_ASSAY__,ETS2,20,PSC_minus_Control,10x 5' v2,10x 5' v1,False,3,,,,,,,,0,0,,,0,unavailable_due_to_assay_chemistry_confounding,blocked_cross_chemistry,PSC and Control have no exact shared assay; cross-chemistry fallback is prohibited
sc,02792605-4760-4023-82ad-40fc4458a5db,sc,cell,P-Hepato,__NO_SHARED_ASSAY__,PFKFB3,20,PSC_minus_Control,10x 5' v2,10x 5' v1,False,3,,,,,,,,0,0,,,0,unavailable_due_to_assay_chemistry_confounding,blocked_cross_chemistry,PSC and Control have no exact shared assay; cross-chemistry fallback is prohibited
sc,02792605-4760-4023-82ad-40fc4458a5db,sc,cell,P-Hepato,__NO_SHARED_ASSAY__,PRKD2,20,PSC_minus_Control,10x 5' v2,10x 5' v1,False,3,,,,,,,,0,0,,,0,unavailable_due_to_assay_chemistry_confounding,blocked_cross_chemistry,PSC and Control have no exact shared assay; cross-chemistry fallback is prohibited
sc,02792605-4760-4023-82ad-40fc4458a5db,sc,cell,P-Hepato,__NO_SHARED_ASSAY__,UBASH3A,20,PSC_minus_Control,10x 5' v2,10x 5' v1,False,3,,,,,,,,0,0,,,0,unavailable_due_to_assay_chemistry_confounding,blocked_cross_chemistry,PSC and Control have no exact shared assay; cross-chemistry fallback is prohibited
sc,02792605-4760-4023-82ad-40fc4458a5db,sc,cell,P-Hepato,__NO_SHARED_ASSAY__,BCL2L11,50,PSC_minus_Control,10x 5' v2,10x 5' v1,False,3,,,,,,,,0,0,,,0,unavailable_due_to_assay_chemistry_confounding,blocked_cross_chemistry,PSC and Control have no exact shared assay; cross-chemistry fallback is prohibited
sc,02792605-4760-4023-82ad-40fc4458a5db,sc,cell,P-Hepato,__NO_SHARED_ASSAY__,ETS2,50,PSC_minus_Control,10x 5' v2,10x 5' v1,False,3,,,,,,,,0,0,,,0,unavailable_due_to_assay_chemistry_confounding,blocked_cross_chemistry,PSC and Control have no exact shared assay; cross-chemistry fallback is prohibited
sc,02792605-4760-4023-82ad-40fc4458a5db,sc,cell,P-Hepato,__NO_SHARED_ASSAY__,PFKFB3,50,PSC_minus_Control,10x 5' v2,10x 5' v1,False,3,,,,,,,,0,0,,,0,unavailable_due_to_assay_chemistry_confounding,blocked_cross_chemistry,PSC and Control have no exact shared assay; cross-chemistry fallback is prohibited
sc,02792605-4760-4023-82ad-40fc4458a5db,sc,cell,P-Hepato,__NO_SHARED_ASSAY__,PRKD2,50,PSC_minus_Control,10x 5' v2,10x 5' v1,False,3,,,,,,,,0,0,,,0,unavailable_due_to_assay_chemistry_confounding,blocked_cross_chemistry,PSC and Control have no exact shared assay; cross-chemistry fallback is prohibited
sc,02792605-4760-4023-82ad-40fc4458a5db,sc,cell,P-Hepato,__NO_SHARED_ASSAY__,UBASH3A,50,PSC_minus_Control,10x 5' v2,10x 5' v1,False,3,,,,,,,,0,0,,,0,unavailable_due_to_assay_chemistry_confounding,blocked_cross_chemistry,PSC and Control have no exact shared assay; cross-chemistry fallback is prohibited
sc,02792605-4760-4023-82ad-40fc4458a5db,sc,cell,P-Hepato2,__NO_SHARED_ASSAY__,BCL2L11,20,PSC_minus_Control,10x 5' v2,10x 5' v1,False,3,,,,,,,,0,0,,,0,unavailable_due_to_assay_chemistry_confounding,blocked_cross_chemistry,PSC and Control have no exact shared assay; cross-chemistry fallback is prohibited
sc,02792605-4760-4023-82ad-40fc4458a5db,sc,cell,P-Hepato2,__NO_SHARED_ASSAY__,ETS2,20,PSC_minus_Control,10x 5' v2,10x 5' v1,False,3,,,,,,,,0,0,,,0,unavailable_due_to_assay_chemistry_confounding,blocked_cross_chemistry,PSC and Control have no exact shared assay; cross-chemistry fallback is prohibited
sc,02792605-4760-4023-82ad-40fc4458a5db,sc,cell,P-Hepato2,__NO_SHARED_ASSAY__,PFKFB3,20,PSC_minus_Control,10x 5' v2,10x 5' v1,False,3,,,,,,,,0,0,,,0,unavailable_due_to_assay_chemistry_confounding,blocked_cross_chemistry,PSC and Control have no exact shared assay; cross-chemistry fallback is prohibited
sc,02792605-4760-4023-82ad-40fc4458a5db,sc,cell,P-Hepato2,__NO_SHARED_ASSAY__,PRKD2,20,PSC_minus_Control,10x 5' v2,10x 5' v1,False,3,,,,,,,,0,0,,,0,unavailable_due_to_assay_chemistry_confounding,blocked_cross_chemistry,PSC and Control have no exact shared assay; cross-chemistry fallback is prohibited
sc,02792605-4760-4023-82ad-40fc4458a5db,sc,cell,P-Hepato2,__NO_SHARED_ASSAY__,UBASH3A,20,PSC_minus_Control,10x 5' v2,10x 5' v1,False,3,,,,,,,,0,0,,,0,unavailable_due_to_assay_chemistry_confounding,blocked_cross_chemistry,PSC and Control have no exact shared assay; cross-chemistry fallback is prohibited
sc,02792605-4760-4023-82ad-40fc4458a5db,sc,cell,P-Hepato2,__NO_SHARED_ASSAY__,BCL2L11,50,PSC_minus_Control,10x 5' v2,10x 5' v1,False,3,,,,,,,,0,0,,,0,unavailable_due_to_assay_chemistry_confounding,blocked_cross_chemistry,PSC and Control have no exact shared assay; cross-chemistry fallback is prohibited
sc,02792605-4760-4023-82ad-40fc4458a5db,sc,cell,P-Hepato2,__NO_SHARED_ASSAY__,ETS2,50,PSC_minus_Control,10x 5' v2,10x 5' v1,False,3,,,,,,,,0,0,,,0,unavailable_due_to_assay_chemistry_confounding,blocked_cross_chemistry,PSC and Control have no exact shared assay; cross-chemistry fallback is prohibited
sc,02792605-4760-4023-82ad-40fc4458a5db,sc,cell,P-Hepato2,__NO_SHARED_ASSAY__,PFKFB3,50,PSC_minus_Control,10x 5' v2,10x 5' v1,False,3,,,,,,,,0,0,,,0,unavailable_due_to_assay_chemistry_confounding,blocked_cross_chemistry,PSC and Control have no exact shared assay; cross-chemistry fallback is prohibited
sc,02792605-4760-4023-82ad-40fc4458a5db,sc,cell,P-Hepato2,__NO_SHARED_ASSAY__,PRKD2,50,PSC_minus_Control,10x 5' v2,10x 5' v1,False,3,,,,,,,,0,0,,,0,unavailable_due_to_assay_chemistry_confounding,blocked_cross_chemistry,PSC and Control have no exact shared assay; cross-chemistry fallback is prohibited
sc,02792605-4760-4023-82ad-40fc4458a5db,sc,cell,P-Hepato2,__NO_SHARED_ASSAY__,UBASH3A,50,PSC_minus_Control,10x 5' v2,10x 5' v1,False,3,,,,,,,,0,0,,,0,unavailable_due_to_assay_chemistry_confounding,blocked_cross_chemistry,PSC and Control have no exact shared assay; cross-chemistry fallback is prohibited
sc,02792605-4760-4023-82ad-40fc4458a5db,sc,cell,Prolif,__NO_SHARED_ASSAY__,BCL2L11,20,PSC_minus_Control,10x 5' v2,10x 5' v1,False,3,,,,,,,,0,0,,,0,unavailable_due_to_assay_chemistry_confounding,blocked_cross_chemistry,PSC and Control have no exact shared assay; cross-chemistry fallback is prohibited
sc,02792605-4760-4023-82ad-40fc4458a5db,sc,cell,Prolif,__NO_SHARED_ASSAY__,ETS2,20,PSC_minus_Control,10x 5' v2,10x 5' v1,False,3,,,,,,,,0,0,,,0,unavailable_due_to_assay_chemistry_confounding,blocked_cross_chemistry,PSC and Control have no exact shared assay; cross-chemistry fallback is prohibited
sc,02792605-4760-4023-82ad-40fc4458a5db,sc,cell,Prolif,__NO_SHARED_ASSAY__,PFKFB3,20,PSC_minus_Control,10x 5' v2,10x 5' v1,False,3,,,,,,,,0,0,,,0,unavailable_due_to_assay_chemistry_confounding,blocked_cross_chemistry,PSC and Control have no exact shared assay; cross-chemistry fallback is prohibited
sc,02792605-4760-4023-82ad-40fc4458a5db,sc,cell,Prolif,__NO_SHARED_ASSAY__,PRKD2,20,PSC_minus_Control,10x 5' v2,10x 5' v1,False,3,,,,,,,,0,0,,,0,unavailable_due_to_assay_chemistry_confounding,blocked_cross_chemistry,PSC and Control have no exact shared assay; cross-chemistry fallback is prohibited
sc,02792605-4760-4023-82ad-40fc4458a5db,sc,cell,Prolif,__NO_SHARED_ASSAY__,UBASH3A,20,PSC_minus_Control,10x 5' v2,10x 5' v1,False,3,,,,,,,,0,0,,,0,unavailable_due_to_assay_chemistry_confounding,blocked_cross_chemistry,PSC and Control have no exact shared assay; cross-chemistry fallback is prohibited
sc,02792605-4760-4023-82ad-40fc4458a5db,sc,cell,Prolif,__NO_SHARED_ASSAY__,BCL2L11,50,PSC_minus_Control,10x 5' v2,10x 5' v1,False,3,,,,,,,,0,0,,,0,unavailable_due_to_assay_chemistry_confounding,blocked_cross_chemistry,PSC and Control have no exact shared assay; cross-chemistry fallback is prohibited
sc,02792605-4760-4023-82ad-40fc4458a5db,sc,cell,Prolif,__NO_SHARED_ASSAY__,ETS2,50,PSC_minus_Control,10x 5' v2,10x 5' v1,False,3,,,,,,,,0,0,,,0,unavailable_due_to_assay_chemistry_confounding,blocked_cross_chemistry,PSC and Control have no exact shared assay; cross-chemistry fallback is prohibited
sc,02792605-4760-4023-82ad-40fc4458a5db,sc,cell,Prolif,__NO_SHARED_ASSAY__,PFKFB3,50,PSC_minus_Control,10x 5' v2,10x 5' v1,False,3,,,,,,,,0,0,,,0,unavailable_due_to_assay_chemistry_confounding,blocked_cross_chemistry,PSC and Control have no exact shared assay; cross-chemistry fallback is prohibited
sc,02792605-4760-4023-82ad-40fc4458a5db,sc,cell,Prolif,__NO_SHARED_ASSAY__,PRKD2,50,PSC_minus_Control,10x 5' v2,10x 5' v1,False,3,,,,,,,,0,0,,,0,unavailable_due_to_assay_chemistry_confounding,blocked_cross_chemistry,PSC and Control have no exact shared assay; cross-chemistry fallback is prohibited
sc,02792605-4760-4023-82ad-40fc4458a5db,sc,cell,Prolif,__NO_SHARED_ASSAY__,UBASH3A,50,PSC_minus_Control,10x 5' v2,10x 5' v1,False,3,,,,,,,,0,0,,,0,unavailable_due_to_assay_chemistry_confounding,blocked_cross_chemistry,PSC and Control have no exact shared assay; cross-chemistry fallback is prohibited
sc,02792605-4760-4023-82ad-40fc4458a5db,sc,cell,RBC,__NO_SHARED_ASSAY__,BCL2L11,20,PSC_minus_Control,10x 5' v2,10x 5' v1,False,3,,,,,,,,0,0,,,0,unavailable_due_to_assay_chemistry_confounding,blocked_cross_chemistry,PSC and Control have no exact shared assay; cross-chemistry fallback is prohibited
sc,02792605-4760-4023-82ad-40fc4458a5db,sc,cell,RBC,__NO_SHARED_ASSAY__,ETS2,20,PSC_minus_Control,10x 5' v2,10x 5' v1,False,3,,,,,,,,0,0,,,0,unavailable_due_to_assay_chemistry_confounding,blocked_cross_chemistry,PSC and Control have no exact shared assay; cross-chemistry fallback is prohibited
sc,02792605-4760-4023-82ad-40fc4458a5db,sc,cell,RBC,__NO_SHARED_ASSAY__,PFKFB3,20,PSC_minus_Control,10x 5' v2,10x 5' v1,False,3,,,,,,,,0,0,,,0,unavailable_due_to_assay_chemistry_confounding,blocked_cross_chemistry,PSC and Control have no exact shared assay; cross-chemistry fallback is prohibited
sc,02792605-4760-4023-82ad-40fc4458a5db,sc,cell,RBC,__NO_SHARED_ASSAY__,PRKD2,20,PSC_minus_Control,10x 5' v2,10x 5' v1,False,3,,,,,,,,0,0,,,0,unavailable_due_to_assay_chemistry_confounding,blocked_cross_chemistry,PSC and Control have no exact shared assay; cross-chemistry fallback is prohibited
sc,02792605-4760-4023-82ad-40fc4458a5db,sc,cell,RBC,__NO_SHARED_ASSAY__,UBASH3A,20,PSC_minus_Control,10x 5' v2,10x 5' v1,False,3,,,,,,,,0,0,,,0,unavailable_due_to_assay_chemistry_confounding,blocked_cross_chemistry,PSC and Control have no exact shared assay; cross-chemistry fallback is prohibited
sc,02792605-4760-4023-82ad-40fc4458a5db,sc,cell,RBC,__NO_SHARED_ASSAY__,BCL2L11,50,PSC_minus_Control,10x 5' v2,10x 5' v1,False,3,,,,,,,,0,0,,,0,unavailable_due_to_assay_chemistry_confounding,blocked_cross_chemistry,PSC and Control have no exact shared assay; cross-chemistry fallback is prohibited
sc,02792605-4760-4023-82ad-40fc4458a5db,sc,cell,RBC,__NO_SHARED_ASSAY__,ETS2,50,PSC_minus_Control,10x 5' v2,10x 5' v1,False,3,,,,,,,,0,0,,,0,unavailable_due_to_assay_chemistry_confounding,blocked_cross_chemistry,PSC and Control have no exact shared assay; cross-chemistry fallback is prohibited
sc,02792605-4760-4023-82ad-40fc4458a5db,sc,cell,RBC,__NO_SHARED_ASSAY__,PFKFB3,50,PSC_minus_Control,10x 5' v2,10x 5' v1,False,3,,,,,,,,0,0,,,0,unavailable_due_to_assay_chemistry_confounding,blocked_cross_chemistry,PSC and Control have no exact shared assay; cross-chemistry fallback is prohibited
sc,02792605-4760-4023-82ad-40fc4458a5db,sc,cell,RBC,__NO_SHARED_ASSAY__,PRKD2,50,PSC_minus_Control,10x 5' v2,10x 5' v1,False,3,,,,,,,,0,0,,,0,unavailable_due_to_assay_chemistry_confounding,blocked_cross_chemistry,PSC and Control have no exact shared assay; cross-chemistry fallback is prohibited
sc,02792605-4760-4023-82ad-40fc4458a5db,sc,cell,RBC,__NO_SHARED_ASSAY__,UBASH3A,50,PSC_minus_Control,10x 5' v2,10x 5' v1,False,3,,,,,,,,0,0,,,0,unavailable_due_to_assay_chemistry_confounding,blocked_cross_chemistry,PSC and Control have no exact shared assay; cross-chemistry fallback is prohibited
sc,02792605-4760-4023-82ad-40fc4458a5db,sc,cell,Stellate,__NO_SHARED_ASSAY__,BCL2L11,20,PSC_minus_Control,10x 5' v2,10x 5' v1,False,3,,,,,,,,0,0,,,0,unavailable_due_to_assay_chemistry_confounding,blocked_cross_chemistry,PSC and Control have no exact shared assay; cross-chemistry fallback is prohibited
sc,02792605-4760-4023-82ad-40fc4458a5db,sc,cell,Stellate,__NO_SHARED_ASSAY__,ETS2,20,PSC_minus_Control,10x 5' v2,10x 5' v1,False,3,,,,,,,,0,0,,,0,unavailable_due_to_assay_chemistry_confounding,blocked_cross_chemistry,PSC and Control have no exact shared assay; cross-chemistry fallback is prohibited
sc,02792605-4760-4023-82ad-40fc4458a5db,sc,cell,Stellate,__NO_SHARED_ASSAY__,PFKFB3,20,PSC_minus_Control,10x 5' v2,10x 5' v1,False,3,,,,,,,,0,0,,,0,unavailable_due_to_assay_chemistry_confounding,blocked_cross_chemistry,PSC and Control have no exact shared assay; cross-chemistry fallback is prohibited
sc,02792605-4760-4023-82ad-40fc4458a5db,sc,cell,Stellate,__NO_SHARED_ASSAY__,PRKD2,20,PSC_minus_Control,10x 5' v2,10x 5' v1,False,3,,,,,,,,0,0,,,0,unavailable_due_to_assay_chemistry_confounding,blocked_cross_chemistry,PSC and Control have no exact shared assay; cross-chemistry fallback is prohibited
sc,02792605-4760-4023-82ad-40fc4458a5db,sc,cell,Stellate,__NO_SHARED_ASSAY__,UBASH3A,20,PSC_minus_Control,10x 5' v2,10x 5' v1,False,3,,,,,,,,0,0,,,0,unavailable_due_to_assay_chemistry_confounding,blocked_cross_chemistry,PSC and Control have no exact shared assay; cross-chemistry fallback is prohibited
sc,02792605-4760-4023-82ad-40fc4458a5db,sc,cell,Stellate,__NO_SHARED_ASSAY__,BCL2L11,50,PSC_minus_Control,10x 5' v2,10x 5' v1,False,3,,,,,,,,0,0,,,0,unavailable_due_to_assay_chemistry_confounding,blocked_cross_chemistry,PSC and Control have no exact shared assay; cross-chemistry fallback is prohibited
sc,02792605-4760-4023-82ad-40fc4458a5db,sc,cell,Stellate,__NO_SHARED_ASSAY__,ETS2,50,PSC_minus_Control,10x 5' v2,10x 5' v1,False,3,,,,,,,,0,0,,,0,unavailable_due_to_assay_chemistry_confounding,blocked_cross_chemistry,PSC and Control have no exact shared assay; cross-chemistry fallback is prohibited
sc,02792605-4760-4023-82ad-40fc4458a5db,sc,cell,Stellate,__NO_SHARED_ASSAY__,PFKFB3,50,PSC_minus_Control,10x 5' v2,10x 5' v1,False,3,,,,,,,,0,0,,,0,unavailable_due_to_assay_chemistry_confounding,blocked_cross_chemistry,PSC and Control have no exact shared assay; cross-chemistry fallback is prohibited
sc,02792605-4760-4023-82ad-40fc4458a5db,sc,cell,Stellate,__NO_SHARED_ASSAY__,PRKD2,50,PSC_minus_Control,10x 5' v2,10x 5' v1,False,3,,,,,,,,0,0,,,0,unavailable_due_to_assay_chemistry_confounding,blocked_cross_chemistry,PSC and Control have no exact shared assay; cross-chemistry fallback is prohibited
sc,02792605-4760-4023-82ad-40fc4458a5db,sc,cell,Stellate,__NO_SHARED_ASSAY__,UBASH3A,50,PSC_minus_Control,10x 5' v2,10x 5' v1,False,3,,,,,,,,0,0,,,0,unavailable_due_to_assay_chemistry_confounding,blocked_cross_chemistry,PSC and Control have no exact shared assay; cross-chemistry fallback is prohibited
sc,02792605-4760-4023-82ad-40fc4458a5db,sc,cell,Tcell,__NO_SHARED_ASSAY__,BCL2L11,20,PSC_minus_Control,10x 5' v2,10x 5' v1,False,3,,,,,,,,0,0,,,0,unavailable_due_to_assay_chemistry_confounding,blocked_cross_chemistry,PSC and Control have no exact shared assay; cross-chemistry fallback is prohibited
sc,02792605-4760-4023-82ad-40fc4458a5db,sc,cell,Tcell,__NO_SHARED_ASSAY__,ETS2,20,PSC_minus_Control,10x 5' v2,10x 5' v1,False,3,,,,,,,,0,0,,,0,unavailable_due_to_assay_chemistry_confounding,blocked_cross_chemistry,PSC and Control have no exact shared assay; cross-chemistry fallback is prohibited
sc,02792605-4760-4023-82ad-40fc4458a5db,sc,cell,Tcell,__NO_SHARED_ASSAY__,PFKFB3,20,PSC_minus_Control,10x 5' v2,10x 5' v1,False,3,,,,,,,,0,0,,,0,unavailable_due_to_assay_chemistry_confounding,blocked_cross_chemistry,PSC and Control have no exact shared assay; cross-chemistry fallback is prohibited
sc,02792605-4760-4023-82ad-40fc4458a5db,sc,cell,Tcell,__NO_SHARED_ASSAY__,PRKD2,20,PSC_minus_Control,10x 5' v2,10x 5' v1,False,3,,,,,,,,0,0,,,0,unavailable_due_to_assay_chemistry_confounding,blocked_cross_chemistry,PSC and Control have no exact shared assay; cross-chemistry fallback is prohibited
sc,02792605-4760-4023-82ad-40fc4458a5db,sc,cell,Tcell,__NO_SHARED_ASSAY__,UBASH3A,20,PSC_minus_Control,10x 5' v2,10x 5' v1,False,3,,,,,,,,0,0,,,0,unavailable_due_to_assay_chemistry_confounding,blocked_cross_chemistry,PSC and Control have no exact shared assay; cross-chemistry fallback is prohibited
sc,02792605-4760-4023-82ad-40fc4458a5db,sc,cell,Tcell,__NO_SHARED_ASSAY__,BCL2L11,50,PSC_minus_Control,10x 5' v2,10x 5' v1,False,3,,,,,,,,0,0,,,0,unavailable_due_to_assay_chemistry_confounding,blocked_cross_chemistry,PSC and Control have no exact shared assay; cross-chemistry fallback is prohibited
sc,02792605-4760-4023-82ad-40fc4458a5db,sc,cell,Tcell,__NO_SHARED_ASSAY__,ETS2,50,PSC_minus_Control,10x 5' v2,10x 5' v1,False,3,,,,,,,,0,0,,,0,unavailable_due_to_assay_chemistry_confounding,blocked_cross_chemistry,PSC and Control have no exact shared assay; cross-chemistry fallback is prohibited
sc,02792605-4760-4023-82ad-40fc4458a5db,sc,cell,Tcell,__NO_SHARED_ASSAY__,PFKFB3,50,PSC_minus_Control,10x 5' v2,10x 5' v1,False,3,,,,,,,,0,0,,,0,unavailable_due_to_assay_chemistry_confounding,blocked_cross_chemistry,PSC and Control have no exact shared assay; cross-chemistry fallback is prohibited
sc,02792605-4760-4023-82ad-40fc4458a5db,sc,cell,Tcell,__NO_SHARED_ASSAY__,PRKD2,50,PSC_minus_Control,10x 5' v2,10x 5' v1,False,3,,,,,,,,0,0,,,0,unavailable_due_to_assay_chemistry_confounding,blocked_cross_chemistry,PSC and Control have no exact shared assay; cross-chemistry fallback is prohibited
sc,02792605-4760-4023-82ad-40fc4458a5db,sc,cell,Tcell,__NO_SHARED_ASSAY__,UBASH3A,50,PSC_minus_Control,10x 5' v2,10x 5' v1,False,3,,,,,,,,0,0,,,0,unavailable_due_to_assay_chemistry_confounding,blocked_cross_chemistry,PSC and Control have no exact shared assay; cross-chemistry fallback is prohibited
sc,02792605-4760-4023-82ad-40fc4458a5db,sc,cell,cDC,__NO_SHARED_ASSAY__,BCL2L11,20,PSC_minus_Control,10x 5' v2,10x 5' v1,False,3,,,,,,,,0,0,,,0,unavailable_due_to_assay_chemistry_confounding,blocked_cross_chemistry,PSC and Control have no exact shared assay; cross-chemistry fallback is prohibited
sc,02792605-4760-4023-82ad-40fc4458a5db,sc,cell,cDC,__NO_SHARED_ASSAY__,ETS2,20,PSC_minus_Control,10x 5' v2,10x 5' v1,False,3,,,,,,,,0,0,,,0,unavailable_due_to_assay_chemistry_confounding,blocked_cross_chemistry,PSC and Control have no exact shared assay; cross-chemistry fallback is prohibited
sc,02792605-4760-4023-82ad-40fc4458a5db,sc,cell,cDC,__NO_SHARED_ASSAY__,PFKFB3,20,PSC_minus_Control,10x 5' v2,10x 5' v1,False,3,,,,,,,,0,0,,,0,unavailable_due_to_assay_chemistry_confounding,blocked_cross_chemistry,PSC and Control have no exact shared assay; cross-chemistry fallback is prohibited
sc,02792605-4760-4023-82ad-40fc4458a5db,sc,cell,cDC,__NO_SHARED_ASSAY__,PRKD2,20,PSC_minus_Control,10x 5' v2,10x 5' v1,False,3,,,,,,,,0,0,,,0,unavailable_due_to_assay_chemistry_confounding,blocked_cross_chemistry,PSC and Control have no exact shared assay; cross-chemistry fallback is prohibited
sc,02792605-4760-4023-82ad-40fc4458a5db,sc,cell,cDC,__NO_SHARED_ASSAY__,UBASH3A,20,PSC_minus_Control,10x 5' v2,10x 5' v1,False,3,,,,,,,,0,0,,,0,unavailable_due_to_assay_chemistry_confounding,blocked_cross_chemistry,PSC and Control have no exact shared assay; cross-chemistry fallback is prohibited
sc,02792605-4760-4023-82ad-40fc4458a5db,sc,cell,cDC,__NO_SHARED_ASSAY__,BCL2L11,50,PSC_minus_Control,10x 5' v2,10x 5' v1,False,3,,,,,,,,0,0,,,0,unavailable_due_to_assay_chemistry_confounding,blocked_cross_chemistry,PSC and Control have no exact shared assay; cross-chemistry fallback is prohibited
sc,02792605-4760-4023-82ad-40fc4458a5db,sc,cell,cDC,__NO_SHARED_ASSAY__,ETS2,50,PSC_minus_Control,10x 5' v2,10x 5' v1,False,3,,,,,,,,0,0,,,0,unavailable_due_to_assay_chemistry_confounding,blocked_cross_chemistry,PSC and Control have no exact shared assay; cross-chemistry fallback is prohibited
sc,02792605-4760-4023-82ad-40fc4458a5db,sc,cell,cDC,__NO_SHARED_ASSAY__,PFKFB3,50,PSC_minus_Control,10x 5' v2,10x 5' v1,False,3,,,,,,,,0,0,,,0,unavailable_due_to_assay_chemistry_confounding,blocked_cross_chemistry,PSC and Control have no exact shared assay; cross-chemistry fallback is prohibited
sc,02792605-4760-4023-82ad-40fc4458a5db,sc,cell,cDC,__NO_SHARED_ASSAY__,PRKD2,50,PSC_minus_Control,10x 5' v2,10x 5' v1,False,3,,,,,,,,0,0,,,0,unavailable_due_to_assay_chemistry_confounding,blocked_cross_chemistry,PSC and Control have no exact shared assay; cross-chemistry fallback is prohibited
sc,02792605-4760-4023-82ad-40fc4458a5db,sc,cell,cDC,__NO_SHARED_ASSAY__,UBASH3A,50,PSC_minus_Control,10x 5' v2,10x 5' v1,False,3,,,,,,,,0,0,,,0,unavailable_due_to_assay_chemistry_confounding,blocked_cross_chemistry,PSC and Control have no exact shared assay; cross-chemistry fallback is prohibited
sc,02792605-4760-4023-82ad-40fc4458a5db,sc,cell,cNK,__NO_SHARED_ASSAY__,BCL2L11,20,PSC_minus_Control,10x 5' v2,10x 5' v1,False,3,,,,,,,,0,0,,,0,unavailable_due_to_assay_chemistry_confounding,blocked_cross_chemistry,PSC and Control have no exact shared assay; cross-chemistry fallback is prohibited
sc,02792605-4760-4023-82ad-40fc4458a5db,sc,cell,cNK,__NO_SHARED_ASSAY__,ETS2,20,PSC_minus_Control,10x 5' v2,10x 5' v1,False,3,,,,,,,,0,0,,,0,unavailable_due_to_assay_chemistry_confounding,blocked_cross_chemistry,PSC and Control have no exact shared assay; cross-chemistry fallback is prohibited
sc,02792605-4760-4023-82ad-40fc4458a5db,sc,cell,cNK,__NO_SHARED_ASSAY__,PFKFB3,20,PSC_minus_Control,10x 5' v2,10x 5' v1,False,3,,,,,,,,0,0,,,0,unavailable_due_to_assay_chemistry_confounding,blocked_cross_chemistry,PSC and Control have no exact shared assay; cross-chemistry fallback is prohibited
sc,02792605-4760-4023-82ad-40fc4458a5db,sc,cell,cNK,__NO_SHARED_ASSAY__,PRKD2,20,PSC_minus_Control,10x 5' v2,10x 5' v1,False,3,,,,,,,,0,0,,,0,unavailable_due_to_assay_chemistry_confounding,blocked_cross_chemistry,PSC and Control have no exact shared assay; cross-chemistry fallback is prohibited
sc,02792605-4760-4023-82ad-40fc4458a5db,sc,cell,cNK,__NO_SHARED_ASSAY__,UBASH3A,20,PSC_minus_Control,10x 5' v2,10x 5' v1,False,3,,,,,,,,0,0,,,0,unavailable_due_to_assay_chemistry_confounding,blocked_cross_chemistry,PSC and Control have no exact shared assay; cross-chemistry fallback is prohibited
sc,02792605-4760-4023-82ad-40fc4458a5db,sc,cell,cNK,__NO_SHARED_ASSAY__,BCL2L11,50,PSC_minus_Control,10x 5' v2,10x 5' v1,False,3,,,,,,,,0,0,,,0,unavailable_due_to_assay_chemistry_confounding,blocked_cross_chemistry,PSC and Control have no exact shared assay; cross-chemistry fallback is prohibited
sc,02792605-4760-4023-82ad-40fc4458a5db,sc,cell,cNK,__NO_SHARED_ASSAY__,ETS2,50,PSC_minus_Control,10x 5' v2,10x 5' v1,False,3,,,,,,,,0,0,,,0,unavailable_due_to_assay_chemistry_confounding,blocked_cross_chemistry,PSC and Control have no exact shared assay; cross-chemistry fallback is prohibited
sc,02792605-4760-4023-82ad-40fc4458a5db,sc,cell,cNK,__NO_SHARED_ASSAY__,PFKFB3,50,PSC_minus_Control,10x 5' v2,10x 5' v1,False,3,,,,,,,,0,0,,,0,unavailable_due_to_assay_chemistry_confounding,blocked_cross_chemistry,PSC and Control have no exact shared assay; cross-chemistry fallback is prohibited
sc,02792605-4760-4023-82ad-40fc4458a5db,sc,cell,cNK,__NO_SHARED_ASSAY__,PRKD2,50,PSC_minus_Control,10x 5' v2,10x 5' v1,False,3,,,,,,,,0,0,,,0,unavailable_due_to_assay_chemistry_confounding,blocked_cross_chemistry,PSC and Control have no exact shared assay; cross-chemistry fallback is prohibited
sc,02792605-4760-4023-82ad-40fc4458a5db,sc,cell,cNK,__NO_SHARED_ASSAY__,UBASH3A,50,PSC_minus_Control,10x 5' v2,10x 5' v1,False,3,,,,,,,,0,0,,,0,unavailable_due_to_assay_chemistry_confounding,blocked_cross_chemistry,PSC and Control have no exact shared assay; cross-chemistry fallback is prohibited
sc,02792605-4760-4023-82ad-40fc4458a5db,sc,cell,cNK--RBC-Doublet,__NO_SHARED_ASSAY__,BCL2L11,20,PSC_minus_Control,10x 5' v2,,False,3,,,,,,,,0,0,,,0,unavailable,missing_cohort,PSC or Control assay stratum is absent
sc,02792605-4760-4023-82ad-40fc4458a5db,sc,cell,cNK--RBC-Doublet,__NO_SHARED_ASSAY__,ETS2,20,PSC_minus_Control,10x 5' v2,,False,3,,,,,,,,0,0,,,0,unavailable,missing_cohort,PSC or Control assay stratum is absent
sc,02792605-4760-4023-82ad-40fc4458a5db,sc,cell,cNK--RBC-Doublet,__NO_SHARED_ASSAY__,PFKFB3,20,PSC_minus_Control,10x 5' v2,,False,3,,,,,,,,0,0,,,0,unavailable,missing_cohort,PSC or Control assay stratum is absent
sc,02792605-4760-4023-82ad-40fc4458a5db,sc,cell,cNK--RBC-Doublet,__NO_SHARED_ASSAY__,PRKD2,20,PSC_minus_Control,10x 5' v2,,False,3,,,,,,,,0,0,,,0,unavailable,missing_cohort,PSC or Control assay stratum is absent
sc,02792605-4760-4023-82ad-40fc4458a5db,sc,cell,cNK--RBC-Doublet,__NO_SHARED_ASSAY__,UBASH3A,20,PSC_minus_Control,10x 5' v2,,False,3,,,,,,,,0,0,,,0,unavailable,missing_cohort,PSC or Control assay stratum is absent
sc,02792605-4760-4023-82ad-40fc4458a5db,sc,cell,cNK--RBC-Doublet,__NO_SHARED_ASSAY__,BCL2L11,50,PSC_minus_Control,10x 5' v2,,False,3,,,,,,,,0,0,,,0,unavailable,missing_cohort,PSC or Control assay stratum is absent
sc,02792605-4760-4023-82ad-40fc4458a5db,sc,cell,cNK--RBC-Doublet,__NO_SHARED_ASSAY__,ETS2,50,PSC_minus_Control,10x 5' v2,,False,3,,,,,,,,0,0,,,0,unavailable,missing_cohort,PSC or Control assay stratum is absent
sc,02792605-4760-4023-82ad-40fc4458a5db,sc,cell,cNK--RBC-Doublet,__NO_SHARED_ASSAY__,PFKFB3,50,PSC_minus_Control,10x 5' v2,,False,3,,,,,,,,0,0,,,0,unavailable,missing_cohort,PSC or Control assay stratum is absent
sc,02792605-4760-4023-82ad-40fc4458a5db,sc,cell,cNK--RBC-Doublet,__NO_SHARED_ASSAY__,PRKD2,50,PSC_minus_Control,10x 5' v2,,False,3,,,,,,,,0,0,,,0,unavailable,missing_cohort,PSC or Control assay stratum is absent
sc,02792605-4760-4023-82ad-40fc4458a5db,sc,cell,cNK--RBC-Doublet,__NO_SHARED_ASSAY__,UBASH3A,50,PSC_minus_Control,10x 5' v2,,False,3,,,,,,,,0,0,,,0,unavailable,missing_cohort,PSC or Control assay stratum is absent
sc,02792605-4760-4023-82ad-40fc4458a5db,sc,cell,cvEndo,__NO_SHARED_ASSAY__,BCL2L11,20,PSC_minus_Control,10x 5' v2,10x 5' v1,False,3,,,,,,,,0,0,,,0,unavailable_due_to_assay_chemistry_confounding,blocked_cross_chemistry,PSC and Control have no exact shared assay; cross-chemistry fallback is prohibited
sc,02792605-4760-4023-82ad-40fc4458a5db,sc,cell,cvEndo,__NO_SHARED_ASSAY__,ETS2,20,PSC_minus_Control,10x 5' v2,10x 5' v1,False,3,,,,,,,,0,0,,,0,unavailable_due_to_assay_chemistry_confounding,blocked_cross_chemistry,PSC and Control have no exact shared assay; cross-chemistry fallback is prohibited
sc,02792605-4760-4023-82ad-40fc4458a5db,sc,cell,cvEndo,__NO_SHARED_ASSAY__,PFKFB3,20,PSC_minus_Control,10x 5' v2,10x 5' v1,False,3,,,,,,,,0,0,,,0,unavailable_due_to_assay_chemistry_confounding,blocked_cross_chemistry,PSC and Control have no exact shared assay; cross-chemistry fallback is prohibited
sc,02792605-4760-4023-82ad-40fc4458a5db,sc,cell,cvEndo,__NO_SHARED_ASSAY__,PRKD2,20,PSC_minus_Control,10x 5' v2,10x 5' v1,False,3,,,,,,,,0,0,,,0,unavailable_due_to_assay_chemistry_confounding,blocked_cross_chemistry,PSC and Control have no exact shared assay; cross-chemistry fallback is prohibited
sc,02792605-4760-4023-82ad-40fc4458a5db,sc,cell,cvEndo,__NO_SHARED_ASSAY__,UBASH3A,20,PSC_minus_Control,10x 5' v2,10x 5' v1,False,3,,,,,,,,0,0,,,0,unavailable_due_to_assay_chemistry_confounding,blocked_cross_chemistry,PSC and Control have no exact shared assay; cross-chemistry fallback is prohibited
sc,02792605-4760-4023-82ad-40fc4458a5db,sc,cell,cvEndo,__NO_SHARED_ASSAY__,BCL2L11,50,PSC_minus_Control,10x 5' v2,10x 5' v1,False,3,,,,,,,,0,0,,,0,unavailable_due_to_assay_chemistry_confounding,blocked_cross_chemistry,PSC and Control have no exact shared assay; cross-chemistry fallback is prohibited
sc,02792605-4760-4023-82ad-40fc4458a5db,sc,cell,cvEndo,__NO_SHARED_ASSAY__,ETS2,50,PSC_minus_Control,10x 5' v2,10x 5' v1,False,3,,,,,,,,0,0,,,0,unavailable_due_to_assay_chemistry_confounding,blocked_cross_chemistry,PSC and Control have no exact shared assay; cross-chemistry fallback is prohibited
sc,02792605-4760-4023-82ad-40fc4458a5db,sc,cell,cvEndo,__NO_SHARED_ASSAY__,PFKFB3,50,PSC_minus_Control,10x 5' v2,10x 5' v1,False,3,,,,,,,,0,0,,,0,unavailable_due_to_assay_chemistry_confounding,blocked_cross_chemistry,PSC and Control have no exact shared assay; cross-chemistry fallback is prohibited
sc,02792605-4760-4023-82ad-40fc4458a5db,sc,cell,cvEndo,__NO_SHARED_ASSAY__,PRKD2,50,PSC_minus_Control,10x 5' v2,10x 5' v1,False,3,,,,,,,,0,0,,,0,unavailable_due_to_assay_chemistry_confounding,blocked_cross_chemistry,PSC and Control have no exact shared assay; cross-chemistry fallback is prohibited
sc,02792605-4760-4023-82ad-40fc4458a5db,sc,cell,cvEndo,__NO_SHARED_ASSAY__,UBASH3A,50,PSC_minus_Control,10x 5' v2,10x 5' v1,False,3,,,,,,,,0,0,,,0,unavailable_due_to_assay_chemistry_confounding,blocked_cross_chemistry,PSC and Control have no exact shared assay; cross-chemistry fallback is prohibited
sc,02792605-4760-4023-82ad-40fc4458a5db,sc,cell,cvLSEC,__NO_SHARED_ASSAY__,BCL2L11,20,PSC_minus_Control,10x 5' v2,10x 5' v1,False,3,,,,,,,,0,0,,,0,unavailable_due_to_assay_chemistry_confounding,blocked_cross_chemistry,PSC and Control have no exact shared assay; cross-chemistry fallback is prohibited
sc,02792605-4760-4023-82ad-40fc4458a5db,sc,cell,cvLSEC,__NO_SHARED_ASSAY__,ETS2,20,PSC_minus_Control,10x 5' v2,10x 5' v1,False,3,,,,,,,,0,0,,,0,unavailable_due_to_assay_chemistry_confounding,blocked_cross_chemistry,PSC and Control have no exact shared assay; cross-chemistry fallback is prohibited
sc,02792605-4760-4023-82ad-40fc4458a5db,sc,cell,cvLSEC,__NO_SHARED_ASSAY__,PFKFB3,20,PSC_minus_Control,10x 5' v2,10x 5' v1,False,3,,,,,,,,0,0,,,0,unavailable_due_to_assay_chemistry_confounding,blocked_cross_chemistry,PSC and Control have no exact shared assay; cross-chemistry fallback is prohibited
sc,02792605-4760-4023-82ad-40fc4458a5db,sc,cell,cvLSEC,__NO_SHARED_ASSAY__,PRKD2,20,PSC_minus_Control,10x 5' v2,10x 5' v1,False,3,,,,,,,,0,0,,,0,unavailable_due_to_assay_chemistry_confounding,blocked_cross_chemistry,PSC and Control have no exact shared assay; cross-chemistry fallback is prohibited
sc,02792605-4760-4023-82ad-40fc4458a5db,sc,cell,cvLSEC,__NO_SHARED_ASSAY__,UBASH3A,20,PSC_minus_Control,10x 5' v2,10x 5' v1,False,3,,,,,,,,0,0,,,0,unavailable_due_to_assay_chemistry_confounding,blocked_cross_chemistry,PSC and Control have no exact shared assay; cross-chemistry fallback is prohibited
sc,02792605-4760-4023-82ad-40fc4458a5db,sc,cell,cvLSEC,__NO_SHARED_ASSAY__,BCL2L11,50,PSC_minus_Control,10x 5' v2,10x 5' v1,False,3,,,,,,,,0,0,,,0,unavailable_due_to_assay_chemistry_confounding,blocked_cross_chemistry,PSC and Control have no exact shared assay; cross-chemistry fallback is prohibited
sc,02792605-4760-4023-82ad-40fc4458a5db,sc,cell,cvLSEC,__NO_SHARED_ASSAY__,ETS2,50,PSC_minus_Control,10x 5' v2,10x 5' v1,False,3,,,,,,,,0,0,,,0,unavailable_due_to_assay_chemistry_confounding,blocked_cross_chemistry,PSC and Control have no exact shared assay; cross-chemistry fallback is prohibited
sc,02792605-4760-4023-82ad-40fc4458a5db,sc,cell,cvLSEC,__NO_SHARED_ASSAY__,PFKFB3,50,PSC_minus_Control,10x 5' v2,10x 5' v1,False,3,,,,,,,,0,0,,,0,unavailable_due_to_assay_chemistry_confounding,blocked_cross_chemistry,PSC and Control have no exact shared assay; cross-chemistry fallback is prohibited
sc,02792605-4760-4023-82ad-40fc4458a5db,sc,cell,cvLSEC,__NO_SHARED_ASSAY__,PRKD2,50,PSC_minus_Control,10x 5' v2,10x 5' v1,False,3,,,,,,,,0,0,,,0,unavailable_due_to_assay_chemistry_confounding,blocked_cross_chemistry,PSC and Control have no exact shared assay; cross-chemistry fallback is prohibited
sc,02792605-4760-4023-82ad-40fc4458a5db,sc,cell,cvLSEC,__NO_SHARED_ASSAY__,UBASH3A,50,PSC_minus_Control,10x 5' v2,10x 5' v1,False,3,,,,,,,,0,0,,,0,unavailable_due_to_assay_chemistry_confounding,blocked_cross_chemistry,PSC and Control have no exact shared assay; cross-chemistry fallback is prohibited
sc,02792605-4760-4023-82ad-40fc4458a5db,sc,cell,cvLSEC--T-Doublet,__NO_SHARED_ASSAY__,BCL2L11,20,PSC_minus_Control,10x 5' v2,10x 5' v1,False,3,,,,,,,,0,0,,,0,unavailable_due_to_assay_chemistry_confounding,blocked_cross_chemistry,PSC and Control have no exact shared assay; cross-chemistry fallback is prohibited
sc,02792605-4760-4023-82ad-40fc4458a5db,sc,cell,cvLSEC--T-Doublet,__NO_SHARED_ASSAY__,ETS2,20,PSC_minus_Control,10x 5' v2,10x 5' v1,False,3,,,,,,,,0,0,,,0,unavailable_due_to_assay_chemistry_confounding,blocked_cross_chemistry,PSC and Control have no exact shared assay; cross-chemistry fallback is prohibited
sc,02792605-4760-4023-82ad-40fc4458a5db,sc,cell,cvLSEC--T-Doublet,__NO_SHARED_ASSAY__,PFKFB3,20,PSC_minus_Control,10x 5' v2,10x 5' v1,False,3,,,,,,,,0,0,,,0,unavailable_due_to_assay_chemistry_confounding,blocked_cross_chemistry,PSC and Control have no exact shared assay; cross-chemistry fallback is prohibited
sc,02792605-4760-4023-82ad-40fc4458a5db,sc,cell,cvLSEC--T-Doublet,__NO_SHARED_ASSAY__,PRKD2,20,PSC_minus_Control,10x 5' v2,10x 5' v1,False,3,,,,,,,,0,0,,,0,unavailable_due_to_assay_chemistry_confounding,blocked_cross_chemistry,PSC and Control have no exact shared assay; cross-chemistry fallback is prohibited
sc,02792605-4760-4023-82ad-40fc4458a5db,sc,cell,cvLSEC--T-Doublet,__NO_SHARED_ASSAY__,UBASH3A,20,PSC_minus_Control,10x 5' v2,10x 5' v1,False,3,,,,,,,,0,0,,,0,unavailable_due_to_assay_chemistry_confounding,blocked_cross_chemistry,PSC and Control have no exact shared assay; cross-chemistry fallback is prohibited
sc,02792605-4760-4023-82ad-40fc4458a5db,sc,cell,cvLSEC--T-Doublet,__NO_SHARED_ASSAY__,BCL2L11,50,PSC_minus_Control,10x 5' v2,10x 5' v1,False,3,,,,,,,,0,0,,,0,unavailable_due_to_assay_chemistry_confounding,blocked_cross_chemistry,PSC and Control have no exact shared assay; cross-chemistry fallback is prohibited
sc,02792605-4760-4023-82ad-40fc4458a5db,sc,cell,cvLSEC--T-Doublet,__NO_SHARED_ASSAY__,ETS2,50,PSC_minus_Control,10x 5' v2,10x 5' v1,False,3,,,,,,,,0,0,,,0,unavailable_due_to_assay_chemistry_confounding,blocked_cross_chemistry,PSC and Control have no exact shared assay; cross-chemistry fallback is prohibited
sc,02792605-4760-4023-82ad-40fc4458a5db,sc,cell,cvLSEC--T-Doublet,__NO_SHARED_ASSAY__,PFKFB3,50,PSC_minus_Control,10x 5' v2,10x 5' v1,False,3,,,,,,,,0,0,,,0,unavailable_due_to_assay_chemistry_confounding,blocked_cross_chemistry,PSC and Control have no exact shared assay; cross-chemistry fallback is prohibited
sc,02792605-4760-4023-82ad-40fc4458a5db,sc,cell,cvLSEC--T-Doublet,__NO_SHARED_ASSAY__,PRKD2,50,PSC_minus_Control,10x 5' v2,10x 5' v1,False,3,,,,,,,,0,0,,,0,unavailable_due_to_assay_chemistry_confounding,blocked_cross_chemistry,PSC and Control have no exact shared assay; cross-chemistry fallback is prohibited
sc,02792605-4760-4023-82ad-40fc4458a5db,sc,cell,cvLSEC--T-Doublet,__NO_SHARED_ASSAY__,UBASH3A,50,PSC_minus_Control,10x 5' v2,10x 5' v1,False,3,,,,,,,,0,0,,,0,unavailable_due_to_assay_chemistry_confounding,blocked_cross_chemistry,PSC and Control have no exact shared assay; cross-chemistry fallback is prohibited
sc,02792605-4760-4023-82ad-40fc4458a5db,sc,cell,lrNK,__NO_SHARED_ASSAY__,BCL2L11,20,PSC_minus_Control,10x 5' v2,10x 5' v1,False,3,,,,,,,,0,0,,,0,unavailable_due_to_assay_chemistry_confounding,blocked_cross_chemistry,PSC and Control have no exact shared assay; cross-chemistry fallback is prohibited
sc,02792605-4760-4023-82ad-40fc4458a5db,sc,cell,lrNK,__NO_SHARED_ASSAY__,ETS2,20,PSC_minus_Control,10x 5' v2,10x 5' v1,False,3,,,,,,,,0,0,,,0,unavailable_due_to_assay_chemistry_confounding,blocked_cross_chemistry,PSC and Control have no exact shared assay; cross-chemistry fallback is prohibited
sc,02792605-4760-4023-82ad-40fc4458a5db,sc,cell,lrNK,__NO_SHARED_ASSAY__,PFKFB3,20,PSC_minus_Control,10x 5' v2,10x 5' v1,False,3,,,,,,,,0,0,,,0,unavailable_due_to_assay_chemistry_confounding,blocked_cross_chemistry,PSC and Control have no exact shared assay; cross-chemistry fallback is prohibited
sc,02792605-4760-4023-82ad-40fc4458a5db,sc,cell,lrNK,__NO_SHARED_ASSAY__,PRKD2,20,PSC_minus_Control,10x 5' v2,10x 5' v1,False,3,,,,,,,,0,0,,,0,unavailable_due_to_assay_chemistry_confounding,blocked_cross_chemistry,PSC and Control have no exact shared assay; cross-chemistry fallback is prohibited
sc,02792605-4760-4023-82ad-40fc4458a5db,sc,cell,lrNK,__NO_SHARED_ASSAY__,UBASH3A,20,PSC_minus_Control,10x 5' v2,10x 5' v1,False,3,,,,,,,,0,0,,,0,unavailable_due_to_assay_chemistry_confounding,blocked_cross_chemistry,PSC and Control have no exact shared assay; cross-chemistry fallback is prohibited
sc,02792605-4760-4023-82ad-40fc4458a5db,sc,cell,lrNK,__NO_SHARED_ASSAY__,BCL2L11,50,PSC_minus_Control,10x 5' v2,10x 5' v1,False,3,,,,,,,,0,0,,,0,unavailable_due_to_assay_chemistry_confounding,blocked_cross_chemistry,PSC and Control have no exact shared assay; cross-chemistry fallback is prohibited
sc,02792605-4760-4023-82ad-40fc4458a5db,sc,cell,lrNK,__NO_SHARED_ASSAY__,ETS2,50,PSC_minus_Control,10x 5' v2,10x 5' v1,False,3,,,,,,,,0,0,,,0,unavailable_due_to_assay_chemistry_confounding,blocked_cross_chemistry,PSC and Control have no exact shared assay; cross-chemistry fallback is prohibited
sc,02792605-4760-4023-82ad-40fc4458a5db,sc,cell,lrNK,__NO_SHARED_ASSAY__,PFKFB3,50,PSC_minus_Control,10x 5' v2,10x 5' v1,False,3,,,,,,,,0,0,,,0,unavailable_due_to_assay_chemistry_confounding,blocked_cross_chemistry,PSC and Control have no exact shared assay; cross-chemistry fallback is prohibited
sc,02792605-4760-4023-82ad-40fc4458a5db,sc,cell,lrNK,__NO_SHARED_ASSAY__,PRKD2,50,PSC_minus_Control,10x 5' v2,10x 5' v1,False,3,,,,,,,,0,0,,,0,unavailable_due_to_assay_chemistry_confounding,blocked_cross_chemistry,PSC and Control have no exact shared assay; cross-chemistry fallback is prohibited
sc,02792605-4760-4023-82ad-40fc4458a5db,sc,cell,lrNK,__NO_SHARED_ASSAY__,UBASH3A,50,PSC_minus_Control,10x 5' v2,10x 5' v1,False,3,,,,,,,,0,0,,,0,unavailable_due_to_assay_chemistry_confounding,blocked_cross_chemistry,PSC and Control have no exact shared assay; cross-chemistry fallback is prohibited
sc,02792605-4760-4023-82ad-40fc4458a5db,sc,cell,pDC,__NO_SHARED_ASSAY__,BCL2L11,20,PSC_minus_Control,10x 5' v2,10x 5' v1,False,3,,,,,,,,0,0,,,0,unavailable_due_to_assay_chemistry_confounding,blocked_cross_chemistry,PSC and Control have no exact shared assay; cross-chemistry fallback is prohibited
sc,02792605-4760-4023-82ad-40fc4458a5db,sc,cell,pDC,__NO_SHARED_ASSAY__,ETS2,20,PSC_minus_Control,10x 5' v2,10x 5' v1,False,3,,,,,,,,0,0,,,0,unavailable_due_to_assay_chemistry_confounding,blocked_cross_chemistry,PSC and Control have no exact shared assay; cross-chemistry fallback is prohibited
sc,02792605-4760-4023-82ad-40fc4458a5db,sc,cell,pDC,__NO_SHARED_ASSAY__,PFKFB3,20,PSC_minus_Control,10x 5' v2,10x 5' v1,False,3,,,,,,,,0,0,,,0,unavailable_due_to_assay_chemistry_confounding,blocked_cross_chemistry,PSC and Control have no exact shared assay; cross-chemistry fallback is prohibited
sc,02792605-4760-4023-82ad-40fc4458a5db,sc,cell,pDC,__NO_SHARED_ASSAY__,PRKD2,20,PSC_minus_Control,10x 5' v2,10x 5' v1,False,3,,,,,,,,0,0,,,0,unavailable_due_to_assay_chemistry_confounding,blocked_cross_chemistry,PSC and Control have no exact shared assay; cross-chemistry fallback is prohibited
sc,02792605-4760-4023-82ad-40fc4458a5db,sc,cell,pDC,__NO_SHARED_ASSAY__,UBASH3A,20,PSC_minus_Control,10x 5' v2,10x 5' v1,False,3,,,,,,,,0,0,,,0,unavailable_due_to_assay_chemistry_confounding,blocked_cross_chemistry,PSC and Control have no exact shared assay; cross-chemistry fallback is prohibited
sc,02792605-4760-4023-82ad-40fc4458a5db,sc,cell,pDC,__NO_SHARED_ASSAY__,BCL2L11,50,PSC_minus_Control,10x 5' v2,10x 5' v1,False,3,,,,,,,,0,0,,,0,unavailable_due_to_assay_chemistry_confounding,blocked_cross_chemistry,PSC and Control have no exact shared assay; cross-chemistry fallback is prohibited
sc,02792605-4760-4023-82ad-40fc4458a5db,sc,cell,pDC,__NO_SHARED_ASSAY__,ETS2,50,PSC_minus_Control,10x 5' v2,10x 5' v1,False,3,,,,,,,,0,0,,,0,unavailable_due_to_assay_chemistry_confounding,blocked_cross_chemistry,PSC and Control have no exact shared assay; cross-chemistry fallback is prohibited
sc,02792605-4760-4023-82ad-40fc4458a5db,sc,cell,pDC,__NO_SHARED_ASSAY__,PFKFB3,50,PSC_minus_Control,10x 5' v2,10x 5' v1,False,3,,,,,,,,0,0,,,0,unavailable_due_to_assay_chemistry_confounding,blocked_cross_chemistry,PSC and Control have no exact shared assay; cross-chemistry fallback is prohibited
sc,02792605-4760-4023-82ad-40fc4458a5db,sc,cell,pDC,__NO_SHARED_ASSAY__,PRKD2,50,PSC_minus_Control,10x 5' v2,10x 5' v1,False,3,,,,,,,,0,0,,,0,unavailable_due_to_assay_chemistry_confounding,blocked_cross_chemistry,PSC and Control have no exact shared assay; cross-chemistry fallback is prohibited
sc,02792605-4760-4023-82ad-40fc4458a5db,sc,cell,pDC,__NO_SHARED_ASSAY__,UBASH3A,50,PSC_minus_Control,10x 5' v2,10x 5' v1,False,3,,,,,,,,0,0,,,0,unavailable_due_to_assay_chemistry_confounding,blocked_cross_chemistry,PSC and Control have no exact shared assay; cross-chemistry fallback is prohibited
sc,02792605-4760-4023-82ad-40fc4458a5db,sc,cell,ppLSEC,__NO_SHARED_ASSAY__,BCL2L11,20,PSC_minus_Control,10x 5' v2,10x 5' v1,False,3,,,,,,,,0,0,,,0,unavailable_due_to_assay_chemistry_confounding,blocked_cross_chemistry,PSC and Control have no exact shared assay; cross-chemistry fallback is prohibited
sc,02792605-4760-4023-82ad-40fc4458a5db,sc,cell,ppLSEC,__NO_SHARED_ASSAY__,ETS2,20,PSC_minus_Control,10x 5' v2,10x 5' v1,False,3,,,,,,,,0,0,,,0,unavailable_due_to_assay_chemistry_confounding,blocked_cross_chemistry,PSC and Control have no exact shared assay; cross-chemistry fallback is prohibited
sc,02792605-4760-4023-82ad-40fc4458a5db,sc,cell,ppLSEC,__NO_SHARED_ASSAY__,PFKFB3,20,PSC_minus_Control,10x 5' v2,10x 5' v1,False,3,,,,,,,,0,0,,,0,unavailable_due_to_assay_chemistry_confounding,blocked_cross_chemistry,PSC and Control have no exact shared assay; cross-chemistry fallback is prohibited
sc,02792605-4760-4023-82ad-40fc4458a5db,sc,cell,ppLSEC,__NO_SHARED_ASSAY__,PRKD2,20,PSC_minus_Control,10x 5' v2,10x 5' v1,False,3,,,,,,,,0,0,,,0,unavailable_due_to_assay_chemistry_confounding,blocked_cross_chemistry,PSC and Control have no exact shared assay; cross-chemistry fallback is prohibited
sc,02792605-4760-4023-82ad-40fc4458a5db,sc,cell,ppLSEC,__NO_SHARED_ASSAY__,UBASH3A,20,PSC_minus_Control,10x 5' v2,10x 5' v1,False,3,,,,,,,,0,0,,,0,unavailable_due_to_assay_chemistry_confounding,blocked_cross_chemistry,PSC and Control have no exact shared assay; cross-chemistry fallback is prohibited
sc,02792605-4760-4023-82ad-40fc4458a5db,sc,cell,ppLSEC,__NO_SHARED_ASSAY__,BCL2L11,50,PSC_minus_Control,10x 5' v2,10x 5' v1,False,3,,,,,,,,0,0,,,0,unavailable_due_to_assay_chemistry_confounding,blocked_cross_chemistry,PSC and Control have no exact shared assay; cross-chemistry fallback is prohibited
sc,02792605-4760-4023-82ad-40fc4458a5db,sc,cell,ppLSEC,__NO_SHARED_ASSAY__,ETS2,50,PSC_minus_Control,10x 5' v2,10x 5' v1,False,3,,,,,,,,0,0,,,0,unavailable_due_to_assay_chemistry_confounding,blocked_cross_chemistry,PSC and Control have no exact shared assay; cross-chemistry fallback is prohibited
sc,02792605-4760-4023-82ad-40fc4458a5db,sc,cell,ppLSEC,__NO_SHARED_ASSAY__,PFKFB3,50,PSC_minus_Control,10x 5' v2,10x 5' v1,False,3,,,,,,,,0,0,,,0,unavailable_due_to_assay_chemistry_confounding,blocked_cross_chemistry,PSC and Control have no exact shared assay; cross-chemistry fallback is prohibited
sc,02792605-4760-4023-82ad-40fc4458a5db,sc,cell,ppLSEC,__NO_SHARED_ASSAY__,PRKD2,50,PSC_minus_Control,10x 5' v2,10x 5' v1,False,3,,,,,,,,0,0,,,0,unavailable_due_to_assay_chemistry_confounding,blocked_cross_chemistry,PSC and Control have no exact shared assay; cross-chemistry fallback is prohibited
sc,02792605-4760-4023-82ad-40fc4458a5db,sc,cell,ppLSEC,__NO_SHARED_ASSAY__,UBASH3A,50,PSC_minus_Control,10x 5' v2,10x 5' v1,False,3,,,,,,,,0,0,,,0,unavailable_due_to_assay_chemistry_confounding,blocked_cross_chemistry,PSC and Control have no exact shared assay; cross-chemistry fallback is prohibited
sn,1873a18a-66fd-4a4d-8277-a872c93f5b59,sn,nucleus,AntiB,10x 3' v3,BCL2L11,20,PSC_minus_Control,10x 3' v3,10x 3' v3,True,3,,,,,,,,3,1,,,0,unavailable,insufficient_donors,At least three eligible donors per cohort are required
sn,1873a18a-66fd-4a4d-8277-a872c93f5b59,sn,nucleus,AntiB,10x 3' v3,ETS2,20,PSC_minus_Control,10x 3' v3,10x 3' v3,True,3,,,,,,,,3,1,,,0,unavailable,insufficient_donors,At least three eligible donors per cohort are required
sn,1873a18a-66fd-4a4d-8277-a872c93f5b59,sn,nucleus,AntiB,10x 3' v3,PFKFB3,20,PSC_minus_Control,10x 3' v3,10x 3' v3,True,3,,,,,,,,3,1,,,0,unavailable,insufficient_donors,At least three eligible donors per cohort are required
sn,1873a18a-66fd-4a4d-8277-a872c93f5b59,sn,nucleus,AntiB,10x 3' v3,PRKD2,20,PSC_minus_Control,10x 3' v3,10x 3' v3,True,3,,,,,,,,3,1,,,0,unavailable,insufficient_donors,At least three eligible donors per cohort are required
sn,1873a18a-66fd-4a4d-8277-a872c93f5b59,sn,nucleus,AntiB,10x 3' v3,UBASH3A,20,PSC_minus_Control,10x 3' v3,10x 3' v3,True,3,,,,,,,,3,1,,,0,unavailable,insufficient_donors,At least three eligible donors per cohort are required
sn,1873a18a-66fd-4a4d-8277-a872c93f5b59,sn,nucleus,AntiB,10x 3' v3,BCL2L11,50,PSC_minus_Control,10x 3' v3,10x 3' v3,True,3,,,,,,,,1,0,,,0,unavailable,insufficient_donors,At least three eligible donors per cohort are required
sn,1873a18a-66fd-4a4d-8277-a872c93f5b59,sn,nucleus,AntiB,10x 3' v3,ETS2,50,PSC_minus_Control,10x 3' v3,10x 3' v3,True,3,,,,,,,,1,0,,,0,unavailable,insufficient_donors,At least three eligible donors per cohort are required
sn,1873a18a-66fd-4a4d-8277-a872c93f5b59,sn,nucleus,AntiB,10x 3' v3,PFKFB3,50,PSC_minus_Control,10x 3' v3,10x 3' v3,True,3,,,,,,,,1,0,,,0,unavailable,insufficient_donors,At least three eligible donors per cohort are required
sn,1873a18a-66fd-4a4d-8277-a872c93f5b59,sn,nucleus,AntiB,10x 3' v3,PRKD2,50,PSC_minus_Control,10x 3' v3,10x 3' v3,True,3,,,,,,,,1,0,,,0,unavailable,insufficient_donors,At least three eligible donors per cohort are required
sn,1873a18a-66fd-4a4d-8277-a872c93f5b59,sn,nucleus,AntiB,10x 3' v3,UBASH3A,50,PSC_minus_Control,10x 3' v3,10x 3' v3,True,3,,,,,,,,1,0,,,0,unavailable,insufficient_donors,At least three eligible donors per cohort are required
sn,1873a18a-66fd-4a4d-8277-a872c93f5b59,sn,nucleus,C-Hepato,10x 3' v3,BCL2L11,20,PSC_minus_Control,10x 3' v3,10x 3' v3,True,3,4.649800875586498,4.397711741443814,0.2520891341426843,0.0899390243902439,0.12949827880627762,0.10739347096511746,0.19647988505747127,7,4,-0.02777492304356599,0.5319531913289337,11,residual_processing_confounding_flagged_for_sn,evaluable_descriptive_residual_processing_confounded,
sn,1873a18a-66fd-4a4d-8277-a872c93f5b59,sn,nucleus,C-Hepato,10x 3' v3,ETS2,20,PSC_minus_Control,10x 3' v3,10x 3' v3,True,3,8.459642980564928,8.001040674002017,0.458602306562911,0.7423780487804879,0.6953769950467804,0.7001932268890471,0.7137212643678161,7,4,0.1097112841628256,0.8074933289629955,11,residual_processing_confounding_flagged_for_sn,evaluable_descriptive_residual_processing_confounded,
sn,1873a18a-66fd-4a4d-8277-a872c93f5b59,sn,nucleus,C-Hepato,10x 3' v3,PFKFB3,20,PSC_minus_Control,10x 3' v3,10x 3' v3,True,3,6.310559434421177,5.362602789071568,0.9479566453496089,0.2071150097465887,0.18250056469610315,0.21702430590867486,0.24748563218390804,7,4,0.6822023186305746,1.203086747220122,11,residual_processing_confounding_flagged_for_sn,evaluable_descriptive_residual_processing_confounded,
sn,1873a18a-66fd-4a4d-8277-a872c93f5b59,sn,nucleus,C-Hepato,10x 3' v3,PRKD2,20,PSC_minus_Control,10x 3' v3,10x 3' v3,True,3,4.491354072048382,4.059644120250878,0.4317099517975036,0.08346972176759411,0.10751181344247779,0.09112173294009966,0.1221264367816092,7,4,0.27151269223488317,0.5919072113601245,11,residual_processing_confounding_flagged_for_sn,evaluable_descriptive_residual_processing_confounded,
sn,1873a18a-66fd-4a4d-8277-a872c93f5b59,sn,nucleus,C-Hepato,10x 3' v3,UBASH3A,20,PSC_minus_Control,10x 3' v3,10x 3' v3,True,3,0.20741846812578735,0.06981746412618543,0.1376010039996019,0.0005561735261401557,0.0005063291139240507,0.0011186819892199736,0.0007183908045977011,7,4,0.06778353987341648,0.2102711395092252,11,residual_processing_confounding_flagged_for_sn,evaluable_descriptive_residual_processing_confounded,
sn,1873a18a-66fd-4a4d-8277-a872c93f5b59,sn,nucleus,C-Hepato,10x 3' v3,BCL2L11,50,PSC_minus_Control,10x 3' v3,10x 3' v3,True,3,4.649800875586498,4.397711741443814,0.2520891341426843,0.0899390243902439,0.12949827880627762,0.10739347096511746,0.19647988505747127,7,4,-0.02777492304356599,0.5319531913289337,11,residual_processing_confounding_flagged_for_sn,evaluable_descriptive_residual_processing_confounded,
sn,1873a18a-66fd-4a4d-8277-a872c93f5b59,sn,nucleus,C-Hepato,10x 3' v3,ETS2,50,PSC_minus_Control,10x 3' v3,10x 3' v3,True,3,8.459642980564928,8.001040674002017,0.458602306562911,0.7423780487804879,0.6953769950467804,0.7001932268890471,0.7137212643678161,7,4,0.1097112841628256,0.8074933289629955,11,residual_processing_confounding_flagged_for_sn,evaluable_descriptive_residual_processing_confounded,
sn,1873a18a-66fd-4a4d-8277-a872c93f5b59,sn,nucleus,C-Hepato,10x 3' v3,PFKFB3,50,PSC_minus_Control,10x 3' v3,10x 3' v3,True,3,6.310559434421177,5.362602789071568,0.9479566453496089,0.2071150097465887,0.18250056469610315,0.21702430590867486,0.24748563218390804,7,4,0.6822023186305746,1.203086747220122,11,residual_processing_confounding_flagged_for_sn,evaluable_descriptive_residual_processing_confounded,
sn,1873a18a-66fd-4a4d-8277-a872c93f5b59,sn,nucleus,C-Hepato,10x 3' v3,PRKD2,50,PSC_minus_Control,10x 3' v3,10x 3' v3,True,3,4.491354072048382,4.059644120250878,0.4317099517975036,0.08346972176759411,0.10751181344247779,0.09112173294009966,0.1221264367816092,7,4,0.27151269223488317,0.5919072113601245,11,residual_processing_confounding_flagged_for_sn,evaluable_descriptive_residual_processing_confounded,
sn,1873a18a-66fd-4a4d-8277-a872c93f5b59,sn,nucleus,C-Hepato,10x 3' v3,UBASH3A,50,PSC_minus_Control,10x 3' v3,10x 3' v3,True,3,0.20741846812578735,0.06981746412618543,0.1376010039996019,0.0005561735261401557,0.0005063291139240507,0.0011186819892199736,0.0007183908045977011,7,4,0.06778353987341648,0.2102711395092252,11,residual_processing_confounding_flagged_for_sn,evaluable_descriptive_residual_processing_confounded,
sn,1873a18a-66fd-4a4d-8277-a872c93f5b59,sn,nucleus,C-Hepato2,10x 3' v3,BCL2L11,20,PSC_minus_Control,10x 3' v3,10x 3' v3,True,3,4.705283823448301,4.2862474302285705,0.41903639321973074,0.06888888888888889,0.053370531074620656,0.06944444444444445,0.13033033033033034,7,4,-0.012168879193258597,0.8502416656327196,11,residual_processing_confounding_flagged_for_sn,evaluable_descriptive_residual_processing_confounded,
sn,1873a18a-66fd-4a4d-8277-a872c93f5b59,sn,nucleus,C-Hepato2,10x 3' v3,ETS2,20,PSC_minus_Control,10x 3' v3,10x 3' v3,True,3,8.427744502090567,7.919184027210706,0.5085604748798609,0.5760869565217391,0.5962009803921569,0.5281339031339032,0.5111111111111111,7,4,0.32770143409563524,0.6894195156640865,11,residual_processing_confounding_flagged_for_sn,evaluable_descriptive_residual_processing_confounded,
sn,1873a18a-66fd-4a4d-8277-a872c93f5b59,sn,nucleus,C-Hepato2,10x 3' v3,PFKFB3,20,PSC_minus_Control,10x 3' v3,10x 3' v3,True,3,5.778780278413911,5.650444988812178,0.12833528960173268,0.09333333333333334,0.1082721754099846,0.09686609686609686,0.12732732732732732,7,4,-0.07303465674842702,0.3079789587218986,11,residual_processing_confounding_flagged_for_sn,evaluable_descriptive_residual_processing_confounded,
sn,1873a18a-66fd-4a4d-8277-a872c93f5b59,sn,nucleus,C-Hepato2,10x 3' v3,PRKD2,20,PSC_minus_Control,10x 3' v3,10x 3' v3,True,3,4.264615662094779,3.9357370241811935,0.3288786379135855,0.04929577464788732,0.04965833506547496,0.051994301994301995,0.06546546546546547,7,4,0.09066763821093549,0.567089637616236,11,residual_processing_confounding_flagged_for_sn,evaluable_descriptive_residual_processing_confounded,
sn,1873a18a-66fd-4a4d-8277-a872c93f5b59,sn,nucleus,C-Hepato2,10x 3' v3,UBASH3A,20,PSC_minus_Control,10x 3' v3,10x 3' v3,True,3,0.0,0.22928568344962588,-0.22928568344962588,0.0,0.0008833922261484099,0.0,0.0012012012012012011,7,4,-0.45857136689925176,0.0,11,residual_processing_confounding_flagged_for_sn,evaluable_descriptive_residual_processing_confounded,
sn,1873a18a-66fd-4a4d-8277-a872c93f5b59,sn,nucleus,C-Hepato2,10x 3' v3,BCL2L11,50,PSC_minus_Control,10x 3' v3,10x 3' v3,True,3,4.705283823448301,4.71745270264156,-0.012168879193258597,0.06888888888888889,0.06433823529411764,0.06944444444444445,0.13345633456334563,7,3,-0.18604261702148417,0.02726722183757868,7,residual_processing_confounding_flagged_for_sn,evaluable_descriptive_residual_processing_confounded,
sn,1873a18a-66fd-4a4d-8277-a872c93f5b59,sn,nucleus,C-Hepato2,10x 3' v3,ETS2,50,PSC_minus_Control,10x 3' v3,10x 3' v3,True,3,8.427744502090567,7.7383249864264805,0.6894195156640865,0.5760869565217391,0.5257352941176471,0.5281339031339032,0.507380073800738,7,3,0.6225249461133977,0.7094438855914618,7,residual_processing_confounding_flagged_for_sn,evaluable_descriptive_residual_processing_confounded,
sn,1873a18a-66fd-4a4d-8277-a872c93f5b59,sn,nucleus,C-Hepato2,10x 3' v3,PFKFB3,50,PSC_minus_Control,10x 3' v3,10x 3' v3,True,3,5.778780278413911,5.470801319692012,0.3079789587218986,0.09333333333333334,0.08833922261484099,0.09686609686609686,0.12730627306273062,7,3,0.10660901237173892,0.4645263758965621,7,residual_processing_confounding_flagged_for_sn,evaluable_descriptive_residual_processing_confounded,
sn,1873a18a-66fd-4a4d-8277-a872c93f5b59,sn,nucleus,C-Hepato2,10x 3' v3,PRKD2,50,PSC_minus_Control,10x 3' v3,10x 3' v3,True,3,4.264615662094779,4.173948023883844,0.09066763821093549,0.04929577464788732,0.05514705882352941,0.051994301994301995,0.06703567035670356,7,3,-0.025017053807245837,0.19941332409534596,7,residual_processing_confounding_flagged_for_sn,evaluable_descriptive_residual_processing_confounded,
sn,1873a18a-66fd-4a4d-8277-a872c93f5b59,sn,nucleus,C-Hepato2,10x 3' v3,UBASH3A,50,PSC_minus_Control,10x 3' v3,10x 3' v3,True,3,0.0,0.45857136689925176,-0.45857136689925176,0.0,0.0017667844522968198,0.0,0.0012300123001230013,7,3,-0.45857136689925176,-0.45857136689925176,7,residual_processing_confounding_flagged_for_sn,evaluable_descriptive_residual_processing_confounded,
sn,1873a18a-66fd-4a4d-8277-a872c93f5b59,sn,nucleus,CD4T,10x 3' v3,BCL2L11,20,PSC_minus_Control,10x 3' v3,10x 3' v3,True,3,,,,,,,,6,2,,,0,unavailable,insufficient_donors,At least three eligible donors per cohort are required
sn,1873a18a-66fd-4a4d-8277-a872c93f5b59,sn,nucleus,CD4T,10x 3' v3,ETS2,20,PSC_minus_Control,10x 3' v3,10x 3' v3,True,3,,,,,,,,6,2,,,0,unavailable,insufficient_donors,At least three eligible donors per cohort are required
sn,1873a18a-66fd-4a4d-8277-a872c93f5b59,sn,nucleus,CD4T,10x 3' v3,PFKFB3,20,PSC_minus_Control,10x 3' v3,10x 3' v3,True,3,,,,,,,,6,2,,,0,unavailable,insufficient_donors,At least three eligible donors per cohort are required
sn,1873a18a-66fd-4a4d-8277-a872c93f5b59,sn,nucleus,CD4T,10x 3' v3,PRKD2,20,PSC_minus_Control,10x 3' v3,10x 3' v3,True,3,,,,,,,,6,2,,,0,unavailable,insufficient_donors,At least three eligible donors per cohort are required
sn,1873a18a-66fd-4a4d-8277-a872c93f5b59,sn,nucleus,CD4T,10x 3' v3,UBASH3A,20,PSC_minus_Control,10x 3' v3,10x 3' v3,True,3,,,,,,,,6,2,,,0,unavailable,insufficient_donors,At least three eligible donors per cohort are required
sn,1873a18a-66fd-4a4d-8277-a872c93f5b59,sn,nucleus,CD4T,10x 3' v3,BCL2L11,50,PSC_minus_Control,10x 3' v3,10x 3' v3,True,3,,,,,,,,4,1,,,0,unavailable,insufficient_donors,At least three eligible donors per cohort are required
sn,1873a18a-66fd-4a4d-8277-a872c93f5b59,sn,nucleus,CD4T,10x 3' v3,ETS2,50,PSC_minus_Control,10x 3' v3,10x 3' v3,True,3,,,,,,,,4,1,,,0,unavailable,insufficient_donors,At least three eligible donors per cohort are required
sn,1873a18a-66fd-4a4d-8277-a872c93f5b59,sn,nucleus,CD4T,10x 3' v3,PFKFB3,50,PSC_minus_Control,10x 3' v3,10x 3' v3,True,3,,,,,,,,4,1,,,0,unavailable,insufficient_donors,At least three eligible donors per cohort are required
sn,1873a18a-66fd-4a4d-8277-a872c93f5b59,sn,nucleus,CD4T,10x 3' v3,PRKD2,50,PSC_minus_Control,10x 3' v3,10x 3' v3,True,3,,,,,,,,4,1,,,0,unavailable,insufficient_donors,At least three eligible donors per cohort are required
sn,1873a18a-66fd-4a4d-8277-a872c93f5b59,sn,nucleus,CD4T,10x 3' v3,UBASH3A,50,PSC_minus_Control,10x 3' v3,10x 3' v3,True,3,,,,,,,,4,1,,,0,unavailable,insufficient_donors,At least three eligible donors per cohort are required
sn,1873a18a-66fd-4a4d-8277-a872c93f5b59,sn,nucleus,Chol,10x 3' v3,BCL2L11,20,PSC_minus_Control,10x 3' v3,10x 3' v3,True,3,5.088804954922329,5.02815853758488,0.06064641733744924,0.09523809523809523,0.16352201257861634,0.10101564644523744,0.12834224598930483,7,3,-0.07314484208245808,0.15720828404615705,7,residual_processing_confounding_flagged_for_sn,evaluable_descriptive_residual_processing_confounded,
sn,1873a18a-66fd-4a4d-8277-a872c93f5b59,sn,nucleus,Chol,10x 3' v3,ETS2,20,PSC_minus_Control,10x 3' v3,10x 3' v3,True,3,6.640067032115811,5.568567464040365,1.0714995680754456,0.28911138923654567,0.20754716981132076,0.23304968432610487,0.16711229946524064,7,3,1.0101687569496596,1.4171415736664859,7,residual_processing_confounding_flagged_for_sn,evaluable_descriptive_residual_processing_confounded,
sn,1873a18a-66fd-4a4d-8277-a872c93f5b59,sn,nucleus,Chol,10x 3' v3,PFKFB3,20,PSC_minus_Control,10x 3' v3,10x 3' v3,True,3,6.782984441615886,6.092022644786204,0.690961796829682,0.26783479349186484,0.3018867924528302,0.2555586055448806,0.25668449197860965,7,3,0.5562081930885343,0.6953328301907957,7,residual_processing_confounding_flagged_for_sn,evaluable_descriptive_residual_processing_confounded,
sn,1873a18a-66fd-4a4d-8277-a872c93f5b59,sn,nucleus,Chol,10x 3' v3,PRKD2,20,PSC_minus_Control,10x 3' v3,10x 3' v3,True,3,5.465900821318601,4.9976558554686745,0.4682449658499266,0.11639549436795996,0.13679245283018868,0.13175953884161407,0.14304812834224598,7,3,0.40411046705274867,0.49974360694020614,7,residual_processing_confounding_flagged_for_sn,evaluable_descriptive_residual_processing_confounded,
sn,1873a18a-66fd-4a4d-8277-a872c93f5b59,sn,nucleus,Chol,10x 3' v3,UBASH3A,20,PSC_minus_Control,10x 3' v3,10x 3' v3,True,3,0.0,0.0,0.0,0.0,0.0,0.0021959923140269007,0.0,7,3,0.0,0.4552479954300066,7,residual_processing_confounding_flagged_for_sn,evaluable_descriptive_residual_processing_confounded,
sn,1873a18a-66fd-4a4d-8277-a872c93f5b59,sn,nucleus,Chol,10x 3' v3,BCL2L11,50,PSC_minus_Control,10x 3' v3,10x 3' v3,True,3,5.088804954922329,5.02815853758488,0.06064641733744924,0.09523809523809523,0.16352201257861634,0.10101564644523744,0.12834224598930483,7,3,-0.07314484208245808,0.15720828404615705,7,residual_processing_confounding_flagged_for_sn,evaluable_descriptive_residual_processing_confounded,
sn,1873a18a-66fd-4a4d-8277-a872c93f5b59,sn,nucleus,Chol,10x 3' v3,ETS2,50,PSC_minus_Control,10x 3' v3,10x 3' v3,True,3,6.640067032115811,5.568567464040365,1.0714995680754456,0.28911138923654567,0.20754716981132076,0.23304968432610487,0.16711229946524064,7,3,1.0101687569496596,1.4171415736664859,7,residual_processing_confounding_flagged_for_sn,evaluable_descriptive_residual_processing_confounded,
sn,1873a18a-66fd-4a4d-8277-a872c93f5b59,sn,nucleus,Chol,10x 3' v3,PFKFB3,50,PSC_minus_Control,10x 3' v3,10x 3' v3,True,3,6.782984441615886,6.092022644786204,0.690961796829682,0.26783479349186484,0.3018867924528302,0.2555586055448806,0.25668449197860965,7,3,0.5562081930885343,0.6953328301907957,7,residual_processing_confounding_flagged_for_sn,evaluable_descriptive_residual_processing_confounded,
sn,1873a18a-66fd-4a4d-8277-a872c93f5b59,sn,nucleus,Chol,10x 3' v3,PRKD2,50,PSC_minus_Control,10x 3' v3,10x 3' v3,True,3,5.465900821318601,4.9976558554686745,0.4682449658499266,0.11639549436795996,0.13679245283018868,0.13175953884161407,0.14304812834224598,7,3,0.40411046705274867,0.49974360694020614,7,residual_processing_confounding_flagged_for_sn,evaluable_descriptive_residual_processing_confounded,
sn,1873a18a-66fd-4a4d-8277-a872c93f5b59,sn,nucleus,Chol,10x 3' v3,UBASH3A,50,PSC_minus_Control,10x 3' v3,10x 3' v3,True,3,0.0,0.0,0.0,0.0,0.0,0.0021959923140269007,0.0,7,3,0.0,0.4552479954300066,7,residual_processing_confounding_flagged_for_sn,evaluable_descriptive_residual_processing_confounded,
sn,1873a18a-66fd-4a4d-8277-a872c93f5b59,sn,nucleus,Chol--Kupffer-Doublet,10x 3' v3,BCL2L11,20,PSC_minus_Control,10x 3' v3,10x 3' v3,True,3,,,,,,,,0,0,,,0,unavailable,insufficient_donors,At least three eligible donors per cohort are required
sn,1873a18a-66fd-4a4d-8277-a872c93f5b59,sn,nucleus,Chol--Kupffer-Doublet,10x 3' v3,ETS2,20,PSC_minus_Control,10x 3' v3,10x 3' v3,True,3,,,,,,,,0,0,,,0,unavailable,insufficient_donors,At least three eligible donors per cohort are required
sn,1873a18a-66fd-4a4d-8277-a872c93f5b59,sn,nucleus,Chol--Kupffer-Doublet,10x 3' v3,PFKFB3,20,PSC_minus_Control,10x 3' v3,10x 3' v3,True,3,,,,,,,,0,0,,,0,unavailable,insufficient_donors,At least three eligible donors per cohort are required
sn,1873a18a-66fd-4a4d-8277-a872c93f5b59,sn,nucleus,Chol--Kupffer-Doublet,10x 3' v3,PRKD2,20,PSC_minus_Control,10x 3' v3,10x 3' v3,True,3,,,,,,,,0,0,,,0,unavailable,insufficient_donors,At least three eligible donors per cohort are required
sn,1873a18a-66fd-4a4d-8277-a872c93f5b59,sn,nucleus,Chol--Kupffer-Doublet,10x 3' v3,UBASH3A,20,PSC_minus_Control,10x 3' v3,10x 3' v3,True,3,,,,,,,,0,0,,,0,unavailable,insufficient_donors,At least three eligible donors per cohort are required
sn,1873a18a-66fd-4a4d-8277-a872c93f5b59,sn,nucleus,Chol--Kupffer-Doublet,10x 3' v3,BCL2L11,50,PSC_minus_Control,10x 3' v3,10x 3' v3,True,3,,,,,,,,0,0,,,0,unavailable,insufficient_donors,At least three eligible donors per cohort are required
sn,1873a18a-66fd-4a4d-8277-a872c93f5b59,sn,nucleus,Chol--Kupffer-Doublet,10x 3' v3,ETS2,50,PSC_minus_Control,10x 3' v3,10x 3' v3,True,3,,,,,,,,0,0,,,0,unavailable,insufficient_donors,At least three eligible donors per cohort are required
sn,1873a18a-66fd-4a4d-8277-a872c93f5b59,sn,nucleus,Chol--Kupffer-Doublet,10x 3' v3,PFKFB3,50,PSC_minus_Control,10x 3' v3,10x 3' v3,True,3,,,,,,,,0,0,,,0,unavailable,insufficient_donors,At least three eligible donors per cohort are required
sn,1873a18a-66fd-4a4d-8277-a872c93f5b59,sn,nucleus,Chol--Kupffer-Doublet,10x 3' v3,PRKD2,50,PSC_minus_Control,10x 3' v3,10x 3' v3,True,3,,,,,,,,0,0,,,0,unavailable,insufficient_donors,At least three eligible donors per cohort are required
sn,1873a18a-66fd-4a4d-8277-a872c93f5b59,sn,nucleus,Chol--Kupffer-Doublet,10x 3' v3,UBASH3A,50,PSC_minus_Control,10x 3' v3,10x 3' v3,True,3,,,,,,,,0,0,,,0,unavailable,insufficient_donors,At least three eligible donors per cohort are required
sn,1873a18a-66fd-4a4d-8277-a872c93f5b59,sn,nucleus,Chol--Stellate-Doublet,10x 3' v3,BCL2L11,20,PSC_minus_Control,10x 3' v3,10x 3' v3,True,3,,,,,,,,0,0,,,0,unavailable,insufficient_donors,At least three eligible donors per cohort are required
sn,1873a18a-66fd-4a4d-8277-a872c93f5b59,sn,nucleus,Chol--Stellate-Doublet,10x 3' v3,ETS2,20,PSC_minus_Control,10x 3' v3,10x 3' v3,True,3,,,,,,,,0,0,,,0,unavailable,insufficient_donors,At least three eligible donors per cohort are required
sn,1873a18a-66fd-4a4d-8277-a872c93f5b59,sn,nucleus,Chol--Stellate-Doublet,10x 3' v3,PFKFB3,20,PSC_minus_Control,10x 3' v3,10x 3' v3,True,3,,,,,,,,0,0,,,0,unavailable,insufficient_donors,At least three eligible donors per cohort are required
sn,1873a18a-66fd-4a4d-8277-a872c93f5b59,sn,nucleus,Chol--Stellate-Doublet,10x 3' v3,PRKD2,20,PSC_minus_Control,10x 3' v3,10x 3' v3,True,3,,,,,,,,0,0,,,0,unavailable,insufficient_donors,At least three eligible donors per cohort are required
sn,1873a18a-66fd-4a4d-8277-a872c93f5b59,sn,nucleus,Chol--Stellate-Doublet,10x 3' v3,UBASH3A,20,PSC_minus_Control,10x 3' v3,10x 3' v3,True,3,,,,,,,,0,0,,,0,unavailable,insufficient_donors,At least three eligible donors per cohort are required
sn,1873a18a-66fd-4a4d-8277-a872c93f5b59,sn,nucleus,Chol--Stellate-Doublet,10x 3' v3,BCL2L11,50,PSC_minus_Control,10x 3' v3,10x 3' v3,True,3,,,,,,,,0,0,,,0,unavailable,insufficient_donors,At least three eligible donors per cohort are required
sn,1873a18a-66fd-4a4d-8277-a872c93f5b59,sn,nucleus,Chol--Stellate-Doublet,10x 3' v3,ETS2,50,PSC_minus_Control,10x 3' v3,10x 3' v3,True,3,,,,,,,,0,0,,,0,unavailable,insufficient_donors,At least three eligible donors per cohort are required
sn,1873a18a-66fd-4a4d-8277-a872c93f5b59,sn,nucleus,Chol--Stellate-Doublet,10x 3' v3,PFKFB3,50,PSC_minus_Control,10x 3' v3,10x 3' v3,True,3,,,,,,,,0,0,,,0,unavailable,insufficient_donors,At least three eligible donors per cohort are required
sn,1873a18a-66fd-4a4d-8277-a872c93f5b59,sn,nucleus,Chol--Stellate-Doublet,10x 3' v3,PRKD2,50,PSC_minus_Control,10x 3' v3,10x 3' v3,True,3,,,,,,,,0,0,,,0,unavailable,insufficient_donors,At least three eligible donors per cohort are required
sn,1873a18a-66fd-4a4d-8277-a872c93f5b59,sn,nucleus,Chol--Stellate-Doublet,10x 3' v3,UBASH3A,50,PSC_minus_Control,10x 3' v3,10x 3' v3,True,3,,,,,,,,0,0,,,0,unavailable,insufficient_donors,At least three eligible donors per cohort are required
sn,1873a18a-66fd-4a4d-8277-a872c93f5b59,sn,nucleus,Chol-Doublet,10x 3' v3,BCL2L11,20,PSC_minus_Control,10x 3' v3,10x 3' v3,True,3,,,,,,,,0,0,,,0,unavailable,insufficient_donors,At least three eligible donors per cohort are required
sn,1873a18a-66fd-4a4d-8277-a872c93f5b59,sn,nucleus,Chol-Doublet,10x 3' v3,ETS2,20,PSC_minus_Control,10x 3' v3,10x 3' v3,True,3,,,,,,,,0,0,,,0,unavailable,insufficient_donors,At least three eligible donors per cohort are required
sn,1873a18a-66fd-4a4d-8277-a872c93f5b59,sn,nucleus,Chol-Doublet,10x 3' v3,PFKFB3,20,PSC_minus_Control,10x 3' v3,10x 3' v3,True,3,,,,,,,,0,0,,,0,unavailable,insufficient_donors,At least three eligible donors per cohort are required
sn,1873a18a-66fd-4a4d-8277-a872c93f5b59,sn,nucleus,Chol-Doublet,10x 3' v3,PRKD2,20,PSC_minus_Control,10x 3' v3,10x 3' v3,True,3,,,,,,,,0,0,,,0,unavailable,insufficient_donors,At least three eligible donors per cohort are required
sn,1873a18a-66fd-4a4d-8277-a872c93f5b59,sn,nucleus,Chol-Doublet,10x 3' v3,UBASH3A,20,PSC_minus_Control,10x 3' v3,10x 3' v3,True,3,,,,,,,,0,0,,,0,unavailable,insufficient_donors,At least three eligible donors per cohort are required
sn,1873a18a-66fd-4a4d-8277-a872c93f5b59,sn,nucleus,Chol-Doublet,10x 3' v3,BCL2L11,50,PSC_minus_Control,10x 3' v3,10x 3' v3,True,3,,,,,,,,0,0,,,0,unavailable,insufficient_donors,At least three eligible donors per cohort are required
sn,1873a18a-66fd-4a4d-8277-a872c93f5b59,sn,nucleus,Chol-Doublet,10x 3' v3,ETS2,50,PSC_minus_Control,10x 3' v3,10x 3' v3,True,3,,,,,,,,0,0,,,0,unavailable,insufficient_donors,At least three eligible donors per cohort are required
sn,1873a18a-66fd-4a4d-8277-a872c93f5b59,sn,nucleus,Chol-Doublet,10x 3' v3,PFKFB3,50,PSC_minus_Control,10x 3' v3,10x 3' v3,True,3,,,,,,,,0,0,,,0,unavailable,insufficient_donors,At least three eligible donors per cohort are required
sn,1873a18a-66fd-4a4d-8277-a872c93f5b59,sn,nucleus,Chol-Doublet,10x 3' v3,PRKD2,50,PSC_minus_Control,10x 3' v3,10x 3' v3,True,3,,,,,,,,0,0,,,0,unavailable,insufficient_donors,At least three eligible donors per cohort are required
sn,1873a18a-66fd-4a4d-8277-a872c93f5b59,sn,nucleus,Chol-Doublet,10x 3' v3,UBASH3A,50,PSC_minus_Control,10x 3' v3,10x 3' v3,True,3,,,,,,,,0,0,,,0,unavailable,insufficient_donors,At least three eligible donors per cohort are required
sn,1873a18a-66fd-4a4d-8277-a872c93f5b59,sn,nucleus,CholMucus,10x 3' v3,BCL2L11,20,PSC_minus_Control,10x 3' v3,10x 3' v3,True,3,,,,,,,,1,1,,,0,unavailable,insufficient_donors,At least three eligible donors per cohort are required
sn,1873a18a-66fd-4a4d-8277-a872c93f5b59,sn,nucleus,CholMucus,10x 3' v3,ETS2,20,PSC_minus_Control,10x 3' v3,10x 3' v3,True,3,,,,,,,,1,1,,,0,unavailable,insufficient_donors,At least three eligible donors per cohort are required
sn,1873a18a-66fd-4a4d-8277-a872c93f5b59,sn,nucleus,CholMucus,10x 3' v3,PFKFB3,20,PSC_minus_Control,10x 3' v3,10x 3' v3,True,3,,,,,,,,1,1,,,0,unavailable,insufficient_donors,At least three eligible donors per cohort are required
sn,1873a18a-66fd-4a4d-8277-a872c93f5b59,sn,nucleus,CholMucus,10x 3' v3,PRKD2,20,PSC_minus_Control,10x 3' v3,10x 3' v3,True,3,,,,,,,,1,1,,,0,unavailable,insufficient_donors,At least three eligible donors per cohort are required
sn,1873a18a-66fd-4a4d-8277-a872c93f5b59,sn,nucleus,CholMucus,10x 3' v3,UBASH3A,20,PSC_minus_Control,10x 3' v3,10x 3' v3,True,3,,,,,,,,1,1,,,0,unavailable,insufficient_donors,At least three eligible donors per cohort are required
sn,1873a18a-66fd-4a4d-8277-a872c93f5b59,sn,nucleus,CholMucus,10x 3' v3,BCL2L11,50,PSC_minus_Control,10x 3' v3,10x 3' v3,True,3,,,,,,,,1,0,,,0,unavailable,insufficient_donors,At least three eligible donors per cohort are required
sn,1873a18a-66fd-4a4d-8277-a872c93f5b59,sn,nucleus,CholMucus,10x 3' v3,ETS2,50,PSC_minus_Control,10x 3' v3,10x 3' v3,True,3,,,,,,,,1,0,,,0,unavailable,insufficient_donors,At least three eligible donors per cohort are required
sn,1873a18a-66fd-4a4d-8277-a872c93f5b59,sn,nucleus,CholMucus,10x 3' v3,PFKFB3,50,PSC_minus_Control,10x 3' v3,10x 3' v3,True,3,,,,,,,,1,0,,,0,unavailable,insufficient_donors,At least three eligible donors per cohort are required
sn,1873a18a-66fd-4a4d-8277-a872c93f5b59,sn,nucleus,CholMucus,10x 3' v3,PRKD2,50,PSC_minus_Control,10x 3' v3,10x 3' v3,True,3,,,,,,,,1,0,,,0,unavailable,insufficient_donors,At least three eligible donors per cohort are required
sn,1873a18a-66fd-4a4d-8277-a872c93f5b59,sn,nucleus,CholMucus,10x 3' v3,UBASH3A,50,PSC_minus_Control,10x 3' v3,10x 3' v3,True,3,,,,,,,,1,0,,,0,unavailable,insufficient_donors,At least three eligible donors per cohort are required
sn,1873a18a-66fd-4a4d-8277-a872c93f5b59,sn,nucleus,Fibroblast,10x 3' v3,BCL2L11,20,PSC_minus_Control,10x 3' v3,10x 3' v3,True,3,,,,,,,,4,1,,,0,unavailable,insufficient_donors,At least three eligible donors per cohort are required
sn,1873a18a-66fd-4a4d-8277-a872c93f5b59,sn,nucleus,Fibroblast,10x 3' v3,ETS2,20,PSC_minus_Control,10x 3' v3,10x 3' v3,True,3,,,,,,,,4,1,,,0,unavailable,insufficient_donors,At least three eligible donors per cohort are required
sn,1873a18a-66fd-4a4d-8277-a872c93f5b59,sn,nucleus,Fibroblast,10x 3' v3,PFKFB3,20,PSC_minus_Control,10x 3' v3,10x 3' v3,True,3,,,,,,,,4,1,,,0,unavailable,insufficient_donors,At least three eligible donors per cohort are required
sn,1873a18a-66fd-4a4d-8277-a872c93f5b59,sn,nucleus,Fibroblast,10x 3' v3,PRKD2,20,PSC_minus_Control,10x 3' v3,10x 3' v3,True,3,,,,,,,,4,1,,,0,unavailable,insufficient_donors,At least three eligible donors per cohort are required
sn,1873a18a-66fd-4a4d-8277-a872c93f5b59,sn,nucleus,Fibroblast,10x 3' v3,UBASH3A,20,PSC_minus_Control,10x 3' v3,10x 3' v3,True,3,,,,,,,,4,1,,,0,unavailable,insufficient_donors,At least three eligible donors per cohort are required
sn,1873a18a-66fd-4a4d-8277-a872c93f5b59,sn,nucleus,Fibroblast,10x 3' v3,BCL2L11,50,PSC_minus_Control,10x 3' v3,10x 3' v3,True,3,,,,,,,,3,0,,,0,unavailable,insufficient_donors,At least three eligible donors per cohort are required
sn,1873a18a-66fd-4a4d-8277-a872c93f5b59,sn,nucleus,Fibroblast,10x 3' v3,ETS2,50,PSC_minus_Control,10x 3' v3,10x 3' v3,True,3,,,,,,,,3,0,,,0,unavailable,insufficient_donors,At least three eligible donors per cohort are required
sn,1873a18a-66fd-4a4d-8277-a872c93f5b59,sn,nucleus,Fibroblast,10x 3' v3,PFKFB3,50,PSC_minus_Control,10x 3' v3,10x 3' v3,True,3,,,,,,,,3,0,,,0,unavailable,insufficient_donors,At least three eligible donors per cohort are required
sn,1873a18a-66fd-4a4d-8277-a872c93f5b59,sn,nucleus,Fibroblast,10x 3' v3,PRKD2,50,PSC_minus_Control,10x 3' v3,10x 3' v3,True,3,,,,,,,,3,0,,,0,unavailable,insufficient_donors,At least three eligible donors per cohort are required
sn,1873a18a-66fd-4a4d-8277-a872c93f5b59,sn,nucleus,Fibroblast,10x 3' v3,UBASH3A,50,PSC_minus_Control,10x 3' v3,10x 3' v3,True,3,,,,,,,,3,0,,,0,unavailable,insufficient_donors,At least three eligible donors per cohort are required
sn,1873a18a-66fd-4a4d-8277-a872c93f5b59,sn,nucleus,Hepato-Doublet,10x 3' v3,BCL2L11,20,PSC_minus_Control,10x 3' v3,10x 3' v3,True,3,,,,,,,,0,0,,,0,unavailable,insufficient_donors,At least three eligible donors per cohort are required
sn,1873a18a-66fd-4a4d-8277-a872c93f5b59,sn,nucleus,Hepato-Doublet,10x 3' v3,ETS2,20,PSC_minus_Control,10x 3' v3,10x 3' v3,True,3,,,,,,,,0,0,,,0,unavailable,insufficient_donors,At least three eligible donors per cohort are required
sn,1873a18a-66fd-4a4d-8277-a872c93f5b59,sn,nucleus,Hepato-Doublet,10x 3' v3,PFKFB3,20,PSC_minus_Control,10x 3' v3,10x 3' v3,True,3,,,,,,,,0,0,,,0,unavailable,insufficient_donors,At least three eligible donors per cohort are required
sn,1873a18a-66fd-4a4d-8277-a872c93f5b59,sn,nucleus,Hepato-Doublet,10x 3' v3,PRKD2,20,PSC_minus_Control,10x 3' v3,10x 3' v3,True,3,,,,,,,,0,0,,,0,unavailable,insufficient_donors,At least three eligible donors per cohort are required
sn,1873a18a-66fd-4a4d-8277-a872c93f5b59,sn,nucleus,Hepato-Doublet,10x 3' v3,UBASH3A,20,PSC_minus_Control,10x 3' v3,10x 3' v3,True,3,,,,,,,,0,0,,,0,unavailable,insufficient_donors,At least three eligible donors per cohort are required
sn,1873a18a-66fd-4a4d-8277-a872c93f5b59,sn,nucleus,Hepato-Doublet,10x 3' v3,BCL2L11,50,PSC_minus_Control,10x 3' v3,10x 3' v3,True,3,,,,,,,,0,0,,,0,unavailable,insufficient_donors,At least three eligible donors per cohort are required
sn,1873a18a-66fd-4a4d-8277-a872c93f5b59,sn,nucleus,Hepato-Doublet,10x 3' v3,ETS2,50,PSC_minus_Control,10x 3' v3,10x 3' v3,True,3,,,,,,,,0,0,,,0,unavailable,insufficient_donors,At least three eligible donors per cohort are required
sn,1873a18a-66fd-4a4d-8277-a872c93f5b59,sn,nucleus,Hepato-Doublet,10x 3' v3,PFKFB3,50,PSC_minus_Control,10x 3' v3,10x 3' v3,True,3,,,,,,,,0,0,,,0,unavailable,insufficient_donors,At least three eligible donors per cohort are required
sn,1873a18a-66fd-4a4d-8277-a872c93f5b59,sn,nucleus,Hepato-Doublet,10x 3' v3,PRKD2,50,PSC_minus_Control,10x 3' v3,10x 3' v3,True,3,,,,,,,,0,0,,,0,unavailable,insufficient_donors,At least three eligible donors per cohort are required
sn,1873a18a-66fd-4a4d-8277-a872c93f5b59,sn,nucleus,Hepato-Doublet,10x 3' v3,UBASH3A,50,PSC_minus_Control,10x 3' v3,10x 3' v3,True,3,,,,,,,,0,0,,,0,unavailable,insufficient_donors,At least three eligible donors per cohort are required
sn,1873a18a-66fd-4a4d-8277-a872c93f5b59,sn,nucleus,I-Hepato,10x 3' v3,BCL2L11,20,PSC_minus_Control,10x 3' v3,10x 3' v3,True,3,4.8497558729774,5.410251716261242,-0.5604958432838423,0.08,0.21978021978021978,0.09480812641083522,0.1940928270042194,7,3,-0.6100053196806234,-0.38485923464783145,7,residual_processing_confounding_flagged_for_sn,evaluable_descriptive_residual_processing_confounded,
sn,1873a18a-66fd-4a4d-8277-a872c93f5b59,sn,nucleus,I-Hepato,10x 3' v3,ETS2,20,PSC_minus_Control,10x 3' v3,10x 3' v3,True,3,7.5172253797395046,7.0244751014925795,0.4927502782469251,0.4523809523809524,0.32967032967032966,0.3961625282167043,0.41350210970464135,7,3,0.4461280743204368,0.5722976152724355,7,residual_processing_confounding_flagged_for_sn,evaluable_descriptive_residual_processing_confounded,
sn,1873a18a-66fd-4a4d-8277-a872c93f5b59,sn,nucleus,I-Hepato,10x 3' v3,PFKFB3,20,PSC_minus_Control,10x 3' v3,10x 3' v3,True,3,5.922220721314563,5.244561184174209,0.6776595371403538,0.22641509433962265,0.12087912087912088,0.2325056433408578,0.16877637130801687,7,3,0.6148802911738276,0.923345449306896,7,residual_processing_confounding_flagged_for_sn,evaluable_descriptive_residual_processing_confounded,
sn,1873a18a-66fd-4a4d-8277-a872c93f5b59,sn,nucleus,I-Hepato,10x 3' v3,PRKD2,20,PSC_minus_Control,10x 3' v3,10x 3' v3,True,3,4.6661717664423055,4.513715098240179,0.15245666820212644,0.09398496240601503,0.10256410256410256,0.09029345372460497,0.10126582278481013,7,3,0.1371430661069306,0.3334527908188356,7,residual_processing_confounding_flagged_for_sn,evaluable_descriptive_residual_processing_confounded,
sn,1873a18a-66fd-4a4d-8277-a872c93f5b59,sn,nucleus,I-Hepato,10x 3' v3,UBASH3A,20,PSC_minus_Control,10x 3' v3,10x 3' v3,True,3,0.0,0.0,0.0,0.0,0.0,0.001128668171557562,0.0,7,3,0.0,0.0,7,residual_processing_confounding_flagged_for_sn,evaluable_descriptive_residual_processing_confounded,
sn,1873a18a-66fd-4a4d-8277-a872c93f5b59,sn,nucleus,I-Hepato,10x 3' v3,BCL2L11,50,PSC_minus_Control,10x 3' v3,10x 3' v3,True,3,4.800246396580619,5.410251716261242,-0.6100053196806234,0.07759398496240602,0.21978021978021978,0.0924170616113744,0.1940928270042194,6,3,-0.6595147960774055,-0.5604958432838423,6,residual_processing_confounding_flagged_for_sn,evaluable_descriptive_residual_processing_confounded,
sn,1873a18a-66fd-4a4d-8277-a872c93f5b59,sn,nucleus,I-Hepato,10x 3' v3,ETS2,50,PSC_minus_Control,10x 3' v3,10x 3' v3,True,3,7.596772716765015,7.0244751014925795,0.5722976152724355,0.41201503759398495,0.32967032967032966,0.3933649289099526,0.41350210970464135,6,3,0.4927502782469251,0.6518449522979459,6,residual_processing_confounding_flagged_for_sn,evaluable_descriptive_residual_processing_confounded,
sn,1873a18a-66fd-4a4d-8277-a872c93f5b59,sn,nucleus,I-Hepato,10x 3' v3,PFKFB3,50,PSC_minus_Control,10x 3' v3,10x 3' v3,True,3,6.167906633481105,5.244561184174209,0.923345449306896,0.24920754716981133,0.12087912087912088,0.23933649289099526,0.16877637130801687,6,3,0.6776595371403538,1.1690313614734382,6,residual_processing_confounding_flagged_for_sn,evaluable_descriptive_residual_processing_confounded,
sn,1873a18a-66fd-4a4d-8277-a872c93f5b59,sn,nucleus,I-Hepato,10x 3' v3,PRKD2,50,PSC_minus_Control,10x 3' v3,10x 3' v3,True,3,4.65085816434711,4.513715098240179,0.1371430661069306,0.0829924812030075,0.10256410256410256,0.09004739336492891,0.10126582278481013,6,3,0.12182946401173478,0.15245666820212644,6,residual_processing_confounding_flagged_for_sn,evaluable_descriptive_residual_processing_confounded,
sn,1873a18a-66fd-4a4d-8277-a872c93f5b59,sn,nucleus,I-Hepato,10x 3' v3,UBASH3A,50,PSC_minus_Control,10x 3' v3,10x 3' v3,True,3,0.0,0.0,0.0,0.0,0.0,0.001184834123222749,0.0,6,3,0.0,0.0,6,residual_processing_confounding_flagged_for_sn,evaluable_descriptive_residual_processing_confounded,
sn,1873a18a-66fd-4a4d-8277-a872c93f5b59,sn,nucleus,Kupffer,10x 3' v3,BCL2L11,20,PSC_minus_Control,10x 3' v3,10x 3' v3,True,3,,,,,,,,6,2,,,0,unavailable,insufficient_donors,At least three eligible donors per cohort are required
sn,1873a18a-66fd-4a4d-8277-a872c93f5b59,sn,nucleus,Kupffer,10x 3' v3,ETS2,20,PSC_minus_Control,10x 3' v3,10x 3' v3,True,3,,,,,,,,6,2,,,0,unavailable,insufficient_donors,At least three eligible donors per cohort are required
sn,1873a18a-66fd-4a4d-8277-a872c93f5b59,sn,nucleus,Kupffer,10x 3' v3,PFKFB3,20,PSC_minus_Control,10x 3' v3,10x 3' v3,True,3,,,,,,,,6,2,,,0,unavailable,insufficient_donors,At least three eligible donors per cohort are required
sn,1873a18a-66fd-4a4d-8277-a872c93f5b59,sn,nucleus,Kupffer,10x 3' v3,PRKD2,20,PSC_minus_Control,10x 3' v3,10x 3' v3,True,3,,,,,,,,6,2,,,0,unavailable,insufficient_donors,At least three eligible donors per cohort are required
sn,1873a18a-66fd-4a4d-8277-a872c93f5b59,sn,nucleus,Kupffer,10x 3' v3,UBASH3A,20,PSC_minus_Control,10x 3' v3,10x 3' v3,True,3,,,,,,,,6,2,,,0,unavailable,insufficient_donors,At least three eligible donors per cohort are required
sn,1873a18a-66fd-4a4d-8277-a872c93f5b59,sn,nucleus,Kupffer,10x 3' v3,BCL2L11,50,PSC_minus_Control,10x 3' v3,10x 3' v3,True,3,,,,,,,,5,2,,,0,unavailable,insufficient_donors,At least three eligible donors per cohort are required
sn,1873a18a-66fd-4a4d-8277-a872c93f5b59,sn,nucleus,Kupffer,10x 3' v3,ETS2,50,PSC_minus_Control,10x 3' v3,10x 3' v3,True,3,,,,,,,,5,2,,,0,unavailable,insufficient_donors,At least three eligible donors per cohort are required
sn,1873a18a-66fd-4a4d-8277-a872c93f5b59,sn,nucleus,Kupffer,10x 3' v3,PFKFB3,50,PSC_minus_Control,10x 3' v3,10x 3' v3,True,3,,,,,,,,5,2,,,0,unavailable,insufficient_donors,At least three eligible donors per cohort are required
sn,1873a18a-66fd-4a4d-8277-a872c93f5b59,sn,nucleus,Kupffer,10x 3' v3,PRKD2,50,PSC_minus_Control,10x 3' v3,10x 3' v3,True,3,,,,,,,,5,2,,,0,unavailable,insufficient_donors,At least three eligible donors per cohort are required
sn,1873a18a-66fd-4a4d-8277-a872c93f5b59,sn,nucleus,Kupffer,10x 3' v3,UBASH3A,50,PSC_minus_Control,10x 3' v3,10x 3' v3,True,3,,,,,,,,5,2,,,0,unavailable,insufficient_donors,At least three eligible donors per cohort are required
sn,1873a18a-66fd-4a4d-8277-a872c93f5b59,sn,nucleus,Kupffer-Doublet,10x 3' v3,BCL2L11,20,PSC_minus_Control,10x 3' v3,10x 3' v3,True,3,,,,,,,,0,0,,,0,unavailable,insufficient_donors,At least three eligible donors per cohort are required
sn,1873a18a-66fd-4a4d-8277-a872c93f5b59,sn,nucleus,Kupffer-Doublet,10x 3' v3,ETS2,20,PSC_minus_Control,10x 3' v3,10x 3' v3,True,3,,,,,,,,0,0,,,0,unavailable,insufficient_donors,At least three eligible donors per cohort are required
sn,1873a18a-66fd-4a4d-8277-a872c93f5b59,sn,nucleus,Kupffer-Doublet,10x 3' v3,PFKFB3,20,PSC_minus_Control,10x 3' v3,10x 3' v3,True,3,,,,,,,,0,0,,,0,unavailable,insufficient_donors,At least three eligible donors per cohort are required
sn,1873a18a-66fd-4a4d-8277-a872c93f5b59,sn,nucleus,Kupffer-Doublet,10x 3' v3,PRKD2,20,PSC_minus_Control,10x 3' v3,10x 3' v3,True,3,,,,,,,,0,0,,,0,unavailable,insufficient_donors,At least three eligible donors per cohort are required
sn,1873a18a-66fd-4a4d-8277-a872c93f5b59,sn,nucleus,Kupffer-Doublet,10x 3' v3,UBASH3A,20,PSC_minus_Control,10x 3' v3,10x 3' v3,True,3,,,,,,,,0,0,,,0,unavailable,insufficient_donors,At least three eligible donors per cohort are required
sn,1873a18a-66fd-4a4d-8277-a872c93f5b59,sn,nucleus,Kupffer-Doublet,10x 3' v3,BCL2L11,50,PSC_minus_Control,10x 3' v3,10x 3' v3,True,3,,,,,,,,0,0,,,0,unavailable,insufficient_donors,At least three eligible donors per cohort are required
sn,1873a18a-66fd-4a4d-8277-a872c93f5b59,sn,nucleus,Kupffer-Doublet,10x 3' v3,ETS2,50,PSC_minus_Control,10x 3' v3,10x 3' v3,True,3,,,,,,,,0,0,,,0,unavailable,insufficient_donors,At least three eligible donors per cohort are required
sn,1873a18a-66fd-4a4d-8277-a872c93f5b59,sn,nucleus,Kupffer-Doublet,10x 3' v3,PFKFB3,50,PSC_minus_Control,10x 3' v3,10x 3' v3,True,3,,,,,,,,0,0,,,0,unavailable,insufficient_donors,At least three eligible donors per cohort are required
sn,1873a18a-66fd-4a4d-8277-a872c93f5b59,sn,nucleus,Kupffer-Doublet,10x 3' v3,PRKD2,50,PSC_minus_Control,10x 3' v3,10x 3' v3,True,3,,,,,,,,0,0,,,0,unavailable,insufficient_donors,At least three eligible donors per cohort are required
sn,1873a18a-66fd-4a4d-8277-a872c93f5b59,sn,nucleus,Kupffer-Doublet,10x 3' v3,UBASH3A,50,PSC_minus_Control,10x 3' v3,10x 3' v3,True,3,,,,,,,,0,0,,,0,unavailable,insufficient_donors,At least three eligible donors per cohort are required
sn,1873a18a-66fd-4a4d-8277-a872c93f5b59,sn,nucleus,Monocyte,10x 3' v3,BCL2L11,20,PSC_minus_Control,10x 3' v3,10x 3' v3,True,3,,,,,,,,6,2,,,0,unavailable,insufficient_donors,At least three eligible donors per cohort are required
sn,1873a18a-66fd-4a4d-8277-a872c93f5b59,sn,nucleus,Monocyte,10x 3' v3,ETS2,20,PSC_minus_Control,10x 3' v3,10x 3' v3,True,3,,,,,,,,6,2,,,0,unavailable,insufficient_donors,At least three eligible donors per cohort are required
sn,1873a18a-66fd-4a4d-8277-a872c93f5b59,sn,nucleus,Monocyte,10x 3' v3,PFKFB3,20,PSC_minus_Control,10x 3' v3,10x 3' v3,True,3,,,,,,,,6,2,,,0,unavailable,insufficient_donors,At least three eligible donors per cohort are required
sn,1873a18a-66fd-4a4d-8277-a872c93f5b59,sn,nucleus,Monocyte,10x 3' v3,PRKD2,20,PSC_minus_Control,10x 3' v3,10x 3' v3,True,3,,,,,,,,6,2,,,0,unavailable,insufficient_donors,At least three eligible donors per cohort are required
sn,1873a18a-66fd-4a4d-8277-a872c93f5b59,sn,nucleus,Monocyte,10x 3' v3,UBASH3A,20,PSC_minus_Control,10x 3' v3,10x 3' v3,True,3,,,,,,,,6,2,,,0,unavailable,insufficient_donors,At least three eligible donors per cohort are required
sn,1873a18a-66fd-4a4d-8277-a872c93f5b59,sn,nucleus,Monocyte,10x 3' v3,BCL2L11,50,PSC_minus_Control,10x 3' v3,10x 3' v3,True,3,,,,,,,,5,2,,,0,unavailable,insufficient_donors,At least three eligible donors per cohort are required
sn,1873a18a-66fd-4a4d-8277-a872c93f5b59,sn,nucleus,Monocyte,10x 3' v3,ETS2,50,PSC_minus_Control,10x 3' v3,10x 3' v3,True,3,,,,,,,,5,2,,,0,unavailable,insufficient_donors,At least three eligible donors per cohort are required
sn,1873a18a-66fd-4a4d-8277-a872c93f5b59,sn,nucleus,Monocyte,10x 3' v3,PFKFB3,50,PSC_minus_Control,10x 3' v3,10x 3' v3,True,3,,,,,,,,5,2,,,0,unavailable,insufficient_donors,At least three eligible donors per cohort are required
sn,1873a18a-66fd-4a4d-8277-a872c93f5b59,sn,nucleus,Monocyte,10x 3' v3,PRKD2,50,PSC_minus_Control,10x 3' v3,10x 3' v3,True,3,,,,,,,,5,2,,,0,unavailable,insufficient_donors,At least three eligible donors per cohort are required
sn,1873a18a-66fd-4a4d-8277-a872c93f5b59,sn,nucleus,Monocyte,10x 3' v3,UBASH3A,50,PSC_minus_Control,10x 3' v3,10x 3' v3,True,3,,,,,,,,5,2,,,0,unavailable,insufficient_donors,At least three eligible donors per cohort are required
sn,1873a18a-66fd-4a4d-8277-a872c93f5b59,sn,nucleus,P-Hepato,10x 3' v3,BCL2L11,20,PSC_minus_Control,10x 3' v3,10x 3' v3,True,3,4.486868029133311,4.8884509356559445,-0.4015829065226333,0.09118974115412017,0.140212903006938,0.10202356684731269,0.24242721301833153,7,4,-0.5621078922742848,-0.3171049590312478,11,residual_processing_confounding_flagged_for_sn,evaluable_descriptive_residual_processing_confounded,
sn,1873a18a-66fd-4a4d-8277-a872c93f5b59,sn,nucleus,P-Hepato,10x 3' v3,ETS2,20,PSC_minus_Control,10x 3' v3,10x 3' v3,True,3,8.550323623673254,8.203580866357518,0.3467427573157362,0.7702779353374929,0.7128327966700698,0.725103167105852,0.7495343593765317,7,4,0.25535461225542555,0.4381309023760469,11,residual_processing_confounding_flagged_for_sn,evaluable_descriptive_residual_processing_confounded,
sn,1873a18a-66fd-4a4d-8277-a872c93f5b59,sn,nucleus,P-Hepato,10x 3' v3,PFKFB3,20,PSC_minus_Control,10x 3' v3,10x 3' v3,True,3,6.075207744003282,5.6589972806209135,0.41621046338236845,0.19585798816568048,0.21127451705276928,0.20285387560284393,0.25615135771002845,7,4,0.1154658374990527,0.703591041113147,11,residual_processing_confounding_flagged_for_sn,evaluable_descriptive_residual_processing_confounded,
sn,1873a18a-66fd-4a4d-8277-a872c93f5b59,sn,nucleus,P-Hepato,10x 3' v3,PRKD2,20,PSC_minus_Control,10x 3' v3,10x 3' v3,True,3,4.3766819373933075,4.1374250586446495,0.23925687874865798,0.08047337278106509,0.11096478103840614,0.08417441455774873,0.11753749632388981,7,4,0.12777403475850946,0.26557484472454984,11,residual_processing_confounding_flagged_for_sn,evaluable_descriptive_residual_processing_confounded,
sn,1873a18a-66fd-4a4d-8277-a872c93f5b59,sn,nucleus,P-Hepato,10x 3' v3,UBASH3A,20,PSC_minus_Control,10x 3' v3,10x 3' v3,True,3,0.13612228665158133,0.03917782912398714,0.09694445752759419,0.0005303632988597189,0.0002733816003570552,0.0005469099587331577,0.00029408881482207626,7,4,0.07416115602860977,0.12206359864850282,11,residual_processing_confounding_flagged_for_sn,evaluable_descriptive_residual_processing_confounded,
sn,1873a18a-66fd-4a4d-8277-a872c93f5b59,sn,nucleus,P-Hepato,10x 3' v3,BCL2L11,50,PSC_minus_Control,10x 3' v3,10x 3' v3,True,3,4.486868029133311,4.8884509356559445,-0.4015829065226333,0.09118974115412017,0.140212903006938,0.10202356684731269,0.24242721301833153,7,4,-0.5621078922742848,-0.3171049590312478,11,residual_processing_confounding_flagged_for_sn,evaluable_descriptive_residual_processing_confounded,
sn,1873a18a-66fd-4a4d-8277-a872c93f5b59,sn,nucleus,P-Hepato,10x 3' v3,ETS2,50,PSC_minus_Control,10x 3' v3,10x 3' v3,True,3,8.550323623673254,8.203580866357518,0.3467427573157362,0.7702779353374929,0.7128327966700698,0.725103167105852,0.7495343593765317,7,4,0.25535461225542555,0.4381309023760469,11,residual_processing_confounding_flagged_for_sn,evaluable_descriptive_residual_processing_confounded,
sn,1873a18a-66fd-4a4d-8277-a872c93f5b59,sn,nucleus,P-Hepato,10x 3' v3,PFKFB3,50,PSC_minus_Control,10x 3' v3,10x 3' v3,True,3,6.075207744003282,5.6589972806209135,0.41621046338236845,0.19585798816568048,0.21127451705276928,0.20285387560284393,0.25615135771002845,7,4,0.1154658374990527,0.703591041113147,11,residual_processing_confounding_flagged_for_sn,evaluable_descriptive_residual_processing_confounded,
sn,1873a18a-66fd-4a4d-8277-a872c93f5b59,sn,nucleus,P-Hepato,10x 3' v3,PRKD2,50,PSC_minus_Control,10x 3' v3,10x 3' v3,True,3,4.3766819373933075,4.1374250586446495,0.23925687874865798,0.08047337278106509,0.11096478103840614,0.08417441455774873,0.11753749632388981,7,4,0.12777403475850946,0.26557484472454984,11,residual_processing_confounding_flagged_for_sn,evaluable_descriptive_residual_processing_confounded,
sn,1873a18a-66fd-4a4d-8277-a872c93f5b59,sn,nucleus,P-Hepato,10x 3' v3,UBASH3A,50,PSC_minus_Control,10x 3' v3,10x 3' v3,True,3,0.13612228665158133,0.03917782912398714,0.09694445752759419,0.0005303632988597189,0.0002733816003570552,0.0005469099587331577,0.00029408881482207626,7,4,0.07416115602860977,0.12206359864850282,11,residual_processing_confounding_flagged_for_sn,evaluable_descriptive_residual_processing_confounded,
sn,1873a18a-66fd-4a4d-8277-a872c93f5b59,sn,nucleus,P-Hepato2,10x 3' v3,BCL2L11,20,PSC_minus_Control,10x 3' v3,10x 3' v3,True,3,4.211881415511672,4.648856932718506,-0.43697551720683414,0.0749063670411985,0.1519748789346247,0.10240274599542334,0.3396591789310612,7,4,-0.6238415056072766,-0.36654422936410924,11,residual_processing_confounding_flagged_for_sn,evaluable_descriptive_residual_processing_confounded,
sn,1873a18a-66fd-4a4d-8277-a872c93f5b59,sn,nucleus,P-Hepato2,10x 3' v3,ETS2,20,PSC_minus_Control,10x 3' v3,10x 3' v3,True,3,8.199774628049356,7.771541277264436,0.42823335078491986,0.6928838951310862,0.7411571832122679,0.6967963386727689,0.8075135553834237,7,4,0.29089994828399846,0.5655667532858404,11,residual_processing_confounding_flagged_for_sn,evaluable_descriptive_residual_processing_confounded,
sn,1873a18a-66fd-4a4d-8277-a872c93f5b59,sn,nucleus,P-Hepato2,10x 3' v3,PFKFB3,20,PSC_minus_Control,10x 3' v3,10x 3' v3,True,3,5.5375954778577565,4.631898038319522,0.9056974395382342,0.18776671408250356,0.17350181598062953,0.19908466819221968,0.2951200619674671,7,4,0.08283229025843042,1.7285625888180376,11,residual_processing_confounding_flagged_for_sn,evaluable_descriptive_residual_processing_confounded,
sn,1873a18a-66fd-4a4d-8277-a872c93f5b59,sn,nucleus,P-Hepato2,10x 3' v3,PRKD2,20,PSC_minus_Control,10x 3' v3,10x 3' v3,True,3,4.3174017282182815,3.801515848516213,0.5158858797020685,0.09787234042553192,0.11675181436210849,0.10125858123569793,0.15801704105344694,7,4,0.36601081706439764,0.6657609423397397,11,residual_processing_confounding_flagged_for_sn,evaluable_descriptive_residual_processing_confounded,
sn,1873a18a-66fd-4a4d-8277-a872c93f5b59,sn,nucleus,P-Hepato2,10x 3' v3,UBASH3A,20,PSC_minus_Control,10x 3' v3,10x 3' v3,True,3,0.0,0.0,0.0,0.0,0.0,0.0011441647597254005,0.000774593338497289,7,4,0.0,0.0,11,residual_processing_confounding_flagged_for_sn,evaluable_descriptive_residual_processing_confounded,
sn,1873a18a-66fd-4a4d-8277-a872c93f5b59,sn,nucleus,P-Hepato2,10x 3' v3,BCL2L11,50,PSC_minus_Control,10x 3' v3,10x 3' v3,True,3,4.211881415511672,4.648856932718506,-0.43697551720683414,0.0749063670411985,0.1519748789346247,0.10240274599542334,0.3396591789310612,7,4,-0.6238415056072766,-0.36654422936410924,11,residual_processing_confounding_flagged_for_sn,evaluable_descriptive_residual_processing_confounded,
sn,1873a18a-66fd-4a4d-8277-a872c93f5b59,sn,nucleus,P-Hepato2,10x 3' v3,ETS2,50,PSC_minus_Control,10x 3' v3,10x 3' v3,True,3,8.199774628049356,7.771541277264436,0.42823335078491986,0.6928838951310862,0.7411571832122679,0.6967963386727689,0.8075135553834237,7,4,0.29089994828399846,0.5655667532858404,11,residual_processing_confounding_flagged_for_sn,evaluable_descriptive_residual_processing_confounded,
sn,1873a18a-66fd-4a4d-8277-a872c93f5b59,sn,nucleus,P-Hepato2,10x 3' v3,PFKFB3,50,PSC_minus_Control,10x 3' v3,10x 3' v3,True,3,5.5375954778577565,4.631898038319522,0.9056974395382342,0.18776671408250356,0.17350181598062953,0.19908466819221968,0.2951200619674671,7,4,0.08283229025843042,1.7285625888180376,11,residual_processing_confounding_flagged_for_sn,evaluable_descriptive_residual_processing_confounded,
sn,1873a18a-66fd-4a4d-8277-a872c93f5b59,sn,nucleus,P-Hepato2,10x 3' v3,PRKD2,50,PSC_minus_Control,10x 3' v3,10x 3' v3,True,3,4.3174017282182815,3.801515848516213,0.5158858797020685,0.09787234042553192,0.11675181436210849,0.10125858123569793,0.15801704105344694,7,4,0.36601081706439764,0.6657609423397397,11,residual_processing_confounding_flagged_for_sn,evaluable_descriptive_residual_processing_confounded,
sn,1873a18a-66fd-4a4d-8277-a872c93f5b59,sn,nucleus,P-Hepato2,10x 3' v3,UBASH3A,50,PSC_minus_Control,10x 3' v3,10x 3' v3,True,3,0.0,0.0,0.0,0.0,0.0,0.0011441647597254005,0.000774593338497289,7,4,0.0,0.0,11,residual_processing_confounding_flagged_for_sn,evaluable_descriptive_residual_processing_confounded,
sn,1873a18a-66fd-4a4d-8277-a872c93f5b59,sn,nucleus,Prolif,10x 3' v3,BCL2L11,20,PSC_minus_Control,10x 3' v3,10x 3' v3,True,3,,,,,,,,0,0,,,0,unavailable,insufficient_donors,At least three eligible donors per cohort are required
sn,1873a18a-66fd-4a4d-8277-a872c93f5b59,sn,nucleus,Prolif,10x 3' v3,ETS2,20,PSC_minus_Control,10x 3' v3,10x 3' v3,True,3,,,,,,,,0,0,,,0,unavailable,insufficient_donors,At least three eligible donors per cohort are required
sn,1873a18a-66fd-4a4d-8277-a872c93f5b59,sn,nucleus,Prolif,10x 3' v3,PFKFB3,20,PSC_minus_Control,10x 3' v3,10x 3' v3,True,3,,,,,,,,0,0,,,0,unavailable,insufficient_donors,At least three eligible donors per cohort are required
sn,1873a18a-66fd-4a4d-8277-a872c93f5b59,sn,nucleus,Prolif,10x 3' v3,PRKD2,20,PSC_minus_Control,10x 3' v3,10x 3' v3,True,3,,,,,,,,0,0,,,0,unavailable,insufficient_donors,At least three eligible donors per cohort are required
sn,1873a18a-66fd-4a4d-8277-a872c93f5b59,sn,nucleus,Prolif,10x 3' v3,UBASH3A,20,PSC_minus_Control,10x 3' v3,10x 3' v3,True,3,,,,,,,,0,0,,,0,unavailable,insufficient_donors,At least three eligible donors per cohort are required
sn,1873a18a-66fd-4a4d-8277-a872c93f5b59,sn,nucleus,Prolif,10x 3' v3,BCL2L11,50,PSC_minus_Control,10x 3' v3,10x 3' v3,True,3,,,,,,,,0,0,,,0,unavailable,insufficient_donors,At least three eligible donors per cohort are required
sn,1873a18a-66fd-4a4d-8277-a872c93f5b59,sn,nucleus,Prolif,10x 3' v3,ETS2,50,PSC_minus_Control,10x 3' v3,10x 3' v3,True,3,,,,,,,,0,0,,,0,unavailable,insufficient_donors,At least three eligible donors per cohort are required
sn,1873a18a-66fd-4a4d-8277-a872c93f5b59,sn,nucleus,Prolif,10x 3' v3,PFKFB3,50,PSC_minus_Control,10x 3' v3,10x 3' v3,True,3,,,,,,,,0,0,,,0,unavailable,insufficient_donors,At least three eligible donors per cohort are required
sn,1873a18a-66fd-4a4d-8277-a872c93f5b59,sn,nucleus,Prolif,10x 3' v3,PRKD2,50,PSC_minus_Control,10x 3' v3,10x 3' v3,True,3,,,,,,,,0,0,,,0,unavailable,insufficient_donors,At least three eligible donors per cohort are required
sn,1873a18a-66fd-4a4d-8277-a872c93f5b59,sn,nucleus,Prolif,10x 3' v3,UBASH3A,50,PSC_minus_Control,10x 3' v3,10x 3' v3,True,3,,,,,,,,0,0,,,0,unavailable,insufficient_donors,At least three eligible donors per cohort are required
sn,1873a18a-66fd-4a4d-8277-a872c93f5b59,sn,nucleus,Prolif-Mac,10x 3' v3,BCL2L11,20,PSC_minus_Control,10x 3' v3,10x 3' v3,True,3,,,,,,,,5,0,,,0,unavailable,insufficient_donors,At least three eligible donors per cohort are required
sn,1873a18a-66fd-4a4d-8277-a872c93f5b59,sn,nucleus,Prolif-Mac,10x 3' v3,ETS2,20,PSC_minus_Control,10x 3' v3,10x 3' v3,True,3,,,,,,,,5,0,,,0,unavailable,insufficient_donors,At least three eligible donors per cohort are required
sn,1873a18a-66fd-4a4d-8277-a872c93f5b59,sn,nucleus,Prolif-Mac,10x 3' v3,PFKFB3,20,PSC_minus_Control,10x 3' v3,10x 3' v3,True,3,,,,,,,,5,0,,,0,unavailable,insufficient_donors,At least three eligible donors per cohort are required
sn,1873a18a-66fd-4a4d-8277-a872c93f5b59,sn,nucleus,Prolif-Mac,10x 3' v3,PRKD2,20,PSC_minus_Control,10x 3' v3,10x 3' v3,True,3,,,,,,,,5,0,,,0,unavailable,insufficient_donors,At least three eligible donors per cohort are required
sn,1873a18a-66fd-4a4d-8277-a872c93f5b59,sn,nucleus,Prolif-Mac,10x 3' v3,UBASH3A,20,PSC_minus_Control,10x 3' v3,10x 3' v3,True,3,,,,,,,,5,0,,,0,unavailable,insufficient_donors,At least three eligible donors per cohort are required
sn,1873a18a-66fd-4a4d-8277-a872c93f5b59,sn,nucleus,Prolif-Mac,10x 3' v3,BCL2L11,50,PSC_minus_Control,10x 3' v3,10x 3' v3,True,3,,,,,,,,0,0,,,0,unavailable,insufficient_donors,At least three eligible donors per cohort are required
sn,1873a18a-66fd-4a4d-8277-a872c93f5b59,sn,nucleus,Prolif-Mac,10x 3' v3,ETS2,50,PSC_minus_Control,10x 3' v3,10x 3' v3,True,3,,,,,,,,0,0,,,0,unavailable,insufficient_donors,At least three eligible donors per cohort are required
sn,1873a18a-66fd-4a4d-8277-a872c93f5b59,sn,nucleus,Prolif-Mac,10x 3' v3,PFKFB3,50,PSC_minus_Control,10x 3' v3,10x 3' v3,True,3,,,,,,,,0,0,,,0,unavailable,insufficient_donors,At least three eligible donors per cohort are required
sn,1873a18a-66fd-4a4d-8277-a872c93f5b59,sn,nucleus,Prolif-Mac,10x 3' v3,PRKD2,50,PSC_minus_Control,10x 3' v3,10x 3' v3,True,3,,,,,,,,0,0,,,0,unavailable,insufficient_donors,At least three eligible donors per cohort are required
sn,1873a18a-66fd-4a4d-8277-a872c93f5b59,sn,nucleus,Prolif-Mac,10x 3' v3,UBASH3A,50,PSC_minus_Control,10x 3' v3,10x 3' v3,True,3,,,,,,,,0,0,,,0,unavailable,insufficient_donors,At least three eligible donors per cohort are required
sn,1873a18a-66fd-4a4d-8277-a872c93f5b59,sn,nucleus,Stellate,10x 3' v3,BCL2L11,20,PSC_minus_Control,10x 3' v3,10x 3' v3,True,3,5.055456275376383,3.0656580000969416,1.9897982752794419,0.08,0.016736401673640166,0.07269338303821063,0.03557312252964427,7,3,1.9041515036730048,2.0932318659511115,7,residual_processing_confounding_flagged_for_sn,evaluable_descriptive_residual_processing_confounded,
sn,1873a18a-66fd-4a4d-8277-a872c93f5b59,sn,nucleus,Stellate,10x 3' v3,ETS2,20,PSC_minus_Control,10x 3' v3,10x 3' v3,True,3,7.634058356175257,8.100739705070357,-0.4666813488950998,0.44,0.640625,0.39888164026095063,0.5454545454545454,7,3,-0.5106018010114299,-0.4446490538894299,7,residual_processing_confounding_flagged_for_sn,evaluable_descriptive_residual_processing_confounded,
sn,1873a18a-66fd-4a4d-8277-a872c93f5b59,sn,nucleus,Stellate,10x 3' v3,PFKFB3,20,PSC_minus_Control,10x 3' v3,10x 3' v3,True,3,6.581864412237921,5.815749620569435,0.7661147916684854,0.16666666666666666,0.11715481171548117,0.18546132339235788,0.15612648221343872,7,3,0.3823805657391883,0.793746929565299,7,residual_processing_confounding_flagged_for_sn,evaluable_descriptive_residual_processing_confounded,
sn,1873a18a-66fd-4a4d-8277-a872c93f5b59,sn,nucleus,Stellate,10x 3' v3,PRKD2,20,PSC_minus_Control,10x 3' v3,10x 3' v3,True,3,4.744333638210677,5.579390919598667,-0.8350572813879893,0.0603448275862069,0.12552301255230125,0.07082945013979497,0.14031620553359683,7,3,-0.901355654053476,-0.7879818271662069,7,residual_processing_confounding_flagged_for_sn,evaluable_descriptive_residual_processing_confounded,
sn,1873a18a-66fd-4a4d-8277-a872c93f5b59,sn,nucleus,Stellate,10x 3' v3,UBASH3A,20,PSC_minus_Control,10x 3' v3,10x 3' v3,True,3,1.5062543633135248,0.0,1.5062543633135248,0.00796812749003984,0.0,0.0065237651444548,0.001976284584980237,7,3,0.7531271816567624,1.7926712576799846,7,residual_processing_confounding_flagged_for_sn,evaluable_descriptive_residual_processing_confounded,
sn,1873a18a-66fd-4a4d-8277-a872c93f5b59,sn,nucleus,Stellate,10x 3' v3,BCL2L11,50,PSC_minus_Control,10x 3' v3,10x 3' v3,True,3,4.88416273216351,3.0656580000969416,1.8185047320665686,0.07758620689655173,0.016736401673640166,0.07135874877810362,0.03557312252964427,5,3,1.5759961661924993,1.9041515036730048,5,residual_processing_confounding_flagged_for_sn,evaluable_descriptive_residual_processing_confounded,
sn,1873a18a-66fd-4a4d-8277-a872c93f5b59,sn,nucleus,Stellate,10x 3' v3,ETS2,50,PSC_minus_Control,10x 3' v3,10x 3' v3,True,3,7.546217451942597,8.100739705070357,-0.55452225312776,0.3651452282157676,0.640625,0.39002932551319647,0.5454545454545454,5,3,-0.6283838136131266,-0.5106018010114299,5,residual_processing_confounding_flagged_for_sn,evaluable_descriptive_residual_processing_confounded,
sn,1873a18a-66fd-4a4d-8277-a872c93f5b59,sn,nucleus,Stellate,10x 3' v3,PFKFB3,50,PSC_minus_Control,10x 3' v3,10x 3' v3,True,3,6.581864412237921,5.815749620569435,0.7661147916684854,0.17012448132780084,0.11715481171548117,0.18866080156402737,0.15612648221343872,5,3,0.3823805657391883,0.793746929565299,5,residual_processing_confounding_flagged_for_sn,evaluable_descriptive_residual_processing_confounded,
sn,1873a18a-66fd-4a4d-8277-a872c93f5b59,sn,nucleus,Stellate,10x 3' v3,PRKD2,50,PSC_minus_Control,10x 3' v3,10x 3' v3,True,3,4.744333638210677,5.579390919598667,-0.8350572813879893,0.0603448275862069,0.12552301255230125,0.07038123167155426,0.14031620553359683,5,3,-0.901355654053476,-0.7879818271662069,5,residual_processing_confounding_flagged_for_sn,evaluable_descriptive_residual_processing_confounded,
sn,1873a18a-66fd-4a4d-8277-a872c93f5b59,sn,nucleus,Stellate,10x 3' v3,UBASH3A,50,PSC_minus_Control,10x 3' v3,10x 3' v3,True,3,2.0790881520464444,0.0,2.0790881520464444,0.008097165991902834,0.0,0.006842619745845552,0.001976284584980237,5,3,1.7926712576799846,2.1000414717161,5,residual_processing_confounding_flagged_for_sn,evaluable_descriptive_residual_processing_confounded,
sn,1873a18a-66fd-4a4d-8277-a872c93f5b59,sn,nucleus,Stellate-Doublet,10x 3' v3,BCL2L11,20,PSC_minus_Control,10x 3' v3,10x 3' v3,True,3,,,,,,,,0,0,,,0,unavailable,insufficient_donors,At least three eligible donors per cohort are required
sn,1873a18a-66fd-4a4d-8277-a872c93f5b59,sn,nucleus,Stellate-Doublet,10x 3' v3,ETS2,20,PSC_minus_Control,10x 3' v3,10x 3' v3,True,3,,,,,,,,0,0,,,0,unavailable,insufficient_donors,At least three eligible donors per cohort are required
sn,1873a18a-66fd-4a4d-8277-a872c93f5b59,sn,nucleus,Stellate-Doublet,10x 3' v3,PFKFB3,20,PSC_minus_Control,10x 3' v3,10x 3' v3,True,3,,,,,,,,0,0,,,0,unavailable,insufficient_donors,At least three eligible donors per cohort are required
sn,1873a18a-66fd-4a4d-8277-a872c93f5b59,sn,nucleus,Stellate-Doublet,10x 3' v3,PRKD2,20,PSC_minus_Control,10x 3' v3,10x 3' v3,True,3,,,,,,,,0,0,,,0,unavailable,insufficient_donors,At least three eligible donors per cohort are required
sn,1873a18a-66fd-4a4d-8277-a872c93f5b59,sn,nucleus,Stellate-Doublet,10x 3' v3,UBASH3A,20,PSC_minus_Control,10x 3' v3,10x 3' v3,True,3,,,,,,,,0,0,,,0,unavailable,insufficient_donors,At least three eligible donors per cohort are required
sn,1873a18a-66fd-4a4d-8277-a872c93f5b59,sn,nucleus,Stellate-Doublet,10x 3' v3,BCL2L11,50,PSC_minus_Control,10x 3' v3,10x 3' v3,True,3,,,,,,,,0,0,,,0,unavailable,insufficient_donors,At least three eligible donors per cohort are required
sn,1873a18a-66fd-4a4d-8277-a872c93f5b59,sn,nucleus,Stellate-Doublet,10x 3' v3,ETS2,50,PSC_minus_Control,10x 3' v3,10x 3' v3,True,3,,,,,,,,0,0,,,0,unavailable,insufficient_donors,At least three eligible donors per cohort are required
sn,1873a18a-66fd-4a4d-8277-a872c93f5b59,sn,nucleus,Stellate-Doublet,10x 3' v3,PFKFB3,50,PSC_minus_Control,10x 3' v3,10x 3' v3,True,3,,,,,,,,0,0,,,0,unavailable,insufficient_donors,At least three eligible donors per cohort are required
sn,1873a18a-66fd-4a4d-8277-a872c93f5b59,sn,nucleus,Stellate-Doublet,10x 3' v3,PRKD2,50,PSC_minus_Control,10x 3' v3,10x 3' v3,True,3,,,,,,,,0,0,,,0,unavailable,insufficient_donors,At least three eligible donors per cohort are required
sn,1873a18a-66fd-4a4d-8277-a872c93f5b59,sn,nucleus,Stellate-Doublet,10x 3' v3,UBASH3A,50,PSC_minus_Control,10x 3' v3,10x 3' v3,True,3,,,,,,,,0,0,,,0,unavailable,insufficient_donors,At least three eligible donors per cohort are required
sn,1873a18a-66fd-4a4d-8277-a872c93f5b59,sn,nucleus,Tcell-Doublet,10x 3' v3,BCL2L11,20,PSC_minus_Control,10x 3' v3,10x 3' v3,True,3,,,,,,,,0,0,,,0,unavailable,insufficient_donors,At least three eligible donors per cohort are required
sn,1873a18a-66fd-4a4d-8277-a872c93f5b59,sn,nucleus,Tcell-Doublet,10x 3' v3,ETS2,20,PSC_minus_Control,10x 3' v3,10x 3' v3,True,3,,,,,,,,0,0,,,0,unavailable,insufficient_donors,At least three eligible donors per cohort are required
sn,1873a18a-66fd-4a4d-8277-a872c93f5b59,sn,nucleus,Tcell-Doublet,10x 3' v3,PFKFB3,20,PSC_minus_Control,10x 3' v3,10x 3' v3,True,3,,,,,,,,0,0,,,0,unavailable,insufficient_donors,At least three eligible donors per cohort are required
sn,1873a18a-66fd-4a4d-8277-a872c93f5b59,sn,nucleus,Tcell-Doublet,10x 3' v3,PRKD2,20,PSC_minus_Control,10x 3' v3,10x 3' v3,True,3,,,,,,,,0,0,,,0,unavailable,insufficient_donors,At least three eligible donors per cohort are required
sn,1873a18a-66fd-4a4d-8277-a872c93f5b59,sn,nucleus,Tcell-Doublet,10x 3' v3,UBASH3A,20,PSC_minus_Control,10x 3' v3,10x 3' v3,True,3,,,,,,,,0,0,,,0,unavailable,insufficient_donors,At least three eligible donors per cohort are required
sn,1873a18a-66fd-4a4d-8277-a872c93f5b59,sn,nucleus,Tcell-Doublet,10x 3' v3,BCL2L11,50,PSC_minus_Control,10x 3' v3,10x 3' v3,True,3,,,,,,,,0,0,,,0,unavailable,insufficient_donors,At least three eligible donors per cohort are required
sn,1873a18a-66fd-4a4d-8277-a872c93f5b59,sn,nucleus,Tcell-Doublet,10x 3' v3,ETS2,50,PSC_minus_Control,10x 3' v3,10x 3' v3,True,3,,,,,,,,0,0,,,0,unavailable,insufficient_donors,At least three eligible donors per cohort are required
sn,1873a18a-66fd-4a4d-8277-a872c93f5b59,sn,nucleus,Tcell-Doublet,10x 3' v3,PFKFB3,50,PSC_minus_Control,10x 3' v3,10x 3' v3,True,3,,,,,,,,0,0,,,0,unavailable,insufficient_donors,At least three eligible donors per cohort are required
sn,1873a18a-66fd-4a4d-8277-a872c93f5b59,sn,nucleus,Tcell-Doublet,10x 3' v3,PRKD2,50,PSC_minus_Control,10x 3' v3,10x 3' v3,True,3,,,,,,,,0,0,,,0,unavailable,insufficient_donors,At least three eligible donors per cohort are required
sn,1873a18a-66fd-4a4d-8277-a872c93f5b59,sn,nucleus,Tcell-Doublet,10x 3' v3,UBASH3A,50,PSC_minus_Control,10x 3' v3,10x 3' v3,True,3,,,,,,,,0,0,,,0,unavailable,insufficient_donors,At least three eligible donors per cohort are required
sn,1873a18a-66fd-4a4d-8277-a872c93f5b59,sn,nucleus,VSMC,10x 3' v3,BCL2L11,20,PSC_minus_Control,10x 3' v3,10x 3' v3,True,3,,,,,,,,4,0,,,0,unavailable,insufficient_donors,At least three eligible donors per cohort are required
sn,1873a18a-66fd-4a4d-8277-a872c93f5b59,sn,nucleus,VSMC,10x 3' v3,ETS2,20,PSC_minus_Control,10x 3' v3,10x 3' v3,True,3,,,,,,,,4,0,,,0,unavailable,insufficient_donors,At least three eligible donors per cohort are required
sn,1873a18a-66fd-4a4d-8277-a872c93f5b59,sn,nucleus,VSMC,10x 3' v3,PFKFB3,20,PSC_minus_Control,10x 3' v3,10x 3' v3,True,3,,,,,,,,4,0,,,0,unavailable,insufficient_donors,At least three eligible donors per cohort are required
sn,1873a18a-66fd-4a4d-8277-a872c93f5b59,sn,nucleus,VSMC,10x 3' v3,PRKD2,20,PSC_minus_Control,10x 3' v3,10x 3' v3,True,3,,,,,,,,4,0,,,0,unavailable,insufficient_donors,At least three eligible donors per cohort are required
sn,1873a18a-66fd-4a4d-8277-a872c93f5b59,sn,nucleus,VSMC,10x 3' v3,UBASH3A,20,PSC_minus_Control,10x 3' v3,10x 3' v3,True,3,,,,,,,,4,0,,,0,unavailable,insufficient_donors,At least three eligible donors per cohort are required
sn,1873a18a-66fd-4a4d-8277-a872c93f5b59,sn,nucleus,VSMC,10x 3' v3,BCL2L11,50,PSC_minus_Control,10x 3' v3,10x 3' v3,True,3,,,,,,,,4,0,,,0,unavailable,insufficient_donors,At least three eligible donors per cohort are required
sn,1873a18a-66fd-4a4d-8277-a872c93f5b59,sn,nucleus,VSMC,10x 3' v3,ETS2,50,PSC_minus_Control,10x 3' v3,10x 3' v3,True,3,,,,,,,,4,0,,,0,unavailable,insufficient_donors,At least three eligible donors per cohort are required
sn,1873a18a-66fd-4a4d-8277-a872c93f5b59,sn,nucleus,VSMC,10x 3' v3,PFKFB3,50,PSC_minus_Control,10x 3' v3,10x 3' v3,True,3,,,,,,,,4,0,,,0,unavailable,insufficient_donors,At least three eligible donors per cohort are required
sn,1873a18a-66fd-4a4d-8277-a872c93f5b59,sn,nucleus,VSMC,10x 3' v3,PRKD2,50,PSC_minus_Control,10x 3' v3,10x 3' v3,True,3,,,,,,,,4,0,,,0,unavailable,insufficient_donors,At least three eligible donors per cohort are required
sn,1873a18a-66fd-4a4d-8277-a872c93f5b59,sn,nucleus,VSMC,10x 3' v3,UBASH3A,50,PSC_minus_Control,10x 3' v3,10x 3' v3,True,3,,,,,,,,4,0,,,0,unavailable,insufficient_donors,At least three eligible donors per cohort are required
sn,1873a18a-66fd-4a4d-8277-a872c93f5b59,sn,nucleus,aStellate,10x 3' v3,BCL2L11,20,PSC_minus_Control,10x 3' v3,10x 3' v3,True,3,4.211481549905869,5.146625746204983,-0.935144196299114,0.04132231404958678,0.10294117647058823,0.06119951040391677,0.12062256809338522,7,3,-0.9752585646072385,-0.8214293684566583,7,residual_processing_confounding_flagged_for_sn,evaluable_descriptive_residual_processing_confounded,
sn,1873a18a-66fd-4a4d-8277-a872c93f5b59,sn,nucleus,aStellate,10x 3' v3,ETS2,20,PSC_minus_Control,10x 3' v3,10x 3' v3,True,3,6.489322372229902,7.670407333925799,-1.1810849616958974,0.23529411764705882,0.45588235294117646,0.21542227662178703,0.36964980544747084,7,3,-1.2011719522394744,-1.1206117145286907,7,residual_processing_confounding_flagged_for_sn,evaluable_descriptive_residual_processing_confounded,
sn,1873a18a-66fd-4a4d-8277-a872c93f5b59,sn,nucleus,aStellate,10x 3' v3,PFKFB3,20,PSC_minus_Control,10x 3' v3,10x 3' v3,True,3,6.398669094121396,5.769436374633985,0.629232719487411,0.16470588235294117,0.14705882352941177,0.15299877600979192,0.15953307392996108,7,3,0.42564755006584676,0.6883956073330246,7,residual_processing_confounding_flagged_for_sn,evaluable_descriptive_residual_processing_confounded,
sn,1873a18a-66fd-4a4d-8277-a872c93f5b59,sn,nucleus,aStellate,10x 3' v3,PRKD2,20,PSC_minus_Control,10x 3' v3,10x 3' v3,True,3,4.279383493473224,4.979038970981815,-0.6996554775085908,0.05555555555555555,0.07575757575757576,0.044063647490820076,0.0933852140077821,7,3,-0.7528537929326369,-0.6045891288657668,7,residual_processing_confounding_flagged_for_sn,evaluable_descriptive_residual_processing_confounded,
sn,1873a18a-66fd-4a4d-8277-a872c93f5b59,sn,nucleus,aStellate,10x 3' v3,UBASH3A,20,PSC_minus_Control,10x 3' v3,10x 3' v3,True,3,0.0,0.0,0.0,0.0,0.0,0.0012239902080783353,0.0,7,3,0.0,0.0,7,residual_processing_confounding_flagged_for_sn,evaluable_descriptive_residual_processing_confounded,
sn,1873a18a-66fd-4a4d-8277-a872c93f5b59,sn,nucleus,aStellate,10x 3' v3,BCL2L11,50,PSC_minus_Control,10x 3' v3,10x 3' v3,True,3,4.43891120559078,5.146625746204983,-0.7077145406142034,0.07115384615384615,0.10294117647058823,0.062340966921119595,0.12062256809338522,5,3,-0.8615437367647836,-0.6001710504384237,5,residual_processing_confounding_flagged_for_sn,evaluable_descriptive_residual_processing_confounded,
sn,1873a18a-66fd-4a4d-8277-a872c93f5b59,sn,nucleus,aStellate,10x 3' v3,ETS2,50,PSC_minus_Control,10x 3' v3,10x 3' v3,True,3,6.449148391142747,7.670407333925799,-1.2212589427830522,0.2024793388429752,0.45588235294117646,0.20674300254452926,0.36964980544747084,5,3,-1.3601148350537615,-1.2011719522394744,5,residual_processing_confounding_flagged_for_sn,evaluable_descriptive_residual_processing_confounded,
sn,1873a18a-66fd-4a4d-8277-a872c93f5b59,sn,nucleus,aStellate,10x 3' v3,PFKFB3,50,PSC_minus_Control,10x 3' v3,10x 3' v3,True,3,5.991498755278267,5.769436374633985,0.22206238064428163,0.16322314049586778,0.14705882352941177,0.15012722646310434,0.15953307392996108,5,3,0.09545545409817358,0.42564755006584676,5,residual_processing_confounding_flagged_for_sn,evaluable_descriptive_residual_processing_confounded,
sn,1873a18a-66fd-4a4d-8277-a872c93f5b59,sn,nucleus,aStellate,10x 3' v3,PRKD2,50,PSC_minus_Control,10x 3' v3,10x 3' v3,True,3,4.279383493473224,4.979038970981815,-0.6996554775085908,0.05825242718446602,0.07575757575757576,0.044529262086514,0.0933852140077821,5,3,-0.7528537929326369,-0.6045891288657668,5,residual_processing_confounding_flagged_for_sn,evaluable_descriptive_residual_processing_confounded,
sn,1873a18a-66fd-4a4d-8277-a872c93f5b59,sn,nucleus,aStellate,10x 3' v3,UBASH3A,50,PSC_minus_Control,10x 3' v3,10x 3' v3,True,3,0.0,0.0,0.0,0.0,0.0,0.0006361323155216285,0.0,5,3,0.0,0.0,5,residual_processing_confounding_flagged_for_sn,evaluable_descriptive_residual_processing_confounded,
sn,1873a18a-66fd-4a4d-8277-a872c93f5b59,sn,nucleus,cvEndo,10x 3' v3,BCL2L11,20,PSC_minus_Control,10x 3' v3,10x 3' v3,True,3,,,,,,,,3,2,,,0,unavailable,insufficient_donors,At least three eligible donors per cohort are required
sn,1873a18a-66fd-4a4d-8277-a872c93f5b59,sn,nucleus,cvEndo,10x 3' v3,ETS2,20,PSC_minus_Control,10x 3' v3,10x 3' v3,True,3,,,,,,,,3,2,,,0,unavailable,insufficient_donors,At least three eligible donors per cohort are required
sn,1873a18a-66fd-4a4d-8277-a872c93f5b59,sn,nucleus,cvEndo,10x 3' v3,PFKFB3,20,PSC_minus_Control,10x 3' v3,10x 3' v3,True,3,,,,,,,,3,2,,,0,unavailable,insufficient_donors,At least three eligible donors per cohort are required
sn,1873a18a-66fd-4a4d-8277-a872c93f5b59,sn,nucleus,cvEndo,10x 3' v3,PRKD2,20,PSC_minus_Control,10x 3' v3,10x 3' v3,True,3,,,,,,,,3,2,,,0,unavailable,insufficient_donors,At least three eligible donors per cohort are required
sn,1873a18a-66fd-4a4d-8277-a872c93f5b59,sn,nucleus,cvEndo,10x 3' v3,UBASH3A,20,PSC_minus_Control,10x 3' v3,10x 3' v3,True,3,,,,,,,,3,2,,,0,unavailable,insufficient_donors,At least three eligible donors per cohort are required
sn,1873a18a-66fd-4a4d-8277-a872c93f5b59,sn,nucleus,cvEndo,10x 3' v3,BCL2L11,50,PSC_minus_Control,10x 3' v3,10x 3' v3,True,3,,,,,,,,0,0,,,0,unavailable,insufficient_donors,At least three eligible donors per cohort are required
sn,1873a18a-66fd-4a4d-8277-a872c93f5b59,sn,nucleus,cvEndo,10x 3' v3,ETS2,50,PSC_minus_Control,10x 3' v3,10x 3' v3,True,3,,,,,,,,0,0,,,0,unavailable,insufficient_donors,At least three eligible donors per cohort are required
sn,1873a18a-66fd-4a4d-8277-a872c93f5b59,sn,nucleus,cvEndo,10x 3' v3,PFKFB3,50,PSC_minus_Control,10x 3' v3,10x 3' v3,True,3,,,,,,,,0,0,,,0,unavailable,insufficient_donors,At least three eligible donors per cohort are required
sn,1873a18a-66fd-4a4d-8277-a872c93f5b59,sn,nucleus,cvEndo,10x 3' v3,PRKD2,50,PSC_minus_Control,10x 3' v3,10x 3' v3,True,3,,,,,,,,0,0,,,0,unavailable,insufficient_donors,At least three eligible donors per cohort are required
sn,1873a18a-66fd-4a4d-8277-a872c93f5b59,sn,nucleus,cvEndo,10x 3' v3,UBASH3A,50,PSC_minus_Control,10x 3' v3,10x 3' v3,True,3,,,,,,,,0,0,,,0,unavailable,insufficient_donors,At least three eligible donors per cohort are required
sn,1873a18a-66fd-4a4d-8277-a872c93f5b59,sn,nucleus,cvLSEC,10x 3' v3,BCL2L11,20,PSC_minus_Control,10x 3' v3,10x 3' v3,True,3,5.272548753055133,4.259631878539422,1.012916874515711,0.1075050709939148,0.07051282051282051,0.11641673243883188,0.05954323001631321,7,3,0.9181602091849292,1.0642107734323156,7,residual_processing_confounding_flagged_for_sn,evaluable_descriptive_residual_processing_confounded,
sn,1873a18a-66fd-4a4d-8277-a872c93f5b59,sn,nucleus,cvLSEC,10x 3' v3,ETS2,20,PSC_minus_Control,10x 3' v3,10x 3' v3,True,3,7.248489745864623,7.90214958581667,-0.6536598399520477,0.3286004056795132,0.6474358974358975,0.33859510655090763,0.48776508972267535,7,3,-0.6982768471468423,-0.5812595765148716,7,residual_processing_confounding_flagged_for_sn,evaluable_descriptive_residual_processing_confounded,
sn,1873a18a-66fd-4a4d-8277-a872c93f5b59,sn,nucleus,cvLSEC,10x 3' v3,PFKFB3,20,PSC_minus_Control,10x 3' v3,10x 3' v3,True,3,6.0043523312023295,5.749906410519887,0.25444592068244276,0.21052631578947367,0.17307692307692307,0.20205209155485399,0.1468189233278956,7,3,0.1584995854427449,0.5419245328927715,7,residual_processing_confounding_flagged_for_sn,evaluable_descriptive_residual_processing_confounded,
sn,1873a18a-66fd-4a4d-8277-a872c93f5b59,sn,nucleus,cvLSEC,10x 3' v3,PRKD2,20,PSC_minus_Control,10x 3' v3,10x 3' v3,True,3,6.4284600211042555,7.5177518468344395,-1.089291825730184,0.2481012658227848,0.5769230769230769,0.23835832675611682,0.400489396411093,7,3,-1.1471115272535144,-0.9949791686707208,7,residual_processing_confounding_flagged_for_sn,evaluable_descriptive_residual_processing_confounded,
sn,1873a18a-66fd-4a4d-8277-a872c93f5b59,sn,nucleus,cvLSEC,10x 3' v3,UBASH3A,20,PSC_minus_Control,10x 3' v3,10x 3' v3,True,3,0.0,0.6324027782280901,-0.6324027782280901,0.0,0.0013003901170351106,0.0031570639305445935,0.0016313213703099511,7,3,-0.6324027782280901,-0.24251506237000725,7,residual_processing_confounding_flagged_for_sn,evaluable_descriptive_residual_processing_confounded,
sn,1873a18a-66fd-4a4d-8277-a872c93f5b59,sn,nucleus,cvLSEC,10x 3' v3,BCL2L11,50,PSC_minus_Control,10x 3' v3,10x 3' v3,True,3,5.375136550888343,4.259631878539422,1.115504672348921,0.1075050709939148,0.07051282051282051,0.11783827712312069,0.05954323001631321,5,3,1.0642107734323156,1.1459157239650652,5,residual_processing_confounding_flagged_for_sn,evaluable_descriptive_residual_processing_confounded,
sn,1873a18a-66fd-4a4d-8277-a872c93f5b59,sn,nucleus,cvLSEC,10x 3' v3,ETS2,50,PSC_minus_Control,10x 3' v3,10x 3' v3,True,3,7.159255731475034,7.90214958581667,-0.7428938543416361,0.3286004056795132,0.6474358974358975,0.33604225924420966,0.48776508972267535,5,3,-0.8485857239570871,-0.6982768471468423,5,residual_processing_confounding_flagged_for_sn,evaluable_descriptive_residual_processing_confounded,
sn,1873a18a-66fd-4a4d-8277-a872c93f5b59,sn,nucleus,cvLSEC,10x 3' v3,PFKFB3,50,PSC_minus_Control,10x 3' v3,10x 3' v3,True,3,6.0043523312023295,5.749906410519887,0.25444592068244276,0.21052631578947367,0.17307692307692307,0.20357578220235675,0.1468189233278956,5,3,0.1584995854427449,0.5419245328927715,5,residual_processing_confounding_flagged_for_sn,evaluable_descriptive_residual_processing_confounded,
sn,1873a18a-66fd-4a4d-8277-a872c93f5b59,sn,nucleus,cvLSEC,10x 3' v3,PRKD2,50,PSC_minus_Control,10x 3' v3,10x 3' v3,True,3,6.4284600211042555,7.5177518468344395,-1.089291825730184,0.25037037037037035,0.5769230769230769,0.24095895977245022,0.400489396411093,5,3,-1.1471115272535144,-0.7993976084673271,5,residual_processing_confounding_flagged_for_sn,evaluable_descriptive_residual_processing_confounded,
sn,1873a18a-66fd-4a4d-8277-a872c93f5b59,sn,nucleus,cvLSEC,10x 3' v3,UBASH3A,50,PSC_minus_Control,10x 3' v3,10x 3' v3,True,3,0.0,0.6324027782280901,-0.6324027782280901,0.0,0.0013003901170351106,0.002438033319788704,0.0016313213703099511,5,3,-0.6324027782280901,-0.24251506237000725,5,residual_processing_confounding_flagged_for_sn,evaluable_descriptive_residual_processing_confounded,
sn,1873a18a-66fd-4a4d-8277-a872c93f5b59,sn,nucleus,cvLSEC--Mac,10x 3' v3,BCL2L11,20,PSC_minus_Control,10x 3' v3,10x 3' v3,True,3,,,,,,,,0,0,,,0,unavailable,insufficient_donors,At least three eligible donors per cohort are required
sn,1873a18a-66fd-4a4d-8277-a872c93f5b59,sn,nucleus,cvLSEC--Mac,10x 3' v3,ETS2,20,PSC_minus_Control,10x 3' v3,10x 3' v3,True,3,,,,,,,,0,0,,,0,unavailable,insufficient_donors,At least three eligible donors per cohort are required
sn,1873a18a-66fd-4a4d-8277-a872c93f5b59,sn,nucleus,cvLSEC--Mac,10x 3' v3,PFKFB3,20,PSC_minus_Control,10x 3' v3,10x 3' v3,True,3,,,,,,,,0,0,,,0,unavailable,insufficient_donors,At least three eligible donors per cohort are required
sn,1873a18a-66fd-4a4d-8277-a872c93f5b59,sn,nucleus,cvLSEC--Mac,10x 3' v3,PRKD2,20,PSC_minus_Control,10x 3' v3,10x 3' v3,True,3,,,,,,,,0,0,,,0,unavailable,insufficient_donors,At least three eligible donors per cohort are required
sn,1873a18a-66fd-4a4d-8277-a872c93f5b59,sn,nucleus,cvLSEC--Mac,10x 3' v3,UBASH3A,20,PSC_minus_Control,10x 3' v3,10x 3' v3,True,3,,,,,,,,0,0,,,0,unavailable,insufficient_donors,At least three eligible donors per cohort are required
sn,1873a18a-66fd-4a4d-8277-a872c93f5b59,sn,nucleus,cvLSEC--Mac,10x 3' v3,BCL2L11,50,PSC_minus_Control,10x 3' v3,10x 3' v3,True,3,,,,,,,,0,0,,,0,unavailable,insufficient_donors,At least three eligible donors per cohort are required
sn,1873a18a-66fd-4a4d-8277-a872c93f5b59,sn,nucleus,cvLSEC--Mac,10x 3' v3,ETS2,50,PSC_minus_Control,10x 3' v3,10x 3' v3,True,3,,,,,,,,0,0,,,0,unavailable,insufficient_donors,At least three eligible donors per cohort are required
sn,1873a18a-66fd-4a4d-8277-a872c93f5b59,sn,nucleus,cvLSEC--Mac,10x 3' v3,PFKFB3,50,PSC_minus_Control,10x 3' v3,10x 3' v3,True,3,,,,,,,,0,0,,,0,unavailable,insufficient_donors,At least three eligible donors per cohort are required
sn,1873a18a-66fd-4a4d-8277-a872c93f5b59,sn,nucleus,cvLSEC--Mac,10x 3' v3,PRKD2,50,PSC_minus_Control,10x 3' v3,10x 3' v3,True,3,,,,,,,,0,0,,,0,unavailable,insufficient_donors,At least three eligible donors per cohort are required
sn,1873a18a-66fd-4a4d-8277-a872c93f5b59,sn,nucleus,cvLSEC--Mac,10x 3' v3,UBASH3A,50,PSC_minus_Control,10x 3' v3,10x 3' v3,True,3,,,,,,,,0,0,,,0,unavailable,insufficient_donors,At least three eligible donors per cohort are required
sn,1873a18a-66fd-4a4d-8277-a872c93f5b59,sn,nucleus,cvLSEC-Doublet,10x 3' v3,BCL2L11,20,PSC_minus_Control,10x 3' v3,10x 3' v3,True,3,,,,,,,,0,0,,,0,unavailable,insufficient_donors,At least three eligible donors per cohort are required
sn,1873a18a-66fd-4a4d-8277-a872c93f5b59,sn,nucleus,cvLSEC-Doublet,10x 3' v3,ETS2,20,PSC_minus_Control,10x 3' v3,10x 3' v3,True,3,,,,,,,,0,0,,,0,unavailable,insufficient_donors,At least three eligible donors per cohort are required
sn,1873a18a-66fd-4a4d-8277-a872c93f5b59,sn,nucleus,cvLSEC-Doublet,10x 3' v3,PFKFB3,20,PSC_minus_Control,10x 3' v3,10x 3' v3,True,3,,,,,,,,0,0,,,0,unavailable,insufficient_donors,At least three eligible donors per cohort are required
sn,1873a18a-66fd-4a4d-8277-a872c93f5b59,sn,nucleus,cvLSEC-Doublet,10x 3' v3,PRKD2,20,PSC_minus_Control,10x 3' v3,10x 3' v3,True,3,,,,,,,,0,0,,,0,unavailable,insufficient_donors,At least three eligible donors per cohort are required
sn,1873a18a-66fd-4a4d-8277-a872c93f5b59,sn,nucleus,cvLSEC-Doublet,10x 3' v3,UBASH3A,20,PSC_minus_Control,10x 3' v3,10x 3' v3,True,3,,,,,,,,0,0,,,0,unavailable,insufficient_donors,At least three eligible donors per cohort are required
sn,1873a18a-66fd-4a4d-8277-a872c93f5b59,sn,nucleus,cvLSEC-Doublet,10x 3' v3,BCL2L11,50,PSC_minus_Control,10x 3' v3,10x 3' v3,True,3,,,,,,,,0,0,,,0,unavailable,insufficient_donors,At least three eligible donors per cohort are required
sn,1873a18a-66fd-4a4d-8277-a872c93f5b59,sn,nucleus,cvLSEC-Doublet,10x 3' v3,ETS2,50,PSC_minus_Control,10x 3' v3,10x 3' v3,True,3,,,,,,,,0,0,,,0,unavailable,insufficient_donors,At least three eligible donors per cohort are required
sn,1873a18a-66fd-4a4d-8277-a872c93f5b59,sn,nucleus,cvLSEC-Doublet,10x 3' v3,PFKFB3,50,PSC_minus_Control,10x 3' v3,10x 3' v3,True,3,,,,,,,,0,0,,,0,unavailable,insufficient_donors,At least three eligible donors per cohort are required
sn,1873a18a-66fd-4a4d-8277-a872c93f5b59,sn,nucleus,cvLSEC-Doublet,10x 3' v3,PRKD2,50,PSC_minus_Control,10x 3' v3,10x 3' v3,True,3,,,,,,,,0,0,,,0,unavailable,insufficient_donors,At least three eligible donors per cohort are required
sn,1873a18a-66fd-4a4d-8277-a872c93f5b59,sn,nucleus,cvLSEC-Doublet,10x 3' v3,UBASH3A,50,PSC_minus_Control,10x 3' v3,10x 3' v3,True,3,,,,,,,,0,0,,,0,unavailable,insufficient_donors,At least three eligible donors per cohort are required
sn,1873a18a-66fd-4a4d-8277-a872c93f5b59,sn,nucleus,lrNK,10x 3' v3,BCL2L11,20,PSC_minus_Control,10x 3' v3,10x 3' v3,True,3,,,,,,,,6,1,,,0,unavailable,insufficient_donors,At least three eligible donors per cohort are required
sn,1873a18a-66fd-4a4d-8277-a872c93f5b59,sn,nucleus,lrNK,10x 3' v3,ETS2,20,PSC_minus_Control,10x 3' v3,10x 3' v3,True,3,,,,,,,,6,1,,,0,unavailable,insufficient_donors,At least three eligible donors per cohort are required
sn,1873a18a-66fd-4a4d-8277-a872c93f5b59,sn,nucleus,lrNK,10x 3' v3,PFKFB3,20,PSC_minus_Control,10x 3' v3,10x 3' v3,True,3,,,,,,,,6,1,,,0,unavailable,insufficient_donors,At least three eligible donors per cohort are required
sn,1873a18a-66fd-4a4d-8277-a872c93f5b59,sn,nucleus,lrNK,10x 3' v3,PRKD2,20,PSC_minus_Control,10x 3' v3,10x 3' v3,True,3,,,,,,,,6,1,,,0,unavailable,insufficient_donors,At least three eligible donors per cohort are required
sn,1873a18a-66fd-4a4d-8277-a872c93f5b59,sn,nucleus,lrNK,10x 3' v3,UBASH3A,20,PSC_minus_Control,10x 3' v3,10x 3' v3,True,3,,,,,,,,6,1,,,0,unavailable,insufficient_donors,At least three eligible donors per cohort are required
sn,1873a18a-66fd-4a4d-8277-a872c93f5b59,sn,nucleus,lrNK,10x 3' v3,BCL2L11,50,PSC_minus_Control,10x 3' v3,10x 3' v3,True,3,,,,,,,,4,1,,,0,unavailable,insufficient_donors,At least three eligible donors per cohort are required
sn,1873a18a-66fd-4a4d-8277-a872c93f5b59,sn,nucleus,lrNK,10x 3' v3,ETS2,50,PSC_minus_Control,10x 3' v3,10x 3' v3,True,3,,,,,,,,4,1,,,0,unavailable,insufficient_donors,At least three eligible donors per cohort are required
sn,1873a18a-66fd-4a4d-8277-a872c93f5b59,sn,nucleus,lrNK,10x 3' v3,PFKFB3,50,PSC_minus_Control,10x 3' v3,10x 3' v3,True,3,,,,,,,,4,1,,,0,unavailable,insufficient_donors,At least three eligible donors per cohort are required
sn,1873a18a-66fd-4a4d-8277-a872c93f5b59,sn,nucleus,lrNK,10x 3' v3,PRKD2,50,PSC_minus_Control,10x 3' v3,10x 3' v3,True,3,,,,,,,,4,1,,,0,unavailable,insufficient_donors,At least three eligible donors per cohort are required
sn,1873a18a-66fd-4a4d-8277-a872c93f5b59,sn,nucleus,lrNK,10x 3' v3,UBASH3A,50,PSC_minus_Control,10x 3' v3,10x 3' v3,True,3,,,,,,,,4,1,,,0,unavailable,insufficient_donors,At least three eligible donors per cohort are required
sn,1873a18a-66fd-4a4d-8277-a872c93f5b59,sn,nucleus,ppLSEC,10x 3' v3,BCL2L11,20,PSC_minus_Control,10x 3' v3,10x 3' v3,True,3,5.607684638448737,4.632276491889218,0.975408146559519,0.08241758241758242,0.08235294117647059,0.1655759162303665,0.07692307692307693,7,3,0.42668542287156086,1.029640902273897,7,residual_processing_confounding_flagged_for_sn,evaluable_descriptive_residual_processing_confounded,
sn,1873a18a-66fd-4a4d-8277-a872c93f5b59,sn,nucleus,ppLSEC,10x 3' v3,ETS2,20,PSC_minus_Control,10x 3' v3,10x 3' v3,True,3,7.956327229107055,8.03783005675485,-0.08150282764779426,0.41,0.53125,0.4469895287958115,0.493006993006993,7,3,-0.11420130719093002,-0.04168139436204488,7,residual_processing_confounding_flagged_for_sn,evaluable_descriptive_residual_processing_confounded,
sn,1873a18a-66fd-4a4d-8277-a872c93f5b59,sn,nucleus,ppLSEC,10x 3' v3,PFKFB3,20,PSC_minus_Control,10x 3' v3,10x 3' v3,True,3,6.330495920551863,5.0913358754939,1.2391600450579627,0.2,0.15625,0.2107329842931937,0.1258741258741259,7,3,1.2133890189123964,1.2683220549790999,7,residual_processing_confounding_flagged_for_sn,evaluable_descriptive_residual_processing_confounded,
sn,1873a18a-66fd-4a4d-8277-a872c93f5b59,sn,nucleus,ppLSEC,10x 3' v3,PRKD2,20,PSC_minus_Control,10x 3' v3,10x 3' v3,True,3,6.34931690255751,7.2279652570417205,-0.878648354484211,0.20454545454545456,0.46875,0.20287958115183247,0.3181818181818182,7,3,-0.9974575751306567,-0.6630014570274394,7,residual_processing_confounding_flagged_for_sn,evaluable_descriptive_residual_processing_confounded,
sn,1873a18a-66fd-4a4d-8277-a872c93f5b59,sn,nucleus,ppLSEC,10x 3' v3,UBASH3A,20,PSC_minus_Control,10x 3' v3,10x 3' v3,True,3,0.0,0.0,0.0,0.0,0.0,0.0,0.0,7,3,0.0,0.0,7,residual_processing_confounding_flagged_for_sn,evaluable_descriptive_residual_processing_confounded,
sn,1873a18a-66fd-4a4d-8277-a872c93f5b59,sn,nucleus,ppLSEC,10x 3' v3,BCL2L11,50,PSC_minus_Control,10x 3' v3,10x 3' v3,True,3,,,,,,,,5,2,,,0,unavailable,insufficient_donors,At least three eligible donors per cohort are required
sn,1873a18a-66fd-4a4d-8277-a872c93f5b59,sn,nucleus,ppLSEC,10x 3' v3,ETS2,50,PSC_minus_Control,10x 3' v3,10x 3' v3,True,3,,,,,,,,5,2,,,0,unavailable,insufficient_donors,At least three eligible donors per cohort are required
sn,1873a18a-66fd-4a4d-8277-a872c93f5b59,sn,nucleus,ppLSEC,10x 3' v3,PFKFB3,50,PSC_minus_Control,10x 3' v3,10x 3' v3,True,3,,,,,,,,5,2,,,0,unavailable,insufficient_donors,At least three eligible donors per cohort are required
sn,1873a18a-66fd-4a4d-8277-a872c93f5b59,sn,nucleus,ppLSEC,10x 3' v3,PRKD2,50,PSC_minus_Control,10x 3' v3,10x 3' v3,True,3,,,,,,,,5,2,,,0,unavailable,insufficient_donors,At least three eligible donors per cohort are required
sn,1873a18a-66fd-4a4d-8277-a872c93f5b59,sn,nucleus,ppLSEC,10x 3' v3,UBASH3A,50,PSC_minus_Control,10x 3' v3,10x 3' v3,True,3,,,,,,,,5,2,,,0,unavailable,insufficient_donors,At least three eligible donors per cohort are required
