dataset_key,dataset_id,modality,suspension_type,assay,author_cell_type,cohort,gene,cell_threshold,status,gene_status,gene_feature_present,eligible_donors,observed_donors,retained_cells,observed_retained_cells,donors_with_gene_umis_gt0,donor_weighted_median_log2_cpm1,donor_weighted_median_cpm,donor_weighted_median_detection_fraction,observed_detection_fraction,minimum_log2_cpm1,maximum_log2_cpm1,all_feature_umis,positive_denominator_donors
sc,02792605-4760-4023-82ad-40fc4458a5db,sc,cell,10x 5' v1,ActMac,Control,BCL2L11,20,evaluable_descriptive,present,True,1,5,32,60,1,5.363674204917564,40.174356708113216,0.125,0.125,5.363674204917564,5.363674204917564,99566,1
sc,02792605-4760-4023-82ad-40fc4458a5db,sc,cell,10x 5' v1,ActMac,Control,ETS2,20,evaluable_descriptive,present,True,1,5,32,60,1,8.332684904324918,321.3948536649057,0.5625,0.5625,8.332684904324918,8.332684904324918,99566,1
sc,02792605-4760-4023-82ad-40fc4458a5db,sc,cell,10x 5' v1,ActMac,Control,PFKFB3,20,evaluable_descriptive,present,True,1,5,32,60,1,5.678577489159247,50.21794588514152,0.125,0.125,5.678577489159247,5.678577489159247,99566,1
sc,02792605-4760-4023-82ad-40fc4458a5db,sc,cell,10x 5' v1,ActMac,Control,PRKD2,20,evaluable_descriptive,present,True,1,5,32,60,0,0.0,0.0,0.0,0.0,0.0,0.0,99566,1
sc,02792605-4760-4023-82ad-40fc4458a5db,sc,cell,10x 5' v1,ActMac,Control,UBASH3A,20,evaluable_descriptive,present,True,1,5,32,60,0,0.0,0.0,0.0,0.0,0.0,0.0,99566,1
sc,02792605-4760-4023-82ad-40fc4458a5db,sc,cell,10x 5' v1,ActMac,Control,BCL2L11,50,no_eligible_donors,present,True,0,5,0,60,0,,,,,,,0,0
sc,02792605-4760-4023-82ad-40fc4458a5db,sc,cell,10x 5' v1,ActMac,Control,ETS2,50,no_eligible_donors,present,True,0,5,0,60,0,,,,,,,0,0
sc,02792605-4760-4023-82ad-40fc4458a5db,sc,cell,10x 5' v1,ActMac,Control,PFKFB3,50,no_eligible_donors,present,True,0,5,0,60,0,,,,,,,0,0
sc,02792605-4760-4023-82ad-40fc4458a5db,sc,cell,10x 5' v1,ActMac,Control,PRKD2,50,no_eligible_donors,present,True,0,5,0,60,0,,,,,,,0,0
sc,02792605-4760-4023-82ad-40fc4458a5db,sc,cell,10x 5' v1,ActMac,Control,UBASH3A,50,no_eligible_donors,present,True,0,5,0,60,0,,,,,,,0,0
sc,02792605-4760-4023-82ad-40fc4458a5db,sc,cell,10x 5' v1,AntiB,Control,BCL2L11,20,evaluable_descriptive,present,True,2,6,69,106,2,4.524531686489096,23.0637235782076,0.08695652173913043,0.08695652173913043,4.09074211757505,4.958321255403144,349102,2
sc,02792605-4760-4023-82ad-40fc4458a5db,sc,cell,10x 5' v1,AntiB,Control,ETS2,20,evaluable_descriptive,present,True,2,6,69,106,2,5.6593629986092875,70.20170201300321,0.1847826086956522,0.14492753623188406,4.395635693245708,6.923090303972867,349102,2
sc,02792605-4760-4023-82ad-40fc4458a5db,sc,cell,10x 5' v1,AntiB,Control,PFKFB3,20,evaluable_descriptive,present,True,2,6,69,106,1,1.7316534512195434,5.0147936412416625,0.021739130434782608,0.014492753623188406,0.0,3.463306902439087,349102,2
sc,02792605-4760-4023-82ad-40fc4458a5db,sc,cell,10x 5' v1,AntiB,Control,PRKD2,20,evaluable_descriptive,present,True,2,6,69,106,2,4.878664048875997,30.077943918689854,0.15217391304347827,0.17391304347826086,4.396376984509911,5.360951113242083,349102,2
sc,02792605-4760-4023-82ad-40fc4458a5db,sc,cell,10x 5' v1,AntiB,Control,UBASH3A,20,evaluable_descriptive,present,True,2,6,69,106,0,0.0,0.0,0.0,0.0,0.0,0.0,349102,2
sc,02792605-4760-4023-82ad-40fc4458a5db,sc,cell,10x 5' v1,AntiB,Control,BCL2L11,50,no_eligible_donors,present,True,0,6,0,106,0,,,,,,,0,0
sc,02792605-4760-4023-82ad-40fc4458a5db,sc,cell,10x 5' v1,AntiB,Control,ETS2,50,no_eligible_donors,present,True,0,6,0,106,0,,,,,,,0,0
sc,02792605-4760-4023-82ad-40fc4458a5db,sc,cell,10x 5' v1,AntiB,Control,PFKFB3,50,no_eligible_donors,present,True,0,6,0,106,0,,,,,,,0,0
sc,02792605-4760-4023-82ad-40fc4458a5db,sc,cell,10x 5' v1,AntiB,Control,PRKD2,50,no_eligible_donors,present,True,0,6,0,106,0,,,,,,,0,0
sc,02792605-4760-4023-82ad-40fc4458a5db,sc,cell,10x 5' v1,AntiB,Control,UBASH3A,50,no_eligible_donors,present,True,0,6,0,106,0,,,,,,,0,0
sc,02792605-4760-4023-82ad-40fc4458a5db,sc,cell,10x 5' v1,Arterial,Control,BCL2L11,20,no_eligible_donors,present,True,0,5,0,52,0,,,,,,,0,0
sc,02792605-4760-4023-82ad-40fc4458a5db,sc,cell,10x 5' v1,Arterial,Control,ETS2,20,no_eligible_donors,present,True,0,5,0,52,0,,,,,,,0,0
sc,02792605-4760-4023-82ad-40fc4458a5db,sc,cell,10x 5' v1,Arterial,Control,PFKFB3,20,no_eligible_donors,present,True,0,5,0,52,0,,,,,,,0,0
sc,02792605-4760-4023-82ad-40fc4458a5db,sc,cell,10x 5' v1,Arterial,Control,PRKD2,20,no_eligible_donors,present,True,0,5,0,52,0,,,,,,,0,0
sc,02792605-4760-4023-82ad-40fc4458a5db,sc,cell,10x 5' v1,Arterial,Control,UBASH3A,20,no_eligible_donors,present,True,0,5,0,52,0,,,,,,,0,0
sc,02792605-4760-4023-82ad-40fc4458a5db,sc,cell,10x 5' v1,Arterial,Control,BCL2L11,50,no_eligible_donors,present,True,0,5,0,52,0,,,,,,,0,0
sc,02792605-4760-4023-82ad-40fc4458a5db,sc,cell,10x 5' v1,Arterial,Control,ETS2,50,no_eligible_donors,present,True,0,5,0,52,0,,,,,,,0,0
sc,02792605-4760-4023-82ad-40fc4458a5db,sc,cell,10x 5' v1,Arterial,Control,PFKFB3,50,no_eligible_donors,present,True,0,5,0,52,0,,,,,,,0,0
sc,02792605-4760-4023-82ad-40fc4458a5db,sc,cell,10x 5' v1,Arterial,Control,PRKD2,50,no_eligible_donors,present,True,0,5,0,52,0,,,,,,,0,0
sc,02792605-4760-4023-82ad-40fc4458a5db,sc,cell,10x 5' v1,Arterial,Control,UBASH3A,50,no_eligible_donors,present,True,0,5,0,52,0,,,,,,,0,0
sc,02792605-4760-4023-82ad-40fc4458a5db,sc,cell,10x 5' v1,C-Hepato,Control,BCL2L11,20,evaluable_descriptive,present,True,5,6,1802,1818,5,2.4353530841946887,4.4089669569971415,0.0392156862745098,0.06770255271920089,1.4690816185814881,3.4213129229783235,17545726,5
sc,02792605-4760-4023-82ad-40fc4458a5db,sc,cell,10x 5' v1,C-Hepato,Control,ETS2,20,evaluable_descriptive,present,True,5,6,1802,1818,5,6.236583192266928,74.40473383851852,0.35294117647058826,0.4345172031076582,5.537918980650127,6.524745210540214,17545726,5
sc,02792605-4760-4023-82ad-40fc4458a5db,sc,cell,10x 5' v1,C-Hepato,Control,PFKFB3,20,evaluable_descriptive,present,True,5,6,1802,1818,4,1.8746754928535077,2.66719121427214,0.01948051948051948,0.03107658157602664,0.0,4.3542417317947955,17545726,5
sc,02792605-4760-4023-82ad-40fc4458a5db,sc,cell,10x 5' v1,C-Hepato,Control,PRKD2,20,evaluable_descriptive,present,True,5,6,1802,1818,5,2.4385962976508297,4.421140123615078,0.030332681017612523,0.033851276359600446,1.9595688124370427,3.5224050906621143,17545726,5
sc,02792605-4760-4023-82ad-40fc4458a5db,sc,cell,10x 5' v1,C-Hepato,Control,UBASH3A,20,evaluable_descriptive,present,True,5,6,1802,1818,1,0.0,0.0,0.0,0.0011098779134295228,0.0,1.7360787470164163,17545726,5
sc,02792605-4760-4023-82ad-40fc4458a5db,sc,cell,10x 5' v1,C-Hepato,Control,BCL2L11,50,evaluable_descriptive,present,True,5,6,1802,1818,5,2.4353530841946887,4.4089669569971415,0.0392156862745098,0.06770255271920089,1.4690816185814881,3.4213129229783235,17545726,5
sc,02792605-4760-4023-82ad-40fc4458a5db,sc,cell,10x 5' v1,C-Hepato,Control,ETS2,50,evaluable_descriptive,present,True,5,6,1802,1818,5,6.236583192266928,74.40473383851852,0.35294117647058826,0.4345172031076582,5.537918980650127,6.524745210540214,17545726,5
sc,02792605-4760-4023-82ad-40fc4458a5db,sc,cell,10x 5' v1,C-Hepato,Control,PFKFB3,50,evaluable_descriptive,present,True,5,6,1802,1818,4,1.8746754928535077,2.66719121427214,0.01948051948051948,0.03107658157602664,0.0,4.3542417317947955,17545726,5
sc,02792605-4760-4023-82ad-40fc4458a5db,sc,cell,10x 5' v1,C-Hepato,Control,PRKD2,50,evaluable_descriptive,present,True,5,6,1802,1818,5,2.4385962976508297,4.421140123615078,0.030332681017612523,0.033851276359600446,1.9595688124370427,3.5224050906621143,17545726,5
sc,02792605-4760-4023-82ad-40fc4458a5db,sc,cell,10x 5' v1,C-Hepato,Control,UBASH3A,50,evaluable_descriptive,present,True,5,6,1802,1818,1,0.0,0.0,0.0,0.0011098779134295228,0.0,1.7360787470164163,17545726,5
sc,02792605-4760-4023-82ad-40fc4458a5db,sc,cell,10x 5' v1,C-Hepato2,Control,BCL2L11,20,evaluable_descriptive,present,True,1,3,66,82,1,3.169876637821889,7.999698297092795,0.10606060606060606,0.10606060606060606,3.169876637821889,3.169876637821889,875033,1
sc,02792605-4760-4023-82ad-40fc4458a5db,sc,cell,10x 5' v1,C-Hepato2,Control,ETS2,20,evaluable_descriptive,present,True,1,3,66,82,1,6.582760192573214,94.85356552267173,0.6666666666666666,0.6666666666666666,6.582760192573214,6.582760192573214,875033,1
sc,02792605-4760-4023-82ad-40fc4458a5db,sc,cell,10x 5' v1,C-Hepato2,Control,PFKFB3,20,evaluable_descriptive,present,True,1,3,66,82,1,3.879094893715364,13.713768509301934,0.16666666666666666,0.16666666666666666,3.879094893715364,3.879094893715364,875033,1
sc,02792605-4760-4023-82ad-40fc4458a5db,sc,cell,10x 5' v1,C-Hepato2,Control,PRKD2,20,evaluable_descriptive,present,True,1,3,66,82,1,2.4780026535202766,4.571256169767311,0.06060606060606061,0.06060606060606061,2.4780026535202766,2.4780026535202766,875033,1
sc,02792605-4760-4023-82ad-40fc4458a5db,sc,cell,10x 5' v1,C-Hepato2,Control,UBASH3A,20,evaluable_descriptive,present,True,1,3,66,82,0,0.0,0.0,0.0,0.0,0.0,0.0,875033,1
sc,02792605-4760-4023-82ad-40fc4458a5db,sc,cell,10x 5' v1,C-Hepato2,Control,BCL2L11,50,evaluable_descriptive,present,True,1,3,66,82,1,3.169876637821889,7.999698297092795,0.10606060606060606,0.10606060606060606,3.169876637821889,3.169876637821889,875033,1
sc,02792605-4760-4023-82ad-40fc4458a5db,sc,cell,10x 5' v1,C-Hepato2,Control,ETS2,50,evaluable_descriptive,present,True,1,3,66,82,1,6.582760192573214,94.85356552267173,0.6666666666666666,0.6666666666666666,6.582760192573214,6.582760192573214,875033,1
sc,02792605-4760-4023-82ad-40fc4458a5db,sc,cell,10x 5' v1,C-Hepato2,Control,PFKFB3,50,evaluable_descriptive,present,True,1,3,66,82,1,3.879094893715364,13.713768509301934,0.16666666666666666,0.16666666666666666,3.879094893715364,3.879094893715364,875033,1
sc,02792605-4760-4023-82ad-40fc4458a5db,sc,cell,10x 5' v1,C-Hepato2,Control,PRKD2,50,evaluable_descriptive,present,True,1,3,66,82,1,2.4780026535202766,4.571256169767311,0.06060606060606061,0.06060606060606061,2.4780026535202766,2.4780026535202766,875033,1
sc,02792605-4760-4023-82ad-40fc4458a5db,sc,cell,10x 5' v1,C-Hepato2,Control,UBASH3A,50,evaluable_descriptive,present,True,1,3,66,82,0,0.0,0.0,0.0,0.0,0.0,0.0,875033,1
sc,02792605-4760-4023-82ad-40fc4458a5db,sc,cell,10x 5' v1,CD3T-lrNK,Control,BCL2L11,20,evaluable_descriptive,present,True,1,3,42,46,0,0.0,0.0,0.0,0.0,0.0,0.0,93193,1
sc,02792605-4760-4023-82ad-40fc4458a5db,sc,cell,10x 5' v1,CD3T-lrNK,Control,ETS2,20,evaluable_descriptive,present,True,1,3,42,46,1,3.5521827229388214,10.730419666713166,0.023809523809523808,0.023809523809523808,3.5521827229388214,3.5521827229388214,93193,1
sc,02792605-4760-4023-82ad-40fc4458a5db,sc,cell,10x 5' v1,CD3T-lrNK,Control,PFKFB3,20,evaluable_descriptive,present,True,1,3,42,46,0,0.0,0.0,0.0,0.0,0.0,0.0,93193,1
sc,02792605-4760-4023-82ad-40fc4458a5db,sc,cell,10x 5' v1,CD3T-lrNK,Control,PRKD2,20,evaluable_descriptive,present,True,1,3,42,46,0,0.0,0.0,0.0,0.0,0.0,0.0,93193,1
sc,02792605-4760-4023-82ad-40fc4458a5db,sc,cell,10x 5' v1,CD3T-lrNK,Control,UBASH3A,20,evaluable_descriptive,present,True,1,3,42,46,1,4.489339935339438,21.460839333426332,0.047619047619047616,0.047619047619047616,4.489339935339438,4.489339935339438,93193,1
sc,02792605-4760-4023-82ad-40fc4458a5db,sc,cell,10x 5' v1,CD3T-lrNK,Control,BCL2L11,50,no_eligible_donors,present,True,0,3,0,46,0,,,,,,,0,0
sc,02792605-4760-4023-82ad-40fc4458a5db,sc,cell,10x 5' v1,CD3T-lrNK,Control,ETS2,50,no_eligible_donors,present,True,0,3,0,46,0,,,,,,,0,0
sc,02792605-4760-4023-82ad-40fc4458a5db,sc,cell,10x 5' v1,CD3T-lrNK,Control,PFKFB3,50,no_eligible_donors,present,True,0,3,0,46,0,,,,,,,0,0
sc,02792605-4760-4023-82ad-40fc4458a5db,sc,cell,10x 5' v1,CD3T-lrNK,Control,PRKD2,50,no_eligible_donors,present,True,0,3,0,46,0,,,,,,,0,0
sc,02792605-4760-4023-82ad-40fc4458a5db,sc,cell,10x 5' v1,CD3T-lrNK,Control,UBASH3A,50,no_eligible_donors,present,True,0,3,0,46,0,,,,,,,0,0
sc,02792605-4760-4023-82ad-40fc4458a5db,sc,cell,10x 5' v1,CD4T,Control,BCL2L11,20,evaluable_descriptive,present,True,1,5,107,141,0,0.0,0.0,0.0,0.0,0.0,0.0,278904,1
sc,02792605-4760-4023-82ad-40fc4458a5db,sc,cell,10x 5' v1,CD4T,Control,ETS2,20,evaluable_descriptive,present,True,1,5,107,141,1,5.33771444851486,39.4400940825517,0.102803738317757,0.102803738317757,5.33771444851486,5.33771444851486,278904,1
sc,02792605-4760-4023-82ad-40fc4458a5db,sc,cell,10x 5' v1,CD4T,Control,PFKFB3,20,evaluable_descriptive,present,True,1,5,107,141,1,3.0304996210680346,7.170926196827582,0.018691588785046728,0.018691588785046728,3.0304996210680346,3.0304996210680346,278904,1
sc,02792605-4760-4023-82ad-40fc4458a5db,sc,cell,10x 5' v1,CD4T,Control,PRKD2,20,evaluable_descriptive,present,True,1,5,107,141,1,3.555373132467914,10.756389295241373,0.028037383177570093,0.028037383177570093,3.555373132467914,3.555373132467914,278904,1
sc,02792605-4760-4023-82ad-40fc4458a5db,sc,cell,10x 5' v1,CD4T,Control,UBASH3A,20,evaluable_descriptive,present,True,1,5,107,141,1,3.555373132467914,10.756389295241373,0.028037383177570093,0.028037383177570093,3.555373132467914,3.555373132467914,278904,1
sc,02792605-4760-4023-82ad-40fc4458a5db,sc,cell,10x 5' v1,CD4T,Control,BCL2L11,50,evaluable_descriptive,present,True,1,5,107,141,0,0.0,0.0,0.0,0.0,0.0,0.0,278904,1
sc,02792605-4760-4023-82ad-40fc4458a5db,sc,cell,10x 5' v1,CD4T,Control,ETS2,50,evaluable_descriptive,present,True,1,5,107,141,1,5.33771444851486,39.4400940825517,0.102803738317757,0.102803738317757,5.33771444851486,5.33771444851486,278904,1
sc,02792605-4760-4023-82ad-40fc4458a5db,sc,cell,10x 5' v1,CD4T,Control,PFKFB3,50,evaluable_descriptive,present,True,1,5,107,141,1,3.0304996210680346,7.170926196827582,0.018691588785046728,0.018691588785046728,3.0304996210680346,3.0304996210680346,278904,1
sc,02792605-4760-4023-82ad-40fc4458a5db,sc,cell,10x 5' v1,CD4T,Control,PRKD2,50,evaluable_descriptive,present,True,1,5,107,141,1,3.555373132467914,10.756389295241373,0.028037383177570093,0.028037383177570093,3.555373132467914,3.555373132467914,278904,1
sc,02792605-4760-4023-82ad-40fc4458a5db,sc,cell,10x 5' v1,CD4T,Control,UBASH3A,50,evaluable_descriptive,present,True,1,5,107,141,1,3.555373132467914,10.756389295241373,0.028037383177570093,0.028037383177570093,3.555373132467914,3.555373132467914,278904,1
sc,02792605-4760-4023-82ad-40fc4458a5db,sc,cell,10x 5' v1,CD4T--RBC-Doublet,Control,BCL2L11,20,no_eligible_donors,present,True,0,0,0,0,0,,,,,,,0,0
sc,02792605-4760-4023-82ad-40fc4458a5db,sc,cell,10x 5' v1,CD4T--RBC-Doublet,Control,ETS2,20,no_eligible_donors,present,True,0,0,0,0,0,,,,,,,0,0
sc,02792605-4760-4023-82ad-40fc4458a5db,sc,cell,10x 5' v1,CD4T--RBC-Doublet,Control,PFKFB3,20,no_eligible_donors,present,True,0,0,0,0,0,,,,,,,0,0
sc,02792605-4760-4023-82ad-40fc4458a5db,sc,cell,10x 5' v1,CD4T--RBC-Doublet,Control,PRKD2,20,no_eligible_donors,present,True,0,0,0,0,0,,,,,,,0,0
sc,02792605-4760-4023-82ad-40fc4458a5db,sc,cell,10x 5' v1,CD4T--RBC-Doublet,Control,UBASH3A,20,no_eligible_donors,present,True,0,0,0,0,0,,,,,,,0,0
sc,02792605-4760-4023-82ad-40fc4458a5db,sc,cell,10x 5' v1,CD4T--RBC-Doublet,Control,BCL2L11,50,no_eligible_donors,present,True,0,0,0,0,0,,,,,,,0,0
sc,02792605-4760-4023-82ad-40fc4458a5db,sc,cell,10x 5' v1,CD4T--RBC-Doublet,Control,ETS2,50,no_eligible_donors,present,True,0,0,0,0,0,,,,,,,0,0
sc,02792605-4760-4023-82ad-40fc4458a5db,sc,cell,10x 5' v1,CD4T--RBC-Doublet,Control,PFKFB3,50,no_eligible_donors,present,True,0,0,0,0,0,,,,,,,0,0
sc,02792605-4760-4023-82ad-40fc4458a5db,sc,cell,10x 5' v1,CD4T--RBC-Doublet,Control,PRKD2,50,no_eligible_donors,present,True,0,0,0,0,0,,,,,,,0,0
sc,02792605-4760-4023-82ad-40fc4458a5db,sc,cell,10x 5' v1,CD4T--RBC-Doublet,Control,UBASH3A,50,no_eligible_donors,present,True,0,0,0,0,0,,,,,,,0,0
sc,02792605-4760-4023-82ad-40fc4458a5db,sc,cell,10x 5' v1,CD8T,Control,BCL2L11,20,evaluable_descriptive,present,True,1,5,213,249,1,2.741812535206075,5.689101956292526,0.014084507042253521,0.014084507042253521,2.741812535206075,2.741812535206075,527324,1
sc,02792605-4760-4023-82ad-40fc4458a5db,sc,cell,10x 5' v1,CD8T,Control,ETS2,20,evaluable_descriptive,present,True,1,5,213,249,1,4.9700196819120155,30.341877100226807,0.06103286384976526,0.06103286384976526,4.9700196819120155,4.9700196819120155,527324,1
sc,02792605-4760-4023-82ad-40fc4458a5db,sc,cell,10x 5' v1,CD8T,Control,PFKFB3,20,evaluable_descriptive,present,True,1,5,213,249,1,2.741812535206075,5.689101956292526,0.014084507042253521,0.014084507042253521,2.741812535206075,2.741812535206075,527324,1
sc,02792605-4760-4023-82ad-40fc4458a5db,sc,cell,10x 5' v1,CD8T,Control,PRKD2,20,evaluable_descriptive,present,True,1,5,213,249,1,4.7839355068211065,26.549142462698455,0.06572769953051644,0.06572769953051644,4.7839355068211065,4.7839355068211065,527324,1
sc,02792605-4760-4023-82ad-40fc4458a5db,sc,cell,10x 5' v1,CD8T,Control,UBASH3A,20,evaluable_descriptive,present,True,1,5,213,249,1,4.319305286606999,18.963673187641753,0.04225352112676056,0.04225352112676056,4.319305286606999,4.319305286606999,527324,1
sc,02792605-4760-4023-82ad-40fc4458a5db,sc,cell,10x 5' v1,CD8T,Control,BCL2L11,50,evaluable_descriptive,present,True,1,5,213,249,1,2.741812535206075,5.689101956292526,0.014084507042253521,0.014084507042253521,2.741812535206075,2.741812535206075,527324,1
sc,02792605-4760-4023-82ad-40fc4458a5db,sc,cell,10x 5' v1,CD8T,Control,ETS2,50,evaluable_descriptive,present,True,1,5,213,249,1,4.9700196819120155,30.341877100226807,0.06103286384976526,0.06103286384976526,4.9700196819120155,4.9700196819120155,527324,1
sc,02792605-4760-4023-82ad-40fc4458a5db,sc,cell,10x 5' v1,CD8T,Control,PFKFB3,50,evaluable_descriptive,present,True,1,5,213,249,1,2.741812535206075,5.689101956292526,0.014084507042253521,0.014084507042253521,2.741812535206075,2.741812535206075,527324,1
sc,02792605-4760-4023-82ad-40fc4458a5db,sc,cell,10x 5' v1,CD8T,Control,PRKD2,50,evaluable_descriptive,present,True,1,5,213,249,1,4.7839355068211065,26.549142462698455,0.06572769953051644,0.06572769953051644,4.7839355068211065,4.7839355068211065,527324,1
sc,02792605-4760-4023-82ad-40fc4458a5db,sc,cell,10x 5' v1,CD8T,Control,UBASH3A,50,evaluable_descriptive,present,True,1,5,213,249,1,4.319305286606999,18.963673187641753,0.04225352112676056,0.04225352112676056,4.319305286606999,4.319305286606999,527324,1
sc,02792605-4760-4023-82ad-40fc4458a5db,sc,cell,10x 5' v1,CD8T-cNK,Control,BCL2L11,20,evaluable_descriptive,present,True,1,4,43,48,1,4.242001105828415,17.922110507733393,0.046511627906976744,0.046511627906976744,4.242001105828415,4.242001105828415,111594,1
sc,02792605-4760-4023-82ad-40fc4458a5db,sc,cell,10x 5' v1,CD8T-cNK,Control,ETS2,20,evaluable_descriptive,present,True,1,4,43,48,1,4.242001105828415,17.922110507733393,0.023255813953488372,0.023255813953488372,4.242001105828415,4.242001105828415,111594,1
sc,02792605-4760-4023-82ad-40fc4458a5db,sc,cell,10x 5' v1,CD8T-cNK,Control,PFKFB3,20,evaluable_descriptive,present,True,1,4,43,48,0,0.0,0.0,0.0,0.0,0.0,0.0,111594,1
sc,02792605-4760-4023-82ad-40fc4458a5db,sc,cell,10x 5' v1,CD8T-cNK,Control,PRKD2,20,evaluable_descriptive,present,True,1,4,43,48,0,0.0,0.0,0.0,0.0,0.0,0.0,111594,1
sc,02792605-4760-4023-82ad-40fc4458a5db,sc,cell,10x 5' v1,CD8T-cNK,Control,UBASH3A,20,evaluable_descriptive,present,True,1,4,43,48,1,5.203366446469759,35.844221015466786,0.09302325581395349,0.09302325581395349,5.203366446469759,5.203366446469759,111594,1
sc,02792605-4760-4023-82ad-40fc4458a5db,sc,cell,10x 5' v1,CD8T-cNK,Control,BCL2L11,50,no_eligible_donors,present,True,0,4,0,48,0,,,,,,,0,0
sc,02792605-4760-4023-82ad-40fc4458a5db,sc,cell,10x 5' v1,CD8T-cNK,Control,ETS2,50,no_eligible_donors,present,True,0,4,0,48,0,,,,,,,0,0
sc,02792605-4760-4023-82ad-40fc4458a5db,sc,cell,10x 5' v1,CD8T-cNK,Control,PFKFB3,50,no_eligible_donors,present,True,0,4,0,48,0,,,,,,,0,0
sc,02792605-4760-4023-82ad-40fc4458a5db,sc,cell,10x 5' v1,CD8T-cNK,Control,PRKD2,50,no_eligible_donors,present,True,0,4,0,48,0,,,,,,,0,0
sc,02792605-4760-4023-82ad-40fc4458a5db,sc,cell,10x 5' v1,CD8T-cNK,Control,UBASH3A,50,no_eligible_donors,present,True,0,4,0,48,0,,,,,,,0,0
sc,02792605-4760-4023-82ad-40fc4458a5db,sc,cell,10x 5' v1,Chol,Control,BCL2L11,20,evaluable_descriptive,present,True,3,6,288,316,2,3.1832305436801125,8.083388233011748,0.02247191011235955,0.05555555555555555,0.0,5.024444377728648,953203,3
sc,02792605-4760-4023-82ad-40fc4458a5db,sc,cell,10x 5' v1,Chol,Control,ETS2,20,evaluable_descriptive,present,True,3,6,288,316,3,6.6853861810377655,101.92047291099432,0.3181818181818182,0.19444444444444445,5.569232300510626,7.762211966596455,953203,3
sc,02792605-4760-4023-82ad-40fc4458a5db,sc,cell,10x 5' v1,Chol,Control,PFKFB3,20,evaluable_descriptive,present,True,3,6,288,316,2,2.8201873733811613,6.062541174758811,0.016853932584269662,0.034722222222222224,0.0,4.168862264402455,953203,3
sc,02792605-4760-4023-82ad-40fc4458a5db,sc,cell,10x 5' v1,Chol,Control,PRKD2,20,evaluable_descriptive,present,True,3,6,288,316,3,3.715167408264862,12.133389632261228,0.056818181818181816,0.03819444444444445,3.1832305436801125,5.466623242355432,953203,3
sc,02792605-4760-4023-82ad-40fc4458a5db,sc,cell,10x 5' v1,Chol,Control,UBASH3A,20,evaluable_descriptive,present,True,3,6,288,316,0,0.0,0.0,0.0,0.0,0.0,0.0,953203,3
sc,02792605-4760-4023-82ad-40fc4458a5db,sc,cell,10x 5' v1,Chol,Control,BCL2L11,50,evaluable_descriptive,present,True,2,6,266,316,2,4.10383746070438,19.815100638445468,0.07941777323799795,0.06015037593984962,3.1832305436801125,5.024444377728648,906928,2
sc,02792605-4760-4023-82ad-40fc4458a5db,sc,cell,10x 5' v1,Chol,Control,ETS2,50,evaluable_descriptive,present,True,2,6,266,316,2,6.127309240774196,74.19997762540594,0.21807967313585291,0.18421052631578946,5.569232300510626,6.6853861810377655,906928,2
sc,02792605-4760-4023-82ad-40fc4458a5db,sc,cell,10x 5' v1,Chol,Control,PFKFB3,50,evaluable_descriptive,present,True,2,6,266,316,2,3.4945248188918083,11.524643329962263,0.0481996935648621,0.03759398496240601,2.8201873733811613,4.168862264402455,906928,2
sc,02792605-4760-4023-82ad-40fc4458a5db,sc,cell,10x 5' v1,Chol,Control,PRKD2,50,evaluable_descriptive,present,True,2,6,266,316,2,3.4491989759724873,10.108388932636487,0.03964504596527069,0.03383458646616541,3.1832305436801125,3.715167408264862,906928,2
sc,02792605-4760-4023-82ad-40fc4458a5db,sc,cell,10x 5' v1,Chol,Control,UBASH3A,50,evaluable_descriptive,present,True,2,6,266,316,0,0.0,0.0,0.0,0.0,0.0,0.0,906928,2
sc,02792605-4760-4023-82ad-40fc4458a5db,sc,cell,10x 5' v1,CholMucus,Control,BCL2L11,20,no_eligible_donors,present,True,0,4,0,10,0,,,,,,,0,0
sc,02792605-4760-4023-82ad-40fc4458a5db,sc,cell,10x 5' v1,CholMucus,Control,ETS2,20,no_eligible_donors,present,True,0,4,0,10,0,,,,,,,0,0
sc,02792605-4760-4023-82ad-40fc4458a5db,sc,cell,10x 5' v1,CholMucus,Control,PFKFB3,20,no_eligible_donors,present,True,0,4,0,10,0,,,,,,,0,0
sc,02792605-4760-4023-82ad-40fc4458a5db,sc,cell,10x 5' v1,CholMucus,Control,PRKD2,20,no_eligible_donors,present,True,0,4,0,10,0,,,,,,,0,0
sc,02792605-4760-4023-82ad-40fc4458a5db,sc,cell,10x 5' v1,CholMucus,Control,UBASH3A,20,no_eligible_donors,present,True,0,4,0,10,0,,,,,,,0,0
sc,02792605-4760-4023-82ad-40fc4458a5db,sc,cell,10x 5' v1,CholMucus,Control,BCL2L11,50,no_eligible_donors,present,True,0,4,0,10,0,,,,,,,0,0
sc,02792605-4760-4023-82ad-40fc4458a5db,sc,cell,10x 5' v1,CholMucus,Control,ETS2,50,no_eligible_donors,present,True,0,4,0,10,0,,,,,,,0,0
sc,02792605-4760-4023-82ad-40fc4458a5db,sc,cell,10x 5' v1,CholMucus,Control,PFKFB3,50,no_eligible_donors,present,True,0,4,0,10,0,,,,,,,0,0
sc,02792605-4760-4023-82ad-40fc4458a5db,sc,cell,10x 5' v1,CholMucus,Control,PRKD2,50,no_eligible_donors,present,True,0,4,0,10,0,,,,,,,0,0
sc,02792605-4760-4023-82ad-40fc4458a5db,sc,cell,10x 5' v1,CholMucus,Control,UBASH3A,50,no_eligible_donors,present,True,0,4,0,10,0,,,,,,,0,0
sc,02792605-4760-4023-82ad-40fc4458a5db,sc,cell,10x 5' v1,Fibroblast,Control,BCL2L11,20,evaluable_descriptive,present,True,2,6,234,258,2,4.533235021099202,34.209508917593816,0.11294117647058823,0.04700854700854701,3.1184681393266223,5.948001902871782,635774,2
sc,02792605-4760-4023-82ad-40fc4458a5db,sc,cell,10x 5' v1,Fibroblast,Control,ETS2,20,evaluable_descriptive,present,True,2,6,234,258,2,6.977735225472793,141.57873610146441,0.325,0.20085470085470086,6.246509992258801,7.708960458686786,635774,2
sc,02792605-4760-4023-82ad-40fc4458a5db,sc,cell,10x 5' v1,Fibroblast,Control,PFKFB3,20,evaluable_descriptive,present,True,2,6,234,258,1,1.3788838798437986,2.881744723525411,0.0075,0.01282051282051282,0.0,2.757767759687597,635774,2
sc,02792605-4760-4023-82ad-40fc4458a5db,sc,cell,10x 5' v1,Fibroblast,Control,PRKD2,20,evaluable_descriptive,present,True,2,6,234,258,1,1.703391842372385,4.8029078725423515,0.0125,0.021367521367521368,0.0,3.40678368474477,635774,2
sc,02792605-4760-4023-82ad-40fc4458a5db,sc,cell,10x 5' v1,Fibroblast,Control,UBASH3A,20,evaluable_descriptive,present,True,2,6,234,258,1,1.137850148992504,1.9211631490169405,0.005,0.008547008547008548,0.0,2.275700297985008,635774,2
sc,02792605-4760-4023-82ad-40fc4458a5db,sc,cell,10x 5' v1,Fibroblast,Control,BCL2L11,50,evaluable_descriptive,present,True,1,6,200,258,1,3.1184681393266223,7.684652596067762,0.02,0.02,3.1184681393266223,3.1184681393266223,520518,1
sc,02792605-4760-4023-82ad-40fc4458a5db,sc,cell,10x 5' v1,Fibroblast,Control,ETS2,50,evaluable_descriptive,present,True,1,6,200,258,1,6.246509992258801,74.92536281166069,0.15,0.15,6.246509992258801,6.246509992258801,520518,1
sc,02792605-4760-4023-82ad-40fc4458a5db,sc,cell,10x 5' v1,Fibroblast,Control,PFKFB3,50,evaluable_descriptive,present,True,1,6,200,258,1,2.757767759687597,5.763489447050822,0.015,0.015,2.757767759687597,2.757767759687597,520518,1
sc,02792605-4760-4023-82ad-40fc4458a5db,sc,cell,10x 5' v1,Fibroblast,Control,PRKD2,50,evaluable_descriptive,present,True,1,6,200,258,1,3.40678368474477,9.605815745084703,0.025,0.025,3.40678368474477,3.40678368474477,520518,1
sc,02792605-4760-4023-82ad-40fc4458a5db,sc,cell,10x 5' v1,Fibroblast,Control,UBASH3A,50,evaluable_descriptive,present,True,1,6,200,258,1,2.275700297985008,3.842326298033881,0.01,0.01,2.275700297985008,2.275700297985008,520518,1
sc,02792605-4760-4023-82ad-40fc4458a5db,sc,cell,10x 5' v1,Hepato,Control,BCL2L11,20,evaluable_descriptive,present,True,2,6,384,430,2,4.2709952095708426,22.35107008528646,0.06735496558505408,0.033854166666666664,3.3526963890051547,5.189294030136531,1037175,2
sc,02792605-4760-4023-82ad-40fc4458a5db,sc,cell,10x 5' v1,Hepato,Control,ETS2,20,evaluable_descriptive,present,True,2,6,384,430,2,6.767737586723587,117.93634291620134,0.3100294985250738,0.19010416666666666,6.155195592075612,7.380279581371564,1037175,2
sc,02792605-4760-4023-82ad-40fc4458a5db,sc,cell,10x 5' v1,Hepato,Control,PFKFB3,20,evaluable_descriptive,present,True,2,6,384,430,2,4.452132331512037,21.04442006505949,0.052507374631268436,0.041666666666666664,4.28029715625188,4.623967506772194,1037175,2
sc,02792605-4760-4023-82ad-40fc4458a5db,sc,cell,10x 5' v1,Hepato,Control,PRKD2,20,evaluable_descriptive,present,True,2,6,384,430,1,2.0960645274724565,8.63958751153385,0.022123893805309734,0.0390625,0.0,4.192129054944913,1037175,2
sc,02792605-4760-4023-82ad-40fc4458a5db,sc,cell,10x 5' v1,Hepato,Control,UBASH3A,20,evaluable_descriptive,present,True,2,6,384,430,0,0.0,0.0,0.0,0.0,0.0,0.0,1037175,2
sc,02792605-4760-4023-82ad-40fc4458a5db,sc,cell,10x 5' v1,Hepato,Control,BCL2L11,50,evaluable_descriptive,present,True,1,6,339,430,1,3.3526963890051547,9.215560012302774,0.02359882005899705,0.02359882005899705,3.3526963890051547,3.3526963890051547,868097,1
sc,02792605-4760-4023-82ad-40fc4458a5db,sc,cell,10x 5' v1,Hepato,Control,ETS2,50,evaluable_descriptive,present,True,1,6,339,430,1,6.155195592075612,70.26864509380864,0.15339233038348082,0.15339233038348082,6.155195592075612,6.155195592075612,868097,1
sc,02792605-4760-4023-82ad-40fc4458a5db,sc,cell,10x 5' v1,Hepato,Control,PFKFB3,50,evaluable_descriptive,present,True,1,6,339,430,1,4.28029715625188,18.431120024605548,0.038348082595870206,0.038348082595870206,4.28029715625188,4.28029715625188,868097,1
sc,02792605-4760-4023-82ad-40fc4458a5db,sc,cell,10x 5' v1,Hepato,Control,PRKD2,50,evaluable_descriptive,present,True,1,6,339,430,1,4.192129054944913,17.2791750230677,0.04424778761061947,0.04424778761061947,4.192129054944913,4.192129054944913,868097,1
sc,02792605-4760-4023-82ad-40fc4458a5db,sc,cell,10x 5' v1,Hepato,Control,UBASH3A,50,evaluable_descriptive,present,True,1,6,339,430,0,0.0,0.0,0.0,0.0,0.0,0.0,868097,1
sc,02792605-4760-4023-82ad-40fc4458a5db,sc,cell,10x 5' v1,Hepato--Mac,Control,BCL2L11,20,no_eligible_donors,present,True,0,0,0,0,0,,,,,,,0,0
sc,02792605-4760-4023-82ad-40fc4458a5db,sc,cell,10x 5' v1,Hepato--Mac,Control,ETS2,20,no_eligible_donors,present,True,0,0,0,0,0,,,,,,,0,0
sc,02792605-4760-4023-82ad-40fc4458a5db,sc,cell,10x 5' v1,Hepato--Mac,Control,PFKFB3,20,no_eligible_donors,present,True,0,0,0,0,0,,,,,,,0,0
sc,02792605-4760-4023-82ad-40fc4458a5db,sc,cell,10x 5' v1,Hepato--Mac,Control,PRKD2,20,no_eligible_donors,present,True,0,0,0,0,0,,,,,,,0,0
sc,02792605-4760-4023-82ad-40fc4458a5db,sc,cell,10x 5' v1,Hepato--Mac,Control,UBASH3A,20,no_eligible_donors,present,True,0,0,0,0,0,,,,,,,0,0
sc,02792605-4760-4023-82ad-40fc4458a5db,sc,cell,10x 5' v1,Hepato--Mac,Control,BCL2L11,50,no_eligible_donors,present,True,0,0,0,0,0,,,,,,,0,0
sc,02792605-4760-4023-82ad-40fc4458a5db,sc,cell,10x 5' v1,Hepato--Mac,Control,ETS2,50,no_eligible_donors,present,True,0,0,0,0,0,,,,,,,0,0
sc,02792605-4760-4023-82ad-40fc4458a5db,sc,cell,10x 5' v1,Hepato--Mac,Control,PFKFB3,50,no_eligible_donors,present,True,0,0,0,0,0,,,,,,,0,0
sc,02792605-4760-4023-82ad-40fc4458a5db,sc,cell,10x 5' v1,Hepato--Mac,Control,PRKD2,50,no_eligible_donors,present,True,0,0,0,0,0,,,,,,,0,0
sc,02792605-4760-4023-82ad-40fc4458a5db,sc,cell,10x 5' v1,Hepato--Mac,Control,UBASH3A,50,no_eligible_donors,present,True,0,0,0,0,0,,,,,,,0,0
sc,02792605-4760-4023-82ad-40fc4458a5db,sc,cell,10x 5' v1,I-Hepato,Control,BCL2L11,20,evaluable_descriptive,present,True,5,6,1187,1199,4,2.984622041303973,6.91517935303468,0.1016949152542373,0.10109519797809605,0.0,4.5776279500474875,8735322,5
sc,02792605-4760-4023-82ad-40fc4458a5db,sc,cell,10x 5' v1,I-Hepato,Control,ETS2,20,evaluable_descriptive,present,True,5,6,1187,1199,5,6.794121254914432,109.97733510572169,0.5549738219895288,0.5299073294018534,6.080208629123179,7.952447221568562,8735322,5
sc,02792605-4760-4023-82ad-40fc4458a5db,sc,cell,10x 5' v1,I-Hepato,Control,PFKFB3,20,evaluable_descriptive,present,True,5,6,1187,1199,5,3.277187936424533,8.694644099234871,0.0410958904109589,0.037910699241786014,2.2896309484594037,3.9396844992523885,8735322,5
sc,02792605-4760-4023-82ad-40fc4458a5db,sc,cell,10x 5' v1,I-Hepato,Control,PRKD2,20,evaluable_descriptive,present,True,5,6,1187,1199,4,2.888679497780162,6.40592273313269,0.045714285714285714,0.038753159224936815,0.0,3.6545339321081567,8735322,5
sc,02792605-4760-4023-82ad-40fc4458a5db,sc,cell,10x 5' v1,I-Hepato,Control,UBASH3A,20,evaluable_descriptive,present,True,5,6,1187,1199,0,0.0,0.0,0.0,0.0,0.0,0.0,8735322,5
sc,02792605-4760-4023-82ad-40fc4458a5db,sc,cell,10x 5' v1,I-Hepato,Control,BCL2L11,50,evaluable_descriptive,present,True,5,6,1187,1199,4,2.984622041303973,6.91517935303468,0.1016949152542373,0.10109519797809605,0.0,4.5776279500474875,8735322,5
sc,02792605-4760-4023-82ad-40fc4458a5db,sc,cell,10x 5' v1,I-Hepato,Control,ETS2,50,evaluable_descriptive,present,True,5,6,1187,1199,5,6.794121254914432,109.97733510572169,0.5549738219895288,0.5299073294018534,6.080208629123179,7.952447221568562,8735322,5
sc,02792605-4760-4023-82ad-40fc4458a5db,sc,cell,10x 5' v1,I-Hepato,Control,PFKFB3,50,evaluable_descriptive,present,True,5,6,1187,1199,5,3.277187936424533,8.694644099234871,0.0410958904109589,0.037910699241786014,2.2896309484594037,3.9396844992523885,8735322,5
sc,02792605-4760-4023-82ad-40fc4458a5db,sc,cell,10x 5' v1,I-Hepato,Control,PRKD2,50,evaluable_descriptive,present,True,5,6,1187,1199,4,2.888679497780162,6.40592273313269,0.045714285714285714,0.038753159224936815,0.0,3.6545339321081567,8735322,5
sc,02792605-4760-4023-82ad-40fc4458a5db,sc,cell,10x 5' v1,I-Hepato,Control,UBASH3A,50,evaluable_descriptive,present,True,5,6,1187,1199,0,0.0,0.0,0.0,0.0,0.0,0.0,8735322,5
sc,02792605-4760-4023-82ad-40fc4458a5db,sc,cell,10x 5' v1,Kupffer,Control,BCL2L11,20,evaluable_descriptive,present,True,6,6,857,857,5,3.5595520379707035,10.959602546964476,0.029892620125893644,0.03267211201866978,0.0,4.542690717827576,2526464,6
sc,02792605-4760-4023-82ad-40fc4458a5db,sc,cell,10x 5' v1,Kupffer,Control,ETS2,20,evaluable_descriptive,present,True,6,6,857,857,6,7.267848902775222,153.11496056135593,0.40164319248826286,0.2847141190198366,5.992962562044136,7.694342237627619,2526464,6
sc,02792605-4760-4023-82ad-40fc4458a5db,sc,cell,10x 5' v1,Kupffer,Control,PFKFB3,20,evaluable_descriptive,present,True,6,6,857,857,6,5.824344949840723,61.592143796000805,0.1569227730594509,0.11785297549591599,4.116776613964853,7.261447037904055,2526464,6
sc,02792605-4760-4023-82ad-40fc4458a5db,sc,cell,10x 5' v1,Kupffer,Control,PRKD2,20,evaluable_descriptive,present,True,6,6,857,857,3,1.4338233661576834,3.149368236731712,0.00819672131147541,0.021003500583430573,0.0,3.332648738279255,2526464,6
sc,02792605-4760-4023-82ad-40fc4458a5db,sc,cell,10x 5' v1,Kupffer,Control,UBASH3A,20,evaluable_descriptive,present,True,6,6,857,857,1,0.0,0.0,0.0,0.003500583430571762,0.0,1.8823116224558334,2526464,6
sc,02792605-4760-4023-82ad-40fc4458a5db,sc,cell,10x 5' v1,Kupffer,Control,BCL2L11,50,evaluable_descriptive,present,True,4,6,804,857,4,3.5595520379707035,10.959602546964476,0.029892620125893644,0.03233830845771144,2.8676467323153667,4.542690717827576,2315752,4
sc,02792605-4760-4023-82ad-40fc4458a5db,sc,cell,10x 5' v1,Kupffer,Control,ETS2,50,evaluable_descriptive,present,True,4,6,804,857,4,6.965377128181149,126.60543678462159,0.3412606788270607,0.27487562189054726,5.992962562044136,7.694342237627619,2315752,4
sc,02792605-4760-4023-82ad-40fc4458a5db,sc,cell,10x 5' v1,Kupffer,Control,PFKFB3,50,evaluable_descriptive,present,True,4,6,804,857,4,5.824344949840723,61.592143796000805,0.1569227730594509,0.11194029850746269,4.800461448962145,7.261447037904055,2315752,4
sc,02792605-4760-4023-82ad-40fc4458a5db,sc,cell,10x 5' v1,Kupffer,Control,PRKD2,50,evaluable_descriptive,present,True,4,6,804,857,3,3.091570972572112,7.627123197860321,0.020017052280742548,0.022388059701492536,0.0,3.332648738279255,2315752,4
sc,02792605-4760-4023-82ad-40fc4458a5db,sc,cell,10x 5' v1,Kupffer,Control,UBASH3A,50,evaluable_descriptive,present,True,4,6,804,857,1,0.0,0.0,0.0,0.0037313432835820895,0.0,1.8823116224558334,2315752,4
sc,02792605-4760-4023-82ad-40fc4458a5db,sc,cell,10x 5' v1,Kupffer--LSEC-Doublet,Control,BCL2L11,20,no_eligible_donors,present,True,0,0,0,0,0,,,,,,,0,0
sc,02792605-4760-4023-82ad-40fc4458a5db,sc,cell,10x 5' v1,Kupffer--LSEC-Doublet,Control,ETS2,20,no_eligible_donors,present,True,0,0,0,0,0,,,,,,,0,0
sc,02792605-4760-4023-82ad-40fc4458a5db,sc,cell,10x 5' v1,Kupffer--LSEC-Doublet,Control,PFKFB3,20,no_eligible_donors,present,True,0,0,0,0,0,,,,,,,0,0
sc,02792605-4760-4023-82ad-40fc4458a5db,sc,cell,10x 5' v1,Kupffer--LSEC-Doublet,Control,PRKD2,20,no_eligible_donors,present,True,0,0,0,0,0,,,,,,,0,0
sc,02792605-4760-4023-82ad-40fc4458a5db,sc,cell,10x 5' v1,Kupffer--LSEC-Doublet,Control,UBASH3A,20,no_eligible_donors,present,True,0,0,0,0,0,,,,,,,0,0
sc,02792605-4760-4023-82ad-40fc4458a5db,sc,cell,10x 5' v1,Kupffer--LSEC-Doublet,Control,BCL2L11,50,no_eligible_donors,present,True,0,0,0,0,0,,,,,,,0,0
sc,02792605-4760-4023-82ad-40fc4458a5db,sc,cell,10x 5' v1,Kupffer--LSEC-Doublet,Control,ETS2,50,no_eligible_donors,present,True,0,0,0,0,0,,,,,,,0,0
sc,02792605-4760-4023-82ad-40fc4458a5db,sc,cell,10x 5' v1,Kupffer--LSEC-Doublet,Control,PFKFB3,50,no_eligible_donors,present,True,0,0,0,0,0,,,,,,,0,0
sc,02792605-4760-4023-82ad-40fc4458a5db,sc,cell,10x 5' v1,Kupffer--LSEC-Doublet,Control,PRKD2,50,no_eligible_donors,present,True,0,0,0,0,0,,,,,,,0,0
sc,02792605-4760-4023-82ad-40fc4458a5db,sc,cell,10x 5' v1,Kupffer--LSEC-Doublet,Control,UBASH3A,50,no_eligible_donors,present,True,0,0,0,0,0,,,,,,,0,0
sc,02792605-4760-4023-82ad-40fc4458a5db,sc,cell,10x 5' v1,LAM-like,Control,BCL2L11,20,evaluable_descriptive,present,True,3,5,181,206,3,4.2749676336922375,18.35947110035654,0.09523809523809523,0.09392265193370165,4.150100455502636,5.306844347190897,928538,3
sc,02792605-4760-4023-82ad-40fc4458a5db,sc,cell,10x 5' v1,LAM-like,Control,ETS2,20,evaluable_descriptive,present,True,3,5,181,206,3,6.169723709829382,70.98995492137861,0.2608695652173913,0.287292817679558,5.879606590862845,7.396976987291403,928538,3
sc,02792605-4760-4023-82ad-40fc4458a5db,sc,cell,10x 5' v1,LAM-like,Control,PFKFB3,20,evaluable_descriptive,present,True,3,5,181,206,3,5.306844347190897,38.58396836114594,0.09523809523809523,0.27071823204419887,4.150100455502636,6.21796514804177,928538,3
sc,02792605-4760-4023-82ad-40fc4458a5db,sc,cell,10x 5' v1,LAM-like,Control,PRKD2,20,evaluable_descriptive,present,True,3,5,181,206,1,0.0,0.0,0.0,0.016574585635359115,0.0,2.2240076094263643,928538,3
sc,02792605-4760-4023-82ad-40fc4458a5db,sc,cell,10x 5' v1,LAM-like,Control,UBASH3A,20,evaluable_descriptive,present,True,3,5,181,206,0,0.0,0.0,0.0,0.0,0.0,0.0,928538,3
sc,02792605-4760-4023-82ad-40fc4458a5db,sc,cell,10x 5' v1,LAM-like,Control,BCL2L11,50,evaluable_descriptive,present,True,1,5,137,206,1,4.2749676336922375,18.35947110035654,0.10218978102189781,0.10218978102189781,4.2749676336922375,4.2749676336922375,817017,1
sc,02792605-4760-4023-82ad-40fc4458a5db,sc,cell,10x 5' v1,LAM-like,Control,ETS2,50,evaluable_descriptive,present,True,1,5,137,206,1,6.169723709829382,70.98995492137861,0.32116788321167883,0.32116788321167883,6.169723709829382,6.169723709829382,817017,1
sc,02792605-4760-4023-82ad-40fc4458a5db,sc,cell,10x 5' v1,LAM-like,Control,PFKFB3,50,evaluable_descriptive,present,True,1,5,137,206,1,6.21796514804177,73.43788440142616,0.3357664233576642,0.3357664233576642,6.21796514804177,6.21796514804177,817017,1
sc,02792605-4760-4023-82ad-40fc4458a5db,sc,cell,10x 5' v1,LAM-like,Control,PRKD2,50,evaluable_descriptive,present,True,1,5,137,206,1,2.2240076094263643,3.671894220071308,0.021897810218978103,0.021897810218978103,2.2240076094263643,2.2240076094263643,817017,1
sc,02792605-4760-4023-82ad-40fc4458a5db,sc,cell,10x 5' v1,LAM-like,Control,UBASH3A,50,evaluable_descriptive,present,True,1,5,137,206,0,0.0,0.0,0.0,0.0,0.0,0.0,817017,1
sc,02792605-4760-4023-82ad-40fc4458a5db,sc,cell,10x 5' v1,MHCII,Control,BCL2L11,20,evaluable_descriptive,present,True,2,6,72,109,2,3.3763198516259125,9.457628646679343,0.027799227799227798,0.027777777777777776,3.204867208825987,3.5477724944258378,215150,2
sc,02792605-4760-4023-82ad-40fc4458a5db,sc,cell,10x 5' v1,MHCII,Control,ETS2,20,evaluable_descriptive,present,True,2,6,72,109,2,7.5833179453269395,190.78892072058497,0.432046332046332,0.4305555555555556,7.5704232103651625,7.5962126802887155,215150,2
sc,02792605-4760-4023-82ad-40fc4458a5db,sc,cell,10x 5' v1,MHCII,Control,PFKFB3,20,evaluable_descriptive,present,True,2,6,72,109,2,6.045456999706281,70.71308271528822,0.16833976833976833,0.16666666666666666,5.452149334879796,6.638764664532766,215150,2
sc,02792605-4760-4023-82ad-40fc4458a5db,sc,cell,10x 5' v1,MHCII,Control,PRKD2,20,evaluable_descriptive,present,True,2,6,72,109,2,3.8361034238018092,13.5679496627507,0.027799227799227798,0.027777777777777776,3.5477724944258378,4.124434353177781,215150,2
sc,02792605-4760-4023-82ad-40fc4458a5db,sc,cell,10x 5' v1,MHCII,Control,UBASH3A,20,evaluable_descriptive,present,True,2,6,72,109,0,0.0,0.0,0.0,0.0,0.0,0.0,215150,2
sc,02792605-4760-4023-82ad-40fc4458a5db,sc,cell,10x 5' v1,MHCII,Control,BCL2L11,50,no_eligible_donors,present,True,0,6,0,109,0,,,,,,,0,0
sc,02792605-4760-4023-82ad-40fc4458a5db,sc,cell,10x 5' v1,MHCII,Control,ETS2,50,no_eligible_donors,present,True,0,6,0,109,0,,,,,,,0,0
sc,02792605-4760-4023-82ad-40fc4458a5db,sc,cell,10x 5' v1,MHCII,Control,PFKFB3,50,no_eligible_donors,present,True,0,6,0,109,0,,,,,,,0,0
sc,02792605-4760-4023-82ad-40fc4458a5db,sc,cell,10x 5' v1,MHCII,Control,PRKD2,50,no_eligible_donors,present,True,0,6,0,109,0,,,,,,,0,0
sc,02792605-4760-4023-82ad-40fc4458a5db,sc,cell,10x 5' v1,MHCII,Control,UBASH3A,50,no_eligible_donors,present,True,0,6,0,109,0,,,,,,,0,0
sc,02792605-4760-4023-82ad-40fc4458a5db,sc,cell,10x 5' v1,Mac--B-Doublet,Control,BCL2L11,20,no_eligible_donors,present,True,0,0,0,0,0,,,,,,,0,0
sc,02792605-4760-4023-82ad-40fc4458a5db,sc,cell,10x 5' v1,Mac--B-Doublet,Control,ETS2,20,no_eligible_donors,present,True,0,0,0,0,0,,,,,,,0,0
sc,02792605-4760-4023-82ad-40fc4458a5db,sc,cell,10x 5' v1,Mac--B-Doublet,Control,PFKFB3,20,no_eligible_donors,present,True,0,0,0,0,0,,,,,,,0,0
sc,02792605-4760-4023-82ad-40fc4458a5db,sc,cell,10x 5' v1,Mac--B-Doublet,Control,PRKD2,20,no_eligible_donors,present,True,0,0,0,0,0,,,,,,,0,0
sc,02792605-4760-4023-82ad-40fc4458a5db,sc,cell,10x 5' v1,Mac--B-Doublet,Control,UBASH3A,20,no_eligible_donors,present,True,0,0,0,0,0,,,,,,,0,0
sc,02792605-4760-4023-82ad-40fc4458a5db,sc,cell,10x 5' v1,Mac--B-Doublet,Control,BCL2L11,50,no_eligible_donors,present,True,0,0,0,0,0,,,,,,,0,0
sc,02792605-4760-4023-82ad-40fc4458a5db,sc,cell,10x 5' v1,Mac--B-Doublet,Control,ETS2,50,no_eligible_donors,present,True,0,0,0,0,0,,,,,,,0,0
sc,02792605-4760-4023-82ad-40fc4458a5db,sc,cell,10x 5' v1,Mac--B-Doublet,Control,PFKFB3,50,no_eligible_donors,present,True,0,0,0,0,0,,,,,,,0,0
sc,02792605-4760-4023-82ad-40fc4458a5db,sc,cell,10x 5' v1,Mac--B-Doublet,Control,PRKD2,50,no_eligible_donors,present,True,0,0,0,0,0,,,,,,,0,0
sc,02792605-4760-4023-82ad-40fc4458a5db,sc,cell,10x 5' v1,Mac--B-Doublet,Control,UBASH3A,50,no_eligible_donors,present,True,0,0,0,0,0,,,,,,,0,0
sc,02792605-4760-4023-82ad-40fc4458a5db,sc,cell,10x 5' v1,Mac--Fibro-Doublet,Control,BCL2L11,20,no_eligible_donors,present,True,0,0,0,0,0,,,,,,,0,0
sc,02792605-4760-4023-82ad-40fc4458a5db,sc,cell,10x 5' v1,Mac--Fibro-Doublet,Control,ETS2,20,no_eligible_donors,present,True,0,0,0,0,0,,,,,,,0,0
sc,02792605-4760-4023-82ad-40fc4458a5db,sc,cell,10x 5' v1,Mac--Fibro-Doublet,Control,PFKFB3,20,no_eligible_donors,present,True,0,0,0,0,0,,,,,,,0,0
sc,02792605-4760-4023-82ad-40fc4458a5db,sc,cell,10x 5' v1,Mac--Fibro-Doublet,Control,PRKD2,20,no_eligible_donors,present,True,0,0,0,0,0,,,,,,,0,0
sc,02792605-4760-4023-82ad-40fc4458a5db,sc,cell,10x 5' v1,Mac--Fibro-Doublet,Control,UBASH3A,20,no_eligible_donors,present,True,0,0,0,0,0,,,,,,,0,0
sc,02792605-4760-4023-82ad-40fc4458a5db,sc,cell,10x 5' v1,Mac--Fibro-Doublet,Control,BCL2L11,50,no_eligible_donors,present,True,0,0,0,0,0,,,,,,,0,0
sc,02792605-4760-4023-82ad-40fc4458a5db,sc,cell,10x 5' v1,Mac--Fibro-Doublet,Control,ETS2,50,no_eligible_donors,present,True,0,0,0,0,0,,,,,,,0,0
sc,02792605-4760-4023-82ad-40fc4458a5db,sc,cell,10x 5' v1,Mac--Fibro-Doublet,Control,PFKFB3,50,no_eligible_donors,present,True,0,0,0,0,0,,,,,,,0,0
sc,02792605-4760-4023-82ad-40fc4458a5db,sc,cell,10x 5' v1,Mac--Fibro-Doublet,Control,PRKD2,50,no_eligible_donors,present,True,0,0,0,0,0,,,,,,,0,0
sc,02792605-4760-4023-82ad-40fc4458a5db,sc,cell,10x 5' v1,Mac--Fibro-Doublet,Control,UBASH3A,50,no_eligible_donors,present,True,0,0,0,0,0,,,,,,,0,0
sc,02792605-4760-4023-82ad-40fc4458a5db,sc,cell,10x 5' v1,MatB,Control,BCL2L11,20,evaluable_descriptive,present,True,2,5,179,201,2,4.036726790312013,15.42799957721665,0.039230769230769236,0.03910614525139665,3.9741174025544583,4.099336178069568,519646,2
sc,02792605-4760-4023-82ad-40fc4458a5db,sc,cell,10x 5' v1,MatB,Control,ETS2,20,evaluable_descriptive,present,True,2,5,179,201,2,6.621126238833401,116.36080423403587,0.31583333333333335,0.2849162011173184,5.740295692313118,7.501956785353685,519646,2
sc,02792605-4760-4023-82ad-40fc4458a5db,sc,cell,10x 5' v1,MatB,Control,PFKFB3,20,evaluable_descriptive,present,True,2,5,179,201,2,3.1221284686052257,7.713999788608325,0.022948717948717952,0.0223463687150838,3.063115671444928,3.181141265765523,519646,2
sc,02792605-4760-4023-82ad-40fc4458a5db,sc,cell,10x 5' v1,MatB,Control,PRKD2,20,evaluable_descriptive,present,True,2,5,179,201,2,2.2790946438504927,3.8569998943041623,0.011474358974358976,0.0111731843575419,2.2261626389997877,2.332026648701198,519646,2
sc,02792605-4760-4023-82ad-40fc4458a5db,sc,cell,10x 5' v1,MatB,Control,UBASH3A,20,evaluable_descriptive,present,True,2,5,179,201,0,0.0,0.0,0.0,0.0,0.0,0.0,519646,2
sc,02792605-4760-4023-82ad-40fc4458a5db,sc,cell,10x 5' v1,MatB,Control,BCL2L11,50,evaluable_descriptive,present,True,2,5,179,201,2,4.036726790312013,15.42799957721665,0.039230769230769236,0.03910614525139665,3.9741174025544583,4.099336178069568,519646,2
sc,02792605-4760-4023-82ad-40fc4458a5db,sc,cell,10x 5' v1,MatB,Control,ETS2,50,evaluable_descriptive,present,True,2,5,179,201,2,6.621126238833401,116.36080423403587,0.31583333333333335,0.2849162011173184,5.740295692313118,7.501956785353685,519646,2
sc,02792605-4760-4023-82ad-40fc4458a5db,sc,cell,10x 5' v1,MatB,Control,PFKFB3,50,evaluable_descriptive,present,True,2,5,179,201,2,3.1221284686052257,7.713999788608325,0.022948717948717952,0.0223463687150838,3.063115671444928,3.181141265765523,519646,2
sc,02792605-4760-4023-82ad-40fc4458a5db,sc,cell,10x 5' v1,MatB,Control,PRKD2,50,evaluable_descriptive,present,True,2,5,179,201,2,2.2790946438504927,3.8569998943041623,0.011474358974358976,0.0111731843575419,2.2261626389997877,2.332026648701198,519646,2
sc,02792605-4760-4023-82ad-40fc4458a5db,sc,cell,10x 5' v1,MatB,Control,UBASH3A,50,evaluable_descriptive,present,True,2,5,179,201,0,0.0,0.0,0.0,0.0,0.0,0.0,519646,2
sc,02792605-4760-4023-82ad-40fc4458a5db,sc,cell,10x 5' v1,Monocyte,Control,BCL2L11,20,evaluable_descriptive,present,True,4,6,303,324,4,3.9681600850352616,14.674424332604591,0.03484848484848485,0.056105610561056105,2.895266457130627,5.578567150962801,728033,4
sc,02792605-4760-4023-82ad-40fc4458a5db,sc,cell,10x 5' v1,Monocyte,Control,ETS2,20,evaluable_descriptive,present,True,4,6,303,324,4,7.355804290269887,163.58030518797798,0.31619958988380037,0.3069306930693069,6.510287697967054,7.555745332053655,728033,4
sc,02792605-4760-4023-82ad-40fc4458a5db,sc,cell,10x 5' v1,Monocyte,Control,PFKFB3,20,evaluable_descriptive,present,True,4,6,303,324,4,5.338974038592568,40.27280778573677,0.10378787878787879,0.12211221122112212,3.132210711978721,6.661911139984786,728033,4
sc,02792605-4760-4023-82ad-40fc4458a5db,sc,cell,10x 5' v1,Monocyte,Control,PRKD2,20,evaluable_descriptive,present,True,4,6,303,324,4,3.388981702683677,9.893138364177293,0.026515151515151512,0.026402640264026403,2.941849226378249,4.603081731608195,728033,4
sc,02792605-4760-4023-82ad-40fc4458a5db,sc,cell,10x 5' v1,Monocyte,Control,UBASH3A,20,evaluable_descriptive,present,True,4,6,303,324,0,0.0,0.0,0.0,0.0,0.0,0.0,728033,4
sc,02792605-4760-4023-82ad-40fc4458a5db,sc,cell,10x 5' v1,Monocyte,Control,BCL2L11,50,evaluable_descriptive,present,True,4,6,303,324,4,3.9681600850352616,14.674424332604591,0.03484848484848485,0.056105610561056105,2.895266457130627,5.578567150962801,728033,4
sc,02792605-4760-4023-82ad-40fc4458a5db,sc,cell,10x 5' v1,Monocyte,Control,ETS2,50,evaluable_descriptive,present,True,4,6,303,324,4,7.355804290269887,163.58030518797798,0.31619958988380037,0.3069306930693069,6.510287697967054,7.555745332053655,728033,4
sc,02792605-4760-4023-82ad-40fc4458a5db,sc,cell,10x 5' v1,Monocyte,Control,PFKFB3,50,evaluable_descriptive,present,True,4,6,303,324,4,5.338974038592568,40.27280778573677,0.10378787878787879,0.12211221122112212,3.132210711978721,6.661911139984786,728033,4
sc,02792605-4760-4023-82ad-40fc4458a5db,sc,cell,10x 5' v1,Monocyte,Control,PRKD2,50,evaluable_descriptive,present,True,4,6,303,324,4,3.388981702683677,9.893138364177293,0.026515151515151512,0.026402640264026403,2.941849226378249,4.603081731608195,728033,4
sc,02792605-4760-4023-82ad-40fc4458a5db,sc,cell,10x 5' v1,Monocyte,Control,UBASH3A,50,evaluable_descriptive,present,True,4,6,303,324,0,0.0,0.0,0.0,0.0,0.0,0.0,728033,4
sc,02792605-4760-4023-82ad-40fc4458a5db,sc,cell,10x 5' v1,NKT--Mac-Doublet,Control,BCL2L11,20,no_eligible_donors,present,True,0,0,0,0,0,,,,,,,0,0
sc,02792605-4760-4023-82ad-40fc4458a5db,sc,cell,10x 5' v1,NKT--Mac-Doublet,Control,ETS2,20,no_eligible_donors,present,True,0,0,0,0,0,,,,,,,0,0
sc,02792605-4760-4023-82ad-40fc4458a5db,sc,cell,10x 5' v1,NKT--Mac-Doublet,Control,PFKFB3,20,no_eligible_donors,present,True,0,0,0,0,0,,,,,,,0,0
sc,02792605-4760-4023-82ad-40fc4458a5db,sc,cell,10x 5' v1,NKT--Mac-Doublet,Control,PRKD2,20,no_eligible_donors,present,True,0,0,0,0,0,,,,,,,0,0
sc,02792605-4760-4023-82ad-40fc4458a5db,sc,cell,10x 5' v1,NKT--Mac-Doublet,Control,UBASH3A,20,no_eligible_donors,present,True,0,0,0,0,0,,,,,,,0,0
sc,02792605-4760-4023-82ad-40fc4458a5db,sc,cell,10x 5' v1,NKT--Mac-Doublet,Control,BCL2L11,50,no_eligible_donors,present,True,0,0,0,0,0,,,,,,,0,0
sc,02792605-4760-4023-82ad-40fc4458a5db,sc,cell,10x 5' v1,NKT--Mac-Doublet,Control,ETS2,50,no_eligible_donors,present,True,0,0,0,0,0,,,,,,,0,0
sc,02792605-4760-4023-82ad-40fc4458a5db,sc,cell,10x 5' v1,NKT--Mac-Doublet,Control,PFKFB3,50,no_eligible_donors,present,True,0,0,0,0,0,,,,,,,0,0
sc,02792605-4760-4023-82ad-40fc4458a5db,sc,cell,10x 5' v1,NKT--Mac-Doublet,Control,PRKD2,50,no_eligible_donors,present,True,0,0,0,0,0,,,,,,,0,0
sc,02792605-4760-4023-82ad-40fc4458a5db,sc,cell,10x 5' v1,NKT--Mac-Doublet,Control,UBASH3A,50,no_eligible_donors,present,True,0,0,0,0,0,,,,,,,0,0
sc,02792605-4760-4023-82ad-40fc4458a5db,sc,cell,10x 5' v1,Neutrophil,Control,BCL2L11,20,no_eligible_donors,present,True,0,4,0,15,0,,,,,,,0,0
sc,02792605-4760-4023-82ad-40fc4458a5db,sc,cell,10x 5' v1,Neutrophil,Control,ETS2,20,no_eligible_donors,present,True,0,4,0,15,0,,,,,,,0,0
sc,02792605-4760-4023-82ad-40fc4458a5db,sc,cell,10x 5' v1,Neutrophil,Control,PFKFB3,20,no_eligible_donors,present,True,0,4,0,15,0,,,,,,,0,0
sc,02792605-4760-4023-82ad-40fc4458a5db,sc,cell,10x 5' v1,Neutrophil,Control,PRKD2,20,no_eligible_donors,present,True,0,4,0,15,0,,,,,,,0,0
sc,02792605-4760-4023-82ad-40fc4458a5db,sc,cell,10x 5' v1,Neutrophil,Control,UBASH3A,20,no_eligible_donors,present,True,0,4,0,15,0,,,,,,,0,0
sc,02792605-4760-4023-82ad-40fc4458a5db,sc,cell,10x 5' v1,Neutrophil,Control,BCL2L11,50,no_eligible_donors,present,True,0,4,0,15,0,,,,,,,0,0
sc,02792605-4760-4023-82ad-40fc4458a5db,sc,cell,10x 5' v1,Neutrophil,Control,ETS2,50,no_eligible_donors,present,True,0,4,0,15,0,,,,,,,0,0
sc,02792605-4760-4023-82ad-40fc4458a5db,sc,cell,10x 5' v1,Neutrophil,Control,PFKFB3,50,no_eligible_donors,present,True,0,4,0,15,0,,,,,,,0,0
sc,02792605-4760-4023-82ad-40fc4458a5db,sc,cell,10x 5' v1,Neutrophil,Control,PRKD2,50,no_eligible_donors,present,True,0,4,0,15,0,,,,,,,0,0
sc,02792605-4760-4023-82ad-40fc4458a5db,sc,cell,10x 5' v1,Neutrophil,Control,UBASH3A,50,no_eligible_donors,present,True,0,4,0,15,0,,,,,,,0,0
sc,02792605-4760-4023-82ad-40fc4458a5db,sc,cell,10x 5' v1,P-Hepato,Control,BCL2L11,20,evaluable_descriptive,present,True,6,6,9325,9325,6,3.818424573291116,13.759090634046956,0.051648442677269715,0.04804289544235925,2.676697739352168,4.949515150362378,28632709,6
sc,02792605-4760-4023-82ad-40fc4458a5db,sc,cell,10x 5' v1,P-Hepato,Control,ETS2,20,evaluable_descriptive,present,True,6,6,9325,9325,6,7.560116793635661,187.84776527360125,0.41187696564353676,0.29823056300268097,6.102405261070293,8.334190742441047,28632709,6
sc,02792605-4760-4023-82ad-40fc4458a5db,sc,cell,10x 5' v1,P-Hepato,Control,PFKFB3,20,evaluable_descriptive,present,True,6,6,9325,9325,6,3.568564285876834,10.889736644019372,0.03551878679632202,0.027238605898123325,2.25920608802601,4.4607800480355815,28632709,6
sc,02792605-4760-4023-82ad-40fc4458a5db,sc,cell,10x 5' v1,P-Hepato,Control,PRKD2,20,evaluable_descriptive,present,True,6,6,9325,9325,6,3.260214898162645,8.58189210972846,0.025883312598137254,0.025951742627345845,2.8138641076768063,3.8509803960101188,28632709,6
sc,02792605-4760-4023-82ad-40fc4458a5db,sc,cell,10x 5' v1,P-Hepato,Control,UBASH3A,20,evaluable_descriptive,present,True,6,6,9325,9325,1,0.0,0.0,0.0,0.00021447721179624664,0.0,0.20476098805621784,28632709,6
sc,02792605-4760-4023-82ad-40fc4458a5db,sc,cell,10x 5' v1,P-Hepato,Control,BCL2L11,50,evaluable_descriptive,present,True,6,6,9325,9325,6,3.818424573291116,13.759090634046956,0.051648442677269715,0.04804289544235925,2.676697739352168,4.949515150362378,28632709,6
sc,02792605-4760-4023-82ad-40fc4458a5db,sc,cell,10x 5' v1,P-Hepato,Control,ETS2,50,evaluable_descriptive,present,True,6,6,9325,9325,6,7.560116793635661,187.84776527360125,0.41187696564353676,0.29823056300268097,6.102405261070293,8.334190742441047,28632709,6
sc,02792605-4760-4023-82ad-40fc4458a5db,sc,cell,10x 5' v1,P-Hepato,Control,PFKFB3,50,evaluable_descriptive,present,True,6,6,9325,9325,6,3.568564285876834,10.889736644019372,0.03551878679632202,0.027238605898123325,2.25920608802601,4.4607800480355815,28632709,6
sc,02792605-4760-4023-82ad-40fc4458a5db,sc,cell,10x 5' v1,P-Hepato,Control,PRKD2,50,evaluable_descriptive,present,True,6,6,9325,9325,6,3.260214898162645,8.58189210972846,0.025883312598137254,0.025951742627345845,2.8138641076768063,3.8509803960101188,28632709,6
sc,02792605-4760-4023-82ad-40fc4458a5db,sc,cell,10x 5' v1,P-Hepato,Control,UBASH3A,50,evaluable_descriptive,present,True,6,6,9325,9325,1,0.0,0.0,0.0,0.00021447721179624664,0.0,0.20476098805621784,28632709,6
sc,02792605-4760-4023-82ad-40fc4458a5db,sc,cell,10x 5' v1,P-Hepato2,Control,BCL2L11,20,evaluable_descriptive,present,True,5,6,3941,3944,5,4.781989493247429,26.512007196638642,0.0891089108910891,0.06191321999492515,3.1710951391560167,5.002684477675055,11384503,5
sc,02792605-4760-4023-82ad-40fc4458a5db,sc,cell,10x 5' v1,P-Hepato2,Control,ETS2,20,evaluable_descriptive,present,True,5,6,3941,3944,5,7.415726416538886,169.74818305497897,0.3909697280656747,0.2864755138289774,5.675019646963611,8.027815430767257,11384503,5
sc,02792605-4760-4023-82ad-40fc4458a5db,sc,cell,10x 5' v1,P-Hepato2,Control,PFKFB3,20,evaluable_descriptive,present,True,5,6,3941,3944,5,3.4469385968579025,9.9051567094843,0.028985507246376812,0.019030702867292564,2.3179577360653663,4.088701781047297,11384503,5
sc,02792605-4760-4023-82ad-40fc4458a5db,sc,cell,10x 5' v1,P-Hepato2,Control,PRKD2,20,evaluable_descriptive,present,True,5,6,3941,3944,5,3.4469385968579025,9.9051567094843,0.022062596203181118,0.024105556965237248,2.094315184504021,4.088701781047297,11384503,5
sc,02792605-4760-4023-82ad-40fc4458a5db,sc,cell,10x 5' v1,P-Hepato2,Control,UBASH3A,20,evaluable_descriptive,present,True,5,6,3941,3944,0,0.0,0.0,0.0,0.0,0.0,0.0,11384503,5
sc,02792605-4760-4023-82ad-40fc4458a5db,sc,cell,10x 5' v1,P-Hepato2,Control,BCL2L11,50,evaluable_descriptive,present,True,5,6,3941,3944,5,4.781989493247429,26.512007196638642,0.0891089108910891,0.06191321999492515,3.1710951391560167,5.002684477675055,11384503,5
sc,02792605-4760-4023-82ad-40fc4458a5db,sc,cell,10x 5' v1,P-Hepato2,Control,ETS2,50,evaluable_descriptive,present,True,5,6,3941,3944,5,7.415726416538886,169.74818305497897,0.3909697280656747,0.2864755138289774,5.675019646963611,8.027815430767257,11384503,5
sc,02792605-4760-4023-82ad-40fc4458a5db,sc,cell,10x 5' v1,P-Hepato2,Control,PFKFB3,50,evaluable_descriptive,present,True,5,6,3941,3944,5,3.4469385968579025,9.9051567094843,0.028985507246376812,0.019030702867292564,2.3179577360653663,4.088701781047297,11384503,5
sc,02792605-4760-4023-82ad-40fc4458a5db,sc,cell,10x 5' v1,P-Hepato2,Control,PRKD2,50,evaluable_descriptive,present,True,5,6,3941,3944,5,3.4469385968579025,9.9051567094843,0.022062596203181118,0.024105556965237248,2.094315184504021,4.088701781047297,11384503,5
sc,02792605-4760-4023-82ad-40fc4458a5db,sc,cell,10x 5' v1,P-Hepato2,Control,UBASH3A,50,evaluable_descriptive,present,True,5,6,3941,3944,0,0.0,0.0,0.0,0.0,0.0,0.0,11384503,5
sc,02792605-4760-4023-82ad-40fc4458a5db,sc,cell,10x 5' v1,Prolif,Control,BCL2L11,20,no_eligible_donors,present,True,0,0,0,0,0,,,,,,,0,0
sc,02792605-4760-4023-82ad-40fc4458a5db,sc,cell,10x 5' v1,Prolif,Control,ETS2,20,no_eligible_donors,present,True,0,0,0,0,0,,,,,,,0,0
sc,02792605-4760-4023-82ad-40fc4458a5db,sc,cell,10x 5' v1,Prolif,Control,PFKFB3,20,no_eligible_donors,present,True,0,0,0,0,0,,,,,,,0,0
sc,02792605-4760-4023-82ad-40fc4458a5db,sc,cell,10x 5' v1,Prolif,Control,PRKD2,20,no_eligible_donors,present,True,0,0,0,0,0,,,,,,,0,0
sc,02792605-4760-4023-82ad-40fc4458a5db,sc,cell,10x 5' v1,Prolif,Control,UBASH3A,20,no_eligible_donors,present,True,0,0,0,0,0,,,,,,,0,0
sc,02792605-4760-4023-82ad-40fc4458a5db,sc,cell,10x 5' v1,Prolif,Control,BCL2L11,50,no_eligible_donors,present,True,0,0,0,0,0,,,,,,,0,0
sc,02792605-4760-4023-82ad-40fc4458a5db,sc,cell,10x 5' v1,Prolif,Control,ETS2,50,no_eligible_donors,present,True,0,0,0,0,0,,,,,,,0,0
sc,02792605-4760-4023-82ad-40fc4458a5db,sc,cell,10x 5' v1,Prolif,Control,PFKFB3,50,no_eligible_donors,present,True,0,0,0,0,0,,,,,,,0,0
sc,02792605-4760-4023-82ad-40fc4458a5db,sc,cell,10x 5' v1,Prolif,Control,PRKD2,50,no_eligible_donors,present,True,0,0,0,0,0,,,,,,,0,0
sc,02792605-4760-4023-82ad-40fc4458a5db,sc,cell,10x 5' v1,Prolif,Control,UBASH3A,50,no_eligible_donors,present,True,0,0,0,0,0,,,,,,,0,0
sc,02792605-4760-4023-82ad-40fc4458a5db,sc,cell,10x 5' v1,RBC,Control,BCL2L11,20,no_eligible_donors,present,True,0,1,0,1,0,,,,,,,0,0
sc,02792605-4760-4023-82ad-40fc4458a5db,sc,cell,10x 5' v1,RBC,Control,ETS2,20,no_eligible_donors,present,True,0,1,0,1,0,,,,,,,0,0
sc,02792605-4760-4023-82ad-40fc4458a5db,sc,cell,10x 5' v1,RBC,Control,PFKFB3,20,no_eligible_donors,present,True,0,1,0,1,0,,,,,,,0,0
sc,02792605-4760-4023-82ad-40fc4458a5db,sc,cell,10x 5' v1,RBC,Control,PRKD2,20,no_eligible_donors,present,True,0,1,0,1,0,,,,,,,0,0
sc,02792605-4760-4023-82ad-40fc4458a5db,sc,cell,10x 5' v1,RBC,Control,UBASH3A,20,no_eligible_donors,present,True,0,1,0,1,0,,,,,,,0,0
sc,02792605-4760-4023-82ad-40fc4458a5db,sc,cell,10x 5' v1,RBC,Control,BCL2L11,50,no_eligible_donors,present,True,0,1,0,1,0,,,,,,,0,0
sc,02792605-4760-4023-82ad-40fc4458a5db,sc,cell,10x 5' v1,RBC,Control,ETS2,50,no_eligible_donors,present,True,0,1,0,1,0,,,,,,,0,0
sc,02792605-4760-4023-82ad-40fc4458a5db,sc,cell,10x 5' v1,RBC,Control,PFKFB3,50,no_eligible_donors,present,True,0,1,0,1,0,,,,,,,0,0
sc,02792605-4760-4023-82ad-40fc4458a5db,sc,cell,10x 5' v1,RBC,Control,PRKD2,50,no_eligible_donors,present,True,0,1,0,1,0,,,,,,,0,0
sc,02792605-4760-4023-82ad-40fc4458a5db,sc,cell,10x 5' v1,RBC,Control,UBASH3A,50,no_eligible_donors,present,True,0,1,0,1,0,,,,,,,0,0
sc,02792605-4760-4023-82ad-40fc4458a5db,sc,cell,10x 5' v1,Stellate,Control,BCL2L11,20,evaluable_descriptive,present,True,2,5,599,636,2,4.208799374840697,28.159213488314023,0.07124542124542124,0.021702838063439065,2.7253622805271838,5.692236469154211,1563249,2
sc,02792605-4760-4023-82ad-40fc4458a5db,sc,cell,10x 5' v1,Stellate,Control,ETS2,20,evaluable_descriptive,present,True,2,5,599,636,2,7.230138723852459,154.62281854773082,0.3301282051282051,0.2604340567612688,6.841326277735473,7.618951169969444,1563249,2
sc,02792605-4760-4023-82ad-40fc4458a5db,sc,cell,10x 5' v1,Stellate,Control,PFKFB3,20,evaluable_descriptive,present,True,2,5,599,636,2,3.023130136392208,7.130086811788012,0.021749084249084248,0.018363939899833055,3.002986670436552,3.043273602347864,1563249,2
sc,02792605-4760-4023-82ad-40fc4458a5db,sc,cell,10x 5' v1,Stellate,Control,PRKD2,20,evaluable_descriptive,present,True,2,5,599,636,2,3.284975971962793,8.884231504868824,0.02621336996336996,0.02671118530884808,3.043273602347864,3.526678341577722,1563249,2
sc,02792605-4760-4023-82ad-40fc4458a5db,sc,cell,10x 5' v1,Stellate,Control,UBASH3A,20,evaluable_descriptive,present,True,2,5,599,636,0,0.0,0.0,0.0,0.0,0.0,0.0,1563249,2
sc,02792605-4760-4023-82ad-40fc4458a5db,sc,cell,10x 5' v1,Stellate,Control,BCL2L11,50,evaluable_descriptive,present,True,1,5,560,636,1,2.7253622805271838,5.613263017858596,0.014285714285714285,0.014285714285714285,2.7253622805271838,2.7253622805271838,1425196,1
sc,02792605-4760-4023-82ad-40fc4458a5db,sc,cell,10x 5' v1,Stellate,Control,ETS2,50,evaluable_descriptive,present,True,1,5,560,636,1,6.841326277735473,113.66857611163657,0.25,0.25,6.841326277735473,6.841326277735473,1425196,1
sc,02792605-4760-4023-82ad-40fc4458a5db,sc,cell,10x 5' v1,Stellate,Control,PFKFB3,50,evaluable_descriptive,present,True,1,5,560,636,1,3.002986670436552,7.016578772323245,0.017857142857142856,0.017857142857142856,3.002986670436552,3.002986670436552,1425196,1
sc,02792605-4760-4023-82ad-40fc4458a5db,sc,cell,10x 5' v1,Stellate,Control,PRKD2,50,evaluable_descriptive,present,True,1,5,560,636,1,3.526678341577722,10.524868158484868,0.026785714285714284,0.026785714285714284,3.526678341577722,3.526678341577722,1425196,1
sc,02792605-4760-4023-82ad-40fc4458a5db,sc,cell,10x 5' v1,Stellate,Control,UBASH3A,50,evaluable_descriptive,present,True,1,5,560,636,0,0.0,0.0,0.0,0.0,0.0,0.0,1425196,1
sc,02792605-4760-4023-82ad-40fc4458a5db,sc,cell,10x 5' v1,Tcell,Control,BCL2L11,20,evaluable_descriptive,present,True,5,6,837,846,4,3.647261481032952,11.529539448703542,0.04,0.05017921146953405,0.0,4.742038973206319,2816202,5
sc,02792605-4760-4023-82ad-40fc4458a5db,sc,cell,10x 5' v1,Tcell,Control,ETS2,20,evaluable_descriptive,present,True,5,6,837,846,5,6.059866976003456,65.7116572479958,0.3783783783783784,0.23416965352449223,5.6045289069831785,7.474484971187086,2816202,5
sc,02792605-4760-4023-82ad-40fc4458a5db,sc,cell,10x 5' v1,Tcell,Control,PFKFB3,20,evaluable_descriptive,present,True,5,6,837,846,5,3.5559269887283187,10.76090348545664,0.08,0.02986857825567503,2.0325497810524396,5.485677071148487,2816202,5
sc,02792605-4760-4023-82ad-40fc4458a5db,sc,cell,10x 5' v1,Tcell,Control,PRKD2,20,evaluable_descriptive,present,True,5,6,837,846,5,4.033222046769141,15.372719264938057,0.04,0.03345280764635603,1.7176604916083518,5.051103372285359,2816202,5
sc,02792605-4760-4023-82ad-40fc4458a5db,sc,cell,10x 5' v1,Tcell,Control,UBASH3A,20,evaluable_descriptive,present,True,5,6,837,846,2,0.0,0.0,0.0,0.007168458781362007,0.0,5.051103372285359,2816202,5
sc,02792605-4760-4023-82ad-40fc4458a5db,sc,cell,10x 5' v1,Tcell,Control,BCL2L11,50,evaluable_descriptive,present,True,2,6,753,846,2,4.194650227119635,18.64507357587175,0.05747087963582809,0.05179282868525897,3.647261481032952,4.742038973206319,2271480,2
sc,02792605-4760-4023-82ad-40fc4458a5db,sc,cell,10x 5' v1,Tcell,Control,ETS2,50,evaluable_descriptive,present,True,2,6,753,846,2,6.457138674946281,102.65517443195625,0.257943946088276,0.2244355909694555,5.6045289069831785,7.309748442909382,2271480,2
sc,02792605-4760-4023-82ad-40fc4458a5db,sc,cell,10x 5' v1,Tcell,Control,PFKFB3,50,evaluable_descriptive,present,True,2,6,753,846,2,2.794238384890379,6.926088204910717,0.020306154326772883,0.02257636122177955,2.0325497810524396,3.5559269887283187,2271480,2
sc,02792605-4760-4023-82ad-40fc4458a5db,sc,cell,10x 5' v1,Tcell,Control,PRKD2,50,evaluable_descriptive,present,True,2,6,753,846,2,3.194922008881854,9.747208248712225,0.02851787387869862,0.03187250996015936,2.356621970994567,4.033222046769141,2271480,2
sc,02792605-4760-4023-82ad-40fc4458a5db,sc,cell,10x 5' v1,Tcell,Control,UBASH3A,50,evaluable_descriptive,present,True,2,6,753,846,1,1.0133192790132628,1.5372719264938055,0.004329004329004329,0.005312084993359893,0.0,2.0266385580265256,2271480,2
sc,02792605-4760-4023-82ad-40fc4458a5db,sc,cell,10x 5' v1,cDC,Control,BCL2L11,20,no_eligible_donors,present,True,0,3,0,22,0,,,,,,,0,0
sc,02792605-4760-4023-82ad-40fc4458a5db,sc,cell,10x 5' v1,cDC,Control,ETS2,20,no_eligible_donors,present,True,0,3,0,22,0,,,,,,,0,0
sc,02792605-4760-4023-82ad-40fc4458a5db,sc,cell,10x 5' v1,cDC,Control,PFKFB3,20,no_eligible_donors,present,True,0,3,0,22,0,,,,,,,0,0
sc,02792605-4760-4023-82ad-40fc4458a5db,sc,cell,10x 5' v1,cDC,Control,PRKD2,20,no_eligible_donors,present,True,0,3,0,22,0,,,,,,,0,0
sc,02792605-4760-4023-82ad-40fc4458a5db,sc,cell,10x 5' v1,cDC,Control,UBASH3A,20,no_eligible_donors,present,True,0,3,0,22,0,,,,,,,0,0
sc,02792605-4760-4023-82ad-40fc4458a5db,sc,cell,10x 5' v1,cDC,Control,BCL2L11,50,no_eligible_donors,present,True,0,3,0,22,0,,,,,,,0,0
sc,02792605-4760-4023-82ad-40fc4458a5db,sc,cell,10x 5' v1,cDC,Control,ETS2,50,no_eligible_donors,present,True,0,3,0,22,0,,,,,,,0,0
sc,02792605-4760-4023-82ad-40fc4458a5db,sc,cell,10x 5' v1,cDC,Control,PFKFB3,50,no_eligible_donors,present,True,0,3,0,22,0,,,,,,,0,0
sc,02792605-4760-4023-82ad-40fc4458a5db,sc,cell,10x 5' v1,cDC,Control,PRKD2,50,no_eligible_donors,present,True,0,3,0,22,0,,,,,,,0,0
sc,02792605-4760-4023-82ad-40fc4458a5db,sc,cell,10x 5' v1,cDC,Control,UBASH3A,50,no_eligible_donors,present,True,0,3,0,22,0,,,,,,,0,0
sc,02792605-4760-4023-82ad-40fc4458a5db,sc,cell,10x 5' v1,cNK,Control,BCL2L11,20,evaluable_descriptive,present,True,2,5,159,168,1,2.2394764632826867,10.64985409699887,0.022727272727272728,0.012578616352201259,0.0,4.478952926565373,432532,2
sc,02792605-4760-4023-82ad-40fc4458a5db,sc,cell,10x 5' v1,cNK,Control,ETS2,20,evaluable_descriptive,present,True,2,5,159,168,2,5.858638662063328,100.86962533710567,0.22628458498023718,0.14465408805031446,4.1812440821810855,7.536033241945571,432532,2
sc,02792605-4760-4023-82ad-40fc4458a5db,sc,cell,10x 5' v1,cNK,Control,PFKFB3,20,evaluable_descriptive,present,True,2,5,159,168,1,1.748171590261148,5.142533897869277,0.013043478260869565,0.018867924528301886,0.0,3.496343180522296,432532,2
sc,02792605-4760-4023-82ad-40fc4458a5db,sc,cell,10x 5' v1,cNK,Control,PRKD2,20,evaluable_descriptive,present,True,2,5,159,168,2,3.7111620673075407,12.242436629201858,0.035770750988142294,0.031446540880503145,3.496343180522296,3.9259809540927852,432532,2
sc,02792605-4760-4023-82ad-40fc4458a5db,sc,cell,10x 5' v1,cNK,Control,UBASH3A,20,evaluable_descriptive,present,True,2,5,159,168,0,0.0,0.0,0.0,0.0,0.0,0.0,432532,2
sc,02792605-4760-4023-82ad-40fc4458a5db,sc,cell,10x 5' v1,cNK,Control,BCL2L11,50,evaluable_descriptive,present,True,1,5,115,168,0,0.0,0.0,0.0,0.0,0.0,0.0,291685,1
sc,02792605-4760-4023-82ad-40fc4458a5db,sc,cell,10x 5' v1,cNK,Control,ETS2,50,evaluable_descriptive,present,True,1,5,115,168,1,4.1812440821810855,17.141779659564257,0.043478260869565216,0.043478260869565216,4.1812440821810855,4.1812440821810855,291685,1
sc,02792605-4760-4023-82ad-40fc4458a5db,sc,cell,10x 5' v1,cNK,Control,PFKFB3,50,evaluable_descriptive,present,True,1,5,115,168,1,3.496343180522296,10.285067795738554,0.02608695652173913,0.02608695652173913,3.496343180522296,3.496343180522296,291685,1
sc,02792605-4760-4023-82ad-40fc4458a5db,sc,cell,10x 5' v1,cNK,Control,PRKD2,50,evaluable_descriptive,present,True,1,5,115,168,1,3.496343180522296,10.285067795738554,0.02608695652173913,0.02608695652173913,3.496343180522296,3.496343180522296,291685,1
sc,02792605-4760-4023-82ad-40fc4458a5db,sc,cell,10x 5' v1,cNK,Control,UBASH3A,50,evaluable_descriptive,present,True,1,5,115,168,0,0.0,0.0,0.0,0.0,0.0,0.0,291685,1
sc,02792605-4760-4023-82ad-40fc4458a5db,sc,cell,10x 5' v1,cvEndo,Control,BCL2L11,20,evaluable_descriptive,present,True,1,5,45,76,0,0.0,0.0,0.0,0.0,0.0,0.0,111847,1
sc,02792605-4760-4023-82ad-40fc4458a5db,sc,cell,10x 5' v1,cvEndo,Control,ETS2,20,evaluable_descriptive,present,True,1,5,45,76,1,6.348145056936312,80.46706661779038,0.2,0.2,6.348145056936312,6.348145056936312,111847,1
sc,02792605-4760-4023-82ad-40fc4458a5db,sc,cell,10x 5' v1,cvEndo,Control,PFKFB3,20,evaluable_descriptive,present,True,1,5,45,76,1,4.238906851942081,17.88157035950897,0.044444444444444446,0.044444444444444446,4.238906851942081,4.238906851942081,111847,1
sc,02792605-4760-4023-82ad-40fc4458a5db,sc,cell,10x 5' v1,cvEndo,Control,PRKD2,20,evaluable_descriptive,present,True,1,5,45,76,1,4.238906851942081,17.88157035950897,0.044444444444444446,0.044444444444444446,4.238906851942081,4.238906851942081,111847,1
sc,02792605-4760-4023-82ad-40fc4458a5db,sc,cell,10x 5' v1,cvEndo,Control,UBASH3A,20,evaluable_descriptive,present,True,1,5,45,76,0,0.0,0.0,0.0,0.0,0.0,0.0,111847,1
sc,02792605-4760-4023-82ad-40fc4458a5db,sc,cell,10x 5' v1,cvEndo,Control,BCL2L11,50,no_eligible_donors,present,True,0,5,0,76,0,,,,,,,0,0
sc,02792605-4760-4023-82ad-40fc4458a5db,sc,cell,10x 5' v1,cvEndo,Control,ETS2,50,no_eligible_donors,present,True,0,5,0,76,0,,,,,,,0,0
sc,02792605-4760-4023-82ad-40fc4458a5db,sc,cell,10x 5' v1,cvEndo,Control,PFKFB3,50,no_eligible_donors,present,True,0,5,0,76,0,,,,,,,0,0
sc,02792605-4760-4023-82ad-40fc4458a5db,sc,cell,10x 5' v1,cvEndo,Control,PRKD2,50,no_eligible_donors,present,True,0,5,0,76,0,,,,,,,0,0
sc,02792605-4760-4023-82ad-40fc4458a5db,sc,cell,10x 5' v1,cvEndo,Control,UBASH3A,50,no_eligible_donors,present,True,0,5,0,76,0,,,,,,,0,0
sc,02792605-4760-4023-82ad-40fc4458a5db,sc,cell,10x 5' v1,cvLSEC,Control,BCL2L11,20,evaluable_descriptive,present,True,5,6,1630,1643,4,3.519941493502886,10.471176777024144,0.025186567164179104,0.02638036809815951,0.0,4.744237009013299,3924333,5
sc,02792605-4760-4023-82ad-40fc4458a5db,sc,cell,10x 5' v1,cvLSEC,Control,ETS2,20,evaluable_descriptive,present,True,5,6,1630,1643,5,7.836089346909729,227.5061757739879,0.43612334801762115,0.31901840490797545,7.095411027702614,8.616774002561618,3924333,5
sc,02792605-4760-4023-82ad-40fc4458a5db,sc,cell,10x 5' v1,cvLSEC,Control,PFKFB3,20,evaluable_descriptive,present,True,5,6,1630,1643,4,3.48373113985854,10.186843691372593,0.022026431718061675,0.01901840490797546,0.0,3.81584015246504,3924333,5
sc,02792605-4760-4023-82ad-40fc4458a5db,sc,cell,10x 5' v1,cvLSEC,Control,PRKD2,20,evaluable_descriptive,present,True,5,6,1630,1643,5,5.612261213122387,47.916904715392015,0.08396946564885496,0.07116564417177915,4.7241045604894625,6.902736002267031,3924333,5
sc,02792605-4760-4023-82ad-40fc4458a5db,sc,cell,10x 5' v1,cvLSEC,Control,UBASH3A,20,evaluable_descriptive,present,True,5,6,1630,1643,0,0.0,0.0,0.0,0.0,0.0,0.0,3924333,5
sc,02792605-4760-4023-82ad-40fc4458a5db,sc,cell,10x 5' v1,cvLSEC,Control,BCL2L11,50,evaluable_descriptive,present,True,4,6,1593,1643,4,3.6037615227878614,11.177913875146084,0.025809142612926557,0.02699309478970496,3.434553219918587,4.744237009013299,3840055,4
sc,02792605-4760-4023-82ad-40fc4458a5db,sc,cell,10x 5' v1,cvLSEC,Control,ETS2,50,evaluable_descriptive,present,True,4,6,1593,1643,4,7.6133567801434285,197.15455967767264,0.3561213755013479,0.3145009416195857,7.095411027702614,8.278992621368856,3840055,4
sc,02792605-4760-4023-82ad-40fc4458a5db,sc,cell,10x 5' v1,cvLSEC,Control,PFKFB3,50,evaluable_descriptive,present,True,4,6,1593,1643,4,3.5378098136801572,10.622295466693068,0.02246359753842015,0.0194601381042059,3.1462287662709643,3.81584015246504,3840055,4
sc,02792605-4760-4023-82ad-40fc4458a5db,sc,cell,10x 5' v1,cvLSEC,Control,PRKD2,50,evaluable_descriptive,present,True,4,6,1593,1643,4,5.169194969223726,36.69200697191175,0.07502438040151999,0.06779661016949153,4.7241045604894625,5.980534292971501,3840055,4
sc,02792605-4760-4023-82ad-40fc4458a5db,sc,cell,10x 5' v1,cvLSEC,Control,UBASH3A,50,evaluable_descriptive,present,True,4,6,1593,1643,0,0.0,0.0,0.0,0.0,0.0,0.0,3840055,4
sc,02792605-4760-4023-82ad-40fc4458a5db,sc,cell,10x 5' v1,cvLSEC--T-Doublet,Control,BCL2L11,20,no_eligible_donors,present,True,0,0,0,0,0,,,,,,,0,0
sc,02792605-4760-4023-82ad-40fc4458a5db,sc,cell,10x 5' v1,cvLSEC--T-Doublet,Control,ETS2,20,no_eligible_donors,present,True,0,0,0,0,0,,,,,,,0,0
sc,02792605-4760-4023-82ad-40fc4458a5db,sc,cell,10x 5' v1,cvLSEC--T-Doublet,Control,PFKFB3,20,no_eligible_donors,present,True,0,0,0,0,0,,,,,,,0,0
sc,02792605-4760-4023-82ad-40fc4458a5db,sc,cell,10x 5' v1,cvLSEC--T-Doublet,Control,PRKD2,20,no_eligible_donors,present,True,0,0,0,0,0,,,,,,,0,0
sc,02792605-4760-4023-82ad-40fc4458a5db,sc,cell,10x 5' v1,cvLSEC--T-Doublet,Control,UBASH3A,20,no_eligible_donors,present,True,0,0,0,0,0,,,,,,,0,0
sc,02792605-4760-4023-82ad-40fc4458a5db,sc,cell,10x 5' v1,cvLSEC--T-Doublet,Control,BCL2L11,50,no_eligible_donors,present,True,0,0,0,0,0,,,,,,,0,0
sc,02792605-4760-4023-82ad-40fc4458a5db,sc,cell,10x 5' v1,cvLSEC--T-Doublet,Control,ETS2,50,no_eligible_donors,present,True,0,0,0,0,0,,,,,,,0,0
sc,02792605-4760-4023-82ad-40fc4458a5db,sc,cell,10x 5' v1,cvLSEC--T-Doublet,Control,PFKFB3,50,no_eligible_donors,present,True,0,0,0,0,0,,,,,,,0,0
sc,02792605-4760-4023-82ad-40fc4458a5db,sc,cell,10x 5' v1,cvLSEC--T-Doublet,Control,PRKD2,50,no_eligible_donors,present,True,0,0,0,0,0,,,,,,,0,0
sc,02792605-4760-4023-82ad-40fc4458a5db,sc,cell,10x 5' v1,cvLSEC--T-Doublet,Control,UBASH3A,50,no_eligible_donors,present,True,0,0,0,0,0,,,,,,,0,0
sc,02792605-4760-4023-82ad-40fc4458a5db,sc,cell,10x 5' v1,lrNK,Control,BCL2L11,20,evaluable_descriptive,present,True,2,5,180,190,2,4.9241683956365545,33.45098819424024,0.08392857142857144,0.06111111111111111,4.183528295588533,5.664808495684575,470084,2
sc,02792605-4760-4023-82ad-40fc4458a5db,sc,cell,10x 5' v1,lrNK,Control,ETS2,20,evaluable_descriptive,present,True,2,5,180,190,2,5.771661443049457,80.46902803418605,0.2125,0.12222222222222222,4.394533388916805,7.1487894971821095,470084,2
sc,02792605-4760-4023-82ad-40fc4458a5db,sc,cell,10x 5' v1,lrNK,Control,PFKFB3,20,evaluable_descriptive,present,True,2,5,180,190,1,1.3746071582009924,2.861754369898923,0.007142857142857143,0.011111111111111112,0.0,2.749214316401985,470084,2
sc,02792605-4760-4023-82ad-40fc4458a5db,sc,cell,10x 5' v1,lrNK,Control,PRKD2,20,evaluable_descriptive,present,True,2,5,180,190,2,3.698223650286373,12.58120658302954,0.03571428571428571,0.027777777777777776,3.260818033546527,4.135629267026219,470084,2
sc,02792605-4760-4023-82ad-40fc4458a5db,sc,cell,10x 5' v1,lrNK,Control,UBASH3A,20,evaluable_descriptive,present,True,2,5,180,190,1,1.3746071582009924,2.861754369898923,0.007142857142857143,0.011111111111111112,0.0,2.749214316401985,470084,2
sc,02792605-4760-4023-82ad-40fc4458a5db,sc,cell,10x 5' v1,lrNK,Control,BCL2L11,50,evaluable_descriptive,present,True,1,5,140,190,1,4.183528295588533,17.170526219393537,0.04285714285714286,0.04285714285714286,4.183528295588533,4.183528295588533,349436,1
sc,02792605-4760-4023-82ad-40fc4458a5db,sc,cell,10x 5' v1,lrNK,Control,ETS2,50,evaluable_descriptive,present,True,1,5,140,190,1,4.394533388916805,20.03228058929246,0.05,0.05,4.394533388916805,4.394533388916805,349436,1
sc,02792605-4760-4023-82ad-40fc4458a5db,sc,cell,10x 5' v1,lrNK,Control,PFKFB3,50,evaluable_descriptive,present,True,1,5,140,190,1,2.749214316401985,5.723508739797846,0.014285714285714285,0.014285714285714285,2.749214316401985,2.749214316401985,349436,1
sc,02792605-4760-4023-82ad-40fc4458a5db,sc,cell,10x 5' v1,lrNK,Control,PRKD2,50,evaluable_descriptive,present,True,1,5,140,190,1,3.260818033546527,8.585263109696768,0.02142857142857143,0.02142857142857143,3.260818033546527,3.260818033546527,349436,1
sc,02792605-4760-4023-82ad-40fc4458a5db,sc,cell,10x 5' v1,lrNK,Control,UBASH3A,50,evaluable_descriptive,present,True,1,5,140,190,1,2.749214316401985,5.723508739797846,0.014285714285714285,0.014285714285714285,2.749214316401985,2.749214316401985,349436,1
sc,02792605-4760-4023-82ad-40fc4458a5db,sc,cell,10x 5' v1,pDC,Control,BCL2L11,20,evaluable_descriptive,present,True,4,6,321,324,4,3.766426678954459,12.623375247915511,0.07893961708394698,0.07476635514018691,2.9217997678603473,5.044170301484527,2036330,4
sc,02792605-4760-4023-82ad-40fc4458a5db,sc,cell,10x 5' v1,pDC,Control,ETS2,20,evaluable_descriptive,present,True,4,6,321,324,4,6.815208997531936,111.6198695086506,0.40904556035916195,0.4454828660436137,6.0221405515313995,7.31170118571282,2036330,4
sc,02792605-4760-4023-82ad-40fc4458a5db,sc,cell,10x 5' v1,pDC,Control,PFKFB3,20,evaluable_descriptive,present,True,4,6,321,324,4,3.726668592617532,14.089248406323671,0.06889400921658986,0.037383177570093455,1.4101879003190025,5.082768309312466,2036330,4
sc,02792605-4760-4023-82ad-40fc4458a5db,sc,cell,10x 5' v1,pDC,Control,PRKD2,20,evaluable_descriptive,present,True,4,6,321,324,3,1.9736282676052022,2.9554323818952137,0.03192550714998337,0.024922118380062305,0.0,4.373907514986607,2036330,4
sc,02792605-4760-4023-82ad-40fc4458a5db,sc,cell,10x 5' v1,pDC,Control,UBASH3A,20,evaluable_descriptive,present,True,4,6,321,324,0,0.0,0.0,0.0,0.0,0.0,0.0,2036330,4
sc,02792605-4760-4023-82ad-40fc4458a5db,sc,cell,10x 5' v1,pDC,Control,BCL2L11,50,evaluable_descriptive,present,True,2,6,256,324,2,3.377939038095895,9.919825390264208,0.04414699035583638,0.05859375,2.9217997678603473,3.834078308331443,1358502,2
sc,02792605-4760-4023-82ad-40fc4458a5db,sc,cell,10x 5' v1,pDC,Control,ETS2,50,evaluable_descriptive,present,True,2,6,256,324,2,7.054605038809271,134.05402032418687,0.40904556035916195,0.4453125,6.797508891905722,7.31170118571282,1358502,2
sc,02792605-4760-4023-82ad-40fc4458a5db,sc,cell,10x 5' v1,pDC,Control,PFKFB3,50,evaluable_descriptive,present,True,2,6,256,324,2,3.2464781048157345,17.273630754954418,0.045477219820419024,0.02734375,1.4101879003190025,5.082768309312466,1358502,2
sc,02792605-4760-4023-82ad-40fc4458a5db,sc,cell,10x 5' v1,pDC,Control,PRKD2,50,evaluable_descriptive,present,True,2,6,256,324,2,3.0878593527746965,11.110151442119575,0.03192550714998337,0.0234375,1.8018111905627856,4.373907514986607,1358502,2
sc,02792605-4760-4023-82ad-40fc4458a5db,sc,cell,10x 5' v1,pDC,Control,UBASH3A,50,evaluable_descriptive,present,True,2,6,256,324,0,0.0,0.0,0.0,0.0,0.0,0.0,1358502,2
sc,02792605-4760-4023-82ad-40fc4458a5db,sc,cell,10x 5' v1,ppLSEC,Control,BCL2L11,20,evaluable_descriptive,present,True,3,6,141,172,2,3.413014202375493,9.651717764469131,0.0273972602739726,0.0425531914893617,0.0,5.388957696731381,383933,3
sc,02792605-4760-4023-82ad-40fc4458a5db,sc,cell,10x 5' v1,ppLSEC,Control,ETS2,20,evaluable_descriptive,present,True,3,6,141,172,3,6.743742429987585,106.16889540916046,0.2328767123287671,0.2553191489361702,6.677591474990746,7.609444332235129,383933,3
sc,02792605-4760-4023-82ad-40fc4458a5db,sc,cell,10x 5' v1,ppLSEC,Control,PFKFB3,20,evaluable_descriptive,present,True,3,6,141,172,2,2.542470755998327,4.825858882234566,0.0136986301369863,0.014184397163120567,0.0,3.488717595598389,383933,3
sc,02792605-4760-4023-82ad-40fc4458a5db,sc,cell,10x 5' v1,ppLSEC,Control,PRKD2,20,evaluable_descriptive,present,True,3,6,141,172,3,5.703983311967059,51.127881056097515,0.13513513513513514,0.10638297872340426,4.65129825819535,6.007950991034078,383933,3
sc,02792605-4760-4023-82ad-40fc4458a5db,sc,cell,10x 5' v1,ppLSEC,Control,UBASH3A,20,evaluable_descriptive,present,True,3,6,141,172,0,0.0,0.0,0.0,0.0,0.0,0.0,383933,3
sc,02792605-4760-4023-82ad-40fc4458a5db,sc,cell,10x 5' v1,ppLSEC,Control,BCL2L11,50,evaluable_descriptive,present,True,1,6,73,172,1,3.413014202375493,9.651717764469131,0.0273972602739726,0.0273972602739726,3.413014202375493,3.413014202375493,207217,1
sc,02792605-4760-4023-82ad-40fc4458a5db,sc,cell,10x 5' v1,ppLSEC,Control,ETS2,50,evaluable_descriptive,present,True,1,6,73,172,1,6.743742429987585,106.16889540916046,0.2328767123287671,0.2328767123287671,6.743742429987585,6.743742429987585,207217,1
sc,02792605-4760-4023-82ad-40fc4458a5db,sc,cell,10x 5' v1,ppLSEC,Control,PFKFB3,50,evaluable_descriptive,present,True,1,6,73,172,1,2.542470755998327,4.825858882234566,0.0136986301369863,0.0136986301369863,2.542470755998327,2.542470755998327,207217,1
sc,02792605-4760-4023-82ad-40fc4458a5db,sc,cell,10x 5' v1,ppLSEC,Control,PRKD2,50,evaluable_descriptive,present,True,1,6,73,172,1,4.65129825819535,24.12929441117283,0.0684931506849315,0.0684931506849315,4.65129825819535,4.65129825819535,207217,1
sc,02792605-4760-4023-82ad-40fc4458a5db,sc,cell,10x 5' v1,ppLSEC,Control,UBASH3A,50,evaluable_descriptive,present,True,1,6,73,172,0,0.0,0.0,0.0,0.0,0.0,0.0,207217,1
sc,02792605-4760-4023-82ad-40fc4458a5db,sc,cell,10x 5' v2,ActMac,PBC,BCL2L11,20,evaluable_descriptive,present,True,2,2,391,391,2,5.417381533194485,42.332507016780866,0.423107531673776,0.4373401534526854,5.176624199766859,5.65813886662211,6899814,2
sc,02792605-4760-4023-82ad-40fc4458a5db,sc,cell,10x 5' v2,ActMac,PBC,ETS2,20,evaluable_descriptive,present,True,2,2,391,391,2,8.81433535478073,454.0945658785241,0.9724804227414529,0.979539641943734,8.601196966927871,9.02747374263359,6899814,2
sc,02792605-4760-4023-82ad-40fc4458a5db,sc,cell,10x 5' v2,ActMac,PBC,PFKFB3,20,evaluable_descriptive,present,True,2,2,391,391,2,6.464561349612724,102.27875795350839,0.6133252689883492,0.6854219948849105,5.6361078979971735,7.293014801228275,6899814,2
sc,02792605-4760-4023-82ad-40fc4458a5db,sc,cell,10x 5' v2,ActMac,PBC,PRKD2,20,evaluable_descriptive,present,True,2,2,391,391,2,2.9704763575689963,6.884533557293303,0.10982364550837206,0.11508951406649616,2.8132627752910224,3.1276899398469706,6899814,2
sc,02792605-4760-4023-82ad-40fc4458a5db,sc,cell,10x 5' v2,ActMac,PBC,UBASH3A,20,evaluable_descriptive,present,True,2,2,391,391,2,0.6376453842242722,0.5567366928012394,0.009820462214299358,0.010230179028132993,0.5872628748243823,0.6880278936241621,6899814,2
sc,02792605-4760-4023-82ad-40fc4458a5db,sc,cell,10x 5' v2,ActMac,PBC,BCL2L11,50,evaluable_descriptive,present,True,2,2,391,391,2,5.417381533194485,42.332507016780866,0.423107531673776,0.4373401534526854,5.176624199766859,5.65813886662211,6899814,2
sc,02792605-4760-4023-82ad-40fc4458a5db,sc,cell,10x 5' v2,ActMac,PBC,ETS2,50,evaluable_descriptive,present,True,2,2,391,391,2,8.81433535478073,454.0945658785241,0.9724804227414529,0.979539641943734,8.601196966927871,9.02747374263359,6899814,2
sc,02792605-4760-4023-82ad-40fc4458a5db,sc,cell,10x 5' v2,ActMac,PBC,PFKFB3,50,evaluable_descriptive,present,True,2,2,391,391,2,6.464561349612724,102.27875795350839,0.6133252689883492,0.6854219948849105,5.6361078979971735,7.293014801228275,6899814,2
sc,02792605-4760-4023-82ad-40fc4458a5db,sc,cell,10x 5' v2,ActMac,PBC,PRKD2,50,evaluable_descriptive,present,True,2,2,391,391,2,2.9704763575689963,6.884533557293303,0.10982364550837206,0.11508951406649616,2.8132627752910224,3.1276899398469706,6899814,2
sc,02792605-4760-4023-82ad-40fc4458a5db,sc,cell,10x 5' v2,ActMac,PBC,UBASH3A,50,evaluable_descriptive,present,True,2,2,391,391,2,0.6376453842242722,0.5567366928012394,0.009820462214299358,0.010230179028132993,0.5872628748243823,0.6880278936241621,6899814,2
sc,02792605-4760-4023-82ad-40fc4458a5db,sc,cell,10x 5' v2,ActMac,PSC,BCL2L11,20,evaluable_descriptive,present,True,4,8,619,633,4,5.386804630888808,42.219839251146794,0.39475920132854436,0.420032310177706,4.09938003336685,6.112475497054161,10127424,4
sc,02792605-4760-4023-82ad-40fc4458a5db,sc,cell,10x 5' v2,ActMac,PSC,ETS2,20,evaluable_descriptive,present,True,4,8,619,633,4,8.357228236694695,332.57139878065976,0.9384196500984823,0.9483037156704361,7.944526536462149,8.718935973726866,10127424,4
sc,02792605-4760-4023-82ad-40fc4458a5db,sc,cell,10x 5' v2,ActMac,PSC,PFKFB3,20,evaluable_descriptive,present,True,4,8,619,633,4,6.204855793776059,75.62676638373635,0.4629629629629629,0.4878836833602585,5.070743439219781,6.7429288856766565,10127424,4
sc,02792605-4760-4023-82ad-40fc4458a5db,sc,cell,10x 5' v2,ActMac,PSC,PRKD2,20,evaluable_descriptive,present,True,4,8,619,633,4,2.8645751369475927,6.285224835298639,0.08813192754798593,0.1260096930533118,2.585093116617765,3.91980615704115,10127424,4
sc,02792605-4760-4023-82ad-40fc4458a5db,sc,cell,10x 5' v2,ActMac,PSC,UBASH3A,20,evaluable_descriptive,present,True,4,8,619,633,2,0.6205492635766275,0.6818922601137123,0.007936507936507936,0.024232633279483037,0.0,1.8144158695971706,10127424,4
sc,02792605-4760-4023-82ad-40fc4458a5db,sc,cell,10x 5' v2,ActMac,PSC,BCL2L11,50,evaluable_descriptive,present,True,3,8,592,633,3,5.756335872126966,53.05423963399545,0.43915343915343913,0.43243243243243246,5.017273389650649,6.112475497054161,9817654,3
sc,02792605-4760-4023-82ad-40fc4458a5db,sc,cell,10x 5' v2,ActMac,PSC,ETS2,50,evaluable_descriptive,present,True,3,8,592,633,3,8.62453642912421,393.67913150564993,0.9562043795620438,0.9510135135135135,8.089920044265178,8.718935973726866,9817654,3
sc,02792605-4760-4023-82ad-40fc4458a5db,sc,cell,10x 5' v2,ActMac,PSC,PFKFB3,50,evaluable_descriptive,present,True,3,8,592,633,3,6.6054662740392365,96.37410609607134,0.48148148148148145,0.48986486486486486,5.070743439219781,6.7429288856766565,9817654,3
sc,02792605-4760-4023-82ad-40fc4458a5db,sc,cell,10x 5' v2,ActMac,PSC,PRKD2,50,evaluable_descriptive,present,True,3,8,592,633,3,2.830670411059745,6.114046532785352,0.10218978102189781,0.12837837837837837,2.585093116617765,3.91980615704115,9817654,3
sc,02792605-4760-4023-82ad-40fc4458a5db,sc,cell,10x 5' v2,ActMac,PSC,UBASH3A,50,evaluable_descriptive,present,True,3,8,592,633,2,1.241098527153255,1.3637845202274246,0.015873015873015872,0.02533783783783784,0.0,1.8144158695971706,9817654,3
sc,02792605-4760-4023-82ad-40fc4458a5db,sc,cell,10x 5' v2,AntiB,PBC,BCL2L11,20,evaluable_descriptive,present,True,2,2,158,158,2,6.1207463454944335,71.0726651890403,0.6642635001413627,0.6139240506329114,5.7362780639314375,6.50521462705743,4867199,2
sc,02792605-4760-4023-82ad-40fc4458a5db,sc,cell,10x 5' v2,AntiB,PBC,ETS2,20,evaluable_descriptive,present,True,2,2,158,158,2,3.8143877736336194,13.122256159078777,0.1422109132032796,0.11392405063291139,3.6882077920058234,3.940567755261416,4867199,2
sc,02792605-4760-4023-82ad-40fc4458a5db,sc,cell,10x 5' v2,AntiB,PBC,PFKFB3,20,evaluable_descriptive,present,True,2,2,158,158,2,3.93777565651373,14.548069527709407,0.17274526434831777,0.16455696202531644,3.6916838492756594,4.1838674637518,4867199,2
sc,02792605-4760-4023-82ad-40fc4458a5db,sc,cell,10x 5' v2,AntiB,PBC,PRKD2,20,evaluable_descriptive,present,True,2,2,158,158,2,4.915653134495216,29.756708228240882,0.469748374328527,0.4620253164556962,4.6347489784173135,5.196557290573119,4867199,2
sc,02792605-4760-4023-82ad-40fc4458a5db,sc,cell,10x 5' v2,AntiB,PBC,UBASH3A,20,evaluable_descriptive,present,True,2,2,158,158,1,0.9324202615399765,1.3211383456441408,0.037037037037037035,0.012658227848101266,0.0,1.864840523079953,4867199,2
sc,02792605-4760-4023-82ad-40fc4458a5db,sc,cell,10x 5' v2,AntiB,PBC,BCL2L11,50,evaluable_descriptive,present,True,1,2,131,158,1,5.7362780639314375,52.307922874279,0.5877862595419847,0.5877862595419847,5.7362780639314375,5.7362780639314375,4110276,1
sc,02792605-4760-4023-82ad-40fc4458a5db,sc,cell,10x 5' v2,AntiB,PBC,ETS2,50,evaluable_descriptive,present,True,1,2,131,158,1,3.940567755261416,14.354267207360285,0.09923664122137404,0.09923664122137404,3.940567755261416,3.940567755261416,4110276,1
sc,02792605-4760-4023-82ad-40fc4458a5db,sc,cell,10x 5' v2,AntiB,PBC,PFKFB3,50,evaluable_descriptive,present,True,1,2,131,158,1,3.6916838492756594,11.921340562044982,0.16030534351145037,0.16030534351145037,3.6916838492756594,3.6916838492756594,4110276,1
sc,02792605-4760-4023-82ad-40fc4458a5db,sc,cell,10x 5' v2,AntiB,PBC,PRKD2,50,evaluable_descriptive,present,True,1,2,131,158,1,4.6347489784173135,23.842681124089964,0.4580152671755725,0.4580152671755725,4.6347489784173135,4.6347489784173135,4110276,1
sc,02792605-4760-4023-82ad-40fc4458a5db,sc,cell,10x 5' v2,AntiB,PBC,UBASH3A,50,evaluable_descriptive,present,True,1,2,131,158,0,0.0,0.0,0.0,0.0,0.0,0.0,4110276,1
sc,02792605-4760-4023-82ad-40fc4458a5db,sc,cell,10x 5' v2,AntiB,PSC,BCL2L11,20,evaluable_descriptive,present,True,5,7,481,507,5,5.852443439061008,56.777802907212774,0.5303030303030303,0.4885654885654886,5.373936690309432,6.448020346309811,9667783,5
sc,02792605-4760-4023-82ad-40fc4458a5db,sc,cell,10x 5' v2,AntiB,PSC,ETS2,20,evaluable_descriptive,present,True,5,7,481,507,4,1.5323635588721394,1.8925934302404257,0.05128205128205128,0.11850311850311851,0.0,4.865101587942945,9667783,5
sc,02792605-4760-4023-82ad-40fc4458a5db,sc,cell,10x 5' v2,AntiB,PSC,PFKFB3,20,evaluable_descriptive,present,True,5,7,481,507,5,3.5121338058245204,10.409263866322341,0.0989010989010989,0.11226611226611227,1.2183653243959154,4.304680745764372,9667783,5
sc,02792605-4760-4023-82ad-40fc4458a5db,sc,cell,10x 5' v2,AntiB,PSC,PRKD2,20,evaluable_descriptive,present,True,5,7,481,507,5,4.0559719874930735,15.632948001207346,0.34615384615384615,0.31392931392931395,3.5121338058245204,5.369431503947731,9667783,5
sc,02792605-4760-4023-82ad-40fc4458a5db,sc,cell,10x 5' v2,AntiB,PSC,UBASH3A,20,evaluable_descriptive,present,True,5,7,481,507,2,0.0,0.0,0.0,0.02286902286902287,0.0,3.3758960684309076,9667783,5
sc,02792605-4760-4023-82ad-40fc4458a5db,sc,cell,10x 5' v2,AntiB,PSC,BCL2L11,50,evaluable_descriptive,present,True,4,7,442,507,4,5.767468814885286,54.330635028846444,0.5151515151515151,0.47058823529411764,5.373936690309432,6.448020346309811,8611032,4
sc,02792605-4760-4023-82ad-40fc4458a5db,sc,cell,10x 5' v2,AntiB,PSC,ETS2,50,evaluable_descriptive,present,True,4,7,442,507,3,2.797495904541829,11.526345681094492,0.08824222987313117,0.1244343891402715,0.0,4.865101587942945,8611032,4
sc,02792605-4760-4023-82ad-40fc4458a5db,sc,cell,10x 5' v2,AntiB,PSC,PFKFB3,50,evaluable_descriptive,present,True,4,7,442,507,4,3.2213381447007254,9.728715260030103,0.0988067726265151,0.1085972850678733,1.2183653243959154,4.304680745764372,8611032,4
sc,02792605-4760-4023-82ad-40fc4458a5db,sc,cell,10x 5' v2,AntiB,PSC,PRKD2,50,evaluable_descriptive,present,True,4,7,442,507,4,4.327501624184494,19.434067093483563,0.43065268065268064,0.3212669683257919,3.900307177491772,5.369431503947731,8611032,4
sc,02792605-4760-4023-82ad-40fc4458a5db,sc,cell,10x 5' v2,AntiB,PSC,UBASH3A,50,evaluable_descriptive,present,True,4,7,442,507,2,0.33960704755623633,0.30063361540783357,0.004291845493562232,0.024886877828054297,0.0,3.3758960684309076,8611032,4
sc,02792605-4760-4023-82ad-40fc4458a5db,sc,cell,10x 5' v2,Arterial,PBC,BCL2L11,20,evaluable_descriptive,present,True,2,2,457,457,2,5.857189983948091,56.999627837348804,0.3414120914334544,0.33916849015317285,5.809691851689778,5.904688116206404,4355448,2
sc,02792605-4760-4023-82ad-40fc4458a5db,sc,cell,10x 5' v2,Arterial,PBC,ETS2,20,evaluable_descriptive,present,True,2,2,457,457,2,8.74953528372935,434.9643421919129,0.813907284768212,0.8183807439824945,8.517805648612935,8.981264918845763,4355448,2
sc,02792605-4760-4023-82ad-40fc4458a5db,sc,cell,10x 5' v2,Arterial,PBC,PFKFB3,20,evaluable_descriptive,present,True,2,2,457,457,2,5.718124026191029,55.63709926883618,0.29710531937620166,0.3304157549234136,5.159503790319607,6.2767442620624525,4355448,2
sc,02792605-4760-4023-82ad-40fc4458a5db,sc,cell,10x 5' v2,Arterial,PBC,PRKD2,20,evaluable_descriptive,present,True,2,2,457,457,2,6.244181771504865,76.67926906754886,0.4456633198034608,0.43544857768052514,5.923842625814587,6.564520917195143,4355448,2
sc,02792605-4760-4023-82ad-40fc4458a5db,sc,cell,10x 5' v2,Arterial,PBC,UBASH3A,20,evaluable_descriptive,present,True,2,2,457,457,1,0.20565071337088434,0.1649424680671382,0.0016556291390728477,0.002188183807439825,0.0,0.41130142674176867,4355448,2
sc,02792605-4760-4023-82ad-40fc4458a5db,sc,cell,10x 5' v2,Arterial,PBC,BCL2L11,50,evaluable_descriptive,present,True,2,2,457,457,2,5.857189983948091,56.999627837348804,0.3414120914334544,0.33916849015317285,5.809691851689778,5.904688116206404,4355448,2
sc,02792605-4760-4023-82ad-40fc4458a5db,sc,cell,10x 5' v2,Arterial,PBC,ETS2,50,evaluable_descriptive,present,True,2,2,457,457,2,8.74953528372935,434.9643421919129,0.813907284768212,0.8183807439824945,8.517805648612935,8.981264918845763,4355448,2
sc,02792605-4760-4023-82ad-40fc4458a5db,sc,cell,10x 5' v2,Arterial,PBC,PFKFB3,50,evaluable_descriptive,present,True,2,2,457,457,2,5.718124026191029,55.63709926883618,0.29710531937620166,0.3304157549234136,5.159503790319607,6.2767442620624525,4355448,2
sc,02792605-4760-4023-82ad-40fc4458a5db,sc,cell,10x 5' v2,Arterial,PBC,PRKD2,50,evaluable_descriptive,present,True,2,2,457,457,2,6.244181771504865,76.67926906754886,0.4456633198034608,0.43544857768052514,5.923842625814587,6.564520917195143,4355448,2
sc,02792605-4760-4023-82ad-40fc4458a5db,sc,cell,10x 5' v2,Arterial,PBC,UBASH3A,50,evaluable_descriptive,present,True,2,2,457,457,1,0.20565071337088434,0.1649424680671382,0.0016556291390728477,0.002188183807439825,0.0,0.41130142674176867,4355448,2
sc,02792605-4760-4023-82ad-40fc4458a5db,sc,cell,10x 5' v2,Arterial,PSC,BCL2L11,20,evaluable_descriptive,present,True,5,7,708,715,5,5.343380680000022,39.59923617473334,0.2,0.1652542372881356,3.9463590919909266,5.821376410972317,5140259,5
sc,02792605-4760-4023-82ad-40fc4458a5db,sc,cell,10x 5' v2,Arterial,PSC,ETS2,20,evaluable_descriptive,present,True,5,7,708,715,5,8.098774457446863,273.14102977237224,0.75,0.7612994350282486,7.862052251812018,8.836438889995206,5140259,5
sc,02792605-4760-4023-82ad-40fc4458a5db,sc,cell,10x 5' v2,Arterial,PSC,PFKFB3,20,evaluable_descriptive,present,True,5,7,708,715,5,5.034619164080032,31.77716483157614,0.17050691244239632,0.2189265536723164,4.213321498618736,6.392940998125555,5140259,5
sc,02792605-4760-4023-82ad-40fc4458a5db,sc,cell,10x 5' v2,Arterial,PSC,PRKD2,20,evaluable_descriptive,present,True,5,7,708,715,5,6.193988316692925,72.21098940164863,0.375,0.3629943502824859,5.646854033057904,6.52760643042711,5140259,5
sc,02792605-4760-4023-82ad-40fc4458a5db,sc,cell,10x 5' v2,Arterial,PSC,UBASH3A,20,evaluable_descriptive,present,True,5,7,708,715,2,0.0,0.0,0.0,0.009887005649717515,0.0,1.7842515602982083,5140259,5
sc,02792605-4760-4023-82ad-40fc4458a5db,sc,cell,10x 5' v2,Arterial,PSC,BCL2L11,50,evaluable_descriptive,present,True,3,7,641,715,3,5.126368265571534,33.92935907440708,0.19047619047619047,0.15756630265210608,3.9463590919909266,5.343380680000022,4634392,3
sc,02792605-4760-4023-82ad-40fc4458a5db,sc,cell,10x 5' v2,Arterial,PSC,ETS2,50,evaluable_descriptive,present,True,3,7,641,715,3,8.794171464177728,442.92478980627664,0.7550335570469798,0.7675507020280812,7.862052251812018,8.836438889995206,4634392,3
sc,02792605-4760-4023-82ad-40fc4458a5db,sc,cell,10x 5' v2,Arterial,PSC,PFKFB3,50,evaluable_descriptive,present,True,3,7,641,715,3,5.034619164080032,31.77716483157614,0.17050691244239632,0.21996879875195008,4.213321498618736,6.392940998125555,4634392,3
sc,02792605-4760-4023-82ad-40fc4458a5db,sc,cell,10x 5' v2,Arterial,PSC,PRKD2,50,evaluable_descriptive,present,True,3,7,641,715,3,6.467759154719543,87.50942315157121,0.4126984126984127,0.36817472698907955,5.677163558821073,6.52760643042711,4634392,3
sc,02792605-4760-4023-82ad-40fc4458a5db,sc,cell,10x 5' v2,Arterial,PSC,UBASH3A,50,evaluable_descriptive,present,True,3,7,641,715,2,1.106537374892779,1.1532821545155898,0.006711409395973154,0.0109204368174727,0.0,1.7842515602982083,4634392,3
sc,02792605-4760-4023-82ad-40fc4458a5db,sc,cell,10x 5' v2,C-Hepato,PBC,BCL2L11,20,evaluable_descriptive,present,True,1,2,32,47,1,5.533980077664759,45.33338168894046,0.21875,0.21875,5.533980077664759,5.533980077664759,220588,1
sc,02792605-4760-4023-82ad-40fc4458a5db,sc,cell,10x 5' v2,C-Hepato,PBC,ETS2,20,evaluable_descriptive,present,True,1,2,32,47,1,5.385432539253866,40.80004352004642,0.15625,0.15625,5.385432539253866,5.385432539253866,220588,1
sc,02792605-4760-4023-82ad-40fc4458a5db,sc,cell,10x 5' v2,C-Hepato,PBC,PFKFB3,20,evaluable_descriptive,present,True,1,2,32,47,1,5.668650159848435,49.86671985783452,0.21875,0.21875,5.668650159848435,5.668650159848435,220588,1
sc,02792605-4760-4023-82ad-40fc4458a5db,sc,cell,10x 5' v2,C-Hepato,PBC,PRKD2,20,evaluable_descriptive,present,True,1,2,32,47,1,4.817624741816936,27.200029013364283,0.1875,0.1875,4.817624741816936,4.817624741816936,220588,1
sc,02792605-4760-4023-82ad-40fc4458a5db,sc,cell,10x 5' v2,C-Hepato,PBC,UBASH3A,20,evaluable_descriptive,present,True,1,2,32,47,0,0.0,0.0,0.0,0.0,0.0,0.0,220588,1
sc,02792605-4760-4023-82ad-40fc4458a5db,sc,cell,10x 5' v2,C-Hepato,PBC,BCL2L11,50,no_eligible_donors,present,True,0,2,0,47,0,,,,,,,0,0
sc,02792605-4760-4023-82ad-40fc4458a5db,sc,cell,10x 5' v2,C-Hepato,PBC,ETS2,50,no_eligible_donors,present,True,0,2,0,47,0,,,,,,,0,0
sc,02792605-4760-4023-82ad-40fc4458a5db,sc,cell,10x 5' v2,C-Hepato,PBC,PFKFB3,50,no_eligible_donors,present,True,0,2,0,47,0,,,,,,,0,0
sc,02792605-4760-4023-82ad-40fc4458a5db,sc,cell,10x 5' v2,C-Hepato,PBC,PRKD2,50,no_eligible_donors,present,True,0,2,0,47,0,,,,,,,0,0
sc,02792605-4760-4023-82ad-40fc4458a5db,sc,cell,10x 5' v2,C-Hepato,PBC,UBASH3A,50,no_eligible_donors,present,True,0,2,0,47,0,,,,,,,0,0
sc,02792605-4760-4023-82ad-40fc4458a5db,sc,cell,10x 5' v2,C-Hepato,PSC,BCL2L11,20,evaluable_descriptive,present,True,5,8,443,469,5,4.29075480397949,18.57248189647327,0.06451612903225806,0.07900677200902935,1.733803690194212,5.510976957195208,2782451,5
sc,02792605-4760-4023-82ad-40fc4458a5db,sc,cell,10x 5' v2,C-Hepato,PSC,ETS2,20,evaluable_descriptive,present,True,5,8,443,469,5,6.454827555353414,86.71961380865318,0.3225806451612903,0.39954853273137697,3.362643948241678,8.52205246215063,2782451,5
sc,02792605-4760-4023-82ad-40fc4458a5db,sc,cell,10x 5' v2,C-Hepato,PSC,PFKFB3,20,evaluable_descriptive,present,True,5,8,443,469,5,4.29075480397949,18.57248189647327,0.07432432432432433,0.08577878103837472,1.733803690194212,5.066944010807706,2782451,5
sc,02792605-4760-4023-82ad-40fc4458a5db,sc,cell,10x 5' v2,C-Hepato,PSC,PRKD2,20,evaluable_descriptive,present,True,5,8,443,469,5,4.29075480397949,18.57248189647327,0.0967741935483871,0.11963882618510158,1.1130455989112622,6.362814178812289,2782451,5
sc,02792605-4760-4023-82ad-40fc4458a5db,sc,cell,10x 5' v2,C-Hepato,PSC,UBASH3A,20,evaluable_descriptive,present,True,5,8,443,469,3,1.9886097375148888,2.9685438253546295,0.013513513513513514,0.09255079006772009,0.0,5.917239400782017,2782451,5
sc,02792605-4760-4023-82ad-40fc4458a5db,sc,cell,10x 5' v2,C-Hepato,PSC,BCL2L11,50,evaluable_descriptive,present,True,4,8,412,469,4,3.7995018763389767,13.73905668626858,0.08277027027027027,0.08009708737864078,1.733803690194212,4.987011397268877,2625502,4
sc,02792605-4760-4023-82ad-40fc4458a5db,sc,cell,10x 5' v2,C-Hepato,PSC,ETS2,50,evaluable_descriptive,present,True,4,8,412,469,4,6.275956183065779,77.0873257684768,0.35104364326375714,0.4053398058252427,3.362643948241678,8.52205246215063,2625502,4
sc,02792605-4760-4023-82ad-40fc4458a5db,sc,cell,10x 5' v2,C-Hepato,PSC,PFKFB3,50,evaluable_descriptive,present,True,4,8,412,469,4,4.367837026956602,19.676144336977842,0.09966216216216217,0.08737864077669903,1.733803690194212,5.066944010807706,2625502,4
sc,02792605-4760-4023-82ad-40fc4458a5db,sc,cell,10x 5' v2,C-Hepato,PSC,PRKD2,50,evaluable_descriptive,present,True,4,8,412,469,4,4.067291318524649,15.965464555284552,0.08952702702702703,0.12135922330097088,1.1130455989112622,6.362814178812289,2625502,4
sc,02792605-4760-4023-82ad-40fc4458a5db,sc,cell,10x 5' v2,C-Hepato,PSC,UBASH3A,50,evaluable_descriptive,present,True,4,8,412,469,3,3.5656446080715267,18.64752881230659,0.12440381558028617,0.09951456310679611,0.0,5.917239400782017,2625502,4
sc,02792605-4760-4023-82ad-40fc4458a5db,sc,cell,10x 5' v2,C-Hepato2,PBC,BCL2L11,20,no_eligible_donors,present,True,0,2,0,30,0,,,,,,,0,0
sc,02792605-4760-4023-82ad-40fc4458a5db,sc,cell,10x 5' v2,C-Hepato2,PBC,ETS2,20,no_eligible_donors,present,True,0,2,0,30,0,,,,,,,0,0
sc,02792605-4760-4023-82ad-40fc4458a5db,sc,cell,10x 5' v2,C-Hepato2,PBC,PFKFB3,20,no_eligible_donors,present,True,0,2,0,30,0,,,,,,,0,0
sc,02792605-4760-4023-82ad-40fc4458a5db,sc,cell,10x 5' v2,C-Hepato2,PBC,PRKD2,20,no_eligible_donors,present,True,0,2,0,30,0,,,,,,,0,0
sc,02792605-4760-4023-82ad-40fc4458a5db,sc,cell,10x 5' v2,C-Hepato2,PBC,UBASH3A,20,no_eligible_donors,present,True,0,2,0,30,0,,,,,,,0,0
sc,02792605-4760-4023-82ad-40fc4458a5db,sc,cell,10x 5' v2,C-Hepato2,PBC,BCL2L11,50,no_eligible_donors,present,True,0,2,0,30,0,,,,,,,0,0
sc,02792605-4760-4023-82ad-40fc4458a5db,sc,cell,10x 5' v2,C-Hepato2,PBC,ETS2,50,no_eligible_donors,present,True,0,2,0,30,0,,,,,,,0,0
sc,02792605-4760-4023-82ad-40fc4458a5db,sc,cell,10x 5' v2,C-Hepato2,PBC,PFKFB3,50,no_eligible_donors,present,True,0,2,0,30,0,,,,,,,0,0
sc,02792605-4760-4023-82ad-40fc4458a5db,sc,cell,10x 5' v2,C-Hepato2,PBC,PRKD2,50,no_eligible_donors,present,True,0,2,0,30,0,,,,,,,0,0
sc,02792605-4760-4023-82ad-40fc4458a5db,sc,cell,10x 5' v2,C-Hepato2,PBC,UBASH3A,50,no_eligible_donors,present,True,0,2,0,30,0,,,,,,,0,0
sc,02792605-4760-4023-82ad-40fc4458a5db,sc,cell,10x 5' v2,C-Hepato2,PSC,BCL2L11,20,evaluable_descriptive,present,True,5,7,477,497,5,4.113010952143881,16.303727575581362,0.10344827586206896,0.07127882599580712,3.475507876176502,4.606908307192885,2645594,5
sc,02792605-4760-4023-82ad-40fc4458a5db,sc,cell,10x 5' v2,C-Hepato2,PSC,ETS2,20,evaluable_descriptive,present,True,5,7,477,497,5,7.206853668534061,146.73354818023228,0.6,0.4716981132075472,6.189927272463644,7.7355988563247555,2645594,5
sc,02792605-4760-4023-82ad-40fc4458a5db,sc,cell,10x 5' v2,C-Hepato2,PSC,PFKFB3,20,evaluable_descriptive,present,True,5,7,477,497,5,4.264676751625258,18.221869482822854,0.10344827586206896,0.1111111111111111,1.398614016063956,5.2626058044450605,2645594,5
sc,02792605-4760-4023-82ad-40fc4458a5db,sc,cell,10x 5' v2,C-Hepato2,PSC,PRKD2,20,evaluable_descriptive,present,True,5,7,477,497,5,3.19887266259681,8.182408802962687,0.07420494699646643,0.08385744234800839,2.6858450549003146,4.739019511174488,2645594,5
sc,02792605-4760-4023-82ad-40fc4458a5db,sc,cell,10x 5' v2,C-Hepato2,PSC,UBASH3A,20,evaluable_descriptive,present,True,5,7,477,497,1,0.0,0.0,0.0,0.0020964360587002098,0.0,2.336084633509493,2645594,5
sc,02792605-4760-4023-82ad-40fc4458a5db,sc,cell,10x 5' v2,C-Hepato2,PSC,BCL2L11,50,evaluable_descriptive,present,True,3,7,402,497,3,3.9067476659148315,13.998514003898046,0.06153846153846154,0.05472636815920398,3.475507876176502,4.606908307192885,1850520,3
sc,02792605-4760-4023-82ad-40fc4458a5db,sc,cell,10x 5' v2,C-Hepato2,PSC,ETS2,50,evaluable_descriptive,present,True,3,7,402,497,3,7.4012731757622054,168.04612967492184,0.42402826855123676,0.44527363184079605,6.19850201624464,7.7355988563247555,1850520,3
sc,02792605-4760-4023-82ad-40fc4458a5db,sc,cell,10x 5' v2,C-Hepato2,PSC,PFKFB3,50,evaluable_descriptive,present,True,3,7,402,497,3,5.148034401479046,34.45788062497981,0.1076923076923077,0.12189054726368159,4.264676751625258,5.2626058044450605,1850520,3
sc,02792605-4760-4023-82ad-40fc4458a5db,sc,cell,10x 5' v2,C-Hepato2,PSC,PRKD2,50,evaluable_descriptive,present,True,3,7,402,497,3,4.561508472793809,22.612984160143,0.07420494699646643,0.0845771144278607,3.1856459481485846,4.739019511174488,1850520,3
sc,02792605-4760-4023-82ad-40fc4458a5db,sc,cell,10x 5' v2,C-Hepato2,PSC,UBASH3A,50,evaluable_descriptive,present,True,3,7,402,497,1,0.0,0.0,0.0,0.0024875621890547263,0.0,2.336084633509493,1850520,3
sc,02792605-4760-4023-82ad-40fc4458a5db,sc,cell,10x 5' v2,CD3T-lrNK,PBC,BCL2L11,20,evaluable_descriptive,present,True,2,2,331,331,2,5.96478630585719,66.5751556705197,0.2549019607843137,0.2930513595166163,5.384632066364528,6.544940545349853,1857375,2
sc,02792605-4760-4023-82ad-40fc4458a5db,sc,cell,10x 5' v2,CD3T-lrNK,PBC,ETS2,20,evaluable_descriptive,present,True,2,2,331,331,2,4.182803143904929,17.597877432724495,0.0960545193687231,0.1027190332326284,3.8671339854923863,4.498472302317472,1857375,2
sc,02792605-4760-4023-82ad-40fc4458a5db,sc,cell,10x 5' v2,CD3T-lrNK,PBC,PFKFB3,20,evaluable_descriptive,present,True,2,2,331,331,2,5.981752445480531,63.08858089490582,0.24366331898613103,0.24773413897280966,5.73950758399013,6.223997306970932,1857375,2
sc,02792605-4760-4023-82ad-40fc4458a5db,sc,cell,10x 5' v2,CD3T-lrNK,PBC,PRKD2,20,evaluable_descriptive,present,True,2,2,331,331,2,6.367594201215933,81.66956680791252,0.38089430894308945,0.3716012084592145,6.297745429539147,6.437442972892719,1857375,2
sc,02792605-4760-4023-82ad-40fc4458a5db,sc,cell,10x 5' v2,CD3T-lrNK,PBC,UBASH3A,20,evaluable_descriptive,present,True,2,2,331,331,2,5.226550694391379,36.47194986006713,0.18558106169296987,0.18429003021148035,5.167983753857796,5.285117634924961,1857375,2
sc,02792605-4760-4023-82ad-40fc4458a5db,sc,cell,10x 5' v2,CD3T-lrNK,PBC,BCL2L11,50,evaluable_descriptive,present,True,2,2,331,331,2,5.96478630585719,66.5751556705197,0.2549019607843137,0.2930513595166163,5.384632066364528,6.544940545349853,1857375,2
sc,02792605-4760-4023-82ad-40fc4458a5db,sc,cell,10x 5' v2,CD3T-lrNK,PBC,ETS2,50,evaluable_descriptive,present,True,2,2,331,331,2,4.182803143904929,17.597877432724495,0.0960545193687231,0.1027190332326284,3.8671339854923863,4.498472302317472,1857375,2
sc,02792605-4760-4023-82ad-40fc4458a5db,sc,cell,10x 5' v2,CD3T-lrNK,PBC,PFKFB3,50,evaluable_descriptive,present,True,2,2,331,331,2,5.981752445480531,63.08858089490582,0.24366331898613103,0.24773413897280966,5.73950758399013,6.223997306970932,1857375,2
sc,02792605-4760-4023-82ad-40fc4458a5db,sc,cell,10x 5' v2,CD3T-lrNK,PBC,PRKD2,50,evaluable_descriptive,present,True,2,2,331,331,2,6.367594201215933,81.66956680791252,0.38089430894308945,0.3716012084592145,6.297745429539147,6.437442972892719,1857375,2
sc,02792605-4760-4023-82ad-40fc4458a5db,sc,cell,10x 5' v2,CD3T-lrNK,PBC,UBASH3A,50,evaluable_descriptive,present,True,2,2,331,331,2,5.226550694391379,36.47194986006713,0.18558106169296987,0.18429003021148035,5.167983753857796,5.285117634924961,1857375,2
sc,02792605-4760-4023-82ad-40fc4458a5db,sc,cell,10x 5' v2,CD3T-lrNK,PSC,BCL2L11,20,evaluable_descriptive,present,True,6,8,1519,1542,6,5.91913971507577,59.65122594686605,0.1953781512605042,0.27123107307439104,4.793579501394468,7.011475951165438,7987570,6
sc,02792605-4760-4023-82ad-40fc4458a5db,sc,cell,10x 5' v2,CD3T-lrNK,PSC,ETS2,20,evaluable_descriptive,present,True,6,8,1519,1542,6,3.922391137952458,14.261672469770176,0.05349511599511599,0.09940750493745885,3.309075139051388,5.479885665772444,7987570,6
sc,02792605-4760-4023-82ad-40fc4458a5db,sc,cell,10x 5' v2,CD3T-lrNK,PSC,PFKFB3,20,evaluable_descriptive,present,True,6,8,1519,1542,6,5.673516390671983,50.30605272445995,0.1380952380952381,0.22909809084924293,4.23439490387361,6.1206700762351645,7987570,6
sc,02792605-4760-4023-82ad-40fc4458a5db,sc,cell,10x 5' v2,CD3T-lrNK,PSC,PRKD2,20,evaluable_descriptive,present,True,6,8,1519,1542,6,5.79726132148644,54.61719590377475,0.18823529411764706,0.36603028308097435,3.309075139051388,6.602763122552787,7987570,6
sc,02792605-4760-4023-82ad-40fc4458a5db,sc,cell,10x 5' v2,CD3T-lrNK,PSC,UBASH3A,20,evaluable_descriptive,present,True,6,8,1519,1542,6,5.917589147574641,59.581693794927034,0.18968253968253967,0.26596445029624755,4.23439490387361,6.256287518638572,7987570,6
sc,02792605-4760-4023-82ad-40fc4458a5db,sc,cell,10x 5' v2,CD3T-lrNK,PSC,BCL2L11,50,evaluable_descriptive,present,True,4,8,1446,1542,4,6.110082371385829,68.21797514094179,0.2546123161306407,0.27869986168741356,5.445260595439517,7.011475951165438,7767319,4
sc,02792605-4760-4023-82ad-40fc4458a5db,sc,cell,10x 5' v2,CD3T-lrNK,PSC,ETS2,50,evaluable_descriptive,present,True,4,8,1446,1542,4,4.338369940985221,19.53536316073803,0.08862766814337494,0.10304287690179806,3.7570835383820826,5.479885665772444,7767319,4
sc,02792605-4760-4023-82ad-40fc4458a5db,sc,cell,10x 5' v2,CD3T-lrNK,PSC,PFKFB3,50,evaluable_descriptive,present,True,4,8,1446,1542,4,5.794766676950527,55.48045685824242,0.19395604395604396,0.23651452282157676,5.479885665772444,6.1206700762351645,7767319,4
sc,02792605-4760-4023-82ad-40fc4458a5db,sc,cell,10x 5' v2,CD3T-lrNK,PSC,PRKD2,50,evaluable_descriptive,present,True,4,8,1446,1542,4,6.056734712647426,66.85511000852466,0.23942307692307693,0.3796680497925311,5.5258820163095335,6.602763122552787,7767319,4
sc,02792605-4760-4023-82ad-40fc4458a5db,sc,cell,10x 5' v2,CD3T-lrNK,PSC,UBASH3A,50,evaluable_descriptive,present,True,4,8,1446,1542,4,6.015578097615979,63.69484839388408,0.2489010989010989,0.2745504840940526,5.674750452750595,6.256287518638572,7767319,4
sc,02792605-4760-4023-82ad-40fc4458a5db,sc,cell,10x 5' v2,CD4T,PBC,BCL2L11,20,evaluable_descriptive,present,True,2,2,1596,1596,2,5.309467072711364,39.35466244036733,0.14640160133963204,0.14097744360902256,5.039049552844876,5.579884592577852,9339318,2
sc,02792605-4760-4023-82ad-40fc4458a5db,sc,cell,10x 5' v2,CD4T,PBC,ETS2,20,evaluable_descriptive,present,True,2,2,1596,1596,2,4.205449611558722,17.686900599062145,0.0856031664029617,0.08333333333333333,3.9738786391144205,4.437020584003023,9339318,2
sc,02792605-4760-4023-82ad-40fc4458a5db,sc,cell,10x 5' v2,CD4T,PBC,PFKFB3,20,evaluable_descriptive,present,True,2,2,1596,1596,2,7.545611064026605,200.0684884530855,0.5265505285165746,0.5075187969924813,6.985959899123997,8.105262228929213,9339318,2
sc,02792605-4760-4023-82ad-40fc4458a5db,sc,cell,10x 5' v2,CD4T,PBC,PRKD2,20,evaluable_descriptive,present,True,2,2,1596,1596,2,5.663158368825976,49.7158861554136,0.23704944103724312,0.23684210526315788,5.604124986559162,5.72219175109279,9339318,2
sc,02792605-4760-4023-82ad-40fc4458a5db,sc,cell,10x 5' v2,CD4T,PBC,UBASH3A,20,evaluable_descriptive,present,True,2,2,1596,1596,2,5.041391550306637,31.941408701092705,0.16361098200274338,0.16541353383458646,5.005807475163286,5.076975625449986,9339318,2
sc,02792605-4760-4023-82ad-40fc4458a5db,sc,cell,10x 5' v2,CD4T,PBC,BCL2L11,50,evaluable_descriptive,present,True,2,2,1596,1596,2,5.309467072711364,39.35466244036733,0.14640160133963204,0.14097744360902256,5.039049552844876,5.579884592577852,9339318,2
sc,02792605-4760-4023-82ad-40fc4458a5db,sc,cell,10x 5' v2,CD4T,PBC,ETS2,50,evaluable_descriptive,present,True,2,2,1596,1596,2,4.205449611558722,17.686900599062145,0.0856031664029617,0.08333333333333333,3.9738786391144205,4.437020584003023,9339318,2
sc,02792605-4760-4023-82ad-40fc4458a5db,sc,cell,10x 5' v2,CD4T,PBC,PFKFB3,50,evaluable_descriptive,present,True,2,2,1596,1596,2,7.545611064026605,200.0684884530855,0.5265505285165746,0.5075187969924813,6.985959899123997,8.105262228929213,9339318,2
sc,02792605-4760-4023-82ad-40fc4458a5db,sc,cell,10x 5' v2,CD4T,PBC,PRKD2,50,evaluable_descriptive,present,True,2,2,1596,1596,2,5.663158368825976,49.7158861554136,0.23704944103724312,0.23684210526315788,5.604124986559162,5.72219175109279,9339318,2
sc,02792605-4760-4023-82ad-40fc4458a5db,sc,cell,10x 5' v2,CD4T,PBC,UBASH3A,50,evaluable_descriptive,present,True,2,2,1596,1596,2,5.041391550306637,31.941408701092705,0.16361098200274338,0.16541353383458646,5.005807475163286,5.076975625449986,9339318,2
sc,02792605-4760-4023-82ad-40fc4458a5db,sc,cell,10x 5' v2,CD4T,PSC,BCL2L11,20,evaluable_descriptive,present,True,8,8,3764,3764,8,5.741455746986228,53.37850998691249,0.12931034482758622,0.16923485653560041,3.510843472218996,6.524738660891754,19951674,8
sc,02792605-4760-4023-82ad-40fc4458a5db,sc,cell,10x 5' v2,CD4T,PSC,ETS2,20,evaluable_descriptive,present,True,8,8,3764,3764,8,4.035664843821337,15.411125042564237,0.06660671462829737,0.06774707757704569,3.3132331078419086,4.670500561944029,19951674,8
sc,02792605-4760-4023-82ad-40fc4458a5db,sc,cell,10x 5' v2,CD4T,PSC,PFKFB3,20,evaluable_descriptive,present,True,8,8,3764,3764,8,6.240731220781724,74.70421191605553,0.24007936507936506,0.21785334750265675,3.070967112425335,7.0595009531239805,19951674,8
sc,02792605-4760-4023-82ad-40fc4458a5db,sc,cell,10x 5' v2,CD4T,PSC,PRKD2,20,evaluable_descriptive,present,True,8,8,3764,3764,8,5.333557862665403,39.35322649798435,0.17230881961097788,0.16764080765143463,4.311621345980332,6.027215516905706,19951674,8
sc,02792605-4760-4023-82ad-40fc4458a5db,sc,cell,10x 5' v2,CD4T,PSC,UBASH3A,20,evaluable_descriptive,present,True,8,8,3764,3764,8,5.4884670290548545,43.8945190960567,0.18242803021162618,0.21200850159404888,5.12088929535329,5.913580527234316,19951674,8
sc,02792605-4760-4023-82ad-40fc4458a5db,sc,cell,10x 5' v2,CD4T,PSC,BCL2L11,50,evaluable_descriptive,present,True,7,8,3719,3764,7,6.002610476753216,63.115909288583644,0.13793103448275862,0.1704759343909653,4.761354743836731,6.524738660891754,19567024,7
sc,02792605-4760-4023-82ad-40fc4458a5db,sc,cell,10x 5' v2,CD4T,PSC,ETS2,50,evaluable_descriptive,present,True,7,8,3719,3764,7,3.983651989415345,14.819718128961187,0.06654676258992806,0.06695348211884915,3.3132331078419086,4.670500561944029,19567024,7
sc,02792605-4760-4023-82ad-40fc4458a5db,sc,cell,10x 5' v2,CD4T,PSC,PFKFB3,50,evaluable_descriptive,present,True,7,8,3719,3764,7,6.30805866813112,78.23460067459563,0.2357142857142857,0.21753159451465448,3.070967112425335,7.0595009531239805,19567024,7
sc,02792605-4760-4023-82ad-40fc4458a5db,sc,cell,10x 5' v2,CD4T,PSC,PRKD2,50,evaluable_descriptive,present,True,7,8,3719,3764,7,5.388718546960863,40.895359443538624,0.16296296296296298,0.1667114815810702,4.311621345980332,6.027215516905706,19567024,7
sc,02792605-4760-4023-82ad-40fc4458a5db,sc,cell,10x 5' v2,CD4T,PSC,UBASH3A,50,evaluable_descriptive,present,True,7,8,3719,3764,7,5.4895298977675315,43.92759398002907,0.1724137931034483,0.2116160258133907,5.135613368351093,5.913580527234316,19567024,7
sc,02792605-4760-4023-82ad-40fc4458a5db,sc,cell,10x 5' v2,CD4T--RBC-Doublet,PSC,BCL2L11,20,no_eligible_donors,present,True,0,0,0,0,0,,,,,,,0,0
sc,02792605-4760-4023-82ad-40fc4458a5db,sc,cell,10x 5' v2,CD4T--RBC-Doublet,PSC,ETS2,20,no_eligible_donors,present,True,0,0,0,0,0,,,,,,,0,0
sc,02792605-4760-4023-82ad-40fc4458a5db,sc,cell,10x 5' v2,CD4T--RBC-Doublet,PSC,PFKFB3,20,no_eligible_donors,present,True,0,0,0,0,0,,,,,,,0,0
sc,02792605-4760-4023-82ad-40fc4458a5db,sc,cell,10x 5' v2,CD4T--RBC-Doublet,PSC,PRKD2,20,no_eligible_donors,present,True,0,0,0,0,0,,,,,,,0,0
sc,02792605-4760-4023-82ad-40fc4458a5db,sc,cell,10x 5' v2,CD4T--RBC-Doublet,PSC,UBASH3A,20,no_eligible_donors,present,True,0,0,0,0,0,,,,,,,0,0
sc,02792605-4760-4023-82ad-40fc4458a5db,sc,cell,10x 5' v2,CD4T--RBC-Doublet,PSC,BCL2L11,50,no_eligible_donors,present,True,0,0,0,0,0,,,,,,,0,0
sc,02792605-4760-4023-82ad-40fc4458a5db,sc,cell,10x 5' v2,CD4T--RBC-Doublet,PSC,ETS2,50,no_eligible_donors,present,True,0,0,0,0,0,,,,,,,0,0
sc,02792605-4760-4023-82ad-40fc4458a5db,sc,cell,10x 5' v2,CD4T--RBC-Doublet,PSC,PFKFB3,50,no_eligible_donors,present,True,0,0,0,0,0,,,,,,,0,0
sc,02792605-4760-4023-82ad-40fc4458a5db,sc,cell,10x 5' v2,CD4T--RBC-Doublet,PSC,PRKD2,50,no_eligible_donors,present,True,0,0,0,0,0,,,,,,,0,0
sc,02792605-4760-4023-82ad-40fc4458a5db,sc,cell,10x 5' v2,CD4T--RBC-Doublet,PSC,UBASH3A,50,no_eligible_donors,present,True,0,0,0,0,0,,,,,,,0,0
sc,02792605-4760-4023-82ad-40fc4458a5db,sc,cell,10x 5' v2,CD8T,PBC,BCL2L11,20,evaluable_descriptive,present,True,2,2,1386,1386,2,5.798347331008828,55.21711706687641,0.2086180253925827,0.2077922077922078,5.592822083637355,6.003872578380301,7936195,2
sc,02792605-4760-4023-82ad-40fc4458a5db,sc,cell,10x 5' v2,CD8T,PBC,ETS2,20,evaluable_descriptive,present,True,2,2,1386,1386,2,4.293675456034661,18.666357956578164,0.09596349816237888,0.09595959595959595,4.186430465001407,4.400920447067915,7936195,2
sc,02792605-4760-4023-82ad-40fc4458a5db,sc,cell,10x 5' v2,CD8T,PBC,PFKFB3,20,evaluable_descriptive,present,True,2,2,1386,1386,2,7.041104502836429,132.94527812728217,0.3856874373538256,0.3852813852813853,6.775044496279615,7.307164509393243,7936195,2
sc,02792605-4760-4023-82ad-40fc4458a5db,sc,cell,10x 5' v2,CD8T,PBC,PRKD2,20,evaluable_descriptive,present,True,2,2,1386,1386,2,6.066863547277408,66.71859587146884,0.2963623454727698,0.2950937950937951,5.861152011585758,6.272575082969058,7936195,2
sc,02792605-4760-4023-82ad-40fc4458a5db,sc,cell,10x 5' v2,CD8T,PBC,UBASH3A,20,evaluable_descriptive,present,True,2,2,1386,1386,2,5.700280779892971,51.08890370397488,0.2476027397260274,0.2474747474747475,5.613251540733958,5.787310019051983,7936195,2
sc,02792605-4760-4023-82ad-40fc4458a5db,sc,cell,10x 5' v2,CD8T,PBC,BCL2L11,50,evaluable_descriptive,present,True,2,2,1386,1386,2,5.798347331008828,55.21711706687641,0.2086180253925827,0.2077922077922078,5.592822083637355,6.003872578380301,7936195,2
sc,02792605-4760-4023-82ad-40fc4458a5db,sc,cell,10x 5' v2,CD8T,PBC,ETS2,50,evaluable_descriptive,present,True,2,2,1386,1386,2,4.293675456034661,18.666357956578164,0.09596349816237888,0.09595959595959595,4.186430465001407,4.400920447067915,7936195,2
sc,02792605-4760-4023-82ad-40fc4458a5db,sc,cell,10x 5' v2,CD8T,PBC,PFKFB3,50,evaluable_descriptive,present,True,2,2,1386,1386,2,7.041104502836429,132.94527812728217,0.3856874373538256,0.3852813852813853,6.775044496279615,7.307164509393243,7936195,2
sc,02792605-4760-4023-82ad-40fc4458a5db,sc,cell,10x 5' v2,CD8T,PBC,PRKD2,50,evaluable_descriptive,present,True,2,2,1386,1386,2,6.066863547277408,66.71859587146884,0.2963623454727698,0.2950937950937951,5.861152011585758,6.272575082969058,7936195,2
sc,02792605-4760-4023-82ad-40fc4458a5db,sc,cell,10x 5' v2,CD8T,PBC,UBASH3A,50,evaluable_descriptive,present,True,2,2,1386,1386,2,5.700280779892971,51.08890370397488,0.2476027397260274,0.2474747474747475,5.613251540733958,5.787310019051983,7936195,2
sc,02792605-4760-4023-82ad-40fc4458a5db,sc,cell,10x 5' v2,CD8T,PSC,BCL2L11,20,evaluable_descriptive,present,True,8,8,4601,4601,8,5.542581585362108,45.67586447051911,0.13646572104018911,0.21756139969571833,4.484463729693694,6.721700225850122,23563719,8
sc,02792605-4760-4023-82ad-40fc4458a5db,sc,cell,10x 5' v2,CD8T,PSC,ETS2,20,evaluable_descriptive,present,True,8,8,4601,4601,8,4.291227585636467,18.583445288014424,0.07608757078110695,0.09584872853727451,3.5098508845619794,4.666293839353058,23563719,8
sc,02792605-4760-4023-82ad-40fc4458a5db,sc,cell,10x 5' v2,CD8T,PSC,PFKFB3,20,evaluable_descriptive,present,True,8,8,4601,4601,8,6.23570689136465,75.37340471975851,0.2235841950284188,0.26559443599217564,3.8202562563102656,7.132539949230353,23563719,8
sc,02792605-4760-4023-82ad-40fc4458a5db,sc,cell,10x 5' v2,CD8T,PSC,PRKD2,20,evaluable_descriptive,present,True,8,8,4601,4601,8,5.682115052784239,50.378344147360934,0.20039083725589038,0.24646815909584874,4.408409006294615,6.254541810530031,23563719,8
sc,02792605-4760-4023-82ad-40fc4458a5db,sc,cell,10x 5' v2,CD8T,PSC,UBASH3A,20,evaluable_descriptive,present,True,8,8,4601,4601,8,5.829078480971409,55.86134174223924,0.24434572210543015,0.24494675070636818,4.5831624799146145,6.422118632010572,23563719,8
sc,02792605-4760-4023-82ad-40fc4458a5db,sc,cell,10x 5' v2,CD8T,PSC,BCL2L11,50,evaluable_descriptive,present,True,8,8,4601,4601,8,5.542581585362108,45.67586447051911,0.13646572104018911,0.21756139969571833,4.484463729693694,6.721700225850122,23563719,8
sc,02792605-4760-4023-82ad-40fc4458a5db,sc,cell,10x 5' v2,CD8T,PSC,ETS2,50,evaluable_descriptive,present,True,8,8,4601,4601,8,4.291227585636467,18.583445288014424,0.07608757078110695,0.09584872853727451,3.5098508845619794,4.666293839353058,23563719,8
sc,02792605-4760-4023-82ad-40fc4458a5db,sc,cell,10x 5' v2,CD8T,PSC,PFKFB3,50,evaluable_descriptive,present,True,8,8,4601,4601,8,6.23570689136465,75.37340471975851,0.2235841950284188,0.26559443599217564,3.8202562563102656,7.132539949230353,23563719,8
sc,02792605-4760-4023-82ad-40fc4458a5db,sc,cell,10x 5' v2,CD8T,PSC,PRKD2,50,evaluable_descriptive,present,True,8,8,4601,4601,8,5.682115052784239,50.378344147360934,0.20039083725589038,0.24646815909584874,4.408409006294615,6.254541810530031,23563719,8
sc,02792605-4760-4023-82ad-40fc4458a5db,sc,cell,10x 5' v2,CD8T,PSC,UBASH3A,50,evaluable_descriptive,present,True,8,8,4601,4601,8,5.829078480971409,55.86134174223924,0.24434572210543015,0.24494675070636818,4.5831624799146145,6.422118632010572,23563719,8
sc,02792605-4760-4023-82ad-40fc4458a5db,sc,cell,10x 5' v2,CD8T-cNK,PBC,BCL2L11,20,evaluable_descriptive,present,True,2,2,634,634,2,6.21862843712135,74.54918394374923,0.31689815919685616,0.3217665615141956,5.973557235358102,6.463699638884597,3989588,2
sc,02792605-4760-4023-82ad-40fc4458a5db,sc,cell,10x 5' v2,CD8T-cNK,PBC,ETS2,20,evaluable_descriptive,present,True,2,2,634,634,2,3.927171096214974,14.213182330048209,0.09002752454139024,0.0804416403785489,3.912075977663134,3.9422662147668146,3989588,2
sc,02792605-4760-4023-82ad-40fc4458a5db,sc,cell,10x 5' v2,CD8T-cNK,PBC,PFKFB3,20,evaluable_descriptive,present,True,2,2,634,634,2,5.608665689891055,52.110477639016665,0.20655338647319937,0.16876971608832808,5.006302543279726,6.211028836502383,3989588,2
sc,02792605-4760-4023-82ad-40fc4458a5db,sc,cell,10x 5' v2,CD8T-cNK,PBC,PRKD2,20,evaluable_descriptive,present,True,2,2,634,634,2,6.050374303771154,66.5687927994656,0.36718215518750097,0.3580441640378549,5.765673702424758,6.3350749051175494,3989588,2
sc,02792605-4760-4023-82ad-40fc4458a5db,sc,cell,10x 5' v2,CD8T-cNK,PBC,UBASH3A,20,evaluable_descriptive,present,True,2,2,634,634,2,4.7032796907307395,25.75005659897019,0.15453518527357485,0.15457413249211358,4.369858317150174,5.036701064311305,3989588,2
sc,02792605-4760-4023-82ad-40fc4458a5db,sc,cell,10x 5' v2,CD8T-cNK,PBC,BCL2L11,50,evaluable_descriptive,present,True,2,2,634,634,2,6.21862843712135,74.54918394374923,0.31689815919685616,0.3217665615141956,5.973557235358102,6.463699638884597,3989588,2
sc,02792605-4760-4023-82ad-40fc4458a5db,sc,cell,10x 5' v2,CD8T-cNK,PBC,ETS2,50,evaluable_descriptive,present,True,2,2,634,634,2,3.927171096214974,14.213182330048209,0.09002752454139024,0.0804416403785489,3.912075977663134,3.9422662147668146,3989588,2
sc,02792605-4760-4023-82ad-40fc4458a5db,sc,cell,10x 5' v2,CD8T-cNK,PBC,PFKFB3,50,evaluable_descriptive,present,True,2,2,634,634,2,5.608665689891055,52.110477639016665,0.20655338647319937,0.16876971608832808,5.006302543279726,6.211028836502383,3989588,2
sc,02792605-4760-4023-82ad-40fc4458a5db,sc,cell,10x 5' v2,CD8T-cNK,PBC,PRKD2,50,evaluable_descriptive,present,True,2,2,634,634,2,6.050374303771154,66.5687927994656,0.36718215518750097,0.3580441640378549,5.765673702424758,6.3350749051175494,3989588,2
sc,02792605-4760-4023-82ad-40fc4458a5db,sc,cell,10x 5' v2,CD8T-cNK,PBC,UBASH3A,50,evaluable_descriptive,present,True,2,2,634,634,2,4.7032796907307395,25.75005659897019,0.15453518527357485,0.15457413249211358,4.369858317150174,5.036701064311305,3989588,2
sc,02792605-4760-4023-82ad-40fc4458a5db,sc,cell,10x 5' v2,CD8T-cNK,PSC,BCL2L11,20,evaluable_descriptive,present,True,6,8,1318,1337,6,5.742155684839923,52.93806817236967,0.1694746694746695,0.20257966616084977,4.153709479851756,6.723572004071765,8287842,6
sc,02792605-4760-4023-82ad-40fc4458a5db,sc,cell,10x 5' v2,CD8T-cNK,PSC,ETS2,20,evaluable_descriptive,present,True,6,8,1318,1337,6,3.877121955264773,13.717215023108142,0.06214377642949071,0.082701062215478,3.0368305064859897,4.643758690242307,8287842,6
sc,02792605-4760-4023-82ad-40fc4458a5db,sc,cell,10x 5' v2,CD8T-cNK,PSC,PFKFB3,20,evaluable_descriptive,present,True,6,8,1318,1337,6,5.3424715390452295,39.591566296265675,0.162092423176167,0.17071320182094082,2.8957772367324974,5.797788154445466,8287842,6
sc,02792605-4760-4023-82ad-40fc4458a5db,sc,cell,10x 5' v2,CD8T-cNK,PSC,PRKD2,20,evaluable_descriptive,present,True,6,8,1318,1337,6,5.764141414519928,55.23172511053184,0.2194050033806626,0.3209408194233687,4.345349818071572,6.498160748246639,8287842,6
sc,02792605-4760-4023-82ad-40fc4458a5db,sc,cell,10x 5' v2,CD8T-cNK,PSC,UBASH3A,20,evaluable_descriptive,present,True,6,8,1318,1337,6,5.331116926894092,39.69299448272196,0.19261101156738702,0.17905918057663125,4.226256653021775,5.662875683985728,8287842,6
sc,02792605-4760-4023-82ad-40fc4458a5db,sc,cell,10x 5' v2,CD8T-cNK,PSC,BCL2L11,50,evaluable_descriptive,present,True,5,8,1269,1337,5,5.563155104654428,46.279900840282025,0.14414414414414414,0.19779353821907014,4.153709479851756,6.283054696301675,8115891,5
sc,02792605-4760-4023-82ad-40fc4458a5db,sc,cell,10x 5' v2,CD8T-cNK,PSC,ETS2,50,evaluable_descriptive,present,True,5,8,1269,1337,5,3.7954444663667055,12.884896002783137,0.06306306306306306,0.08353033884948778,3.0368305064859897,4.643758690242307,8115891,5
sc,02792605-4760-4023-82ad-40fc4458a5db,sc,cell,10x 5' v2,CD8T-cNK,PSC,PFKFB3,50,evaluable_descriptive,present,True,5,8,1269,1337,5,5.299611173252744,38.386004710334255,0.16091954022988506,0.17100078802206461,2.8957772367324974,5.797788154445466,8115891,5
sc,02792605-4760-4023-82ad-40fc4458a5db,sc,cell,10x 5' v2,CD8T-cNK,PSC,PRKD2,50,evaluable_descriptive,present,True,5,8,1269,1337,5,6.14295092420214,69.66632233886659,0.2549019607843137,0.32860520094562645,4.345349818071572,6.498160748246639,8115891,5
sc,02792605-4760-4023-82ad-40fc4458a5db,sc,cell,10x 5' v2,CD8T-cNK,PSC,UBASH3A,50,evaluable_descriptive,present,True,5,8,1269,1337,5,5.5436026762369055,45.643452566843635,0.19540229885057472,0.18282111899133174,4.226256653021775,5.662875683985728,8115891,5
sc,02792605-4760-4023-82ad-40fc4458a5db,sc,cell,10x 5' v2,Chol,PBC,BCL2L11,20,evaluable_descriptive,present,True,2,2,774,774,2,4.839349128920055,27.645185579767386,0.2921900269541779,0.29198966408268734,4.789193791471688,4.8895044663684235,12460147,2
sc,02792605-4760-4023-82ad-40fc4458a5db,sc,cell,10x 5' v2,Chol,PBC,ETS2,20,evaluable_descriptive,present,True,2,2,774,774,2,7.27327315611755,164.02599709287693,0.6767924528301887,0.686046511627907,6.7488794735195246,7.797666838715575,12460147,2
sc,02792605-4760-4023-82ad-40fc4458a5db,sc,cell,10x 5' v2,Chol,PBC,PFKFB3,20,evaluable_descriptive,present,True,2,2,774,774,2,6.496596806492463,90.24715381681209,0.5836320754716982,0.5839793281653747,6.2874243255374695,6.705769287447457,12460147,2
sc,02792605-4760-4023-82ad-40fc4458a5db,sc,cell,10x 5' v2,Chol,PBC,PRKD2,20,evaluable_descriptive,present,True,2,2,774,774,2,4.840536430571788,27.74354793369121,0.3355929919137466,0.33462532299741604,4.724894231995302,4.956178629148275,12460147,2
sc,02792605-4760-4023-82ad-40fc4458a5db,sc,cell,10x 5' v2,Chol,PBC,UBASH3A,20,evaluable_descriptive,present,True,2,2,774,774,2,0.7441292799515116,0.7015878136513172,0.010680592991913746,0.0103359173126615,0.48723402178699515,1.0010245381160279,12460147,2
sc,02792605-4760-4023-82ad-40fc4458a5db,sc,cell,10x 5' v2,Chol,PBC,BCL2L11,50,evaluable_descriptive,present,True,2,2,774,774,2,4.839349128920055,27.645185579767386,0.2921900269541779,0.29198966408268734,4.789193791471688,4.8895044663684235,12460147,2
sc,02792605-4760-4023-82ad-40fc4458a5db,sc,cell,10x 5' v2,Chol,PBC,ETS2,50,evaluable_descriptive,present,True,2,2,774,774,2,7.27327315611755,164.02599709287693,0.6767924528301887,0.686046511627907,6.7488794735195246,7.797666838715575,12460147,2
sc,02792605-4760-4023-82ad-40fc4458a5db,sc,cell,10x 5' v2,Chol,PBC,PFKFB3,50,evaluable_descriptive,present,True,2,2,774,774,2,6.496596806492463,90.24715381681209,0.5836320754716982,0.5839793281653747,6.2874243255374695,6.705769287447457,12460147,2
sc,02792605-4760-4023-82ad-40fc4458a5db,sc,cell,10x 5' v2,Chol,PBC,PRKD2,50,evaluable_descriptive,present,True,2,2,774,774,2,4.840536430571788,27.74354793369121,0.3355929919137466,0.33462532299741604,4.724894231995302,4.956178629148275,12460147,2
sc,02792605-4760-4023-82ad-40fc4458a5db,sc,cell,10x 5' v2,Chol,PBC,UBASH3A,50,evaluable_descriptive,present,True,2,2,774,774,2,0.7441292799515116,0.7015878136513172,0.010680592991913746,0.0103359173126615,0.48723402178699515,1.0010245381160279,12460147,2
sc,02792605-4760-4023-82ad-40fc4458a5db,sc,cell,10x 5' v2,Chol,PSC,BCL2L11,20,evaluable_descriptive,present,True,5,8,400,426,5,3.79987843701109,12.92763540620785,0.14285714285714285,0.24,1.904288857570615,4.785375847262235,6278148,5
sc,02792605-4760-4023-82ad-40fc4458a5db,sc,cell,10x 5' v2,Chol,PSC,ETS2,20,evaluable_descriptive,present,True,5,8,400,426,5,7.4013852323008775,168.05926028070203,0.7051282051282052,0.69,6.32373910179395,8.384082425962804,6278148,5
sc,02792605-4760-4023-82ad-40fc4458a5db,sc,cell,10x 5' v2,Chol,PSC,PFKFB3,20,evaluable_descriptive,present,True,5,8,400,426,5,5.613174992695959,47.947897701399455,0.384,0.4275,4.1259370625819445,6.28714809200894,6278148,5
sc,02792605-4760-4023-82ad-40fc4458a5db,sc,cell,10x 5' v2,Chol,PSC,PRKD2,20,evaluable_descriptive,present,True,5,8,400,426,5,4.395475096869642,20.0460137282687,0.28205128205128205,0.24,3.26580046521678,5.316247542854565,6278148,5
sc,02792605-4760-4023-82ad-40fc4458a5db,sc,cell,10x 5' v2,Chol,PSC,UBASH3A,20,evaluable_descriptive,present,True,5,8,400,426,3,0.858121263817428,0.8126762322271094,0.013071895424836602,0.0225,0.0,3.0277299380029916,6278148,5
sc,02792605-4760-4023-82ad-40fc4458a5db,sc,cell,10x 5' v2,Chol,PSC,BCL2L11,50,evaluable_descriptive,present,True,3,8,356,426,3,4.725951344828125,25.46385527644943,0.2948717948717949,0.25842696629213485,3.444124187476571,4.785375847262235,5681555,3
sc,02792605-4760-4023-82ad-40fc4458a5db,sc,cell,10x 5' v2,Chol,PSC,ETS2,50,evaluable_descriptive,present,True,3,8,356,426,3,7.139945804974801,140.03855660113135,0.6797385620915033,0.6769662921348315,6.32373910179395,8.384082425962804,5681555,3
sc,02792605-4760-4023-82ad-40fc4458a5db,sc,cell,10x 5' v2,Chol,PSC,PFKFB3,50,evaluable_descriptive,present,True,3,8,356,426,3,6.279163768891959,76.66344339477993,0.48717948717948717,0.45224719101123595,5.613174992695959,6.28714809200894,5681555,3
sc,02792605-4760-4023-82ad-40fc4458a5db,sc,cell,10x 5' v2,Chol,PSC,PRKD2,50,evaluable_descriptive,present,True,3,8,356,426,3,4.395475096869642,20.0460137282687,0.28205128205128205,0.2443820224719101,3.6848955148232507,5.316247542854565,5681555,3
sc,02792605-4760-4023-82ad-40fc4458a5db,sc,cell,10x 5' v2,Chol,PSC,UBASH3A,50,evaluable_descriptive,present,True,3,8,356,426,3,1.5737529581106515,1.9767807335042589,0.016,0.025280898876404494,0.858121263817428,3.0277299380029916,5681555,3
sc,02792605-4760-4023-82ad-40fc4458a5db,sc,cell,10x 5' v2,CholMucus,PBC,BCL2L11,20,evaluable_descriptive,present,True,1,2,206,223,1,4.531849106437519,22.13249712484383,0.3155339805825243,0.3155339805825243,4.531849106437519,4.531849106437519,4834520,1
sc,02792605-4760-4023-82ad-40fc4458a5db,sc,cell,10x 5' v2,CholMucus,PBC,ETS2,20,evaluable_descriptive,present,True,1,2,206,223,1,7.918716093733434,240.9753191630193,0.883495145631068,0.883495145631068,7.918716093733434,7.918716093733434,4834520,1
sc,02792605-4760-4023-82ad-40fc4458a5db,sc,cell,10x 5' v2,CholMucus,PBC,PFKFB3,20,evaluable_descriptive,present,True,1,2,206,223,1,7.30374365353737,156.99593754912587,0.7572815533980582,0.7572815533980582,7.30374365353737,7.30374365353737,4834520,1
sc,02792605-4760-4023-82ad-40fc4458a5db,sc,cell,10x 5' v2,CholMucus,PBC,PRKD2,20,evaluable_descriptive,present,True,1,2,206,223,1,4.9246747101789525,29.372098988110505,0.4563106796116505,0.4563106796116505,4.9246747101789525,4.9246747101789525,4834520,1
sc,02792605-4760-4023-82ad-40fc4458a5db,sc,cell,10x 5' v2,CholMucus,PBC,UBASH3A,20,evaluable_descriptive,present,True,1,2,206,223,1,1.164190676809744,1.2410746051314299,0.024271844660194174,0.024271844660194174,1.164190676809744,1.164190676809744,4834520,1
sc,02792605-4760-4023-82ad-40fc4458a5db,sc,cell,10x 5' v2,CholMucus,PBC,BCL2L11,50,evaluable_descriptive,present,True,1,2,206,223,1,4.531849106437519,22.13249712484383,0.3155339805825243,0.3155339805825243,4.531849106437519,4.531849106437519,4834520,1
sc,02792605-4760-4023-82ad-40fc4458a5db,sc,cell,10x 5' v2,CholMucus,PBC,ETS2,50,evaluable_descriptive,present,True,1,2,206,223,1,7.918716093733434,240.9753191630193,0.883495145631068,0.883495145631068,7.918716093733434,7.918716093733434,4834520,1
sc,02792605-4760-4023-82ad-40fc4458a5db,sc,cell,10x 5' v2,CholMucus,PBC,PFKFB3,50,evaluable_descriptive,present,True,1,2,206,223,1,7.30374365353737,156.99593754912587,0.7572815533980582,0.7572815533980582,7.30374365353737,7.30374365353737,4834520,1
sc,02792605-4760-4023-82ad-40fc4458a5db,sc,cell,10x 5' v2,CholMucus,PBC,PRKD2,50,evaluable_descriptive,present,True,1,2,206,223,1,4.9246747101789525,29.372098988110505,0.4563106796116505,0.4563106796116505,4.9246747101789525,4.9246747101789525,4834520,1
sc,02792605-4760-4023-82ad-40fc4458a5db,sc,cell,10x 5' v2,CholMucus,PBC,UBASH3A,50,evaluable_descriptive,present,True,1,2,206,223,1,1.164190676809744,1.2410746051314299,0.024271844660194174,0.024271844660194174,1.164190676809744,1.164190676809744,4834520,1
sc,02792605-4760-4023-82ad-40fc4458a5db,sc,cell,10x 5' v2,CholMucus,PSC,BCL2L11,20,evaluable_descriptive,present,True,2,4,77,84,2,3.428309008126389,10.001250354906727,0.12727272727272726,0.1038961038961039,3.126765530973988,3.7298524852787893,1006234,2
sc,02792605-4760-4023-82ad-40fc4458a5db,sc,cell,10x 5' v2,CholMucus,PSC,ETS2,20,evaluable_descriptive,present,True,2,4,77,84,2,7.97959147664183,255.72137753184438,0.7772727272727273,0.7402597402597403,7.713132880727336,8.246050072556324,1006234,2
sc,02792605-4760-4023-82ad-40fc4458a5db,sc,cell,10x 5' v2,CholMucus,PSC,PFKFB3,20,evaluable_descriptive,present,True,2,4,77,84,2,7.4789833833213795,185.35595108766847,0.6863636363636363,0.6493506493506493,7.04974684216918,7.908219924473579,1006234,2
sc,02792605-4760-4023-82ad-40fc4458a5db,sc,cell,10x 5' v2,CholMucus,PSC,PRKD2,20,evaluable_descriptive,present,True,2,4,77,84,2,4.449859660492969,20.858403952483364,0.2727272727272727,0.23376623376623376,4.422654178718521,4.477065142267416,1006234,2
sc,02792605-4760-4023-82ad-40fc4458a5db,sc,cell,10x 5' v2,CholMucus,PSC,UBASH3A,20,evaluable_descriptive,present,True,2,4,77,84,1,0.803132511332395,1.0223130036169434,0.022727272727272728,0.012987012987012988,0.0,1.60626502266479,1006234,2
sc,02792605-4760-4023-82ad-40fc4458a5db,sc,cell,10x 5' v2,CholMucus,PSC,BCL2L11,50,evaluable_descriptive,present,True,1,4,55,84,1,3.126765530973988,7.734744666410132,0.07272727272727272,0.07272727272727272,3.126765530973988,3.126765530973988,517147,1
sc,02792605-4760-4023-82ad-40fc4458a5db,sc,cell,10x 5' v2,CholMucus,PSC,ETS2,50,evaluable_descriptive,present,True,1,4,55,84,1,7.713132880727336,208.83810599307353,0.6909090909090909,0.6909090909090909,7.713132880727336,7.713132880727336,517147,1
sc,02792605-4760-4023-82ad-40fc4458a5db,sc,cell,10x 5' v2,CholMucus,PSC,PFKFB3,50,evaluable_descriptive,present,True,1,4,55,84,1,7.04974684216918,131.4906593289722,0.6,0.6,7.04974684216918,7.04974684216918,517147,1
sc,02792605-4760-4023-82ad-40fc4458a5db,sc,cell,10x 5' v2,CholMucus,PSC,PRKD2,50,evaluable_descriptive,present,True,1,4,55,84,1,4.477065142267416,21.27054783262786,0.18181818181818182,0.18181818181818182,4.477065142267416,4.477065142267416,517147,1
sc,02792605-4760-4023-82ad-40fc4458a5db,sc,cell,10x 5' v2,CholMucus,PSC,UBASH3A,50,evaluable_descriptive,present,True,1,4,55,84,0,0.0,0.0,0.0,0.0,0.0,0.0,517147,1
sc,02792605-4760-4023-82ad-40fc4458a5db,sc,cell,10x 5' v2,Fibroblast,PBC,BCL2L11,20,evaluable_descriptive,present,True,2,2,262,262,2,4.027667821638183,15.31543258233754,0.1500437445319335,0.14885496183206107,3.9897774239224617,4.065558219353905,2998547,2
sc,02792605-4760-4023-82ad-40fc4458a5db,sc,cell,10x 5' v2,Fibroblast,PBC,ETS2,20,evaluable_descriptive,present,True,2,2,262,262,2,7.639460855677944,206.91593057232595,0.7017789442986293,0.7022900763358778,7.219091664282347,8.059830047073541,2998547,2
sc,02792605-4760-4023-82ad-40fc4458a5db,sc,cell,10x 5' v2,Fibroblast,PBC,PFKFB3,20,evaluable_descriptive,present,True,2,2,262,262,2,4.731337160498541,25.94729056686767,0.1752697579469233,0.17557251908396945,4.486174874480707,4.976499446516374,2998547,2
sc,02792605-4760-4023-82ad-40fc4458a5db,sc,cell,10x 5' v2,Fibroblast,PBC,PRKD2,20,evaluable_descriptive,present,True,2,2,262,262,2,3.809963239424566,13.032142808304586,0.12201808107319917,0.12213740458015267,3.765011585073639,3.854914893775493,2998547,2
sc,02792605-4760-4023-82ad-40fc4458a5db,sc,cell,10x 5' v2,Fibroblast,PBC,UBASH3A,20,evaluable_descriptive,present,True,2,2,262,262,2,1.6835752590557382,2.873466896018173,0.035199766695829686,0.03435114503816794,0.7730731516983546,2.594077366413122,2998547,2
sc,02792605-4760-4023-82ad-40fc4458a5db,sc,cell,10x 5' v2,Fibroblast,PBC,BCL2L11,50,evaluable_descriptive,present,True,2,2,262,262,2,4.027667821638183,15.31543258233754,0.1500437445319335,0.14885496183206107,3.9897774239224617,4.065558219353905,2998547,2
sc,02792605-4760-4023-82ad-40fc4458a5db,sc,cell,10x 5' v2,Fibroblast,PBC,ETS2,50,evaluable_descriptive,present,True,2,2,262,262,2,7.639460855677944,206.91593057232595,0.7017789442986293,0.7022900763358778,7.219091664282347,8.059830047073541,2998547,2
sc,02792605-4760-4023-82ad-40fc4458a5db,sc,cell,10x 5' v2,Fibroblast,PBC,PFKFB3,50,evaluable_descriptive,present,True,2,2,262,262,2,4.731337160498541,25.94729056686767,0.1752697579469233,0.17557251908396945,4.486174874480707,4.976499446516374,2998547,2
sc,02792605-4760-4023-82ad-40fc4458a5db,sc,cell,10x 5' v2,Fibroblast,PBC,PRKD2,50,evaluable_descriptive,present,True,2,2,262,262,2,3.809963239424566,13.032142808304586,0.12201808107319917,0.12213740458015267,3.765011585073639,3.854914893775493,2998547,2
sc,02792605-4760-4023-82ad-40fc4458a5db,sc,cell,10x 5' v2,Fibroblast,PBC,UBASH3A,50,evaluable_descriptive,present,True,2,2,262,262,2,1.6835752590557382,2.873466896018173,0.035199766695829686,0.03435114503816794,0.7730731516983546,2.594077366413122,2998547,2
sc,02792605-4760-4023-82ad-40fc4458a5db,sc,cell,10x 5' v2,Fibroblast,PSC,BCL2L11,20,evaluable_descriptive,present,True,4,8,911,943,4,4.154775516719985,17.22573771805975,0.13217787114845939,0.09549945115257959,3.7483136859490207,4.798688824148505,6637099,4
sc,02792605-4760-4023-82ad-40fc4458a5db,sc,cell,10x 5' v2,Fibroblast,PSC,ETS2,20,evaluable_descriptive,present,True,4,8,911,943,4,7.157085061066056,142.46530695372383,0.5631126032260554,0.5697036223929748,6.884491159683433,7.72411295415796,6637099,4
sc,02792605-4760-4023-82ad-40fc4458a5db,sc,cell,10x 5' v2,Fibroblast,PSC,PFKFB3,20,evaluable_descriptive,present,True,4,8,911,943,4,4.019818429861596,16.372857224531142,0.09722685670702641,0.10867178924259056,2.1180481353609046,5.128771574503021,6637099,4
sc,02792605-4760-4023-82ad-40fc4458a5db,sc,cell,10x 5' v2,Fibroblast,PSC,PRKD2,20,evaluable_descriptive,present,True,4,8,911,943,4,3.7791939901483835,13.175796324771039,0.09261204481792717,0.08342480790340286,3.2616951032603767,4.931472339011801,6637099,4
sc,02792605-4760-4023-82ad-40fc4458a5db,sc,cell,10x 5' v2,Fibroblast,PSC,UBASH3A,20,evaluable_descriptive,present,True,4,8,911,943,3,2.458808189945514,4.500745883012046,0.03053794451329965,0.03951701427003293,0.0,4.095872691424647,6637099,4
sc,02792605-4760-4023-82ad-40fc4458a5db,sc,cell,10x 5' v2,Fibroblast,PSC,BCL2L11,50,evaluable_descriptive,present,True,3,8,869,943,3,4.46514034172945,21.08722613941312,0.16911764705882354,0.09551208285385501,3.7483136859490207,4.798688824148505,6337793,3
sc,02792605-4760-4023-82ad-40fc4458a5db,sc,cell,10x 5' v2,Fibroblast,PSC,ETS2,50,evaluable_descriptive,present,True,3,8,869,943,3,7.010116116539036,127.90068467114764,0.5786061588330632,0.570771001150748,6.884491159683433,7.72411295415796,6337793,3
sc,02792605-4760-4023-82ad-40fc4458a5db,sc,cell,10x 5' v2,Fibroblast,PSC,PFKFB3,50,evaluable_descriptive,present,True,3,8,869,943,3,4.560262853489527,22.592605567122632,0.09886547811993517,0.11277330264672036,3.479374006233666,5.128771574503021,6337793,3
sc,02792605-4760-4023-82ad-40fc4458a5db,sc,cell,10x 5' v2,Fibroblast,PSC,PRKD2,50,evaluable_descriptive,present,True,3,8,869,943,3,3.4122776494215454,9.646281028659102,0.0661764705882353,0.08170310701956271,3.2616951032603767,4.931472339011801,6337793,3
sc,02792605-4760-4023-82ad-40fc4458a5db,sc,cell,10x 5' v2,Fibroblast,PSC,UBASH3A,50,evaluable_descriptive,present,True,3,8,869,943,3,2.507426849582844,4.686050253202915,0.03676470588235294,0.04142692750287687,2.410189530308184,4.095872691424647,6337793,3
sc,02792605-4760-4023-82ad-40fc4458a5db,sc,cell,10x 5' v2,Hepato,PBC,BCL2L11,20,evaluable_descriptive,present,True,1,2,25,41,1,4.139303476569292,16.621972030761732,0.24,0.24,4.139303476569292,4.139303476569292,360968,1
sc,02792605-4760-4023-82ad-40fc4458a5db,sc,cell,10x 5' v2,Hepato,PBC,ETS2,20,evaluable_descriptive,present,True,1,2,25,41,1,7.152657635840852,141.2867622614747,0.76,0.76,7.152657635840852,7.152657635840852,360968,1
sc,02792605-4760-4023-82ad-40fc4458a5db,sc,cell,10x 5' v2,Hepato,PBC,PFKFB3,20,evaluable_descriptive,present,True,1,2,25,41,1,6.908382206755364,119.12413288712574,0.64,0.64,6.908382206755364,6.908382206755364,360968,1
sc,02792605-4760-4023-82ad-40fc4458a5db,sc,cell,10x 5' v2,Hepato,PBC,PRKD2,20,evaluable_descriptive,present,True,1,2,25,41,1,4.533727129303332,22.16262937434897,0.28,0.28,4.533727129303332,4.533727129303332,360968,1
sc,02792605-4760-4023-82ad-40fc4458a5db,sc,cell,10x 5' v2,Hepato,PBC,UBASH3A,20,evaluable_descriptive,present,True,1,2,25,41,1,1.9146902933874488,2.7703286717936213,0.04,0.04,1.9146902933874488,1.9146902933874488,360968,1
sc,02792605-4760-4023-82ad-40fc4458a5db,sc,cell,10x 5' v2,Hepato,PBC,BCL2L11,50,no_eligible_donors,present,True,0,2,0,41,0,,,,,,,0,0
sc,02792605-4760-4023-82ad-40fc4458a5db,sc,cell,10x 5' v2,Hepato,PBC,ETS2,50,no_eligible_donors,present,True,0,2,0,41,0,,,,,,,0,0
sc,02792605-4760-4023-82ad-40fc4458a5db,sc,cell,10x 5' v2,Hepato,PBC,PFKFB3,50,no_eligible_donors,present,True,0,2,0,41,0,,,,,,,0,0
sc,02792605-4760-4023-82ad-40fc4458a5db,sc,cell,10x 5' v2,Hepato,PBC,PRKD2,50,no_eligible_donors,present,True,0,2,0,41,0,,,,,,,0,0
sc,02792605-4760-4023-82ad-40fc4458a5db,sc,cell,10x 5' v2,Hepato,PBC,UBASH3A,50,no_eligible_donors,present,True,0,2,0,41,0,,,,,,,0,0
sc,02792605-4760-4023-82ad-40fc4458a5db,sc,cell,10x 5' v2,Hepato,PSC,BCL2L11,20,evaluable_descriptive,present,True,3,7,252,281,3,5.285169958263771,37.993721864993894,0.36,0.21825396825396826,3.959227444766943,5.314336964518751,3254178,3
sc,02792605-4760-4023-82ad-40fc4458a5db,sc,cell,10x 5' v2,Hepato,PSC,ETS2,20,evaluable_descriptive,present,True,3,7,252,281,3,7.072889235071774,133.63309069756474,0.72,0.75,6.654577674641576,7.810421198026098,3254178,3
sc,02792605-4760-4023-82ad-40fc4458a5db,sc,cell,10x 5' v2,Hepato,PSC,PFKFB3,20,evaluable_descriptive,present,True,3,7,252,281,3,5.953168443717379,60.95584303316275,0.40555555555555556,0.4087301587301587,5.9218422931282655,5.967538273558907,3254178,3
sc,02792605-4760-4023-82ad-40fc4458a5db,sc,cell,10x 5' v2,Hepato,PSC,PRKD2,20,evaluable_descriptive,present,True,3,7,252,281,3,4.139495757614566,16.624320827226203,0.26,0.15873015873015872,3.560499593722189,4.4569410469162465,3254178,3
sc,02792605-4760-4023-82ad-40fc4458a5db,sc,cell,10x 5' v2,Hepato,PSC,UBASH3A,20,evaluable_descriptive,present,True,3,7,252,281,2,1.5250438088877754,1.8779545506829416,0.022222222222222223,0.027777777777777776,0.0,2.301700313033368,3254178,3
sc,02792605-4760-4023-82ad-40fc4458a5db,sc,cell,10x 5' v2,Hepato,PSC,BCL2L11,50,evaluable_descriptive,present,True,2,7,230,281,2,4.622198701515357,26.273934816393346,0.2577777777777778,0.2,3.959227444766943,5.285169958263771,2893261,2
sc,02792605-4760-4023-82ad-40fc4458a5db,sc,cell,10x 5' v2,Hepato,PSC,ETS2,50,evaluable_descriptive,present,True,2,7,230,281,2,7.441655216548936,178.5548411144174,0.7461111111111112,0.7608695652173914,7.072889235071774,7.810421198026098,2893261,2
sc,02792605-4760-4023-82ad-40fc4458a5db,sc,cell,10x 5' v2,Hepato,PSC,PFKFB3,50,evaluable_descriptive,present,True,2,7,230,281,2,5.944690283343586,60.600544486138475,0.4227777777777778,0.41304347826086957,5.9218422931282655,5.967538273558907,2893261,2
sc,02792605-4760-4023-82ad-40fc4458a5db,sc,cell,10x 5' v2,Hepato,PSC,PRKD2,50,evaluable_descriptive,present,True,2,7,230,281,2,4.008720320319218,15.880146054591084,0.18833333333333335,0.14782608695652175,3.560499593722189,4.4569410469162465,2893261,2
sc,02792605-4760-4023-82ad-40fc4458a5db,sc,cell,10x 5' v2,Hepato,PSC,UBASH3A,50,evaluable_descriptive,present,True,2,7,230,281,2,1.9133720609605716,2.9041697855997755,0.04111111111111111,0.030434782608695653,1.5250438088877754,2.301700313033368,2893261,2
sc,02792605-4760-4023-82ad-40fc4458a5db,sc,cell,10x 5' v2,Hepato--Mac,PBC,BCL2L11,20,no_eligible_donors,present,True,0,0,0,0,0,,,,,,,0,0
sc,02792605-4760-4023-82ad-40fc4458a5db,sc,cell,10x 5' v2,Hepato--Mac,PBC,ETS2,20,no_eligible_donors,present,True,0,0,0,0,0,,,,,,,0,0
sc,02792605-4760-4023-82ad-40fc4458a5db,sc,cell,10x 5' v2,Hepato--Mac,PBC,PFKFB3,20,no_eligible_donors,present,True,0,0,0,0,0,,,,,,,0,0
sc,02792605-4760-4023-82ad-40fc4458a5db,sc,cell,10x 5' v2,Hepato--Mac,PBC,PRKD2,20,no_eligible_donors,present,True,0,0,0,0,0,,,,,,,0,0
sc,02792605-4760-4023-82ad-40fc4458a5db,sc,cell,10x 5' v2,Hepato--Mac,PBC,UBASH3A,20,no_eligible_donors,present,True,0,0,0,0,0,,,,,,,0,0
sc,02792605-4760-4023-82ad-40fc4458a5db,sc,cell,10x 5' v2,Hepato--Mac,PBC,BCL2L11,50,no_eligible_donors,present,True,0,0,0,0,0,,,,,,,0,0
sc,02792605-4760-4023-82ad-40fc4458a5db,sc,cell,10x 5' v2,Hepato--Mac,PBC,ETS2,50,no_eligible_donors,present,True,0,0,0,0,0,,,,,,,0,0
sc,02792605-4760-4023-82ad-40fc4458a5db,sc,cell,10x 5' v2,Hepato--Mac,PBC,PFKFB3,50,no_eligible_donors,present,True,0,0,0,0,0,,,,,,,0,0
sc,02792605-4760-4023-82ad-40fc4458a5db,sc,cell,10x 5' v2,Hepato--Mac,PBC,PRKD2,50,no_eligible_donors,present,True,0,0,0,0,0,,,,,,,0,0
sc,02792605-4760-4023-82ad-40fc4458a5db,sc,cell,10x 5' v2,Hepato--Mac,PBC,UBASH3A,50,no_eligible_donors,present,True,0,0,0,0,0,,,,,,,0,0
sc,02792605-4760-4023-82ad-40fc4458a5db,sc,cell,10x 5' v2,Hepato--Mac,PSC,BCL2L11,20,no_eligible_donors,present,True,0,0,0,0,0,,,,,,,0,0
sc,02792605-4760-4023-82ad-40fc4458a5db,sc,cell,10x 5' v2,Hepato--Mac,PSC,ETS2,20,no_eligible_donors,present,True,0,0,0,0,0,,,,,,,0,0
sc,02792605-4760-4023-82ad-40fc4458a5db,sc,cell,10x 5' v2,Hepato--Mac,PSC,PFKFB3,20,no_eligible_donors,present,True,0,0,0,0,0,,,,,,,0,0
sc,02792605-4760-4023-82ad-40fc4458a5db,sc,cell,10x 5' v2,Hepato--Mac,PSC,PRKD2,20,no_eligible_donors,present,True,0,0,0,0,0,,,,,,,0,0
sc,02792605-4760-4023-82ad-40fc4458a5db,sc,cell,10x 5' v2,Hepato--Mac,PSC,UBASH3A,20,no_eligible_donors,present,True,0,0,0,0,0,,,,,,,0,0
sc,02792605-4760-4023-82ad-40fc4458a5db,sc,cell,10x 5' v2,Hepato--Mac,PSC,BCL2L11,50,no_eligible_donors,present,True,0,0,0,0,0,,,,,,,0,0
sc,02792605-4760-4023-82ad-40fc4458a5db,sc,cell,10x 5' v2,Hepato--Mac,PSC,ETS2,50,no_eligible_donors,present,True,0,0,0,0,0,,,,,,,0,0
sc,02792605-4760-4023-82ad-40fc4458a5db,sc,cell,10x 5' v2,Hepato--Mac,PSC,PFKFB3,50,no_eligible_donors,present,True,0,0,0,0,0,,,,,,,0,0
sc,02792605-4760-4023-82ad-40fc4458a5db,sc,cell,10x 5' v2,Hepato--Mac,PSC,PRKD2,50,no_eligible_donors,present,True,0,0,0,0,0,,,,,,,0,0
sc,02792605-4760-4023-82ad-40fc4458a5db,sc,cell,10x 5' v2,Hepato--Mac,PSC,UBASH3A,50,no_eligible_donors,present,True,0,0,0,0,0,,,,,,,0,0
sc,02792605-4760-4023-82ad-40fc4458a5db,sc,cell,10x 5' v2,I-Hepato,PBC,BCL2L11,20,evaluable_descriptive,present,True,1,2,20,25,1,4.016120013461784,15.179779184812126,0.4,0.4,4.016120013461784,4.016120013461784,592894,1
sc,02792605-4760-4023-82ad-40fc4458a5db,sc,cell,10x 5' v2,I-Hepato,PBC,ETS2,20,evaluable_descriptive,present,True,1,2,20,25,1,7.988663783144579,252.99631974686875,0.9,0.9,7.988663783144579,7.988663783144579,592894,1
sc,02792605-4760-4023-82ad-40fc4458a5db,sc,cell,10x 5' v2,I-Hepato,PBC,PFKFB3,20,evaluable_descriptive,present,True,1,2,20,25,1,5.186638607183721,35.41948476456162,0.45,0.45,5.186638607183721,5.186638607183721,592894,1
sc,02792605-4760-4023-82ad-40fc4458a5db,sc,cell,10x 5' v2,I-Hepato,PBC,PRKD2,20,evaluable_descriptive,present,True,1,2,20,25,1,3.678803765626801,11.806494921520542,0.3,0.3,3.678803765626801,3.678803765626801,592894,1
sc,02792605-4760-4023-82ad-40fc4458a5db,sc,cell,10x 5' v2,I-Hepato,PBC,UBASH3A,20,evaluable_descriptive,present,True,1,2,20,25,0,0.0,0.0,0.0,0.0,0.0,0.0,592894,1
sc,02792605-4760-4023-82ad-40fc4458a5db,sc,cell,10x 5' v2,I-Hepato,PBC,BCL2L11,50,no_eligible_donors,present,True,0,2,0,25,0,,,,,,,0,0
sc,02792605-4760-4023-82ad-40fc4458a5db,sc,cell,10x 5' v2,I-Hepato,PBC,ETS2,50,no_eligible_donors,present,True,0,2,0,25,0,,,,,,,0,0
sc,02792605-4760-4023-82ad-40fc4458a5db,sc,cell,10x 5' v2,I-Hepato,PBC,PFKFB3,50,no_eligible_donors,present,True,0,2,0,25,0,,,,,,,0,0
sc,02792605-4760-4023-82ad-40fc4458a5db,sc,cell,10x 5' v2,I-Hepato,PBC,PRKD2,50,no_eligible_donors,present,True,0,2,0,25,0,,,,,,,0,0
sc,02792605-4760-4023-82ad-40fc4458a5db,sc,cell,10x 5' v2,I-Hepato,PBC,UBASH3A,50,no_eligible_donors,present,True,0,2,0,25,0,,,,,,,0,0
sc,02792605-4760-4023-82ad-40fc4458a5db,sc,cell,10x 5' v2,I-Hepato,PSC,BCL2L11,20,evaluable_descriptive,present,True,5,8,613,626,5,3.046891210069457,7.26429188893382,0.13333333333333333,0.13539967373572595,2.180341071111841,3.617842322362476,17024698,5
sc,02792605-4760-4023-82ad-40fc4458a5db,sc,cell,10x 5' v2,I-Hepato,PSC,ETS2,20,evaluable_descriptive,present,True,5,8,613,626,5,7.07936813912708,134.23906521652793,0.7954545454545454,0.8417618270799347,6.286455200246965,7.433896816256957,17024698,5
sc,02792605-4760-4023-82ad-40fc4458a5db,sc,cell,10x 5' v2,I-Hepato,PSC,PFKFB3,20,evaluable_descriptive,present,True,5,8,613,626,5,3.823348361487738,13.156064757909613,0.20833333333333334,0.23164763458401305,1.774599696667632,4.401485396611285,17024698,5
sc,02792605-4760-4023-82ad-40fc4458a5db,sc,cell,10x 5' v2,I-Hepato,PSC,PRKD2,20,evaluable_descriptive,present,True,5,8,613,626,5,3.1282600708365558,7.743797992188057,0.14583333333333334,0.16476345840130505,1.9325059633644877,4.163091339083462,17024698,5
sc,02792605-4760-4023-82ad-40fc4458a5db,sc,cell,10x 5' v2,I-Hepato,PSC,UBASH3A,20,evaluable_descriptive,present,True,5,8,613,626,2,0.0,0.0,0.0,0.0032626427406199023,0.0,1.5257871693842637,17024698,5
sc,02792605-4760-4023-82ad-40fc4458a5db,sc,cell,10x 5' v2,I-Hepato,PSC,BCL2L11,50,evaluable_descriptive,present,True,2,8,499,626,2,2.786876664882513,6.520289134415245,0.24158653846153846,0.1402805611222445,2.180341071111841,3.393412258653185,15020988,2
sc,02792605-4760-4023-82ad-40fc4458a5db,sc,cell,10x 5' v2,I-Hepato,PSC,ETS2,50,evaluable_descriptive,present,True,2,8,499,626,2,6.929139542751902,121.52625720899519,0.8945538668320926,0.8617234468937875,6.778910946376724,7.07936813912708,15020988,2
sc,02792605-4760-4023-82ad-40fc4458a5db,sc,cell,10x 5' v2,I-Hepato,PSC,PFKFB3,50,evaluable_descriptive,present,True,2,8,499,626,2,3.3437762930076556,10.833839833610616,0.2344396195202647,0.250501002004008,2.5245616217878006,4.162990964227511,15020988,2
sc,02792605-4760-4023-82ad-40fc4458a5db,sc,cell,10x 5' v2,I-Hepato,PSC,PRKD2,50,evaluable_descriptive,present,True,2,8,499,626,2,2.578720604116789,5.583487496629333,0.16100599669148058,0.17034068136272545,1.9325059633644877,3.2249352448690907,15020988,2
sc,02792605-4760-4023-82ad-40fc4458a5db,sc,cell,10x 5' v2,I-Hepato,PSC,UBASH3A,50,evaluable_descriptive,present,True,2,8,499,626,1,0.07335934205799423,0.0535243481724593,0.0012406947890818859,0.002004008016032064,0.0,0.14671868411598846,15020988,2
sc,02792605-4760-4023-82ad-40fc4458a5db,sc,cell,10x 5' v2,Kupffer,PBC,BCL2L11,20,evaluable_descriptive,present,True,2,2,1061,1061,2,4.570523728240845,23.46922070804047,0.2214274363067677,0.23091423185673893,4.219150869232777,4.921896587248912,13703121,2
sc,02792605-4760-4023-82ad-40fc4458a5db,sc,cell,10x 5' v2,Kupffer,PBC,ETS2,20,evaluable_descriptive,present,True,2,2,1061,1061,2,7.928221254240002,244.02916707525006,0.7725842802141046,0.7766258246936852,7.770645325609281,8.085797182870722,13703121,2
sc,02792605-4760-4023-82ad-40fc4458a5db,sc,cell,10x 5' v2,Kupffer,PBC,PFKFB3,20,evaluable_descriptive,present,True,2,2,1061,1061,2,7.9229793170224525,243.80691235575404,0.740360236064058,0.7455230914231856,7.7326293962307515,8.113329237814153,13703121,2
sc,02792605-4760-4023-82ad-40fc4458a5db,sc,cell,10x 5' v2,Kupffer,PBC,PRKD2,20,evaluable_descriptive,present,True,2,2,1061,1061,2,3.4810167112285395,10.173043186197987,0.11370876283074612,0.11498586239396795,3.429110175332298,3.5329232471247813,13703121,2
sc,02792605-4760-4023-82ad-40fc4458a5db,sc,cell,10x 5' v2,Kupffer,PBC,UBASH3A,20,evaluable_descriptive,present,True,2,2,1061,1061,2,0.6332144359288603,0.5661477295329153,0.005991895230321374,0.005655042412818096,0.4318606742880123,0.8345681975697082,13703121,2
sc,02792605-4760-4023-82ad-40fc4458a5db,sc,cell,10x 5' v2,Kupffer,PBC,BCL2L11,50,evaluable_descriptive,present,True,2,2,1061,1061,2,4.570523728240845,23.46922070804047,0.2214274363067677,0.23091423185673893,4.219150869232777,4.921896587248912,13703121,2
sc,02792605-4760-4023-82ad-40fc4458a5db,sc,cell,10x 5' v2,Kupffer,PBC,ETS2,50,evaluable_descriptive,present,True,2,2,1061,1061,2,7.928221254240002,244.02916707525006,0.7725842802141046,0.7766258246936852,7.770645325609281,8.085797182870722,13703121,2
sc,02792605-4760-4023-82ad-40fc4458a5db,sc,cell,10x 5' v2,Kupffer,PBC,PFKFB3,50,evaluable_descriptive,present,True,2,2,1061,1061,2,7.9229793170224525,243.80691235575404,0.740360236064058,0.7455230914231856,7.7326293962307515,8.113329237814153,13703121,2
sc,02792605-4760-4023-82ad-40fc4458a5db,sc,cell,10x 5' v2,Kupffer,PBC,PRKD2,50,evaluable_descriptive,present,True,2,2,1061,1061,2,3.4810167112285395,10.173043186197987,0.11370876283074612,0.11498586239396795,3.429110175332298,3.5329232471247813,13703121,2
sc,02792605-4760-4023-82ad-40fc4458a5db,sc,cell,10x 5' v2,Kupffer,PBC,UBASH3A,50,evaluable_descriptive,present,True,2,2,1061,1061,2,0.6332144359288603,0.5661477295329153,0.005991895230321374,0.005655042412818096,0.4318606742880123,0.8345681975697082,13703121,2
sc,02792605-4760-4023-82ad-40fc4458a5db,sc,cell,10x 5' v2,Kupffer,PSC,BCL2L11,20,evaluable_descriptive,present,True,8,8,3425,3425,8,3.6789603177417702,11.856799455905907,0.09914320685434516,0.14277372262773722,1.7147357101836462,4.938732123609023,35772048,8
sc,02792605-4760-4023-82ad-40fc4458a5db,sc,cell,10x 5' v2,Kupffer,PSC,ETS2,20,evaluable_descriptive,present,True,8,8,3425,3425,8,7.138564348106227,141.01995814638684,0.5893092105263158,0.6537226277372262,6.097730825912539,8.690666898907555,35772048,8
sc,02792605-4760-4023-82ad-40fc4458a5db,sc,cell,10x 5' v2,Kupffer,PSC,PFKFB3,20,evaluable_descriptive,present,True,8,8,3425,3425,8,7.129765119421425,139.66045421780836,0.501664201183432,0.5821897810218978,4.106142873768918,7.767023629464736,35772048,8
sc,02792605-4760-4023-82ad-40fc4458a5db,sc,cell,10x 5' v2,Kupffer,PSC,PRKD2,20,evaluable_descriptive,present,True,8,8,3425,3425,7,3.5986757274624575,11.116947516615515,0.07668639053254438,0.11153284671532847,0.0,3.97802657062927,35772048,8
sc,02792605-4760-4023-82ad-40fc4458a5db,sc,cell,10x 5' v2,Kupffer,PSC,UBASH3A,20,evaluable_descriptive,present,True,8,8,3425,3425,4,0.20552921824477322,0.16483048256266566,0.001183431952662722,0.0072992700729927005,0.0,1.083781172077757,35772048,8
sc,02792605-4760-4023-82ad-40fc4458a5db,sc,cell,10x 5' v2,Kupffer,PSC,BCL2L11,50,evaluable_descriptive,present,True,6,8,3357,3425,6,3.6789603177417702,11.856799455905907,0.12485380116959063,0.14417634792969913,2.925768247014791,4.938732123609023,35088302,6
sc,02792605-4760-4023-82ad-40fc4458a5db,sc,cell,10x 5' v2,Kupffer,PSC,ETS2,50,evaluable_descriptive,present,True,6,8,3357,3425,6,7.338428761462762,167.47723864649979,0.5893092105263158,0.6556449210604707,6.097730825912539,8.690666898907555,35088302,6
sc,02792605-4760-4023-82ad-40fc4458a5db,sc,cell,10x 5' v2,Kupffer,PSC,PFKFB3,50,evaluable_descriptive,present,True,6,8,3357,3425,6,7.129765119421425,139.66045421780836,0.501664201183432,0.5859398272266905,4.106142873768918,7.716382736401906,35088302,6
sc,02792605-4760-4023-82ad-40fc4458a5db,sc,cell,10x 5' v2,Kupffer,PSC,PRKD2,50,evaluable_descriptive,present,True,6,8,3357,3425,6,3.6356316792618757,11.429163549439533,0.09293639053254438,0.11319630622579684,3.177913685703222,3.97802657062927,35088302,6
sc,02792605-4760-4023-82ad-40fc4458a5db,sc,cell,10x 5' v2,Kupffer,PSC,UBASH3A,50,evaluable_descriptive,present,True,6,8,3357,3425,4,0.4945665137404492,0.41125826542233196,0.00270937294961084,0.0074471254095918975,0.0,1.083781172077757,35088302,6
sc,02792605-4760-4023-82ad-40fc4458a5db,sc,cell,10x 5' v2,Kupffer--LSEC-Doublet,PBC,BCL2L11,20,no_eligible_donors,present,True,0,0,0,0,0,,,,,,,0,0
sc,02792605-4760-4023-82ad-40fc4458a5db,sc,cell,10x 5' v2,Kupffer--LSEC-Doublet,PBC,ETS2,20,no_eligible_donors,present,True,0,0,0,0,0,,,,,,,0,0
sc,02792605-4760-4023-82ad-40fc4458a5db,sc,cell,10x 5' v2,Kupffer--LSEC-Doublet,PBC,PFKFB3,20,no_eligible_donors,present,True,0,0,0,0,0,,,,,,,0,0
sc,02792605-4760-4023-82ad-40fc4458a5db,sc,cell,10x 5' v2,Kupffer--LSEC-Doublet,PBC,PRKD2,20,no_eligible_donors,present,True,0,0,0,0,0,,,,,,,0,0
sc,02792605-4760-4023-82ad-40fc4458a5db,sc,cell,10x 5' v2,Kupffer--LSEC-Doublet,PBC,UBASH3A,20,no_eligible_donors,present,True,0,0,0,0,0,,,,,,,0,0
sc,02792605-4760-4023-82ad-40fc4458a5db,sc,cell,10x 5' v2,Kupffer--LSEC-Doublet,PBC,BCL2L11,50,no_eligible_donors,present,True,0,0,0,0,0,,,,,,,0,0
sc,02792605-4760-4023-82ad-40fc4458a5db,sc,cell,10x 5' v2,Kupffer--LSEC-Doublet,PBC,ETS2,50,no_eligible_donors,present,True,0,0,0,0,0,,,,,,,0,0
sc,02792605-4760-4023-82ad-40fc4458a5db,sc,cell,10x 5' v2,Kupffer--LSEC-Doublet,PBC,PFKFB3,50,no_eligible_donors,present,True,0,0,0,0,0,,,,,,,0,0
sc,02792605-4760-4023-82ad-40fc4458a5db,sc,cell,10x 5' v2,Kupffer--LSEC-Doublet,PBC,PRKD2,50,no_eligible_donors,present,True,0,0,0,0,0,,,,,,,0,0
sc,02792605-4760-4023-82ad-40fc4458a5db,sc,cell,10x 5' v2,Kupffer--LSEC-Doublet,PBC,UBASH3A,50,no_eligible_donors,present,True,0,0,0,0,0,,,,,,,0,0
sc,02792605-4760-4023-82ad-40fc4458a5db,sc,cell,10x 5' v2,Kupffer--LSEC-Doublet,PSC,BCL2L11,20,no_eligible_donors,present,True,0,0,0,0,0,,,,,,,0,0
sc,02792605-4760-4023-82ad-40fc4458a5db,sc,cell,10x 5' v2,Kupffer--LSEC-Doublet,PSC,ETS2,20,no_eligible_donors,present,True,0,0,0,0,0,,,,,,,0,0
sc,02792605-4760-4023-82ad-40fc4458a5db,sc,cell,10x 5' v2,Kupffer--LSEC-Doublet,PSC,PFKFB3,20,no_eligible_donors,present,True,0,0,0,0,0,,,,,,,0,0
sc,02792605-4760-4023-82ad-40fc4458a5db,sc,cell,10x 5' v2,Kupffer--LSEC-Doublet,PSC,PRKD2,20,no_eligible_donors,present,True,0,0,0,0,0,,,,,,,0,0
sc,02792605-4760-4023-82ad-40fc4458a5db,sc,cell,10x 5' v2,Kupffer--LSEC-Doublet,PSC,UBASH3A,20,no_eligible_donors,present,True,0,0,0,0,0,,,,,,,0,0
sc,02792605-4760-4023-82ad-40fc4458a5db,sc,cell,10x 5' v2,Kupffer--LSEC-Doublet,PSC,BCL2L11,50,no_eligible_donors,present,True,0,0,0,0,0,,,,,,,0,0
sc,02792605-4760-4023-82ad-40fc4458a5db,sc,cell,10x 5' v2,Kupffer--LSEC-Doublet,PSC,ETS2,50,no_eligible_donors,present,True,0,0,0,0,0,,,,,,,0,0
sc,02792605-4760-4023-82ad-40fc4458a5db,sc,cell,10x 5' v2,Kupffer--LSEC-Doublet,PSC,PFKFB3,50,no_eligible_donors,present,True,0,0,0,0,0,,,,,,,0,0
sc,02792605-4760-4023-82ad-40fc4458a5db,sc,cell,10x 5' v2,Kupffer--LSEC-Doublet,PSC,PRKD2,50,no_eligible_donors,present,True,0,0,0,0,0,,,,,,,0,0
sc,02792605-4760-4023-82ad-40fc4458a5db,sc,cell,10x 5' v2,Kupffer--LSEC-Doublet,PSC,UBASH3A,50,no_eligible_donors,present,True,0,0,0,0,0,,,,,,,0,0
sc,02792605-4760-4023-82ad-40fc4458a5db,sc,cell,10x 5' v2,LAM-like,PBC,BCL2L11,20,evaluable_descriptive,present,True,2,2,660,660,2,4.693774324763821,26.63218340029532,0.27782401098501003,0.25303030303030305,4.165868411587935,5.221680237939707,9400944,2
sc,02792605-4760-4023-82ad-40fc4458a5db,sc,cell,10x 5' v2,LAM-like,PBC,ETS2,20,evaluable_descriptive,present,True,2,2,660,660,2,7.454874568828037,182.00596960103763,0.7521247048298676,0.7287878787878788,7.032826506102354,7.87692263155372,9400944,2
sc,02792605-4760-4023-82ad-40fc4458a5db,sc,cell,10x 5' v2,LAM-like,PBC,PFKFB3,20,evaluable_descriptive,present,True,2,2,660,660,2,7.187858265109538,150.25137077969845,0.6274614848488,0.6166666666666667,6.794604839721476,7.581111690497601,9400944,2
sc,02792605-4760-4023-82ad-40fc4458a5db,sc,cell,10x 5' v2,LAM-like,PBC,PRKD2,20,evaluable_descriptive,present,True,2,2,660,660,2,3.037436851546052,7.5062065746770275,0.09546348212335251,0.10606060606060606,2.651262636789735,3.423611066302369,9400944,2
sc,02792605-4760-4023-82ad-40fc4458a5db,sc,cell,10x 5' v2,LAM-like,PBC,UBASH3A,20,evaluable_descriptive,present,True,2,2,660,660,1,0.5347053591749583,0.5492880050408945,0.006772009029345372,0.00909090909090909,0.0,1.0694107183499166,9400944,2
sc,02792605-4760-4023-82ad-40fc4458a5db,sc,cell,10x 5' v2,LAM-like,PBC,BCL2L11,50,evaluable_descriptive,present,True,2,2,660,660,2,4.693774324763821,26.63218340029532,0.27782401098501003,0.25303030303030305,4.165868411587935,5.221680237939707,9400944,2
sc,02792605-4760-4023-82ad-40fc4458a5db,sc,cell,10x 5' v2,LAM-like,PBC,ETS2,50,evaluable_descriptive,present,True,2,2,660,660,2,7.454874568828037,182.00596960103763,0.7521247048298676,0.7287878787878788,7.032826506102354,7.87692263155372,9400944,2
sc,02792605-4760-4023-82ad-40fc4458a5db,sc,cell,10x 5' v2,LAM-like,PBC,PFKFB3,50,evaluable_descriptive,present,True,2,2,660,660,2,7.187858265109538,150.25137077969845,0.6274614848488,0.6166666666666667,6.794604839721476,7.581111690497601,9400944,2
sc,02792605-4760-4023-82ad-40fc4458a5db,sc,cell,10x 5' v2,LAM-like,PBC,PRKD2,50,evaluable_descriptive,present,True,2,2,660,660,2,3.037436851546052,7.5062065746770275,0.09546348212335251,0.10606060606060606,2.651262636789735,3.423611066302369,9400944,2
sc,02792605-4760-4023-82ad-40fc4458a5db,sc,cell,10x 5' v2,LAM-like,PBC,UBASH3A,50,evaluable_descriptive,present,True,2,2,660,660,1,0.5347053591749583,0.5492880050408945,0.006772009029345372,0.00909090909090909,0.0,1.0694107183499166,9400944,2
sc,02792605-4760-4023-82ad-40fc4458a5db,sc,cell,10x 5' v2,LAM-like,PSC,BCL2L11,20,evaluable_descriptive,present,True,7,8,1561,1578,7,4.302962640743485,18.738803564869993,0.16842105263157894,0.18705957719410635,2.1126861671387585,5.426082190756025,18344918,7
sc,02792605-4760-4023-82ad-40fc4458a5db,sc,cell,10x 5' v2,LAM-like,PSC,ETS2,20,evaluable_descriptive,present,True,7,8,1561,1578,7,6.764542194139538,107.72517299932444,0.5789473684210527,0.6201153106982703,5.927167490541967,8.202108885358287,18344918,7
sc,02792605-4760-4023-82ad-40fc4458a5db,sc,cell,10x 5' v2,LAM-like,PSC,PFKFB3,20,evaluable_descriptive,present,True,7,8,1561,1578,7,6.208431000567862,72.9475785164117,0.42586206896551726,0.44907110826393337,5.098014447532006,7.353152867103099,18344918,7
sc,02792605-4760-4023-82ad-40fc4458a5db,sc,cell,10x 5' v2,LAM-like,PSC,PRKD2,20,evaluable_descriptive,present,True,7,8,1561,1578,6,3.0835701176428287,7.477095955747555,0.08793103448275862,0.08456117873158232,0.0,3.7846037252739677,18344918,7
sc,02792605-4760-4023-82ad-40fc4458a5db,sc,cell,10x 5' v2,LAM-like,PSC,UBASH3A,20,evaluable_descriptive,present,True,7,8,1561,1578,5,0.6999616381282974,0.624461597016822,0.0045662100456621,0.007046764894298526,0.0,2.247247225016654,18344918,7
sc,02792605-4760-4023-82ad-40fc4458a5db,sc,cell,10x 5' v2,LAM-like,PSC,BCL2L11,50,evaluable_descriptive,present,True,6,8,1530,1578,6,4.099870400163505,16.472757733923054,0.20662431941923776,0.18758169934640523,2.1126861671387585,5.426082190756025,18078092,6
sc,02792605-4760-4023-82ad-40fc4458a5db,sc,cell,10x 5' v2,LAM-like,PSC,ETS2,50,evaluable_descriptive,present,True,6,8,1530,1578,6,6.694102774294879,102.66763101081445,0.5779352226720648,0.6202614379084967,5.927167490541967,8.202108885358287,18078092,6
sc,02792605-4760-4023-82ad-40fc4458a5db,sc,cell,10x 5' v2,LAM-like,PSC,PFKFB3,50,evaluable_descriptive,present,True,6,8,1530,1578,6,6.494689079081573,90.95806359792357,0.45503629764065334,0.4522875816993464,5.098014447532006,7.353152867103099,18078092,6
sc,02792605-4760-4023-82ad-40fc4458a5db,sc,cell,10x 5' v2,LAM-like,PSC,PRKD2,50,evaluable_descriptive,present,True,6,8,1530,1578,6,3.222878348344299,8.380038216925293,0.08808316430020284,0.08627450980392157,2.647143688821241,3.7846037252739677,18078092,6
sc,02792605-4760-4023-82ad-40fc4458a5db,sc,cell,10x 5' v2,LAM-like,PSC,UBASH3A,50,evaluable_descriptive,present,True,6,8,1530,1578,4,0.5967233286538207,0.5161515973015262,0.004007242953865533,0.006535947712418301,0.0,1.1800593448918335,18078092,6
sc,02792605-4760-4023-82ad-40fc4458a5db,sc,cell,10x 5' v2,MAST,PBC,BCL2L11,20,evaluable_descriptive,present,True,1,2,54,62,1,6.208666032922653,72.95962644671259,0.25925925925925924,0.25925925925925924,6.208666032922653,6.208666032922653,260418,1
sc,02792605-4760-4023-82ad-40fc4458a5db,sc,cell,10x 5' v2,MAST,PBC,ETS2,20,evaluable_descriptive,present,True,1,2,54,62,1,5.557035185578629,46.079764071607954,0.18518518518518517,0.18518518518518517,5.557035185578629,5.557035185578629,260418,1
sc,02792605-4760-4023-82ad-40fc4458a5db,sc,cell,10x 5' v2,MAST,PBC,PFKFB3,20,evaluable_descriptive,present,True,1,2,54,62,1,7.830095821800341,226.55884001873912,0.37037037037037035,0.37037037037037035,7.830095821800341,7.830095821800341,260418,1
sc,02792605-4760-4023-82ad-40fc4458a5db,sc,cell,10x 5' v2,MAST,PBC,PRKD2,20,evaluable_descriptive,present,True,1,2,54,62,1,4.987313712218343,30.7198427144053,0.1111111111111111,0.1111111111111111,4.987313712218343,4.987313712218343,260418,1
sc,02792605-4760-4023-82ad-40fc4458a5db,sc,cell,10x 5' v2,MAST,PBC,UBASH3A,20,evaluable_descriptive,present,True,1,2,54,62,1,4.801151534456536,26.87986237510464,0.09259259259259259,0.09259259259259259,4.801151534456536,4.801151534456536,260418,1
sc,02792605-4760-4023-82ad-40fc4458a5db,sc,cell,10x 5' v2,MAST,PBC,BCL2L11,50,evaluable_descriptive,present,True,1,2,54,62,1,6.208666032922653,72.95962644671259,0.25925925925925924,0.25925925925925924,6.208666032922653,6.208666032922653,260418,1
sc,02792605-4760-4023-82ad-40fc4458a5db,sc,cell,10x 5' v2,MAST,PBC,ETS2,50,evaluable_descriptive,present,True,1,2,54,62,1,5.557035185578629,46.079764071607954,0.18518518518518517,0.18518518518518517,5.557035185578629,5.557035185578629,260418,1
sc,02792605-4760-4023-82ad-40fc4458a5db,sc,cell,10x 5' v2,MAST,PBC,PFKFB3,50,evaluable_descriptive,present,True,1,2,54,62,1,7.830095821800341,226.55884001873912,0.37037037037037035,0.37037037037037035,7.830095821800341,7.830095821800341,260418,1
sc,02792605-4760-4023-82ad-40fc4458a5db,sc,cell,10x 5' v2,MAST,PBC,PRKD2,50,evaluable_descriptive,present,True,1,2,54,62,1,4.987313712218343,30.7198427144053,0.1111111111111111,0.1111111111111111,4.987313712218343,4.987313712218343,260418,1
sc,02792605-4760-4023-82ad-40fc4458a5db,sc,cell,10x 5' v2,MAST,PBC,UBASH3A,50,evaluable_descriptive,present,True,1,2,54,62,1,4.801151534456536,26.87986237510464,0.09259259259259259,0.09259259259259259,4.801151534456536,4.801151534456536,260418,1
sc,02792605-4760-4023-82ad-40fc4458a5db,sc,cell,10x 5' v2,MAST,PSC,BCL2L11,20,no_eligible_donors,present,True,0,6,0,54,0,,,,,,,0,0
sc,02792605-4760-4023-82ad-40fc4458a5db,sc,cell,10x 5' v2,MAST,PSC,ETS2,20,no_eligible_donors,present,True,0,6,0,54,0,,,,,,,0,0
sc,02792605-4760-4023-82ad-40fc4458a5db,sc,cell,10x 5' v2,MAST,PSC,PFKFB3,20,no_eligible_donors,present,True,0,6,0,54,0,,,,,,,0,0
sc,02792605-4760-4023-82ad-40fc4458a5db,sc,cell,10x 5' v2,MAST,PSC,PRKD2,20,no_eligible_donors,present,True,0,6,0,54,0,,,,,,,0,0
sc,02792605-4760-4023-82ad-40fc4458a5db,sc,cell,10x 5' v2,MAST,PSC,UBASH3A,20,no_eligible_donors,present,True,0,6,0,54,0,,,,,,,0,0
sc,02792605-4760-4023-82ad-40fc4458a5db,sc,cell,10x 5' v2,MAST,PSC,BCL2L11,50,no_eligible_donors,present,True,0,6,0,54,0,,,,,,,0,0
sc,02792605-4760-4023-82ad-40fc4458a5db,sc,cell,10x 5' v2,MAST,PSC,ETS2,50,no_eligible_donors,present,True,0,6,0,54,0,,,,,,,0,0
sc,02792605-4760-4023-82ad-40fc4458a5db,sc,cell,10x 5' v2,MAST,PSC,PFKFB3,50,no_eligible_donors,present,True,0,6,0,54,0,,,,,,,0,0
sc,02792605-4760-4023-82ad-40fc4458a5db,sc,cell,10x 5' v2,MAST,PSC,PRKD2,50,no_eligible_donors,present,True,0,6,0,54,0,,,,,,,0,0
sc,02792605-4760-4023-82ad-40fc4458a5db,sc,cell,10x 5' v2,MAST,PSC,UBASH3A,50,no_eligible_donors,present,True,0,6,0,54,0,,,,,,,0,0
sc,02792605-4760-4023-82ad-40fc4458a5db,sc,cell,10x 5' v2,MHCII,PBC,BCL2L11,20,evaluable_descriptive,present,True,2,2,875,875,2,5.310198781445817,41.7373244257725,0.42742841851752744,0.40914285714285714,4.74705667428916,5.873340888602474,14759608,2
sc,02792605-4760-4023-82ad-40fc4458a5db,sc,cell,10x 5' v2,MHCII,PBC,ETS2,20,evaluable_descriptive,present,True,2,2,875,875,2,8.210349444851586,298.9572062206006,0.9348140219427348,0.9314285714285714,7.98030622729184,8.440392662411332,14759608,2
sc,02792605-4760-4023-82ad-40fc4458a5db,sc,cell,10x 5' v2,MHCII,PBC,PFKFB3,20,evaluable_descriptive,present,True,2,2,875,875,2,7.0751801566182655,163.804575720139,0.6840915172598341,0.6582857142857143,6.130487948361523,8.019872364875008,14759608,2
sc,02792605-4760-4023-82ad-40fc4458a5db,sc,cell,10x 5' v2,MHCII,PBC,PRKD2,20,evaluable_descriptive,present,True,2,2,875,875,2,3.600967679709594,11.136231149080743,0.16208188386406208,0.16457142857142856,3.5724981786410446,3.6294371807781443,14759608,2
sc,02792605-4760-4023-82ad-40fc4458a5db,sc,cell,10x 5' v2,MHCII,PBC,UBASH3A,20,evaluable_descriptive,present,True,2,2,875,875,2,0.9493876425962751,0.9945426980808818,0.014945143162964945,0.016,0.5804424697874566,1.3183328154050935,14759608,2
sc,02792605-4760-4023-82ad-40fc4458a5db,sc,cell,10x 5' v2,MHCII,PBC,BCL2L11,50,evaluable_descriptive,present,True,2,2,875,875,2,5.310198781445817,41.7373244257725,0.42742841851752744,0.40914285714285714,4.74705667428916,5.873340888602474,14759608,2
sc,02792605-4760-4023-82ad-40fc4458a5db,sc,cell,10x 5' v2,MHCII,PBC,ETS2,50,evaluable_descriptive,present,True,2,2,875,875,2,8.210349444851586,298.9572062206006,0.9348140219427348,0.9314285714285714,7.98030622729184,8.440392662411332,14759608,2
sc,02792605-4760-4023-82ad-40fc4458a5db,sc,cell,10x 5' v2,MHCII,PBC,PFKFB3,50,evaluable_descriptive,present,True,2,2,875,875,2,7.0751801566182655,163.804575720139,0.6840915172598341,0.6582857142857143,6.130487948361523,8.019872364875008,14759608,2
sc,02792605-4760-4023-82ad-40fc4458a5db,sc,cell,10x 5' v2,MHCII,PBC,PRKD2,50,evaluable_descriptive,present,True,2,2,875,875,2,3.600967679709594,11.136231149080743,0.16208188386406208,0.16457142857142856,3.5724981786410446,3.6294371807781443,14759608,2
sc,02792605-4760-4023-82ad-40fc4458a5db,sc,cell,10x 5' v2,MHCII,PBC,UBASH3A,50,evaluable_descriptive,present,True,2,2,875,875,2,0.9493876425962751,0.9945426980808818,0.014945143162964945,0.016,0.5804424697874566,1.3183328154050935,14759608,2
sc,02792605-4760-4023-82ad-40fc4458a5db,sc,cell,10x 5' v2,MHCII,PSC,BCL2L11,20,evaluable_descriptive,present,True,7,8,1221,1226,7,5.1380758514894165,34.21396686923276,0.2857142857142857,0.3104013104013104,4.133674897166161,5.450072478892428,16408197,7
sc,02792605-4760-4023-82ad-40fc4458a5db,sc,cell,10x 5' v2,MHCII,PSC,ETS2,20,evaluable_descriptive,present,True,7,8,1221,1226,7,7.252668135124048,151.500285686253,0.7868852459016393,0.8435708435708436,7.079470544981721,8.51339261891132,16408197,7
sc,02792605-4760-4023-82ad-40fc4458a5db,sc,cell,10x 5' v2,MHCII,PSC,PFKFB3,20,evaluable_descriptive,present,True,7,8,1221,1226,7,6.582939266486699,94.86546404449969,0.5844827586206897,0.5421785421785422,5.18869664290625,7.255989508312537,16408197,7
sc,02792605-4760-4023-82ad-40fc4458a5db,sc,cell,10x 5' v2,MHCII,PSC,PRKD2,20,evaluable_descriptive,present,True,7,8,1221,1226,6,2.9865433377532833,6.925727345657281,0.08448275862068966,0.10974610974610975,0.0,4.129146290210747,16408197,7
sc,02792605-4760-4023-82ad-40fc4458a5db,sc,cell,10x 5' v2,MHCII,PSC,UBASH3A,20,evaluable_descriptive,present,True,7,8,1221,1226,2,0.0,0.0,0.0,0.009828009828009828,0.0,1.1141876178593928,16408197,7
sc,02792605-4760-4023-82ad-40fc4458a5db,sc,cell,10x 5' v2,MHCII,PSC,BCL2L11,50,evaluable_descriptive,present,True,3,8,1069,1226,3,5.20096428822922,35.782924619229284,0.3442622950819672,0.3208606173994387,5.1380758514894165,5.295244986650802,14697955,3
sc,02792605-4760-4023-82ad-40fc4458a5db,sc,cell,10x 5' v2,MHCII,PSC,ETS2,50,evaluable_descriptive,present,True,3,8,1069,1226,3,8.150872035460614,283.2215303357527,0.8706896551724138,0.8652946679139383,7.252668135124048,8.51339261891132,14697955,3
sc,02792605-4760-4023-82ad-40fc4458a5db,sc,cell,10x 5' v2,MHCII,PSC,PFKFB3,50,evaluable_descriptive,present,True,3,8,1069,1226,3,6.582939266486699,94.86546404449969,0.5844827586206897,0.5537885874649204,5.9312805005441005,7.255989508312537,14697955,3
sc,02792605-4760-4023-82ad-40fc4458a5db,sc,cell,10x 5' v2,MHCII,PSC,PRKD2,50,evaluable_descriptive,present,True,3,8,1069,1226,3,3.099421475155442,7.570750115745122,0.0860655737704918,0.11973807296538821,2.9865433377532833,4.129146290210747,14697955,3
sc,02792605-4760-4023-82ad-40fc4458a5db,sc,cell,10x 5' v2,MHCII,PSC,UBASH3A,50,evaluable_descriptive,present,True,3,8,1069,1226,2,0.9385301028147006,0.916574531830915,0.013793103448275862,0.011225444340505144,0.0,1.1141876178593928,14697955,3
sc,02792605-4760-4023-82ad-40fc4458a5db,sc,cell,10x 5' v2,Mac--B-Doublet,PBC,BCL2L11,20,no_eligible_donors,present,True,0,0,0,0,0,,,,,,,0,0
sc,02792605-4760-4023-82ad-40fc4458a5db,sc,cell,10x 5' v2,Mac--B-Doublet,PBC,ETS2,20,no_eligible_donors,present,True,0,0,0,0,0,,,,,,,0,0
sc,02792605-4760-4023-82ad-40fc4458a5db,sc,cell,10x 5' v2,Mac--B-Doublet,PBC,PFKFB3,20,no_eligible_donors,present,True,0,0,0,0,0,,,,,,,0,0
sc,02792605-4760-4023-82ad-40fc4458a5db,sc,cell,10x 5' v2,Mac--B-Doublet,PBC,PRKD2,20,no_eligible_donors,present,True,0,0,0,0,0,,,,,,,0,0
sc,02792605-4760-4023-82ad-40fc4458a5db,sc,cell,10x 5' v2,Mac--B-Doublet,PBC,UBASH3A,20,no_eligible_donors,present,True,0,0,0,0,0,,,,,,,0,0
sc,02792605-4760-4023-82ad-40fc4458a5db,sc,cell,10x 5' v2,Mac--B-Doublet,PBC,BCL2L11,50,no_eligible_donors,present,True,0,0,0,0,0,,,,,,,0,0
sc,02792605-4760-4023-82ad-40fc4458a5db,sc,cell,10x 5' v2,Mac--B-Doublet,PBC,ETS2,50,no_eligible_donors,present,True,0,0,0,0,0,,,,,,,0,0
sc,02792605-4760-4023-82ad-40fc4458a5db,sc,cell,10x 5' v2,Mac--B-Doublet,PBC,PFKFB3,50,no_eligible_donors,present,True,0,0,0,0,0,,,,,,,0,0
sc,02792605-4760-4023-82ad-40fc4458a5db,sc,cell,10x 5' v2,Mac--B-Doublet,PBC,PRKD2,50,no_eligible_donors,present,True,0,0,0,0,0,,,,,,,0,0
sc,02792605-4760-4023-82ad-40fc4458a5db,sc,cell,10x 5' v2,Mac--B-Doublet,PBC,UBASH3A,50,no_eligible_donors,present,True,0,0,0,0,0,,,,,,,0,0
sc,02792605-4760-4023-82ad-40fc4458a5db,sc,cell,10x 5' v2,Mac--B-Doublet,PSC,BCL2L11,20,no_eligible_donors,present,True,0,0,0,0,0,,,,,,,0,0
sc,02792605-4760-4023-82ad-40fc4458a5db,sc,cell,10x 5' v2,Mac--B-Doublet,PSC,ETS2,20,no_eligible_donors,present,True,0,0,0,0,0,,,,,,,0,0
sc,02792605-4760-4023-82ad-40fc4458a5db,sc,cell,10x 5' v2,Mac--B-Doublet,PSC,PFKFB3,20,no_eligible_donors,present,True,0,0,0,0,0,,,,,,,0,0
sc,02792605-4760-4023-82ad-40fc4458a5db,sc,cell,10x 5' v2,Mac--B-Doublet,PSC,PRKD2,20,no_eligible_donors,present,True,0,0,0,0,0,,,,,,,0,0
sc,02792605-4760-4023-82ad-40fc4458a5db,sc,cell,10x 5' v2,Mac--B-Doublet,PSC,UBASH3A,20,no_eligible_donors,present,True,0,0,0,0,0,,,,,,,0,0
sc,02792605-4760-4023-82ad-40fc4458a5db,sc,cell,10x 5' v2,Mac--B-Doublet,PSC,BCL2L11,50,no_eligible_donors,present,True,0,0,0,0,0,,,,,,,0,0
sc,02792605-4760-4023-82ad-40fc4458a5db,sc,cell,10x 5' v2,Mac--B-Doublet,PSC,ETS2,50,no_eligible_donors,present,True,0,0,0,0,0,,,,,,,0,0
sc,02792605-4760-4023-82ad-40fc4458a5db,sc,cell,10x 5' v2,Mac--B-Doublet,PSC,PFKFB3,50,no_eligible_donors,present,True,0,0,0,0,0,,,,,,,0,0
sc,02792605-4760-4023-82ad-40fc4458a5db,sc,cell,10x 5' v2,Mac--B-Doublet,PSC,PRKD2,50,no_eligible_donors,present,True,0,0,0,0,0,,,,,,,0,0
sc,02792605-4760-4023-82ad-40fc4458a5db,sc,cell,10x 5' v2,Mac--B-Doublet,PSC,UBASH3A,50,no_eligible_donors,present,True,0,0,0,0,0,,,,,,,0,0
sc,02792605-4760-4023-82ad-40fc4458a5db,sc,cell,10x 5' v2,Mac--Fibro-Doublet,PBC,BCL2L11,20,no_eligible_donors,present,True,0,0,0,0,0,,,,,,,0,0
sc,02792605-4760-4023-82ad-40fc4458a5db,sc,cell,10x 5' v2,Mac--Fibro-Doublet,PBC,ETS2,20,no_eligible_donors,present,True,0,0,0,0,0,,,,,,,0,0
sc,02792605-4760-4023-82ad-40fc4458a5db,sc,cell,10x 5' v2,Mac--Fibro-Doublet,PBC,PFKFB3,20,no_eligible_donors,present,True,0,0,0,0,0,,,,,,,0,0
sc,02792605-4760-4023-82ad-40fc4458a5db,sc,cell,10x 5' v2,Mac--Fibro-Doublet,PBC,PRKD2,20,no_eligible_donors,present,True,0,0,0,0,0,,,,,,,0,0
sc,02792605-4760-4023-82ad-40fc4458a5db,sc,cell,10x 5' v2,Mac--Fibro-Doublet,PBC,UBASH3A,20,no_eligible_donors,present,True,0,0,0,0,0,,,,,,,0,0
sc,02792605-4760-4023-82ad-40fc4458a5db,sc,cell,10x 5' v2,Mac--Fibro-Doublet,PBC,BCL2L11,50,no_eligible_donors,present,True,0,0,0,0,0,,,,,,,0,0
sc,02792605-4760-4023-82ad-40fc4458a5db,sc,cell,10x 5' v2,Mac--Fibro-Doublet,PBC,ETS2,50,no_eligible_donors,present,True,0,0,0,0,0,,,,,,,0,0
sc,02792605-4760-4023-82ad-40fc4458a5db,sc,cell,10x 5' v2,Mac--Fibro-Doublet,PBC,PFKFB3,50,no_eligible_donors,present,True,0,0,0,0,0,,,,,,,0,0
sc,02792605-4760-4023-82ad-40fc4458a5db,sc,cell,10x 5' v2,Mac--Fibro-Doublet,PBC,PRKD2,50,no_eligible_donors,present,True,0,0,0,0,0,,,,,,,0,0
sc,02792605-4760-4023-82ad-40fc4458a5db,sc,cell,10x 5' v2,Mac--Fibro-Doublet,PBC,UBASH3A,50,no_eligible_donors,present,True,0,0,0,0,0,,,,,,,0,0
sc,02792605-4760-4023-82ad-40fc4458a5db,sc,cell,10x 5' v2,Mac--Fibro-Doublet,PSC,BCL2L11,20,no_eligible_donors,present,True,0,0,0,0,0,,,,,,,0,0
sc,02792605-4760-4023-82ad-40fc4458a5db,sc,cell,10x 5' v2,Mac--Fibro-Doublet,PSC,ETS2,20,no_eligible_donors,present,True,0,0,0,0,0,,,,,,,0,0
sc,02792605-4760-4023-82ad-40fc4458a5db,sc,cell,10x 5' v2,Mac--Fibro-Doublet,PSC,PFKFB3,20,no_eligible_donors,present,True,0,0,0,0,0,,,,,,,0,0
sc,02792605-4760-4023-82ad-40fc4458a5db,sc,cell,10x 5' v2,Mac--Fibro-Doublet,PSC,PRKD2,20,no_eligible_donors,present,True,0,0,0,0,0,,,,,,,0,0
sc,02792605-4760-4023-82ad-40fc4458a5db,sc,cell,10x 5' v2,Mac--Fibro-Doublet,PSC,UBASH3A,20,no_eligible_donors,present,True,0,0,0,0,0,,,,,,,0,0
sc,02792605-4760-4023-82ad-40fc4458a5db,sc,cell,10x 5' v2,Mac--Fibro-Doublet,PSC,BCL2L11,50,no_eligible_donors,present,True,0,0,0,0,0,,,,,,,0,0
sc,02792605-4760-4023-82ad-40fc4458a5db,sc,cell,10x 5' v2,Mac--Fibro-Doublet,PSC,ETS2,50,no_eligible_donors,present,True,0,0,0,0,0,,,,,,,0,0
sc,02792605-4760-4023-82ad-40fc4458a5db,sc,cell,10x 5' v2,Mac--Fibro-Doublet,PSC,PFKFB3,50,no_eligible_donors,present,True,0,0,0,0,0,,,,,,,0,0
sc,02792605-4760-4023-82ad-40fc4458a5db,sc,cell,10x 5' v2,Mac--Fibro-Doublet,PSC,PRKD2,50,no_eligible_donors,present,True,0,0,0,0,0,,,,,,,0,0
sc,02792605-4760-4023-82ad-40fc4458a5db,sc,cell,10x 5' v2,Mac--Fibro-Doublet,PSC,UBASH3A,50,no_eligible_donors,present,True,0,0,0,0,0,,,,,,,0,0
sc,02792605-4760-4023-82ad-40fc4458a5db,sc,cell,10x 5' v2,MatB,PBC,BCL2L11,20,evaluable_descriptive,present,True,2,2,659,659,2,6.095403527598243,67.38775680791238,0.27941076178135443,0.2746585735963581,6.067874419572398,6.122932635624089,3769698,2
sc,02792605-4760-4023-82ad-40fc4458a5db,sc,cell,10x 5' v2,MatB,PBC,ETS2,20,evaluable_descriptive,present,True,2,2,659,659,2,3.363507581812528,9.706188045790814,0.045426129259587625,0.03945371775417299,2.955774859188931,3.771240304436125,3769698,2
sc,02792605-4760-4023-82ad-40fc4458a5db,sc,cell,10x 5' v2,MatB,PBC,PFKFB3,20,evaluable_descriptive,present,True,2,2,659,659,2,3.8706874685402033,16.22086955406209,0.08623178521903202,0.06525037936267071,3.0239571493834725,4.7174177876969345,3769698,2
sc,02792605-4760-4023-82ad-40fc4458a5db,sc,cell,10x 5' v2,MatB,PBC,PRKD2,20,evaluable_descriptive,present,True,2,2,659,659,2,6.426117693271723,86.70244129845042,0.371411034576826,0.3505311077389985,6.1387776375873955,6.713457748956051,3769698,2
sc,02792605-4760-4023-82ad-40fc4458a5db,sc,cell,10x 5' v2,MatB,PBC,UBASH3A,20,evaluable_descriptive,present,True,2,2,659,659,1,0.5442112785729779,0.5632070360328597,0.003171247357293869,0.004552352048558422,0.0,1.0884225571459558,3769698,2
sc,02792605-4760-4023-82ad-40fc4458a5db,sc,cell,10x 5' v2,MatB,PBC,BCL2L11,50,evaluable_descriptive,present,True,2,2,659,659,2,6.095403527598243,67.38775680791238,0.27941076178135443,0.2746585735963581,6.067874419572398,6.122932635624089,3769698,2
sc,02792605-4760-4023-82ad-40fc4458a5db,sc,cell,10x 5' v2,MatB,PBC,ETS2,50,evaluable_descriptive,present,True,2,2,659,659,2,3.363507581812528,9.706188045790814,0.045426129259587625,0.03945371775417299,2.955774859188931,3.771240304436125,3769698,2
sc,02792605-4760-4023-82ad-40fc4458a5db,sc,cell,10x 5' v2,MatB,PBC,PFKFB3,50,evaluable_descriptive,present,True,2,2,659,659,2,3.8706874685402033,16.22086955406209,0.08623178521903202,0.06525037936267071,3.0239571493834725,4.7174177876969345,3769698,2
sc,02792605-4760-4023-82ad-40fc4458a5db,sc,cell,10x 5' v2,MatB,PBC,PRKD2,50,evaluable_descriptive,present,True,2,2,659,659,2,6.426117693271723,86.70244129845042,0.371411034576826,0.3505311077389985,6.1387776375873955,6.713457748956051,3769698,2
sc,02792605-4760-4023-82ad-40fc4458a5db,sc,cell,10x 5' v2,MatB,PBC,UBASH3A,50,evaluable_descriptive,present,True,2,2,659,659,1,0.5442112785729779,0.5632070360328597,0.003171247357293869,0.004552352048558422,0.0,1.0884225571459558,3769698,2
sc,02792605-4760-4023-82ad-40fc4458a5db,sc,cell,10x 5' v2,MatB,PSC,BCL2L11,20,evaluable_descriptive,present,True,4,8,3439,3498,4,5.541867785617013,45.703391105292226,0.18976320927010515,0.12183774353009595,3.9883766988297387,5.750883831679832,16615546,4
sc,02792605-4760-4023-82ad-40fc4458a5db,sc,cell,10x 5' v2,MatB,PSC,ETS2,20,evaluable_descriptive,present,True,4,8,3439,3498,4,3.1759492170734065,8.797135512254144,0.04663881037237311,0.0439081128234952,2.2586699916142323,4.528974998802925,16615546,4
sc,02792605-4760-4023-82ad-40fc4458a5db,sc,cell,10x 5' v2,MatB,PSC,PFKFB3,20,evaluable_descriptive,present,True,4,8,3439,3498,4,3.608334464761945,11.43931561770408,0.05982969420528461,0.03692933992439663,2.413130151730834,4.38280639639836,16615546,4
sc,02792605-4760-4023-82ad-40fc4458a5db,sc,cell,10x 5' v2,MatB,PSC,PRKD2,20,evaluable_descriptive,present,True,4,8,3439,3498,4,5.870294043094879,59.03283710036736,0.2833594234973415,0.19802268101192208,5.109725106190846,6.293919386930909,16615546,4
sc,02792605-4760-4023-82ad-40fc4458a5db,sc,cell,10x 5' v2,MatB,PSC,UBASH3A,20,evaluable_descriptive,present,True,4,8,3439,3498,2,0.33286290649091166,0.2931830828670256,0.0015991471215351812,0.0011631288165164292,0.0,0.7329785974716654,16615546,4
sc,02792605-4760-4023-82ad-40fc4458a5db,sc,cell,10x 5' v2,MatB,PSC,BCL2L11,50,evaluable_descriptive,present,True,4,8,3439,3498,4,5.541867785617013,45.703391105292226,0.18976320927010515,0.12183774353009595,3.9883766988297387,5.750883831679832,16615546,4
sc,02792605-4760-4023-82ad-40fc4458a5db,sc,cell,10x 5' v2,MatB,PSC,ETS2,50,evaluable_descriptive,present,True,4,8,3439,3498,4,3.1759492170734065,8.797135512254144,0.04663881037237311,0.0439081128234952,2.2586699916142323,4.528974998802925,16615546,4
sc,02792605-4760-4023-82ad-40fc4458a5db,sc,cell,10x 5' v2,MatB,PSC,PFKFB3,50,evaluable_descriptive,present,True,4,8,3439,3498,4,3.608334464761945,11.43931561770408,0.05982969420528461,0.03692933992439663,2.413130151730834,4.38280639639836,16615546,4
sc,02792605-4760-4023-82ad-40fc4458a5db,sc,cell,10x 5' v2,MatB,PSC,PRKD2,50,evaluable_descriptive,present,True,4,8,3439,3498,4,5.870294043094879,59.03283710036736,0.2833594234973415,0.19802268101192208,5.109725106190846,6.293919386930909,16615546,4
sc,02792605-4760-4023-82ad-40fc4458a5db,sc,cell,10x 5' v2,MatB,PSC,UBASH3A,50,evaluable_descriptive,present,True,4,8,3439,3498,2,0.33286290649091166,0.2931830828670256,0.0015991471215351812,0.0011631288165164292,0.0,0.7329785974716654,16615546,4
sc,02792605-4760-4023-82ad-40fc4458a5db,sc,cell,10x 5' v2,MatB--CD4T-Doublet,PBC,BCL2L11,20,no_eligible_donors,present,True,0,0,0,0,0,,,,,,,0,0
sc,02792605-4760-4023-82ad-40fc4458a5db,sc,cell,10x 5' v2,MatB--CD4T-Doublet,PBC,ETS2,20,no_eligible_donors,present,True,0,0,0,0,0,,,,,,,0,0
sc,02792605-4760-4023-82ad-40fc4458a5db,sc,cell,10x 5' v2,MatB--CD4T-Doublet,PBC,PFKFB3,20,no_eligible_donors,present,True,0,0,0,0,0,,,,,,,0,0
sc,02792605-4760-4023-82ad-40fc4458a5db,sc,cell,10x 5' v2,MatB--CD4T-Doublet,PBC,PRKD2,20,no_eligible_donors,present,True,0,0,0,0,0,,,,,,,0,0
sc,02792605-4760-4023-82ad-40fc4458a5db,sc,cell,10x 5' v2,MatB--CD4T-Doublet,PBC,UBASH3A,20,no_eligible_donors,present,True,0,0,0,0,0,,,,,,,0,0
sc,02792605-4760-4023-82ad-40fc4458a5db,sc,cell,10x 5' v2,MatB--CD4T-Doublet,PBC,BCL2L11,50,no_eligible_donors,present,True,0,0,0,0,0,,,,,,,0,0
sc,02792605-4760-4023-82ad-40fc4458a5db,sc,cell,10x 5' v2,MatB--CD4T-Doublet,PBC,ETS2,50,no_eligible_donors,present,True,0,0,0,0,0,,,,,,,0,0
sc,02792605-4760-4023-82ad-40fc4458a5db,sc,cell,10x 5' v2,MatB--CD4T-Doublet,PBC,PFKFB3,50,no_eligible_donors,present,True,0,0,0,0,0,,,,,,,0,0
sc,02792605-4760-4023-82ad-40fc4458a5db,sc,cell,10x 5' v2,MatB--CD4T-Doublet,PBC,PRKD2,50,no_eligible_donors,present,True,0,0,0,0,0,,,,,,,0,0
sc,02792605-4760-4023-82ad-40fc4458a5db,sc,cell,10x 5' v2,MatB--CD4T-Doublet,PBC,UBASH3A,50,no_eligible_donors,present,True,0,0,0,0,0,,,,,,,0,0
sc,02792605-4760-4023-82ad-40fc4458a5db,sc,cell,10x 5' v2,MatB--CD4T-Doublet,PSC,BCL2L11,20,no_eligible_donors,present,True,0,0,0,0,0,,,,,,,0,0
sc,02792605-4760-4023-82ad-40fc4458a5db,sc,cell,10x 5' v2,MatB--CD4T-Doublet,PSC,ETS2,20,no_eligible_donors,present,True,0,0,0,0,0,,,,,,,0,0
sc,02792605-4760-4023-82ad-40fc4458a5db,sc,cell,10x 5' v2,MatB--CD4T-Doublet,PSC,PFKFB3,20,no_eligible_donors,present,True,0,0,0,0,0,,,,,,,0,0
sc,02792605-4760-4023-82ad-40fc4458a5db,sc,cell,10x 5' v2,MatB--CD4T-Doublet,PSC,PRKD2,20,no_eligible_donors,present,True,0,0,0,0,0,,,,,,,0,0
sc,02792605-4760-4023-82ad-40fc4458a5db,sc,cell,10x 5' v2,MatB--CD4T-Doublet,PSC,UBASH3A,20,no_eligible_donors,present,True,0,0,0,0,0,,,,,,,0,0
sc,02792605-4760-4023-82ad-40fc4458a5db,sc,cell,10x 5' v2,MatB--CD4T-Doublet,PSC,BCL2L11,50,no_eligible_donors,present,True,0,0,0,0,0,,,,,,,0,0
sc,02792605-4760-4023-82ad-40fc4458a5db,sc,cell,10x 5' v2,MatB--CD4T-Doublet,PSC,ETS2,50,no_eligible_donors,present,True,0,0,0,0,0,,,,,,,0,0
sc,02792605-4760-4023-82ad-40fc4458a5db,sc,cell,10x 5' v2,MatB--CD4T-Doublet,PSC,PFKFB3,50,no_eligible_donors,present,True,0,0,0,0,0,,,,,,,0,0
sc,02792605-4760-4023-82ad-40fc4458a5db,sc,cell,10x 5' v2,MatB--CD4T-Doublet,PSC,PRKD2,50,no_eligible_donors,present,True,0,0,0,0,0,,,,,,,0,0
sc,02792605-4760-4023-82ad-40fc4458a5db,sc,cell,10x 5' v2,MatB--CD4T-Doublet,PSC,UBASH3A,50,no_eligible_donors,present,True,0,0,0,0,0,,,,,,,0,0
sc,02792605-4760-4023-82ad-40fc4458a5db,sc,cell,10x 5' v2,MatB--RBC,PBC,BCL2L11,20,no_eligible_donors,present,True,0,0,0,0,0,,,,,,,0,0
sc,02792605-4760-4023-82ad-40fc4458a5db,sc,cell,10x 5' v2,MatB--RBC,PBC,ETS2,20,no_eligible_donors,present,True,0,0,0,0,0,,,,,,,0,0
sc,02792605-4760-4023-82ad-40fc4458a5db,sc,cell,10x 5' v2,MatB--RBC,PBC,PFKFB3,20,no_eligible_donors,present,True,0,0,0,0,0,,,,,,,0,0
sc,02792605-4760-4023-82ad-40fc4458a5db,sc,cell,10x 5' v2,MatB--RBC,PBC,PRKD2,20,no_eligible_donors,present,True,0,0,0,0,0,,,,,,,0,0
sc,02792605-4760-4023-82ad-40fc4458a5db,sc,cell,10x 5' v2,MatB--RBC,PBC,UBASH3A,20,no_eligible_donors,present,True,0,0,0,0,0,,,,,,,0,0
sc,02792605-4760-4023-82ad-40fc4458a5db,sc,cell,10x 5' v2,MatB--RBC,PBC,BCL2L11,50,no_eligible_donors,present,True,0,0,0,0,0,,,,,,,0,0
sc,02792605-4760-4023-82ad-40fc4458a5db,sc,cell,10x 5' v2,MatB--RBC,PBC,ETS2,50,no_eligible_donors,present,True,0,0,0,0,0,,,,,,,0,0
sc,02792605-4760-4023-82ad-40fc4458a5db,sc,cell,10x 5' v2,MatB--RBC,PBC,PFKFB3,50,no_eligible_donors,present,True,0,0,0,0,0,,,,,,,0,0
sc,02792605-4760-4023-82ad-40fc4458a5db,sc,cell,10x 5' v2,MatB--RBC,PBC,PRKD2,50,no_eligible_donors,present,True,0,0,0,0,0,,,,,,,0,0
sc,02792605-4760-4023-82ad-40fc4458a5db,sc,cell,10x 5' v2,MatB--RBC,PBC,UBASH3A,50,no_eligible_donors,present,True,0,0,0,0,0,,,,,,,0,0
sc,02792605-4760-4023-82ad-40fc4458a5db,sc,cell,10x 5' v2,MatB--RBC,PSC,BCL2L11,20,no_eligible_donors,present,True,0,0,0,0,0,,,,,,,0,0
sc,02792605-4760-4023-82ad-40fc4458a5db,sc,cell,10x 5' v2,MatB--RBC,PSC,ETS2,20,no_eligible_donors,present,True,0,0,0,0,0,,,,,,,0,0
sc,02792605-4760-4023-82ad-40fc4458a5db,sc,cell,10x 5' v2,MatB--RBC,PSC,PFKFB3,20,no_eligible_donors,present,True,0,0,0,0,0,,,,,,,0,0
sc,02792605-4760-4023-82ad-40fc4458a5db,sc,cell,10x 5' v2,MatB--RBC,PSC,PRKD2,20,no_eligible_donors,present,True,0,0,0,0,0,,,,,,,0,0
sc,02792605-4760-4023-82ad-40fc4458a5db,sc,cell,10x 5' v2,MatB--RBC,PSC,UBASH3A,20,no_eligible_donors,present,True,0,0,0,0,0,,,,,,,0,0
sc,02792605-4760-4023-82ad-40fc4458a5db,sc,cell,10x 5' v2,MatB--RBC,PSC,BCL2L11,50,no_eligible_donors,present,True,0,0,0,0,0,,,,,,,0,0
sc,02792605-4760-4023-82ad-40fc4458a5db,sc,cell,10x 5' v2,MatB--RBC,PSC,ETS2,50,no_eligible_donors,present,True,0,0,0,0,0,,,,,,,0,0
sc,02792605-4760-4023-82ad-40fc4458a5db,sc,cell,10x 5' v2,MatB--RBC,PSC,PFKFB3,50,no_eligible_donors,present,True,0,0,0,0,0,,,,,,,0,0
sc,02792605-4760-4023-82ad-40fc4458a5db,sc,cell,10x 5' v2,MatB--RBC,PSC,PRKD2,50,no_eligible_donors,present,True,0,0,0,0,0,,,,,,,0,0
sc,02792605-4760-4023-82ad-40fc4458a5db,sc,cell,10x 5' v2,MatB--RBC,PSC,UBASH3A,50,no_eligible_donors,present,True,0,0,0,0,0,,,,,,,0,0
sc,02792605-4760-4023-82ad-40fc4458a5db,sc,cell,10x 5' v2,Monocyte,PBC,BCL2L11,20,evaluable_descriptive,present,True,2,2,1239,1239,2,5.396673038642855,43.08167539377039,0.3367584884850713,0.3301049233252623,4.958866504609238,5.8344795726764715,12803790,2
sc,02792605-4760-4023-82ad-40fc4458a5db,sc,cell,10x 5' v2,Monocyte,PBC,ETS2,20,evaluable_descriptive,present,True,2,2,1239,1239,2,8.217813574554345,297.724195613893,0.8277146083348652,0.8248587570621468,8.099368492501123,8.336258656607566,12803790,2
sc,02792605-4760-4023-82ad-40fc4458a5db,sc,cell,10x 5' v2,Monocyte,PBC,PFKFB3,20,evaluable_descriptive,present,True,2,2,1239,1239,2,7.130957955091054,148.51330057545897,0.5737099866074945,0.5617433414043583,6.606863775585551,7.655052134596556,12803790,2
sc,02792605-4760-4023-82ad-40fc4458a5db,sc,cell,10x 5' v2,Monocyte,PBC,PRKD2,20,evaluable_descriptive,present,True,2,2,1239,1239,2,3.935791745845778,14.362793506037708,0.1367033428743993,0.13720742534301855,3.8088573435306,4.062726148160956,12803790,2
sc,02792605-4760-4023-82ad-40fc4458a5db,sc,cell,10x 5' v2,Monocyte,PBC,UBASH3A,20,evaluable_descriptive,present,True,2,2,1239,1239,2,0.6212774912825134,0.597338050275411,0.006077834090491321,0.00645682001614205,0.22262366496520677,1.0199313175998201,12803790,2
sc,02792605-4760-4023-82ad-40fc4458a5db,sc,cell,10x 5' v2,Monocyte,PBC,BCL2L11,50,evaluable_descriptive,present,True,2,2,1239,1239,2,5.396673038642855,43.08167539377039,0.3367584884850713,0.3301049233252623,4.958866504609238,5.8344795726764715,12803790,2
sc,02792605-4760-4023-82ad-40fc4458a5db,sc,cell,10x 5' v2,Monocyte,PBC,ETS2,50,evaluable_descriptive,present,True,2,2,1239,1239,2,8.217813574554345,297.724195613893,0.8277146083348652,0.8248587570621468,8.099368492501123,8.336258656607566,12803790,2
sc,02792605-4760-4023-82ad-40fc4458a5db,sc,cell,10x 5' v2,Monocyte,PBC,PFKFB3,50,evaluable_descriptive,present,True,2,2,1239,1239,2,7.130957955091054,148.51330057545897,0.5737099866074945,0.5617433414043583,6.606863775585551,7.655052134596556,12803790,2
sc,02792605-4760-4023-82ad-40fc4458a5db,sc,cell,10x 5' v2,Monocyte,PBC,PRKD2,50,evaluable_descriptive,present,True,2,2,1239,1239,2,3.935791745845778,14.362793506037708,0.1367033428743993,0.13720742534301855,3.8088573435306,4.062726148160956,12803790,2
sc,02792605-4760-4023-82ad-40fc4458a5db,sc,cell,10x 5' v2,Monocyte,PBC,UBASH3A,50,evaluable_descriptive,present,True,2,2,1239,1239,2,0.6212774912825134,0.597338050275411,0.006077834090491321,0.00645682001614205,0.22262366496520677,1.0199313175998201,12803790,2
sc,02792605-4760-4023-82ad-40fc4458a5db,sc,cell,10x 5' v2,Monocyte,PSC,BCL2L11,20,evaluable_descriptive,present,True,8,8,5166,5166,8,4.7713954450582,26.97059129956407,0.13863607393244104,0.16395663956639567,3.4481581973552236,5.418121421547403,40131889,8
sc,02792605-4760-4023-82ad-40fc4458a5db,sc,cell,10x 5' v2,Monocyte,PSC,ETS2,20,evaluable_descriptive,present,True,8,8,5166,5166,8,7.3394172125033394,161.55307064340872,0.5807800899299382,0.7260936895083236,6.430681073292147,8.621860822131138,40131889,8
sc,02792605-4760-4023-82ad-40fc4458a5db,sc,cell,10x 5' v2,Monocyte,PSC,PFKFB3,20,evaluable_descriptive,present,True,8,8,5166,5166,8,6.13462506298869,70.92955240535167,0.29768115942028983,0.43902439024390244,4.175623084464578,7.45935829294091,40131889,8
sc,02792605-4760-4023-82ad-40fc4458a5db,sc,cell,10x 5' v2,Monocyte,PSC,PRKD2,20,evaluable_descriptive,present,True,8,8,5166,5166,8,3.620845698701979,11.302357619876739,0.07716585871461588,0.09736740224545103,2.832484747217315,4.566483257473028,40131889,8
sc,02792605-4760-4023-82ad-40fc4458a5db,sc,cell,10x 5' v2,Monocyte,PSC,UBASH3A,20,evaluable_descriptive,present,True,8,8,5166,5166,3,0.0,0.0,0.0,0.004839334107626791,0.0,1.7924304075763116,40131889,8
sc,02792605-4760-4023-82ad-40fc4458a5db,sc,cell,10x 5' v2,Monocyte,PSC,BCL2L11,50,evaluable_descriptive,present,True,7,8,5141,5166,7,4.454889419519,20.93084384790057,0.11727214786488209,0.1639758801789535,3.4481581973552236,5.418121421547403,39981319,7
sc,02792605-4760-4023-82ad-40fc4458a5db,sc,cell,10x 5' v2,Monocyte,PSC,ETS2,50,evaluable_descriptive,present,True,7,8,5141,5166,7,7.2150978269043815,147.58017568990667,0.589041095890411,0.7272904104259872,6.430681073292147,8.621860822131138,39981319,7
sc,02792605-4760-4023-82ad-40fc4458a5db,sc,cell,10x 5' v2,Monocyte,PSC,PFKFB3,50,evaluable_descriptive,present,True,7,8,5141,5166,7,5.820702954901362,55.52052474827391,0.2753623188405797,0.4396031900408481,4.175623084464578,7.45935829294091,39981319,7
sc,02792605-4760-4023-82ad-40fc4458a5db,sc,cell,10x 5' v2,Monocyte,PSC,PRKD2,50,evaluable_descriptive,present,True,7,8,5141,5166,7,3.6278937248629815,11.362458088860311,0.07912457912457913,0.09764637230110873,2.832484747217315,4.566483257473028,39981319,7
sc,02792605-4760-4023-82ad-40fc4458a5db,sc,cell,10x 5' v2,Monocyte,PSC,UBASH3A,50,evaluable_descriptive,present,True,7,8,5141,5166,3,0.0,0.0,0.0,0.004862867146469559,0.0,1.7924304075763116,39981319,7
sc,02792605-4760-4023-82ad-40fc4458a5db,sc,cell,10x 5' v2,NKT,PSC,BCL2L11,20,evaluable_descriptive,present,True,1,1,23,23,1,8.19923819866184,292.9115407147042,0.5217391304347826,0.5217391304347826,8.19923819866184,8.19923819866184,105834,1
sc,02792605-4760-4023-82ad-40fc4458a5db,sc,cell,10x 5' v2,NKT,PSC,ETS2,20,evaluable_descriptive,present,True,1,1,23,23,0,0.0,0.0,0.0,0.0,0.0,0.0,105834,1
sc,02792605-4760-4023-82ad-40fc4458a5db,sc,cell,10x 5' v2,NKT,PSC,PFKFB3,20,evaluable_descriptive,present,True,1,1,23,23,1,5.592271549763125,47.24379688946841,0.17391304347826086,0.17391304347826086,5.592271549763125,5.592271549763125,105834,1
sc,02792605-4760-4023-82ad-40fc4458a5db,sc,cell,10x 5' v2,NKT,PSC,PRKD2,20,evaluable_descriptive,present,True,1,1,23,23,1,5.592271549763125,47.24379688946841,0.17391304347826086,0.17391304347826086,5.592271549763125,5.592271549763125,105834,1
sc,02792605-4760-4023-82ad-40fc4458a5db,sc,cell,10x 5' v2,NKT,PSC,UBASH3A,20,evaluable_descriptive,present,True,1,1,23,23,1,3.38525975053194,9.448759377893683,0.043478260869565216,0.043478260869565216,3.38525975053194,3.38525975053194,105834,1
sc,02792605-4760-4023-82ad-40fc4458a5db,sc,cell,10x 5' v2,NKT,PSC,BCL2L11,50,no_eligible_donors,present,True,0,1,0,23,0,,,,,,,0,0
sc,02792605-4760-4023-82ad-40fc4458a5db,sc,cell,10x 5' v2,NKT,PSC,ETS2,50,no_eligible_donors,present,True,0,1,0,23,0,,,,,,,0,0
sc,02792605-4760-4023-82ad-40fc4458a5db,sc,cell,10x 5' v2,NKT,PSC,PFKFB3,50,no_eligible_donors,present,True,0,1,0,23,0,,,,,,,0,0
sc,02792605-4760-4023-82ad-40fc4458a5db,sc,cell,10x 5' v2,NKT,PSC,PRKD2,50,no_eligible_donors,present,True,0,1,0,23,0,,,,,,,0,0
sc,02792605-4760-4023-82ad-40fc4458a5db,sc,cell,10x 5' v2,NKT,PSC,UBASH3A,50,no_eligible_donors,present,True,0,1,0,23,0,,,,,,,0,0
sc,02792605-4760-4023-82ad-40fc4458a5db,sc,cell,10x 5' v2,NKT--Mac-Doublet,PBC,BCL2L11,20,no_eligible_donors,present,True,0,0,0,0,0,,,,,,,0,0
sc,02792605-4760-4023-82ad-40fc4458a5db,sc,cell,10x 5' v2,NKT--Mac-Doublet,PBC,ETS2,20,no_eligible_donors,present,True,0,0,0,0,0,,,,,,,0,0
sc,02792605-4760-4023-82ad-40fc4458a5db,sc,cell,10x 5' v2,NKT--Mac-Doublet,PBC,PFKFB3,20,no_eligible_donors,present,True,0,0,0,0,0,,,,,,,0,0
sc,02792605-4760-4023-82ad-40fc4458a5db,sc,cell,10x 5' v2,NKT--Mac-Doublet,PBC,PRKD2,20,no_eligible_donors,present,True,0,0,0,0,0,,,,,,,0,0
sc,02792605-4760-4023-82ad-40fc4458a5db,sc,cell,10x 5' v2,NKT--Mac-Doublet,PBC,UBASH3A,20,no_eligible_donors,present,True,0,0,0,0,0,,,,,,,0,0
sc,02792605-4760-4023-82ad-40fc4458a5db,sc,cell,10x 5' v2,NKT--Mac-Doublet,PBC,BCL2L11,50,no_eligible_donors,present,True,0,0,0,0,0,,,,,,,0,0
sc,02792605-4760-4023-82ad-40fc4458a5db,sc,cell,10x 5' v2,NKT--Mac-Doublet,PBC,ETS2,50,no_eligible_donors,present,True,0,0,0,0,0,,,,,,,0,0
sc,02792605-4760-4023-82ad-40fc4458a5db,sc,cell,10x 5' v2,NKT--Mac-Doublet,PBC,PFKFB3,50,no_eligible_donors,present,True,0,0,0,0,0,,,,,,,0,0
sc,02792605-4760-4023-82ad-40fc4458a5db,sc,cell,10x 5' v2,NKT--Mac-Doublet,PBC,PRKD2,50,no_eligible_donors,present,True,0,0,0,0,0,,,,,,,0,0
sc,02792605-4760-4023-82ad-40fc4458a5db,sc,cell,10x 5' v2,NKT--Mac-Doublet,PBC,UBASH3A,50,no_eligible_donors,present,True,0,0,0,0,0,,,,,,,0,0
sc,02792605-4760-4023-82ad-40fc4458a5db,sc,cell,10x 5' v2,NKT--Mac-Doublet,PSC,BCL2L11,20,no_eligible_donors,present,True,0,0,0,0,0,,,,,,,0,0
sc,02792605-4760-4023-82ad-40fc4458a5db,sc,cell,10x 5' v2,NKT--Mac-Doublet,PSC,ETS2,20,no_eligible_donors,present,True,0,0,0,0,0,,,,,,,0,0
sc,02792605-4760-4023-82ad-40fc4458a5db,sc,cell,10x 5' v2,NKT--Mac-Doublet,PSC,PFKFB3,20,no_eligible_donors,present,True,0,0,0,0,0,,,,,,,0,0
sc,02792605-4760-4023-82ad-40fc4458a5db,sc,cell,10x 5' v2,NKT--Mac-Doublet,PSC,PRKD2,20,no_eligible_donors,present,True,0,0,0,0,0,,,,,,,0,0
sc,02792605-4760-4023-82ad-40fc4458a5db,sc,cell,10x 5' v2,NKT--Mac-Doublet,PSC,UBASH3A,20,no_eligible_donors,present,True,0,0,0,0,0,,,,,,,0,0
sc,02792605-4760-4023-82ad-40fc4458a5db,sc,cell,10x 5' v2,NKT--Mac-Doublet,PSC,BCL2L11,50,no_eligible_donors,present,True,0,0,0,0,0,,,,,,,0,0
sc,02792605-4760-4023-82ad-40fc4458a5db,sc,cell,10x 5' v2,NKT--Mac-Doublet,PSC,ETS2,50,no_eligible_donors,present,True,0,0,0,0,0,,,,,,,0,0
sc,02792605-4760-4023-82ad-40fc4458a5db,sc,cell,10x 5' v2,NKT--Mac-Doublet,PSC,PFKFB3,50,no_eligible_donors,present,True,0,0,0,0,0,,,,,,,0,0
sc,02792605-4760-4023-82ad-40fc4458a5db,sc,cell,10x 5' v2,NKT--Mac-Doublet,PSC,PRKD2,50,no_eligible_donors,present,True,0,0,0,0,0,,,,,,,0,0
sc,02792605-4760-4023-82ad-40fc4458a5db,sc,cell,10x 5' v2,NKT--Mac-Doublet,PSC,UBASH3A,50,no_eligible_donors,present,True,0,0,0,0,0,,,,,,,0,0
sc,02792605-4760-4023-82ad-40fc4458a5db,sc,cell,10x 5' v2,Neutrophil,PBC,BCL2L11,20,evaluable_descriptive,present,True,2,2,224,224,2,4.401009338909169,20.739595416360327,0.09931778518165953,0.0625,4.054392924767716,4.747625753050624,1013767,2
sc,02792605-4760-4023-82ad-40fc4458a5db,sc,cell,10x 5' v2,Neutrophil,PBC,ETS2,20,evaluable_descriptive,present,True,2,2,224,224,2,7.749845723709433,218.04237653982798,0.49508170712359195,0.35267857142857145,7.479298258207946,8.020393189210921,1013767,2
sc,02792605-4760-4023-82ad-40fc4458a5db,sc,cell,10x 5' v2,Neutrophil,PBC,PFKFB3,20,evaluable_descriptive,present,True,2,2,224,224,2,6.678428733267516,102.55644296416995,0.29700142789148026,0.25,6.464218633732646,6.892638832802388,1013767,2
sc,02792605-4760-4023-82ad-40fc4458a5db,sc,cell,10x 5' v2,Neutrophil,PBC,PRKD2,20,evaluable_descriptive,present,True,2,2,224,224,2,2.6661134623155616,5.875096326380988,0.030858321434237664,0.03125,2.0816991490895593,3.250527775541564,1013767,2
sc,02792605-4760-4023-82ad-40fc4458a5db,sc,cell,10x 5' v2,Neutrophil,PBC,UBASH3A,20,evaluable_descriptive,present,True,2,2,224,224,0,0.0,0.0,0.0,0.0,0.0,0.0,1013767,2
sc,02792605-4760-4023-82ad-40fc4458a5db,sc,cell,10x 5' v2,Neutrophil,PBC,BCL2L11,50,evaluable_descriptive,present,True,1,2,191,224,1,4.054392924767716,15.614752818462883,0.04712041884816754,0.04712041884816754,4.054392924767716,4.054392924767716,704462,1
sc,02792605-4760-4023-82ad-40fc4458a5db,sc,cell,10x 5' v2,Neutrophil,PBC,ETS2,50,evaluable_descriptive,present,True,1,2,191,224,1,7.479298258207946,177.44037293707822,0.2931937172774869,0.2931937172774869,7.479298258207946,7.479298258207946,704462,1
sc,02792605-4760-4023-82ad-40fc4458a5db,sc,cell,10x 5' v2,Neutrophil,PBC,PFKFB3,50,evaluable_descriptive,present,True,1,2,191,224,1,6.892638832802388,117.82040763021993,0.23036649214659685,0.23036649214659685,6.892638832802388,6.892638832802388,704462,1
sc,02792605-4760-4023-82ad-40fc4458a5db,sc,cell,10x 5' v2,Neutrophil,PBC,PRKD2,50,evaluable_descriptive,present,True,1,2,191,224,1,3.250527775541564,8.517137900979755,0.031413612565445025,0.031413612565445025,3.250527775541564,3.250527775541564,704462,1
sc,02792605-4760-4023-82ad-40fc4458a5db,sc,cell,10x 5' v2,Neutrophil,PBC,UBASH3A,50,evaluable_descriptive,present,True,1,2,191,224,0,0.0,0.0,0.0,0.0,0.0,0.0,704462,1
sc,02792605-4760-4023-82ad-40fc4458a5db,sc,cell,10x 5' v2,Neutrophil,PSC,BCL2L11,20,evaluable_descriptive,present,True,4,8,950,1002,4,4.043555629420813,15.513411010583514,0.08395378690629011,0.11894736842105263,3.2266994844306667,4.66102087008143,7598855,4
sc,02792605-4760-4023-82ad-40fc4458a5db,sc,cell,10x 5' v2,Neutrophil,PSC,ETS2,20,evaluable_descriptive,present,True,4,8,950,1002,4,8.06591449543348,272.4121519097241,0.7931815492791103,0.8042105263157895,6.602205174912612,9.152119156182446,7598855,4
sc,02792605-4760-4023-82ad-40fc4458a5db,sc,cell,10x 5' v2,Neutrophil,PSC,PFKFB3,20,evaluable_descriptive,present,True,4,8,950,1002,4,6.305723252857522,78.11735971647937,0.2608806789134658,0.28210526315789475,3.967370870581792,6.603536744301813,7598855,4
sc,02792605-4760-4023-82ad-40fc4458a5db,sc,cell,10x 5' v2,Neutrophil,PSC,PRKD2,20,evaluable_descriptive,present,True,4,8,950,1002,3,3.278305336603397,8.846175686859382,0.06474112109542149,0.07894736842105263,0.0,3.8420482675995555,7598855,4
sc,02792605-4760-4023-82ad-40fc4458a5db,sc,cell,10x 5' v2,Neutrophil,PSC,UBASH3A,20,evaluable_descriptive,present,True,4,8,950,1002,3,0.4259201316628277,0.3478980755979701,0.0027938870044133205,0.003157894736842105,0.0,1.0172373190365254,7598855,4
sc,02792605-4760-4023-82ad-40fc4458a5db,sc,cell,10x 5' v2,Neutrophil,PSC,BCL2L11,50,evaluable_descriptive,present,True,4,8,950,1002,4,4.043555629420813,15.513411010583514,0.08395378690629011,0.11894736842105263,3.2266994844306667,4.66102087008143,7598855,4
sc,02792605-4760-4023-82ad-40fc4458a5db,sc,cell,10x 5' v2,Neutrophil,PSC,ETS2,50,evaluable_descriptive,present,True,4,8,950,1002,4,8.06591449543348,272.4121519097241,0.7931815492791103,0.8042105263157895,6.602205174912612,9.152119156182446,7598855,4
sc,02792605-4760-4023-82ad-40fc4458a5db,sc,cell,10x 5' v2,Neutrophil,PSC,PFKFB3,50,evaluable_descriptive,present,True,4,8,950,1002,4,6.305723252857522,78.11735971647937,0.2608806789134658,0.28210526315789475,3.967370870581792,6.603536744301813,7598855,4
sc,02792605-4760-4023-82ad-40fc4458a5db,sc,cell,10x 5' v2,Neutrophil,PSC,PRKD2,50,evaluable_descriptive,present,True,4,8,950,1002,3,3.278305336603397,8.846175686859382,0.06474112109542149,0.07894736842105263,0.0,3.8420482675995555,7598855,4
sc,02792605-4760-4023-82ad-40fc4458a5db,sc,cell,10x 5' v2,Neutrophil,PSC,UBASH3A,50,evaluable_descriptive,present,True,4,8,950,1002,3,0.4259201316628277,0.3478980755979701,0.0027938870044133205,0.003157894736842105,0.0,1.0172373190365254,7598855,4
sc,02792605-4760-4023-82ad-40fc4458a5db,sc,cell,10x 5' v2,P-Hepato,PBC,BCL2L11,20,evaluable_descriptive,present,True,2,2,217,217,2,3.3022747838334108,8.86691977914886,0.20656318082788672,0.2119815668202765,3.271651108877338,3.3328984587894834,6596364,2
sc,02792605-4760-4023-82ad-40fc4458a5db,sc,cell,10x 5' v2,P-Hepato,PBC,ETS2,20,evaluable_descriptive,present,True,2,2,217,217,2,7.4310171251396735,176.58420891434912,0.8450435729847494,0.8433179723502304,7.0839830405540045,7.7780512097253425,6596364,2
sc,02792605-4760-4023-82ad-40fc4458a5db,sc,cell,10x 5' v2,P-Hepato,PBC,PFKFB3,20,evaluable_descriptive,present,True,2,2,217,217,2,5.015700433947703,31.650972889333914,0.45883260711692087,0.45622119815668205,4.819105700533369,5.212295167362038,6596364,2
sc,02792605-4760-4023-82ad-40fc4458a5db,sc,cell,10x 5' v2,P-Hepato,PBC,PRKD2,20,evaluable_descriptive,present,True,2,2,217,217,2,3.3841355347601585,9.496804341547303,0.21273602033405953,0.21658986175115208,3.234533334807488,3.5337377347128287,6596364,2
sc,02792605-4760-4023-82ad-40fc4458a5db,sc,cell,10x 5' v2,P-Hepato,PBC,UBASH3A,20,evaluable_descriptive,present,True,2,2,217,217,1,0.2644095829158526,0.2213739173708571,0.007352941176470588,0.009216589861751152,0.0,0.5288191658317052,6596364,2
sc,02792605-4760-4023-82ad-40fc4458a5db,sc,cell,10x 5' v2,P-Hepato,PBC,BCL2L11,50,evaluable_descriptive,present,True,2,2,217,217,2,3.3022747838334108,8.86691977914886,0.20656318082788672,0.2119815668202765,3.271651108877338,3.3328984587894834,6596364,2
sc,02792605-4760-4023-82ad-40fc4458a5db,sc,cell,10x 5' v2,P-Hepato,PBC,ETS2,50,evaluable_descriptive,present,True,2,2,217,217,2,7.4310171251396735,176.58420891434912,0.8450435729847494,0.8433179723502304,7.0839830405540045,7.7780512097253425,6596364,2
sc,02792605-4760-4023-82ad-40fc4458a5db,sc,cell,10x 5' v2,P-Hepato,PBC,PFKFB3,50,evaluable_descriptive,present,True,2,2,217,217,2,5.015700433947703,31.650972889333914,0.45883260711692087,0.45622119815668205,4.819105700533369,5.212295167362038,6596364,2
sc,02792605-4760-4023-82ad-40fc4458a5db,sc,cell,10x 5' v2,P-Hepato,PBC,PRKD2,50,evaluable_descriptive,present,True,2,2,217,217,2,3.3841355347601585,9.496804341547303,0.21273602033405953,0.21658986175115208,3.234533334807488,3.5337377347128287,6596364,2
sc,02792605-4760-4023-82ad-40fc4458a5db,sc,cell,10x 5' v2,P-Hepato,PBC,UBASH3A,50,evaluable_descriptive,present,True,2,2,217,217,1,0.2644095829158526,0.2213739173708571,0.007352941176470588,0.009216589861751152,0.0,0.5288191658317052,6596364,2
sc,02792605-4760-4023-82ad-40fc4458a5db,sc,cell,10x 5' v2,P-Hepato,PSC,BCL2L11,20,evaluable_descriptive,present,True,6,8,716,721,6,3.0626923300924322,7.522578642663939,0.11189358372456965,0.11173184357541899,2.341755291625505,3.484904487858867,13216696,6
sc,02792605-4760-4023-82ad-40fc4458a5db,sc,cell,10x 5' v2,P-Hepato,PSC,ETS2,20,evaluable_descriptive,present,True,6,8,716,721,6,7.1178088446739824,138.21152230208548,0.7246042627446092,0.7583798882681564,6.23570518411695,7.428710962446578,13216696,6
sc,02792605-4760-4023-82ad-40fc4458a5db,sc,cell,10x 5' v2,P-Hepato,PSC,PFKFB3,20,evaluable_descriptive,present,True,6,8,716,721,6,3.5760423654838225,11.344789317677947,0.12463450292397661,0.1494413407821229,2.4541192821753115,4.441533967799025,13216696,6
sc,02792605-4760-4023-82ad-40fc4458a5db,sc,cell,10x 5' v2,P-Hepato,PSC,PRKD2,20,evaluable_descriptive,present,True,6,8,716,721,6,3.0349804195086203,7.411351730961552,0.10572892408011178,0.09636871508379888,1.9712820581546653,4.418992139197661,13216696,6
sc,02792605-4760-4023-82ad-40fc4458a5db,sc,cell,10x 5' v2,P-Hepato,PSC,UBASH3A,20,evaluable_descriptive,present,True,6,8,716,721,3,0.1283509304397927,0.09737214015590058,0.0019083969465648854,0.004189944134078212,0.0,0.7959550095032628,13216696,6
sc,02792605-4760-4023-82ad-40fc4458a5db,sc,cell,10x 5' v2,P-Hepato,PSC,BCL2L11,50,evaluable_descriptive,present,True,5,8,680,721,5,2.7744873504045517,5.842328409354035,0.11267605633802817,0.11176470588235295,2.341755291625505,3.4059296449196896,12726305,5
sc,02792605-4760-4023-82ad-40fc4458a5db,sc,cell,10x 5' v2,P-Hepato,PSC,ETS2,50,evaluable_descriptive,present,True,5,8,680,721,5,7.0198083358467365,128.7695721897925,0.7168141592920354,0.7558823529411764,6.23570518411695,7.312316757271777,12726305,5
sc,02792605-4760-4023-82ad-40fc4458a5db,sc,cell,10x 5' v2,P-Hepato,PSC,PFKFB3,50,evaluable_descriptive,present,True,5,8,680,721,5,3.9572480651485904,14.532822088029372,0.13815789473684212,0.1514705882352941,2.4541192821753115,4.441533967799025,12726305,5
sc,02792605-4760-4023-82ad-40fc4458a5db,sc,cell,10x 5' v2,P-Hepato,PSC,PRKD2,50,evaluable_descriptive,present,True,5,8,680,721,5,2.7052474866228233,5.521697325584306,0.10526315789473684,0.08970588235294118,1.9712820581546653,3.3815829316705237,12726305,5
sc,02792605-4760-4023-82ad-40fc4458a5db,sc,cell,10x 5' v2,P-Hepato,PSC,UBASH3A,50,evaluable_descriptive,present,True,5,8,680,721,3,0.2567018608795854,0.19474428031180116,0.003816793893129771,0.004411764705882353,0.0,0.7959550095032628,12726305,5
sc,02792605-4760-4023-82ad-40fc4458a5db,sc,cell,10x 5' v2,P-Hepato2,PBC,BCL2L11,20,no_eligible_donors,present,True,0,2,0,8,0,,,,,,,0,0
sc,02792605-4760-4023-82ad-40fc4458a5db,sc,cell,10x 5' v2,P-Hepato2,PBC,ETS2,20,no_eligible_donors,present,True,0,2,0,8,0,,,,,,,0,0
sc,02792605-4760-4023-82ad-40fc4458a5db,sc,cell,10x 5' v2,P-Hepato2,PBC,PFKFB3,20,no_eligible_donors,present,True,0,2,0,8,0,,,,,,,0,0
sc,02792605-4760-4023-82ad-40fc4458a5db,sc,cell,10x 5' v2,P-Hepato2,PBC,PRKD2,20,no_eligible_donors,present,True,0,2,0,8,0,,,,,,,0,0
sc,02792605-4760-4023-82ad-40fc4458a5db,sc,cell,10x 5' v2,P-Hepato2,PBC,UBASH3A,20,no_eligible_donors,present,True,0,2,0,8,0,,,,,,,0,0
sc,02792605-4760-4023-82ad-40fc4458a5db,sc,cell,10x 5' v2,P-Hepato2,PBC,BCL2L11,50,no_eligible_donors,present,True,0,2,0,8,0,,,,,,,0,0
sc,02792605-4760-4023-82ad-40fc4458a5db,sc,cell,10x 5' v2,P-Hepato2,PBC,ETS2,50,no_eligible_donors,present,True,0,2,0,8,0,,,,,,,0,0
sc,02792605-4760-4023-82ad-40fc4458a5db,sc,cell,10x 5' v2,P-Hepato2,PBC,PFKFB3,50,no_eligible_donors,present,True,0,2,0,8,0,,,,,,,0,0
sc,02792605-4760-4023-82ad-40fc4458a5db,sc,cell,10x 5' v2,P-Hepato2,PBC,PRKD2,50,no_eligible_donors,present,True,0,2,0,8,0,,,,,,,0,0
sc,02792605-4760-4023-82ad-40fc4458a5db,sc,cell,10x 5' v2,P-Hepato2,PBC,UBASH3A,50,no_eligible_donors,present,True,0,2,0,8,0,,,,,,,0,0
sc,02792605-4760-4023-82ad-40fc4458a5db,sc,cell,10x 5' v2,P-Hepato2,PSC,BCL2L11,20,evaluable_descriptive,present,True,4,7,234,262,4,3.874765553566528,13.899066639367348,0.045545545545545546,0.05128205128205128,3.3025507560712777,4.1618521126626185,970689,4
sc,02792605-4760-4023-82ad-40fc4458a5db,sc,cell,10x 5' v2,P-Hepato2,PSC,ETS2,20,evaluable_descriptive,present,True,4,7,234,262,4,7.558111186001537,198.52674644329056,0.35173201370384466,0.34615384615384615,2.5431111143930174,8.408717754849945,970689,4
sc,02792605-4760-4023-82ad-40fc4458a5db,sc,cell,10x 5' v2,P-Hepato2,PSC,PFKFB3,20,evaluable_descriptive,present,True,4,7,234,262,4,6.170064185550345,75.58133875271356,0.1278038601982264,0.1623931623931624,1.7715571510393353,7.709874653333875,970689,4
sc,02792605-4760-4023-82ad-40fc4458a5db,sc,cell,10x 5' v2,P-Hepato2,PSC,PRKD2,20,evaluable_descriptive,present,True,4,7,234,262,4,4.0769659632767254,16.730587101164758,0.07469818913480886,0.0641025641025641,3.0431113878526093,5.087753076683849,970689,4
sc,02792605-4760-4023-82ad-40fc4458a5db,sc,cell,10x 5' v2,P-Hepato2,PSC,UBASH3A,20,evaluable_descriptive,present,True,4,7,234,262,0,0.0,0.0,0.0,0.0,0.0,0.0,970689,4
sc,02792605-4760-4023-82ad-40fc4458a5db,sc,cell,10x 5' v2,P-Hepato2,PSC,BCL2L11,50,evaluable_descriptive,present,True,1,7,142,262,1,4.1295649607477545,16.50342033386419,0.028169014084507043,0.028169014084507043,4.1295649607477545,4.1295649607477545,242374,1
sc,02792605-4760-4023-82ad-40fc4458a5db,sc,cell,10x 5' v2,P-Hepato2,PSC,ETS2,50,evaluable_descriptive,present,True,1,7,142,262,1,8.050146450688946,264.05472534182707,0.352112676056338,0.352112676056338,8.050146450688946,8.050146450688946,242374,1
sc,02792605-4760-4023-82ad-40fc4458a5db,sc,cell,10x 5' v2,P-Hepato2,PSC,PFKFB3,50,evaluable_descriptive,present,True,1,7,142,262,1,5.658504591511564,49.510261001592575,0.07042253521126761,0.07042253521126761,5.658504591511564,5.658504591511564,242374,1
sc,02792605-4760-4023-82ad-40fc4458a5db,sc,cell,10x 5' v2,P-Hepato2,PSC,PRKD2,50,evaluable_descriptive,present,True,1,7,142,262,1,5.087753076683849,33.00684066772838,0.04225352112676056,0.04225352112676056,5.087753076683849,5.087753076683849,242374,1
sc,02792605-4760-4023-82ad-40fc4458a5db,sc,cell,10x 5' v2,P-Hepato2,PSC,UBASH3A,50,evaluable_descriptive,present,True,1,7,142,262,0,0.0,0.0,0.0,0.0,0.0,0.0,242374,1
sc,02792605-4760-4023-82ad-40fc4458a5db,sc,cell,10x 5' v2,Prolif,PBC,BCL2L11,20,no_eligible_donors,present,True,0,0,0,0,0,,,,,,,0,0
sc,02792605-4760-4023-82ad-40fc4458a5db,sc,cell,10x 5' v2,Prolif,PBC,ETS2,20,no_eligible_donors,present,True,0,0,0,0,0,,,,,,,0,0
sc,02792605-4760-4023-82ad-40fc4458a5db,sc,cell,10x 5' v2,Prolif,PBC,PFKFB3,20,no_eligible_donors,present,True,0,0,0,0,0,,,,,,,0,0
sc,02792605-4760-4023-82ad-40fc4458a5db,sc,cell,10x 5' v2,Prolif,PBC,PRKD2,20,no_eligible_donors,present,True,0,0,0,0,0,,,,,,,0,0
sc,02792605-4760-4023-82ad-40fc4458a5db,sc,cell,10x 5' v2,Prolif,PBC,UBASH3A,20,no_eligible_donors,present,True,0,0,0,0,0,,,,,,,0,0
sc,02792605-4760-4023-82ad-40fc4458a5db,sc,cell,10x 5' v2,Prolif,PBC,BCL2L11,50,no_eligible_donors,present,True,0,0,0,0,0,,,,,,,0,0
sc,02792605-4760-4023-82ad-40fc4458a5db,sc,cell,10x 5' v2,Prolif,PBC,ETS2,50,no_eligible_donors,present,True,0,0,0,0,0,,,,,,,0,0
sc,02792605-4760-4023-82ad-40fc4458a5db,sc,cell,10x 5' v2,Prolif,PBC,PFKFB3,50,no_eligible_donors,present,True,0,0,0,0,0,,,,,,,0,0
sc,02792605-4760-4023-82ad-40fc4458a5db,sc,cell,10x 5' v2,Prolif,PBC,PRKD2,50,no_eligible_donors,present,True,0,0,0,0,0,,,,,,,0,0
sc,02792605-4760-4023-82ad-40fc4458a5db,sc,cell,10x 5' v2,Prolif,PBC,UBASH3A,50,no_eligible_donors,present,True,0,0,0,0,0,,,,,,,0,0
sc,02792605-4760-4023-82ad-40fc4458a5db,sc,cell,10x 5' v2,Prolif,PSC,BCL2L11,20,no_eligible_donors,present,True,0,0,0,0,0,,,,,,,0,0
sc,02792605-4760-4023-82ad-40fc4458a5db,sc,cell,10x 5' v2,Prolif,PSC,ETS2,20,no_eligible_donors,present,True,0,0,0,0,0,,,,,,,0,0
sc,02792605-4760-4023-82ad-40fc4458a5db,sc,cell,10x 5' v2,Prolif,PSC,PFKFB3,20,no_eligible_donors,present,True,0,0,0,0,0,,,,,,,0,0
sc,02792605-4760-4023-82ad-40fc4458a5db,sc,cell,10x 5' v2,Prolif,PSC,PRKD2,20,no_eligible_donors,present,True,0,0,0,0,0,,,,,,,0,0
sc,02792605-4760-4023-82ad-40fc4458a5db,sc,cell,10x 5' v2,Prolif,PSC,UBASH3A,20,no_eligible_donors,present,True,0,0,0,0,0,,,,,,,0,0
sc,02792605-4760-4023-82ad-40fc4458a5db,sc,cell,10x 5' v2,Prolif,PSC,BCL2L11,50,no_eligible_donors,present,True,0,0,0,0,0,,,,,,,0,0
sc,02792605-4760-4023-82ad-40fc4458a5db,sc,cell,10x 5' v2,Prolif,PSC,ETS2,50,no_eligible_donors,present,True,0,0,0,0,0,,,,,,,0,0
sc,02792605-4760-4023-82ad-40fc4458a5db,sc,cell,10x 5' v2,Prolif,PSC,PFKFB3,50,no_eligible_donors,present,True,0,0,0,0,0,,,,,,,0,0
sc,02792605-4760-4023-82ad-40fc4458a5db,sc,cell,10x 5' v2,Prolif,PSC,PRKD2,50,no_eligible_donors,present,True,0,0,0,0,0,,,,,,,0,0
sc,02792605-4760-4023-82ad-40fc4458a5db,sc,cell,10x 5' v2,Prolif,PSC,UBASH3A,50,no_eligible_donors,present,True,0,0,0,0,0,,,,,,,0,0
sc,02792605-4760-4023-82ad-40fc4458a5db,sc,cell,10x 5' v2,RBC,PBC,BCL2L11,20,evaluable_descriptive,present,True,1,2,171,189,1,7.202434928169698,146.2817565752157,0.22807017543859648,0.22807017543859648,7.202434928169698,7.202434928169698,334970,1
sc,02792605-4760-4023-82ad-40fc4458a5db,sc,cell,10x 5' v2,RBC,PBC,ETS2,20,evaluable_descriptive,present,True,1,2,171,189,1,4.452687266966429,20.897393796459383,0.03508771929824561,0.03508771929824561,4.452687266966429,4.452687266966429,334970,1
sc,02792605-4760-4023-82ad-40fc4458a5db,sc,cell,10x 5' v2,RBC,PBC,PFKFB3,20,evaluable_descriptive,present,True,1,2,171,189,1,8.167883894083976,286.59282920858584,0.3391812865497076,0.3391812865497076,8.167883894083976,8.167883894083976,334970,1
sc,02792605-4760-4023-82ad-40fc4458a5db,sc,cell,10x 5' v2,RBC,PBC,PRKD2,20,evaluable_descriptive,present,True,1,2,171,189,1,6.350572088747803,80.60423321491476,0.14035087719298245,0.14035087719298245,6.350572088747803,6.350572088747803,334970,1
sc,02792605-4760-4023-82ad-40fc4458a5db,sc,cell,10x 5' v2,RBC,PBC,UBASH3A,20,evaluable_descriptive,present,True,1,2,171,189,1,5.516649640805146,44.780129563841534,0.08771929824561403,0.08771929824561403,5.516649640805146,5.516649640805146,334970,1
sc,02792605-4760-4023-82ad-40fc4458a5db,sc,cell,10x 5' v2,RBC,PBC,BCL2L11,50,evaluable_descriptive,present,True,1,2,171,189,1,7.202434928169698,146.2817565752157,0.22807017543859648,0.22807017543859648,7.202434928169698,7.202434928169698,334970,1
sc,02792605-4760-4023-82ad-40fc4458a5db,sc,cell,10x 5' v2,RBC,PBC,ETS2,50,evaluable_descriptive,present,True,1,2,171,189,1,4.452687266966429,20.897393796459383,0.03508771929824561,0.03508771929824561,4.452687266966429,4.452687266966429,334970,1
sc,02792605-4760-4023-82ad-40fc4458a5db,sc,cell,10x 5' v2,RBC,PBC,PFKFB3,50,evaluable_descriptive,present,True,1,2,171,189,1,8.167883894083976,286.59282920858584,0.3391812865497076,0.3391812865497076,8.167883894083976,8.167883894083976,334970,1
sc,02792605-4760-4023-82ad-40fc4458a5db,sc,cell,10x 5' v2,RBC,PBC,PRKD2,50,evaluable_descriptive,present,True,1,2,171,189,1,6.350572088747803,80.60423321491476,0.14035087719298245,0.14035087719298245,6.350572088747803,6.350572088747803,334970,1
sc,02792605-4760-4023-82ad-40fc4458a5db,sc,cell,10x 5' v2,RBC,PBC,UBASH3A,50,evaluable_descriptive,present,True,1,2,171,189,1,5.516649640805146,44.780129563841534,0.08771929824561403,0.08771929824561403,5.516649640805146,5.516649640805146,334970,1
sc,02792605-4760-4023-82ad-40fc4458a5db,sc,cell,10x 5' v2,RBC,PSC,BCL2L11,20,evaluable_descriptive,present,True,3,5,270,283,3,6.670424595647162,100.85864324953101,0.1694915254237288,0.12222222222222222,3.0749706529803222,7.775430867881321,1140021,3
sc,02792605-4760-4023-82ad-40fc4458a5db,sc,cell,10x 5' v2,RBC,PSC,ETS2,20,evaluable_descriptive,present,True,3,5,270,283,1,0.0,0.0,0.0,0.003703703703703704,0.0,3.8527798290551374,1140021,3
sc,02792605-4760-4023-82ad-40fc4458a5db,sc,cell,10x 5' v2,RBC,PSC,PFKFB3,20,evaluable_descriptive,present,True,3,5,270,283,3,6.167554012883529,70.88176920895945,0.16176470588235295,0.08888888888888889,1.1620721712634887,7.008476596619133,1140021,3
sc,02792605-4760-4023-82ad-40fc4458a5db,sc,cell,10x 5' v2,RBC,PSC,PRKD2,20,evaluable_descriptive,present,True,3,5,270,283,3,5.479604067712621,43.619550282436585,0.1016949152542373,0.08888888888888889,3.869441849092058,5.586985869097275,1140021,3
sc,02792605-4760-4023-82ad-40fc4458a5db,sc,cell,10x 5' v2,RBC,PSC,UBASH3A,20,evaluable_descriptive,present,True,3,5,270,283,3,4.801967652807222,26.895638199874934,0.06779661016949153,0.05925925925925926,2.236755397808211,6.053748359102436,1140021,3
sc,02792605-4760-4023-82ad-40fc4458a5db,sc,cell,10x 5' v2,RBC,PSC,BCL2L11,50,evaluable_descriptive,present,True,3,5,270,283,3,6.670424595647162,100.85864324953101,0.1694915254237288,0.12222222222222222,3.0749706529803222,7.775430867881321,1140021,3
sc,02792605-4760-4023-82ad-40fc4458a5db,sc,cell,10x 5' v2,RBC,PSC,ETS2,50,evaluable_descriptive,present,True,3,5,270,283,1,0.0,0.0,0.0,0.003703703703703704,0.0,3.8527798290551374,1140021,3
sc,02792605-4760-4023-82ad-40fc4458a5db,sc,cell,10x 5' v2,RBC,PSC,PFKFB3,50,evaluable_descriptive,present,True,3,5,270,283,3,6.167554012883529,70.88176920895945,0.16176470588235295,0.08888888888888889,1.1620721712634887,7.008476596619133,1140021,3
sc,02792605-4760-4023-82ad-40fc4458a5db,sc,cell,10x 5' v2,RBC,PSC,PRKD2,50,evaluable_descriptive,present,True,3,5,270,283,3,5.479604067712621,43.619550282436585,0.1016949152542373,0.08888888888888889,3.869441849092058,5.586985869097275,1140021,3
sc,02792605-4760-4023-82ad-40fc4458a5db,sc,cell,10x 5' v2,RBC,PSC,UBASH3A,50,evaluable_descriptive,present,True,3,5,270,283,3,4.801967652807222,26.895638199874934,0.06779661016949153,0.05925925925925926,2.236755397808211,6.053748359102436,1140021,3
sc,02792605-4760-4023-82ad-40fc4458a5db,sc,cell,10x 5' v2,Stellate,PBC,BCL2L11,20,evaluable_descriptive,present,True,2,2,172,172,2,3.763886757956417,13.193512192048,0.14400699912510936,0.12790697674418605,3.333477969296425,4.194295546616409,2397635,2
sc,02792605-4760-4023-82ad-40fc4458a5db,sc,cell,10x 5' v2,Stellate,PBC,ETS2,20,evaluable_descriptive,present,True,2,2,172,172,2,8.05973996998879,273.55748375288124,0.8467191601049868,0.8372093023255814,7.713205824097464,8.406274115880116,2397635,2
sc,02792605-4760-4023-82ad-40fc4458a5db,sc,cell,10x 5' v2,Stellate,PBC,PFKFB3,20,evaluable_descriptive,present,True,2,2,172,172,2,4.652931625748137,25.31659684031485,0.3062992125984252,0.2616279069767442,4.216705837300857,5.089157414195416,2397635,2
sc,02792605-4760-4023-82ad-40fc4458a5db,sc,cell,10x 5' v2,Stellate,PBC,PRKD2,20,evaluable_descriptive,present,True,2,2,172,172,2,4.160063686978911,16.882416139231978,0.19842519685039373,0.19767441860465115,4.125831827341413,4.194295546616409,2397635,2
sc,02792605-4760-4023-82ad-40fc4458a5db,sc,cell,10x 5' v2,Stellate,PBC,UBASH3A,20,evaluable_descriptive,present,True,2,2,172,172,1,0.7171662739769843,0.8512855262732252,0.011811023622047244,0.01744186046511628,0.0,1.4343325479539686,2397635,2
sc,02792605-4760-4023-82ad-40fc4458a5db,sc,cell,10x 5' v2,Stellate,PBC,BCL2L11,50,evaluable_descriptive,present,True,1,2,127,172,1,3.333477969296425,9.080378946914403,0.11023622047244094,0.11023622047244094,3.333477969296425,3.333477969296425,1762041,1
sc,02792605-4760-4023-82ad-40fc4458a5db,sc,cell,10x 5' v2,Stellate,PBC,ETS2,50,evaluable_descriptive,present,True,1,2,127,172,1,7.713205824097464,208.84871577903124,0.8267716535433071,0.8267716535433071,7.713205824097464,7.713205824097464,1762041,1
sc,02792605-4760-4023-82ad-40fc4458a5db,sc,cell,10x 5' v2,Stellate,PBC,PFKFB3,50,evaluable_descriptive,present,True,1,2,127,172,1,4.216705837300857,17.593234209646653,0.2125984251968504,0.2125984251968504,4.216705837300857,4.216705837300857,1762041,1
sc,02792605-4760-4023-82ad-40fc4458a5db,sc,cell,10x 5' v2,Stellate,PBC,PRKD2,50,evaluable_descriptive,present,True,1,2,127,172,1,4.125831827341413,16.458186841282355,0.1968503937007874,0.1968503937007874,4.125831827341413,4.125831827341413,1762041,1
sc,02792605-4760-4023-82ad-40fc4458a5db,sc,cell,10x 5' v2,Stellate,PBC,UBASH3A,50,evaluable_descriptive,present,True,1,2,127,172,1,1.4343325479539686,1.7025710525464504,0.023622047244094488,0.023622047244094488,1.4343325479539686,1.4343325479539686,1762041,1
sc,02792605-4760-4023-82ad-40fc4458a5db,sc,cell,10x 5' v2,Stellate,PSC,BCL2L11,20,evaluable_descriptive,present,True,5,7,527,546,5,3.9054631989837225,13.98516640017155,0.06896551724137931,0.07969639468690702,2.6835589888320195,4.6811245100116965,4213617,5
sc,02792605-4760-4023-82ad-40fc4458a5db,sc,cell,10x 5' v2,Stellate,PSC,ETS2,20,evaluable_descriptive,present,True,5,7,527,546,5,7.790958571555255,220.46863300303676,0.7,0.5901328273244781,7.049730922443384,7.981470215388736,4213617,5
sc,02792605-4760-4023-82ad-40fc4458a5db,sc,cell,10x 5' v2,Stellate,PSC,PFKFB3,20,evaluable_descriptive,present,True,5,7,527,546,5,3.6930579298864097,11.933653227565003,0.08888888888888889,0.15749525616698293,3.1902791727182476,5.658773004776611,4213617,5
sc,02792605-4760-4023-82ad-40fc4458a5db,sc,cell,10x 5' v2,Stellate,PSC,PRKD2,20,evaluable_descriptive,present,True,5,7,527,546,5,3.480245063651386,10.15984483884962,0.0989010989010989,0.07400379506641366,3.2536674660872977,4.6811245100116965,4213617,5
sc,02792605-4760-4023-82ad-40fc4458a5db,sc,cell,10x 5' v2,Stellate,PSC,UBASH3A,20,evaluable_descriptive,present,True,5,7,527,546,1,0.0,0.0,0.0,0.0018975332068311196,0.0,1.437001012752073,4213617,5
sc,02792605-4760-4023-82ad-40fc4458a5db,sc,cell,10x 5' v2,Stellate,PSC,BCL2L11,50,evaluable_descriptive,present,True,3,7,462,546,3,3.4912690717087442,10.245446752705652,0.054945054945054944,0.07575757575757576,2.6835589888320195,4.414114533748867,3662908,3
sc,02792605-4760-4023-82ad-40fc4458a5db,sc,cell,10x 5' v2,Stellate,PSC,ETS2,50,evaluable_descriptive,present,True,3,7,462,546,3,7.790958571555255,220.46863300303676,0.7,0.5952380952380952,7.576322393628955,7.8008007816967755,3662908,3
sc,02792605-4760-4023-82ad-40fc4458a5db,sc,cell,10x 5' v2,Stellate,PSC,PFKFB3,50,evaluable_descriptive,present,True,3,7,462,546,3,3.6930579298864097,11.933653227565003,0.08888888888888889,0.14935064935064934,3.1902791727182476,5.658773004776611,3662908,3
sc,02792605-4760-4023-82ad-40fc4458a5db,sc,cell,10x 5' v2,Stellate,PSC,PRKD2,50,evaluable_descriptive,present,True,3,7,462,546,3,3.4281287326608414,9.763898095280457,0.0989010989010989,0.06926406926406926,3.2536674660872977,3.480245063651386,3662908,3
sc,02792605-4760-4023-82ad-40fc4458a5db,sc,cell,10x 5' v2,Stellate,PSC,UBASH3A,50,evaluable_descriptive,present,True,3,7,462,546,1,0.0,0.0,0.0,0.0021645021645021645,0.0,1.437001012752073,3662908,3
sc,02792605-4760-4023-82ad-40fc4458a5db,sc,cell,10x 5' v2,Tcell,PBC,BCL2L11,20,evaluable_descriptive,present,True,2,2,286,286,2,5.362022282372626,40.16476269783233,0.14766483516483517,0.14335664335664336,5.300398218547122,5.42364634619813,1245077,2
sc,02792605-4760-4023-82ad-40fc4458a5db,sc,cell,10x 5' v2,Tcell,PBC,ETS2,20,evaluable_descriptive,present,True,2,2,286,286,2,4.894404320489729,28.92635606789962,0.10508241758241757,0.0944055944055944,4.733625395140886,5.05518324583857,1245077,2
sc,02792605-4760-4023-82ad-40fc4458a5db,sc,cell,10x 5' v2,Tcell,PBC,PFKFB3,20,evaluable_descriptive,present,True,2,2,286,286,2,6.752551401915312,110.13451424075926,0.2802197802197802,0.2727272727272727,6.396026625151071,7.109076178679553,1245077,2
sc,02792605-4760-4023-82ad-40fc4458a5db,sc,cell,10x 5' v2,Tcell,PBC,PRKD2,20,evaluable_descriptive,present,True,2,2,286,286,2,5.640426986818656,51.46353593292396,0.176510989010989,0.17482517482517482,5.178191654341707,6.102662319295605,1245077,2
sc,02792605-4760-4023-82ad-40fc4458a5db,sc,cell,10x 5' v2,Tcell,PBC,UBASH3A,20,evaluable_descriptive,present,True,2,2,286,286,2,5.118239213683754,33.733329871345816,0.14629120879120877,0.13636363636363635,5.112973635152467,5.1235047922150425,1245077,2
sc,02792605-4760-4023-82ad-40fc4458a5db,sc,cell,10x 5' v2,Tcell,PBC,BCL2L11,50,evaluable_descriptive,present,True,2,2,286,286,2,5.362022282372626,40.16476269783233,0.14766483516483517,0.14335664335664336,5.300398218547122,5.42364634619813,1245077,2
sc,02792605-4760-4023-82ad-40fc4458a5db,sc,cell,10x 5' v2,Tcell,PBC,ETS2,50,evaluable_descriptive,present,True,2,2,286,286,2,4.894404320489729,28.92635606789962,0.10508241758241757,0.0944055944055944,4.733625395140886,5.05518324583857,1245077,2
sc,02792605-4760-4023-82ad-40fc4458a5db,sc,cell,10x 5' v2,Tcell,PBC,PFKFB3,50,evaluable_descriptive,present,True,2,2,286,286,2,6.752551401915312,110.13451424075926,0.2802197802197802,0.2727272727272727,6.396026625151071,7.109076178679553,1245077,2
sc,02792605-4760-4023-82ad-40fc4458a5db,sc,cell,10x 5' v2,Tcell,PBC,PRKD2,50,evaluable_descriptive,present,True,2,2,286,286,2,5.640426986818656,51.46353593292396,0.176510989010989,0.17482517482517482,5.178191654341707,6.102662319295605,1245077,2
sc,02792605-4760-4023-82ad-40fc4458a5db,sc,cell,10x 5' v2,Tcell,PBC,UBASH3A,50,evaluable_descriptive,present,True,2,2,286,286,2,5.118239213683754,33.733329871345816,0.14629120879120877,0.13636363636363635,5.112973635152467,5.1235047922150425,1245077,2
sc,02792605-4760-4023-82ad-40fc4458a5db,sc,cell,10x 5' v2,Tcell,PSC,BCL2L11,20,evaluable_descriptive,present,True,5,8,1325,1357,5,5.887707051091091,58.20745970172835,0.17105263157894737,0.19622641509433963,4.546700964836755,7.113539157407984,5750586,5
sc,02792605-4760-4023-82ad-40fc4458a5db,sc,cell,10x 5' v2,Tcell,PSC,ETS2,20,evaluable_descriptive,present,True,5,8,1325,1357,5,4.740971977664893,25.740823277331152,0.07894736842105263,0.09509433962264151,2.800295410543719,5.332394130544624,5750586,5
sc,02792605-4760-4023-82ad-40fc4458a5db,sc,cell,10x 5' v2,Tcell,PSC,PFKFB3,20,evaluable_descriptive,present,True,5,8,1325,1357,5,5.848237905094565,56.6096227372999,0.15725806451612903,0.18490566037735848,3.8503112846044294,6.539152747445422,5750586,5
sc,02792605-4760-4023-82ad-40fc4458a5db,sc,cell,10x 5' v2,Tcell,PSC,PRKD2,20,evaluable_descriptive,present,True,5,8,1325,1357,5,5.438321564879752,42.36086298286779,0.12701612903225806,0.18037735849056605,3.9922768847821515,5.956578278705981,5750586,5
sc,02792605-4760-4023-82ad-40fc4458a5db,sc,cell,10x 5' v2,Tcell,PSC,UBASH3A,20,evaluable_descriptive,present,True,5,8,1325,1357,5,5.332394130544624,39.29123523048607,0.12030075187969924,0.16377358490566038,4.719992770999477,5.870566637814665,5750586,5
sc,02792605-4760-4023-82ad-40fc4458a5db,sc,cell,10x 5' v2,Tcell,PSC,BCL2L11,50,evaluable_descriptive,present,True,5,8,1325,1357,5,5.887707051091091,58.20745970172835,0.17105263157894737,0.19622641509433963,4.546700964836755,7.113539157407984,5750586,5
sc,02792605-4760-4023-82ad-40fc4458a5db,sc,cell,10x 5' v2,Tcell,PSC,ETS2,50,evaluable_descriptive,present,True,5,8,1325,1357,5,4.740971977664893,25.740823277331152,0.07894736842105263,0.09509433962264151,2.800295410543719,5.332394130544624,5750586,5
sc,02792605-4760-4023-82ad-40fc4458a5db,sc,cell,10x 5' v2,Tcell,PSC,PFKFB3,50,evaluable_descriptive,present,True,5,8,1325,1357,5,5.848237905094565,56.6096227372999,0.15725806451612903,0.18490566037735848,3.8503112846044294,6.539152747445422,5750586,5
sc,02792605-4760-4023-82ad-40fc4458a5db,sc,cell,10x 5' v2,Tcell,PSC,PRKD2,50,evaluable_descriptive,present,True,5,8,1325,1357,5,5.438321564879752,42.36086298286779,0.12701612903225806,0.18037735849056605,3.9922768847821515,5.956578278705981,5750586,5
sc,02792605-4760-4023-82ad-40fc4458a5db,sc,cell,10x 5' v2,Tcell,PSC,UBASH3A,50,evaluable_descriptive,present,True,5,8,1325,1357,5,5.332394130544624,39.29123523048607,0.12030075187969924,0.16377358490566038,4.719992770999477,5.870566637814665,5750586,5
sc,02792605-4760-4023-82ad-40fc4458a5db,sc,cell,10x 5' v2,cDC,PBC,BCL2L11,20,evaluable_descriptive,present,True,2,2,58,58,2,7.1609153463736845,145.22944209339525,0.7043478260869566,0.7241379310344828,6.859915643634797,7.461915049112571,1121448,2
sc,02792605-4760-4023-82ad-40fc4458a5db,sc,cell,10x 5' v2,cDC,PBC,ETS2,20,evaluable_descriptive,present,True,2,2,58,58,2,6.777670171352805,109.04479631110053,0.6180124223602484,0.6379310344827587,6.666526781987223,6.888813560718388,1121448,2
sc,02792605-4760-4023-82ad-40fc4458a5db,sc,cell,10x 5' v2,cDC,PBC,PFKFB3,20,evaluable_descriptive,present,True,2,2,58,58,2,7.4161497825786915,177.94945076203717,0.6608695652173913,0.6896551724137931,6.972188563805273,7.86011100135211,1121448,2
sc,02792605-4760-4023-82ad-40fc4458a5db,sc,cell,10x 5' v2,cDC,PBC,PRKD2,20,evaluable_descriptive,present,True,2,2,58,58,2,3.0771666306329086,8.097762206082354,0.1577639751552795,0.1724137931034483,2.5110203893467142,3.6433128719191026,1121448,2
sc,02792605-4760-4023-82ad-40fc4458a5db,sc,cell,10x 5' v2,cDC,PBC,UBASH3A,20,evaluable_descriptive,present,True,2,2,58,58,1,0.6425269808641706,0.7184558372381409,0.014285714285714285,0.017241379310344827,0.0,1.2850539617283412,1121448,2
sc,02792605-4760-4023-82ad-40fc4458a5db,sc,cell,10x 5' v2,cDC,PBC,BCL2L11,50,no_eligible_donors,present,True,0,2,0,58,0,,,,,,,0,0
sc,02792605-4760-4023-82ad-40fc4458a5db,sc,cell,10x 5' v2,cDC,PBC,ETS2,50,no_eligible_donors,present,True,0,2,0,58,0,,,,,,,0,0
sc,02792605-4760-4023-82ad-40fc4458a5db,sc,cell,10x 5' v2,cDC,PBC,PFKFB3,50,no_eligible_donors,present,True,0,2,0,58,0,,,,,,,0,0
sc,02792605-4760-4023-82ad-40fc4458a5db,sc,cell,10x 5' v2,cDC,PBC,PRKD2,50,no_eligible_donors,present,True,0,2,0,58,0,,,,,,,0,0
sc,02792605-4760-4023-82ad-40fc4458a5db,sc,cell,10x 5' v2,cDC,PBC,UBASH3A,50,no_eligible_donors,present,True,0,2,0,58,0,,,,,,,0,0
sc,02792605-4760-4023-82ad-40fc4458a5db,sc,cell,10x 5' v2,cDC,PSC,BCL2L11,20,evaluable_descriptive,present,True,3,8,246,274,3,7.201652622938857,146.20191429949278,0.632,0.6422764227642277,6.996888560400096,7.396034827236691,3826669,3
sc,02792605-4760-4023-82ad-40fc4458a5db,sc,cell,10x 5' v2,cDC,PSC,ETS2,20,evaluable_descriptive,present,True,3,8,246,274,3,6.610885615292033,96.74057015837086,0.58,0.47560975609756095,5.093529044368025,7.3303470827120965,3826669,3
sc,02792605-4760-4023-82ad-40fc4458a5db,sc,cell,10x 5' v2,cDC,PSC,PFKFB3,20,evaluable_descriptive,present,True,3,8,246,274,3,7.458861519661625,174.9304651401068,0.48,0.5528455284552846,5.664337619946071,8.034121064851952,3826669,3
sc,02792605-4760-4023-82ad-40fc4458a5db,sc,cell,10x 5' v2,cDC,PSC,PRKD2,20,evaluable_descriptive,present,True,3,8,246,274,3,3.0869569495505798,7.497019934576006,0.096,0.13008130081300814,2.775853581042124,3.8168770319321528,3826669,3
sc,02792605-4760-4023-82ad-40fc4458a5db,sc,cell,10x 5' v2,cDC,PSC,UBASH3A,20,evaluable_descriptive,present,True,3,8,246,274,2,0.9817079085343161,0.9748018593370664,0.016,0.016260162601626018,0.0,1.2955734089629365,3826669,3
sc,02792605-4760-4023-82ad-40fc4458a5db,sc,cell,10x 5' v2,cDC,PSC,BCL2L11,50,evaluable_descriptive,present,True,3,8,246,274,3,7.201652622938857,146.20191429949278,0.632,0.6422764227642277,6.996888560400096,7.396034827236691,3826669,3
sc,02792605-4760-4023-82ad-40fc4458a5db,sc,cell,10x 5' v2,cDC,PSC,ETS2,50,evaluable_descriptive,present,True,3,8,246,274,3,6.610885615292033,96.74057015837086,0.58,0.47560975609756095,5.093529044368025,7.3303470827120965,3826669,3
sc,02792605-4760-4023-82ad-40fc4458a5db,sc,cell,10x 5' v2,cDC,PSC,PFKFB3,50,evaluable_descriptive,present,True,3,8,246,274,3,7.458861519661625,174.9304651401068,0.48,0.5528455284552846,5.664337619946071,8.034121064851952,3826669,3
sc,02792605-4760-4023-82ad-40fc4458a5db,sc,cell,10x 5' v2,cDC,PSC,PRKD2,50,evaluable_descriptive,present,True,3,8,246,274,3,3.0869569495505798,7.497019934576006,0.096,0.13008130081300814,2.775853581042124,3.8168770319321528,3826669,3
sc,02792605-4760-4023-82ad-40fc4458a5db,sc,cell,10x 5' v2,cDC,PSC,UBASH3A,50,evaluable_descriptive,present,True,3,8,246,274,2,0.9817079085343161,0.9748018593370664,0.016,0.016260162601626018,0.0,1.2955734089629365,3826669,3
sc,02792605-4760-4023-82ad-40fc4458a5db,sc,cell,10x 5' v2,cNK,PBC,BCL2L11,20,evaluable_descriptive,present,True,2,2,2051,2051,2,5.128360026539016,34.13831858142811,0.15360529314789612,0.1491955143832277,4.990117804345291,5.266602248732741,11598088,2
sc,02792605-4760-4023-82ad-40fc4458a5db,sc,cell,10x 5' v2,cNK,PBC,ETS2,20,evaluable_descriptive,present,True,2,2,2051,2051,2,3.4115049266973427,9.662940335862586,0.05063453601973866,0.04973183812774257,3.3179929674549022,3.5050168859397837,11598088,2
sc,02792605-4760-4023-82ad-40fc4458a5db,sc,cell,10x 5' v2,cNK,PBC,PFKFB3,20,evaluable_descriptive,present,True,2,2,2051,2051,2,5.319171533918015,42.13891174085354,0.16750201922970537,0.14724524622135543,4.743982777418663,5.894360290417367,11598088,2
sc,02792605-4760-4023-82ad-40fc4458a5db,sc,cell,10x 5' v2,cNK,PBC,PRKD2,20,evaluable_descriptive,present,True,2,2,2051,2051,2,5.841402442415909,57.84366461338624,0.2738772529624589,0.2525597269624573,5.511422538298283,6.171382346533534,11598088,2
sc,02792605-4760-4023-82ad-40fc4458a5db,sc,cell,10x 5' v2,cNK,PBC,UBASH3A,20,evaluable_descriptive,present,True,2,2,2051,2051,2,1.9907071213663317,3.0038667267972237,0.015814717695090783,0.017064846416382253,1.8148893384387812,2.166524904293882,11598088,2
sc,02792605-4760-4023-82ad-40fc4458a5db,sc,cell,10x 5' v2,cNK,PBC,BCL2L11,50,evaluable_descriptive,present,True,2,2,2051,2051,2,5.128360026539016,34.13831858142811,0.15360529314789612,0.1491955143832277,4.990117804345291,5.266602248732741,11598088,2
sc,02792605-4760-4023-82ad-40fc4458a5db,sc,cell,10x 5' v2,cNK,PBC,ETS2,50,evaluable_descriptive,present,True,2,2,2051,2051,2,3.4115049266973427,9.662940335862586,0.05063453601973866,0.04973183812774257,3.3179929674549022,3.5050168859397837,11598088,2
sc,02792605-4760-4023-82ad-40fc4458a5db,sc,cell,10x 5' v2,cNK,PBC,PFKFB3,50,evaluable_descriptive,present,True,2,2,2051,2051,2,5.319171533918015,42.13891174085354,0.16750201922970537,0.14724524622135543,4.743982777418663,5.894360290417367,11598088,2
sc,02792605-4760-4023-82ad-40fc4458a5db,sc,cell,10x 5' v2,cNK,PBC,PRKD2,50,evaluable_descriptive,present,True,2,2,2051,2051,2,5.841402442415909,57.84366461338624,0.2738772529624589,0.2525597269624573,5.511422538298283,6.171382346533534,11598088,2
sc,02792605-4760-4023-82ad-40fc4458a5db,sc,cell,10x 5' v2,cNK,PBC,UBASH3A,50,evaluable_descriptive,present,True,2,2,2051,2051,2,1.9907071213663317,3.0038667267972237,0.015814717695090783,0.017064846416382253,1.8148893384387812,2.166524904293882,11598088,2
sc,02792605-4760-4023-82ad-40fc4458a5db,sc,cell,10x 5' v2,cNK,PSC,BCL2L11,20,evaluable_descriptive,present,True,8,8,2933,2933,8,4.6436492302070285,24.459044671061534,0.09156094870380585,0.10910330719399931,3.838454395708582,5.8541327562274805,12518030,8
sc,02792605-4760-4023-82ad-40fc4458a5db,sc,cell,10x 5' v2,cNK,PSC,ETS2,20,evaluable_descriptive,present,True,8,8,2933,2933,6,2.7301671255048285,5.767865923214576,0.029840044125758414,0.033753835663143536,0.0,4.399104166100449,12518030,8
sc,02792605-4760-4023-82ad-40fc4458a5db,sc,cell,10x 5' v2,cNK,PSC,PFKFB3,20,evaluable_descriptive,present,True,8,8,2933,2933,8,4.694771477068392,24.915488380460044,0.09993622448979592,0.06750767132628707,2.4532673874340576,5.1732483808879195,12518030,8
sc,02792605-4760-4023-82ad-40fc4458a5db,sc,cell,10x 5' v2,cNK,PSC,PRKD2,20,evaluable_descriptive,present,True,8,8,2933,2933,8,5.5626625789091735,46.7562960885962,0.19305019305019305,0.19604500511421752,3.2663409310817144,6.767550826135864,12518030,8
sc,02792605-4760-4023-82ad-40fc4458a5db,sc,cell,10x 5' v2,cNK,PSC,UBASH3A,20,evaluable_descriptive,present,True,8,8,2933,2933,5,2.9073237807989774,7.459727058912284,0.02857142857142857,0.02523013978861234,0.0,5.331107783576543,12518030,8
sc,02792605-4760-4023-82ad-40fc4458a5db,sc,cell,10x 5' v2,cNK,PSC,BCL2L11,50,evaluable_descriptive,present,True,4,8,2781,2933,4,5.304252057770762,39.91688351420161,0.14726412304052056,0.11075152822725638,4.148804386680833,5.8541327562274805,11925412,4
sc,02792605-4760-4023-82ad-40fc4458a5db,sc,cell,10x 5' v2,cNK,PSC,ETS2,50,evaluable_descriptive,present,True,4,8,2781,2933,4,3.4564156734465747,10.487675982468678,0.04168884945282461,0.03416037396619921,2.232052766160175,3.965083639934184,11925412,4
sc,02792605-4760-4023-82ad-40fc4458a5db,sc,cell,10x 5' v2,cNK,PSC,PFKFB3,50,evaluable_descriptive,present,True,4,8,2781,2933,4,4.853595929055072,28.224017671305646,0.11103223898254955,0.06616325062927005,2.4532673874340576,5.1732483808879195,11925412,4
sc,02792605-4760-4023-82ad-40fc4458a5db,sc,cell,10x 5' v2,cNK,PSC,PRKD2,50,evaluable_descriptive,present,True,4,8,2781,2933,4,5.648032408918634,51.59409715143974,0.1974120082815735,0.19705142035239123,4.9619962478932935,6.389763607553925,11925412,4
sc,02792605-4760-4023-82ad-40fc4458a5db,sc,cell,10x 5' v2,cNK,PSC,UBASH3A,50,evaluable_descriptive,present,True,4,8,2781,2933,3,2.9073237807989774,7.459727058912284,0.03352558414670216,0.02445163610212154,0.0,3.7953094577979867,11925412,4
sc,02792605-4760-4023-82ad-40fc4458a5db,sc,cell,10x 5' v2,cNK--RBC-Doublet,PSC,BCL2L11,20,no_eligible_donors,present,True,0,0,0,0,0,,,,,,,0,0
sc,02792605-4760-4023-82ad-40fc4458a5db,sc,cell,10x 5' v2,cNK--RBC-Doublet,PSC,ETS2,20,no_eligible_donors,present,True,0,0,0,0,0,,,,,,,0,0
sc,02792605-4760-4023-82ad-40fc4458a5db,sc,cell,10x 5' v2,cNK--RBC-Doublet,PSC,PFKFB3,20,no_eligible_donors,present,True,0,0,0,0,0,,,,,,,0,0
sc,02792605-4760-4023-82ad-40fc4458a5db,sc,cell,10x 5' v2,cNK--RBC-Doublet,PSC,PRKD2,20,no_eligible_donors,present,True,0,0,0,0,0,,,,,,,0,0
sc,02792605-4760-4023-82ad-40fc4458a5db,sc,cell,10x 5' v2,cNK--RBC-Doublet,PSC,UBASH3A,20,no_eligible_donors,present,True,0,0,0,0,0,,,,,,,0,0
sc,02792605-4760-4023-82ad-40fc4458a5db,sc,cell,10x 5' v2,cNK--RBC-Doublet,PSC,BCL2L11,50,no_eligible_donors,present,True,0,0,0,0,0,,,,,,,0,0
sc,02792605-4760-4023-82ad-40fc4458a5db,sc,cell,10x 5' v2,cNK--RBC-Doublet,PSC,ETS2,50,no_eligible_donors,present,True,0,0,0,0,0,,,,,,,0,0
sc,02792605-4760-4023-82ad-40fc4458a5db,sc,cell,10x 5' v2,cNK--RBC-Doublet,PSC,PFKFB3,50,no_eligible_donors,present,True,0,0,0,0,0,,,,,,,0,0
sc,02792605-4760-4023-82ad-40fc4458a5db,sc,cell,10x 5' v2,cNK--RBC-Doublet,PSC,PRKD2,50,no_eligible_donors,present,True,0,0,0,0,0,,,,,,,0,0
sc,02792605-4760-4023-82ad-40fc4458a5db,sc,cell,10x 5' v2,cNK--RBC-Doublet,PSC,UBASH3A,50,no_eligible_donors,present,True,0,0,0,0,0,,,,,,,0,0
sc,02792605-4760-4023-82ad-40fc4458a5db,sc,cell,10x 5' v2,cvEndo,PBC,BCL2L11,20,evaluable_descriptive,present,True,2,2,209,209,2,5.151084512335121,34.9354929518138,0.2735892691951896,0.2679425837320574,4.9341218702872665,5.368047154382976,2422090,2
sc,02792605-4760-4023-82ad-40fc4458a5db,sc,cell,10x 5' v2,cvEndo,PBC,ETS2,20,evaluable_descriptive,present,True,2,2,209,209,2,7.944307232536406,258.47159280844687,0.7703977798334876,0.7751196172248804,7.474674261497963,8.41394020357485,2422090,2
sc,02792605-4760-4023-82ad-40fc4458a5db,sc,cell,10x 5' v2,cvEndo,PBC,PFKFB3,20,evaluable_descriptive,present,True,2,2,209,209,2,4.866935160001966,29.39230905633526,0.23246993524514337,0.23444976076555024,4.452592734591364,5.281277585412568,2422090,2
sc,02792605-4760-4023-82ad-40fc4458a5db,sc,cell,10x 5' v2,cvEndo,PBC,PRKD2,20,evaluable_descriptive,present,True,2,2,209,209,2,5.8899026615138315,58.30358001753446,0.4272895467160037,0.42105263157894735,5.869473853031516,5.910331469996147,2422090,2
sc,02792605-4760-4023-82ad-40fc4458a5db,sc,cell,10x 5' v2,cvEndo,PBC,UBASH3A,20,evaluable_descriptive,present,True,2,2,209,209,2,1.1309135797909498,1.2083410689185072,0.009666975023126734,0.009569377990430622,0.9441940058842726,1.317633153697627,2422090,2
sc,02792605-4760-4023-82ad-40fc4458a5db,sc,cell,10x 5' v2,cvEndo,PBC,BCL2L11,50,evaluable_descriptive,present,True,2,2,209,209,2,5.151084512335121,34.9354929518138,0.2735892691951896,0.2679425837320574,4.9341218702872665,5.368047154382976,2422090,2
sc,02792605-4760-4023-82ad-40fc4458a5db,sc,cell,10x 5' v2,cvEndo,PBC,ETS2,50,evaluable_descriptive,present,True,2,2,209,209,2,7.944307232536406,258.47159280844687,0.7703977798334876,0.7751196172248804,7.474674261497963,8.41394020357485,2422090,2
sc,02792605-4760-4023-82ad-40fc4458a5db,sc,cell,10x 5' v2,cvEndo,PBC,PFKFB3,50,evaluable_descriptive,present,True,2,2,209,209,2,4.866935160001966,29.39230905633526,0.23246993524514337,0.23444976076555024,4.452592734591364,5.281277585412568,2422090,2
sc,02792605-4760-4023-82ad-40fc4458a5db,sc,cell,10x 5' v2,cvEndo,PBC,PRKD2,50,evaluable_descriptive,present,True,2,2,209,209,2,5.8899026615138315,58.30358001753446,0.4272895467160037,0.42105263157894735,5.869473853031516,5.910331469996147,2422090,2
sc,02792605-4760-4023-82ad-40fc4458a5db,sc,cell,10x 5' v2,cvEndo,PBC,UBASH3A,50,evaluable_descriptive,present,True,2,2,209,209,2,1.1309135797909498,1.2083410689185072,0.009666975023126734,0.009569377990430622,0.9441940058842726,1.317633153697627,2422090,2
sc,02792605-4760-4023-82ad-40fc4458a5db,sc,cell,10x 5' v2,cvEndo,PSC,BCL2L11,20,evaluable_descriptive,present,True,4,7,477,493,4,4.396525490447919,20.387623402959157,0.18198529411764708,0.22431865828092243,3.345547220359833,4.992382881529124,5304813,4
sc,02792605-4760-4023-82ad-40fc4458a5db,sc,cell,10x 5' v2,cvEndo,PSC,ETS2,20,evaluable_descriptive,present,True,4,7,477,493,4,7.895292814122488,246.2692521406752,0.7401960784313726,0.8092243186582809,7.452333445019191,8.596944193514288,5304813,4
sc,02792605-4760-4023-82ad-40fc4458a5db,sc,cell,10x 5' v2,cvEndo,PSC,PFKFB3,20,evaluable_descriptive,present,True,4,7,477,493,4,5.164822764916,40.920837595295275,0.2505921831819976,0.3081761006289308,2.4809194582843026,6.074978055575716,5304813,4
sc,02792605-4760-4023-82ad-40fc4458a5db,sc,cell,10x 5' v2,cvEndo,PSC,PRKD2,20,evaluable_descriptive,present,True,4,7,477,493,4,5.949188669742,60.81754856488439,0.42794117647058827,0.3438155136268344,4.912315580470204,6.383454866539781,5304813,4
sc,02792605-4760-4023-82ad-40fc4458a5db,sc,cell,10x 5' v2,cvEndo,PSC,UBASH3A,20,evaluable_descriptive,present,True,4,7,477,493,2,0.7477360092914915,0.9097819298203318,0.00625,0.023060796645702306,0.0,2.3975225630545025,5304813,4
sc,02792605-4760-4023-82ad-40fc4458a5db,sc,cell,10x 5' v2,cvEndo,PSC,BCL2L11,50,evaluable_descriptive,present,True,3,7,457,493,3,4.650145373415447,24.10922114023879,0.1875,0.22975929978118162,4.142905607480392,4.992382881529124,5086593,3
sc,02792605-4760-4023-82ad-40fc4458a5db,sc,cell,10x 5' v2,cvEndo,PSC,ETS2,50,evaluable_descriptive,present,True,3,7,457,493,3,8.294888256179064,313.05822788172475,0.8333333333333334,0.8205689277899344,7.495697372065912,8.596944193514288,5086593,3
sc,02792605-4760-4023-82ad-40fc4458a5db,sc,cell,10x 5' v2,cvEndo,PSC,PFKFB3,50,evaluable_descriptive,present,True,3,7,457,493,3,5.991219003120907,62.61164557634495,0.2953020134228188,0.31947483588621445,4.338426526711092,6.074978055575716,5086593,3
sc,02792605-4760-4023-82ad-40fc4458a5db,sc,cell,10x 5' v2,cvEndo,PSC,PRKD2,50,evaluable_descriptive,present,True,3,7,457,493,3,5.902483661126651,58.81700038989979,0.45588235294117646,0.3413566739606127,4.912315580470204,5.995893678357349,5086593,3
sc,02792605-4760-4023-82ad-40fc4458a5db,sc,cell,10x 5' v2,cvEndo,PSC,UBASH3A,50,evaluable_descriptive,present,True,3,7,457,493,2,1.495472018582983,1.8195638596406636,0.0125,0.024070021881838075,0.0,2.3975225630545025,5086593,3
sc,02792605-4760-4023-82ad-40fc4458a5db,sc,cell,10x 5' v2,cvLSEC,PBC,BCL2L11,20,evaluable_descriptive,present,True,2,2,367,367,2,5.60692226996961,47.852473598809766,0.19219837094858305,0.18528610354223432,5.507291799410101,5.706552740529118,1791967,2
sc,02792605-4760-4023-82ad-40fc4458a5db,sc,cell,10x 5' v2,cvLSEC,PBC,ETS2,20,evaluable_descriptive,present,True,2,2,367,367,2,8.231348849686972,302.0025625614453,0.6247878839300864,0.5776566757493188,8.046284411592993,8.416413287780951,1791967,2
sc,02792605-4760-4023-82ad-40fc4458a5db,sc,cell,10x 5' v2,cvLSEC,PBC,PFKFB3,20,evaluable_descriptive,present,True,2,2,367,367,2,5.5228714192753525,49.60167111846465,0.18292889869336498,0.1907356948228883,4.881167920114153,6.164574918436552,1791967,2
sc,02792605-4760-4023-82ad-40fc4458a5db,sc,cell,10x 5' v2,cvLSEC,PBC,PRKD2,20,evaluable_descriptive,present,True,2,2,367,367,2,6.135152225480322,69.48131155155575,0.2838537247581877,0.24795640326975477,6.02744738020377,6.242857070756873,1791967,2
sc,02792605-4760-4023-82ad-40fc4458a5db,sc,cell,10x 5' v2,cvLSEC,PBC,UBASH3A,20,evaluable_descriptive,present,True,2,2,367,367,1,0.4292008500523417,0.40651431052327336,0.0017605633802816902,0.0027247956403269754,0.0,0.8584017001046834,1791967,2
sc,02792605-4760-4023-82ad-40fc4458a5db,sc,cell,10x 5' v2,cvLSEC,PBC,BCL2L11,50,evaluable_descriptive,present,True,2,2,367,367,2,5.60692226996961,47.852473598809766,0.19219837094858305,0.18528610354223432,5.507291799410101,5.706552740529118,1791967,2
sc,02792605-4760-4023-82ad-40fc4458a5db,sc,cell,10x 5' v2,cvLSEC,PBC,ETS2,50,evaluable_descriptive,present,True,2,2,367,367,2,8.231348849686972,302.0025625614453,0.6247878839300864,0.5776566757493188,8.046284411592993,8.416413287780951,1791967,2
sc,02792605-4760-4023-82ad-40fc4458a5db,sc,cell,10x 5' v2,cvLSEC,PBC,PFKFB3,50,evaluable_descriptive,present,True,2,2,367,367,2,5.5228714192753525,49.60167111846465,0.18292889869336498,0.1907356948228883,4.881167920114153,6.164574918436552,1791967,2
sc,02792605-4760-4023-82ad-40fc4458a5db,sc,cell,10x 5' v2,cvLSEC,PBC,PRKD2,50,evaluable_descriptive,present,True,2,2,367,367,2,6.135152225480322,69.48131155155575,0.2838537247581877,0.24795640326975477,6.02744738020377,6.242857070756873,1791967,2
sc,02792605-4760-4023-82ad-40fc4458a5db,sc,cell,10x 5' v2,cvLSEC,PBC,UBASH3A,50,evaluable_descriptive,present,True,2,2,367,367,1,0.4292008500523417,0.40651431052327336,0.0017605633802816902,0.0027247956403269754,0.0,0.8584017001046834,1791967,2
sc,02792605-4760-4023-82ad-40fc4458a5db,sc,cell,10x 5' v2,cvLSEC,PSC,BCL2L11,20,evaluable_descriptive,present,True,7,8,1485,1497,7,5.080061217723694,32.826012603071035,0.16,0.0861952861952862,3.91384483268674,5.791872098503721,6391568,7
sc,02792605-4760-4023-82ad-40fc4458a5db,sc,cell,10x 5' v2,cvLSEC,PSC,ETS2,20,evaluable_descriptive,present,True,7,8,1485,1497,7,7.400935082713413,168.00651865292372,0.45977011494252873,0.4909090909090909,3.5705170508761164,8.235230819563249,6391568,7
sc,02792605-4760-4023-82ad-40fc4458a5db,sc,cell,10x 5' v2,cvLSEC,PSC,PFKFB3,20,evaluable_descriptive,present,True,7,8,1485,1497,6,4.632321936031646,23.800923475830864,0.08571428571428572,0.13468013468013468,0.0,6.1645595193801785,6391568,7
sc,02792605-4760-4023-82ad-40fc4458a5db,sc,cell,10x 5' v2,cvLSEC,PSC,PRKD2,20,evaluable_descriptive,present,True,7,8,1485,1497,7,6.058576806817801,65.65202520614207,0.21705426356589147,0.24242424242424243,4.835059919186437,6.649670879181328,6391568,7
sc,02792605-4760-4023-82ad-40fc4458a5db,sc,cell,10x 5' v2,cvLSEC,PSC,UBASH3A,20,evaluable_descriptive,present,True,7,8,1485,1497,3,0.0,0.0,0.0,0.012121212121212121,0.0,4.90758877607149,6391568,7
sc,02792605-4760-4023-82ad-40fc4458a5db,sc,cell,10x 5' v2,cvLSEC,PSC,BCL2L11,50,evaluable_descriptive,present,True,6,8,1460,1497,6,5.040055581338866,31.913560218388724,0.1362015503875969,0.08424657534246575,3.91384483268674,5.791872098503721,6210033,6
sc,02792605-4760-4023-82ad-40fc4458a5db,sc,cell,10x 5' v2,cvLSEC,PSC,ETS2,50,evaluable_descriptive,present,True,6,8,1460,1497,6,7.397232609247485,167.57389845381724,0.4184564860426929,0.48835616438356166,3.5705170508761164,8.235230819563249,6210033,6
sc,02792605-4760-4023-82ad-40fc4458a5db,sc,cell,10x 5' v2,cvLSEC,PSC,PFKFB3,50,evaluable_descriptive,present,True,6,8,1460,1497,5,4.514361989973789,21.930231919408683,0.07580287929125139,0.13287671232876713,0.0,6.1645595193801785,6210033,6
sc,02792605-4760-4023-82ad-40fc4458a5db,sc,cell,10x 5' v2,cvLSEC,PSC,PRKD2,50,evaluable_descriptive,present,True,6,8,1460,1497,6,6.071496080282772,66.2542682540132,0.25220529270248593,0.24315068493150685,5.476439454234466,6.649670879181328,6210033,6
sc,02792605-4760-4023-82ad-40fc4458a5db,sc,cell,10x 5' v2,cvLSEC,PSC,UBASH3A,50,evaluable_descriptive,present,True,6,8,1460,1497,3,0.39981588946955926,0.370328399818391,0.00130718954248366,0.012328767123287671,0.0,4.90758877607149,6210033,6
sc,02792605-4760-4023-82ad-40fc4458a5db,sc,cell,10x 5' v2,cvLSEC--T-Doublet,PBC,BCL2L11,20,no_eligible_donors,present,True,0,0,0,0,0,,,,,,,0,0
sc,02792605-4760-4023-82ad-40fc4458a5db,sc,cell,10x 5' v2,cvLSEC--T-Doublet,PBC,ETS2,20,no_eligible_donors,present,True,0,0,0,0,0,,,,,,,0,0
sc,02792605-4760-4023-82ad-40fc4458a5db,sc,cell,10x 5' v2,cvLSEC--T-Doublet,PBC,PFKFB3,20,no_eligible_donors,present,True,0,0,0,0,0,,,,,,,0,0
sc,02792605-4760-4023-82ad-40fc4458a5db,sc,cell,10x 5' v2,cvLSEC--T-Doublet,PBC,PRKD2,20,no_eligible_donors,present,True,0,0,0,0,0,,,,,,,0,0
sc,02792605-4760-4023-82ad-40fc4458a5db,sc,cell,10x 5' v2,cvLSEC--T-Doublet,PBC,UBASH3A,20,no_eligible_donors,present,True,0,0,0,0,0,,,,,,,0,0
sc,02792605-4760-4023-82ad-40fc4458a5db,sc,cell,10x 5' v2,cvLSEC--T-Doublet,PBC,BCL2L11,50,no_eligible_donors,present,True,0,0,0,0,0,,,,,,,0,0
sc,02792605-4760-4023-82ad-40fc4458a5db,sc,cell,10x 5' v2,cvLSEC--T-Doublet,PBC,ETS2,50,no_eligible_donors,present,True,0,0,0,0,0,,,,,,,0,0
sc,02792605-4760-4023-82ad-40fc4458a5db,sc,cell,10x 5' v2,cvLSEC--T-Doublet,PBC,PFKFB3,50,no_eligible_donors,present,True,0,0,0,0,0,,,,,,,0,0
sc,02792605-4760-4023-82ad-40fc4458a5db,sc,cell,10x 5' v2,cvLSEC--T-Doublet,PBC,PRKD2,50,no_eligible_donors,present,True,0,0,0,0,0,,,,,,,0,0
sc,02792605-4760-4023-82ad-40fc4458a5db,sc,cell,10x 5' v2,cvLSEC--T-Doublet,PBC,UBASH3A,50,no_eligible_donors,present,True,0,0,0,0,0,,,,,,,0,0
sc,02792605-4760-4023-82ad-40fc4458a5db,sc,cell,10x 5' v2,cvLSEC--T-Doublet,PSC,BCL2L11,20,no_eligible_donors,present,True,0,0,0,0,0,,,,,,,0,0
sc,02792605-4760-4023-82ad-40fc4458a5db,sc,cell,10x 5' v2,cvLSEC--T-Doublet,PSC,ETS2,20,no_eligible_donors,present,True,0,0,0,0,0,,,,,,,0,0
sc,02792605-4760-4023-82ad-40fc4458a5db,sc,cell,10x 5' v2,cvLSEC--T-Doublet,PSC,PFKFB3,20,no_eligible_donors,present,True,0,0,0,0,0,,,,,,,0,0
sc,02792605-4760-4023-82ad-40fc4458a5db,sc,cell,10x 5' v2,cvLSEC--T-Doublet,PSC,PRKD2,20,no_eligible_donors,present,True,0,0,0,0,0,,,,,,,0,0
sc,02792605-4760-4023-82ad-40fc4458a5db,sc,cell,10x 5' v2,cvLSEC--T-Doublet,PSC,UBASH3A,20,no_eligible_donors,present,True,0,0,0,0,0,,,,,,,0,0
sc,02792605-4760-4023-82ad-40fc4458a5db,sc,cell,10x 5' v2,cvLSEC--T-Doublet,PSC,BCL2L11,50,no_eligible_donors,present,True,0,0,0,0,0,,,,,,,0,0
sc,02792605-4760-4023-82ad-40fc4458a5db,sc,cell,10x 5' v2,cvLSEC--T-Doublet,PSC,ETS2,50,no_eligible_donors,present,True,0,0,0,0,0,,,,,,,0,0
sc,02792605-4760-4023-82ad-40fc4458a5db,sc,cell,10x 5' v2,cvLSEC--T-Doublet,PSC,PFKFB3,50,no_eligible_donors,present,True,0,0,0,0,0,,,,,,,0,0
sc,02792605-4760-4023-82ad-40fc4458a5db,sc,cell,10x 5' v2,cvLSEC--T-Doublet,PSC,PRKD2,50,no_eligible_donors,present,True,0,0,0,0,0,,,,,,,0,0
sc,02792605-4760-4023-82ad-40fc4458a5db,sc,cell,10x 5' v2,cvLSEC--T-Doublet,PSC,UBASH3A,50,no_eligible_donors,present,True,0,0,0,0,0,,,,,,,0,0
sc,02792605-4760-4023-82ad-40fc4458a5db,sc,cell,10x 5' v2,lrNK,PBC,BCL2L11,20,evaluable_descriptive,present,True,2,2,1700,1700,2,6.291217553795432,80.15086539605107,0.2877264492753623,0.2605882352941176,5.904134161601898,6.678300945988967,9440920,2
sc,02792605-4760-4023-82ad-40fc4458a5db,sc,cell,10x 5' v2,lrNK,PBC,ETS2,20,evaluable_descriptive,present,True,2,2,1700,1700,2,3.4010138432801167,10.120933951366926,0.05296648550724638,0.041176470588235294,2.9343574668660626,3.8676702196941704,9440920,2
sc,02792605-4760-4023-82ad-40fc4458a5db,sc,cell,10x 5' v2,lrNK,PBC,PFKFB3,20,evaluable_descriptive,present,True,2,2,1700,1700,2,6.457623585725935,104.2091040845018,0.3079030797101449,0.23294117647058823,5.5661704702572585,7.349076701194612,9440920,2
sc,02792605-4760-4023-82ad-40fc4458a5db,sc,cell,10x 5' v2,lrNK,PBC,PRKD2,20,evaluable_descriptive,present,True,2,2,1700,1700,2,6.020458882297396,63.977801060742955,0.2947916666666667,0.2876470588235294,5.9565258163386385,6.084391948256152,9440920,2
sc,02792605-4760-4023-82ad-40fc4458a5db,sc,cell,10x 5' v2,lrNK,PBC,UBASH3A,20,evaluable_descriptive,present,True,2,2,1700,1700,2,4.46377330869869,21.526328543738575,0.11077898550724638,0.12529411764705883,4.169695614612081,4.7578510027853,9440920,2
sc,02792605-4760-4023-82ad-40fc4458a5db,sc,cell,10x 5' v2,lrNK,PBC,BCL2L11,50,evaluable_descriptive,present,True,2,2,1700,1700,2,6.291217553795432,80.15086539605107,0.2877264492753623,0.2605882352941176,5.904134161601898,6.678300945988967,9440920,2
sc,02792605-4760-4023-82ad-40fc4458a5db,sc,cell,10x 5' v2,lrNK,PBC,ETS2,50,evaluable_descriptive,present,True,2,2,1700,1700,2,3.4010138432801167,10.120933951366926,0.05296648550724638,0.041176470588235294,2.9343574668660626,3.8676702196941704,9440920,2
sc,02792605-4760-4023-82ad-40fc4458a5db,sc,cell,10x 5' v2,lrNK,PBC,PFKFB3,50,evaluable_descriptive,present,True,2,2,1700,1700,2,6.457623585725935,104.2091040845018,0.3079030797101449,0.23294117647058823,5.5661704702572585,7.349076701194612,9440920,2
sc,02792605-4760-4023-82ad-40fc4458a5db,sc,cell,10x 5' v2,lrNK,PBC,PRKD2,50,evaluable_descriptive,present,True,2,2,1700,1700,2,6.020458882297396,63.977801060742955,0.2947916666666667,0.2876470588235294,5.9565258163386385,6.084391948256152,9440920,2
sc,02792605-4760-4023-82ad-40fc4458a5db,sc,cell,10x 5' v2,lrNK,PBC,UBASH3A,50,evaluable_descriptive,present,True,2,2,1700,1700,2,4.46377330869869,21.526328543738575,0.11077898550724638,0.12529411764705883,4.169695614612081,4.7578510027853,9440920,2
sc,02792605-4760-4023-82ad-40fc4458a5db,sc,cell,10x 5' v2,lrNK,PSC,BCL2L11,20,evaluable_descriptive,present,True,8,8,1934,1934,8,5.269346098278055,37.5863939079982,0.1763173712682829,0.19338159255429163,4.1640478924334765,6.378332648052779,9929246,8
sc,02792605-4760-4023-82ad-40fc4458a5db,sc,cell,10x 5' v2,lrNK,PSC,ETS2,20,evaluable_descriptive,present,True,8,8,1934,1934,5,1.9696691465881258,3.0197223928062717,0.010685632204043023,0.033092037228541885,0.0,4.137768578144026,9929246,8
sc,02792605-4760-4023-82ad-40fc4458a5db,sc,cell,10x 5' v2,lrNK,PSC,PFKFB3,20,evaluable_descriptive,present,True,8,8,1934,1934,8,4.535780521206126,22.40674355074716,0.08194750550991785,0.19596690796277147,3.880937401442679,6.667858325434919,9929246,8
sc,02792605-4760-4023-82ad-40fc4458a5db,sc,cell,10x 5' v2,lrNK,PSC,PRKD2,20,evaluable_descriptive,present,True,8,8,1934,1934,8,5.61703448105568,48.33029019581109,0.19764957264957264,0.27094105480868663,4.273321259612435,6.415514295692074,9929246,8
sc,02792605-4760-4023-82ad-40fc4458a5db,sc,cell,10x 5' v2,lrNK,PSC,UBASH3A,20,evaluable_descriptive,present,True,8,8,1934,1934,8,5.244923149551898,36.92447936891331,0.13300927971718957,0.08531540847983454,0.7700122573985568,5.479344343810434,9929246,8
sc,02792605-4760-4023-82ad-40fc4458a5db,sc,cell,10x 5' v2,lrNK,PSC,BCL2L11,50,evaluable_descriptive,present,True,7,8,1903,1934,7,5.313456073440986,38.76579403249058,0.2236024844720497,0.19442984760903836,4.1640478924334765,6.378332648052779,9819377,7
sc,02792605-4760-4023-82ad-40fc4458a5db,sc,cell,10x 5' v2,lrNK,PSC,ETS2,50,evaluable_descriptive,present,True,7,8,1903,1934,5,2.2997112071346213,3.9235919699766737,0.0136986301369863,0.033631108775617445,0.0,4.137768578144026,9819377,7
sc,02792605-4760-4023-82ad-40fc4458a5db,sc,cell,10x 5' v2,lrNK,PSC,PFKFB3,50,evaluable_descriptive,present,True,7,8,1903,1934,7,4.730283265329762,25.543436613962044,0.09937888198757763,0.1981082501313715,3.880937401442679,6.667858325434919,9819377,7
sc,02792605-4760-4023-82ad-40fc4458a5db,sc,cell,10x 5' v2,lrNK,PSC,PRKD2,50,evaluable_descriptive,present,True,7,8,1903,1934,7,5.7629591154407604,53.302966794674546,0.2222222222222222,0.27377824487651076,4.273321259612435,6.415514295692074,9819377,7
sc,02792605-4760-4023-82ad-40fc4458a5db,sc,cell,10x 5' v2,lrNK,PSC,UBASH3A,50,evaluable_descriptive,present,True,7,8,1903,1934,7,5.264610175988673,37.4419649543208,0.136986301369863,0.08460325801366264,0.7700122573985568,5.479344343810434,9819377,7
sc,02792605-4760-4023-82ad-40fc4458a5db,sc,cell,10x 5' v2,pDC,PBC,BCL2L11,20,no_eligible_donors,present,True,0,2,0,36,0,,,,,,,0,0
sc,02792605-4760-4023-82ad-40fc4458a5db,sc,cell,10x 5' v2,pDC,PBC,ETS2,20,no_eligible_donors,present,True,0,2,0,36,0,,,,,,,0,0
sc,02792605-4760-4023-82ad-40fc4458a5db,sc,cell,10x 5' v2,pDC,PBC,PFKFB3,20,no_eligible_donors,present,True,0,2,0,36,0,,,,,,,0,0
sc,02792605-4760-4023-82ad-40fc4458a5db,sc,cell,10x 5' v2,pDC,PBC,PRKD2,20,no_eligible_donors,present,True,0,2,0,36,0,,,,,,,0,0
sc,02792605-4760-4023-82ad-40fc4458a5db,sc,cell,10x 5' v2,pDC,PBC,UBASH3A,20,no_eligible_donors,present,True,0,2,0,36,0,,,,,,,0,0
sc,02792605-4760-4023-82ad-40fc4458a5db,sc,cell,10x 5' v2,pDC,PBC,BCL2L11,50,no_eligible_donors,present,True,0,2,0,36,0,,,,,,,0,0
sc,02792605-4760-4023-82ad-40fc4458a5db,sc,cell,10x 5' v2,pDC,PBC,ETS2,50,no_eligible_donors,present,True,0,2,0,36,0,,,,,,,0,0
sc,02792605-4760-4023-82ad-40fc4458a5db,sc,cell,10x 5' v2,pDC,PBC,PFKFB3,50,no_eligible_donors,present,True,0,2,0,36,0,,,,,,,0,0
sc,02792605-4760-4023-82ad-40fc4458a5db,sc,cell,10x 5' v2,pDC,PBC,PRKD2,50,no_eligible_donors,present,True,0,2,0,36,0,,,,,,,0,0
sc,02792605-4760-4023-82ad-40fc4458a5db,sc,cell,10x 5' v2,pDC,PBC,UBASH3A,50,no_eligible_donors,present,True,0,2,0,36,0,,,,,,,0,0
sc,02792605-4760-4023-82ad-40fc4458a5db,sc,cell,10x 5' v2,pDC,PSC,BCL2L11,20,evaluable_descriptive,present,True,2,8,41,86,2,7.006133901050669,133.70946962579046,0.5142857142857142,0.5121951219512195,6.561118003394518,7.45114979870682,386284,2
sc,02792605-4760-4023-82ad-40fc4458a5db,sc,cell,10x 5' v2,pDC,PSC,ETS2,20,evaluable_descriptive,present,True,2,8,41,86,2,5.033627991858735,41.58052303901758,0.17261904761904762,0.17073170731707318,3.942353916732246,6.124902066985224,386284,2
sc,02792605-4760-4023-82ad-40fc4458a5db,sc,cell,10x 5' v2,pDC,PSC,PFKFB3,20,evaluable_descriptive,present,True,2,8,41,86,2,5.431798527698381,116.89080494279223,0.3738095238095238,0.36585365853658536,3.0332722203807854,7.8303248350159755,386284,2
sc,02792605-4760-4023-82ad-40fc4458a5db,sc,cell,10x 5' v2,pDC,PSC,PRKD2,20,evaluable_descriptive,present,True,2,8,41,86,2,3.3745287753468434,9.662830175760185,0.0988095238095238,0.0975609756097561,3.0332722203807854,3.7157853303129014,386284,2
sc,02792605-4760-4023-82ad-40fc4458a5db,sc,cell,10x 5' v2,pDC,PSC,UBASH3A,20,evaluable_descriptive,present,True,2,8,41,86,1,1.5923525794278046,4.046338670454039,0.05,0.04878048780487805,0.0,3.1847051588556092,386284,2
sc,02792605-4760-4023-82ad-40fc4458a5db,sc,cell,10x 5' v2,pDC,PSC,BCL2L11,50,no_eligible_donors,present,True,0,8,0,86,0,,,,,,,0,0
sc,02792605-4760-4023-82ad-40fc4458a5db,sc,cell,10x 5' v2,pDC,PSC,ETS2,50,no_eligible_donors,present,True,0,8,0,86,0,,,,,,,0,0
sc,02792605-4760-4023-82ad-40fc4458a5db,sc,cell,10x 5' v2,pDC,PSC,PFKFB3,50,no_eligible_donors,present,True,0,8,0,86,0,,,,,,,0,0
sc,02792605-4760-4023-82ad-40fc4458a5db,sc,cell,10x 5' v2,pDC,PSC,PRKD2,50,no_eligible_donors,present,True,0,8,0,86,0,,,,,,,0,0
sc,02792605-4760-4023-82ad-40fc4458a5db,sc,cell,10x 5' v2,pDC,PSC,UBASH3A,50,no_eligible_donors,present,True,0,8,0,86,0,,,,,,,0,0
sc,02792605-4760-4023-82ad-40fc4458a5db,sc,cell,10x 5' v2,ppLSEC,PBC,BCL2L11,20,evaluable_descriptive,present,True,2,2,450,450,2,5.004280577196976,32.35766759779886,0.23614163363388035,0.24666666666666667,4.6009267211917,5.407634433202252,5617107,2
sc,02792605-4760-4023-82ad-40fc4458a5db,sc,cell,10x 5' v2,ppLSEC,PBC,ETS2,20,evaluable_descriptive,present,True,2,2,450,450,2,8.781283453090833,458.15211499726024,0.8633264186982685,0.8733333333333333,8.356877246389072,9.205689659792592,5617107,2
sc,02792605-4760-4023-82ad-40fc4458a5db,sc,cell,10x 5' v2,ppLSEC,PBC,PFKFB3,20,evaluable_descriptive,present,True,2,2,450,450,2,5.485147670818357,45.22804928558088,0.32244449464971553,0.34444444444444444,5.1207093130295025,5.849586028607212,5617107,2
sc,02792605-4760-4023-82ad-40fc4458a5db,sc,cell,10x 5' v2,ppLSEC,PBC,PRKD2,20,evaluable_descriptive,present,True,2,2,450,450,2,5.857387790072794,56.978081063496525,0.418328575242868,0.4266666666666667,5.84563276379166,5.8691428163539285,5617107,2
sc,02792605-4760-4023-82ad-40fc4458a5db,sc,cell,10x 5' v2,ppLSEC,PBC,UBASH3A,20,evaluable_descriptive,present,True,2,2,450,450,2,1.0106584560363066,1.239120136855541,0.01290845981638563,0.011111111111111112,0.3360901749140248,1.6852267371585883,5617107,2
sc,02792605-4760-4023-82ad-40fc4458a5db,sc,cell,10x 5' v2,ppLSEC,PBC,BCL2L11,50,evaluable_descriptive,present,True,2,2,450,450,2,5.004280577196976,32.35766759779886,0.23614163363388035,0.24666666666666667,4.6009267211917,5.407634433202252,5617107,2
sc,02792605-4760-4023-82ad-40fc4458a5db,sc,cell,10x 5' v2,ppLSEC,PBC,ETS2,50,evaluable_descriptive,present,True,2,2,450,450,2,8.781283453090833,458.15211499726024,0.8633264186982685,0.8733333333333333,8.356877246389072,9.205689659792592,5617107,2
sc,02792605-4760-4023-82ad-40fc4458a5db,sc,cell,10x 5' v2,ppLSEC,PBC,PFKFB3,50,evaluable_descriptive,present,True,2,2,450,450,2,5.485147670818357,45.22804928558088,0.32244449464971553,0.34444444444444444,5.1207093130295025,5.849586028607212,5617107,2
sc,02792605-4760-4023-82ad-40fc4458a5db,sc,cell,10x 5' v2,ppLSEC,PBC,PRKD2,50,evaluable_descriptive,present,True,2,2,450,450,2,5.857387790072794,56.978081063496525,0.418328575242868,0.4266666666666667,5.84563276379166,5.8691428163539285,5617107,2
sc,02792605-4760-4023-82ad-40fc4458a5db,sc,cell,10x 5' v2,ppLSEC,PBC,UBASH3A,50,evaluable_descriptive,present,True,2,2,450,450,2,1.0106584560363066,1.239120136855541,0.01290845981638563,0.011111111111111112,0.3360901749140248,1.6852267371585883,5617107,2
sc,02792605-4760-4023-82ad-40fc4458a5db,sc,cell,10x 5' v2,ppLSEC,PSC,BCL2L11,20,evaluable_descriptive,present,True,5,8,547,575,5,4.172616478772345,17.033611961931427,0.11764705882352941,0.12248628884826325,3.623806837022252,5.750007365074322,4270631,5
sc,02792605-4760-4023-82ad-40fc4458a5db,sc,cell,10x 5' v2,ppLSEC,PSC,ETS2,20,evaluable_descriptive,present,True,5,8,547,575,5,8.654496966092998,401.96115640601874,0.7439024390243902,0.7276051188299817,7.3009688430017095,9.01761178755456,4270631,5
sc,02792605-4760-4023-82ad-40fc4458a5db,sc,cell,10x 5' v2,ppLSEC,PSC,PFKFB3,20,evaluable_descriptive,present,True,5,8,547,575,5,4.927028556155383,29.421693388790644,0.17647058823529413,0.21023765996343693,4.348124039523238,5.751890482847709,4270631,5
sc,02792605-4760-4023-82ad-40fc4458a5db,sc,cell,10x 5' v2,ppLSEC,PSC,PRKD2,20,evaluable_descriptive,present,True,5,8,547,575,5,5.939976343431699,60.39189695593869,0.36065573770491804,0.263254113345521,4.818348606077451,6.198818595137713,4270631,5
sc,02792605-4760-4023-82ad-40fc4458a5db,sc,cell,10x 5' v2,ppLSEC,PSC,UBASH3A,20,evaluable_descriptive,present,True,5,8,547,575,2,0.0,0.0,0.0,0.007312614259597806,0.0,1.6106530632933638,4270631,5
sc,02792605-4760-4023-82ad-40fc4458a5db,sc,cell,10x 5' v2,ppLSEC,PSC,BCL2L11,50,evaluable_descriptive,present,True,4,8,502,575,4,4.350576099147672,19.556521228198854,0.10693349504750355,0.12151394422310757,3.887646278699095,5.750007365074322,3740946,4
sc,02792605-4760-4023-82ad-40fc4458a5db,sc,cell,10x 5' v2,ppLSEC,PSC,ETS2,50,evaluable_descriptive,present,True,4,8,502,575,4,8.579859274206772,382.1562690708255,0.7207484703713016,0.7111553784860558,7.3009688430017095,8.658489907832044,3740946,4
sc,02792605-4760-4023-82ad-40fc4458a5db,sc,cell,10x 5' v2,ppLSEC,PSC,PFKFB3,50,evaluable_descriptive,present,True,4,8,502,575,4,4.738564967673247,25.924355349498846,0.16200578592092574,0.21115537848605578,4.348124039523238,5.751890482847709,3740946,4
sc,02792605-4760-4023-82ad-40fc4458a5db,sc,cell,10x 5' v2,ppLSEC,PSC,PRKD2,50,evaluable_descriptive,present,True,4,8,502,575,4,5.9336993627141865,60.12594749203997,0.3510595761695322,0.2450199203187251,4.818348606077451,6.198818595137713,3740946,4
sc,02792605-4760-4023-82ad-40fc4458a5db,sc,cell,10x 5' v2,ppLSEC,PSC,UBASH3A,50,evaluable_descriptive,present,True,4,8,502,575,2,0.6748270575783694,0.7742550891787011,0.005154639175257732,0.00796812749003984,0.0,1.6106530632933638,3740946,4
sn,1873a18a-66fd-4a4d-8277-a872c93f5b59,sn,nucleus,10x 3' v3,AntiB,Control,BCL2L11,20,evaluable_descriptive,present,True,1,4,22,33,1,6.203091865377512,72.67441860465117,0.13636363636363635,0.13636363636363635,6.203091865377512,6.203091865377512,41280,1
sn,1873a18a-66fd-4a4d-8277-a872c93f5b59,sn,nucleus,10x 3' v3,AntiB,Control,ETS2,20,evaluable_descriptive,present,True,1,4,22,33,0,0.0,0.0,0.0,0.0,0.0,0.0,41280,1
sn,1873a18a-66fd-4a4d-8277-a872c93f5b59,sn,nucleus,10x 3' v3,AntiB,Control,PFKFB3,20,evaluable_descriptive,present,True,1,4,22,33,1,4.656771280249274,24.224806201550386,0.045454545454545456,0.045454545454545456,4.656771280249274,4.656771280249274,41280,1
sn,1873a18a-66fd-4a4d-8277-a872c93f5b59,sn,nucleus,10x 3' v3,AntiB,Control,PRKD2,20,evaluable_descriptive,present,True,1,4,22,33,1,6.203091865377512,72.67441860465117,0.13636363636363635,0.13636363636363635,6.203091865377512,6.203091865377512,41280,1
sn,1873a18a-66fd-4a4d-8277-a872c93f5b59,sn,nucleus,10x 3' v3,AntiB,Control,UBASH3A,20,evaluable_descriptive,present,True,1,4,22,33,0,0.0,0.0,0.0,0.0,0.0,0.0,41280,1
sn,1873a18a-66fd-4a4d-8277-a872c93f5b59,sn,nucleus,10x 3' v3,AntiB,Control,BCL2L11,50,no_eligible_donors,present,True,0,4,0,33,0,,,,,,,0,0
sn,1873a18a-66fd-4a4d-8277-a872c93f5b59,sn,nucleus,10x 3' v3,AntiB,Control,ETS2,50,no_eligible_donors,present,True,0,4,0,33,0,,,,,,,0,0
sn,1873a18a-66fd-4a4d-8277-a872c93f5b59,sn,nucleus,10x 3' v3,AntiB,Control,PFKFB3,50,no_eligible_donors,present,True,0,4,0,33,0,,,,,,,0,0
sn,1873a18a-66fd-4a4d-8277-a872c93f5b59,sn,nucleus,10x 3' v3,AntiB,Control,PRKD2,50,no_eligible_donors,present,True,0,4,0,33,0,,,,,,,0,0
sn,1873a18a-66fd-4a4d-8277-a872c93f5b59,sn,nucleus,10x 3' v3,AntiB,Control,UBASH3A,50,no_eligible_donors,present,True,0,4,0,33,0,,,,,,,0,0
sn,1873a18a-66fd-4a4d-8277-a872c93f5b59,sn,nucleus,10x 3' v3,AntiB,PBC,BCL2L11,20,evaluable_descriptive,present,True,1,2,92,99,1,9.510423228360054,728.3276239854335,0.4891304347826087,0.4891304347826087,9.510423228360054,9.510423228360054,162015,1
sn,1873a18a-66fd-4a4d-8277-a872c93f5b59,sn,nucleus,10x 3' v3,AntiB,PBC,ETS2,20,evaluable_descriptive,present,True,1,2,92,99,1,7.095817859085058,135.7898959972842,0.15217391304347827,0.15217391304347827,7.095817859085058,7.095817859085058,162015,1
sn,1873a18a-66fd-4a4d-8277-a872c93f5b59,sn,nucleus,10x 3' v3,AntiB,PBC,PFKFB3,20,evaluable_descriptive,present,True,1,2,92,99,1,6.959368629548503,123.4453599975311,0.14130434782608695,0.14130434782608695,6.959368629548503,6.959368629548503,162015,1
sn,1873a18a-66fd-4a4d-8277-a872c93f5b59,sn,nucleus,10x 3' v3,AntiB,PBC,PRKD2,20,evaluable_descriptive,present,True,1,2,92,99,1,5.97091529876532,61.72267999876555,0.10869565217391304,0.10869565217391304,5.97091529876532,5.97091529876532,162015,1
sn,1873a18a-66fd-4a4d-8277-a872c93f5b59,sn,nucleus,10x 3' v3,AntiB,PBC,UBASH3A,20,evaluable_descriptive,present,True,1,2,92,99,0,0.0,0.0,0.0,0.0,0.0,0.0,162015,1
sn,1873a18a-66fd-4a4d-8277-a872c93f5b59,sn,nucleus,10x 3' v3,AntiB,PBC,BCL2L11,50,evaluable_descriptive,present,True,1,2,92,99,1,9.510423228360054,728.3276239854335,0.4891304347826087,0.4891304347826087,9.510423228360054,9.510423228360054,162015,1
sn,1873a18a-66fd-4a4d-8277-a872c93f5b59,sn,nucleus,10x 3' v3,AntiB,PBC,ETS2,50,evaluable_descriptive,present,True,1,2,92,99,1,7.095817859085058,135.7898959972842,0.15217391304347827,0.15217391304347827,7.095817859085058,7.095817859085058,162015,1
sn,1873a18a-66fd-4a4d-8277-a872c93f5b59,sn,nucleus,10x 3' v3,AntiB,PBC,PFKFB3,50,evaluable_descriptive,present,True,1,2,92,99,1,6.959368629548503,123.4453599975311,0.14130434782608695,0.14130434782608695,6.959368629548503,6.959368629548503,162015,1
sn,1873a18a-66fd-4a4d-8277-a872c93f5b59,sn,nucleus,10x 3' v3,AntiB,PBC,PRKD2,50,evaluable_descriptive,present,True,1,2,92,99,1,5.97091529876532,61.72267999876555,0.10869565217391304,0.10869565217391304,5.97091529876532,5.97091529876532,162015,1
sn,1873a18a-66fd-4a4d-8277-a872c93f5b59,sn,nucleus,10x 3' v3,AntiB,PBC,UBASH3A,50,evaluable_descriptive,present,True,1,2,92,99,0,0.0,0.0,0.0,0.0,0.0,0.0,162015,1
sn,1873a18a-66fd-4a4d-8277-a872c93f5b59,sn,nucleus,10x 3' v3,AntiB,PSC,BCL2L11,20,evaluable_descriptive,present,True,3,7,201,239,3,8.473617447438476,354.4782417879207,0.3333333333333333,0.36318407960199006,7.66717597974345,9.110808611503625,442429,3
sn,1873a18a-66fd-4a4d-8277-a872c93f5b59,sn,nucleus,10x 3' v3,AntiB,PSC,ETS2,20,evaluable_descriptive,present,True,3,7,201,239,3,6.299976393722373,77.79195320036095,0.15555555555555556,0.14925373134328357,6.192193821297179,6.6763731696797946,442429,3
sn,1873a18a-66fd-4a4d-8277-a872c93f5b59,sn,nucleus,10x 3' v3,AntiB,PSC,PFKFB3,20,evaluable_descriptive,present,True,3,7,201,239,3,5.149428698841207,34.49216557493737,0.09523809523809523,0.11442786069651742,5.119349227152127,8.13468829971667,442429,3
sn,1873a18a-66fd-4a4d-8277-a872c93f5b59,sn,nucleus,10x 3' v3,AntiB,PSC,PRKD2,20,evaluable_descriptive,present,True,3,7,201,239,3,7.358025848833446,163.05387362697664,0.2857142857142857,0.24875621890547264,5.575166235900416,7.407685535058348,442429,3
sn,1873a18a-66fd-4a4d-8277-a872c93f5b59,sn,nucleus,10x 3' v3,AntiB,PSC,UBASH3A,20,evaluable_descriptive,present,True,3,7,201,239,0,0.0,0.0,0.0,0.0,0.0,0.0,442429,3
sn,1873a18a-66fd-4a4d-8277-a872c93f5b59,sn,nucleus,10x 3' v3,AntiB,PSC,BCL2L11,50,evaluable_descriptive,present,True,1,7,135,239,1,9.110808611503625,551.8746491989979,0.42962962962962964,0.42962962962962964,9.110808611503625,9.110808611503625,318913,1
sn,1873a18a-66fd-4a4d-8277-a872c93f5b59,sn,nucleus,10x 3' v3,AntiB,PSC,ETS2,50,evaluable_descriptive,present,True,1,7,135,239,1,6.192193821297179,72.11998256577812,0.15555555555555556,0.15555555555555556,6.192193821297179,6.192193821297179,318913,1
sn,1873a18a-66fd-4a4d-8277-a872c93f5b59,sn,nucleus,10x 3' v3,AntiB,PSC,PFKFB3,50,evaluable_descriptive,present,True,1,7,135,239,1,5.149428698841207,34.49216557493737,0.08148148148148149,0.08148148148148149,5.149428698841207,5.149428698841207,318913,1
sn,1873a18a-66fd-4a4d-8277-a872c93f5b59,sn,nucleus,10x 3' v3,AntiB,PSC,PRKD2,50,evaluable_descriptive,present,True,1,7,135,239,1,7.358025848833446,163.05387362697664,0.3111111111111111,0.3111111111111111,7.358025848833446,7.358025848833446,318913,1
sn,1873a18a-66fd-4a4d-8277-a872c93f5b59,sn,nucleus,10x 3' v3,AntiB,PSC,UBASH3A,50,evaluable_descriptive,present,True,1,7,135,239,0,0.0,0.0,0.0,0.0,0.0,0.0,318913,1
sn,1873a18a-66fd-4a4d-8277-a872c93f5b59,sn,nucleus,10x 3' v3,C-Hepato,Control,BCL2L11,20,evaluable_descriptive,present,True,4,4,5568,5568,4,4.397711741443814,20.476517578522348,0.12949827880627762,0.19647988505747127,3.6038679396521265,5.72636344874021,47659203,4
sn,1873a18a-66fd-4a4d-8277-a872c93f5b59,sn,nucleus,10x 3' v3,C-Hepato,Control,ETS2,20,evaluable_descriptive,present,True,4,4,5568,5568,4,8.001040674002017,262.7125509818485,0.6953769950467804,0.7137212643678161,7.43478192203713,9.72967125513262,47659203,4
sn,1873a18a-66fd-4a4d-8277-a872c93f5b59,sn,nucleus,10x 3' v3,C-Hepato,Control,PFKFB3,20,evaluable_descriptive,present,True,4,4,5568,5568,4,5.362602789071568,40.78882032213337,0.18250056469610315,0.24748563218390804,4.134639020038954,5.976397513379221,47659203,4
sn,1873a18a-66fd-4a4d-8277-a872c93f5b59,sn,nucleus,10x 3' v3,C-Hepato,Control,PRKD2,20,evaluable_descriptive,present,True,4,4,5568,5568,3,4.059644120250878,15.778246905247086,0.10751181344247779,0.1221264367816092,0.0,4.230869801334802,47659203,4
sn,1873a18a-66fd-4a4d-8277-a872c93f5b59,sn,nucleus,10x 3' v3,C-Hepato,Control,UBASH3A,20,evaluable_descriptive,present,True,4,4,5568,5568,2,0.06981746412618543,0.05081315788430677,0.0005063291139240507,0.0007183908045977011,0.0,0.3102402104450625,47659203,4
sn,1873a18a-66fd-4a4d-8277-a872c93f5b59,sn,nucleus,10x 3' v3,C-Hepato,Control,BCL2L11,50,evaluable_descriptive,present,True,4,4,5568,5568,4,4.397711741443814,20.476517578522348,0.12949827880627762,0.19647988505747127,3.6038679396521265,5.72636344874021,47659203,4
sn,1873a18a-66fd-4a4d-8277-a872c93f5b59,sn,nucleus,10x 3' v3,C-Hepato,Control,ETS2,50,evaluable_descriptive,present,True,4,4,5568,5568,4,8.001040674002017,262.7125509818485,0.6953769950467804,0.7137212643678161,7.43478192203713,9.72967125513262,47659203,4
sn,1873a18a-66fd-4a4d-8277-a872c93f5b59,sn,nucleus,10x 3' v3,C-Hepato,Control,PFKFB3,50,evaluable_descriptive,present,True,4,4,5568,5568,4,5.362602789071568,40.78882032213337,0.18250056469610315,0.24748563218390804,4.134639020038954,5.976397513379221,47659203,4
sn,1873a18a-66fd-4a4d-8277-a872c93f5b59,sn,nucleus,10x 3' v3,C-Hepato,Control,PRKD2,50,evaluable_descriptive,present,True,4,4,5568,5568,3,4.059644120250878,15.778246905247086,0.10751181344247779,0.1221264367816092,0.0,4.230869801334802,47659203,4
sn,1873a18a-66fd-4a4d-8277-a872c93f5b59,sn,nucleus,10x 3' v3,C-Hepato,Control,UBASH3A,50,evaluable_descriptive,present,True,4,4,5568,5568,2,0.06981746412618543,0.05081315788430677,0.0005063291139240507,0.0007183908045977011,0.0,0.3102402104450625,47659203,4
sn,1873a18a-66fd-4a4d-8277-a872c93f5b59,sn,nucleus,10x 3' v3,C-Hepato,PBC,BCL2L11,20,evaluable_descriptive,present,True,2,2,4053,4053,2,4.348556877139751,19.650033885346215,0.08355298345840928,0.08364174685418209,4.110725418161902,4.586388336117601,20212874,2
sn,1873a18a-66fd-4a4d-8277-a872c93f5b59,sn,nucleus,10x 3' v3,C-Hepato,PBC,ETS2,20,evaluable_descriptive,present,True,2,2,4053,4053,2,9.18657565036401,634.723519847247,0.838069917180009,0.8391315075252899,8.575602924338032,9.797548376389987,20212874,2
sn,1873a18a-66fd-4a4d-8277-a872c93f5b59,sn,nucleus,10x 3' v3,C-Hepato,PBC,PFKFB3,20,evaluable_descriptive,present,True,2,2,4053,4053,2,6.709463708917969,106.20663858831871,0.33960409881503406,0.3399950653836664,6.391371572747702,7.027555845088236,20212874,2
sn,1873a18a-66fd-4a4d-8277-a872c93f5b59,sn,nucleus,10x 3' v3,C-Hepato,PBC,PRKD2,20,evaluable_descriptive,present,True,2,2,4053,4053,2,3.8996111767496338,14.366113046425886,0.06793898930578707,0.06760424377004688,3.5495105039904,4.249711849508867,20212874,2
sn,1873a18a-66fd-4a4d-8277-a872c93f5b59,sn,nucleus,10x 3' v3,C-Hepato,PBC,UBASH3A,20,evaluable_descriptive,present,True,2,2,4053,4053,1,0.175740731718219,0.13793505521034496,0.000751503006012024,0.0007401924500370096,0.0,0.351481463436438,20212874,2
sn,1873a18a-66fd-4a4d-8277-a872c93f5b59,sn,nucleus,10x 3' v3,C-Hepato,PBC,BCL2L11,50,evaluable_descriptive,present,True,2,2,4053,4053,2,4.348556877139751,19.650033885346215,0.08355298345840928,0.08364174685418209,4.110725418161902,4.586388336117601,20212874,2
sn,1873a18a-66fd-4a4d-8277-a872c93f5b59,sn,nucleus,10x 3' v3,C-Hepato,PBC,ETS2,50,evaluable_descriptive,present,True,2,2,4053,4053,2,9.18657565036401,634.723519847247,0.838069917180009,0.8391315075252899,8.575602924338032,9.797548376389987,20212874,2
sn,1873a18a-66fd-4a4d-8277-a872c93f5b59,sn,nucleus,10x 3' v3,C-Hepato,PBC,PFKFB3,50,evaluable_descriptive,present,True,2,2,4053,4053,2,6.709463708917969,106.20663858831871,0.33960409881503406,0.3399950653836664,6.391371572747702,7.027555845088236,20212874,2
sn,1873a18a-66fd-4a4d-8277-a872c93f5b59,sn,nucleus,10x 3' v3,C-Hepato,PBC,PRKD2,50,evaluable_descriptive,present,True,2,2,4053,4053,2,3.8996111767496338,14.366113046425886,0.06793898930578707,0.06760424377004688,3.5495105039904,4.249711849508867,20212874,2
sn,1873a18a-66fd-4a4d-8277-a872c93f5b59,sn,nucleus,10x 3' v3,C-Hepato,PBC,UBASH3A,50,evaluable_descriptive,present,True,2,2,4053,4053,1,0.175740731718219,0.13793505521034496,0.000751503006012024,0.0007401924500370096,0.0,0.351481463436438,20212874,2
sn,1873a18a-66fd-4a4d-8277-a872c93f5b59,sn,nucleus,10x 3' v3,C-Hepato,PSC,BCL2L11,20,evaluable_descriptive,present,True,7,7,9833,9833,7,4.649800875586498,24.103226082904385,0.0899390243902439,0.10739347096511746,4.084735218391067,5.0581276220138545,54948248,7
sn,1873a18a-66fd-4a4d-8277-a872c93f5b59,sn,nucleus,10x 3' v3,C-Hepato,PSC,ETS2,20,evaluable_descriptive,present,True,7,7,9833,9833,7,8.459642980564928,351.0515735111182,0.7423780487804879,0.7001932268890471,8.189801650488054,8.87867097921793,54948248,7
sn,1873a18a-66fd-4a4d-8277-a872c93f5b59,sn,nucleus,10x 3' v3,C-Hepato,PSC,PFKFB3,20,evaluable_descriptive,present,True,7,7,9833,9833,7,6.310559434421177,78.37206496616702,0.2071150097465887,0.21702430590867486,4.9510946666784434,7.092504592160692,54948248,7
sn,1873a18a-66fd-4a4d-8277-a872c93f5b59,sn,nucleus,10x 3' v3,C-Hepato,PSC,PRKD2,20,evaluable_descriptive,present,True,7,7,9833,9833,7,4.491354072048382,21.49221865719401,0.08346972176759411,0.09112173294009966,3.8586894195289387,4.893633683271592,54948248,7
sn,1873a18a-66fd-4a4d-8277-a872c93f5b59,sn,nucleus,10x 3' v3,C-Hepato,PSC,UBASH3A,20,evaluable_descriptive,present,True,7,7,9833,9833,5,0.20741846812578735,0.15462027810930945,0.0005561735261401557,0.0011186819892199736,0.0,0.9634478029344361,54948248,7
sn,1873a18a-66fd-4a4d-8277-a872c93f5b59,sn,nucleus,10x 3' v3,C-Hepato,PSC,BCL2L11,50,evaluable_descriptive,present,True,7,7,9833,9833,7,4.649800875586498,24.103226082904385,0.0899390243902439,0.10739347096511746,4.084735218391067,5.0581276220138545,54948248,7
sn,1873a18a-66fd-4a4d-8277-a872c93f5b59,sn,nucleus,10x 3' v3,C-Hepato,PSC,ETS2,50,evaluable_descriptive,present,True,7,7,9833,9833,7,8.459642980564928,351.0515735111182,0.7423780487804879,0.7001932268890471,8.189801650488054,8.87867097921793,54948248,7
sn,1873a18a-66fd-4a4d-8277-a872c93f5b59,sn,nucleus,10x 3' v3,C-Hepato,PSC,PFKFB3,50,evaluable_descriptive,present,True,7,7,9833,9833,7,6.310559434421177,78.37206496616702,0.2071150097465887,0.21702430590867486,4.9510946666784434,7.092504592160692,54948248,7
sn,1873a18a-66fd-4a4d-8277-a872c93f5b59,sn,nucleus,10x 3' v3,C-Hepato,PSC,PRKD2,50,evaluable_descriptive,present,True,7,7,9833,9833,7,4.491354072048382,21.49221865719401,0.08346972176759411,0.09112173294009966,3.8586894195289387,4.893633683271592,54948248,7
sn,1873a18a-66fd-4a4d-8277-a872c93f5b59,sn,nucleus,10x 3' v3,C-Hepato,PSC,UBASH3A,50,evaluable_descriptive,present,True,7,7,9833,9833,5,0.20741846812578735,0.15462027810930945,0.0005561735261401557,0.0011186819892199736,0.0,0.9634478029344361,54948248,7
sn,1873a18a-66fd-4a4d-8277-a872c93f5b59,sn,nucleus,10x 3' v3,C-Hepato2,Control,BCL2L11,20,evaluable_descriptive,present,True,4,4,1665,1665,3,4.2862474302285705,19.38945644560944,0.053370531074620656,0.13033033033033034,0.0,6.082279313243095,7156887,4
sn,1873a18a-66fd-4a4d-8277-a872c93f5b59,sn,nucleus,10x 3' v3,C-Hepato2,Control,ETS2,20,evaluable_descriptive,present,True,4,4,1665,1665,4,7.919184027210706,242.95832028617215,0.5962009803921569,0.5111111111111111,7.63843077346949,9.151965765155857,7156887,4
sn,1873a18a-66fd-4a4d-8277-a872c93f5b59,sn,nucleus,10x 3' v3,C-Hepato2,Control,PFKFB3,20,evaluable_descriptive,present,True,4,4,1665,1665,4,5.650444988812178,49.6187780221206,0.1082721754099846,0.12732732732732732,4.244937064109806,6.326218347952212,7156887,4
sn,1873a18a-66fd-4a4d-8277-a872c93f5b59,sn,nucleus,10x 3' v3,C-Hepato2,Control,PRKD2,20,evaluable_descriptive,present,True,4,4,1665,1665,3,3.9357370241811935,14.512017671293972,0.04965833506547496,0.06546546546546547,0.0,4.774151211735417,7156887,4
sn,1873a18a-66fd-4a4d-8277-a872c93f5b59,sn,nucleus,10x 3' v3,C-Hepato2,Control,UBASH3A,20,evaluable_descriptive,present,True,4,4,1665,1665,2,0.22928568344962588,0.1870901789629816,0.0008833922261484099,0.0012012012012012011,0.0,1.0387996193395437,7156887,4
sn,1873a18a-66fd-4a4d-8277-a872c93f5b59,sn,nucleus,10x 3' v3,C-Hepato2,Control,BCL2L11,50,evaluable_descriptive,present,True,3,4,1626,1665,3,4.71745270264156,25.30842000588421,0.06433823529411764,0.13345633456334563,3.8550421578155816,6.082279313243095,7081166,3
sn,1873a18a-66fd-4a4d-8277-a872c93f5b59,sn,nucleus,10x 3' v3,C-Hepato2,Control,ETS2,50,evaluable_descriptive,present,True,3,4,1626,1665,3,7.7383249864264805,212.53444330194708,0.5257352941176471,0.507380073800738,7.63843077346949,8.100043067994932,7081166,3
sn,1873a18a-66fd-4a4d-8277-a872c93f5b59,sn,nucleus,10x 3' v3,C-Hepato2,Control,PFKFB3,50,evaluable_descriptive,present,True,3,4,1626,1665,3,5.470801319692012,43.348128531246914,0.08833922261484099,0.12730627306273062,4.244937064109806,5.830088657932344,7081166,3
sn,1873a18a-66fd-4a4d-8277-a872c93f5b59,sn,nucleus,10x 3' v3,C-Hepato2,Control,PRKD2,50,evaluable_descriptive,present,True,3,4,1626,1665,3,4.173948023883844,17.050263888957122,0.05514705882352941,0.06703567035670356,3.697526024478543,4.774151211735417,7081166,3
sn,1873a18a-66fd-4a4d-8277-a872c93f5b59,sn,nucleus,10x 3' v3,C-Hepato2,Control,UBASH3A,50,evaluable_descriptive,present,True,3,4,1626,1665,2,0.45857136689925176,0.3741803579259632,0.0017667844522968198,0.0012300123001230013,0.0,1.0387996193395437,7081166,3
sn,1873a18a-66fd-4a4d-8277-a872c93f5b59,sn,nucleus,10x 3' v3,C-Hepato2,PBC,BCL2L11,20,evaluable_descriptive,present,True,2,2,786,786,2,3.950731199198466,15.884459662517244,0.037116089943194486,0.03816793893129771,3.3367318965059165,4.564730501891015,2157387,2
sn,1873a18a-66fd-4a4d-8277-a872c93f5b59,sn,nucleus,10x 3' v3,C-Hepato2,PBC,ETS2,20,evaluable_descriptive,present,True,2,2,786,786,2,9.118202817306972,590.5480217133311,0.7229903612992996,0.727735368956743,8.602861332458236,9.633544302155707,2157387,2
sn,1873a18a-66fd-4a4d-8277-a872c93f5b59,sn,nucleus,10x 3' v3,C-Hepato2,PBC,PFKFB3,20,evaluable_descriptive,present,True,2,2,786,786,2,6.369533958522208,87.73445162637643,0.17287181946517707,0.17684478371501272,5.820923263545253,6.918144653499163,2157387,2
sn,1873a18a-66fd-4a4d-8277-a872c93f5b59,sn,nucleus,10x 3' v3,C-Hepato2,PBC,PRKD2,20,evaluable_descriptive,present,True,2,2,786,786,2,4.246555899908914,18.461981415362967,0.05313781248100291,0.04834605597964377,3.9227793606645394,4.5703324391532885,2157387,2
sn,1873a18a-66fd-4a4d-8277-a872c93f5b59,sn,nucleus,10x 3' v3,C-Hepato2,PBC,UBASH3A,20,evaluable_descriptive,present,True,2,2,786,786,0,0.0,0.0,0.0,0.0,0.0,0.0,2157387,2
sn,1873a18a-66fd-4a4d-8277-a872c93f5b59,sn,nucleus,10x 3' v3,C-Hepato2,PBC,BCL2L11,50,evaluable_descriptive,present,True,2,2,786,786,2,3.950731199198466,15.884459662517244,0.037116089943194486,0.03816793893129771,3.3367318965059165,4.564730501891015,2157387,2
sn,1873a18a-66fd-4a4d-8277-a872c93f5b59,sn,nucleus,10x 3' v3,C-Hepato2,PBC,ETS2,50,evaluable_descriptive,present,True,2,2,786,786,2,9.118202817306972,590.5480217133311,0.7229903612992996,0.727735368956743,8.602861332458236,9.633544302155707,2157387,2
sn,1873a18a-66fd-4a4d-8277-a872c93f5b59,sn,nucleus,10x 3' v3,C-Hepato2,PBC,PFKFB3,50,evaluable_descriptive,present,True,2,2,786,786,2,6.369533958522208,87.73445162637643,0.17287181946517707,0.17684478371501272,5.820923263545253,6.918144653499163,2157387,2
sn,1873a18a-66fd-4a4d-8277-a872c93f5b59,sn,nucleus,10x 3' v3,C-Hepato2,PBC,PRKD2,50,evaluable_descriptive,present,True,2,2,786,786,2,4.246555899908914,18.461981415362967,0.05313781248100291,0.04834605597964377,3.9227793606645394,4.5703324391532885,2157387,2
sn,1873a18a-66fd-4a4d-8277-a872c93f5b59,sn,nucleus,10x 3' v3,C-Hepato2,PBC,UBASH3A,50,evaluable_descriptive,present,True,2,2,786,786,0,0.0,0.0,0.0,0.0,0.0,0.0,2157387,2
sn,1873a18a-66fd-4a4d-8277-a872c93f5b59,sn,nucleus,10x 3' v3,C-Hepato2,PSC,BCL2L11,20,evaluable_descriptive,present,True,7,7,2808,2808,7,4.705283823448301,25.087446352525106,0.06888888888888889,0.06944444444444445,3.4330019541769325,5.312650667671651,8437735,7
sn,1873a18a-66fd-4a4d-8277-a872c93f5b59,sn,nucleus,10x 3' v3,C-Hepato2,PSC,ETS2,20,evaluable_descriptive,present,True,7,7,2808,2808,7,8.427744502090567,343.35301586940056,0.5760869565217391,0.5281339031339032,7.69213903704917,8.873427687866,8437735,7
sn,1873a18a-66fd-4a4d-8277-a872c93f5b59,sn,nucleus,10x 3' v3,C-Hepato2,PSC,PFKFB3,20,evaluable_descriptive,present,True,7,7,2808,2808,7,5.778780278413911,53.90175180693373,0.09333333333333334,0.09686609686609686,3.4543327822280405,6.45717803116286,8437735,7
sn,1873a18a-66fd-4a4d-8277-a872c93f5b59,sn,nucleus,10x 3' v3,C-Hepato2,PSC,PRKD2,20,evaluable_descriptive,present,True,7,7,2808,2808,7,4.264615662094779,18.221055568525404,0.04929577464788732,0.051994301994301995,3.8881363774126987,5.141641838473668,8437735,7
sn,1873a18a-66fd-4a4d-8277-a872c93f5b59,sn,nucleus,10x 3' v3,C-Hepato2,PSC,UBASH3A,20,evaluable_descriptive,present,True,7,7,2808,2808,0,0.0,0.0,0.0,0.0,0.0,0.0,8437735,7
sn,1873a18a-66fd-4a4d-8277-a872c93f5b59,sn,nucleus,10x 3' v3,C-Hepato2,PSC,BCL2L11,50,evaluable_descriptive,present,True,7,7,2808,2808,7,4.705283823448301,25.087446352525106,0.06888888888888889,0.06944444444444445,3.4330019541769325,5.312650667671651,8437735,7
sn,1873a18a-66fd-4a4d-8277-a872c93f5b59,sn,nucleus,10x 3' v3,C-Hepato2,PSC,ETS2,50,evaluable_descriptive,present,True,7,7,2808,2808,7,8.427744502090567,343.35301586940056,0.5760869565217391,0.5281339031339032,7.69213903704917,8.873427687866,8437735,7
sn,1873a18a-66fd-4a4d-8277-a872c93f5b59,sn,nucleus,10x 3' v3,C-Hepato2,PSC,PFKFB3,50,evaluable_descriptive,present,True,7,7,2808,2808,7,5.778780278413911,53.90175180693373,0.09333333333333334,0.09686609686609686,3.4543327822280405,6.45717803116286,8437735,7
sn,1873a18a-66fd-4a4d-8277-a872c93f5b59,sn,nucleus,10x 3' v3,C-Hepato2,PSC,PRKD2,50,evaluable_descriptive,present,True,7,7,2808,2808,7,4.264615662094779,18.221055568525404,0.04929577464788732,0.051994301994301995,3.8881363774126987,5.141641838473668,8437735,7
sn,1873a18a-66fd-4a4d-8277-a872c93f5b59,sn,nucleus,10x 3' v3,C-Hepato2,PSC,UBASH3A,50,evaluable_descriptive,present,True,7,7,2808,2808,0,0.0,0.0,0.0,0.0,0.0,0.0,8437735,7
sn,1873a18a-66fd-4a4d-8277-a872c93f5b59,sn,nucleus,10x 3' v3,CD4T,Control,BCL2L11,20,evaluable_descriptive,present,True,2,4,126,141,2,5.519325952452632,49.7781031799165,0.05714285714285714,0.06349206349206349,4.857387730447265,6.181264174457999,211186,2
sn,1873a18a-66fd-4a4d-8277-a872c93f5b59,sn,nucleus,10x 3' v3,CD4T,Control,ETS2,20,evaluable_descriptive,present,True,2,4,126,141,2,5.15743975413573,35.46447732378276,0.052380952380952375,0.05555555555555555,4.857387730447265,5.457491777824195,211186,2
sn,1873a18a-66fd-4a4d-8277-a872c93f5b59,sn,nucleus,10x 3' v3,CD4T,Control,PFKFB3,20,evaluable_descriptive,present,True,2,4,126,141,2,6.138763065268055,78.24556123390819,0.12380952380952381,0.1111111111111111,5.4256645901601965,6.851861540375913,211186,2
sn,1873a18a-66fd-4a4d-8277-a872c93f5b59,sn,nucleus,10x 3' v3,CD4T,Control,PRKD2,20,evaluable_descriptive,present,True,2,4,126,141,2,6.043332110227319,71.08874830584132,0.13333333333333333,0.12698412698412698,5.4256645901601965,6.660999630294442,211186,2
sn,1873a18a-66fd-4a4d-8277-a872c93f5b59,sn,nucleus,10x 3' v3,CD4T,Control,UBASH3A,20,evaluable_descriptive,present,True,2,4,126,141,2,6.40507047436304,85.08278684542346,0.18571428571428572,0.15079365079365079,6.149141318431637,6.660999630294442,211186,2
sn,1873a18a-66fd-4a4d-8277-a872c93f5b59,sn,nucleus,10x 3' v3,CD4T,Control,BCL2L11,50,evaluable_descriptive,present,True,1,4,105,141,1,6.181264174457999,71.56812928066873,0.06666666666666667,0.06666666666666667,6.181264174457999,6.181264174457999,139727,1
sn,1873a18a-66fd-4a4d-8277-a872c93f5b59,sn,nucleus,10x 3' v3,CD4T,Control,ETS2,50,evaluable_descriptive,present,True,1,4,105,141,1,5.457491777824195,42.94087756840124,0.05714285714285714,0.05714285714285714,5.457491777824195,5.457491777824195,139727,1
sn,1873a18a-66fd-4a4d-8277-a872c93f5b59,sn,nucleus,10x 3' v3,CD4T,Control,PFKFB3,50,evaluable_descriptive,present,True,1,4,105,141,1,6.851861540375913,114.50900684906998,0.10476190476190476,0.10476190476190476,6.851861540375913,6.851861540375913,139727,1
sn,1873a18a-66fd-4a4d-8277-a872c93f5b59,sn,nucleus,10x 3' v3,CD4T,Control,PRKD2,50,evaluable_descriptive,present,True,1,4,105,141,1,6.660999630294442,100.19538099293622,0.12380952380952381,0.12380952380952381,6.660999630294442,6.660999630294442,139727,1
sn,1873a18a-66fd-4a4d-8277-a872c93f5b59,sn,nucleus,10x 3' v3,CD4T,Control,UBASH3A,50,evaluable_descriptive,present,True,1,4,105,141,1,6.660999630294442,100.19538099293622,0.13333333333333333,0.13333333333333333,6.660999630294442,6.660999630294442,139727,1
sn,1873a18a-66fd-4a4d-8277-a872c93f5b59,sn,nucleus,10x 3' v3,CD4T,PBC,BCL2L11,20,evaluable_descriptive,present,True,2,2,291,291,2,6.017940009617077,70.98256793762226,0.1510334996436208,0.13402061855670103,5.344835208254655,6.691044810979499,650452,2
sn,1873a18a-66fd-4a4d-8277-a872c93f5b59,sn,nucleus,10x 3' v3,CD4T,PBC,ETS2,20,evaluable_descriptive,present,True,2,2,291,291,2,7.559350063503331,240.11266143667072,0.41717747683535283,0.24054982817869416,6.5065562918287645,8.612143835177898,650452,2
sn,1873a18a-66fd-4a4d-8277-a872c93f5b59,sn,nucleus,10x 3' v3,CD4T,PBC,PFKFB3,20,evaluable_descriptive,present,True,2,2,291,291,2,7.0362390623269455,141.91362522272578,0.2518888096935139,0.2268041237113402,6.432606517147491,7.639871607506399,650452,2
sn,1873a18a-66fd-4a4d-8277-a872c93f5b59,sn,nucleus,10x 3' v3,CD4T,PBC,PRKD2,20,evaluable_descriptive,present,True,2,2,291,291,2,5.489754317753599,44.65189756729683,0.12712045616535994,0.09621993127147767,5.232313230379522,5.747195405127675,650452,2
sn,1873a18a-66fd-4a4d-8277-a872c93f5b59,sn,nucleus,10x 3' v3,CD4T,PBC,UBASH3A,20,evaluable_descriptive,present,True,2,2,291,291,2,4.846965343324712,44.883695503631266,0.07241625089094797,0.0859106529209622,3.3430859780430557,6.350844708606368,650452,2
sn,1873a18a-66fd-4a4d-8277-a872c93f5b59,sn,nucleus,10x 3' v3,CD4T,PBC,BCL2L11,50,evaluable_descriptive,present,True,2,2,291,291,2,6.017940009617077,70.98256793762226,0.1510334996436208,0.13402061855670103,5.344835208254655,6.691044810979499,650452,2
sn,1873a18a-66fd-4a4d-8277-a872c93f5b59,sn,nucleus,10x 3' v3,CD4T,PBC,ETS2,50,evaluable_descriptive,present,True,2,2,291,291,2,7.559350063503331,240.11266143667072,0.41717747683535283,0.24054982817869416,6.5065562918287645,8.612143835177898,650452,2
sn,1873a18a-66fd-4a4d-8277-a872c93f5b59,sn,nucleus,10x 3' v3,CD4T,PBC,PFKFB3,50,evaluable_descriptive,present,True,2,2,291,291,2,7.0362390623269455,141.91362522272578,0.2518888096935139,0.2268041237113402,6.432606517147491,7.639871607506399,650452,2
sn,1873a18a-66fd-4a4d-8277-a872c93f5b59,sn,nucleus,10x 3' v3,CD4T,PBC,PRKD2,50,evaluable_descriptive,present,True,2,2,291,291,2,5.489754317753599,44.65189756729683,0.12712045616535994,0.09621993127147767,5.232313230379522,5.747195405127675,650452,2
sn,1873a18a-66fd-4a4d-8277-a872c93f5b59,sn,nucleus,10x 3' v3,CD4T,PBC,UBASH3A,50,evaluable_descriptive,present,True,2,2,291,291,2,4.846965343324712,44.883695503631266,0.07241625089094797,0.0859106529209622,3.3430859780430557,6.350844708606368,650452,2
sn,1873a18a-66fd-4a4d-8277-a872c93f5b59,sn,nucleus,10x 3' v3,CD4T,PSC,BCL2L11,20,evaluable_descriptive,present,True,6,7,1125,1138,6,6.222397807455685,76.48048338919493,0.13545296167247386,0.16444444444444445,4.923947466673431,7.306159946154393,2522221,6
sn,1873a18a-66fd-4a4d-8277-a872c93f5b59,sn,nucleus,10x 3' v3,CD4T,PSC,ETS2,20,evaluable_descriptive,present,True,6,7,1125,1138,6,6.9113613910088,119.5620834607835,0.1718562874251497,0.16444444444444445,6.122524236755786,7.546326169865682,2522221,6
sn,1873a18a-66fd-4a4d-8277-a872c93f5b59,sn,nucleus,10x 3' v3,CD4T,PSC,PFKFB3,20,evaluable_descriptive,present,True,6,7,1125,1138,6,6.679327041465719,102.2609812105536,0.23928571428571427,0.17244444444444446,6.1366744982367765,7.67274191596591,2522221,6
sn,1873a18a-66fd-4a4d-8277-a872c93f5b59,sn,nucleus,10x 3' v3,CD4T,PSC,PRKD2,20,evaluable_descriptive,present,True,6,7,1125,1138,6,5.603301877840783,48.577241859283774,0.08501742160278745,0.16266666666666665,4.3625537067590106,6.845451110049039,2522221,6
sn,1873a18a-66fd-4a4d-8277-a872c93f5b59,sn,nucleus,10x 3' v3,CD4T,PSC,UBASH3A,20,evaluable_descriptive,present,True,6,7,1125,1138,6,5.292979125785962,39.49497922817124,0.07983193277310924,0.15022222222222223,4.121760668382952,6.594493240743568,2522221,6
sn,1873a18a-66fd-4a4d-8277-a872c93f5b59,sn,nucleus,10x 3' v3,CD4T,PSC,BCL2L11,50,evaluable_descriptive,present,True,4,7,1063,1138,4,6.505668901619215,100.08898006974407,0.13545296167247386,0.16462841015992474,5.518205061466974,7.306159946154393,2317118,4
sn,1873a18a-66fd-4a4d-8277-a872c93f5b59,sn,nucleus,10x 3' v3,CD4T,PSC,ETS2,50,evaluable_descriptive,present,True,4,7,1063,1138,4,6.689780695710319,102.7251552270281,0.1718562874251497,0.16086547507055504,6.122524236755786,7.529670245098021,2317118,4
sn,1873a18a-66fd-4a4d-8277-a872c93f5b59,sn,nucleus,10x 3' v3,CD4T,PSC,PFKFB3,50,evaluable_descriptive,present,True,4,7,1063,1138,4,6.679327041465719,102.2609812105536,0.19094076655052267,0.1627469426152399,6.1366744982367765,7.67274191596591,2317118,4
sn,1873a18a-66fd-4a4d-8277-a872c93f5b59,sn,nucleus,10x 3' v3,CD4T,PSC,PRKD2,50,evaluable_descriptive,present,True,4,7,1063,1138,4,5.755118288164821,55.52297029906083,0.08501742160278745,0.16556914393226718,4.583313709029097,6.845451110049039,2317118,4
sn,1873a18a-66fd-4a4d-8277-a872c93f5b59,sn,nucleus,10x 3' v3,CD4T,PSC,UBASH3A,50,evaluable_descriptive,present,True,4,7,1063,1138,4,6.079130121168479,69.4539216824331,0.11881115817146196,0.15428033866415805,4.121760668382952,6.594493240743568,2317118,4
sn,1873a18a-66fd-4a4d-8277-a872c93f5b59,sn,nucleus,10x 3' v3,Chol,Control,BCL2L11,20,evaluable_descriptive,present,True,3,4,748,754,3,5.02815853758488,31.630711443892555,0.16352201257861634,0.12834224598930483,4.79524115634847,5.362313325159423,3677246,3
sn,1873a18a-66fd-4a4d-8277-a872c93f5b59,sn,nucleus,10x 3' v3,Chol,Control,ETS2,20,evaluable_descriptive,present,True,3,4,748,754,3,5.568567464040365,46.45760743321719,0.20754716981132076,0.16711229946524064,5.208152392979538,5.943533067315892,3677246,3
sn,1873a18a-66fd-4a4d-8277-a872c93f5b59,sn,nucleus,10x 3' v3,Chol,Control,PFKFB3,20,evaluable_descriptive,present,True,3,4,748,754,3,6.092022644786204,67.21526181827169,0.3018867924528302,0.25668449197860965,5.629739988791978,6.403819671021567,3677246,3
sn,1873a18a-66fd-4a4d-8277-a872c93f5b59,sn,nucleus,10x 3' v3,Chol,Control,PRKD2,20,evaluable_descriptive,present,True,3,4,748,754,3,4.9976558554686745,30.948047429137336,0.13679245283018868,0.14304812834224598,4.67183000208504,5.738453484935753,3677246,3
sn,1873a18a-66fd-4a4d-8277-a872c93f5b59,sn,nucleus,10x 3' v3,Chol,Control,UBASH3A,20,evaluable_descriptive,present,True,3,4,748,754,0,0.0,0.0,0.0,0.0,0.0,0.0,3677246,3
sn,1873a18a-66fd-4a4d-8277-a872c93f5b59,sn,nucleus,10x 3' v3,Chol,Control,BCL2L11,50,evaluable_descriptive,present,True,3,4,748,754,3,5.02815853758488,31.630711443892555,0.16352201257861634,0.12834224598930483,4.79524115634847,5.362313325159423,3677246,3
sn,1873a18a-66fd-4a4d-8277-a872c93f5b59,sn,nucleus,10x 3' v3,Chol,Control,ETS2,50,evaluable_descriptive,present,True,3,4,748,754,3,5.568567464040365,46.45760743321719,0.20754716981132076,0.16711229946524064,5.208152392979538,5.943533067315892,3677246,3
sn,1873a18a-66fd-4a4d-8277-a872c93f5b59,sn,nucleus,10x 3' v3,Chol,Control,PFKFB3,50,evaluable_descriptive,present,True,3,4,748,754,3,6.092022644786204,67.21526181827169,0.3018867924528302,0.25668449197860965,5.629739988791978,6.403819671021567,3677246,3
sn,1873a18a-66fd-4a4d-8277-a872c93f5b59,sn,nucleus,10x 3' v3,Chol,Control,PRKD2,50,evaluable_descriptive,present,True,3,4,748,754,3,4.9976558554686745,30.948047429137336,0.13679245283018868,0.14304812834224598,4.67183000208504,5.738453484935753,3677246,3
sn,1873a18a-66fd-4a4d-8277-a872c93f5b59,sn,nucleus,10x 3' v3,Chol,Control,UBASH3A,50,evaluable_descriptive,present,True,3,4,748,754,0,0.0,0.0,0.0,0.0,0.0,0.0,3677246,3
sn,1873a18a-66fd-4a4d-8277-a872c93f5b59,sn,nucleus,10x 3' v3,Chol,PBC,BCL2L11,20,evaluable_descriptive,present,True,2,2,2296,2296,2,4.900358177370213,30.93798262662861,0.09188865163198853,0.09102787456445993,4.3658133147139475,5.43490304002648,6862787,2
sn,1873a18a-66fd-4a4d-8277-a872c93f5b59,sn,nucleus,10x 3' v3,Chol,PBC,ETS2,20,evaluable_descriptive,present,True,2,2,2296,2296,2,7.70756857988695,208.64061814175216,0.4378269474968609,0.3832752613240418,7.597353354772545,7.817783805001356,6862787,2
sn,1873a18a-66fd-4a4d-8277-a872c93f5b59,sn,nucleus,10x 3' v3,Chol,PBC,PFKFB3,20,evaluable_descriptive,present,True,2,2,2296,2296,2,6.7473460854198954,109.70711610407714,0.2770443307818363,0.2604529616724739,6.392284299264762,7.102407871575028,6862787,2
sn,1873a18a-66fd-4a4d-8277-a872c93f5b59,sn,nucleus,10x 3' v3,Chol,PBC,PRKD2,20,evaluable_descriptive,present,True,2,2,2296,2296,2,5.173751637820082,36.56668008686606,0.11317154146832856,0.10627177700348432,4.76325050869708,5.5842527669430835,6862787,2
sn,1873a18a-66fd-4a4d-8277-a872c93f5b59,sn,nucleus,10x 3' v3,Chol,PBC,UBASH3A,20,evaluable_descriptive,present,True,2,2,2296,2296,1,0.43218652241010036,0.4102741677639791,0.0010357327809425167,0.0017421602787456446,0.0,0.8643730448202007,6862787,2
sn,1873a18a-66fd-4a4d-8277-a872c93f5b59,sn,nucleus,10x 3' v3,Chol,PBC,BCL2L11,50,evaluable_descriptive,present,True,2,2,2296,2296,2,4.900358177370213,30.93798262662861,0.09188865163198853,0.09102787456445993,4.3658133147139475,5.43490304002648,6862787,2
sn,1873a18a-66fd-4a4d-8277-a872c93f5b59,sn,nucleus,10x 3' v3,Chol,PBC,ETS2,50,evaluable_descriptive,present,True,2,2,2296,2296,2,7.70756857988695,208.64061814175216,0.4378269474968609,0.3832752613240418,7.597353354772545,7.817783805001356,6862787,2
sn,1873a18a-66fd-4a4d-8277-a872c93f5b59,sn,nucleus,10x 3' v3,Chol,PBC,PFKFB3,50,evaluable_descriptive,present,True,2,2,2296,2296,2,6.7473460854198954,109.70711610407714,0.2770443307818363,0.2604529616724739,6.392284299264762,7.102407871575028,6862787,2
sn,1873a18a-66fd-4a4d-8277-a872c93f5b59,sn,nucleus,10x 3' v3,Chol,PBC,PRKD2,50,evaluable_descriptive,present,True,2,2,2296,2296,2,5.173751637820082,36.56668008686606,0.11317154146832856,0.10627177700348432,4.76325050869708,5.5842527669430835,6862787,2
sn,1873a18a-66fd-4a4d-8277-a872c93f5b59,sn,nucleus,10x 3' v3,Chol,PBC,UBASH3A,50,evaluable_descriptive,present,True,2,2,2296,2296,1,0.43218652241010036,0.4102741677639791,0.0010357327809425167,0.0017421602787456446,0.0,0.8643730448202007,6862787,2
sn,1873a18a-66fd-4a4d-8277-a872c93f5b59,sn,nucleus,10x 3' v3,Chol,PSC,BCL2L11,20,evaluable_descriptive,present,True,7,7,3643,3643,7,5.088804954922329,33.03164431525401,0.09523809523809523,0.10101564644523744,3.358489015016656,5.4977070087772155,11673811,7
sn,1873a18a-66fd-4a4d-8277-a872c93f5b59,sn,nucleus,10x 3' v3,Chol,PSC,ETS2,20,evaluable_descriptive,present,True,7,7,3643,3643,7,6.640067032115811,98.73770021382883,0.28911138923654567,0.23304968432610487,6.117565471811825,8.119887071992677,11673811,7
sn,1873a18a-66fd-4a4d-8277-a872c93f5b59,sn,nucleus,10x 3' v3,Chol,PSC,PFKFB3,20,evaluable_descriptive,present,True,7,7,3643,3643,7,6.782984441615886,109.12394910765326,0.26783479349186484,0.2555586055448806,6.243626952901191,7.703027734464443,11673811,7
sn,1873a18a-66fd-4a4d-8277-a872c93f5b59,sn,nucleus,10x 3' v3,Chol,PSC,PRKD2,20,evaluable_descriptive,present,True,7,7,3643,3643,7,5.465900821318601,43.197743843550114,0.11639549436795996,0.13175953884161407,5.088804954922329,5.743248895378592,11673811,7
sn,1873a18a-66fd-4a4d-8277-a872c93f5b59,sn,nucleus,10x 3' v3,Chol,PSC,UBASH3A,20,evaluable_descriptive,present,True,7,7,3643,3643,3,0.0,0.0,0.0,0.0021959923140269007,0.0,1.1983256849554271,11673811,7
sn,1873a18a-66fd-4a4d-8277-a872c93f5b59,sn,nucleus,10x 3' v3,Chol,PSC,BCL2L11,50,evaluable_descriptive,present,True,7,7,3643,3643,7,5.088804954922329,33.03164431525401,0.09523809523809523,0.10101564644523744,3.358489015016656,5.4977070087772155,11673811,7
sn,1873a18a-66fd-4a4d-8277-a872c93f5b59,sn,nucleus,10x 3' v3,Chol,PSC,ETS2,50,evaluable_descriptive,present,True,7,7,3643,3643,7,6.640067032115811,98.73770021382883,0.28911138923654567,0.23304968432610487,6.117565471811825,8.119887071992677,11673811,7
sn,1873a18a-66fd-4a4d-8277-a872c93f5b59,sn,nucleus,10x 3' v3,Chol,PSC,PFKFB3,50,evaluable_descriptive,present,True,7,7,3643,3643,7,6.782984441615886,109.12394910765326,0.26783479349186484,0.2555586055448806,6.243626952901191,7.703027734464443,11673811,7
sn,1873a18a-66fd-4a4d-8277-a872c93f5b59,sn,nucleus,10x 3' v3,Chol,PSC,PRKD2,50,evaluable_descriptive,present,True,7,7,3643,3643,7,5.465900821318601,43.197743843550114,0.11639549436795996,0.13175953884161407,5.088804954922329,5.743248895378592,11673811,7
sn,1873a18a-66fd-4a4d-8277-a872c93f5b59,sn,nucleus,10x 3' v3,Chol,PSC,UBASH3A,50,evaluable_descriptive,present,True,7,7,3643,3643,3,0.0,0.0,0.0,0.0021959923140269007,0.0,1.1983256849554271,11673811,7
sn,1873a18a-66fd-4a4d-8277-a872c93f5b59,sn,nucleus,10x 3' v3,Chol--Kupffer-Doublet,Control,BCL2L11,20,no_eligible_donors,present,True,0,0,0,0,0,,,,,,,0,0
sn,1873a18a-66fd-4a4d-8277-a872c93f5b59,sn,nucleus,10x 3' v3,Chol--Kupffer-Doublet,Control,ETS2,20,no_eligible_donors,present,True,0,0,0,0,0,,,,,,,0,0
sn,1873a18a-66fd-4a4d-8277-a872c93f5b59,sn,nucleus,10x 3' v3,Chol--Kupffer-Doublet,Control,PFKFB3,20,no_eligible_donors,present,True,0,0,0,0,0,,,,,,,0,0
sn,1873a18a-66fd-4a4d-8277-a872c93f5b59,sn,nucleus,10x 3' v3,Chol--Kupffer-Doublet,Control,PRKD2,20,no_eligible_donors,present,True,0,0,0,0,0,,,,,,,0,0
sn,1873a18a-66fd-4a4d-8277-a872c93f5b59,sn,nucleus,10x 3' v3,Chol--Kupffer-Doublet,Control,UBASH3A,20,no_eligible_donors,present,True,0,0,0,0,0,,,,,,,0,0
sn,1873a18a-66fd-4a4d-8277-a872c93f5b59,sn,nucleus,10x 3' v3,Chol--Kupffer-Doublet,Control,BCL2L11,50,no_eligible_donors,present,True,0,0,0,0,0,,,,,,,0,0
sn,1873a18a-66fd-4a4d-8277-a872c93f5b59,sn,nucleus,10x 3' v3,Chol--Kupffer-Doublet,Control,ETS2,50,no_eligible_donors,present,True,0,0,0,0,0,,,,,,,0,0
sn,1873a18a-66fd-4a4d-8277-a872c93f5b59,sn,nucleus,10x 3' v3,Chol--Kupffer-Doublet,Control,PFKFB3,50,no_eligible_donors,present,True,0,0,0,0,0,,,,,,,0,0
sn,1873a18a-66fd-4a4d-8277-a872c93f5b59,sn,nucleus,10x 3' v3,Chol--Kupffer-Doublet,Control,PRKD2,50,no_eligible_donors,present,True,0,0,0,0,0,,,,,,,0,0
sn,1873a18a-66fd-4a4d-8277-a872c93f5b59,sn,nucleus,10x 3' v3,Chol--Kupffer-Doublet,Control,UBASH3A,50,no_eligible_donors,present,True,0,0,0,0,0,,,,,,,0,0
sn,1873a18a-66fd-4a4d-8277-a872c93f5b59,sn,nucleus,10x 3' v3,Chol--Kupffer-Doublet,PBC,BCL2L11,20,no_eligible_donors,present,True,0,0,0,0,0,,,,,,,0,0
sn,1873a18a-66fd-4a4d-8277-a872c93f5b59,sn,nucleus,10x 3' v3,Chol--Kupffer-Doublet,PBC,ETS2,20,no_eligible_donors,present,True,0,0,0,0,0,,,,,,,0,0
sn,1873a18a-66fd-4a4d-8277-a872c93f5b59,sn,nucleus,10x 3' v3,Chol--Kupffer-Doublet,PBC,PFKFB3,20,no_eligible_donors,present,True,0,0,0,0,0,,,,,,,0,0
sn,1873a18a-66fd-4a4d-8277-a872c93f5b59,sn,nucleus,10x 3' v3,Chol--Kupffer-Doublet,PBC,PRKD2,20,no_eligible_donors,present,True,0,0,0,0,0,,,,,,,0,0
sn,1873a18a-66fd-4a4d-8277-a872c93f5b59,sn,nucleus,10x 3' v3,Chol--Kupffer-Doublet,PBC,UBASH3A,20,no_eligible_donors,present,True,0,0,0,0,0,,,,,,,0,0
sn,1873a18a-66fd-4a4d-8277-a872c93f5b59,sn,nucleus,10x 3' v3,Chol--Kupffer-Doublet,PBC,BCL2L11,50,no_eligible_donors,present,True,0,0,0,0,0,,,,,,,0,0
sn,1873a18a-66fd-4a4d-8277-a872c93f5b59,sn,nucleus,10x 3' v3,Chol--Kupffer-Doublet,PBC,ETS2,50,no_eligible_donors,present,True,0,0,0,0,0,,,,,,,0,0
sn,1873a18a-66fd-4a4d-8277-a872c93f5b59,sn,nucleus,10x 3' v3,Chol--Kupffer-Doublet,PBC,PFKFB3,50,no_eligible_donors,present,True,0,0,0,0,0,,,,,,,0,0
sn,1873a18a-66fd-4a4d-8277-a872c93f5b59,sn,nucleus,10x 3' v3,Chol--Kupffer-Doublet,PBC,PRKD2,50,no_eligible_donors,present,True,0,0,0,0,0,,,,,,,0,0
sn,1873a18a-66fd-4a4d-8277-a872c93f5b59,sn,nucleus,10x 3' v3,Chol--Kupffer-Doublet,PBC,UBASH3A,50,no_eligible_donors,present,True,0,0,0,0,0,,,,,,,0,0
sn,1873a18a-66fd-4a4d-8277-a872c93f5b59,sn,nucleus,10x 3' v3,Chol--Kupffer-Doublet,PSC,BCL2L11,20,no_eligible_donors,present,True,0,0,0,0,0,,,,,,,0,0
sn,1873a18a-66fd-4a4d-8277-a872c93f5b59,sn,nucleus,10x 3' v3,Chol--Kupffer-Doublet,PSC,ETS2,20,no_eligible_donors,present,True,0,0,0,0,0,,,,,,,0,0
sn,1873a18a-66fd-4a4d-8277-a872c93f5b59,sn,nucleus,10x 3' v3,Chol--Kupffer-Doublet,PSC,PFKFB3,20,no_eligible_donors,present,True,0,0,0,0,0,,,,,,,0,0
sn,1873a18a-66fd-4a4d-8277-a872c93f5b59,sn,nucleus,10x 3' v3,Chol--Kupffer-Doublet,PSC,PRKD2,20,no_eligible_donors,present,True,0,0,0,0,0,,,,,,,0,0
sn,1873a18a-66fd-4a4d-8277-a872c93f5b59,sn,nucleus,10x 3' v3,Chol--Kupffer-Doublet,PSC,UBASH3A,20,no_eligible_donors,present,True,0,0,0,0,0,,,,,,,0,0
sn,1873a18a-66fd-4a4d-8277-a872c93f5b59,sn,nucleus,10x 3' v3,Chol--Kupffer-Doublet,PSC,BCL2L11,50,no_eligible_donors,present,True,0,0,0,0,0,,,,,,,0,0
sn,1873a18a-66fd-4a4d-8277-a872c93f5b59,sn,nucleus,10x 3' v3,Chol--Kupffer-Doublet,PSC,ETS2,50,no_eligible_donors,present,True,0,0,0,0,0,,,,,,,0,0
sn,1873a18a-66fd-4a4d-8277-a872c93f5b59,sn,nucleus,10x 3' v3,Chol--Kupffer-Doublet,PSC,PFKFB3,50,no_eligible_donors,present,True,0,0,0,0,0,,,,,,,0,0
sn,1873a18a-66fd-4a4d-8277-a872c93f5b59,sn,nucleus,10x 3' v3,Chol--Kupffer-Doublet,PSC,PRKD2,50,no_eligible_donors,present,True,0,0,0,0,0,,,,,,,0,0
sn,1873a18a-66fd-4a4d-8277-a872c93f5b59,sn,nucleus,10x 3' v3,Chol--Kupffer-Doublet,PSC,UBASH3A,50,no_eligible_donors,present,True,0,0,0,0,0,,,,,,,0,0
sn,1873a18a-66fd-4a4d-8277-a872c93f5b59,sn,nucleus,10x 3' v3,Chol--Stellate-Doublet,Control,BCL2L11,20,no_eligible_donors,present,True,0,0,0,0,0,,,,,,,0,0
sn,1873a18a-66fd-4a4d-8277-a872c93f5b59,sn,nucleus,10x 3' v3,Chol--Stellate-Doublet,Control,ETS2,20,no_eligible_donors,present,True,0,0,0,0,0,,,,,,,0,0
sn,1873a18a-66fd-4a4d-8277-a872c93f5b59,sn,nucleus,10x 3' v3,Chol--Stellate-Doublet,Control,PFKFB3,20,no_eligible_donors,present,True,0,0,0,0,0,,,,,,,0,0
sn,1873a18a-66fd-4a4d-8277-a872c93f5b59,sn,nucleus,10x 3' v3,Chol--Stellate-Doublet,Control,PRKD2,20,no_eligible_donors,present,True,0,0,0,0,0,,,,,,,0,0
sn,1873a18a-66fd-4a4d-8277-a872c93f5b59,sn,nucleus,10x 3' v3,Chol--Stellate-Doublet,Control,UBASH3A,20,no_eligible_donors,present,True,0,0,0,0,0,,,,,,,0,0
sn,1873a18a-66fd-4a4d-8277-a872c93f5b59,sn,nucleus,10x 3' v3,Chol--Stellate-Doublet,Control,BCL2L11,50,no_eligible_donors,present,True,0,0,0,0,0,,,,,,,0,0
sn,1873a18a-66fd-4a4d-8277-a872c93f5b59,sn,nucleus,10x 3' v3,Chol--Stellate-Doublet,Control,ETS2,50,no_eligible_donors,present,True,0,0,0,0,0,,,,,,,0,0
sn,1873a18a-66fd-4a4d-8277-a872c93f5b59,sn,nucleus,10x 3' v3,Chol--Stellate-Doublet,Control,PFKFB3,50,no_eligible_donors,present,True,0,0,0,0,0,,,,,,,0,0
sn,1873a18a-66fd-4a4d-8277-a872c93f5b59,sn,nucleus,10x 3' v3,Chol--Stellate-Doublet,Control,PRKD2,50,no_eligible_donors,present,True,0,0,0,0,0,,,,,,,0,0
sn,1873a18a-66fd-4a4d-8277-a872c93f5b59,sn,nucleus,10x 3' v3,Chol--Stellate-Doublet,Control,UBASH3A,50,no_eligible_donors,present,True,0,0,0,0,0,,,,,,,0,0
sn,1873a18a-66fd-4a4d-8277-a872c93f5b59,sn,nucleus,10x 3' v3,Chol--Stellate-Doublet,PBC,BCL2L11,20,no_eligible_donors,present,True,0,0,0,0,0,,,,,,,0,0
sn,1873a18a-66fd-4a4d-8277-a872c93f5b59,sn,nucleus,10x 3' v3,Chol--Stellate-Doublet,PBC,ETS2,20,no_eligible_donors,present,True,0,0,0,0,0,,,,,,,0,0
sn,1873a18a-66fd-4a4d-8277-a872c93f5b59,sn,nucleus,10x 3' v3,Chol--Stellate-Doublet,PBC,PFKFB3,20,no_eligible_donors,present,True,0,0,0,0,0,,,,,,,0,0
sn,1873a18a-66fd-4a4d-8277-a872c93f5b59,sn,nucleus,10x 3' v3,Chol--Stellate-Doublet,PBC,PRKD2,20,no_eligible_donors,present,True,0,0,0,0,0,,,,,,,0,0
sn,1873a18a-66fd-4a4d-8277-a872c93f5b59,sn,nucleus,10x 3' v3,Chol--Stellate-Doublet,PBC,UBASH3A,20,no_eligible_donors,present,True,0,0,0,0,0,,,,,,,0,0
sn,1873a18a-66fd-4a4d-8277-a872c93f5b59,sn,nucleus,10x 3' v3,Chol--Stellate-Doublet,PBC,BCL2L11,50,no_eligible_donors,present,True,0,0,0,0,0,,,,,,,0,0
sn,1873a18a-66fd-4a4d-8277-a872c93f5b59,sn,nucleus,10x 3' v3,Chol--Stellate-Doublet,PBC,ETS2,50,no_eligible_donors,present,True,0,0,0,0,0,,,,,,,0,0
sn,1873a18a-66fd-4a4d-8277-a872c93f5b59,sn,nucleus,10x 3' v3,Chol--Stellate-Doublet,PBC,PFKFB3,50,no_eligible_donors,present,True,0,0,0,0,0,,,,,,,0,0
sn,1873a18a-66fd-4a4d-8277-a872c93f5b59,sn,nucleus,10x 3' v3,Chol--Stellate-Doublet,PBC,PRKD2,50,no_eligible_donors,present,True,0,0,0,0,0,,,,,,,0,0
sn,1873a18a-66fd-4a4d-8277-a872c93f5b59,sn,nucleus,10x 3' v3,Chol--Stellate-Doublet,PBC,UBASH3A,50,no_eligible_donors,present,True,0,0,0,0,0,,,,,,,0,0
sn,1873a18a-66fd-4a4d-8277-a872c93f5b59,sn,nucleus,10x 3' v3,Chol--Stellate-Doublet,PSC,BCL2L11,20,no_eligible_donors,present,True,0,0,0,0,0,,,,,,,0,0
sn,1873a18a-66fd-4a4d-8277-a872c93f5b59,sn,nucleus,10x 3' v3,Chol--Stellate-Doublet,PSC,ETS2,20,no_eligible_donors,present,True,0,0,0,0,0,,,,,,,0,0
sn,1873a18a-66fd-4a4d-8277-a872c93f5b59,sn,nucleus,10x 3' v3,Chol--Stellate-Doublet,PSC,PFKFB3,20,no_eligible_donors,present,True,0,0,0,0,0,,,,,,,0,0
sn,1873a18a-66fd-4a4d-8277-a872c93f5b59,sn,nucleus,10x 3' v3,Chol--Stellate-Doublet,PSC,PRKD2,20,no_eligible_donors,present,True,0,0,0,0,0,,,,,,,0,0
sn,1873a18a-66fd-4a4d-8277-a872c93f5b59,sn,nucleus,10x 3' v3,Chol--Stellate-Doublet,PSC,UBASH3A,20,no_eligible_donors,present,True,0,0,0,0,0,,,,,,,0,0
sn,1873a18a-66fd-4a4d-8277-a872c93f5b59,sn,nucleus,10x 3' v3,Chol--Stellate-Doublet,PSC,BCL2L11,50,no_eligible_donors,present,True,0,0,0,0,0,,,,,,,0,0
sn,1873a18a-66fd-4a4d-8277-a872c93f5b59,sn,nucleus,10x 3' v3,Chol--Stellate-Doublet,PSC,ETS2,50,no_eligible_donors,present,True,0,0,0,0,0,,,,,,,0,0
sn,1873a18a-66fd-4a4d-8277-a872c93f5b59,sn,nucleus,10x 3' v3,Chol--Stellate-Doublet,PSC,PFKFB3,50,no_eligible_donors,present,True,0,0,0,0,0,,,,,,,0,0
sn,1873a18a-66fd-4a4d-8277-a872c93f5b59,sn,nucleus,10x 3' v3,Chol--Stellate-Doublet,PSC,PRKD2,50,no_eligible_donors,present,True,0,0,0,0,0,,,,,,,0,0
sn,1873a18a-66fd-4a4d-8277-a872c93f5b59,sn,nucleus,10x 3' v3,Chol--Stellate-Doublet,PSC,UBASH3A,50,no_eligible_donors,present,True,0,0,0,0,0,,,,,,,0,0
sn,1873a18a-66fd-4a4d-8277-a872c93f5b59,sn,nucleus,10x 3' v3,Chol-Doublet,Control,BCL2L11,20,no_eligible_donors,present,True,0,0,0,0,0,,,,,,,0,0
sn,1873a18a-66fd-4a4d-8277-a872c93f5b59,sn,nucleus,10x 3' v3,Chol-Doublet,Control,ETS2,20,no_eligible_donors,present,True,0,0,0,0,0,,,,,,,0,0
sn,1873a18a-66fd-4a4d-8277-a872c93f5b59,sn,nucleus,10x 3' v3,Chol-Doublet,Control,PFKFB3,20,no_eligible_donors,present,True,0,0,0,0,0,,,,,,,0,0
sn,1873a18a-66fd-4a4d-8277-a872c93f5b59,sn,nucleus,10x 3' v3,Chol-Doublet,Control,PRKD2,20,no_eligible_donors,present,True,0,0,0,0,0,,,,,,,0,0
sn,1873a18a-66fd-4a4d-8277-a872c93f5b59,sn,nucleus,10x 3' v3,Chol-Doublet,Control,UBASH3A,20,no_eligible_donors,present,True,0,0,0,0,0,,,,,,,0,0
sn,1873a18a-66fd-4a4d-8277-a872c93f5b59,sn,nucleus,10x 3' v3,Chol-Doublet,Control,BCL2L11,50,no_eligible_donors,present,True,0,0,0,0,0,,,,,,,0,0
sn,1873a18a-66fd-4a4d-8277-a872c93f5b59,sn,nucleus,10x 3' v3,Chol-Doublet,Control,ETS2,50,no_eligible_donors,present,True,0,0,0,0,0,,,,,,,0,0
sn,1873a18a-66fd-4a4d-8277-a872c93f5b59,sn,nucleus,10x 3' v3,Chol-Doublet,Control,PFKFB3,50,no_eligible_donors,present,True,0,0,0,0,0,,,,,,,0,0
sn,1873a18a-66fd-4a4d-8277-a872c93f5b59,sn,nucleus,10x 3' v3,Chol-Doublet,Control,PRKD2,50,no_eligible_donors,present,True,0,0,0,0,0,,,,,,,0,0
sn,1873a18a-66fd-4a4d-8277-a872c93f5b59,sn,nucleus,10x 3' v3,Chol-Doublet,Control,UBASH3A,50,no_eligible_donors,present,True,0,0,0,0,0,,,,,,,0,0
sn,1873a18a-66fd-4a4d-8277-a872c93f5b59,sn,nucleus,10x 3' v3,Chol-Doublet,PBC,BCL2L11,20,no_eligible_donors,present,True,0,0,0,0,0,,,,,,,0,0
sn,1873a18a-66fd-4a4d-8277-a872c93f5b59,sn,nucleus,10x 3' v3,Chol-Doublet,PBC,ETS2,20,no_eligible_donors,present,True,0,0,0,0,0,,,,,,,0,0
sn,1873a18a-66fd-4a4d-8277-a872c93f5b59,sn,nucleus,10x 3' v3,Chol-Doublet,PBC,PFKFB3,20,no_eligible_donors,present,True,0,0,0,0,0,,,,,,,0,0
sn,1873a18a-66fd-4a4d-8277-a872c93f5b59,sn,nucleus,10x 3' v3,Chol-Doublet,PBC,PRKD2,20,no_eligible_donors,present,True,0,0,0,0,0,,,,,,,0,0
sn,1873a18a-66fd-4a4d-8277-a872c93f5b59,sn,nucleus,10x 3' v3,Chol-Doublet,PBC,UBASH3A,20,no_eligible_donors,present,True,0,0,0,0,0,,,,,,,0,0
sn,1873a18a-66fd-4a4d-8277-a872c93f5b59,sn,nucleus,10x 3' v3,Chol-Doublet,PBC,BCL2L11,50,no_eligible_donors,present,True,0,0,0,0,0,,,,,,,0,0
sn,1873a18a-66fd-4a4d-8277-a872c93f5b59,sn,nucleus,10x 3' v3,Chol-Doublet,PBC,ETS2,50,no_eligible_donors,present,True,0,0,0,0,0,,,,,,,0,0
sn,1873a18a-66fd-4a4d-8277-a872c93f5b59,sn,nucleus,10x 3' v3,Chol-Doublet,PBC,PFKFB3,50,no_eligible_donors,present,True,0,0,0,0,0,,,,,,,0,0
sn,1873a18a-66fd-4a4d-8277-a872c93f5b59,sn,nucleus,10x 3' v3,Chol-Doublet,PBC,PRKD2,50,no_eligible_donors,present,True,0,0,0,0,0,,,,,,,0,0
sn,1873a18a-66fd-4a4d-8277-a872c93f5b59,sn,nucleus,10x 3' v3,Chol-Doublet,PBC,UBASH3A,50,no_eligible_donors,present,True,0,0,0,0,0,,,,,,,0,0
sn,1873a18a-66fd-4a4d-8277-a872c93f5b59,sn,nucleus,10x 3' v3,Chol-Doublet,PSC,BCL2L11,20,no_eligible_donors,present,True,0,0,0,0,0,,,,,,,0,0
sn,1873a18a-66fd-4a4d-8277-a872c93f5b59,sn,nucleus,10x 3' v3,Chol-Doublet,PSC,ETS2,20,no_eligible_donors,present,True,0,0,0,0,0,,,,,,,0,0
sn,1873a18a-66fd-4a4d-8277-a872c93f5b59,sn,nucleus,10x 3' v3,Chol-Doublet,PSC,PFKFB3,20,no_eligible_donors,present,True,0,0,0,0,0,,,,,,,0,0
sn,1873a18a-66fd-4a4d-8277-a872c93f5b59,sn,nucleus,10x 3' v3,Chol-Doublet,PSC,PRKD2,20,no_eligible_donors,present,True,0,0,0,0,0,,,,,,,0,0
sn,1873a18a-66fd-4a4d-8277-a872c93f5b59,sn,nucleus,10x 3' v3,Chol-Doublet,PSC,UBASH3A,20,no_eligible_donors,present,True,0,0,0,0,0,,,,,,,0,0
sn,1873a18a-66fd-4a4d-8277-a872c93f5b59,sn,nucleus,10x 3' v3,Chol-Doublet,PSC,BCL2L11,50,no_eligible_donors,present,True,0,0,0,0,0,,,,,,,0,0
sn,1873a18a-66fd-4a4d-8277-a872c93f5b59,sn,nucleus,10x 3' v3,Chol-Doublet,PSC,ETS2,50,no_eligible_donors,present,True,0,0,0,0,0,,,,,,,0,0
sn,1873a18a-66fd-4a4d-8277-a872c93f5b59,sn,nucleus,10x 3' v3,Chol-Doublet,PSC,PFKFB3,50,no_eligible_donors,present,True,0,0,0,0,0,,,,,,,0,0
sn,1873a18a-66fd-4a4d-8277-a872c93f5b59,sn,nucleus,10x 3' v3,Chol-Doublet,PSC,PRKD2,50,no_eligible_donors,present,True,0,0,0,0,0,,,,,,,0,0
sn,1873a18a-66fd-4a4d-8277-a872c93f5b59,sn,nucleus,10x 3' v3,Chol-Doublet,PSC,UBASH3A,50,no_eligible_donors,present,True,0,0,0,0,0,,,,,,,0,0
sn,1873a18a-66fd-4a4d-8277-a872c93f5b59,sn,nucleus,10x 3' v3,CholMucus,Control,BCL2L11,20,evaluable_descriptive,present,True,1,2,38,41,1,3.7333184505683166,12.299669138900162,0.07894736842105263,0.07894736842105263,3.7333184505683166,3.7333184505683166,243909,1
sn,1873a18a-66fd-4a4d-8277-a872c93f5b59,sn,nucleus,10x 3' v3,CholMucus,Control,ETS2,20,evaluable_descriptive,present,True,1,2,38,41,1,6.693448524485961,102.49724282416803,0.47368421052631576,0.47368421052631576,6.693448524485961,6.693448524485961,243909,1
sn,1873a18a-66fd-4a4d-8277-a872c93f5b59,sn,nucleus,10x 3' v3,CholMucus,Control,PFKFB3,20,evaluable_descriptive,present,True,1,2,38,41,1,6.143600050865212,69.69812512043426,0.3157894736842105,0.3157894736842105,6.143600050865212,6.143600050865212,243909,1
sn,1873a18a-66fd-4a4d-8277-a872c93f5b59,sn,nucleus,10x 3' v3,CholMucus,Control,PRKD2,20,evaluable_descriptive,present,True,1,2,38,41,1,5.244088159279618,36.89900741670049,0.21052631578947367,0.21052631578947367,5.244088159279618,5.244088159279618,243909,1
sn,1873a18a-66fd-4a4d-8277-a872c93f5b59,sn,nucleus,10x 3' v3,CholMucus,Control,UBASH3A,20,evaluable_descriptive,present,True,1,2,38,41,0,0.0,0.0,0.0,0.0,0.0,0.0,243909,1
sn,1873a18a-66fd-4a4d-8277-a872c93f5b59,sn,nucleus,10x 3' v3,CholMucus,Control,BCL2L11,50,no_eligible_donors,present,True,0,2,0,41,0,,,,,,,0,0
sn,1873a18a-66fd-4a4d-8277-a872c93f5b59,sn,nucleus,10x 3' v3,CholMucus,Control,ETS2,50,no_eligible_donors,present,True,0,2,0,41,0,,,,,,,0,0
sn,1873a18a-66fd-4a4d-8277-a872c93f5b59,sn,nucleus,10x 3' v3,CholMucus,Control,PFKFB3,50,no_eligible_donors,present,True,0,2,0,41,0,,,,,,,0,0
sn,1873a18a-66fd-4a4d-8277-a872c93f5b59,sn,nucleus,10x 3' v3,CholMucus,Control,PRKD2,50,no_eligible_donors,present,True,0,2,0,41,0,,,,,,,0,0
sn,1873a18a-66fd-4a4d-8277-a872c93f5b59,sn,nucleus,10x 3' v3,CholMucus,Control,UBASH3A,50,no_eligible_donors,present,True,0,2,0,41,0,,,,,,,0,0
sn,1873a18a-66fd-4a4d-8277-a872c93f5b59,sn,nucleus,10x 3' v3,CholMucus,PBC,BCL2L11,20,evaluable_descriptive,present,True,1,2,33,35,1,4.426969591125482,20.51050650695819,0.06060606060606061,0.06060606060606061,4.426969591125482,4.426969591125482,97511,1
sn,1873a18a-66fd-4a4d-8277-a872c93f5b59,sn,nucleus,10x 3' v3,CholMucus,PBC,ETS2,20,evaluable_descriptive,present,True,1,2,33,35,1,8.406942036903112,338.4233573648101,0.45454545454545453,0.45454545454545453,8.406942036903112,8.406942036903112,97511,1
sn,1873a18a-66fd-4a4d-8277-a872c93f5b59,sn,nucleus,10x 3' v3,CholMucus,PBC,PFKFB3,20,evaluable_descriptive,present,True,1,2,33,35,1,7.536010602558104,184.5945585626237,0.3333333333333333,0.3333333333333333,7.536010602558104,7.536010602558104,97511,1
sn,1873a18a-66fd-4a4d-8277-a872c93f5b59,sn,nucleus,10x 3' v3,CholMucus,PBC,PRKD2,20,evaluable_descriptive,present,True,1,2,33,35,1,5.393039036825435,41.02101301391638,0.12121212121212122,0.12121212121212122,5.393039036825435,5.393039036825435,97511,1
sn,1873a18a-66fd-4a4d-8277-a872c93f5b59,sn,nucleus,10x 3' v3,CholMucus,PBC,UBASH3A,20,evaluable_descriptive,present,True,1,2,33,35,0,0.0,0.0,0.0,0.0,0.0,0.0,97511,1
sn,1873a18a-66fd-4a4d-8277-a872c93f5b59,sn,nucleus,10x 3' v3,CholMucus,PBC,BCL2L11,50,no_eligible_donors,present,True,0,2,0,35,0,,,,,,,0,0
sn,1873a18a-66fd-4a4d-8277-a872c93f5b59,sn,nucleus,10x 3' v3,CholMucus,PBC,ETS2,50,no_eligible_donors,present,True,0,2,0,35,0,,,,,,,0,0
sn,1873a18a-66fd-4a4d-8277-a872c93f5b59,sn,nucleus,10x 3' v3,CholMucus,PBC,PFKFB3,50,no_eligible_donors,present,True,0,2,0,35,0,,,,,,,0,0
sn,1873a18a-66fd-4a4d-8277-a872c93f5b59,sn,nucleus,10x 3' v3,CholMucus,PBC,PRKD2,50,no_eligible_donors,present,True,0,2,0,35,0,,,,,,,0,0
sn,1873a18a-66fd-4a4d-8277-a872c93f5b59,sn,nucleus,10x 3' v3,CholMucus,PBC,UBASH3A,50,no_eligible_donors,present,True,0,2,0,35,0,,,,,,,0,0
sn,1873a18a-66fd-4a4d-8277-a872c93f5b59,sn,nucleus,10x 3' v3,CholMucus,PSC,BCL2L11,20,evaluable_descriptive,present,True,1,5,95,118,1,4.836709716203012,27.57555702625193,0.07368421052631578,0.07368421052631578,4.836709716203012,4.836709716203012,253848,1
sn,1873a18a-66fd-4a4d-8277-a872c93f5b59,sn,nucleus,10x 3' v3,CholMucus,PSC,ETS2,20,evaluable_descriptive,present,True,1,5,95,118,1,8.45780566564324,350.603510762346,0.5263157894736842,0.5263157894736842,8.45780566564324,8.45780566564324,253848,1
sn,1873a18a-66fd-4a4d-8277-a872c93f5b59,sn,nucleus,10x 3' v3,CholMucus,PSC,PFKFB3,20,evaluable_descriptive,present,True,1,5,95,118,1,7.961044544006176,248.18001323626737,0.37894736842105264,0.37894736842105264,7.961044544006176,7.961044544006176,253848,1
sn,1873a18a-66fd-4a4d-8277-a872c93f5b59,sn,nucleus,10x 3' v3,CholMucus,PSC,PRKD2,20,evaluable_descriptive,present,True,1,5,95,118,1,5.593126157232609,47.272383473574735,0.12631578947368421,0.12631578947368421,5.593126157232609,5.593126157232609,253848,1
sn,1873a18a-66fd-4a4d-8277-a872c93f5b59,sn,nucleus,10x 3' v3,CholMucus,PSC,UBASH3A,20,evaluable_descriptive,present,True,1,5,95,118,0,0.0,0.0,0.0,0.0,0.0,0.0,253848,1
sn,1873a18a-66fd-4a4d-8277-a872c93f5b59,sn,nucleus,10x 3' v3,CholMucus,PSC,BCL2L11,50,evaluable_descriptive,present,True,1,5,95,118,1,4.836709716203012,27.57555702625193,0.07368421052631578,0.07368421052631578,4.836709716203012,4.836709716203012,253848,1
sn,1873a18a-66fd-4a4d-8277-a872c93f5b59,sn,nucleus,10x 3' v3,CholMucus,PSC,ETS2,50,evaluable_descriptive,present,True,1,5,95,118,1,8.45780566564324,350.603510762346,0.5263157894736842,0.5263157894736842,8.45780566564324,8.45780566564324,253848,1
sn,1873a18a-66fd-4a4d-8277-a872c93f5b59,sn,nucleus,10x 3' v3,CholMucus,PSC,PFKFB3,50,evaluable_descriptive,present,True,1,5,95,118,1,7.961044544006176,248.18001323626737,0.37894736842105264,0.37894736842105264,7.961044544006176,7.961044544006176,253848,1
sn,1873a18a-66fd-4a4d-8277-a872c93f5b59,sn,nucleus,10x 3' v3,CholMucus,PSC,PRKD2,50,evaluable_descriptive,present,True,1,5,95,118,1,5.593126157232609,47.272383473574735,0.12631578947368421,0.12631578947368421,5.593126157232609,5.593126157232609,253848,1
sn,1873a18a-66fd-4a4d-8277-a872c93f5b59,sn,nucleus,10x 3' v3,CholMucus,PSC,UBASH3A,50,evaluable_descriptive,present,True,1,5,95,118,0,0.0,0.0,0.0,0.0,0.0,0.0,253848,1
sn,1873a18a-66fd-4a4d-8277-a872c93f5b59,sn,nucleus,10x 3' v3,Fibroblast,Control,BCL2L11,20,evaluable_descriptive,present,True,1,3,21,48,1,5.328987799229825,39.1962162585905,0.23809523809523808,0.23809523809523808,5.328987799229825,5.328987799229825,229614,1
sn,1873a18a-66fd-4a4d-8277-a872c93f5b59,sn,nucleus,10x 3' v3,Fibroblast,Control,ETS2,20,evaluable_descriptive,present,True,1,3,21,48,1,8.035118594228974,261.30810839060337,0.7619047619047619,0.7619047619047619,8.035118594228974,8.035118594228974,229614,1
sn,1873a18a-66fd-4a4d-8277-a872c93f5b59,sn,nucleus,10x 3' v3,Fibroblast,Control,PFKFB3,20,evaluable_descriptive,present,True,1,3,21,48,1,5.9535421083232505,60.97189195780745,0.47619047619047616,0.47619047619047616,5.9535421083232505,5.9535421083232505,229614,1
sn,1873a18a-66fd-4a4d-8277-a872c93f5b59,sn,nucleus,10x 3' v3,Fibroblast,Control,PRKD2,20,evaluable_descriptive,present,True,1,3,21,48,1,4.203243493498191,17.42054055937356,0.19047619047619047,0.19047619047619047,4.203243493498191,4.203243493498191,229614,1
sn,1873a18a-66fd-4a4d-8277-a872c93f5b59,sn,nucleus,10x 3' v3,Fibroblast,Control,UBASH3A,20,evaluable_descriptive,present,True,1,3,21,48,0,0.0,0.0,0.0,0.0,0.0,0.0,229614,1
sn,1873a18a-66fd-4a4d-8277-a872c93f5b59,sn,nucleus,10x 3' v3,Fibroblast,Control,BCL2L11,50,no_eligible_donors,present,True,0,3,0,48,0,,,,,,,0,0
sn,1873a18a-66fd-4a4d-8277-a872c93f5b59,sn,nucleus,10x 3' v3,Fibroblast,Control,ETS2,50,no_eligible_donors,present,True,0,3,0,48,0,,,,,,,0,0
sn,1873a18a-66fd-4a4d-8277-a872c93f5b59,sn,nucleus,10x 3' v3,Fibroblast,Control,PFKFB3,50,no_eligible_donors,present,True,0,3,0,48,0,,,,,,,0,0
sn,1873a18a-66fd-4a4d-8277-a872c93f5b59,sn,nucleus,10x 3' v3,Fibroblast,Control,PRKD2,50,no_eligible_donors,present,True,0,3,0,48,0,,,,,,,0,0
sn,1873a18a-66fd-4a4d-8277-a872c93f5b59,sn,nucleus,10x 3' v3,Fibroblast,Control,UBASH3A,50,no_eligible_donors,present,True,0,3,0,48,0,,,,,,,0,0
sn,1873a18a-66fd-4a4d-8277-a872c93f5b59,sn,nucleus,10x 3' v3,Fibroblast,PBC,BCL2L11,20,evaluable_descriptive,present,True,2,2,84,84,2,3.9257435552036073,18.670021729060167,0.05389830508474576,0.05952380952380952,2.8443775787283387,5.007109531678876,322233,2
sn,1873a18a-66fd-4a4d-8277-a872c93f5b59,sn,nucleus,10x 3' v3,Fibroblast,PBC,ETS2,20,evaluable_descriptive,present,True,2,2,84,84,2,8.710946198405143,425.475352128232,0.5857627118644069,0.5476190476190477,8.439580541998174,8.982311854812112,322233,2
sn,1873a18a-66fd-4a4d-8277-a872c93f5b59,sn,nucleus,10x 3' v3,Fibroblast,PBC,PFKFB3,20,evaluable_descriptive,present,True,2,2,84,84,2,6.960209837054184,124.18542228116672,0.3186440677966102,0.2857142857142857,6.810896464665268,7.1095232094431005,322233,2
sn,1873a18a-66fd-4a4d-8277-a872c93f5b59,sn,nucleus,10x 3' v3,Fibroblast,PBC,PRKD2,20,evaluable_descriptive,present,True,2,2,84,84,2,2.8493478984667435,6.206788267770973,0.028474576271186443,0.023809523809523808,2.8443775787283387,2.854318218205148,322233,2
sn,1873a18a-66fd-4a4d-8277-a872c93f5b59,sn,nucleus,10x 3' v3,Fibroblast,PBC,UBASH3A,20,evaluable_descriptive,present,True,2,2,84,84,0,0.0,0.0,0.0,0.0,0.0,0.0,322233,2
sn,1873a18a-66fd-4a4d-8277-a872c93f5b59,sn,nucleus,10x 3' v3,Fibroblast,PBC,BCL2L11,50,evaluable_descriptive,present,True,1,2,59,84,1,5.007109531678876,31.158083653222988,0.06779661016949153,0.06779661016949153,5.007109531678876,5.007109531678876,160472,1
sn,1873a18a-66fd-4a4d-8277-a872c93f5b59,sn,nucleus,10x 3' v3,Fibroblast,PBC,ETS2,50,evaluable_descriptive,present,True,1,2,59,84,1,8.982311854812112,504.76095518221246,0.4915254237288136,0.4915254237288136,8.982311854812112,8.982311854812112,160472,1
sn,1873a18a-66fd-4a4d-8277-a872c93f5b59,sn,nucleus,10x 3' v3,Fibroblast,PBC,PFKFB3,50,evaluable_descriptive,present,True,1,2,59,84,1,7.1095232094431005,137.0955680741812,0.23728813559322035,0.23728813559322035,7.1095232094431005,7.1095232094431005,160472,1
sn,1873a18a-66fd-4a4d-8277-a872c93f5b59,sn,nucleus,10x 3' v3,Fibroblast,PBC,PRKD2,50,evaluable_descriptive,present,True,1,2,59,84,1,2.854318218205148,6.231616730644598,0.01694915254237288,0.01694915254237288,2.854318218205148,2.854318218205148,160472,1
sn,1873a18a-66fd-4a4d-8277-a872c93f5b59,sn,nucleus,10x 3' v3,Fibroblast,PBC,UBASH3A,50,evaluable_descriptive,present,True,1,2,59,84,0,0.0,0.0,0.0,0.0,0.0,0.0,160472,1
sn,1873a18a-66fd-4a4d-8277-a872c93f5b59,sn,nucleus,10x 3' v3,Fibroblast,PSC,BCL2L11,20,evaluable_descriptive,present,True,4,7,384,408,4,4.606976347298039,23.664737913190585,0.05708874458874459,0.06510416666666667,3.8604054556996417,5.52132084273543,1011148,4
sn,1873a18a-66fd-4a4d-8277-a872c93f5b59,sn,nucleus,10x 3' v3,Fibroblast,PSC,ETS2,20,evaluable_descriptive,present,True,4,7,384,408,4,7.709167158543876,209.27724988323197,0.367953431372549,0.3489583333333333,7.225062589319315,7.943338318758979,1011148,4
sn,1873a18a-66fd-4a4d-8277-a872c93f5b59,sn,nucleus,10x 3' v3,Fibroblast,PSC,PFKFB3,20,evaluable_descriptive,present,True,4,7,384,408,4,5.025824694929521,37.16939874199439,0.0775375939849624,0.08333333333333333,3.4500124179717337,5.950928989039269,1011148,4
sn,1873a18a-66fd-4a4d-8277-a872c93f5b59,sn,nucleus,10x 3' v3,Fibroblast,PSC,PRKD2,20,evaluable_descriptive,present,True,4,7,384,408,4,4.136164471125684,16.8405081335453,0.05661881977671451,0.044270833333333336,3.77396275205312,5.121470094594865,1011148,4
sn,1873a18a-66fd-4a4d-8277-a872c93f5b59,sn,nucleus,10x 3' v3,Fibroblast,PSC,UBASH3A,20,evaluable_descriptive,present,True,4,7,384,408,0,0.0,0.0,0.0,0.0,0.0,0.0,1011148,4
sn,1873a18a-66fd-4a4d-8277-a872c93f5b59,sn,nucleus,10x 3' v3,Fibroblast,PSC,BCL2L11,50,evaluable_descriptive,present,True,3,7,351,408,3,4.831504543448703,27.472643586828344,0.05357142857142857,0.06552706552706553,3.8604054556996417,5.52132084273543,910427,3
sn,1873a18a-66fd-4a4d-8277-a872c93f5b59,sn,nucleus,10x 3' v3,Fibroblast,PSC,ETS2,50,evaluable_descriptive,present,True,3,7,351,408,3,7.851215542147796,229.91459349071212,0.34375,0.34472934472934474,7.225062589319315,7.943338318758979,910427,3
sn,1873a18a-66fd-4a4d-8277-a872c93f5b59,sn,nucleus,10x 3' v3,Fibroblast,PSC,PFKFB3,50,evaluable_descriptive,present,True,3,7,351,408,3,5.85943706990217,57.05856744956657,0.08928571428571429,0.08831908831908832,4.192212319956872,5.950928989039269,910427,3
sn,1873a18a-66fd-4a4d-8277-a872c93f5b59,sn,nucleus,10x 3' v3,Fibroblast,PSC,PRKD2,50,evaluable_descriptive,present,True,3,7,351,408,3,3.889880791103994,13.824184027537775,0.05263157894736842,0.042735042735042736,3.77396275205312,5.121470094594865,910427,3
sn,1873a18a-66fd-4a4d-8277-a872c93f5b59,sn,nucleus,10x 3' v3,Fibroblast,PSC,UBASH3A,50,evaluable_descriptive,present,True,3,7,351,408,0,0.0,0.0,0.0,0.0,0.0,0.0,910427,3
sn,1873a18a-66fd-4a4d-8277-a872c93f5b59,sn,nucleus,10x 3' v3,Hepato-Doublet,Control,BCL2L11,20,no_eligible_donors,present,True,0,0,0,0,0,,,,,,,0,0
sn,1873a18a-66fd-4a4d-8277-a872c93f5b59,sn,nucleus,10x 3' v3,Hepato-Doublet,Control,ETS2,20,no_eligible_donors,present,True,0,0,0,0,0,,,,,,,0,0
sn,1873a18a-66fd-4a4d-8277-a872c93f5b59,sn,nucleus,10x 3' v3,Hepato-Doublet,Control,PFKFB3,20,no_eligible_donors,present,True,0,0,0,0,0,,,,,,,0,0
sn,1873a18a-66fd-4a4d-8277-a872c93f5b59,sn,nucleus,10x 3' v3,Hepato-Doublet,Control,PRKD2,20,no_eligible_donors,present,True,0,0,0,0,0,,,,,,,0,0
sn,1873a18a-66fd-4a4d-8277-a872c93f5b59,sn,nucleus,10x 3' v3,Hepato-Doublet,Control,UBASH3A,20,no_eligible_donors,present,True,0,0,0,0,0,,,,,,,0,0
sn,1873a18a-66fd-4a4d-8277-a872c93f5b59,sn,nucleus,10x 3' v3,Hepato-Doublet,Control,BCL2L11,50,no_eligible_donors,present,True,0,0,0,0,0,,,,,,,0,0
sn,1873a18a-66fd-4a4d-8277-a872c93f5b59,sn,nucleus,10x 3' v3,Hepato-Doublet,Control,ETS2,50,no_eligible_donors,present,True,0,0,0,0,0,,,,,,,0,0
sn,1873a18a-66fd-4a4d-8277-a872c93f5b59,sn,nucleus,10x 3' v3,Hepato-Doublet,Control,PFKFB3,50,no_eligible_donors,present,True,0,0,0,0,0,,,,,,,0,0
sn,1873a18a-66fd-4a4d-8277-a872c93f5b59,sn,nucleus,10x 3' v3,Hepato-Doublet,Control,PRKD2,50,no_eligible_donors,present,True,0,0,0,0,0,,,,,,,0,0
sn,1873a18a-66fd-4a4d-8277-a872c93f5b59,sn,nucleus,10x 3' v3,Hepato-Doublet,Control,UBASH3A,50,no_eligible_donors,present,True,0,0,0,0,0,,,,,,,0,0
sn,1873a18a-66fd-4a4d-8277-a872c93f5b59,sn,nucleus,10x 3' v3,Hepato-Doublet,PBC,BCL2L11,20,no_eligible_donors,present,True,0,0,0,0,0,,,,,,,0,0
sn,1873a18a-66fd-4a4d-8277-a872c93f5b59,sn,nucleus,10x 3' v3,Hepato-Doublet,PBC,ETS2,20,no_eligible_donors,present,True,0,0,0,0,0,,,,,,,0,0
sn,1873a18a-66fd-4a4d-8277-a872c93f5b59,sn,nucleus,10x 3' v3,Hepato-Doublet,PBC,PFKFB3,20,no_eligible_donors,present,True,0,0,0,0,0,,,,,,,0,0
sn,1873a18a-66fd-4a4d-8277-a872c93f5b59,sn,nucleus,10x 3' v3,Hepato-Doublet,PBC,PRKD2,20,no_eligible_donors,present,True,0,0,0,0,0,,,,,,,0,0
sn,1873a18a-66fd-4a4d-8277-a872c93f5b59,sn,nucleus,10x 3' v3,Hepato-Doublet,PBC,UBASH3A,20,no_eligible_donors,present,True,0,0,0,0,0,,,,,,,0,0
sn,1873a18a-66fd-4a4d-8277-a872c93f5b59,sn,nucleus,10x 3' v3,Hepato-Doublet,PBC,BCL2L11,50,no_eligible_donors,present,True,0,0,0,0,0,,,,,,,0,0
sn,1873a18a-66fd-4a4d-8277-a872c93f5b59,sn,nucleus,10x 3' v3,Hepato-Doublet,PBC,ETS2,50,no_eligible_donors,present,True,0,0,0,0,0,,,,,,,0,0
sn,1873a18a-66fd-4a4d-8277-a872c93f5b59,sn,nucleus,10x 3' v3,Hepato-Doublet,PBC,PFKFB3,50,no_eligible_donors,present,True,0,0,0,0,0,,,,,,,0,0
sn,1873a18a-66fd-4a4d-8277-a872c93f5b59,sn,nucleus,10x 3' v3,Hepato-Doublet,PBC,PRKD2,50,no_eligible_donors,present,True,0,0,0,0,0,,,,,,,0,0
sn,1873a18a-66fd-4a4d-8277-a872c93f5b59,sn,nucleus,10x 3' v3,Hepato-Doublet,PBC,UBASH3A,50,no_eligible_donors,present,True,0,0,0,0,0,,,,,,,0,0
sn,1873a18a-66fd-4a4d-8277-a872c93f5b59,sn,nucleus,10x 3' v3,Hepato-Doublet,PSC,BCL2L11,20,no_eligible_donors,present,True,0,0,0,0,0,,,,,,,0,0
sn,1873a18a-66fd-4a4d-8277-a872c93f5b59,sn,nucleus,10x 3' v3,Hepato-Doublet,PSC,ETS2,20,no_eligible_donors,present,True,0,0,0,0,0,,,,,,,0,0
sn,1873a18a-66fd-4a4d-8277-a872c93f5b59,sn,nucleus,10x 3' v3,Hepato-Doublet,PSC,PFKFB3,20,no_eligible_donors,present,True,0,0,0,0,0,,,,,,,0,0
sn,1873a18a-66fd-4a4d-8277-a872c93f5b59,sn,nucleus,10x 3' v3,Hepato-Doublet,PSC,PRKD2,20,no_eligible_donors,present,True,0,0,0,0,0,,,,,,,0,0
sn,1873a18a-66fd-4a4d-8277-a872c93f5b59,sn,nucleus,10x 3' v3,Hepato-Doublet,PSC,UBASH3A,20,no_eligible_donors,present,True,0,0,0,0,0,,,,,,,0,0
sn,1873a18a-66fd-4a4d-8277-a872c93f5b59,sn,nucleus,10x 3' v3,Hepato-Doublet,PSC,BCL2L11,50,no_eligible_donors,present,True,0,0,0,0,0,,,,,,,0,0
sn,1873a18a-66fd-4a4d-8277-a872c93f5b59,sn,nucleus,10x 3' v3,Hepato-Doublet,PSC,ETS2,50,no_eligible_donors,present,True,0,0,0,0,0,,,,,,,0,0
sn,1873a18a-66fd-4a4d-8277-a872c93f5b59,sn,nucleus,10x 3' v3,Hepato-Doublet,PSC,PFKFB3,50,no_eligible_donors,present,True,0,0,0,0,0,,,,,,,0,0
sn,1873a18a-66fd-4a4d-8277-a872c93f5b59,sn,nucleus,10x 3' v3,Hepato-Doublet,PSC,PRKD2,50,no_eligible_donors,present,True,0,0,0,0,0,,,,,,,0,0
sn,1873a18a-66fd-4a4d-8277-a872c93f5b59,sn,nucleus,10x 3' v3,Hepato-Doublet,PSC,UBASH3A,50,no_eligible_donors,present,True,0,0,0,0,0,,,,,,,0,0
sn,1873a18a-66fd-4a4d-8277-a872c93f5b59,sn,nucleus,10x 3' v3,I-Hepato,Control,BCL2L11,20,evaluable_descriptive,present,True,3,3,237,237,3,5.410251716261242,41.525365077167976,0.21978021978021978,0.1940928270042194,5.368846623879587,5.797243382684373,1269741,3
sn,1873a18a-66fd-4a4d-8277-a872c93f5b59,sn,nucleus,10x 3' v3,I-Hepato,Control,ETS2,20,evaluable_descriptive,present,True,3,3,237,237,3,7.0244751014925795,129.19002468452257,0.32967032967032966,0.41350210970464135,6.055795273725784,7.940447412212907,1269741,3
sn,1873a18a-66fd-4a4d-8277-a872c93f5b59,sn,nucleus,10x 3' v3,I-Hepato,Control,PFKFB3,20,evaluable_descriptive,present,True,3,3,237,237,3,5.244561184174209,36.911435624149306,0.12087912087912088,0.16877637130801687,4.283997870622229,6.275238642360267,1269741,3
sn,1873a18a-66fd-4a4d-8277-a872c93f5b59,sn,nucleus,10x 3' v3,I-Hepato,Control,PRKD2,20,evaluable_descriptive,present,True,3,3,237,237,3,4.513715098240179,21.843552111070093,0.10256410256410256,0.10126582278481013,4.153881045750552,4.842153027983927,1269741,3
sn,1873a18a-66fd-4a4d-8277-a872c93f5b59,sn,nucleus,10x 3' v3,I-Hepato,Control,UBASH3A,20,evaluable_descriptive,present,True,3,3,237,237,0,0.0,0.0,0.0,0.0,0.0,0.0,1269741,3
sn,1873a18a-66fd-4a4d-8277-a872c93f5b59,sn,nucleus,10x 3' v3,I-Hepato,Control,BCL2L11,50,evaluable_descriptive,present,True,3,3,237,237,3,5.410251716261242,41.525365077167976,0.21978021978021978,0.1940928270042194,5.368846623879587,5.797243382684373,1269741,3
sn,1873a18a-66fd-4a4d-8277-a872c93f5b59,sn,nucleus,10x 3' v3,I-Hepato,Control,ETS2,50,evaluable_descriptive,present,True,3,3,237,237,3,7.0244751014925795,129.19002468452257,0.32967032967032966,0.41350210970464135,6.055795273725784,7.940447412212907,1269741,3
sn,1873a18a-66fd-4a4d-8277-a872c93f5b59,sn,nucleus,10x 3' v3,I-Hepato,Control,PFKFB3,50,evaluable_descriptive,present,True,3,3,237,237,3,5.244561184174209,36.911435624149306,0.12087912087912088,0.16877637130801687,4.283997870622229,6.275238642360267,1269741,3
sn,1873a18a-66fd-4a4d-8277-a872c93f5b59,sn,nucleus,10x 3' v3,I-Hepato,Control,PRKD2,50,evaluable_descriptive,present,True,3,3,237,237,3,4.513715098240179,21.843552111070093,0.10256410256410256,0.10126582278481013,4.153881045750552,4.842153027983927,1269741,3
sn,1873a18a-66fd-4a4d-8277-a872c93f5b59,sn,nucleus,10x 3' v3,I-Hepato,Control,UBASH3A,50,evaluable_descriptive,present,True,3,3,237,237,0,0.0,0.0,0.0,0.0,0.0,0.0,1269741,3
sn,1873a18a-66fd-4a4d-8277-a872c93f5b59,sn,nucleus,10x 3' v3,I-Hepato,PBC,BCL2L11,20,evaluable_descriptive,present,True,2,2,358,358,2,4.591802988674029,23.985082207635106,0.07079557569296374,0.06983240223463687,4.205196697631758,4.9784092797163,1334865,2
sn,1873a18a-66fd-4a4d-8277-a872c93f5b59,sn,nucleus,10x 3' v3,I-Hepato,PBC,ETS2,20,evaluable_descriptive,present,True,2,2,358,358,2,8.324865988897981,341.3426292700344,0.6080756929637527,0.6033519553072626,7.797166101486794,8.852565876309168,1334865,2
sn,1873a18a-66fd-4a4d-8277-a872c93f5b59,sn,nucleus,10x 3' v3,I-Hepato,PBC,PFKFB3,20,evaluable_descriptive,present,True,2,2,358,358,2,6.405683774971026,88.87666893402039,0.24367004264392322,0.2430167597765363,5.908003325330207,6.903364224611844,1334865,2
sn,1873a18a-66fd-4a4d-8277-a872c93f5b59,sn,nucleus,10x 3' v3,I-Hepato,PBC,PRKD2,20,evaluable_descriptive,present,True,2,2,358,358,2,4.464847730380569,21.441359860016792,0.07452691897654584,0.07262569832402235,4.205196697631758,4.724498763129381,1334865,2
sn,1873a18a-66fd-4a4d-8277-a872c93f5b59,sn,nucleus,10x 3' v3,I-Hepato,PBC,UBASH3A,20,evaluable_descriptive,present,True,2,2,358,358,0,0.0,0.0,0.0,0.0,0.0,0.0,1334865,2
sn,1873a18a-66fd-4a4d-8277-a872c93f5b59,sn,nucleus,10x 3' v3,I-Hepato,PBC,BCL2L11,50,evaluable_descriptive,present,True,2,2,358,358,2,4.591802988674029,23.985082207635106,0.07079557569296374,0.06983240223463687,4.205196697631758,4.9784092797163,1334865,2
sn,1873a18a-66fd-4a4d-8277-a872c93f5b59,sn,nucleus,10x 3' v3,I-Hepato,PBC,ETS2,50,evaluable_descriptive,present,True,2,2,358,358,2,8.324865988897981,341.3426292700344,0.6080756929637527,0.6033519553072626,7.797166101486794,8.852565876309168,1334865,2
sn,1873a18a-66fd-4a4d-8277-a872c93f5b59,sn,nucleus,10x 3' v3,I-Hepato,PBC,PFKFB3,50,evaluable_descriptive,present,True,2,2,358,358,2,6.405683774971026,88.87666893402039,0.24367004264392322,0.2430167597765363,5.908003325330207,6.903364224611844,1334865,2
sn,1873a18a-66fd-4a4d-8277-a872c93f5b59,sn,nucleus,10x 3' v3,I-Hepato,PBC,PRKD2,50,evaluable_descriptive,present,True,2,2,358,358,2,4.464847730380569,21.441359860016792,0.07452691897654584,0.07262569832402235,4.205196697631758,4.724498763129381,1334865,2
sn,1873a18a-66fd-4a4d-8277-a872c93f5b59,sn,nucleus,10x 3' v3,I-Hepato,PBC,UBASH3A,50,evaluable_descriptive,present,True,2,2,358,358,0,0.0,0.0,0.0,0.0,0.0,0.0,1334865,2
sn,1873a18a-66fd-4a4d-8277-a872c93f5b59,sn,nucleus,10x 3' v3,I-Hepato,PSC,BCL2L11,20,evaluable_descriptive,present,True,7,7,886,886,7,4.8497558729774,27.835135025709544,0.08,0.09480812641083522,4.405874365590532,5.720457932559233,3375888,7
sn,1873a18a-66fd-4a4d-8277-a872c93f5b59,sn,nucleus,10x 3' v3,I-Hepato,PSC,ETS2,20,evaluable_descriptive,present,True,7,7,886,886,7,7.5172253797395046,182.19361107737154,0.4523809523809524,0.3961625282167043,7.217135381955861,7.9270620309948985,3375888,7
sn,1873a18a-66fd-4a4d-8277-a872c93f5b59,sn,nucleus,10x 3' v3,I-Hepato,PSC,PFKFB3,20,evaluable_descriptive,present,True,7,7,886,886,7,5.922220721314563,59.64096141229796,0.22641509433962265,0.2325056433408578,5.194619224793404,6.9657020395299485,3375888,7
sn,1873a18a-66fd-4a4d-8277-a872c93f5b59,sn,nucleus,10x 3' v3,I-Hepato,PSC,PRKD2,20,evaluable_descriptive,present,True,7,7,886,886,7,4.6661717664423055,24.389705685937244,0.09398496240601503,0.09029345372460497,4.405874365590532,5.245934530400697,3375888,7
sn,1873a18a-66fd-4a4d-8277-a872c93f5b59,sn,nucleus,10x 3' v3,I-Hepato,PSC,UBASH3A,20,evaluable_descriptive,present,True,7,7,886,886,1,0.0,0.0,0.0,0.001128668171557562,0.0,1.1796597136156304,3375888,7
sn,1873a18a-66fd-4a4d-8277-a872c93f5b59,sn,nucleus,10x 3' v3,I-Hepato,PSC,BCL2L11,50,evaluable_descriptive,present,True,6,7,844,886,6,4.800246396580619,26.878784311887866,0.07759398496240602,0.0924170616113744,4.405874365590532,5.297436505803908,3240561,6
sn,1873a18a-66fd-4a4d-8277-a872c93f5b59,sn,nucleus,10x 3' v3,I-Hepato,PSC,ETS2,50,evaluable_descriptive,present,True,6,7,844,886,6,7.596772716765015,192.87253762424865,0.41201503759398495,0.3933649289099526,7.3631304357976495,7.9270620309948985,3240561,6
sn,1873a18a-66fd-4a4d-8277-a872c93f5b59,sn,nucleus,10x 3' v3,I-Hepato,PSC,PFKFB3,50,evaluable_descriptive,present,True,6,7,844,886,6,6.167906633481105,71.94443530300653,0.24920754716981133,0.23933649289099526,5.194619224793404,6.9657020395299485,3240561,6
sn,1873a18a-66fd-4a4d-8277-a872c93f5b59,sn,nucleus,10x 3' v3,I-Hepato,PSC,PRKD2,50,evaluable_descriptive,present,True,6,7,844,886,6,4.65085816434711,24.123045125428213,0.0829924812030075,0.09004739336492891,4.405874365590532,5.0907312079989655,3240561,6
sn,1873a18a-66fd-4a4d-8277-a872c93f5b59,sn,nucleus,10x 3' v3,I-Hepato,PSC,UBASH3A,50,evaluable_descriptive,present,True,6,7,844,886,1,0.0,0.0,0.0,0.001184834123222749,0.0,1.1796597136156304,3240561,6
sn,1873a18a-66fd-4a4d-8277-a872c93f5b59,sn,nucleus,10x 3' v3,Kupffer,Control,BCL2L11,20,evaluable_descriptive,present,True,2,4,216,233,2,4.983998143499682,33.0177180695689,0.07547252747252747,0.0787037037037037,4.429007336329186,5.538988950670178,701918,2
sn,1873a18a-66fd-4a4d-8277-a872c93f5b59,sn,nucleus,10x 3' v3,Kupffer,Control,ETS2,20,evaluable_descriptive,present,True,2,4,216,233,2,7.713141790626414,210.81102975859056,0.4601758241758242,0.4305555555555556,7.515527193082226,7.9107563881706024,701918,2
sn,1873a18a-66fd-4a4d-8277-a872c93f5b59,sn,nucleus,10x 3' v3,Kupffer,Control,PFKFB3,20,evaluable_descriptive,present,True,2,4,216,233,2,7.678948774004444,203.9260738898032,0.4212307692307692,0.4027777777777778,7.673321677683087,7.6845758703258005,701918,2
sn,1873a18a-66fd-4a4d-8277-a872c93f5b59,sn,nucleus,10x 3' v3,Kupffer,Control,PRKD2,20,evaluable_descriptive,present,True,2,4,216,233,2,4.995286767422796,32.2632745433447,0.08545054945054945,0.08333333333333333,4.574297370157319,5.4162761646882736,701918,2
sn,1873a18a-66fd-4a4d-8277-a872c93f5b59,sn,nucleus,10x 3' v3,Kupffer,Control,UBASH3A,20,evaluable_descriptive,present,True,2,4,216,233,0,0.0,0.0,0.0,0.0,0.0,0.0,701918,2
sn,1873a18a-66fd-4a4d-8277-a872c93f5b59,sn,nucleus,10x 3' v3,Kupffer,Control,BCL2L11,50,evaluable_descriptive,present,True,2,4,216,233,2,4.983998143499682,33.0177180695689,0.07547252747252747,0.0787037037037037,4.429007336329186,5.538988950670178,701918,2
sn,1873a18a-66fd-4a4d-8277-a872c93f5b59,sn,nucleus,10x 3' v3,Kupffer,Control,ETS2,50,evaluable_descriptive,present,True,2,4,216,233,2,7.713141790626414,210.81102975859056,0.4601758241758242,0.4305555555555556,7.515527193082226,7.9107563881706024,701918,2
sn,1873a18a-66fd-4a4d-8277-a872c93f5b59,sn,nucleus,10x 3' v3,Kupffer,Control,PFKFB3,50,evaluable_descriptive,present,True,2,4,216,233,2,7.678948774004444,203.9260738898032,0.4212307692307692,0.4027777777777778,7.673321677683087,7.6845758703258005,701918,2
sn,1873a18a-66fd-4a4d-8277-a872c93f5b59,sn,nucleus,10x 3' v3,Kupffer,Control,PRKD2,50,evaluable_descriptive,present,True,2,4,216,233,2,4.995286767422796,32.2632745433447,0.08545054945054945,0.08333333333333333,4.574297370157319,5.4162761646882736,701918,2
sn,1873a18a-66fd-4a4d-8277-a872c93f5b59,sn,nucleus,10x 3' v3,Kupffer,Control,UBASH3A,50,evaluable_descriptive,present,True,2,4,216,233,0,0.0,0.0,0.0,0.0,0.0,0.0,701918,2
sn,1873a18a-66fd-4a4d-8277-a872c93f5b59,sn,nucleus,10x 3' v3,Kupffer,PBC,BCL2L11,20,evaluable_descriptive,present,True,2,2,402,402,2,4.001731923931579,18.115796395348475,0.04816937869822485,0.05970149253731343,3.118551527663001,4.884912320200156,1136008,2
sn,1873a18a-66fd-4a4d-8277-a872c93f5b59,sn,nucleus,10x 3' v3,Kupffer,PBC,ETS2,20,evaluable_descriptive,present,True,2,2,402,402,2,7.962232591010178,250.65182503185076,0.44864090236686394,0.40298507462686567,7.767872790445363,8.156592391574993,1136008,2
sn,1873a18a-66fd-4a4d-8277-a872c93f5b59,sn,nucleus,10x 3' v3,Kupffer,PBC,PFKFB3,20,evaluable_descriptive,present,True,2,2,402,402,2,8.866111642515541,483.3473018072894,0.608589127218935,0.6293532338308457,8.469711451525313,9.262511833505767,1136008,2
sn,1873a18a-66fd-4a4d-8277-a872c93f5b59,sn,nucleus,10x 3' v3,Kupffer,PBC,PRKD2,20,evaluable_descriptive,present,True,2,2,402,402,2,4.1113602365326045,17.23701952108926,0.05237610946745562,0.03482587064676617,3.6344277650497254,4.588292708015483,1136008,2
sn,1873a18a-66fd-4a4d-8277-a872c93f5b59,sn,nucleus,10x 3' v3,Kupffer,PBC,UBASH3A,20,evaluable_descriptive,present,True,2,2,402,402,0,0.0,0.0,0.0,0.0,0.0,0.0,1136008,2
sn,1873a18a-66fd-4a4d-8277-a872c93f5b59,sn,nucleus,10x 3' v3,Kupffer,PBC,BCL2L11,50,evaluable_descriptive,present,True,2,2,402,402,2,4.001731923931579,18.115796395348475,0.04816937869822485,0.05970149253731343,3.118551527663001,4.884912320200156,1136008,2
sn,1873a18a-66fd-4a4d-8277-a872c93f5b59,sn,nucleus,10x 3' v3,Kupffer,PBC,ETS2,50,evaluable_descriptive,present,True,2,2,402,402,2,7.962232591010178,250.65182503185076,0.44864090236686394,0.40298507462686567,7.767872790445363,8.156592391574993,1136008,2
sn,1873a18a-66fd-4a4d-8277-a872c93f5b59,sn,nucleus,10x 3' v3,Kupffer,PBC,PFKFB3,50,evaluable_descriptive,present,True,2,2,402,402,2,8.866111642515541,483.3473018072894,0.608589127218935,0.6293532338308457,8.469711451525313,9.262511833505767,1136008,2
sn,1873a18a-66fd-4a4d-8277-a872c93f5b59,sn,nucleus,10x 3' v3,Kupffer,PBC,PRKD2,50,evaluable_descriptive,present,True,2,2,402,402,2,4.1113602365326045,17.23701952108926,0.05237610946745562,0.03482587064676617,3.6344277650497254,4.588292708015483,1136008,2
sn,1873a18a-66fd-4a4d-8277-a872c93f5b59,sn,nucleus,10x 3' v3,Kupffer,PBC,UBASH3A,50,evaluable_descriptive,present,True,2,2,402,402,0,0.0,0.0,0.0,0.0,0.0,0.0,1136008,2
sn,1873a18a-66fd-4a4d-8277-a872c93f5b59,sn,nucleus,10x 3' v3,Kupffer,PSC,BCL2L11,20,evaluable_descriptive,present,True,6,7,2006,2018,5,4.2812936115101365,18.68016616441318,0.04210578154240126,0.06729810568295115,0.0,5.484310627535426,7266115,6
sn,1873a18a-66fd-4a4d-8277-a872c93f5b59,sn,nucleus,10x 3' v3,Kupffer,PSC,ETS2,20,evaluable_descriptive,present,True,6,7,2006,2018,6,7.243934548922277,152.3168224116713,0.3592028985507246,0.357926221335992,6.9287512071187125,8.171591793061953,7266115,6
sn,1873a18a-66fd-4a4d-8277-a872c93f5b59,sn,nucleus,10x 3' v3,Kupffer,PSC,PFKFB3,20,evaluable_descriptive,present,True,6,7,2006,2018,6,7.178750705175208,146.4328767670258,0.29465428937259924,0.3654037886340977,6.334411766328735,8.164114763525536,7266115,6
sn,1873a18a-66fd-4a4d-8277-a872c93f5b59,sn,nucleus,10x 3' v3,Kupffer,PSC,PRKD2,20,evaluable_descriptive,present,True,6,7,2006,2018,6,4.3651245866196735,19.720955256840195,0.048610796612472265,0.06779661016949153,3.2376977658661725,5.609316084417874,7266115,6
sn,1873a18a-66fd-4a4d-8277-a872c93f5b59,sn,nucleus,10x 3' v3,Kupffer,PSC,UBASH3A,20,evaluable_descriptive,present,True,6,7,2006,2018,0,0.0,0.0,0.0,0.0,0.0,0.0,7266115,6
sn,1873a18a-66fd-4a4d-8277-a872c93f5b59,sn,nucleus,10x 3' v3,Kupffer,PSC,BCL2L11,50,evaluable_descriptive,present,True,5,7,1971,2018,5,4.505660986822596,21.7163790777722,0.04225352112676056,0.0684931506849315,3.2376977658661725,5.484310627535426,7203376,5
sn,1873a18a-66fd-4a4d-8277-a872c93f5b59,sn,nucleus,10x 3' v3,Kupffer,PSC,ETS2,50,evaluable_descriptive,present,True,5,7,1971,2018,5,7.025738723767696,129.30410498368943,0.3884057971014493,0.35971588026382545,6.9287512071187125,8.171591793061953,7203376,5
sn,1873a18a-66fd-4a4d-8277-a872c93f5b59,sn,nucleus,10x 3' v3,Kupffer,PSC,PFKFB3,50,evaluable_descriptive,present,True,5,7,1971,2018,5,7.4489920466510675,173.7310326221776,0.3181818181818182,0.3693556570268899,6.41496024742493,8.164114763525536,7203376,5
sn,1873a18a-66fd-4a4d-8277-a872c93f5b59,sn,nucleus,10x 3' v3,Kupffer,PSC,PRKD2,50,evaluable_descriptive,present,True,5,7,1971,2018,5,4.214065299269216,17.559234481228383,0.045774647887323945,0.06798579401319127,3.2376977658661725,4.734123791882224,7203376,5
sn,1873a18a-66fd-4a4d-8277-a872c93f5b59,sn,nucleus,10x 3' v3,Kupffer,PSC,UBASH3A,50,evaluable_descriptive,present,True,5,7,1971,2018,0,0.0,0.0,0.0,0.0,0.0,0.0,7203376,5
sn,1873a18a-66fd-4a4d-8277-a872c93f5b59,sn,nucleus,10x 3' v3,Kupffer-Doublet,Control,BCL2L11,20,no_eligible_donors,present,True,0,0,0,0,0,,,,,,,0,0
sn,1873a18a-66fd-4a4d-8277-a872c93f5b59,sn,nucleus,10x 3' v3,Kupffer-Doublet,Control,ETS2,20,no_eligible_donors,present,True,0,0,0,0,0,,,,,,,0,0
sn,1873a18a-66fd-4a4d-8277-a872c93f5b59,sn,nucleus,10x 3' v3,Kupffer-Doublet,Control,PFKFB3,20,no_eligible_donors,present,True,0,0,0,0,0,,,,,,,0,0
sn,1873a18a-66fd-4a4d-8277-a872c93f5b59,sn,nucleus,10x 3' v3,Kupffer-Doublet,Control,PRKD2,20,no_eligible_donors,present,True,0,0,0,0,0,,,,,,,0,0
sn,1873a18a-66fd-4a4d-8277-a872c93f5b59,sn,nucleus,10x 3' v3,Kupffer-Doublet,Control,UBASH3A,20,no_eligible_donors,present,True,0,0,0,0,0,,,,,,,0,0
sn,1873a18a-66fd-4a4d-8277-a872c93f5b59,sn,nucleus,10x 3' v3,Kupffer-Doublet,Control,BCL2L11,50,no_eligible_donors,present,True,0,0,0,0,0,,,,,,,0,0
sn,1873a18a-66fd-4a4d-8277-a872c93f5b59,sn,nucleus,10x 3' v3,Kupffer-Doublet,Control,ETS2,50,no_eligible_donors,present,True,0,0,0,0,0,,,,,,,0,0
sn,1873a18a-66fd-4a4d-8277-a872c93f5b59,sn,nucleus,10x 3' v3,Kupffer-Doublet,Control,PFKFB3,50,no_eligible_donors,present,True,0,0,0,0,0,,,,,,,0,0
sn,1873a18a-66fd-4a4d-8277-a872c93f5b59,sn,nucleus,10x 3' v3,Kupffer-Doublet,Control,PRKD2,50,no_eligible_donors,present,True,0,0,0,0,0,,,,,,,0,0
sn,1873a18a-66fd-4a4d-8277-a872c93f5b59,sn,nucleus,10x 3' v3,Kupffer-Doublet,Control,UBASH3A,50,no_eligible_donors,present,True,0,0,0,0,0,,,,,,,0,0
sn,1873a18a-66fd-4a4d-8277-a872c93f5b59,sn,nucleus,10x 3' v3,Kupffer-Doublet,PBC,BCL2L11,20,no_eligible_donors,present,True,0,0,0,0,0,,,,,,,0,0
sn,1873a18a-66fd-4a4d-8277-a872c93f5b59,sn,nucleus,10x 3' v3,Kupffer-Doublet,PBC,ETS2,20,no_eligible_donors,present,True,0,0,0,0,0,,,,,,,0,0
sn,1873a18a-66fd-4a4d-8277-a872c93f5b59,sn,nucleus,10x 3' v3,Kupffer-Doublet,PBC,PFKFB3,20,no_eligible_donors,present,True,0,0,0,0,0,,,,,,,0,0
sn,1873a18a-66fd-4a4d-8277-a872c93f5b59,sn,nucleus,10x 3' v3,Kupffer-Doublet,PBC,PRKD2,20,no_eligible_donors,present,True,0,0,0,0,0,,,,,,,0,0
sn,1873a18a-66fd-4a4d-8277-a872c93f5b59,sn,nucleus,10x 3' v3,Kupffer-Doublet,PBC,UBASH3A,20,no_eligible_donors,present,True,0,0,0,0,0,,,,,,,0,0
sn,1873a18a-66fd-4a4d-8277-a872c93f5b59,sn,nucleus,10x 3' v3,Kupffer-Doublet,PBC,BCL2L11,50,no_eligible_donors,present,True,0,0,0,0,0,,,,,,,0,0
sn,1873a18a-66fd-4a4d-8277-a872c93f5b59,sn,nucleus,10x 3' v3,Kupffer-Doublet,PBC,ETS2,50,no_eligible_donors,present,True,0,0,0,0,0,,,,,,,0,0
sn,1873a18a-66fd-4a4d-8277-a872c93f5b59,sn,nucleus,10x 3' v3,Kupffer-Doublet,PBC,PFKFB3,50,no_eligible_donors,present,True,0,0,0,0,0,,,,,,,0,0
sn,1873a18a-66fd-4a4d-8277-a872c93f5b59,sn,nucleus,10x 3' v3,Kupffer-Doublet,PBC,PRKD2,50,no_eligible_donors,present,True,0,0,0,0,0,,,,,,,0,0
sn,1873a18a-66fd-4a4d-8277-a872c93f5b59,sn,nucleus,10x 3' v3,Kupffer-Doublet,PBC,UBASH3A,50,no_eligible_donors,present,True,0,0,0,0,0,,,,,,,0,0
sn,1873a18a-66fd-4a4d-8277-a872c93f5b59,sn,nucleus,10x 3' v3,Kupffer-Doublet,PSC,BCL2L11,20,no_eligible_donors,present,True,0,0,0,0,0,,,,,,,0,0
sn,1873a18a-66fd-4a4d-8277-a872c93f5b59,sn,nucleus,10x 3' v3,Kupffer-Doublet,PSC,ETS2,20,no_eligible_donors,present,True,0,0,0,0,0,,,,,,,0,0
sn,1873a18a-66fd-4a4d-8277-a872c93f5b59,sn,nucleus,10x 3' v3,Kupffer-Doublet,PSC,PFKFB3,20,no_eligible_donors,present,True,0,0,0,0,0,,,,,,,0,0
sn,1873a18a-66fd-4a4d-8277-a872c93f5b59,sn,nucleus,10x 3' v3,Kupffer-Doublet,PSC,PRKD2,20,no_eligible_donors,present,True,0,0,0,0,0,,,,,,,0,0
sn,1873a18a-66fd-4a4d-8277-a872c93f5b59,sn,nucleus,10x 3' v3,Kupffer-Doublet,PSC,UBASH3A,20,no_eligible_donors,present,True,0,0,0,0,0,,,,,,,0,0
sn,1873a18a-66fd-4a4d-8277-a872c93f5b59,sn,nucleus,10x 3' v3,Kupffer-Doublet,PSC,BCL2L11,50,no_eligible_donors,present,True,0,0,0,0,0,,,,,,,0,0
sn,1873a18a-66fd-4a4d-8277-a872c93f5b59,sn,nucleus,10x 3' v3,Kupffer-Doublet,PSC,ETS2,50,no_eligible_donors,present,True,0,0,0,0,0,,,,,,,0,0
sn,1873a18a-66fd-4a4d-8277-a872c93f5b59,sn,nucleus,10x 3' v3,Kupffer-Doublet,PSC,PFKFB3,50,no_eligible_donors,present,True,0,0,0,0,0,,,,,,,0,0
sn,1873a18a-66fd-4a4d-8277-a872c93f5b59,sn,nucleus,10x 3' v3,Kupffer-Doublet,PSC,PRKD2,50,no_eligible_donors,present,True,0,0,0,0,0,,,,,,,0,0
sn,1873a18a-66fd-4a4d-8277-a872c93f5b59,sn,nucleus,10x 3' v3,Kupffer-Doublet,PSC,UBASH3A,50,no_eligible_donors,present,True,0,0,0,0,0,,,,,,,0,0
sn,1873a18a-66fd-4a4d-8277-a872c93f5b59,sn,nucleus,10x 3' v3,Monocyte,Control,BCL2L11,20,evaluable_descriptive,present,True,2,4,232,249,2,5.133509896722763,36.58190273878082,0.08965464076472401,0.09051724137931035,4.594431241076764,5.672588552368762,648604,2
sn,1873a18a-66fd-4a4d-8277-a872c93f5b59,sn,nucleus,10x 3' v3,Monocyte,Control,ETS2,20,evaluable_descriptive,present,True,2,4,232,249,2,7.607059289319942,199.15491925353808,0.37634905951279674,0.3448275862068966,7.274857138163172,7.939261440476712,648604,2
sn,1873a18a-66fd-4a4d-8277-a872c93f5b59,sn,nucleus,10x 3' v3,Monocyte,Control,PFKFB3,20,evaluable_descriptive,present,True,2,4,232,249,2,7.6492183274745065,204.7809917426595,0.4062596361393771,0.39655172413793105,7.326727289787929,7.971709365161084,648604,2
sn,1873a18a-66fd-4a4d-8277-a872c93f5b59,sn,nucleus,10x 3' v3,Monocyte,Control,PRKD2,20,evaluable_descriptive,present,True,2,4,232,249,2,5.3741509746564375,43.00161548768847,0.10753931544865865,0.10775862068965517,4.8730387824341195,5.875263166878756,648604,2
sn,1873a18a-66fd-4a4d-8277-a872c93f5b59,sn,nucleus,10x 3' v3,Monocyte,Control,UBASH3A,20,evaluable_descriptive,present,True,2,4,232,249,0,0.0,0.0,0.0,0.0,0.0,0.0,648604,2
sn,1873a18a-66fd-4a4d-8277-a872c93f5b59,sn,nucleus,10x 3' v3,Monocyte,Control,BCL2L11,50,evaluable_descriptive,present,True,2,4,232,249,2,5.133509896722763,36.58190273878082,0.08965464076472401,0.09051724137931035,4.594431241076764,5.672588552368762,648604,2
sn,1873a18a-66fd-4a4d-8277-a872c93f5b59,sn,nucleus,10x 3' v3,Monocyte,Control,ETS2,50,evaluable_descriptive,present,True,2,4,232,249,2,7.607059289319942,199.15491925353808,0.37634905951279674,0.3448275862068966,7.274857138163172,7.939261440476712,648604,2
sn,1873a18a-66fd-4a4d-8277-a872c93f5b59,sn,nucleus,10x 3' v3,Monocyte,Control,PFKFB3,50,evaluable_descriptive,present,True,2,4,232,249,2,7.6492183274745065,204.7809917426595,0.4062596361393771,0.39655172413793105,7.326727289787929,7.971709365161084,648604,2
sn,1873a18a-66fd-4a4d-8277-a872c93f5b59,sn,nucleus,10x 3' v3,Monocyte,Control,PRKD2,50,evaluable_descriptive,present,True,2,4,232,249,2,5.3741509746564375,43.00161548768847,0.10753931544865865,0.10775862068965517,4.8730387824341195,5.875263166878756,648604,2
sn,1873a18a-66fd-4a4d-8277-a872c93f5b59,sn,nucleus,10x 3' v3,Monocyte,Control,UBASH3A,50,evaluable_descriptive,present,True,2,4,232,249,0,0.0,0.0,0.0,0.0,0.0,0.0,648604,2
sn,1873a18a-66fd-4a4d-8277-a872c93f5b59,sn,nucleus,10x 3' v3,Monocyte,PBC,BCL2L11,20,evaluable_descriptive,present,True,2,2,323,323,2,5.6803547700486465,50.841804351496066,0.10413322632423755,0.1021671826625387,5.467202322800704,5.89350721729659,819032,2
sn,1873a18a-66fd-4a4d-8277-a872c93f5b59,sn,nucleus,10x 3' v3,Monocyte,PBC,ETS2,20,evaluable_descriptive,present,True,2,2,323,323,2,8.111789146691084,277.70744654686774,0.4701043338683788,0.42724458204334365,7.934888144693047,8.288690148689122,819032,2
sn,1873a18a-66fd-4a4d-8277-a872c93f5b59,sn,nucleus,10x 3' v3,Monocyte,PBC,PFKFB3,20,evaluable_descriptive,present,True,2,2,323,323,2,8.317788759263108,344.3403621088132,0.5169208132691279,0.5046439628482973,7.736452508850484,8.899125009675732,819032,2
sn,1873a18a-66fd-4a4d-8277-a872c93f5b59,sn,nucleus,10x 3' v3,Monocyte,PBC,PRKD2,20,evaluable_descriptive,present,True,2,2,323,323,2,4.186495983206365,19.07069943587781,0.05587881219903692,0.034055727554179564,3.5393500220386445,4.833641944374086,819032,2
sn,1873a18a-66fd-4a4d-8277-a872c93f5b59,sn,nucleus,10x 3' v3,Monocyte,PBC,UBASH3A,20,evaluable_descriptive,present,True,2,2,323,323,0,0.0,0.0,0.0,0.0,0.0,0.0,819032,2
sn,1873a18a-66fd-4a4d-8277-a872c93f5b59,sn,nucleus,10x 3' v3,Monocyte,PBC,BCL2L11,50,evaluable_descriptive,present,True,2,2,323,323,2,5.6803547700486465,50.841804351496066,0.10413322632423755,0.1021671826625387,5.467202322800704,5.89350721729659,819032,2
sn,1873a18a-66fd-4a4d-8277-a872c93f5b59,sn,nucleus,10x 3' v3,Monocyte,PBC,ETS2,50,evaluable_descriptive,present,True,2,2,323,323,2,8.111789146691084,277.70744654686774,0.4701043338683788,0.42724458204334365,7.934888144693047,8.288690148689122,819032,2
sn,1873a18a-66fd-4a4d-8277-a872c93f5b59,sn,nucleus,10x 3' v3,Monocyte,PBC,PFKFB3,50,evaluable_descriptive,present,True,2,2,323,323,2,8.317788759263108,344.3403621088132,0.5169208132691279,0.5046439628482973,7.736452508850484,8.899125009675732,819032,2
sn,1873a18a-66fd-4a4d-8277-a872c93f5b59,sn,nucleus,10x 3' v3,Monocyte,PBC,PRKD2,50,evaluable_descriptive,present,True,2,2,323,323,2,4.186495983206365,19.07069943587781,0.05587881219903692,0.034055727554179564,3.5393500220386445,4.833641944374086,819032,2
sn,1873a18a-66fd-4a4d-8277-a872c93f5b59,sn,nucleus,10x 3' v3,Monocyte,PBC,UBASH3A,50,evaluable_descriptive,present,True,2,2,323,323,0,0.0,0.0,0.0,0.0,0.0,0.0,819032,2
sn,1873a18a-66fd-4a4d-8277-a872c93f5b59,sn,nucleus,10x 3' v3,Monocyte,PSC,BCL2L11,20,evaluable_descriptive,present,True,6,7,1317,1331,6,4.951187460791951,29.95016510129237,0.08823529411764705,0.08959757023538345,4.312472672882647,5.7613282497278435,3872062,6
sn,1873a18a-66fd-4a4d-8277-a872c93f5b59,sn,nucleus,10x 3' v3,Monocyte,PSC,ETS2,20,evaluable_descriptive,present,True,6,7,1317,1331,6,7.085789845261969,134.88849151475767,0.2971906565656566,0.2968868640850418,6.564782633942307,7.856266213112311,3872062,6
sn,1873a18a-66fd-4a4d-8277-a872c93f5b59,sn,nucleus,10x 3' v3,Monocyte,PSC,PFKFB3,20,evaluable_descriptive,present,True,6,7,1317,1331,6,7.708407080697723,208.15270091111307,0.36007333610073333,0.3720577069096431,7.1140536000198065,8.57603115123423,3872062,6
sn,1873a18a-66fd-4a4d-8277-a872c93f5b59,sn,nucleus,10x 3' v3,Monocyte,PSC,PRKD2,20,evaluable_descriptive,present,True,6,7,1317,1331,5,4.190454323927339,17.300238995200417,0.045043622438908845,0.053910402429764616,0.0,4.61255887715054,3872062,6
sn,1873a18a-66fd-4a4d-8277-a872c93f5b59,sn,nucleus,10x 3' v3,Monocyte,PSC,UBASH3A,20,evaluable_descriptive,present,True,6,7,1317,1331,1,0.0,0.0,0.0,0.0007593014426727411,0.0,0.6817253794066177,3872062,6
sn,1873a18a-66fd-4a4d-8277-a872c93f5b59,sn,nucleus,10x 3' v3,Monocyte,PSC,BCL2L11,50,evaluable_descriptive,present,True,5,7,1285,1331,5,4.995737568330903,30.905595767169604,0.09090909090909091,0.09105058365758754,4.795032716648507,5.7613282497278435,3819066,5
sn,1873a18a-66fd-4a4d-8277-a872c93f5b59,sn,nucleus,10x 3' v3,Monocyte,PSC,ETS2,50,evaluable_descriptive,present,True,5,7,1285,1331,5,7.048201107724476,131.3487820104708,0.31313131313131315,0.2972762645914397,6.564782633942307,7.856266213112311,3819066,5
sn,1873a18a-66fd-4a4d-8277-a872c93f5b59,sn,nucleus,10x 3' v3,Monocyte,PSC,PFKFB3,50,evaluable_descriptive,present,True,5,7,1285,1331,5,7.71247587338812,208.74256689128794,0.3767123287671233,0.37509727626459144,7.1140536000198065,8.57603115123423,3819066,5
sn,1873a18a-66fd-4a4d-8277-a872c93f5b59,sn,nucleus,10x 3' v3,Monocyte,PSC,PRKD2,50,evaluable_descriptive,present,True,5,7,1285,1331,5,4.288606431959924,18.54335746030176,0.04899135446685879,0.05525291828793774,4.085125882485637,4.61255887715054,3819066,5
sn,1873a18a-66fd-4a4d-8277-a872c93f5b59,sn,nucleus,10x 3' v3,Monocyte,PSC,UBASH3A,50,evaluable_descriptive,present,True,5,7,1285,1331,1,0.0,0.0,0.0,0.0007782101167315176,0.0,0.6817253794066177,3819066,5
sn,1873a18a-66fd-4a4d-8277-a872c93f5b59,sn,nucleus,10x 3' v3,P-Hepato,Control,BCL2L11,20,evaluable_descriptive,present,True,4,4,10201,10201,4,4.8884509356559445,28.669790897995302,0.140212903006938,0.24242721301833153,4.28031143367623,6.477458849486773,87007999,4
sn,1873a18a-66fd-4a4d-8277-a872c93f5b59,sn,nucleus,10x 3' v3,P-Hepato,Control,ETS2,20,evaluable_descriptive,present,True,4,4,10201,10201,4,8.203580866357518,294.3892357152406,0.7128327966700698,0.7495343593765317,7.93430170132632,9.5346863120432,87007999,4
sn,1873a18a-66fd-4a4d-8277-a872c93f5b59,sn,nucleus,10x 3' v3,P-Hepato,Control,PFKFB3,20,evaluable_descriptive,present,True,4,4,10201,10201,4,5.6589972806209135,50.53328484166082,0.21127451705276928,0.25615135771002845,4.286155994877366,6.1510474511261,87007999,4
sn,1873a18a-66fd-4a4d-8277-a872c93f5b59,sn,nucleus,10x 3' v3,P-Hepato,Control,PRKD2,20,evaluable_descriptive,present,True,4,4,10201,10201,4,4.1374250586446495,16.600590868576894,0.11096478103840614,0.11753749632388981,3.885327551975693,4.375456396985627,87007999,4
sn,1873a18a-66fd-4a4d-8277-a872c93f5b59,sn,nucleus,10x 3' v3,P-Hepato,Control,UBASH3A,20,evaluable_descriptive,present,True,4,4,10201,10201,3,0.03917782912398714,0.02752882980712938,0.0002733816003570552,0.00029408881482207626,0.0,0.102244741530519,87007999,4
sn,1873a18a-66fd-4a4d-8277-a872c93f5b59,sn,nucleus,10x 3' v3,P-Hepato,Control,BCL2L11,50,evaluable_descriptive,present,True,4,4,10201,10201,4,4.8884509356559445,28.669790897995302,0.140212903006938,0.24242721301833153,4.28031143367623,6.477458849486773,87007999,4
sn,1873a18a-66fd-4a4d-8277-a872c93f5b59,sn,nucleus,10x 3' v3,P-Hepato,Control,ETS2,50,evaluable_descriptive,present,True,4,4,10201,10201,4,8.203580866357518,294.3892357152406,0.7128327966700698,0.7495343593765317,7.93430170132632,9.5346863120432,87007999,4
sn,1873a18a-66fd-4a4d-8277-a872c93f5b59,sn,nucleus,10x 3' v3,P-Hepato,Control,PFKFB3,50,evaluable_descriptive,present,True,4,4,10201,10201,4,5.6589972806209135,50.53328484166082,0.21127451705276928,0.25615135771002845,4.286155994877366,6.1510474511261,87007999,4
sn,1873a18a-66fd-4a4d-8277-a872c93f5b59,sn,nucleus,10x 3' v3,P-Hepato,Control,PRKD2,50,evaluable_descriptive,present,True,4,4,10201,10201,4,4.1374250586446495,16.600590868576894,0.11096478103840614,0.11753749632388981,3.885327551975693,4.375456396985627,87007999,4
sn,1873a18a-66fd-4a4d-8277-a872c93f5b59,sn,nucleus,10x 3' v3,P-Hepato,Control,UBASH3A,50,evaluable_descriptive,present,True,4,4,10201,10201,3,0.03917782912398714,0.02752882980712938,0.0002733816003570552,0.00029408881482207626,0.0,0.102244741530519,87007999,4
sn,1873a18a-66fd-4a4d-8277-a872c93f5b59,sn,nucleus,10x 3' v3,P-Hepato,PBC,BCL2L11,20,evaluable_descriptive,present,True,2,2,8660,8660,2,4.20095621539477,18.451300882483444,0.08513156557522475,0.08787528868360277,3.7134732228428335,4.688439207946708,47171917,2
sn,1873a18a-66fd-4a4d-8277-a872c93f5b59,sn,nucleus,10x 3' v3,P-Hepato,PBC,ETS2,20,evaluable_descriptive,present,True,2,2,8660,8660,2,9.375859163200024,695.6164958621813,0.8634537772135589,0.8665127020785219,8.928215080568568,9.82350324583148,47171917,2
sn,1873a18a-66fd-4a4d-8277-a872c93f5b59,sn,nucleus,10x 3' v3,P-Hepato,PBC,PFKFB3,20,evaluable_descriptive,present,True,2,2,8660,8660,2,6.951633453130611,123.36900134470922,0.39685126699474804,0.4008083140877598,6.8109377033453935,7.09232920291583,47171917,2
sn,1873a18a-66fd-4a4d-8277-a872c93f5b59,sn,nucleus,10x 3' v3,P-Hepato,PBC,PRKD2,20,evaluable_descriptive,present,True,2,2,8660,8660,2,3.9275500009987523,14.445064449299615,0.07108446861322167,0.07009237875288683,3.6777209373139805,4.1773790646835245,47171917,2
sn,1873a18a-66fd-4a4d-8277-a872c93f5b59,sn,nucleus,10x 3' v3,P-Hepato,PBC,UBASH3A,20,evaluable_descriptive,present,True,2,2,8660,8660,2,0.08647076003694554,0.061844185259106524,0.00033847388755776876,0.0003464203233256351,0.06937230171390803,0.10356921835998305,47171917,2
sn,1873a18a-66fd-4a4d-8277-a872c93f5b59,sn,nucleus,10x 3' v3,P-Hepato,PBC,BCL2L11,50,evaluable_descriptive,present,True,2,2,8660,8660,2,4.20095621539477,18.451300882483444,0.08513156557522475,0.08787528868360277,3.7134732228428335,4.688439207946708,47171917,2
sn,1873a18a-66fd-4a4d-8277-a872c93f5b59,sn,nucleus,10x 3' v3,P-Hepato,PBC,ETS2,50,evaluable_descriptive,present,True,2,2,8660,8660,2,9.375859163200024,695.6164958621813,0.8634537772135589,0.8665127020785219,8.928215080568568,9.82350324583148,47171917,2
sn,1873a18a-66fd-4a4d-8277-a872c93f5b59,sn,nucleus,10x 3' v3,P-Hepato,PBC,PFKFB3,50,evaluable_descriptive,present,True,2,2,8660,8660,2,6.951633453130611,123.36900134470922,0.39685126699474804,0.4008083140877598,6.8109377033453935,7.09232920291583,47171917,2
sn,1873a18a-66fd-4a4d-8277-a872c93f5b59,sn,nucleus,10x 3' v3,P-Hepato,PBC,PRKD2,50,evaluable_descriptive,present,True,2,2,8660,8660,2,3.9275500009987523,14.445064449299615,0.07108446861322167,0.07009237875288683,3.6777209373139805,4.1773790646835245,47171917,2
sn,1873a18a-66fd-4a4d-8277-a872c93f5b59,sn,nucleus,10x 3' v3,P-Hepato,PBC,UBASH3A,50,evaluable_descriptive,present,True,2,2,8660,8660,2,0.08647076003694554,0.061844185259106524,0.00033847388755776876,0.0003464203233256351,0.06937230171390803,0.10356921835998305,47171917,2
sn,1873a18a-66fd-4a4d-8277-a872c93f5b59,sn,nucleus,10x 3' v3,P-Hepato,PSC,BCL2L11,20,evaluable_descriptive,present,True,7,7,20113,20113,7,4.486868029133311,21.42238799828436,0.09118974115412017,0.10202356684731269,3.7915804634934487,4.937639122655615,120926652,7
sn,1873a18a-66fd-4a4d-8277-a872c93f5b59,sn,nucleus,10x 3' v3,P-Hepato,PSC,ETS2,20,evaluable_descriptive,present,True,7,7,20113,20113,7,8.550323623673254,373.8900236247328,0.7702779353374929,0.725103167105852,8.208516900663154,8.902420092230122,120926652,7
sn,1873a18a-66fd-4a4d-8277-a872c93f5b59,sn,nucleus,10x 3' v3,P-Hepato,PSC,PFKFB3,20,evaluable_descriptive,present,True,7,7,20113,20113,7,6.075207744003282,66.42481458460834,0.19585798816568048,0.20285387560284393,4.268136689742722,6.981816049407767,120926652,7
sn,1873a18a-66fd-4a4d-8277-a872c93f5b59,sn,nucleus,10x 3' v3,P-Hepato,PSC,PRKD2,20,evaluable_descriptive,present,True,7,7,20113,20113,7,4.3766819373933075,19.773637295487163,0.08047337278106509,0.08417441455774873,3.5430438370890687,4.673187106739335,120926652,7
sn,1873a18a-66fd-4a4d-8277-a872c93f5b59,sn,nucleus,10x 3' v3,P-Hepato,PSC,UBASH3A,20,evaluable_descriptive,present,True,7,7,20113,20113,5,0.13612228665158133,0.09894736331745178,0.0005303632988597189,0.0005469099587331577,0.0,0.5482922964843664,120926652,7
sn,1873a18a-66fd-4a4d-8277-a872c93f5b59,sn,nucleus,10x 3' v3,P-Hepato,PSC,BCL2L11,50,evaluable_descriptive,present,True,7,7,20113,20113,7,4.486868029133311,21.42238799828436,0.09118974115412017,0.10202356684731269,3.7915804634934487,4.937639122655615,120926652,7
sn,1873a18a-66fd-4a4d-8277-a872c93f5b59,sn,nucleus,10x 3' v3,P-Hepato,PSC,ETS2,50,evaluable_descriptive,present,True,7,7,20113,20113,7,8.550323623673254,373.8900236247328,0.7702779353374929,0.725103167105852,8.208516900663154,8.902420092230122,120926652,7
sn,1873a18a-66fd-4a4d-8277-a872c93f5b59,sn,nucleus,10x 3' v3,P-Hepato,PSC,PFKFB3,50,evaluable_descriptive,present,True,7,7,20113,20113,7,6.075207744003282,66.42481458460834,0.19585798816568048,0.20285387560284393,4.268136689742722,6.981816049407767,120926652,7
sn,1873a18a-66fd-4a4d-8277-a872c93f5b59,sn,nucleus,10x 3' v3,P-Hepato,PSC,PRKD2,50,evaluable_descriptive,present,True,7,7,20113,20113,7,4.3766819373933075,19.773637295487163,0.08047337278106509,0.08417441455774873,3.5430438370890687,4.673187106739335,120926652,7
sn,1873a18a-66fd-4a4d-8277-a872c93f5b59,sn,nucleus,10x 3' v3,P-Hepato,PSC,UBASH3A,50,evaluable_descriptive,present,True,7,7,20113,20113,5,0.13612228665158133,0.09894736331745178,0.0005303632988597189,0.0005469099587331577,0.0,0.5482922964843664,120926652,7
sn,1873a18a-66fd-4a4d-8277-a872c93f5b59,sn,nucleus,10x 3' v3,P-Hepato2,Control,BCL2L11,20,evaluable_descriptive,present,True,4,4,2582,2582,4,4.648856932718506,24.116707501434988,0.1519748789346247,0.3396591789310612,4.103310892920567,5.844592045794224,39077506,4
sn,1873a18a-66fd-4a4d-8277-a872c93f5b59,sn,nucleus,10x 3' v3,P-Hepato2,Control,ETS2,20,evaluable_descriptive,present,True,4,4,2582,2582,4,7.771541277264436,218.4986060701221,0.7411571832122679,0.8075135553834237,7.449865744025868,8.43844269011999,39077506,4
sn,1873a18a-66fd-4a4d-8277-a872c93f5b59,sn,nucleus,10x 3' v3,P-Hepato2,Control,PFKFB3,20,evaluable_descriptive,present,True,4,4,2582,2582,4,4.631898038319522,27.937071325283075,0.17350181598062953,0.2951200619674671,3.7779457823783384,5.852145829778024,39077506,4
sn,1873a18a-66fd-4a4d-8277-a872c93f5b59,sn,nucleus,10x 3' v3,P-Hepato2,Control,PRKD2,20,evaluable_descriptive,present,True,4,4,2582,2582,4,3.801515848516213,13.018759687429462,0.11675181436210849,0.15801704105344694,3.1094442495293735,4.018380278671589,39077506,4
sn,1873a18a-66fd-4a4d-8277-a872c93f5b59,sn,nucleus,10x 3' v3,P-Hepato2,Control,UBASH3A,20,evaluable_descriptive,present,True,4,4,2582,2582,1,0.0,0.0,0.0,0.000774593338497289,0.0,0.12252807522819698,39077506,4
sn,1873a18a-66fd-4a4d-8277-a872c93f5b59,sn,nucleus,10x 3' v3,P-Hepato2,Control,BCL2L11,50,evaluable_descriptive,present,True,4,4,2582,2582,4,4.648856932718506,24.116707501434988,0.1519748789346247,0.3396591789310612,4.103310892920567,5.844592045794224,39077506,4
sn,1873a18a-66fd-4a4d-8277-a872c93f5b59,sn,nucleus,10x 3' v3,P-Hepato2,Control,ETS2,50,evaluable_descriptive,present,True,4,4,2582,2582,4,7.771541277264436,218.4986060701221,0.7411571832122679,0.8075135553834237,7.449865744025868,8.43844269011999,39077506,4
sn,1873a18a-66fd-4a4d-8277-a872c93f5b59,sn,nucleus,10x 3' v3,P-Hepato2,Control,PFKFB3,50,evaluable_descriptive,present,True,4,4,2582,2582,4,4.631898038319522,27.937071325283075,0.17350181598062953,0.2951200619674671,3.7779457823783384,5.852145829778024,39077506,4
sn,1873a18a-66fd-4a4d-8277-a872c93f5b59,sn,nucleus,10x 3' v3,P-Hepato2,Control,PRKD2,50,evaluable_descriptive,present,True,4,4,2582,2582,4,3.801515848516213,13.018759687429462,0.11675181436210849,0.15801704105344694,3.1094442495293735,4.018380278671589,39077506,4
sn,1873a18a-66fd-4a4d-8277-a872c93f5b59,sn,nucleus,10x 3' v3,P-Hepato2,Control,UBASH3A,50,evaluable_descriptive,present,True,4,4,2582,2582,1,0.0,0.0,0.0,0.000774593338497289,0.0,0.12252807522819698,39077506,4
sn,1873a18a-66fd-4a4d-8277-a872c93f5b59,sn,nucleus,10x 3' v3,P-Hepato2,PBC,BCL2L11,20,evaluable_descriptive,present,True,2,2,766,766,2,4.324877071647712,20.387883775269525,0.07441253263707573,0.07441253263707572,3.7988536304213323,4.850900512874091,3274726,2
sn,1873a18a-66fd-4a4d-8277-a872c93f5b59,sn,nucleus,10x 3' v3,P-Hepato2,PBC,ETS2,20,evaluable_descriptive,present,True,2,2,766,766,2,9.086324375287383,560.5515788486156,0.7819843342036554,0.7819843342036553,8.716262205857698,9.456386544717068,3274726,2
sn,1873a18a-66fd-4a4d-8277-a872c93f5b59,sn,nucleus,10x 3' v3,P-Hepato2,PBC,PFKFB3,20,evaluable_descriptive,present,True,2,2,766,766,2,6.631216060838887,106.39954881250121,0.27676240208877284,0.27676240208877284,6.045861483573266,7.216570638104508,3274726,2
sn,1873a18a-66fd-4a4d-8277-a872c93f5b59,sn,nucleus,10x 3' v3,P-Hepato2,PBC,PRKD2,20,evaluable_descriptive,present,True,2,2,766,766,2,4.083430473189612,15.970255215623368,0.06788511749347259,0.06788511749347259,4.017501927711204,4.14935901866802,3274726,2
sn,1873a18a-66fd-4a4d-8277-a872c93f5b59,sn,nucleus,10x 3' v3,P-Hepato2,PBC,UBASH3A,20,evaluable_descriptive,present,True,2,2,766,766,1,0.44149071007560925,0.42209124261973463,0.0013054830287206266,0.0013054830287206266,0.0,0.8829814201512185,3274726,2
sn,1873a18a-66fd-4a4d-8277-a872c93f5b59,sn,nucleus,10x 3' v3,P-Hepato2,PBC,BCL2L11,50,evaluable_descriptive,present,True,2,2,766,766,2,4.324877071647712,20.387883775269525,0.07441253263707573,0.07441253263707572,3.7988536304213323,4.850900512874091,3274726,2
sn,1873a18a-66fd-4a4d-8277-a872c93f5b59,sn,nucleus,10x 3' v3,P-Hepato2,PBC,ETS2,50,evaluable_descriptive,present,True,2,2,766,766,2,9.086324375287383,560.5515788486156,0.7819843342036554,0.7819843342036553,8.716262205857698,9.456386544717068,3274726,2
sn,1873a18a-66fd-4a4d-8277-a872c93f5b59,sn,nucleus,10x 3' v3,P-Hepato2,PBC,PFKFB3,50,evaluable_descriptive,present,True,2,2,766,766,2,6.631216060838887,106.39954881250121,0.27676240208877284,0.27676240208877284,6.045861483573266,7.216570638104508,3274726,2
sn,1873a18a-66fd-4a4d-8277-a872c93f5b59,sn,nucleus,10x 3' v3,P-Hepato2,PBC,PRKD2,50,evaluable_descriptive,present,True,2,2,766,766,2,4.083430473189612,15.970255215623368,0.06788511749347259,0.06788511749347259,4.017501927711204,4.14935901866802,3274726,2
sn,1873a18a-66fd-4a4d-8277-a872c93f5b59,sn,nucleus,10x 3' v3,P-Hepato2,PBC,UBASH3A,50,evaluable_descriptive,present,True,2,2,766,766,1,0.44149071007560925,0.42209124261973463,0.0013054830287206266,0.0013054830287206266,0.0,0.8829814201512185,3274726,2
sn,1873a18a-66fd-4a4d-8277-a872c93f5b59,sn,nucleus,10x 3' v3,P-Hepato2,PSC,BCL2L11,20,evaluable_descriptive,present,True,7,7,1748,1748,7,4.211881415511672,17.531161639814773,0.0749063670411985,0.10240274599542334,2.924116958937269,4.613158541015951,12652044,7
sn,1873a18a-66fd-4a4d-8277-a872c93f5b59,sn,nucleus,10x 3' v3,P-Hepato2,PSC,ETS2,20,evaluable_descriptive,present,True,7,7,1748,1748,7,8.199774628049356,293.0208445511897,0.6928838951310862,0.6967963386727689,7.334128917908864,8.550795466620913,12652044,7
sn,1873a18a-66fd-4a4d-8277-a872c93f5b59,sn,nucleus,10x 3' v3,P-Hepato2,PSC,PFKFB3,20,evaluable_descriptive,present,True,7,7,1748,1748,7,5.5375954778577565,45.449638959430516,0.18776671408250356,0.19908466819221968,4.716877946184506,6.497939821476653,12652044,7
sn,1873a18a-66fd-4a4d-8277-a872c93f5b59,sn,nucleus,10x 3' v3,P-Hepato2,PSC,PRKD2,20,evaluable_descriptive,present,True,7,7,1748,1748,7,4.3174017282182815,18.93734956642938,0.09787234042553192,0.10125858123569793,3.741677271096282,5.172420438857565,12652044,7
sn,1873a18a-66fd-4a4d-8277-a872c93f5b59,sn,nucleus,10x 3' v3,P-Hepato2,PSC,UBASH3A,20,evaluable_descriptive,present,True,7,7,1748,1748,2,0.0,0.0,0.0,0.0011441647597254005,0.0,0.6362202794578591,12652044,7
sn,1873a18a-66fd-4a4d-8277-a872c93f5b59,sn,nucleus,10x 3' v3,P-Hepato2,PSC,BCL2L11,50,evaluable_descriptive,present,True,7,7,1748,1748,7,4.211881415511672,17.531161639814773,0.0749063670411985,0.10240274599542334,2.924116958937269,4.613158541015951,12652044,7
sn,1873a18a-66fd-4a4d-8277-a872c93f5b59,sn,nucleus,10x 3' v3,P-Hepato2,PSC,ETS2,50,evaluable_descriptive,present,True,7,7,1748,1748,7,8.199774628049356,293.0208445511897,0.6928838951310862,0.6967963386727689,7.334128917908864,8.550795466620913,12652044,7
sn,1873a18a-66fd-4a4d-8277-a872c93f5b59,sn,nucleus,10x 3' v3,P-Hepato2,PSC,PFKFB3,50,evaluable_descriptive,present,True,7,7,1748,1748,7,5.5375954778577565,45.449638959430516,0.18776671408250356,0.19908466819221968,4.716877946184506,6.497939821476653,12652044,7
sn,1873a18a-66fd-4a4d-8277-a872c93f5b59,sn,nucleus,10x 3' v3,P-Hepato2,PSC,PRKD2,50,evaluable_descriptive,present,True,7,7,1748,1748,7,4.3174017282182815,18.93734956642938,0.09787234042553192,0.10125858123569793,3.741677271096282,5.172420438857565,12652044,7
sn,1873a18a-66fd-4a4d-8277-a872c93f5b59,sn,nucleus,10x 3' v3,P-Hepato2,PSC,UBASH3A,50,evaluable_descriptive,present,True,7,7,1748,1748,2,0.0,0.0,0.0,0.0011441647597254005,0.0,0.6362202794578591,12652044,7
sn,1873a18a-66fd-4a4d-8277-a872c93f5b59,sn,nucleus,10x 3' v3,Prolif,Control,BCL2L11,20,no_eligible_donors,present,True,0,0,0,0,0,,,,,,,0,0
sn,1873a18a-66fd-4a4d-8277-a872c93f5b59,sn,nucleus,10x 3' v3,Prolif,Control,ETS2,20,no_eligible_donors,present,True,0,0,0,0,0,,,,,,,0,0
sn,1873a18a-66fd-4a4d-8277-a872c93f5b59,sn,nucleus,10x 3' v3,Prolif,Control,PFKFB3,20,no_eligible_donors,present,True,0,0,0,0,0,,,,,,,0,0
sn,1873a18a-66fd-4a4d-8277-a872c93f5b59,sn,nucleus,10x 3' v3,Prolif,Control,PRKD2,20,no_eligible_donors,present,True,0,0,0,0,0,,,,,,,0,0
sn,1873a18a-66fd-4a4d-8277-a872c93f5b59,sn,nucleus,10x 3' v3,Prolif,Control,UBASH3A,20,no_eligible_donors,present,True,0,0,0,0,0,,,,,,,0,0
sn,1873a18a-66fd-4a4d-8277-a872c93f5b59,sn,nucleus,10x 3' v3,Prolif,Control,BCL2L11,50,no_eligible_donors,present,True,0,0,0,0,0,,,,,,,0,0
sn,1873a18a-66fd-4a4d-8277-a872c93f5b59,sn,nucleus,10x 3' v3,Prolif,Control,ETS2,50,no_eligible_donors,present,True,0,0,0,0,0,,,,,,,0,0
sn,1873a18a-66fd-4a4d-8277-a872c93f5b59,sn,nucleus,10x 3' v3,Prolif,Control,PFKFB3,50,no_eligible_donors,present,True,0,0,0,0,0,,,,,,,0,0
sn,1873a18a-66fd-4a4d-8277-a872c93f5b59,sn,nucleus,10x 3' v3,Prolif,Control,PRKD2,50,no_eligible_donors,present,True,0,0,0,0,0,,,,,,,0,0
sn,1873a18a-66fd-4a4d-8277-a872c93f5b59,sn,nucleus,10x 3' v3,Prolif,Control,UBASH3A,50,no_eligible_donors,present,True,0,0,0,0,0,,,,,,,0,0
sn,1873a18a-66fd-4a4d-8277-a872c93f5b59,sn,nucleus,10x 3' v3,Prolif,PBC,BCL2L11,20,no_eligible_donors,present,True,0,0,0,0,0,,,,,,,0,0
sn,1873a18a-66fd-4a4d-8277-a872c93f5b59,sn,nucleus,10x 3' v3,Prolif,PBC,ETS2,20,no_eligible_donors,present,True,0,0,0,0,0,,,,,,,0,0
sn,1873a18a-66fd-4a4d-8277-a872c93f5b59,sn,nucleus,10x 3' v3,Prolif,PBC,PFKFB3,20,no_eligible_donors,present,True,0,0,0,0,0,,,,,,,0,0
sn,1873a18a-66fd-4a4d-8277-a872c93f5b59,sn,nucleus,10x 3' v3,Prolif,PBC,PRKD2,20,no_eligible_donors,present,True,0,0,0,0,0,,,,,,,0,0
sn,1873a18a-66fd-4a4d-8277-a872c93f5b59,sn,nucleus,10x 3' v3,Prolif,PBC,UBASH3A,20,no_eligible_donors,present,True,0,0,0,0,0,,,,,,,0,0
sn,1873a18a-66fd-4a4d-8277-a872c93f5b59,sn,nucleus,10x 3' v3,Prolif,PBC,BCL2L11,50,no_eligible_donors,present,True,0,0,0,0,0,,,,,,,0,0
sn,1873a18a-66fd-4a4d-8277-a872c93f5b59,sn,nucleus,10x 3' v3,Prolif,PBC,ETS2,50,no_eligible_donors,present,True,0,0,0,0,0,,,,,,,0,0
sn,1873a18a-66fd-4a4d-8277-a872c93f5b59,sn,nucleus,10x 3' v3,Prolif,PBC,PFKFB3,50,no_eligible_donors,present,True,0,0,0,0,0,,,,,,,0,0
sn,1873a18a-66fd-4a4d-8277-a872c93f5b59,sn,nucleus,10x 3' v3,Prolif,PBC,PRKD2,50,no_eligible_donors,present,True,0,0,0,0,0,,,,,,,0,0
sn,1873a18a-66fd-4a4d-8277-a872c93f5b59,sn,nucleus,10x 3' v3,Prolif,PBC,UBASH3A,50,no_eligible_donors,present,True,0,0,0,0,0,,,,,,,0,0
sn,1873a18a-66fd-4a4d-8277-a872c93f5b59,sn,nucleus,10x 3' v3,Prolif,PSC,BCL2L11,20,no_eligible_donors,present,True,0,0,0,0,0,,,,,,,0,0
sn,1873a18a-66fd-4a4d-8277-a872c93f5b59,sn,nucleus,10x 3' v3,Prolif,PSC,ETS2,20,no_eligible_donors,present,True,0,0,0,0,0,,,,,,,0,0
sn,1873a18a-66fd-4a4d-8277-a872c93f5b59,sn,nucleus,10x 3' v3,Prolif,PSC,PFKFB3,20,no_eligible_donors,present,True,0,0,0,0,0,,,,,,,0,0
sn,1873a18a-66fd-4a4d-8277-a872c93f5b59,sn,nucleus,10x 3' v3,Prolif,PSC,PRKD2,20,no_eligible_donors,present,True,0,0,0,0,0,,,,,,,0,0
sn,1873a18a-66fd-4a4d-8277-a872c93f5b59,sn,nucleus,10x 3' v3,Prolif,PSC,UBASH3A,20,no_eligible_donors,present,True,0,0,0,0,0,,,,,,,0,0
sn,1873a18a-66fd-4a4d-8277-a872c93f5b59,sn,nucleus,10x 3' v3,Prolif,PSC,BCL2L11,50,no_eligible_donors,present,True,0,0,0,0,0,,,,,,,0,0
sn,1873a18a-66fd-4a4d-8277-a872c93f5b59,sn,nucleus,10x 3' v3,Prolif,PSC,ETS2,50,no_eligible_donors,present,True,0,0,0,0,0,,,,,,,0,0
sn,1873a18a-66fd-4a4d-8277-a872c93f5b59,sn,nucleus,10x 3' v3,Prolif,PSC,PFKFB3,50,no_eligible_donors,present,True,0,0,0,0,0,,,,,,,0,0
sn,1873a18a-66fd-4a4d-8277-a872c93f5b59,sn,nucleus,10x 3' v3,Prolif,PSC,PRKD2,50,no_eligible_donors,present,True,0,0,0,0,0,,,,,,,0,0
sn,1873a18a-66fd-4a4d-8277-a872c93f5b59,sn,nucleus,10x 3' v3,Prolif,PSC,UBASH3A,50,no_eligible_donors,present,True,0,0,0,0,0,,,,,,,0,0
sn,1873a18a-66fd-4a4d-8277-a872c93f5b59,sn,nucleus,10x 3' v3,Prolif-Mac,Control,BCL2L11,20,no_eligible_donors,present,True,0,2,0,4,0,,,,,,,0,0
sn,1873a18a-66fd-4a4d-8277-a872c93f5b59,sn,nucleus,10x 3' v3,Prolif-Mac,Control,ETS2,20,no_eligible_donors,present,True,0,2,0,4,0,,,,,,,0,0
sn,1873a18a-66fd-4a4d-8277-a872c93f5b59,sn,nucleus,10x 3' v3,Prolif-Mac,Control,PFKFB3,20,no_eligible_donors,present,True,0,2,0,4,0,,,,,,,0,0
sn,1873a18a-66fd-4a4d-8277-a872c93f5b59,sn,nucleus,10x 3' v3,Prolif-Mac,Control,PRKD2,20,no_eligible_donors,present,True,0,2,0,4,0,,,,,,,0,0
sn,1873a18a-66fd-4a4d-8277-a872c93f5b59,sn,nucleus,10x 3' v3,Prolif-Mac,Control,UBASH3A,20,no_eligible_donors,present,True,0,2,0,4,0,,,,,,,0,0
sn,1873a18a-66fd-4a4d-8277-a872c93f5b59,sn,nucleus,10x 3' v3,Prolif-Mac,Control,BCL2L11,50,no_eligible_donors,present,True,0,2,0,4,0,,,,,,,0,0
sn,1873a18a-66fd-4a4d-8277-a872c93f5b59,sn,nucleus,10x 3' v3,Prolif-Mac,Control,ETS2,50,no_eligible_donors,present,True,0,2,0,4,0,,,,,,,0,0
sn,1873a18a-66fd-4a4d-8277-a872c93f5b59,sn,nucleus,10x 3' v3,Prolif-Mac,Control,PFKFB3,50,no_eligible_donors,present,True,0,2,0,4,0,,,,,,,0,0
sn,1873a18a-66fd-4a4d-8277-a872c93f5b59,sn,nucleus,10x 3' v3,Prolif-Mac,Control,PRKD2,50,no_eligible_donors,present,True,0,2,0,4,0,,,,,,,0,0
sn,1873a18a-66fd-4a4d-8277-a872c93f5b59,sn,nucleus,10x 3' v3,Prolif-Mac,Control,UBASH3A,50,no_eligible_donors,present,True,0,2,0,4,0,,,,,,,0,0
sn,1873a18a-66fd-4a4d-8277-a872c93f5b59,sn,nucleus,10x 3' v3,Prolif-Mac,PBC,BCL2L11,20,evaluable_descriptive,present,True,2,2,58,58,2,5.5715239997529675,48.70944699990852,0.19696969696969696,0.1896551724137931,5.138873626135813,6.004174373370122,256841,2
sn,1873a18a-66fd-4a4d-8277-a872c93f5b59,sn,nucleus,10x 3' v3,Prolif-Mac,PBC,ETS2,20,evaluable_descriptive,present,True,2,2,58,58,2,7.572349133257113,189.54191721020194,0.46212121212121215,0.43103448275862066,7.504063028896048,7.640635237618179,256841,2
sn,1873a18a-66fd-4a4d-8277-a872c93f5b59,sn,nucleus,10x 3' v3,Prolif-Mac,PBC,PFKFB3,20,evaluable_descriptive,present,True,2,2,58,58,2,8.22117810668139,337.2355070325523,0.6287878787878788,0.6379310344827587,7.483927903936259,8.958428309426518,256841,2
sn,1873a18a-66fd-4a4d-8277-a872c93f5b59,sn,nucleus,10x 3' v3,Prolif-Mac,PBC,PRKD2,20,evaluable_descriptive,present,True,2,2,58,58,2,4.81929514847198,27.233117016815388,0.13257575757575757,0.1206896551724138,4.811444224756156,4.827146072187804,256841,2
sn,1873a18a-66fd-4a4d-8277-a872c93f5b59,sn,nucleus,10x 3' v3,Prolif-Mac,PBC,UBASH3A,20,evaluable_descriptive,present,True,2,2,58,58,1,1.486042004978605,3.423344470614011,0.022727272727272728,0.017241379310344827,0.0,2.97208400995721,256841,2
sn,1873a18a-66fd-4a4d-8277-a872c93f5b59,sn,nucleus,10x 3' v3,Prolif-Mac,PBC,BCL2L11,50,no_eligible_donors,present,True,0,2,0,58,0,,,,,,,0,0
sn,1873a18a-66fd-4a4d-8277-a872c93f5b59,sn,nucleus,10x 3' v3,Prolif-Mac,PBC,ETS2,50,no_eligible_donors,present,True,0,2,0,58,0,,,,,,,0,0
sn,1873a18a-66fd-4a4d-8277-a872c93f5b59,sn,nucleus,10x 3' v3,Prolif-Mac,PBC,PFKFB3,50,no_eligible_donors,present,True,0,2,0,58,0,,,,,,,0,0
sn,1873a18a-66fd-4a4d-8277-a872c93f5b59,sn,nucleus,10x 3' v3,Prolif-Mac,PBC,PRKD2,50,no_eligible_donors,present,True,0,2,0,58,0,,,,,,,0,0
sn,1873a18a-66fd-4a4d-8277-a872c93f5b59,sn,nucleus,10x 3' v3,Prolif-Mac,PBC,UBASH3A,50,no_eligible_donors,present,True,0,2,0,58,0,,,,,,,0,0
sn,1873a18a-66fd-4a4d-8277-a872c93f5b59,sn,nucleus,10x 3' v3,Prolif-Mac,PSC,BCL2L11,20,evaluable_descriptive,present,True,5,7,185,197,5,5.666814437778314,49.80203690330934,0.1836734693877551,0.1783783783783784,3.380510991075806,6.568161125267218,833871,5
sn,1873a18a-66fd-4a4d-8277-a872c93f5b59,sn,nucleus,10x 3' v3,Prolif-Mac,PSC,ETS2,20,evaluable_descriptive,present,True,5,7,185,197,5,6.7469435422145825,106.40695025162114,0.3333333333333333,0.32972972972972975,5.885144234310388,7.589593097413887,833871,5
sn,1873a18a-66fd-4a4d-8277-a872c93f5b59,sn,nucleus,10x 3' v3,Prolif-Mac,PSC,PFKFB3,20,evaluable_descriptive,present,True,5,7,185,197,5,7.151693014039322,141.19165759006012,0.3469387755102041,0.4,6.528317110904751,7.781839217604259,833871,5
sn,1873a18a-66fd-4a4d-8277-a872c93f5b59,sn,nucleus,10x 3' v3,Prolif-Mac,PSC,PRKD2,20,evaluable_descriptive,present,True,5,7,185,197,5,5.272683585502709,37.65769158350593,0.13333333333333333,0.16216216216216217,4.7121993423970325,5.935866659790321,833871,5
sn,1873a18a-66fd-4a4d-8277-a872c93f5b59,sn,nucleus,10x 3' v3,Prolif-Mac,PSC,UBASH3A,20,evaluable_descriptive,present,True,5,7,185,197,5,2.859816997559363,6.25923236774242,0.02564102564102564,0.02702702702702703,2.3261013269698565,4.137559178553378,833871,5
sn,1873a18a-66fd-4a4d-8277-a872c93f5b59,sn,nucleus,10x 3' v3,Prolif-Mac,PSC,BCL2L11,50,no_eligible_donors,present,True,0,7,0,197,0,,,,,,,0,0
sn,1873a18a-66fd-4a4d-8277-a872c93f5b59,sn,nucleus,10x 3' v3,Prolif-Mac,PSC,ETS2,50,no_eligible_donors,present,True,0,7,0,197,0,,,,,,,0,0
sn,1873a18a-66fd-4a4d-8277-a872c93f5b59,sn,nucleus,10x 3' v3,Prolif-Mac,PSC,PFKFB3,50,no_eligible_donors,present,True,0,7,0,197,0,,,,,,,0,0
sn,1873a18a-66fd-4a4d-8277-a872c93f5b59,sn,nucleus,10x 3' v3,Prolif-Mac,PSC,PRKD2,50,no_eligible_donors,present,True,0,7,0,197,0,,,,,,,0,0
sn,1873a18a-66fd-4a4d-8277-a872c93f5b59,sn,nucleus,10x 3' v3,Prolif-Mac,PSC,UBASH3A,50,no_eligible_donors,present,True,0,7,0,197,0,,,,,,,0,0
sn,1873a18a-66fd-4a4d-8277-a872c93f5b59,sn,nucleus,10x 3' v3,Stellate,Control,BCL2L11,20,evaluable_descriptive,present,True,3,4,506,507,3,3.0656580000969416,7.372497267568201,0.016736401673640166,0.03557312252964427,1.5292254684871822,4.084034831697647,2012563,3
sn,1873a18a-66fd-4a4d-8277-a872c93f5b59,sn,nucleus,10x 3' v3,Stellate,Control,ETS2,20,evaluable_descriptive,present,True,3,4,506,507,3,8.100739705070357,273.51472075090163,0.640625,0.5454545454545454,7.850618284454977,8.125732568379108,2012563,3
sn,1873a18a-66fd-4a4d-8277-a872c93f5b59,sn,nucleus,10x 3' v3,Stellate,Control,PFKFB3,20,evaluable_descriptive,present,True,3,4,506,507,3,5.815749620569435,55.32680051496484,0.11715481171548117,0.15612648221343872,5.343851109241849,6.073659064975562,2012563,3
sn,1873a18a-66fd-4a4d-8277-a872c93f5b59,sn,nucleus,10x 3' v3,Stellate,Control,PRKD2,20,evaluable_descriptive,present,True,3,4,506,507,3,5.579390919598667,46.8149850511241,0.12552301255230125,0.14031620553359683,4.962592270901288,5.906409091309884,2012563,3
sn,1873a18a-66fd-4a4d-8277-a872c93f5b59,sn,nucleus,10x 3' v3,Stellate,Control,UBASH3A,20,evaluable_descriptive,present,True,3,4,506,507,1,0.0,0.0,0.0,0.001976284584980237,0.0,1.045426847281909,2012563,3
sn,1873a18a-66fd-4a4d-8277-a872c93f5b59,sn,nucleus,10x 3' v3,Stellate,Control,BCL2L11,50,evaluable_descriptive,present,True,3,4,506,507,3,3.0656580000969416,7.372497267568201,0.016736401673640166,0.03557312252964427,1.5292254684871822,4.084034831697647,2012563,3
sn,1873a18a-66fd-4a4d-8277-a872c93f5b59,sn,nucleus,10x 3' v3,Stellate,Control,ETS2,50,evaluable_descriptive,present,True,3,4,506,507,3,8.100739705070357,273.51472075090163,0.640625,0.5454545454545454,7.850618284454977,8.125732568379108,2012563,3
sn,1873a18a-66fd-4a4d-8277-a872c93f5b59,sn,nucleus,10x 3' v3,Stellate,Control,PFKFB3,50,evaluable_descriptive,present,True,3,4,506,507,3,5.815749620569435,55.32680051496484,0.11715481171548117,0.15612648221343872,5.343851109241849,6.073659064975562,2012563,3
sn,1873a18a-66fd-4a4d-8277-a872c93f5b59,sn,nucleus,10x 3' v3,Stellate,Control,PRKD2,50,evaluable_descriptive,present,True,3,4,506,507,3,5.579390919598667,46.8149850511241,0.12552301255230125,0.14031620553359683,4.962592270901288,5.906409091309884,2012563,3
sn,1873a18a-66fd-4a4d-8277-a872c93f5b59,sn,nucleus,10x 3' v3,Stellate,Control,UBASH3A,50,evaluable_descriptive,present,True,3,4,506,507,1,0.0,0.0,0.0,0.001976284584980237,0.0,1.045426847281909,2012563,3
sn,1873a18a-66fd-4a4d-8277-a872c93f5b59,sn,nucleus,10x 3' v3,Stellate,PBC,BCL2L11,20,evaluable_descriptive,present,True,2,2,334,334,2,5.04960549476664,32.29797132582838,0.12344074844074845,0.08682634730538923,4.899866461647583,5.199344527885696,1071481,2
sn,1873a18a-66fd-4a4d-8277-a872c93f5b59,sn,nucleus,10x 3' v3,Stellate,PBC,ETS2,20,evaluable_descriptive,present,True,2,2,334,334,2,8.232559826581522,314.6448825217158,0.5751039501039501,0.5868263473053892,7.780819315127385,8.68430033803566,1071481,2
sn,1873a18a-66fd-4a4d-8277-a872c93f5b59,sn,nucleus,10x 3' v3,Stellate,PBC,PFKFB3,20,evaluable_descriptive,present,True,2,2,334,334,2,6.686975177610655,102.64921805695013,0.2786382536382536,0.2155688622754491,6.5293825350657375,6.844567820155573,1071481,2
sn,1873a18a-66fd-4a4d-8277-a872c93f5b59,sn,nucleus,10x 3' v3,Stellate,PBC,PRKD2,20,evaluable_descriptive,present,True,2,2,334,334,2,4.623092745350105,23.822724435534177,0.08872141372141373,0.06287425149700598,4.448848834796105,4.797336655904106,1071481,2
sn,1873a18a-66fd-4a4d-8277-a872c93f5b59,sn,nucleus,10x 3' v3,Stellate,PBC,UBASH3A,20,evaluable_descriptive,present,True,2,2,334,334,1,0.6900921550226884,0.8015081176742158,0.0019230769230769232,0.0029940119760479044,0.0,1.3801843100453768,1071481,2
sn,1873a18a-66fd-4a4d-8277-a872c93f5b59,sn,nucleus,10x 3' v3,Stellate,PBC,BCL2L11,50,evaluable_descriptive,present,True,2,2,334,334,2,5.04960549476664,32.29797132582838,0.12344074844074845,0.08682634730538923,4.899866461647583,5.199344527885696,1071481,2
sn,1873a18a-66fd-4a4d-8277-a872c93f5b59,sn,nucleus,10x 3' v3,Stellate,PBC,ETS2,50,evaluable_descriptive,present,True,2,2,334,334,2,8.232559826581522,314.6448825217158,0.5751039501039501,0.5868263473053892,7.780819315127385,8.68430033803566,1071481,2
sn,1873a18a-66fd-4a4d-8277-a872c93f5b59,sn,nucleus,10x 3' v3,Stellate,PBC,PFKFB3,50,evaluable_descriptive,present,True,2,2,334,334,2,6.686975177610655,102.64921805695013,0.2786382536382536,0.2155688622754491,6.5293825350657375,6.844567820155573,1071481,2
sn,1873a18a-66fd-4a4d-8277-a872c93f5b59,sn,nucleus,10x 3' v3,Stellate,PBC,PRKD2,50,evaluable_descriptive,present,True,2,2,334,334,2,4.623092745350105,23.822724435534177,0.08872141372141373,0.06287425149700598,4.448848834796105,4.797336655904106,1071481,2
sn,1873a18a-66fd-4a4d-8277-a872c93f5b59,sn,nucleus,10x 3' v3,Stellate,PBC,UBASH3A,50,evaluable_descriptive,present,True,2,2,334,334,1,0.6900921550226884,0.8015081176742158,0.0019230769230769232,0.0029940119760479044,0.0,1.3801843100453768,1071481,2
sn,1873a18a-66fd-4a4d-8277-a872c93f5b59,sn,nucleus,10x 3' v3,Stellate,PSC,BCL2L11,20,evaluable_descriptive,present,True,7,7,1073,1073,7,5.055456275376383,32.25400675398902,0.08,0.07269338303821063,3.9278121046080163,5.638267248291675,3353010,7
sn,1873a18a-66fd-4a4d-8277-a872c93f5b59,sn,nucleus,10x 3' v3,Stellate,PSC,ETS2,20,evaluable_descriptive,present,True,7,7,1073,1073,7,7.634058356175257,197.6463336605106,0.44,0.39888164026095063,7.398162035342837,8.78221226084321,3353010,7
sn,1873a18a-66fd-4a4d-8277-a872c93f5b59,sn,nucleus,10x 3' v3,Stellate,PSC,PFKFB3,20,evaluable_descriptive,present,True,7,7,1073,1073,7,6.581864412237921,94.79406778723788,0.16666666666666666,0.18546132339235788,4.859761429220734,7.370647607448217,3353010,7
sn,1873a18a-66fd-4a4d-8277-a872c93f5b59,sn,nucleus,10x 3' v3,Stellate,PSC,PRKD2,20,evaluable_descriptive,present,True,7,7,1073,1073,6,4.744333638210677,25.80320540319121,0.0603448275862069,0.07082945013979497,0.0,5.262323456719722,3353010,7
sn,1873a18a-66fd-4a4d-8277-a872c93f5b59,sn,nucleus,10x 3' v3,Stellate,PSC,UBASH3A,20,evaluable_descriptive,present,True,7,7,1073,1073,4,1.5062543633135248,1.8407155229380765,0.00796812749003984,0.0065237651444548,0.0,2.156189606561535,3353010,7
sn,1873a18a-66fd-4a4d-8277-a872c93f5b59,sn,nucleus,10x 3' v3,Stellate,PSC,BCL2L11,50,evaluable_descriptive,present,True,5,7,1023,1073,5,4.88416273216351,28.531090605540186,0.07758620689655173,0.07135874877810362,3.9278121046080163,5.3490695566191135,3205026,5
sn,1873a18a-66fd-4a4d-8277-a872c93f5b59,sn,nucleus,10x 3' v3,Stellate,PSC,ETS2,50,evaluable_descriptive,present,True,5,7,1023,1073,5,7.546217451942597,185.91226781674573,0.3651452282157676,0.39002932551319647,7.398162035342837,7.678122946186597,3205026,5
sn,1873a18a-66fd-4a4d-8277-a872c93f5b59,sn,nucleus,10x 3' v3,Stellate,PSC,PFKFB3,50,evaluable_descriptive,present,True,5,7,1023,1073,5,6.581864412237921,94.79406778723788,0.17012448132780084,0.18866080156402737,5.5551378330619325,7.370647607448217,3205026,5
sn,1873a18a-66fd-4a4d-8277-a872c93f5b59,sn,nucleus,10x 3' v3,Stellate,PSC,PRKD2,50,evaluable_descriptive,present,True,5,7,1023,1073,5,4.744333638210677,25.80320540319121,0.0603448275862069,0.07038123167155426,4.199979492545646,4.840910475334559,3205026,5
sn,1873a18a-66fd-4a4d-8277-a872c93f5b59,sn,nucleus,10x 3' v3,Stellate,PSC,UBASH3A,50,evaluable_descriptive,present,True,5,7,1023,1073,4,2.0790881520464444,3.2254006753989013,0.008097165991902834,0.006842619745845552,0.0,2.156189606561535,3205026,5
sn,1873a18a-66fd-4a4d-8277-a872c93f5b59,sn,nucleus,10x 3' v3,Stellate-Doublet,Control,BCL2L11,20,no_eligible_donors,present,True,0,0,0,0,0,,,,,,,0,0
sn,1873a18a-66fd-4a4d-8277-a872c93f5b59,sn,nucleus,10x 3' v3,Stellate-Doublet,Control,ETS2,20,no_eligible_donors,present,True,0,0,0,0,0,,,,,,,0,0
sn,1873a18a-66fd-4a4d-8277-a872c93f5b59,sn,nucleus,10x 3' v3,Stellate-Doublet,Control,PFKFB3,20,no_eligible_donors,present,True,0,0,0,0,0,,,,,,,0,0
sn,1873a18a-66fd-4a4d-8277-a872c93f5b59,sn,nucleus,10x 3' v3,Stellate-Doublet,Control,PRKD2,20,no_eligible_donors,present,True,0,0,0,0,0,,,,,,,0,0
sn,1873a18a-66fd-4a4d-8277-a872c93f5b59,sn,nucleus,10x 3' v3,Stellate-Doublet,Control,UBASH3A,20,no_eligible_donors,present,True,0,0,0,0,0,,,,,,,0,0
sn,1873a18a-66fd-4a4d-8277-a872c93f5b59,sn,nucleus,10x 3' v3,Stellate-Doublet,Control,BCL2L11,50,no_eligible_donors,present,True,0,0,0,0,0,,,,,,,0,0
sn,1873a18a-66fd-4a4d-8277-a872c93f5b59,sn,nucleus,10x 3' v3,Stellate-Doublet,Control,ETS2,50,no_eligible_donors,present,True,0,0,0,0,0,,,,,,,0,0
sn,1873a18a-66fd-4a4d-8277-a872c93f5b59,sn,nucleus,10x 3' v3,Stellate-Doublet,Control,PFKFB3,50,no_eligible_donors,present,True,0,0,0,0,0,,,,,,,0,0
sn,1873a18a-66fd-4a4d-8277-a872c93f5b59,sn,nucleus,10x 3' v3,Stellate-Doublet,Control,PRKD2,50,no_eligible_donors,present,True,0,0,0,0,0,,,,,,,0,0
sn,1873a18a-66fd-4a4d-8277-a872c93f5b59,sn,nucleus,10x 3' v3,Stellate-Doublet,Control,UBASH3A,50,no_eligible_donors,present,True,0,0,0,0,0,,,,,,,0,0
sn,1873a18a-66fd-4a4d-8277-a872c93f5b59,sn,nucleus,10x 3' v3,Stellate-Doublet,PBC,BCL2L11,20,no_eligible_donors,present,True,0,0,0,0,0,,,,,,,0,0
sn,1873a18a-66fd-4a4d-8277-a872c93f5b59,sn,nucleus,10x 3' v3,Stellate-Doublet,PBC,ETS2,20,no_eligible_donors,present,True,0,0,0,0,0,,,,,,,0,0
sn,1873a18a-66fd-4a4d-8277-a872c93f5b59,sn,nucleus,10x 3' v3,Stellate-Doublet,PBC,PFKFB3,20,no_eligible_donors,present,True,0,0,0,0,0,,,,,,,0,0
sn,1873a18a-66fd-4a4d-8277-a872c93f5b59,sn,nucleus,10x 3' v3,Stellate-Doublet,PBC,PRKD2,20,no_eligible_donors,present,True,0,0,0,0,0,,,,,,,0,0
sn,1873a18a-66fd-4a4d-8277-a872c93f5b59,sn,nucleus,10x 3' v3,Stellate-Doublet,PBC,UBASH3A,20,no_eligible_donors,present,True,0,0,0,0,0,,,,,,,0,0
sn,1873a18a-66fd-4a4d-8277-a872c93f5b59,sn,nucleus,10x 3' v3,Stellate-Doublet,PBC,BCL2L11,50,no_eligible_donors,present,True,0,0,0,0,0,,,,,,,0,0
sn,1873a18a-66fd-4a4d-8277-a872c93f5b59,sn,nucleus,10x 3' v3,Stellate-Doublet,PBC,ETS2,50,no_eligible_donors,present,True,0,0,0,0,0,,,,,,,0,0
sn,1873a18a-66fd-4a4d-8277-a872c93f5b59,sn,nucleus,10x 3' v3,Stellate-Doublet,PBC,PFKFB3,50,no_eligible_donors,present,True,0,0,0,0,0,,,,,,,0,0
sn,1873a18a-66fd-4a4d-8277-a872c93f5b59,sn,nucleus,10x 3' v3,Stellate-Doublet,PBC,PRKD2,50,no_eligible_donors,present,True,0,0,0,0,0,,,,,,,0,0
sn,1873a18a-66fd-4a4d-8277-a872c93f5b59,sn,nucleus,10x 3' v3,Stellate-Doublet,PBC,UBASH3A,50,no_eligible_donors,present,True,0,0,0,0,0,,,,,,,0,0
sn,1873a18a-66fd-4a4d-8277-a872c93f5b59,sn,nucleus,10x 3' v3,Stellate-Doublet,PSC,BCL2L11,20,no_eligible_donors,present,True,0,0,0,0,0,,,,,,,0,0
sn,1873a18a-66fd-4a4d-8277-a872c93f5b59,sn,nucleus,10x 3' v3,Stellate-Doublet,PSC,ETS2,20,no_eligible_donors,present,True,0,0,0,0,0,,,,,,,0,0
sn,1873a18a-66fd-4a4d-8277-a872c93f5b59,sn,nucleus,10x 3' v3,Stellate-Doublet,PSC,PFKFB3,20,no_eligible_donors,present,True,0,0,0,0,0,,,,,,,0,0
sn,1873a18a-66fd-4a4d-8277-a872c93f5b59,sn,nucleus,10x 3' v3,Stellate-Doublet,PSC,PRKD2,20,no_eligible_donors,present,True,0,0,0,0,0,,,,,,,0,0
sn,1873a18a-66fd-4a4d-8277-a872c93f5b59,sn,nucleus,10x 3' v3,Stellate-Doublet,PSC,UBASH3A,20,no_eligible_donors,present,True,0,0,0,0,0,,,,,,,0,0
sn,1873a18a-66fd-4a4d-8277-a872c93f5b59,sn,nucleus,10x 3' v3,Stellate-Doublet,PSC,BCL2L11,50,no_eligible_donors,present,True,0,0,0,0,0,,,,,,,0,0
sn,1873a18a-66fd-4a4d-8277-a872c93f5b59,sn,nucleus,10x 3' v3,Stellate-Doublet,PSC,ETS2,50,no_eligible_donors,present,True,0,0,0,0,0,,,,,,,0,0
sn,1873a18a-66fd-4a4d-8277-a872c93f5b59,sn,nucleus,10x 3' v3,Stellate-Doublet,PSC,PFKFB3,50,no_eligible_donors,present,True,0,0,0,0,0,,,,,,,0,0
sn,1873a18a-66fd-4a4d-8277-a872c93f5b59,sn,nucleus,10x 3' v3,Stellate-Doublet,PSC,PRKD2,50,no_eligible_donors,present,True,0,0,0,0,0,,,,,,,0,0
sn,1873a18a-66fd-4a4d-8277-a872c93f5b59,sn,nucleus,10x 3' v3,Stellate-Doublet,PSC,UBASH3A,50,no_eligible_donors,present,True,0,0,0,0,0,,,,,,,0,0
sn,1873a18a-66fd-4a4d-8277-a872c93f5b59,sn,nucleus,10x 3' v3,Tcell-Doublet,Control,BCL2L11,20,no_eligible_donors,present,True,0,0,0,0,0,,,,,,,0,0
sn,1873a18a-66fd-4a4d-8277-a872c93f5b59,sn,nucleus,10x 3' v3,Tcell-Doublet,Control,ETS2,20,no_eligible_donors,present,True,0,0,0,0,0,,,,,,,0,0
sn,1873a18a-66fd-4a4d-8277-a872c93f5b59,sn,nucleus,10x 3' v3,Tcell-Doublet,Control,PFKFB3,20,no_eligible_donors,present,True,0,0,0,0,0,,,,,,,0,0
sn,1873a18a-66fd-4a4d-8277-a872c93f5b59,sn,nucleus,10x 3' v3,Tcell-Doublet,Control,PRKD2,20,no_eligible_donors,present,True,0,0,0,0,0,,,,,,,0,0
sn,1873a18a-66fd-4a4d-8277-a872c93f5b59,sn,nucleus,10x 3' v3,Tcell-Doublet,Control,UBASH3A,20,no_eligible_donors,present,True,0,0,0,0,0,,,,,,,0,0
sn,1873a18a-66fd-4a4d-8277-a872c93f5b59,sn,nucleus,10x 3' v3,Tcell-Doublet,Control,BCL2L11,50,no_eligible_donors,present,True,0,0,0,0,0,,,,,,,0,0
sn,1873a18a-66fd-4a4d-8277-a872c93f5b59,sn,nucleus,10x 3' v3,Tcell-Doublet,Control,ETS2,50,no_eligible_donors,present,True,0,0,0,0,0,,,,,,,0,0
sn,1873a18a-66fd-4a4d-8277-a872c93f5b59,sn,nucleus,10x 3' v3,Tcell-Doublet,Control,PFKFB3,50,no_eligible_donors,present,True,0,0,0,0,0,,,,,,,0,0
sn,1873a18a-66fd-4a4d-8277-a872c93f5b59,sn,nucleus,10x 3' v3,Tcell-Doublet,Control,PRKD2,50,no_eligible_donors,present,True,0,0,0,0,0,,,,,,,0,0
sn,1873a18a-66fd-4a4d-8277-a872c93f5b59,sn,nucleus,10x 3' v3,Tcell-Doublet,Control,UBASH3A,50,no_eligible_donors,present,True,0,0,0,0,0,,,,,,,0,0
sn,1873a18a-66fd-4a4d-8277-a872c93f5b59,sn,nucleus,10x 3' v3,Tcell-Doublet,PBC,BCL2L11,20,no_eligible_donors,present,True,0,0,0,0,0,,,,,,,0,0
sn,1873a18a-66fd-4a4d-8277-a872c93f5b59,sn,nucleus,10x 3' v3,Tcell-Doublet,PBC,ETS2,20,no_eligible_donors,present,True,0,0,0,0,0,,,,,,,0,0
sn,1873a18a-66fd-4a4d-8277-a872c93f5b59,sn,nucleus,10x 3' v3,Tcell-Doublet,PBC,PFKFB3,20,no_eligible_donors,present,True,0,0,0,0,0,,,,,,,0,0
sn,1873a18a-66fd-4a4d-8277-a872c93f5b59,sn,nucleus,10x 3' v3,Tcell-Doublet,PBC,PRKD2,20,no_eligible_donors,present,True,0,0,0,0,0,,,,,,,0,0
sn,1873a18a-66fd-4a4d-8277-a872c93f5b59,sn,nucleus,10x 3' v3,Tcell-Doublet,PBC,UBASH3A,20,no_eligible_donors,present,True,0,0,0,0,0,,,,,,,0,0
sn,1873a18a-66fd-4a4d-8277-a872c93f5b59,sn,nucleus,10x 3' v3,Tcell-Doublet,PBC,BCL2L11,50,no_eligible_donors,present,True,0,0,0,0,0,,,,,,,0,0
sn,1873a18a-66fd-4a4d-8277-a872c93f5b59,sn,nucleus,10x 3' v3,Tcell-Doublet,PBC,ETS2,50,no_eligible_donors,present,True,0,0,0,0,0,,,,,,,0,0
sn,1873a18a-66fd-4a4d-8277-a872c93f5b59,sn,nucleus,10x 3' v3,Tcell-Doublet,PBC,PFKFB3,50,no_eligible_donors,present,True,0,0,0,0,0,,,,,,,0,0
sn,1873a18a-66fd-4a4d-8277-a872c93f5b59,sn,nucleus,10x 3' v3,Tcell-Doublet,PBC,PRKD2,50,no_eligible_donors,present,True,0,0,0,0,0,,,,,,,0,0
sn,1873a18a-66fd-4a4d-8277-a872c93f5b59,sn,nucleus,10x 3' v3,Tcell-Doublet,PBC,UBASH3A,50,no_eligible_donors,present,True,0,0,0,0,0,,,,,,,0,0
sn,1873a18a-66fd-4a4d-8277-a872c93f5b59,sn,nucleus,10x 3' v3,Tcell-Doublet,PSC,BCL2L11,20,no_eligible_donors,present,True,0,0,0,0,0,,,,,,,0,0
sn,1873a18a-66fd-4a4d-8277-a872c93f5b59,sn,nucleus,10x 3' v3,Tcell-Doublet,PSC,ETS2,20,no_eligible_donors,present,True,0,0,0,0,0,,,,,,,0,0
sn,1873a18a-66fd-4a4d-8277-a872c93f5b59,sn,nucleus,10x 3' v3,Tcell-Doublet,PSC,PFKFB3,20,no_eligible_donors,present,True,0,0,0,0,0,,,,,,,0,0
sn,1873a18a-66fd-4a4d-8277-a872c93f5b59,sn,nucleus,10x 3' v3,Tcell-Doublet,PSC,PRKD2,20,no_eligible_donors,present,True,0,0,0,0,0,,,,,,,0,0
sn,1873a18a-66fd-4a4d-8277-a872c93f5b59,sn,nucleus,10x 3' v3,Tcell-Doublet,PSC,UBASH3A,20,no_eligible_donors,present,True,0,0,0,0,0,,,,,,,0,0
sn,1873a18a-66fd-4a4d-8277-a872c93f5b59,sn,nucleus,10x 3' v3,Tcell-Doublet,PSC,BCL2L11,50,no_eligible_donors,present,True,0,0,0,0,0,,,,,,,0,0
sn,1873a18a-66fd-4a4d-8277-a872c93f5b59,sn,nucleus,10x 3' v3,Tcell-Doublet,PSC,ETS2,50,no_eligible_donors,present,True,0,0,0,0,0,,,,,,,0,0
sn,1873a18a-66fd-4a4d-8277-a872c93f5b59,sn,nucleus,10x 3' v3,Tcell-Doublet,PSC,PFKFB3,50,no_eligible_donors,present,True,0,0,0,0,0,,,,,,,0,0
sn,1873a18a-66fd-4a4d-8277-a872c93f5b59,sn,nucleus,10x 3' v3,Tcell-Doublet,PSC,PRKD2,50,no_eligible_donors,present,True,0,0,0,0,0,,,,,,,0,0
sn,1873a18a-66fd-4a4d-8277-a872c93f5b59,sn,nucleus,10x 3' v3,Tcell-Doublet,PSC,UBASH3A,50,no_eligible_donors,present,True,0,0,0,0,0,,,,,,,0,0
sn,1873a18a-66fd-4a4d-8277-a872c93f5b59,sn,nucleus,10x 3' v3,VSMC,Control,BCL2L11,20,no_eligible_donors,present,True,0,3,0,34,0,,,,,,,0,0
sn,1873a18a-66fd-4a4d-8277-a872c93f5b59,sn,nucleus,10x 3' v3,VSMC,Control,ETS2,20,no_eligible_donors,present,True,0,3,0,34,0,,,,,,,0,0
sn,1873a18a-66fd-4a4d-8277-a872c93f5b59,sn,nucleus,10x 3' v3,VSMC,Control,PFKFB3,20,no_eligible_donors,present,True,0,3,0,34,0,,,,,,,0,0
sn,1873a18a-66fd-4a4d-8277-a872c93f5b59,sn,nucleus,10x 3' v3,VSMC,Control,PRKD2,20,no_eligible_donors,present,True,0,3,0,34,0,,,,,,,0,0
sn,1873a18a-66fd-4a4d-8277-a872c93f5b59,sn,nucleus,10x 3' v3,VSMC,Control,UBASH3A,20,no_eligible_donors,present,True,0,3,0,34,0,,,,,,,0,0
sn,1873a18a-66fd-4a4d-8277-a872c93f5b59,sn,nucleus,10x 3' v3,VSMC,Control,BCL2L11,50,no_eligible_donors,present,True,0,3,0,34,0,,,,,,,0,0
sn,1873a18a-66fd-4a4d-8277-a872c93f5b59,sn,nucleus,10x 3' v3,VSMC,Control,ETS2,50,no_eligible_donors,present,True,0,3,0,34,0,,,,,,,0,0
sn,1873a18a-66fd-4a4d-8277-a872c93f5b59,sn,nucleus,10x 3' v3,VSMC,Control,PFKFB3,50,no_eligible_donors,present,True,0,3,0,34,0,,,,,,,0,0
sn,1873a18a-66fd-4a4d-8277-a872c93f5b59,sn,nucleus,10x 3' v3,VSMC,Control,PRKD2,50,no_eligible_donors,present,True,0,3,0,34,0,,,,,,,0,0
sn,1873a18a-66fd-4a4d-8277-a872c93f5b59,sn,nucleus,10x 3' v3,VSMC,Control,UBASH3A,50,no_eligible_donors,present,True,0,3,0,34,0,,,,,,,0,0
sn,1873a18a-66fd-4a4d-8277-a872c93f5b59,sn,nucleus,10x 3' v3,VSMC,PBC,BCL2L11,20,evaluable_descriptive,present,True,2,2,61,61,2,5.615509861463458,52.87747475149014,0.13901098901098902,0.13114754098360656,4.978951874871198,6.2520678480557175,271073,2
sn,1873a18a-66fd-4a4d-8277-a872c93f5b59,sn,nucleus,10x 3' v3,VSMC,PBC,ETS2,20,evaluable_descriptive,present,True,2,2,61,61,2,8.884048347334266,473.64368073888045,0.6373626373626373,0.6065573770491803,8.74539334096673,9.022703353701802,271073,2
sn,1873a18a-66fd-4a4d-8277-a872c93f5b59,sn,nucleus,10x 3' v3,VSMC,PBC,PFKFB3,20,evaluable_descriptive,present,True,2,2,61,61,2,7.195849625108391,145.77370714864438,0.35934065934065934,0.3442622950819672,7.127888910603402,7.263810339613379,271073,2
sn,1873a18a-66fd-4a4d-8277-a872c93f5b59,sn,nucleus,10x 3' v3,VSMC,PBC,PRKD2,20,evaluable_descriptive,present,True,2,2,61,61,2,5.1866540963889864,44.30499668093944,0.1576923076923077,0.16393442622950818,4.198344655067681,6.174963537710291,271073,2
sn,1873a18a-66fd-4a4d-8277-a872c93f5b59,sn,nucleus,10x 3' v3,VSMC,PBC,UBASH3A,20,evaluable_descriptive,present,True,2,2,61,61,0,0.0,0.0,0.0,0.0,0.0,0.0,271073,2
sn,1873a18a-66fd-4a4d-8277-a872c93f5b59,sn,nucleus,10x 3' v3,VSMC,PBC,BCL2L11,50,no_eligible_donors,present,True,0,2,0,61,0,,,,,,,0,0
sn,1873a18a-66fd-4a4d-8277-a872c93f5b59,sn,nucleus,10x 3' v3,VSMC,PBC,ETS2,50,no_eligible_donors,present,True,0,2,0,61,0,,,,,,,0,0
sn,1873a18a-66fd-4a4d-8277-a872c93f5b59,sn,nucleus,10x 3' v3,VSMC,PBC,PFKFB3,50,no_eligible_donors,present,True,0,2,0,61,0,,,,,,,0,0
sn,1873a18a-66fd-4a4d-8277-a872c93f5b59,sn,nucleus,10x 3' v3,VSMC,PBC,PRKD2,50,no_eligible_donors,present,True,0,2,0,61,0,,,,,,,0,0
sn,1873a18a-66fd-4a4d-8277-a872c93f5b59,sn,nucleus,10x 3' v3,VSMC,PBC,UBASH3A,50,no_eligible_donors,present,True,0,2,0,61,0,,,,,,,0,0
sn,1873a18a-66fd-4a4d-8277-a872c93f5b59,sn,nucleus,10x 3' v3,VSMC,PSC,BCL2L11,20,evaluable_descriptive,present,True,4,7,433,462,4,6.516323383235807,90.91620367946672,0.1654785431959345,0.19861431870669746,5.324708154494985,7.179511279510357,1337082,4
sn,1873a18a-66fd-4a4d-8277-a872c93f5b59,sn,nucleus,10x 3' v3,VSMC,PSC,ETS2,20,evaluable_descriptive,present,True,4,7,433,462,4,7.591991432669872,193.14074891901515,0.3353331451157538,0.3741339491916859,6.932382221173671,7.920424520392784,1337082,4
sn,1873a18a-66fd-4a4d-8277-a872c93f5b59,sn,nucleus,10x 3' v3,VSMC,PSC,PFKFB3,20,evaluable_descriptive,present,True,4,7,433,462,4,6.453007774167531,98.58231274338586,0.22052205220522053,0.23787528868360278,5.5817303935025455,7.4831353075984035,1337082,4
sn,1873a18a-66fd-4a4d-8277-a872c93f5b59,sn,nucleus,10x 3' v3,VSMC,PSC,PRKD2,20,evaluable_descriptive,present,True,4,7,433,462,4,6.004019497730926,66.16487303479784,0.1994985212806995,0.16166281755196305,5.4530089709997815,6.850178196936975,1337082,4
sn,1873a18a-66fd-4a4d-8277-a872c93f5b59,sn,nucleus,10x 3' v3,VSMC,PSC,UBASH3A,20,evaluable_descriptive,present,True,4,7,433,462,0,0.0,0.0,0.0,0.0,0.0,0.0,1337082,4
sn,1873a18a-66fd-4a4d-8277-a872c93f5b59,sn,nucleus,10x 3' v3,VSMC,PSC,BCL2L11,50,evaluable_descriptive,present,True,4,7,433,462,4,6.516323383235807,90.91620367946672,0.1654785431959345,0.19861431870669746,5.324708154494985,7.179511279510357,1337082,4
sn,1873a18a-66fd-4a4d-8277-a872c93f5b59,sn,nucleus,10x 3' v3,VSMC,PSC,ETS2,50,evaluable_descriptive,present,True,4,7,433,462,4,7.591991432669872,193.14074891901515,0.3353331451157538,0.3741339491916859,6.932382221173671,7.920424520392784,1337082,4
sn,1873a18a-66fd-4a4d-8277-a872c93f5b59,sn,nucleus,10x 3' v3,VSMC,PSC,PFKFB3,50,evaluable_descriptive,present,True,4,7,433,462,4,6.453007774167531,98.58231274338586,0.22052205220522053,0.23787528868360278,5.5817303935025455,7.4831353075984035,1337082,4
sn,1873a18a-66fd-4a4d-8277-a872c93f5b59,sn,nucleus,10x 3' v3,VSMC,PSC,PRKD2,50,evaluable_descriptive,present,True,4,7,433,462,4,6.004019497730926,66.16487303479784,0.1994985212806995,0.16166281755196305,5.4530089709997815,6.850178196936975,1337082,4
sn,1873a18a-66fd-4a4d-8277-a872c93f5b59,sn,nucleus,10x 3' v3,VSMC,PSC,UBASH3A,50,evaluable_descriptive,present,True,4,7,433,462,0,0.0,0.0,0.0,0.0,0.0,0.0,1337082,4
sn,1873a18a-66fd-4a4d-8277-a872c93f5b59,sn,nucleus,10x 3' v3,aStellate,Control,BCL2L11,20,evaluable_descriptive,present,True,3,3,257,257,3,5.146625746204983,34.423276254441554,0.10294117647058823,0.12062256809338522,4.954726953934111,5.66177666997731,1085267,3
sn,1873a18a-66fd-4a4d-8277-a872c93f5b59,sn,nucleus,10x 3' v3,aStellate,Control,ETS2,20,evaluable_descriptive,present,True,3,3,257,257,3,7.670407333925799,202.71484905393362,0.45588235294117646,0.36964980544747084,6.508336944049803,7.694423410508877,1085267,3
sn,1873a18a-66fd-4a4d-8277-a872c93f5b59,sn,nucleus,10x 3' v3,aStellate,Control,PFKFB3,20,evaluable_descriptive,present,True,3,3,257,257,3,5.769436374633985,53.5473186180202,0.14705882352941177,0.15953307392996108,5.488611219923812,5.850204548412191,1085267,3
sn,1873a18a-66fd-4a4d-8277-a872c93f5b59,sn,nucleus,10x 3' v3,aStellate,Control,PRKD2,20,evaluable_descriptive,present,True,3,3,257,257,3,4.979038970981815,30.538430706392074,0.07575757575757576,0.0933852140077821,4.33084822667671,5.102070386985527,1085267,3
sn,1873a18a-66fd-4a4d-8277-a872c93f5b59,sn,nucleus,10x 3' v3,aStellate,Control,UBASH3A,20,evaluable_descriptive,present,True,3,3,257,257,0,0.0,0.0,0.0,0.0,0.0,0.0,1085267,3
sn,1873a18a-66fd-4a4d-8277-a872c93f5b59,sn,nucleus,10x 3' v3,aStellate,Control,BCL2L11,50,evaluable_descriptive,present,True,3,3,257,257,3,5.146625746204983,34.423276254441554,0.10294117647058823,0.12062256809338522,4.954726953934111,5.66177666997731,1085267,3
sn,1873a18a-66fd-4a4d-8277-a872c93f5b59,sn,nucleus,10x 3' v3,aStellate,Control,ETS2,50,evaluable_descriptive,present,True,3,3,257,257,3,7.670407333925799,202.71484905393362,0.45588235294117646,0.36964980544747084,6.508336944049803,7.694423410508877,1085267,3
sn,1873a18a-66fd-4a4d-8277-a872c93f5b59,sn,nucleus,10x 3' v3,aStellate,Control,PFKFB3,50,evaluable_descriptive,present,True,3,3,257,257,3,5.769436374633985,53.5473186180202,0.14705882352941177,0.15953307392996108,5.488611219923812,5.850204548412191,1085267,3
sn,1873a18a-66fd-4a4d-8277-a872c93f5b59,sn,nucleus,10x 3' v3,aStellate,Control,PRKD2,50,evaluable_descriptive,present,True,3,3,257,257,3,4.979038970981815,30.538430706392074,0.07575757575757576,0.0933852140077821,4.33084822667671,5.102070386985527,1085267,3
sn,1873a18a-66fd-4a4d-8277-a872c93f5b59,sn,nucleus,10x 3' v3,aStellate,Control,UBASH3A,50,evaluable_descriptive,present,True,3,3,257,257,0,0.0,0.0,0.0,0.0,0.0,0.0,1085267,3
sn,1873a18a-66fd-4a4d-8277-a872c93f5b59,sn,nucleus,10x 3' v3,aStellate,PBC,BCL2L11,20,evaluable_descriptive,present,True,2,2,413,413,2,5.225888455422467,38.550835378043644,0.11838834232518777,0.09927360774818401,4.741766093905468,5.710010816939467,1185895,2
sn,1873a18a-66fd-4a4d-8277-a872c93f5b59,sn,nucleus,10x 3' v3,aStellate,PBC,ETS2,20,evaluable_descriptive,present,True,2,2,413,413,2,7.06174454155329,141.84554077004967,0.3017031630170316,0.31234866828087166,6.527977344758007,7.595511738348574,1185895,2
sn,1873a18a-66fd-4a4d-8277-a872c93f5b59,sn,nucleus,10x 3' v3,aStellate,PBC,PFKFB3,20,evaluable_descriptive,present,True,2,2,413,413,2,6.242874675054808,75.50745742368267,0.17462710250714059,0.16707021791767554,6.0369007093004745,6.448848640809142,1185895,2
sn,1873a18a-66fd-4a4d-8277-a872c93f5b59,sn,nucleus,10x 3' v3,aStellate,PBC,PRKD2,20,evaluable_descriptive,present,True,2,2,413,413,2,4.195188970656682,17.45454218666429,0.049098169893155616,0.048426150121065374,4.019138462838943,4.371239478474421,1185895,2
sn,1873a18a-66fd-4a4d-8277-a872c93f5b59,sn,nucleus,10x 3' v3,aStellate,PBC,UBASH3A,20,evaluable_descriptive,present,True,2,2,413,413,1,0.6652884208664451,0.7575160744911007,0.0018115942028985507,0.002421307506053269,0.0,1.3305768417328903,1185895,2
sn,1873a18a-66fd-4a4d-8277-a872c93f5b59,sn,nucleus,10x 3' v3,aStellate,PBC,BCL2L11,50,evaluable_descriptive,present,True,2,2,413,413,2,5.225888455422467,38.550835378043644,0.11838834232518777,0.09927360774818401,4.741766093905468,5.710010816939467,1185895,2
sn,1873a18a-66fd-4a4d-8277-a872c93f5b59,sn,nucleus,10x 3' v3,aStellate,PBC,ETS2,50,evaluable_descriptive,present,True,2,2,413,413,2,7.06174454155329,141.84554077004967,0.3017031630170316,0.31234866828087166,6.527977344758007,7.595511738348574,1185895,2
sn,1873a18a-66fd-4a4d-8277-a872c93f5b59,sn,nucleus,10x 3' v3,aStellate,PBC,PFKFB3,50,evaluable_descriptive,present,True,2,2,413,413,2,6.242874675054808,75.50745742368267,0.17462710250714059,0.16707021791767554,6.0369007093004745,6.448848640809142,1185895,2
sn,1873a18a-66fd-4a4d-8277-a872c93f5b59,sn,nucleus,10x 3' v3,aStellate,PBC,PRKD2,50,evaluable_descriptive,present,True,2,2,413,413,2,4.195188970656682,17.45454218666429,0.049098169893155616,0.048426150121065374,4.019138462838943,4.371239478474421,1185895,2
sn,1873a18a-66fd-4a4d-8277-a872c93f5b59,sn,nucleus,10x 3' v3,aStellate,PBC,UBASH3A,50,evaluable_descriptive,present,True,2,2,413,413,1,0.6652884208664451,0.7575160744911007,0.0018115942028985507,0.002421307506053269,0.0,1.3305768417328903,1185895,2
sn,1873a18a-66fd-4a4d-8277-a872c93f5b59,sn,nucleus,10x 3' v3,aStellate,PSC,BCL2L11,20,evaluable_descriptive,present,True,7,7,1634,1634,7,4.211481549905869,17.52602614883101,0.04132231404958678,0.06119951040391677,3.3303027022259,5.169754852075406,4680482,7
sn,1873a18a-66fd-4a4d-8277-a872c93f5b59,sn,nucleus,10x 3' v3,aStellate,PSC,ETS2,20,evaluable_descriptive,present,True,7,7,1634,1634,7,6.489322372229902,88.84226360351524,0.23529411764705882,0.21542227662178703,6.16016191606672,7.944649790807071,4680482,7
sn,1873a18a-66fd-4a4d-8277-a872c93f5b59,sn,nucleus,10x 3' v3,aStellate,PSC,PFKFB3,20,evaluable_descriptive,present,True,7,7,1634,1634,7,6.398669094121396,83.37063731219074,0.16470588235294117,0.15299877600979192,5.485833273292903,6.970187445113478,4680482,7
sn,1873a18a-66fd-4a4d-8277-a872c93f5b59,sn,nucleus,10x 3' v3,aStellate,PSC,PRKD2,20,evaluable_descriptive,present,True,7,7,1634,1634,6,4.279383493473224,18.41881813811535,0.05555555555555555,0.044063647490820076,0.0,6.1518609389570384,4680482,7
sn,1873a18a-66fd-4a4d-8277-a872c93f5b59,sn,nucleus,10x 3' v3,aStellate,PSC,UBASH3A,20,evaluable_descriptive,present,True,7,7,1634,1634,2,0.0,0.0,0.0,0.0012239902080783353,0.0,3.3303027022259,4680482,7
sn,1873a18a-66fd-4a4d-8277-a872c93f5b59,sn,nucleus,10x 3' v3,aStellate,PSC,BCL2L11,50,evaluable_descriptive,present,True,5,7,1572,1634,5,4.43891120559078,20.689294263832313,0.07115384615384615,0.062340966921119595,3.9274315050221267,5.169754852075406,4513027,5
sn,1873a18a-66fd-4a4d-8277-a872c93f5b59,sn,nucleus,10x 3' v3,aStellate,PSC,ETS2,50,evaluable_descriptive,present,True,5,7,1572,1634,5,6.449148391142747,86.37498460272013,0.2024793388429752,0.20674300254452926,6.16016191606672,6.610268866564315,4513027,5
sn,1873a18a-66fd-4a4d-8277-a872c93f5b59,sn,nucleus,10x 3' v3,aStellate,PSC,PFKFB3,50,evaluable_descriptive,present,True,5,7,1572,1634,5,5.991498755278267,62.62398166959218,0.16322314049586778,0.15012722646310434,5.485833273292903,6.970187445113478,4513027,5
sn,1873a18a-66fd-4a4d-8277-a872c93f5b59,sn,nucleus,10x 3' v3,aStellate,PSC,PRKD2,50,evaluable_descriptive,present,True,5,7,1572,1634,5,4.279383493473224,18.41881813811535,0.05825242718446602,0.044529262086514,3.5254695075105444,5.043692946624008,4513027,5
sn,1873a18a-66fd-4a4d-8277-a872c93f5b59,sn,nucleus,10x 3' v3,aStellate,PSC,UBASH3A,50,evaluable_descriptive,present,True,5,7,1572,1634,1,0.0,0.0,0.0,0.0006361323155216285,0.0,1.1486200342693844,4513027,5
sn,1873a18a-66fd-4a4d-8277-a872c93f5b59,sn,nucleus,10x 3' v3,cvEndo,Control,BCL2L11,20,evaluable_descriptive,present,True,2,3,71,78,2,4.321291544047195,21.72063411538087,0.06977671451355662,0.07042253521126761,3.5757250503273252,5.066858037767065,275350,2
sn,1873a18a-66fd-4a4d-8277-a872c93f5b59,sn,nucleus,10x 3' v3,cvEndo,Control,ETS2,20,evaluable_descriptive,present,True,2,3,71,78,2,7.378811644820429,174.31188281904411,0.3759968102073365,0.36619718309859156,6.909678852981426,7.847944436659432,275350,2
sn,1873a18a-66fd-4a4d-8277-a872c93f5b59,sn,nucleus,10x 3' v3,cvEndo,Control,PFKFB3,20,evaluable_descriptive,present,True,2,3,71,78,2,3.128712553085568,8.150495580729338,0.028309409888357256,0.028169014084507043,2.691914944529752,3.5655101616413845,275350,2
sn,1873a18a-66fd-4a4d-8277-a872c93f5b59,sn,nucleus,10x 3' v3,cvEndo,Control,PRKD2,20,evaluable_descriptive,present,True,2,3,71,78,2,7.119690604044006,138.684611771475,0.37001594896331735,0.36619718309859156,6.984352612675529,7.255028595412484,275350,2
sn,1873a18a-66fd-4a4d-8277-a872c93f5b59,sn,nucleus,10x 3' v3,cvEndo,Control,UBASH3A,20,evaluable_descriptive,present,True,2,3,71,78,0,0.0,0.0,0.0,0.0,0.0,0.0,275350,2
sn,1873a18a-66fd-4a4d-8277-a872c93f5b59,sn,nucleus,10x 3' v3,cvEndo,Control,BCL2L11,50,no_eligible_donors,present,True,0,3,0,78,0,,,,,,,0,0
sn,1873a18a-66fd-4a4d-8277-a872c93f5b59,sn,nucleus,10x 3' v3,cvEndo,Control,ETS2,50,no_eligible_donors,present,True,0,3,0,78,0,,,,,,,0,0
sn,1873a18a-66fd-4a4d-8277-a872c93f5b59,sn,nucleus,10x 3' v3,cvEndo,Control,PFKFB3,50,no_eligible_donors,present,True,0,3,0,78,0,,,,,,,0,0
sn,1873a18a-66fd-4a4d-8277-a872c93f5b59,sn,nucleus,10x 3' v3,cvEndo,Control,PRKD2,50,no_eligible_donors,present,True,0,3,0,78,0,,,,,,,0,0
sn,1873a18a-66fd-4a4d-8277-a872c93f5b59,sn,nucleus,10x 3' v3,cvEndo,Control,UBASH3A,50,no_eligible_donors,present,True,0,3,0,78,0,,,,,,,0,0
sn,1873a18a-66fd-4a4d-8277-a872c93f5b59,sn,nucleus,10x 3' v3,cvEndo,PBC,BCL2L11,20,evaluable_descriptive,present,True,1,2,33,36,1,3.77119075787751,12.653422750854107,0.030303030303030304,0.030303030303030304,3.77119075787751,3.77119075787751,79030,1
sn,1873a18a-66fd-4a4d-8277-a872c93f5b59,sn,nucleus,10x 3' v3,cvEndo,PBC,ETS2,20,evaluable_descriptive,present,True,1,2,33,36,1,7.668564252139761,202.4547640136657,0.3333333333333333,0.3333333333333333,7.668564252139761,7.668564252139761,79030,1
sn,1873a18a-66fd-4a4d-8277-a872c93f5b59,sn,nucleus,10x 3' v3,cvEndo,PBC,PFKFB3,20,evaluable_descriptive,present,True,1,2,33,36,1,6.843993950384133,113.88080475768695,0.18181818181818182,0.18181818181818182,6.843993950384133,6.843993950384133,79030,1
sn,1873a18a-66fd-4a4d-8277-a872c93f5b59,sn,nucleus,10x 3' v3,cvEndo,PBC,PRKD2,20,evaluable_descriptive,present,True,1,2,33,36,1,3.77119075787751,12.653422750854107,0.030303030303030304,0.030303030303030304,3.77119075787751,3.77119075787751,79030,1
sn,1873a18a-66fd-4a4d-8277-a872c93f5b59,sn,nucleus,10x 3' v3,cvEndo,PBC,UBASH3A,20,evaluable_descriptive,present,True,1,2,33,36,0,0.0,0.0,0.0,0.0,0.0,0.0,79030,1
sn,1873a18a-66fd-4a4d-8277-a872c93f5b59,sn,nucleus,10x 3' v3,cvEndo,PBC,BCL2L11,50,no_eligible_donors,present,True,0,2,0,36,0,,,,,,,0,0
sn,1873a18a-66fd-4a4d-8277-a872c93f5b59,sn,nucleus,10x 3' v3,cvEndo,PBC,ETS2,50,no_eligible_donors,present,True,0,2,0,36,0,,,,,,,0,0
sn,1873a18a-66fd-4a4d-8277-a872c93f5b59,sn,nucleus,10x 3' v3,cvEndo,PBC,PFKFB3,50,no_eligible_donors,present,True,0,2,0,36,0,,,,,,,0,0
sn,1873a18a-66fd-4a4d-8277-a872c93f5b59,sn,nucleus,10x 3' v3,cvEndo,PBC,PRKD2,50,no_eligible_donors,present,True,0,2,0,36,0,,,,,,,0,0
sn,1873a18a-66fd-4a4d-8277-a872c93f5b59,sn,nucleus,10x 3' v3,cvEndo,PBC,UBASH3A,50,no_eligible_donors,present,True,0,2,0,36,0,,,,,,,0,0
sn,1873a18a-66fd-4a4d-8277-a872c93f5b59,sn,nucleus,10x 3' v3,cvEndo,PSC,BCL2L11,20,evaluable_descriptive,present,True,3,6,110,138,3,3.831268240694218,13.233990180379287,0.034482758620689655,0.05454545454545454,3.1288994169759357,4.257181274672303,425357,3
sn,1873a18a-66fd-4a4d-8277-a872c93f5b59,sn,nucleus,10x 3' v3,cvEndo,PSC,ETS2,20,evaluable_descriptive,present,True,3,6,110,138,3,6.998374168657368,126.85583287650132,0.28125,0.3090909090909091,6.5541603556835915,7.195484340590761,425357,3
sn,1873a18a-66fd-4a4d-8277-a872c93f5b59,sn,nucleus,10x 3' v3,cvEndo,PSC,PFKFB3,20,evaluable_descriptive,present,True,3,6,110,138,3,5.5694316234838945,46.48604256571964,0.09375,0.17272727272727273,4.779678932107316,6.199457344839968,425357,3
sn,1873a18a-66fd-4a4d-8277-a872c93f5b59,sn,nucleus,10x 3' v3,cvEndo,PSC,PRKD2,20,evaluable_descriptive,present,True,3,6,110,138,3,6.329194313213276,79.40394108227572,0.10344827586206896,0.17272727272727273,4.043987267628021,6.517453801463305,425357,3
sn,1873a18a-66fd-4a4d-8277-a872c93f5b59,sn,nucleus,10x 3' v3,cvEndo,PSC,UBASH3A,20,evaluable_descriptive,present,True,3,6,110,138,0,0.0,0.0,0.0,0.0,0.0,0.0,425357,3
sn,1873a18a-66fd-4a4d-8277-a872c93f5b59,sn,nucleus,10x 3' v3,cvEndo,PSC,BCL2L11,50,no_eligible_donors,present,True,0,6,0,138,0,,,,,,,0,0
sn,1873a18a-66fd-4a4d-8277-a872c93f5b59,sn,nucleus,10x 3' v3,cvEndo,PSC,ETS2,50,no_eligible_donors,present,True,0,6,0,138,0,,,,,,,0,0
sn,1873a18a-66fd-4a4d-8277-a872c93f5b59,sn,nucleus,10x 3' v3,cvEndo,PSC,PFKFB3,50,no_eligible_donors,present,True,0,6,0,138,0,,,,,,,0,0
sn,1873a18a-66fd-4a4d-8277-a872c93f5b59,sn,nucleus,10x 3' v3,cvEndo,PSC,PRKD2,50,no_eligible_donors,present,True,0,6,0,138,0,,,,,,,0,0
sn,1873a18a-66fd-4a4d-8277-a872c93f5b59,sn,nucleus,10x 3' v3,cvEndo,PSC,UBASH3A,50,no_eligible_donors,present,True,0,6,0,138,0,,,,,,,0,0
sn,1873a18a-66fd-4a4d-8277-a872c93f5b59,sn,nucleus,10x 3' v3,cvLSEC,Control,BCL2L11,20,evaluable_descriptive,present,True,3,4,1226,1228,3,4.259631878539422,18.154771073838205,0.07051282051282051,0.05954323001631321,3.817620349481133,4.724501789706952,4398993,3
sn,1873a18a-66fd-4a4d-8277-a872c93f5b59,sn,nucleus,10x 3' v3,cvLSEC,Control,ETS2,20,evaluable_descriptive,present,True,3,4,1226,1228,3,7.90214958581667,238.21260227187705,0.6474358974358975,0.48776508972267535,7.822103060320303,8.190057716321487,4398993,3
sn,1873a18a-66fd-4a4d-8277-a872c93f5b59,sn,nucleus,10x 3' v3,cvLSEC,Control,PFKFB3,20,evaluable_descriptive,present,True,3,4,1226,1228,3,5.749906410519887,52.81387948752932,0.17307692307692307,0.1468189233278956,5.392613030978998,5.8257793668883835,4398993,3
sn,1873a18a-66fd-4a4d-8277-a872c93f5b59,sn,nucleus,10x 3' v3,cvLSEC,Control,PRKD2,20,evaluable_descriptive,present,True,3,4,1226,1228,3,7.5177518468344395,182.2604741392322,0.5769230769230769,0.400489396411093,7.266226147973823,7.675944556598403,4398993,3
sn,1873a18a-66fd-4a4d-8277-a872c93f5b59,sn,nucleus,10x 3' v3,cvLSEC,Control,UBASH3A,20,evaluable_descriptive,present,True,3,4,1226,1228,2,0.6324027782280901,0.5501445779950971,0.0013003901170351106,0.0016313213703099511,0.0,1.1448941099071985,4398993,3
sn,1873a18a-66fd-4a4d-8277-a872c93f5b59,sn,nucleus,10x 3' v3,cvLSEC,Control,BCL2L11,50,evaluable_descriptive,present,True,3,4,1226,1228,3,4.259631878539422,18.154771073838205,0.07051282051282051,0.05954323001631321,3.817620349481133,4.724501789706952,4398993,3
sn,1873a18a-66fd-4a4d-8277-a872c93f5b59,sn,nucleus,10x 3' v3,cvLSEC,Control,ETS2,50,evaluable_descriptive,present,True,3,4,1226,1228,3,7.90214958581667,238.21260227187705,0.6474358974358975,0.48776508972267535,7.822103060320303,8.190057716321487,4398993,3
sn,1873a18a-66fd-4a4d-8277-a872c93f5b59,sn,nucleus,10x 3' v3,cvLSEC,Control,PFKFB3,50,evaluable_descriptive,present,True,3,4,1226,1228,3,5.749906410519887,52.81387948752932,0.17307692307692307,0.1468189233278956,5.392613030978998,5.8257793668883835,4398993,3
sn,1873a18a-66fd-4a4d-8277-a872c93f5b59,sn,nucleus,10x 3' v3,cvLSEC,Control,PRKD2,50,evaluable_descriptive,present,True,3,4,1226,1228,3,7.5177518468344395,182.2604741392322,0.5769230769230769,0.400489396411093,7.266226147973823,7.675944556598403,4398993,3
sn,1873a18a-66fd-4a4d-8277-a872c93f5b59,sn,nucleus,10x 3' v3,cvLSEC,Control,UBASH3A,50,evaluable_descriptive,present,True,3,4,1226,1228,2,0.6324027782280901,0.5501445779950971,0.0013003901170351106,0.0016313213703099511,0.0,1.1448941099071985,4398993,3
sn,1873a18a-66fd-4a4d-8277-a872c93f5b59,sn,nucleus,10x 3' v3,cvLSEC,PBC,BCL2L11,20,evaluable_descriptive,present,True,2,2,430,430,2,5.636666956723751,51.473137651978625,0.1455026455026455,0.14418604651162792,5.16161110176877,6.111722811678732,1484542,2
sn,1873a18a-66fd-4a4d-8277-a872c93f5b59,sn,nucleus,10x 3' v3,cvLSEC,PBC,ETS2,20,evaluable_descriptive,present,True,2,2,430,430,2,7.856432769899495,260.29443141559653,0.5085403726708074,0.3883720930232558,7.1354939125556145,8.577371627243375,1484542,2
sn,1873a18a-66fd-4a4d-8277-a872c93f5b59,sn,nucleus,10x 3' v3,cvLSEC,PBC,PFKFB3,20,evaluable_descriptive,present,True,2,2,430,430,2,7.315796938028971,161.72656806779406,0.4005636070853462,0.34186046511627904,7.018050661523446,7.613543214534494,1484542,2
sn,1873a18a-66fd-4a4d-8277-a872c93f5b59,sn,nucleus,10x 3' v3,cvLSEC,PBC,PRKD2,20,evaluable_descriptive,present,True,2,2,430,430,2,5.73143060473291,52.15650652918131,0.19024614676788587,0.16511627906976745,5.685100552514785,5.7777606569510365,1484542,2
sn,1873a18a-66fd-4a4d-8277-a872c93f5b59,sn,nucleus,10x 3' v3,cvLSEC,PBC,UBASH3A,20,evaluable_descriptive,present,True,2,2,430,430,1,0.838695107345513,1.0992441597157794,0.003105590062111801,0.004651162790697674,0.0,1.677390214691026,1484542,2
sn,1873a18a-66fd-4a4d-8277-a872c93f5b59,sn,nucleus,10x 3' v3,cvLSEC,PBC,BCL2L11,50,evaluable_descriptive,present,True,2,2,430,430,2,5.636666956723751,51.473137651978625,0.1455026455026455,0.14418604651162792,5.16161110176877,6.111722811678732,1484542,2
sn,1873a18a-66fd-4a4d-8277-a872c93f5b59,sn,nucleus,10x 3' v3,cvLSEC,PBC,ETS2,50,evaluable_descriptive,present,True,2,2,430,430,2,7.856432769899495,260.29443141559653,0.5085403726708074,0.3883720930232558,7.1354939125556145,8.577371627243375,1484542,2
sn,1873a18a-66fd-4a4d-8277-a872c93f5b59,sn,nucleus,10x 3' v3,cvLSEC,PBC,PFKFB3,50,evaluable_descriptive,present,True,2,2,430,430,2,7.315796938028971,161.72656806779406,0.4005636070853462,0.34186046511627904,7.018050661523446,7.613543214534494,1484542,2
sn,1873a18a-66fd-4a4d-8277-a872c93f5b59,sn,nucleus,10x 3' v3,cvLSEC,PBC,PRKD2,50,evaluable_descriptive,present,True,2,2,430,430,2,5.73143060473291,52.15650652918131,0.19024614676788587,0.16511627906976745,5.685100552514785,5.7777606569510365,1484542,2
sn,1873a18a-66fd-4a4d-8277-a872c93f5b59,sn,nucleus,10x 3' v3,cvLSEC,PBC,UBASH3A,50,evaluable_descriptive,present,True,2,2,430,430,1,0.838695107345513,1.0992441597157794,0.003105590062111801,0.004651162790697674,0.0,1.677390214691026,1484542,2
sn,1873a18a-66fd-4a4d-8277-a872c93f5b59,sn,nucleus,10x 3' v3,cvLSEC,PSC,BCL2L11,20,evaluable_descriptive,present,True,7,7,2534,2534,7,5.272548753055133,37.6540788535348,0.1075050709939148,0.11641673243883188,4.762681792843617,5.469835867201852,9176845,7
sn,1873a18a-66fd-4a4d-8277-a872c93f5b59,sn,nucleus,10x 3' v3,cvLSEC,PSC,ETS2,20,evaluable_descriptive,present,True,7,7,2534,2534,7,7.248489745864623,151.05924743615805,0.3286004056795132,0.33859510655090763,6.705148508283295,8.628444910553132,9176845,7
sn,1873a18a-66fd-4a4d-8277-a872c93f5b59,sn,nucleus,10x 3' v3,cvLSEC,PSC,PFKFB3,20,evaluable_descriptive,present,True,7,7,2534,2534,7,6.0043523312023295,63.19336711941059,0.21052631578947367,0.20205209155485399,4.846013215825038,7.5500513593469325,9176845,7
sn,1873a18a-66fd-4a4d-8277-a872c93f5b59,sn,nucleus,10x 3' v3,cvLSEC,PSC,PRKD2,20,evaluable_descriptive,present,True,7,7,2534,2534,7,6.4284600211042555,85.1309608862526,0.2481012658227848,0.23835832675611682,5.502591196368863,7.055026238903147,9176845,7
sn,1873a18a-66fd-4a4d-8277-a872c93f5b59,sn,nucleus,10x 3' v3,cvLSEC,PSC,UBASH3A,20,evaluable_descriptive,present,True,7,7,2534,2534,3,0.0,0.0,0.0,0.0031570639305445935,0.0,4.519198799817681,9176845,7
sn,1873a18a-66fd-4a4d-8277-a872c93f5b59,sn,nucleus,10x 3' v3,cvLSEC,PSC,BCL2L11,50,evaluable_descriptive,present,True,5,7,2461,2534,5,5.375136550888343,40.50279379669246,0.1075050709939148,0.11783827712312069,4.762681792843617,5.469835867201852,9013603,5
sn,1873a18a-66fd-4a4d-8277-a872c93f5b59,sn,nucleus,10x 3' v3,cvLSEC,PSC,ETS2,50,evaluable_descriptive,present,True,5,7,2461,2534,5,7.159255731475034,141.9389941901789,0.3286004056795132,0.33604225924420966,6.705148508283295,7.393290272738975,9013603,5
sn,1873a18a-66fd-4a4d-8277-a872c93f5b59,sn,nucleus,10x 3' v3,cvLSEC,PSC,PFKFB3,50,evaluable_descriptive,present,True,5,7,2461,2534,5,6.0043523312023295,63.19336711941059,0.21052631578947367,0.20357578220235675,5.704792868837794,7.350201473493051,9013603,5
sn,1873a18a-66fd-4a4d-8277-a872c93f5b59,sn,nucleus,10x 3' v3,cvLSEC,PSC,PRKD2,50,evaluable_descriptive,present,True,5,7,2461,2534,5,6.4284600211042555,85.1309608862526,0.25037037037037035,0.24095895977245022,5.502591196368863,7.055026238903147,9013603,5
sn,1873a18a-66fd-4a4d-8277-a872c93f5b59,sn,nucleus,10x 3' v3,cvLSEC,PSC,UBASH3A,50,evaluable_descriptive,present,True,5,7,2461,2534,2,0.0,0.0,0.0,0.002438033319788704,0.0,1.2077099054102962,9013603,5
sn,1873a18a-66fd-4a4d-8277-a872c93f5b59,sn,nucleus,10x 3' v3,cvLSEC--Mac,Control,BCL2L11,20,no_eligible_donors,present,True,0,0,0,0,0,,,,,,,0,0
sn,1873a18a-66fd-4a4d-8277-a872c93f5b59,sn,nucleus,10x 3' v3,cvLSEC--Mac,Control,ETS2,20,no_eligible_donors,present,True,0,0,0,0,0,,,,,,,0,0
sn,1873a18a-66fd-4a4d-8277-a872c93f5b59,sn,nucleus,10x 3' v3,cvLSEC--Mac,Control,PFKFB3,20,no_eligible_donors,present,True,0,0,0,0,0,,,,,,,0,0
sn,1873a18a-66fd-4a4d-8277-a872c93f5b59,sn,nucleus,10x 3' v3,cvLSEC--Mac,Control,PRKD2,20,no_eligible_donors,present,True,0,0,0,0,0,,,,,,,0,0
sn,1873a18a-66fd-4a4d-8277-a872c93f5b59,sn,nucleus,10x 3' v3,cvLSEC--Mac,Control,UBASH3A,20,no_eligible_donors,present,True,0,0,0,0,0,,,,,,,0,0
sn,1873a18a-66fd-4a4d-8277-a872c93f5b59,sn,nucleus,10x 3' v3,cvLSEC--Mac,Control,BCL2L11,50,no_eligible_donors,present,True,0,0,0,0,0,,,,,,,0,0
sn,1873a18a-66fd-4a4d-8277-a872c93f5b59,sn,nucleus,10x 3' v3,cvLSEC--Mac,Control,ETS2,50,no_eligible_donors,present,True,0,0,0,0,0,,,,,,,0,0
sn,1873a18a-66fd-4a4d-8277-a872c93f5b59,sn,nucleus,10x 3' v3,cvLSEC--Mac,Control,PFKFB3,50,no_eligible_donors,present,True,0,0,0,0,0,,,,,,,0,0
sn,1873a18a-66fd-4a4d-8277-a872c93f5b59,sn,nucleus,10x 3' v3,cvLSEC--Mac,Control,PRKD2,50,no_eligible_donors,present,True,0,0,0,0,0,,,,,,,0,0
sn,1873a18a-66fd-4a4d-8277-a872c93f5b59,sn,nucleus,10x 3' v3,cvLSEC--Mac,Control,UBASH3A,50,no_eligible_donors,present,True,0,0,0,0,0,,,,,,,0,0
sn,1873a18a-66fd-4a4d-8277-a872c93f5b59,sn,nucleus,10x 3' v3,cvLSEC--Mac,PBC,BCL2L11,20,no_eligible_donors,present,True,0,0,0,0,0,,,,,,,0,0
sn,1873a18a-66fd-4a4d-8277-a872c93f5b59,sn,nucleus,10x 3' v3,cvLSEC--Mac,PBC,ETS2,20,no_eligible_donors,present,True,0,0,0,0,0,,,,,,,0,0
sn,1873a18a-66fd-4a4d-8277-a872c93f5b59,sn,nucleus,10x 3' v3,cvLSEC--Mac,PBC,PFKFB3,20,no_eligible_donors,present,True,0,0,0,0,0,,,,,,,0,0
sn,1873a18a-66fd-4a4d-8277-a872c93f5b59,sn,nucleus,10x 3' v3,cvLSEC--Mac,PBC,PRKD2,20,no_eligible_donors,present,True,0,0,0,0,0,,,,,,,0,0
sn,1873a18a-66fd-4a4d-8277-a872c93f5b59,sn,nucleus,10x 3' v3,cvLSEC--Mac,PBC,UBASH3A,20,no_eligible_donors,present,True,0,0,0,0,0,,,,,,,0,0
sn,1873a18a-66fd-4a4d-8277-a872c93f5b59,sn,nucleus,10x 3' v3,cvLSEC--Mac,PBC,BCL2L11,50,no_eligible_donors,present,True,0,0,0,0,0,,,,,,,0,0
sn,1873a18a-66fd-4a4d-8277-a872c93f5b59,sn,nucleus,10x 3' v3,cvLSEC--Mac,PBC,ETS2,50,no_eligible_donors,present,True,0,0,0,0,0,,,,,,,0,0
sn,1873a18a-66fd-4a4d-8277-a872c93f5b59,sn,nucleus,10x 3' v3,cvLSEC--Mac,PBC,PFKFB3,50,no_eligible_donors,present,True,0,0,0,0,0,,,,,,,0,0
sn,1873a18a-66fd-4a4d-8277-a872c93f5b59,sn,nucleus,10x 3' v3,cvLSEC--Mac,PBC,PRKD2,50,no_eligible_donors,present,True,0,0,0,0,0,,,,,,,0,0
sn,1873a18a-66fd-4a4d-8277-a872c93f5b59,sn,nucleus,10x 3' v3,cvLSEC--Mac,PBC,UBASH3A,50,no_eligible_donors,present,True,0,0,0,0,0,,,,,,,0,0
sn,1873a18a-66fd-4a4d-8277-a872c93f5b59,sn,nucleus,10x 3' v3,cvLSEC--Mac,PSC,BCL2L11,20,no_eligible_donors,present,True,0,0,0,0,0,,,,,,,0,0
sn,1873a18a-66fd-4a4d-8277-a872c93f5b59,sn,nucleus,10x 3' v3,cvLSEC--Mac,PSC,ETS2,20,no_eligible_donors,present,True,0,0,0,0,0,,,,,,,0,0
sn,1873a18a-66fd-4a4d-8277-a872c93f5b59,sn,nucleus,10x 3' v3,cvLSEC--Mac,PSC,PFKFB3,20,no_eligible_donors,present,True,0,0,0,0,0,,,,,,,0,0
sn,1873a18a-66fd-4a4d-8277-a872c93f5b59,sn,nucleus,10x 3' v3,cvLSEC--Mac,PSC,PRKD2,20,no_eligible_donors,present,True,0,0,0,0,0,,,,,,,0,0
sn,1873a18a-66fd-4a4d-8277-a872c93f5b59,sn,nucleus,10x 3' v3,cvLSEC--Mac,PSC,UBASH3A,20,no_eligible_donors,present,True,0,0,0,0,0,,,,,,,0,0
sn,1873a18a-66fd-4a4d-8277-a872c93f5b59,sn,nucleus,10x 3' v3,cvLSEC--Mac,PSC,BCL2L11,50,no_eligible_donors,present,True,0,0,0,0,0,,,,,,,0,0
sn,1873a18a-66fd-4a4d-8277-a872c93f5b59,sn,nucleus,10x 3' v3,cvLSEC--Mac,PSC,ETS2,50,no_eligible_donors,present,True,0,0,0,0,0,,,,,,,0,0
sn,1873a18a-66fd-4a4d-8277-a872c93f5b59,sn,nucleus,10x 3' v3,cvLSEC--Mac,PSC,PFKFB3,50,no_eligible_donors,present,True,0,0,0,0,0,,,,,,,0,0
sn,1873a18a-66fd-4a4d-8277-a872c93f5b59,sn,nucleus,10x 3' v3,cvLSEC--Mac,PSC,PRKD2,50,no_eligible_donors,present,True,0,0,0,0,0,,,,,,,0,0
sn,1873a18a-66fd-4a4d-8277-a872c93f5b59,sn,nucleus,10x 3' v3,cvLSEC--Mac,PSC,UBASH3A,50,no_eligible_donors,present,True,0,0,0,0,0,,,,,,,0,0
sn,1873a18a-66fd-4a4d-8277-a872c93f5b59,sn,nucleus,10x 3' v3,cvLSEC-Doublet,Control,BCL2L11,20,no_eligible_donors,present,True,0,0,0,0,0,,,,,,,0,0
sn,1873a18a-66fd-4a4d-8277-a872c93f5b59,sn,nucleus,10x 3' v3,cvLSEC-Doublet,Control,ETS2,20,no_eligible_donors,present,True,0,0,0,0,0,,,,,,,0,0
sn,1873a18a-66fd-4a4d-8277-a872c93f5b59,sn,nucleus,10x 3' v3,cvLSEC-Doublet,Control,PFKFB3,20,no_eligible_donors,present,True,0,0,0,0,0,,,,,,,0,0
sn,1873a18a-66fd-4a4d-8277-a872c93f5b59,sn,nucleus,10x 3' v3,cvLSEC-Doublet,Control,PRKD2,20,no_eligible_donors,present,True,0,0,0,0,0,,,,,,,0,0
sn,1873a18a-66fd-4a4d-8277-a872c93f5b59,sn,nucleus,10x 3' v3,cvLSEC-Doublet,Control,UBASH3A,20,no_eligible_donors,present,True,0,0,0,0,0,,,,,,,0,0
sn,1873a18a-66fd-4a4d-8277-a872c93f5b59,sn,nucleus,10x 3' v3,cvLSEC-Doublet,Control,BCL2L11,50,no_eligible_donors,present,True,0,0,0,0,0,,,,,,,0,0
sn,1873a18a-66fd-4a4d-8277-a872c93f5b59,sn,nucleus,10x 3' v3,cvLSEC-Doublet,Control,ETS2,50,no_eligible_donors,present,True,0,0,0,0,0,,,,,,,0,0
sn,1873a18a-66fd-4a4d-8277-a872c93f5b59,sn,nucleus,10x 3' v3,cvLSEC-Doublet,Control,PFKFB3,50,no_eligible_donors,present,True,0,0,0,0,0,,,,,,,0,0
sn,1873a18a-66fd-4a4d-8277-a872c93f5b59,sn,nucleus,10x 3' v3,cvLSEC-Doublet,Control,PRKD2,50,no_eligible_donors,present,True,0,0,0,0,0,,,,,,,0,0
sn,1873a18a-66fd-4a4d-8277-a872c93f5b59,sn,nucleus,10x 3' v3,cvLSEC-Doublet,Control,UBASH3A,50,no_eligible_donors,present,True,0,0,0,0,0,,,,,,,0,0
sn,1873a18a-66fd-4a4d-8277-a872c93f5b59,sn,nucleus,10x 3' v3,cvLSEC-Doublet,PBC,BCL2L11,20,no_eligible_donors,present,True,0,0,0,0,0,,,,,,,0,0
sn,1873a18a-66fd-4a4d-8277-a872c93f5b59,sn,nucleus,10x 3' v3,cvLSEC-Doublet,PBC,ETS2,20,no_eligible_donors,present,True,0,0,0,0,0,,,,,,,0,0
sn,1873a18a-66fd-4a4d-8277-a872c93f5b59,sn,nucleus,10x 3' v3,cvLSEC-Doublet,PBC,PFKFB3,20,no_eligible_donors,present,True,0,0,0,0,0,,,,,,,0,0
sn,1873a18a-66fd-4a4d-8277-a872c93f5b59,sn,nucleus,10x 3' v3,cvLSEC-Doublet,PBC,PRKD2,20,no_eligible_donors,present,True,0,0,0,0,0,,,,,,,0,0
sn,1873a18a-66fd-4a4d-8277-a872c93f5b59,sn,nucleus,10x 3' v3,cvLSEC-Doublet,PBC,UBASH3A,20,no_eligible_donors,present,True,0,0,0,0,0,,,,,,,0,0
sn,1873a18a-66fd-4a4d-8277-a872c93f5b59,sn,nucleus,10x 3' v3,cvLSEC-Doublet,PBC,BCL2L11,50,no_eligible_donors,present,True,0,0,0,0,0,,,,,,,0,0
sn,1873a18a-66fd-4a4d-8277-a872c93f5b59,sn,nucleus,10x 3' v3,cvLSEC-Doublet,PBC,ETS2,50,no_eligible_donors,present,True,0,0,0,0,0,,,,,,,0,0
sn,1873a18a-66fd-4a4d-8277-a872c93f5b59,sn,nucleus,10x 3' v3,cvLSEC-Doublet,PBC,PFKFB3,50,no_eligible_donors,present,True,0,0,0,0,0,,,,,,,0,0
sn,1873a18a-66fd-4a4d-8277-a872c93f5b59,sn,nucleus,10x 3' v3,cvLSEC-Doublet,PBC,PRKD2,50,no_eligible_donors,present,True,0,0,0,0,0,,,,,,,0,0
sn,1873a18a-66fd-4a4d-8277-a872c93f5b59,sn,nucleus,10x 3' v3,cvLSEC-Doublet,PBC,UBASH3A,50,no_eligible_donors,present,True,0,0,0,0,0,,,,,,,0,0
sn,1873a18a-66fd-4a4d-8277-a872c93f5b59,sn,nucleus,10x 3' v3,cvLSEC-Doublet,PSC,BCL2L11,20,no_eligible_donors,present,True,0,0,0,0,0,,,,,,,0,0
sn,1873a18a-66fd-4a4d-8277-a872c93f5b59,sn,nucleus,10x 3' v3,cvLSEC-Doublet,PSC,ETS2,20,no_eligible_donors,present,True,0,0,0,0,0,,,,,,,0,0
sn,1873a18a-66fd-4a4d-8277-a872c93f5b59,sn,nucleus,10x 3' v3,cvLSEC-Doublet,PSC,PFKFB3,20,no_eligible_donors,present,True,0,0,0,0,0,,,,,,,0,0
sn,1873a18a-66fd-4a4d-8277-a872c93f5b59,sn,nucleus,10x 3' v3,cvLSEC-Doublet,PSC,PRKD2,20,no_eligible_donors,present,True,0,0,0,0,0,,,,,,,0,0
sn,1873a18a-66fd-4a4d-8277-a872c93f5b59,sn,nucleus,10x 3' v3,cvLSEC-Doublet,PSC,UBASH3A,20,no_eligible_donors,present,True,0,0,0,0,0,,,,,,,0,0
sn,1873a18a-66fd-4a4d-8277-a872c93f5b59,sn,nucleus,10x 3' v3,cvLSEC-Doublet,PSC,BCL2L11,50,no_eligible_donors,present,True,0,0,0,0,0,,,,,,,0,0
sn,1873a18a-66fd-4a4d-8277-a872c93f5b59,sn,nucleus,10x 3' v3,cvLSEC-Doublet,PSC,ETS2,50,no_eligible_donors,present,True,0,0,0,0,0,,,,,,,0,0
sn,1873a18a-66fd-4a4d-8277-a872c93f5b59,sn,nucleus,10x 3' v3,cvLSEC-Doublet,PSC,PFKFB3,50,no_eligible_donors,present,True,0,0,0,0,0,,,,,,,0,0
sn,1873a18a-66fd-4a4d-8277-a872c93f5b59,sn,nucleus,10x 3' v3,cvLSEC-Doublet,PSC,PRKD2,50,no_eligible_donors,present,True,0,0,0,0,0,,,,,,,0,0
sn,1873a18a-66fd-4a4d-8277-a872c93f5b59,sn,nucleus,10x 3' v3,cvLSEC-Doublet,PSC,UBASH3A,50,no_eligible_donors,present,True,0,0,0,0,0,,,,,,,0,0
sn,1873a18a-66fd-4a4d-8277-a872c93f5b59,sn,nucleus,10x 3' v3,lrNK,Control,BCL2L11,20,evaluable_descriptive,present,True,1,3,58,84,1,5.325921689306769,39.110879342937224,0.05172413793103448,0.05172413793103448,5.325921689306769,5.325921689306769,76705,1
sn,1873a18a-66fd-4a4d-8277-a872c93f5b59,sn,nucleus,10x 3' v3,lrNK,Control,ETS2,20,evaluable_descriptive,present,True,1,3,58,84,1,5.325921689306769,39.110879342937224,0.05172413793103448,0.05172413793103448,5.325921689306769,5.325921689306769,76705,1
sn,1873a18a-66fd-4a4d-8277-a872c93f5b59,sn,nucleus,10x 3' v3,lrNK,Control,PFKFB3,20,evaluable_descriptive,present,True,1,3,58,84,1,5.325921689306769,39.110879342937224,0.05172413793103448,0.05172413793103448,5.325921689306769,5.325921689306769,76705,1
sn,1873a18a-66fd-4a4d-8277-a872c93f5b59,sn,nucleus,10x 3' v3,lrNK,Control,PRKD2,20,evaluable_descriptive,present,True,1,3,58,84,1,5.325921689306769,39.110879342937224,0.05172413793103448,0.05172413793103448,5.325921689306769,5.325921689306769,76705,1
sn,1873a18a-66fd-4a4d-8277-a872c93f5b59,sn,nucleus,10x 3' v3,lrNK,Control,UBASH3A,20,evaluable_descriptive,present,True,1,3,58,84,1,5.731939130978941,52.1478391239163,0.06896551724137931,0.06896551724137931,5.731939130978941,5.731939130978941,76705,1
sn,1873a18a-66fd-4a4d-8277-a872c93f5b59,sn,nucleus,10x 3' v3,lrNK,Control,BCL2L11,50,evaluable_descriptive,present,True,1,3,58,84,1,5.325921689306769,39.110879342937224,0.05172413793103448,0.05172413793103448,5.325921689306769,5.325921689306769,76705,1
sn,1873a18a-66fd-4a4d-8277-a872c93f5b59,sn,nucleus,10x 3' v3,lrNK,Control,ETS2,50,evaluable_descriptive,present,True,1,3,58,84,1,5.325921689306769,39.110879342937224,0.05172413793103448,0.05172413793103448,5.325921689306769,5.325921689306769,76705,1
sn,1873a18a-66fd-4a4d-8277-a872c93f5b59,sn,nucleus,10x 3' v3,lrNK,Control,PFKFB3,50,evaluable_descriptive,present,True,1,3,58,84,1,5.325921689306769,39.110879342937224,0.05172413793103448,0.05172413793103448,5.325921689306769,5.325921689306769,76705,1
sn,1873a18a-66fd-4a4d-8277-a872c93f5b59,sn,nucleus,10x 3' v3,lrNK,Control,PRKD2,50,evaluable_descriptive,present,True,1,3,58,84,1,5.325921689306769,39.110879342937224,0.05172413793103448,0.05172413793103448,5.325921689306769,5.325921689306769,76705,1
sn,1873a18a-66fd-4a4d-8277-a872c93f5b59,sn,nucleus,10x 3' v3,lrNK,Control,UBASH3A,50,evaluable_descriptive,present,True,1,3,58,84,1,5.731939130978941,52.1478391239163,0.06896551724137931,0.06896551724137931,5.731939130978941,5.731939130978941,76705,1
sn,1873a18a-66fd-4a4d-8277-a872c93f5b59,sn,nucleus,10x 3' v3,lrNK,PBC,BCL2L11,20,evaluable_descriptive,present,True,2,2,208,208,2,5.3423864047234195,60.93185713073239,0.08440018966334756,0.08653846153846154,3.9202429621720554,6.764529847274784,453529,2
sn,1873a18a-66fd-4a4d-8277-a872c93f5b59,sn,nucleus,10x 3' v3,lrNK,PBC,ETS2,20,evaluable_descriptive,present,True,2,2,208,208,2,7.944098449903243,309.87431563925475,0.48909435751541014,0.2644230769230769,6.920697784174207,8.967499115632279,453529,2
sn,1873a18a-66fd-4a4d-8277-a872c93f5b59,sn,nucleus,10x 3' v3,lrNK,PBC,PFKFB3,20,evaluable_descriptive,present,True,2,2,208,208,2,6.537092694782041,93.63899930260271,0.19835625098782994,0.1346153846153846,6.255699297702163,6.818486091861918,453529,2
sn,1873a18a-66fd-4a4d-8277-a872c93f5b59,sn,nucleus,10x 3' v3,lrNK,PBC,PRKD2,20,evaluable_descriptive,present,True,2,2,208,208,2,5.7185323006297795,67.71663442882105,0.1465149359886202,0.15384615384615385,4.618578509397641,6.818486091861918,453529,2
sn,1873a18a-66fd-4a4d-8277-a872c93f5b59,sn,nucleus,10x 3' v3,lrNK,PBC,UBASH3A,20,evaluable_descriptive,present,True,2,2,208,208,2,3.6034536999011424,14.786298914750319,0.03105737316263632,0.03365384615384615,2.5142882394183528,4.6926191603839325,453529,2
sn,1873a18a-66fd-4a4d-8277-a872c93f5b59,sn,nucleus,10x 3' v3,lrNK,PBC,BCL2L11,50,evaluable_descriptive,present,True,1,2,171,208,1,6.764529847274784,107.72424251212934,0.08771929824561403,0.08771929824561403,6.764529847274784,6.764529847274784,241357,1
sn,1873a18a-66fd-4a4d-8277-a872c93f5b59,sn,nucleus,10x 3' v3,lrNK,PBC,ETS2,50,evaluable_descriptive,present,True,1,2,171,208,1,6.920697784174207,120.1539628019904,0.14035087719298245,0.14035087719298245,6.920697784174207,6.920697784174207,241357,1
sn,1873a18a-66fd-4a4d-8277-a872c93f5b59,sn,nucleus,10x 3' v3,lrNK,PBC,PFKFB3,50,evaluable_descriptive,present,True,1,2,171,208,1,6.818486091861918,111.8674826087497,0.09941520467836257,0.09941520467836257,6.818486091861918,6.818486091861918,241357,1
sn,1873a18a-66fd-4a4d-8277-a872c93f5b59,sn,nucleus,10x 3' v3,lrNK,PBC,PRKD2,50,evaluable_descriptive,present,True,1,2,171,208,1,6.818486091861918,111.8674826087497,0.15789473684210525,0.15789473684210525,6.818486091861918,6.818486091861918,241357,1
sn,1873a18a-66fd-4a4d-8277-a872c93f5b59,sn,nucleus,10x 3' v3,lrNK,PBC,UBASH3A,50,evaluable_descriptive,present,True,1,2,171,208,1,4.6926191603839325,24.859440579722154,0.03508771929824561,0.03508771929824561,4.6926191603839325,4.6926191603839325,241357,1
sn,1873a18a-66fd-4a4d-8277-a872c93f5b59,sn,nucleus,10x 3' v3,lrNK,PSC,BCL2L11,20,evaluable_descriptive,present,True,6,7,810,820,6,5.7244295348014,52.444764106528964,0.0988444379433921,0.11728395061728394,3.6838097450282707,7.009863303425689,1888084,6
sn,1873a18a-66fd-4a4d-8277-a872c93f5b59,sn,nucleus,10x 3' v3,lrNK,PSC,ETS2,20,evaluable_descriptive,present,True,6,7,810,820,6,6.989265017364719,138.59202035552164,0.3039561035090096,0.17160493827160495,5.812792260584528,8.653943232997785,1888084,6
sn,1873a18a-66fd-4a4d-8277-a872c93f5b59,sn,nucleus,10x 3' v3,lrNK,PSC,PFKFB3,20,evaluable_descriptive,present,True,6,7,810,820,6,6.08885895329902,67.57208800580857,0.139741362671299,0.11234567901234568,5.443892024592097,6.606346953065725,1888084,6
sn,1873a18a-66fd-4a4d-8277-a872c93f5b59,sn,nucleus,10x 3' v3,lrNK,PSC,PRKD2,20,evaluable_descriptive,present,True,6,7,810,820,6,5.80036245339101,57.30083241648083,0.14195230998509686,0.16913580246913582,4.093582222468073,6.649336944488845,1888084,6
sn,1873a18a-66fd-4a4d-8277-a872c93f5b59,sn,nucleus,10x 3' v3,lrNK,PSC,UBASH3A,20,evaluable_descriptive,present,True,6,7,810,820,5,4.249490481042109,18.131769799309808,0.04731743666169896,0.08641975308641975,0.0,5.904296678861818,1888084,6
sn,1873a18a-66fd-4a4d-8277-a872c93f5b59,sn,nucleus,10x 3' v3,lrNK,PSC,BCL2L11,50,evaluable_descriptive,present,True,4,7,766,820,4,5.984062339260656,62.33111386528795,0.12309589438560858,0.12140992167101827,5.5122479061919325,7.009863303425689,1741484,4
sn,1873a18a-66fd-4a4d-8277-a872c93f5b59,sn,nucleus,10x 3' v3,lrNK,PSC,ETS2,50,evaluable_descriptive,present,True,4,7,766,820,4,6.2951928490257565,77.5950906085373,0.14315418223930093,0.1514360313315927,5.812792260584528,7.625116492285522,1741484,4
sn,1873a18a-66fd-4a4d-8277-a872c93f5b59,sn,nucleus,10x 3' v3,lrNK,PSC,PFKFB3,50,evaluable_descriptive,present,True,4,7,766,820,4,5.977150239778776,63.24981555558271,0.0975048381338895,0.10704960835509138,5.443892024592097,6.573283133027439,1741484,4
sn,1873a18a-66fd-4a4d-8277-a872c93f5b59,sn,nucleus,10x 3' v3,lrNK,PSC,PRKD2,50,evaluable_descriptive,present,True,4,7,766,820,4,6.352252508180735,80.96030372748413,0.15641511990245224,0.17362924281984335,5.363752751174421,6.649336944488845,1741484,4
sn,1873a18a-66fd-4a4d-8277-a872c93f5b59,sn,nucleus,10x 3' v3,lrNK,PSC,UBASH3A,50,evaluable_descriptive,present,True,4,7,766,820,4,4.5475825241207275,22.49981708389894,0.053515783769136974,0.09007832898172324,3.8472151839165782,5.904296678861818,1741484,4
sn,1873a18a-66fd-4a4d-8277-a872c93f5b59,sn,nucleus,10x 3' v3,ppLSEC,Control,BCL2L11,20,evaluable_descriptive,present,True,3,4,286,289,3,4.632276491889218,23.800142271961583,0.08235294117647059,0.07692307692307693,4.37140121741753,5.495754780956545,965603,3
sn,1873a18a-66fd-4a4d-8277-a872c93f5b59,sn,nucleus,10x 3' v3,ppLSEC,Control,ETS2,20,evaluable_descriptive,present,True,3,4,286,289,3,8.03783005675485,261.8015649915774,0.53125,0.493006993006993,7.7182167794266485,8.3268260428187,965603,3
sn,1873a18a-66fd-4a4d-8277-a872c93f5b59,sn,nucleus,10x 3' v3,ppLSEC,Control,PFKFB3,20,evaluable_descriptive,present,True,3,4,286,289,3,5.0913358754939,33.091398442498175,0.15625,0.1258741258741259,5.032696979376589,5.848773081700073,965603,3
sn,1873a18a-66fd-4a4d-8277-a872c93f5b59,sn,nucleus,10x 3' v3,ppLSEC,Control,PRKD2,20,evaluable_descriptive,present,True,3,4,286,289,3,7.2279652570417205,148.9112929912418,0.46875,0.3181818181818182,6.841869878719301,7.457934263711716,965603,3
sn,1873a18a-66fd-4a4d-8277-a872c93f5b59,sn,nucleus,10x 3' v3,ppLSEC,Control,UBASH3A,20,evaluable_descriptive,present,True,3,4,286,289,0,0.0,0.0,0.0,0.0,0.0,0.0,965603,3
sn,1873a18a-66fd-4a4d-8277-a872c93f5b59,sn,nucleus,10x 3' v3,ppLSEC,Control,BCL2L11,50,evaluable_descriptive,present,True,2,4,254,289,2,4.501838854653374,21.74894023958597,0.06484510964148973,0.05905511811023622,4.37140121741753,4.632276491889218,784287,2
sn,1873a18a-66fd-4a4d-8277-a872c93f5b59,sn,nucleus,10x 3' v3,ppLSEC,Control,ETS2,50,evaluable_descriptive,present,True,2,4,254,289,2,8.182328049786776,290.94490542937285,0.539366515837104,0.4881889763779528,8.03783005675485,8.3268260428187,784287,2
sn,1873a18a-66fd-4a4d-8277-a872c93f5b59,sn,nucleus,10x 3' v3,ppLSEC,Control,PFKFB3,50,evaluable_descriptive,present,True,2,4,254,289,2,5.440735030538331,44.18226018750594,0.15019143752175426,0.1220472440944882,5.032696979376589,5.848773081700073,784287,2
sn,1873a18a-66fd-4a4d-8277-a872c93f5b59,sn,nucleus,10x 3' v3,ppLSEC,Control,PRKD2,50,evaluable_descriptive,present,True,2,4,254,289,2,7.149902071215509,144.26460872195975,0.34765053950574315,0.2992125984251969,6.841869878719301,7.457934263711716,784287,2
sn,1873a18a-66fd-4a4d-8277-a872c93f5b59,sn,nucleus,10x 3' v3,ppLSEC,Control,UBASH3A,50,evaluable_descriptive,present,True,2,4,254,289,0,0.0,0.0,0.0,0.0,0.0,0.0,784287,2
sn,1873a18a-66fd-4a4d-8277-a872c93f5b59,sn,nucleus,10x 3' v3,ppLSEC,PBC,BCL2L11,20,evaluable_descriptive,present,True,2,2,420,420,2,6.249016379723434,90.83827770508782,0.15730426733905717,0.16428571428571428,5.335017175594849,7.16301558385202,1088058,2
sn,1873a18a-66fd-4a4d-8277-a872c93f5b59,sn,nucleus,10x 3' v3,ppLSEC,PBC,ETS2,20,evaluable_descriptive,present,True,2,2,420,420,2,8.198479262784907,293.29215546112596,0.474434266381539,0.4357142857142857,8.111406461372551,8.285552064197265,1088058,2
sn,1873a18a-66fd-4a4d-8277-a872c93f5b59,sn,nucleus,10x 3' v3,ppLSEC,PBC,PFKFB3,20,evaluable_descriptive,present,True,2,2,420,420,2,7.493096815157754,179.31816323598616,0.3485844690562063,0.2976190476190476,7.431745611461496,7.554448018854012,1088058,2
sn,1873a18a-66fd-4a4d-8277-a872c93f5b59,sn,nucleus,10x 3' v3,ppLSEC,PBC,PRKD2,20,evaluable_descriptive,present,True,2,2,420,420,2,6.569224507605701,104.38136793428257,0.2923302799144617,0.2,5.899305194292895,7.239143820918507,1088058,2
sn,1873a18a-66fd-4a4d-8277-a872c93f5b59,sn,nucleus,10x 3' v3,ppLSEC,PBC,UBASH3A,20,evaluable_descriptive,present,True,2,2,420,420,1,0.8954454029389749,1.2301424258900695,0.005154639175257732,0.002380952380952381,0.0,1.7908908058779498,1088058,2
sn,1873a18a-66fd-4a4d-8277-a872c93f5b59,sn,nucleus,10x 3' v3,ppLSEC,PBC,BCL2L11,50,evaluable_descriptive,present,True,2,2,420,420,2,6.249016379723434,90.83827770508782,0.15730426733905717,0.16428571428571428,5.335017175594849,7.16301558385202,1088058,2
sn,1873a18a-66fd-4a4d-8277-a872c93f5b59,sn,nucleus,10x 3' v3,ppLSEC,PBC,ETS2,50,evaluable_descriptive,present,True,2,2,420,420,2,8.198479262784907,293.29215546112596,0.474434266381539,0.4357142857142857,8.111406461372551,8.285552064197265,1088058,2
sn,1873a18a-66fd-4a4d-8277-a872c93f5b59,sn,nucleus,10x 3' v3,ppLSEC,PBC,PFKFB3,50,evaluable_descriptive,present,True,2,2,420,420,2,7.493096815157754,179.31816323598616,0.3485844690562063,0.2976190476190476,7.431745611461496,7.554448018854012,1088058,2
sn,1873a18a-66fd-4a4d-8277-a872c93f5b59,sn,nucleus,10x 3' v3,ppLSEC,PBC,PRKD2,50,evaluable_descriptive,present,True,2,2,420,420,2,6.569224507605701,104.38136793428257,0.2923302799144617,0.2,5.899305194292895,7.239143820918507,1088058,2
sn,1873a18a-66fd-4a4d-8277-a872c93f5b59,sn,nucleus,10x 3' v3,ppLSEC,PBC,UBASH3A,50,evaluable_descriptive,present,True,2,2,420,420,1,0.8954454029389749,1.2301424258900695,0.005154639175257732,0.002380952380952381,0.0,1.7908908058779498,1088058,2
sn,1873a18a-66fd-4a4d-8277-a872c93f5b59,sn,nucleus,10x 3' v3,ppLSEC,PSC,BCL2L11,20,evaluable_descriptive,present,True,7,7,1528,1528,5,5.607684638448737,47.76197442974716,0.08241758241758242,0.1655759162303665,0.0,7.356524246330987,4345123,7
sn,1873a18a-66fd-4a4d-8277-a872c93f5b59,sn,nucleus,10x 3' v3,ppLSEC,PSC,ETS2,20,evaluable_descriptive,present,True,7,7,1528,1528,7,7.956327229107055,247.36657665271792,0.41,0.4469895287958115,7.222200796279986,8.96541613591369,4345123,7
sn,1873a18a-66fd-4a4d-8277-a872c93f5b59,sn,nucleus,10x 3' v3,ppLSEC,PSC,PFKFB3,20,evaluable_descriptive,present,True,7,7,1528,1528,7,6.330495920551863,79.47651468990914,0.2,0.2107329842931937,5.8470005238365355,7.242322599324492,4345123,7
sn,1873a18a-66fd-4a4d-8277-a872c93f5b59,sn,nucleus,10x 3' v3,ppLSEC,PSC,PRKD2,20,evaluable_descriptive,present,True,7,7,1528,1528,7,6.34931690255751,80.5332660605649,0.20454545454545456,0.20287958115183247,5.348312362536172,7.214762613695476,4345123,7
sn,1873a18a-66fd-4a4d-8277-a872c93f5b59,sn,nucleus,10x 3' v3,ppLSEC,PSC,UBASH3A,20,evaluable_descriptive,present,True,7,7,1528,1528,0,0.0,0.0,0.0,0.0,0.0,0.0,4345123,7
sn,1873a18a-66fd-4a4d-8277-a872c93f5b59,sn,nucleus,10x 3' v3,ppLSEC,PSC,BCL2L11,50,evaluable_descriptive,present,True,5,7,1481,1528,5,5.7161501498774925,51.56935576982305,0.14,0.17083051991897366,4.510239191072822,7.356524246330987,4221118,5
sn,1873a18a-66fd-4a4d-8277-a872c93f5b59,sn,nucleus,10x 3' v3,ppLSEC,PSC,ETS2,50,evaluable_descriptive,present,True,5,7,1481,1528,5,7.890930270020784,236.35954727835562,0.41,0.4463200540175557,7.222200796279986,8.96541613591369,4221118,5
sn,1873a18a-66fd-4a4d-8277-a872c93f5b59,sn,nucleus,10x 3' v3,ppLSEC,PSC,PFKFB3,50,evaluable_descriptive,present,True,5,7,1481,1528,5,6.3888199403941375,82.79660795370363,0.20962199312714777,0.21336934503713706,5.8470005238365355,7.242322599324492,4221118,5
sn,1873a18a-66fd-4a4d-8277-a872c93f5b59,sn,nucleus,10x 3' v3,ppLSEC,PSC,PRKD2,50,evaluable_descriptive,present,True,5,7,1481,1528,5,6.780610697471052,108.94290520224162,0.22252747252747251,0.20594193112761647,6.111698461264618,7.214762613695476,4221118,5
sn,1873a18a-66fd-4a4d-8277-a872c93f5b59,sn,nucleus,10x 3' v3,ppLSEC,PSC,UBASH3A,50,evaluable_descriptive,present,True,5,7,1481,1528,0,0.0,0.0,0.0,0.0,0.0,0.0,4221118,5
