filename,uncompressed_bytes,compressed_bytes,compression_method,local_header_offset,crc32
dMean__Epithelial_24_ct_all/OPTIM_pcs/base_output/base/cis_nominal1.cis_qtl_pairs.3.tsv,264598413,87440445,8,0,2924754798
dMean__Epithelial_24_ct_all/OPTIM_pcs/base_output/base/cis_nominal1.cis_qtl_pairs.15.tsv,151635242,50445614,8,87440587,3843262421
dMean__Epithelial_24_ct_all/OPTIM_pcs/base_output/base/cis_nominal1.cis_qtl_pairs.16.tsv,220950908,74469368,8,137886344,1705932773
dMean__Epithelial_24_ct_all/OPTIM_pcs/base_output/base/cis_nominal1.cis_qtl_pairs.4.tsv,205361740,67634229,8,212355855,3396412153
dMean__Epithelial_24_ct_all/OPTIM_pcs/base_output/base/cis_nominal1.cis_qtl_pairs.21.tsv,53506803,17806856,8,279990226,1498646233
dMean__Epithelial_24_ct_all/OPTIM_pcs/base_output/base/cis_nominal1.cis_qtl_pairs.7.tsv,241147321,80285482,8,297797225,1159935530
dMean__Epithelial_24_ct_all/OPTIM_pcs/base_output/base/cis_nominal1.cis_qtl_pairs.22.tsv,105985634,35338765,8,378082849,3365269555
dMean__Epithelial_24_ct_all/OPTIM_pcs/base_output/base/cis_nominal1.cis_qtl_pairs.11.tsv,268827018,88797711,8,413421757,874409883
dMean__Epithelial_24_ct_all/OPTIM_pcs/base_output/base/cis_nominal1.cis_qtl_pairs.6.tsv,337650725,106200826,8,502219611,3264248271
dMean__Epithelial_24_ct_all/OPTIM_pcs/base_output/base/cis_nominal1.cis_qtl_pairs.2.tsv,313489974,104198634,8,608420579,3732044836
dMean__Epithelial_24_ct_all/OPTIM_pcs/base_output/base/cis_nominal1.cis_qtl_pairs.17.tsv,273606298,91263728,8,712619355,2028776334
dMean__Epithelial_24_ct_all/OPTIM_pcs/base_output/base/Cis_eqtls_qval.tsv,2977456,1278259,8,803883226,2509583372
dMean__Epithelial_24_ct_all/OPTIM_pcs/base_output/base/cis_nominal1.cis_qtl_pairs.5.tsv,211251373,69994491,8,805161613,1244912720
dMean__Epithelial_24_ct_all/OPTIM_pcs/base_output/base/cis_nominal1.cis_qtl_pairs.9.tsv,196009169,65681182,8,875156246,1844597799
dMean__Epithelial_24_ct_all/OPTIM_pcs/base_output/base/cis_nominal1.cis_qtl_pairs.19.tsv,371461818,123933647,8,940837570,2202406635
dMean__Epithelial_24_ct_all/OPTIM_pcs/base_output/base/cis_nominal1.cis_qtl_pairs.10.tsv,193940023,63544867,8,1064771360,3183989050
dMean__Epithelial_24_ct_all/OPTIM_pcs/base_output/base/cis_nominal1.cis_qtl_pairs.8.tsv,168148476,56040707,8,1128316370,3513864981
dMean__Epithelial_24_ct_all/OPTIM_pcs/base_output/base/cis_nominal1.cis_qtl_pairs.14.tsv,183378997,60659956,8,1184357219,2248010946
dMean__Epithelial_24_ct_all/OPTIM_pcs/base_output/base/cis_nominal1.cis_qtl_pairs.1.tsv,438151092,145294250,8,1245017318,1611878432
dMean__Epithelial_24_ct_all/OPTIM_pcs/base_output/base/cis_nominal1.cis_qtl_pairs.20.tsv,132982256,44320833,8,1390311710,1085157047
dMean__Epithelial_24_ct_all/OPTIM_pcs/base_output/base/Cis_eqtls_independent.tsv,224464,92618,8,1434632686,2134319280
dMean__Epithelial_24_ct_all/OPTIM_pcs/base_output/base/cis_nominal1.cis_qtl_pairs.12.tsv,248104939,81488512,8,1434725439,2521335011
dMean__Epithelial_24_ct_all/OPTIM_pcs/base_output/base/cis_nominal1.cis_qtl_pairs.18.tsv,74614086,24795314,8,1516214094,1255733515
dMean__Epithelial_24_ct_all/OPTIM_pcs/base_output/base/cis_nominal1.cis_qtl_pairs.13.tsv,92745795,30616936,8,1541009551,2687725347
dMean__Mesenchymal_7_ti_all/OPTIM_pcs/base_output/base/cis_nominal1.cis_qtl_pairs.3.tsv,207757665,61418294,8,1571626630,2349233378
dMean__Mesenchymal_7_ti_all/OPTIM_pcs/base_output/base/cis_nominal1.cis_qtl_pairs.15.tsv,108733771,32844207,8,1633045066,187930596
dMean__Mesenchymal_7_ti_all/OPTIM_pcs/base_output/base/cis_nominal1.cis_qtl_pairs.16.tsv,149420618,46215560,8,1665889416,1066571051
dMean__Mesenchymal_7_ti_all/OPTIM_pcs/base_output/base/cis_nominal1.cis_qtl_pairs.4.tsv,158387869,46382632,8,1712105119,2252821774
dMean__Mesenchymal_7_ti_all/OPTIM_pcs/base_output/base/cis_nominal1.cis_qtl_pairs.21.tsv,37519696,11419788,8,1758487893,3553884661
dMean__Mesenchymal_7_ti_all/OPTIM_pcs/base_output/base/cis_nominal1.cis_qtl_pairs.7.tsv,176268860,52848452,8,1769907824,2134548854
dMean__Mesenchymal_7_ti_all/OPTIM_pcs/base_output/base/cis_nominal1.cis_qtl_pairs.22.tsv,73486894,22445383,8,1822756418,1310987677
dMean__Mesenchymal_7_ti_all/OPTIM_pcs/base_output/base/cis_nominal1.cis_qtl_pairs.11.tsv,205556591,60660985,8,1845201944,559997521
dMean__Mesenchymal_7_ti_all/OPTIM_pcs/base_output/base/cis_nominal1.cis_qtl_pairs.6.tsv,257251457,68565303,8,1905863072,3262234113
dMean__Mesenchymal_7_ti_all/OPTIM_pcs/base_output/base/cis_nominal1.cis_qtl_pairs.2.tsv,255364023,76484676,8,1974428517,604882713
dMean__Mesenchymal_7_ti_all/OPTIM_pcs/base_output/base/cis_nominal1.cis_qtl_pairs.17.tsv,190703925,57970574,8,2050913335,1731574294
dMean__Mesenchymal_7_ti_all/OPTIM_pcs/base_output/base/Cis_eqtls_qval.tsv,2282792,935064,8,2108884052,1865246482
dMean__Mesenchymal_7_ti_all/OPTIM_pcs/base_output/base/cis_nominal1.cis_qtl_pairs.5.tsv,166636530,49651302,8,2109819244,2201000407
dMean__Mesenchymal_7_ti_all/OPTIM_pcs/base_output/base/cis_nominal1.cis_qtl_pairs.9.tsv,153168447,46485058,8,2159470688,1597855938
dMean__Mesenchymal_7_ti_all/OPTIM_pcs/base_output/base/cis_nominal1.cis_qtl_pairs.19.tsv,258169488,78565906,8,2205955888,3252802943
dMean__Mesenchymal_7_ti_all/OPTIM_pcs/base_output/base/cis_nominal1.cis_qtl_pairs.10.tsv,158109420,46335418,8,2284521937,2059946532
dMean__Mesenchymal_7_ti_all/OPTIM_pcs/base_output/base/cis_nominal1.cis_qtl_pairs.8.tsv,131382994,39575068,8,2330857498,1063752585
dMean__Mesenchymal_7_ti_all/OPTIM_pcs/base_output/base/cis_nominal1.cis_qtl_pairs.14.tsv,127389499,38077580,8,2370432708,3580410558
dMean__Mesenchymal_7_ti_all/OPTIM_pcs/base_output/base/cis_nominal1.cis_qtl_pairs.1.tsv,324736688,96086247,8,2408510431,508973786
dMean__Mesenchymal_7_ti_all/OPTIM_pcs/base_output/base/cis_nominal1.cis_qtl_pairs.20.tsv,97257484,29249809,8,2504596820,840162885
dMean__Mesenchymal_7_ti_all/OPTIM_pcs/base_output/base/Cis_eqtls_independent.tsv,606,355,8,2533846772,1670599878
dMean__Mesenchymal_7_ti_all/OPTIM_pcs/base_output/base/cis_nominal1.cis_qtl_pairs.12.tsv,196216407,57779622,8,2533847262,2535493721
dMean__Mesenchymal_7_ti_all/OPTIM_pcs/base_output/base/cis_nominal1.cis_qtl_pairs.18.tsv,60253322,18182065,8,2591627027,3059434284
dMean__Mesenchymal_7_ti_all/OPTIM_pcs/base_output/base/cis_nominal1.cis_qtl_pairs.13.tsv,75515371,22405491,8,2609809235,1496573584
dMean__Myeloid_0_blood_all/OPTIM_pcs/base_output/base/cis_nominal1.cis_qtl_pairs.3.tsv,354067237,111921622,8,2632214869,1542576457
dMean__Myeloid_0_blood_all/OPTIM_pcs/base_output/base/cis_nominal1.cis_qtl_pairs.15.tsv,204759258,65640829,8,2744136632,1574348009
dMean__Myeloid_0_blood_all/OPTIM_pcs/base_output/base/cis_nominal1.cis_qtl_pairs.16.tsv,305523328,99324104,8,2809777603,2796856377
dMean__Myeloid_0_blood_all/OPTIM_pcs/base_output/base/cis_nominal1.cis_qtl_pairs.4.tsv,255280730,80192351,8,2909101849,3064234942
dMean__Myeloid_0_blood_all/OPTIM_pcs/base_output/base/cis_nominal1.cis_qtl_pairs.21.tsv,80247650,25705328,8,2989294341,552077843
dMean__Myeloid_0_blood_all/OPTIM_pcs/base_output/base/cis_nominal1.cis_qtl_pairs.7.tsv,305858666,97515015,8,3014999811,1912390747
dMean__Myeloid_0_blood_all/OPTIM_pcs/base_output/base/cis_nominal1.cis_qtl_pairs.22.tsv,156520858,50406258,8,3112514967,1425172439
dMean__Myeloid_0_blood_all/OPTIM_pcs/base_output/base/cis_nominal1.cis_qtl_pairs.11.tsv,344675960,108825040,8,3162921367,1272296576
dMean__Myeloid_0_blood_all/OPTIM_pcs/base_output/base/cis_nominal1.cis_qtl_pairs.6.tsv,453887821,132267167,8,3271746549,3634707626
dMean__Myeloid_0_blood_all/OPTIM_pcs/base_output/base/cis_nominal1.cis_qtl_pairs.2.tsv,419245996,133868808,8,3404013857,3073550811
dMean__Myeloid_0_blood_all/OPTIM_pcs/base_output/base/cis_nominal1.cis_qtl_pairs.17.tsv,377152553,121293389,8,3537882806,1995401939
dMean__Myeloid_0_blood_all/OPTIM_pcs/base_output/base/Cis_eqtls_qval.tsv,4012435,1726884,8,3659176337,272490115
dMean__Myeloid_0_blood_all/OPTIM_pcs/base_output/base/cis_nominal1.cis_qtl_pairs.5.tsv,282648812,89556130,8,3660903348,3358319757
dMean__Myeloid_0_blood_all/OPTIM_pcs/base_output/base/cis_nominal1.cis_qtl_pairs.9.tsv,240345285,77369308,8,3750459619,1838216001
dMean__Myeloid_0_blood_all/OPTIM_pcs/base_output/base/cis_nominal1.cis_qtl_pairs.19.tsv,539963901,173926798,8,3827829068,3687558517
dMean__Myeloid_0_blood_all/OPTIM_pcs/base_output/base/cis_nominal1.cis_qtl_pairs.10.tsv,251987827,78866034,8,4001756008,1408779171
dMean__Myeloid_0_blood_all/OPTIM_pcs/base_output/base/cis_nominal1.cis_qtl_pairs.8.tsv,230093859,73523506,8,4080622184,1562339405
dMean__Myeloid_0_blood_all/OPTIM_pcs/base_output/base/cis_nominal1.cis_qtl_pairs.14.tsv,237288444,75454507,8,4154145831,910204246
dMean__Myeloid_0_blood_all/OPTIM_pcs/base_output/base/cis_nominal1.cis_qtl_pairs.1.tsv,581455679,183910487,8,4229600480,1857768081
dMean__Myeloid_0_blood_all/OPTIM_pcs/base_output/base/cis_nominal1.cis_qtl_pairs.20.tsv,167329403,53513199,8,4413511108,3142900702
dMean__Myeloid_0_blood_all/OPTIM_pcs/base_output/base/Cis_eqtls_independent.tsv,461620,188906,8,4467024449,2831652093
dMean__Myeloid_0_blood_all/OPTIM_pcs/base_output/base/cis_nominal1.cis_qtl_pairs.12.tsv,359734360,112973267,8,4467213489,3672966935
dMean__Myeloid_0_blood_all/OPTIM_pcs/base_output/base/cis_nominal1.cis_qtl_pairs.18.tsv,111806413,35677767,8,4580186898,796989198
dMean__Myeloid_0_blood_all/OPTIM_pcs/base_output/base/cis_nominal1.cis_qtl_pairs.13.tsv,115818655,36438755,8,4615864807,2085612790
dMean__B_4_r_all/OPTIM_pcs/base_output/base/cis_nominal1.cis_qtl_pairs.3.tsv,212601653,66439595,8,4652303704,3796422192
dMean__B_4_r_all/OPTIM_pcs/base_output/base/cis_nominal1.cis_qtl_pairs.15.tsv,113897461,36065627,8,4718743430,3249120597
dMean__B_4_r_all/OPTIM_pcs/base_output/base/cis_nominal1.cis_qtl_pairs.16.tsv,173771939,56164777,8,4754809189,1294958255
dMean__B_4_r_all/OPTIM_pcs/base_output/base/cis_nominal1.cis_qtl_pairs.4.tsv,160444192,50049838,8,4810974098,4036797290
dMean__B_4_r_all/OPTIM_pcs/base_output/base/cis_nominal1.cis_qtl_pairs.21.tsv,43622477,13895655,8,4861024067,2897837303
dMean__B_4_r_all/OPTIM_pcs/base_output/base/cis_nominal1.cis_qtl_pairs.7.tsv,187767645,59271182,8,4874919854,3378919809
dMean__B_4_r_all/OPTIM_pcs/base_output/base/cis_nominal1.cis_qtl_pairs.22.tsv,95430332,30499220,8,4934191167,2613709262
dMean__B_4_r_all/OPTIM_pcs/base_output/base/cis_nominal1.cis_qtl_pairs.11.tsv,203596305,63768975,8,4964690519,3025761885
dMean__B_4_r_all/OPTIM_pcs/base_output/base/cis_nominal1.cis_qtl_pairs.6.tsv,289438070,83252384,8,5028459626,3587522596
dMean__B_4_r_all/OPTIM_pcs/base_output/base/cis_nominal1.cis_qtl_pairs.2.tsv,259028938,82029471,8,5111712141,2807928515
dMean__B_4_r_all/OPTIM_pcs/base_output/base/cis_nominal1.cis_qtl_pairs.17.tsv,218007620,69448403,8,5193741743,3622225399
dMean__B_4_r_all/OPTIM_pcs/base_output/base/Cis_eqtls_qval.tsv,2402082,1007965,8,5263190278,2607642538
dMean__B_4_r_all/OPTIM_pcs/base_output/base/cis_nominal1.cis_qtl_pairs.5.tsv,169865149,53456875,8,5264198360,3569878820
dMean__B_4_r_all/OPTIM_pcs/base_output/base/cis_nominal1.cis_qtl_pairs.9.tsv,148564611,47486365,8,5317655366,3663684243
dMean__B_4_r_all/OPTIM_pcs/base_output/base/cis_nominal1.cis_qtl_pairs.19.tsv,300800732,96135764,8,5365141862,3314394960
dMean__B_4_r_all/OPTIM_pcs/base_output/base/cis_nominal1.cis_qtl_pairs.10.tsv,152523270,47388997,8,5461277758,2147477228
dMean__B_4_r_all/OPTIM_pcs/base_output/base/cis_nominal1.cis_qtl_pairs.8.tsv,131897196,41637089,8,5508666887,1728270758
dMean__B_4_r_all/OPTIM_pcs/base_output/base/cis_nominal1.cis_qtl_pairs.14.tsv,146339289,46216697,8,5550304107,3401202231
dMean__B_4_r_all/OPTIM_pcs/base_output/base/cis_nominal1.cis_qtl_pairs.1.tsv,347666365,109142086,8,5596520936,1967055149
dMean__B_4_r_all/OPTIM_pcs/base_output/base/cis_nominal1.cis_qtl_pairs.20.tsv,110552314,35126779,8,5705663153,698154919
dMean__B_4_r_all/OPTIM_pcs/base_output/base/Cis_eqtls_independent.tsv,2720,1294,8,5740790064,3811758793
dMean__B_4_r_all/OPTIM_pcs/base_output/base/cis_nominal1.cis_qtl_pairs.12.tsv,219815309,68434892,8,5740791482,2755593899
dMean__B_4_r_all/OPTIM_pcs/base_output/base/cis_nominal1.cis_qtl_pairs.18.tsv,59724638,18858139,8,5809226506,4100399618
dMean__B_4_r_all/OPTIM_pcs/base_output/base/cis_nominal1.cis_qtl_pairs.13.tsv,76639364,24001627,8,5828084777,2678995349
dMean__Epithelial_6_r_all/OPTIM_pcs/base_output/base/cis_nominal1.cis_qtl_pairs.3.tsv,257737091,84575566,8,5852086536,1604432209
dMean__Epithelial_6_r_all/OPTIM_pcs/base_output/base/cis_nominal1.cis_qtl_pairs.15.tsv,144870685,47928724,8,5936662242,2394342317
dMean__Epithelial_6_r_all/OPTIM_pcs/base_output/base/cis_nominal1.cis_qtl_pairs.16.tsv,194992717,65390689,8,5984591107,163585634
dMean__Epithelial_6_r_all/OPTIM_pcs/base_output/base/cis_nominal1.cis_qtl_pairs.4.tsv,191710076,62658859,8,6049981937,519696773
dMean__Epithelial_6_r_all/OPTIM_pcs/base_output/base/cis_nominal1.cis_qtl_pairs.21.tsv,54114665,17893653,8,6112640936,1276626341
dMean__Epithelial_6_r_all/OPTIM_pcs/base_output/base/cis_nominal1.cis_qtl_pairs.7.tsv,227848644,75420407,8,6130534730,4259698955
dMean__Epithelial_6_r_all/OPTIM_pcs/base_output/base/cis_nominal1.cis_qtl_pairs.22.tsv,96310543,31914900,8,6205955277,696330519
dMean__Epithelial_6_r_all/OPTIM_pcs/base_output/base/cis_nominal1.cis_qtl_pairs.11.tsv,249813930,81940045,8,6237870318,3360122867
dMean__Epithelial_6_r_all/OPTIM_pcs/base_output/base/cis_nominal1.cis_qtl_pairs.6.tsv,302573100,93984028,8,6319810504,824204709
dMean__Epithelial_6_r_all/OPTIM_pcs/base_output/base/cis_nominal1.cis_qtl_pairs.2.tsv,295795513,97592126,8,6413794672,1385941402
dMean__Epithelial_6_r_all/OPTIM_pcs/base_output/base/cis_nominal1.cis_qtl_pairs.17.tsv,249107480,82536666,8,6511386938,1123880851
dMean__Epithelial_6_r_all/OPTIM_pcs/base_output/base/Cis_eqtls_qval.tsv,2763607,1182487,8,6593923745,4048323047
dMean__Epithelial_6_r_all/OPTIM_pcs/base_output/base/cis_nominal1.cis_qtl_pairs.5.tsv,195023650,64174117,8,6595106358,3793398232
dMean__Epithelial_6_r_all/OPTIM_pcs/base_output/base/cis_nominal1.cis_qtl_pairs.9.tsv,183762868,61197876,8,6659280615,625276004
dMean__Epithelial_6_r_all/OPTIM_pcs/base_output/base/cis_nominal1.cis_qtl_pairs.19.tsv,337937585,112026824,8,6720478631,2924844842
dMean__Epithelial_6_r_all/OPTIM_pcs/base_output/base/cis_nominal1.cis_qtl_pairs.10.tsv,182739571,59479225,8,6832505596,2596993220
dMean__Epithelial_6_r_all/OPTIM_pcs/base_output/base/cis_nominal1.cis_qtl_pairs.8.tsv,158270744,52330656,8,6891984962,4095827051
dMean__Epithelial_6_r_all/OPTIM_pcs/base_output/base/cis_nominal1.cis_qtl_pairs.14.tsv,168763177,55428766,8,6944315758,3219888438
dMean__Epithelial_6_r_all/OPTIM_pcs/base_output/base/cis_nominal1.cis_qtl_pairs.1.tsv,407350702,134021227,8,6999744665,1636483680
dMean__Epithelial_6_r_all/OPTIM_pcs/base_output/base/cis_nominal1.cis_qtl_pairs.20.tsv,117447820,38901525,8,7133766032,1897427642
dMean__Epithelial_6_r_all/OPTIM_pcs/base_output/base/Cis_eqtls_independent.tsv,119068,49419,8,7172667698,959032162
dMean__Epithelial_6_r_all/OPTIM_pcs/base_output/base/cis_nominal1.cis_qtl_pairs.12.tsv,237467284,77418072,8,7172717250,1915167864
dMean__Epithelial_6_r_all/OPTIM_pcs/base_output/base/cis_nominal1.cis_qtl_pairs.18.tsv,74310543,24521837,8,7250135463,4175697176
dMean__Epithelial_6_r_all/OPTIM_pcs/base_output/base/cis_nominal1.cis_qtl_pairs.13.tsv,86142999,28218456,8,7274657441,11971308
dMean__Mesenchymal_0_ti_all/OPTIM_pcs/base_output/base/cis_nominal1.cis_qtl_pairs.3.tsv,218121899,70420653,8,7302876038,2715486740
dMean__Mesenchymal_0_ti_all/OPTIM_pcs/base_output/base/cis_nominal1.cis_qtl_pairs.15.tsv,119925763,39018938,8,7373296833,3261012609
dMean__Mesenchymal_0_ti_all/OPTIM_pcs/base_output/base/cis_nominal1.cis_qtl_pairs.16.tsv,163745010,54278163,8,7412315914,4064823990
dMean__Mesenchymal_0_ti_all/OPTIM_pcs/base_output/base/cis_nominal1.cis_qtl_pairs.4.tsv,176309353,56569473,8,7466594220,3404691753
dMean__Mesenchymal_0_ti_all/OPTIM_pcs/base_output/base/cis_nominal1.cis_qtl_pairs.21.tsv,44223810,14413278,8,7523163835,3487174431
dMean__Mesenchymal_0_ti_all/OPTIM_pcs/base_output/base/cis_nominal1.cis_qtl_pairs.7.tsv,197195206,64178519,8,7537577256,238560777
dMean__Mesenchymal_0_ti_all/OPTIM_pcs/base_output/base/cis_nominal1.cis_qtl_pairs.22.tsv,82031299,26829730,8,7601755917,3166716899
dMean__Mesenchymal_0_ti_all/OPTIM_pcs/base_output/base/cis_nominal1.cis_qtl_pairs.11.tsv,221065492,71093781,8,7628585790,2419410535
dMean__Mesenchymal_0_ti_all/OPTIM_pcs/base_output/base/cis_nominal1.cis_qtl_pairs.6.tsv,281744772,84706472,8,7699679714,4247201106
dMean__Mesenchymal_0_ti_all/OPTIM_pcs/base_output/base/cis_nominal1.cis_qtl_pairs.2.tsv,270228620,87687374,8,7784386328,4268258937
dMean__Mesenchymal_0_ti_all/OPTIM_pcs/base_output/base/cis_nominal1.cis_qtl_pairs.17.tsv,205666052,67162027,8,7872073844,3917640187
dMean__Mesenchymal_0_ti_all/OPTIM_pcs/base_output/base/Cis_eqtls_qval.tsv,2406590,998260,8,7939236014,125694810
dMean__Mesenchymal_0_ti_all/OPTIM_pcs/base_output/base/cis_nominal1.cis_qtl_pairs.5.tsv,190950758,61742563,8,7940234402,1706263674
dMean__Mesenchymal_0_ti_all/OPTIM_pcs/base_output/base/cis_nominal1.cis_qtl_pairs.9.tsv,161867873,53013386,8,8001977107,961149901
dMean__Mesenchymal_0_ti_all/OPTIM_pcs/base_output/base/cis_nominal1.cis_qtl_pairs.19.tsv,267053801,87385423,8,8054990635,2483350026
dMean__Mesenchymal_0_ti_all/OPTIM_pcs/base_output/base/cis_nominal1.cis_qtl_pairs.10.tsv,162477379,52012417,8,8142376201,376508952
dMean__Mesenchymal_0_ti_all/OPTIM_pcs/base_output/base/cis_nominal1.cis_qtl_pairs.8.tsv,144375594,46979966,8,8194388761,3274272391
dMean__Mesenchymal_0_ti_all/OPTIM_pcs/base_output/base/cis_nominal1.cis_qtl_pairs.14.tsv,144638260,46724461,8,8241368869,3851254996
dMean__Mesenchymal_0_ti_all/OPTIM_pcs/base_output/base/cis_nominal1.cis_qtl_pairs.1.tsv,342593606,110591810,8,8288093473,909662684
dMean__Mesenchymal_0_ti_all/OPTIM_pcs/base_output/base/cis_nominal1.cis_qtl_pairs.20.tsv,102563533,33380971,8,8398685425,1351712102
dMean__Mesenchymal_0_ti_all/OPTIM_pcs/base_output/base/Cis_eqtls_independent.tsv,2936,1396,8,8432066539,1148506255
dMean__Mesenchymal_0_ti_all/OPTIM_pcs/base_output/base/cis_nominal1.cis_qtl_pairs.12.tsv,209511782,67085402,8,8432068070,3134473165
dMean__Mesenchymal_0_ti_all/OPTIM_pcs/base_output/base/cis_nominal1.cis_qtl_pairs.18.tsv,68614469,22297173,8,8499153615,439747235
dMean__Mesenchymal_0_ti_all/OPTIM_pcs/base_output/base/cis_nominal1.cis_qtl_pairs.13.tsv,78933087,25392025,8,8521450931,4050300560
dMean__B_2_r_all/OPTIM_pcs/base_output/base/cis_nominal1.cis_qtl_pairs.3.tsv,247133174,80764910,8,8546843099,2399565391
dMean__B_2_r_all/OPTIM_pcs/base_output/base/cis_nominal1.cis_qtl_pairs.15.tsv,131139027,43153809,8,8627608140,1195407486
dMean__B_2_r_all/OPTIM_pcs/base_output/base/cis_nominal1.cis_qtl_pairs.16.tsv,195733764,65458718,8,8670762081,3210205606
dMean__B_2_r_all/OPTIM_pcs/base_output/base/cis_nominal1.cis_qtl_pairs.4.tsv,176243630,57414135,8,8736220931,1971695499
dMean__B_2_r_all/OPTIM_pcs/base_output/base/cis_nominal1.cis_qtl_pairs.21.tsv,50422803,16629111,8,8793635197,1378342899
dMean__B_2_r_all/OPTIM_pcs/base_output/base/cis_nominal1.cis_qtl_pairs.7.tsv,212772778,70073161,8,8810264440,2225835133
dMean__B_2_r_all/OPTIM_pcs/base_output/base/cis_nominal1.cis_qtl_pairs.22.tsv,109217525,36084818,8,8880337732,722106275
dMean__B_2_r_all/OPTIM_pcs/base_output/base/cis_nominal1.cis_qtl_pairs.11.tsv,238585136,77862183,8,8916422682,642093436
dMean__B_2_r_all/OPTIM_pcs/base_output/base/cis_nominal1.cis_qtl_pairs.6.tsv,339783601,103762561,8,8994284997,276785531
dMean__B_2_r_all/OPTIM_pcs/base_output/base/cis_nominal1.cis_qtl_pairs.2.tsv,290938841,95773029,8,9098047689,4081904746
dMean__B_2_r_all/OPTIM_pcs/base_output/base/cis_nominal1.cis_qtl_pairs.17.tsv,245528431,81068820,8,9193820849,3663934648
dMean__B_2_r_all/OPTIM_pcs/base_output/base/Cis_eqtls_qval.tsv,2757005,1177884,8,9274889801,1553569297
dMean__B_2_r_all/OPTIM_pcs/base_output/base/cis_nominal1.cis_qtl_pairs.5.tsv,194261821,63683623,8,9276067802,1414311251
dMean__B_2_r_all/OPTIM_pcs/base_output/base/cis_nominal1.cis_qtl_pairs.9.tsv,167115014,55411497,8,9339751556,3045871895
dMean__B_2_r_all/OPTIM_pcs/base_output/base/cis_nominal1.cis_qtl_pairs.19.tsv,369008365,121833945,8,9395163184,1018735388
dMean__B_2_r_all/OPTIM_pcs/base_output/base/cis_nominal1.cis_qtl_pairs.10.tsv,175367402,56871557,8,9516997261,2617260218
dMean__B_2_r_all/OPTIM_pcs/base_output/base/cis_nominal1.cis_qtl_pairs.8.tsv,153829043,50671111,8,9573868950,1158236574
dMean__B_2_r_all/OPTIM_pcs/base_output/base/cis_nominal1.cis_qtl_pairs.14.tsv,166853953,54615251,8,9624540192,4254883200
dMean__B_2_r_all/OPTIM_pcs/base_output/base/cis_nominal1.cis_qtl_pairs.1.tsv,407422776,133301174,8,9679155575,962791621
dMean__B_2_r_all/OPTIM_pcs/base_output/base/cis_nominal1.cis_qtl_pairs.20.tsv,123158591,40685751,8,9812456880,2734516815
dMean__B_2_r_all/OPTIM_pcs/base_output/base/Cis_eqtls_independent.tsv,98879,41252,8,9853142763,263187197
dMean__B_2_r_all/OPTIM_pcs/base_output/base/cis_nominal1.cis_qtl_pairs.12.tsv,249875759,81062287,8,9853184139,1193241467
dMean__B_2_r_all/OPTIM_pcs/base_output/base/cis_nominal1.cis_qtl_pairs.18.tsv,71685721,23524721,8,9934246558,2164884508
dMean__B_2_r_all/OPTIM_pcs/base_output/base/cis_nominal1.cis_qtl_pairs.13.tsv,83847252,27321768,8,9957771411,25279647
dMean__T_3_ti_all/OPTIM_pcs/base_output/base/cis_nominal1.cis_qtl_pairs.3.tsv,239542758,79257436,8,9985093311,3157439597
dMean__T_3_ti_all/OPTIM_pcs/base_output/base/cis_nominal1.cis_qtl_pairs.15.tsv,133979193,44616825,8,10064350879,1613127524
dMean__T_3_ti_all/OPTIM_pcs/base_output/base/cis_nominal1.cis_qtl_pairs.16.tsv,192901893,65113166,8,10108967837,3268389378
dMean__T_3_ti_all/OPTIM_pcs/base_output/base/cis_nominal1.cis_qtl_pairs.4.tsv,175237715,57946963,8,10174081136,471980644
dMean__T_3_ti_all/OPTIM_pcs/base_output/base/cis_nominal1.cis_qtl_pairs.21.tsv,51687254,17248648,8,10232028231,3817253405
dMean__T_3_ti_all/OPTIM_pcs/base_output/base/cis_nominal1.cis_qtl_pairs.7.tsv,212450270,70862086,8,10249277012,2069427972
dMean__T_3_ti_all/OPTIM_pcs/base_output/base/cis_nominal1.cis_qtl_pairs.22.tsv,106049663,35423664,8,10320139230,3136329134
dMean__T_3_ti_all/OPTIM_pcs/base_output/base/cis_nominal1.cis_qtl_pairs.11.tsv,237327539,78399137,8,10355563027,1177504951
dMean__T_3_ti_all/OPTIM_pcs/base_output/base/cis_nominal1.cis_qtl_pairs.6.tsv,332528014,103758396,8,10433962297,898125621
dMean__T_3_ti_all/OPTIM_pcs/base_output/base/cis_nominal1.cis_qtl_pairs.2.tsv,282585516,94161285,8,10537720825,1306206292
dMean__T_3_ti_all/OPTIM_pcs/base_output/base/cis_nominal1.cis_qtl_pairs.17.tsv,266086944,88833388,8,10631882242,1068700240
dMean__T_3_ti_all/OPTIM_pcs/base_output/base/Cis_eqtls_qval.tsv,2730581,1170416,8,10720715763,881327997
dMean__T_3_ti_all/OPTIM_pcs/base_output/base/cis_nominal1.cis_qtl_pairs.5.tsv,196460759,65153180,8,10721886297,1466071490
dMean__T_3_ti_all/OPTIM_pcs/base_output/base/cis_nominal1.cis_qtl_pairs.9.tsv,166689636,55903675,8,10787039609,3541407035
dMean__T_3_ti_all/OPTIM_pcs/base_output/base/cis_nominal1.cis_qtl_pairs.19.tsv,369439780,123298732,8,10842943416,2418307771
dMean__T_3_ti_all/OPTIM_pcs/base_output/base/cis_nominal1.cis_qtl_pairs.10.tsv,176066723,57838625,8,10966242281,1894489858
dMean__T_3_ti_all/OPTIM_pcs/base_output/base/cis_nominal1.cis_qtl_pairs.8.tsv,148011315,49425588,8,11024081039,2293358620
dMean__T_3_ti_all/OPTIM_pcs/base_output/base/cis_nominal1.cis_qtl_pairs.14.tsv,167369008,55463924,8,11073506759,2952058736
dMean__T_3_ti_all/OPTIM_pcs/base_output/base/cis_nominal1.cis_qtl_pairs.1.tsv,399630995,132505491,8,11128970816,1028869109
dMean__T_3_ti_all/OPTIM_pcs/base_output/base/cis_nominal1.cis_qtl_pairs.20.tsv,119346966,39807589,8,11261476439,639328514
dMean__T_3_ti_all/OPTIM_pcs/base_output/base/Cis_eqtls_independent.tsv,152178,63054,8,11301284161,1028445391
dMean__T_3_ti_all/OPTIM_pcs/base_output/base/cis_nominal1.cis_qtl_pairs.12.tsv,246775974,81169844,8,11301347340,170313251
dMean__T_3_ti_all/OPTIM_pcs/base_output/base/cis_nominal1.cis_qtl_pairs.18.tsv,72297117,24090068,8,11382517317,4227687156
dMean__T_3_ti_all/OPTIM_pcs/base_output/base/cis_nominal1.cis_qtl_pairs.13.tsv,86444386,28562739,8,11406607518,4231047368
dMean__Epithelial_27_r_all/OPTIM_pcs/base_output/base/cis_nominal1.cis_qtl_pairs.3.tsv,248210970,81659046,8,11435170390,183382620
dMean__Epithelial_27_r_all/OPTIM_pcs/base_output/base/cis_nominal1.cis_qtl_pairs.15.tsv,142006130,47074129,8,11516829577,2056565465
dMean__Epithelial_27_r_all/OPTIM_pcs/base_output/base/cis_nominal1.cis_qtl_pairs.16.tsv,198407406,66696808,8,11563903848,2707804171
dMean__Epithelial_27_r_all/OPTIM_pcs/base_output/base/cis_nominal1.cis_qtl_pairs.4.tsv,182385728,59783634,8,11630600798,1652110952
dMean__Epithelial_27_r_all/OPTIM_pcs/base_output/base/cis_nominal1.cis_qtl_pairs.21.tsv,51877378,17228724,8,11690384573,1446878546
dMean__Epithelial_27_r_all/OPTIM_pcs/base_output/base/cis_nominal1.cis_qtl_pairs.7.tsv,234621830,77827914,8,11707613439,2400956900
dMean__Epithelial_27_r_all/OPTIM_pcs/base_output/base/cis_nominal1.cis_qtl_pairs.22.tsv,99975563,33181793,8,11785441494,4271100057
dMean__Epithelial_27_r_all/OPTIM_pcs/base_output/base/cis_nominal1.cis_qtl_pairs.11.tsv,260620196,85674709,8,11818623429,3287222768
dMean__Epithelial_27_r_all/OPTIM_pcs/base_output/base/cis_nominal1.cis_qtl_pairs.6.tsv,304610316,95032373,8,11904298280,1272677463
dMean__Epithelial_27_r_all/OPTIM_pcs/base_output/base/cis_nominal1.cis_qtl_pairs.2.tsv,296938058,98269302,8,11999330794,162367223
dMean__Epithelial_27_r_all/OPTIM_pcs/base_output/base/cis_nominal1.cis_qtl_pairs.17.tsv,255464221,84911943,8,12097600237,2691386509
dMean__Epithelial_27_r_all/OPTIM_pcs/base_output/base/Cis_eqtls_qval.tsv,2787614,1191773,8,12182512322,2875092103
dMean__Epithelial_27_r_all/OPTIM_pcs/base_output/base/cis_nominal1.cis_qtl_pairs.5.tsv,206003650,67954270,8,12183704222,391810563
dMean__Epithelial_27_r_all/OPTIM_pcs/base_output/base/cis_nominal1.cis_qtl_pairs.9.tsv,186452317,62271532,8,12251658633,2212504187
dMean__Epithelial_27_r_all/OPTIM_pcs/base_output/base/cis_nominal1.cis_qtl_pairs.19.tsv,348821367,115984312,8,12313930306,4044696647
dMean__Epithelial_27_r_all/OPTIM_pcs/base_output/base/cis_nominal1.cis_qtl_pairs.10.tsv,187862379,61344213,8,12429914760,4242655601
dMean__Epithelial_27_r_all/OPTIM_pcs/base_output/base/cis_nominal1.cis_qtl_pairs.8.tsv,158891274,52709774,8,12491259115,4172609644
dMean__Epithelial_27_r_all/OPTIM_pcs/base_output/base/cis_nominal1.cis_qtl_pairs.14.tsv,168277181,55436988,8,12543969030,1060421137
dMean__Epithelial_27_r_all/OPTIM_pcs/base_output/base/cis_nominal1.cis_qtl_pairs.1.tsv,410335843,135504305,8,12599406160,352665611
dMean__Epithelial_27_r_all/OPTIM_pcs/base_output/base/cis_nominal1.cis_qtl_pairs.20.tsv,124450295,41341404,8,12734910606,3184074492
dMean__Epithelial_27_r_all/OPTIM_pcs/base_output/base/Cis_eqtls_independent.tsv,97656,40771,8,12776252152,3325459509
dMean__Epithelial_27_r_all/OPTIM_pcs/base_output/base/cis_nominal1.cis_qtl_pairs.12.tsv,236255336,77225895,8,12776293057,3772186520
dMean__Epithelial_27_r_all/OPTIM_pcs/base_output/base/cis_nominal1.cis_qtl_pairs.18.tsv,70339104,23240727,8,12853519094,3714441634
dMean__Epithelial_27_r_all/OPTIM_pcs/base_output/base/cis_nominal1.cis_qtl_pairs.13.tsv,85253021,28018136,8,12876759963,3750604512
dMean__Colonocyte_ct_all/OPTIM_pcs/base_output/base/cis_nominal1.cis_qtl_pairs.3.tsv,407561759,134411475,8,12904778241,4171292525
dMean__Colonocyte_ct_all/OPTIM_pcs/base_output/base/cis_nominal1.cis_qtl_pairs.15.tsv,254694609,84610325,8,13039189855,3514874129
dMean__Colonocyte_ct_all/OPTIM_pcs/base_output/base/cis_nominal1.cis_qtl_pairs.16.tsv,363094247,122067780,8,13123800320,735547419
dMean__Colonocyte_ct_all/OPTIM_pcs/base_output/base/cis_nominal1.cis_qtl_pairs.4.tsv,317232450,104059658,8,13245868240,1264787687
dMean__Colonocyte_ct_all/OPTIM_pcs/base_output/base/cis_nominal1.cis_qtl_pairs.21.tsv,98991944,32854204,8,13349928037,3820976545
dMean__Colonocyte_ct_all/OPTIM_pcs/base_output/base/cis_nominal1.cis_qtl_pairs.7.tsv,365302874,121385216,8,13382782381,3883242596
dMean__Colonocyte_ct_all/OPTIM_pcs/base_output/base/cis_nominal1.cis_qtl_pairs.22.tsv,182221214,60609226,8,13504167736,3651764488
dMean__Colonocyte_ct_all/OPTIM_pcs/base_output/base/cis_nominal1.cis_qtl_pairs.11.tsv,416713984,137090744,8,13564777102,486957870
dMean__Colonocyte_ct_all/OPTIM_pcs/base_output/base/cis_nominal1.cis_qtl_pairs.6.tsv,495236811,154845648,8,13701867986,3195990435
dMean__Colonocyte_ct_all/OPTIM_pcs/base_output/base/cis_nominal1.cis_qtl_pairs.2.tsv,487247965,161493138,8,13856713773,349937733
dMean__Colonocyte_ct_all/OPTIM_pcs/base_output/base/cis_nominal1.cis_qtl_pairs.17.tsv,438501951,145857775,8,14018207050,1658857550
dMean__Colonocyte_ct_all/OPTIM_pcs/base_output/base/Cis_eqtls_qval.tsv,4687628,2020965,8,14164064965,422466164
dMean__Colonocyte_ct_all/OPTIM_pcs/base_output/base/cis_nominal1.cis_qtl_pairs.5.tsv,354615717,117133374,8,14166086055,4195779940
dMean__Colonocyte_ct_all/OPTIM_pcs/base_output/base/cis_nominal1.cis_qtl_pairs.9.tsv,284757996,95179821,8,14283219568,1346807978
dMean__Colonocyte_ct_all/OPTIM_pcs/base_output/base/cis_nominal1.cis_qtl_pairs.19.tsv,593838561,197693045,8,14378399528,2951400720
dMean__Colonocyte_ct_all/OPTIM_pcs/base_output/base/cis_nominal1.cis_qtl_pairs.10.tsv,291496943,95157387,8,14576092713,81293592
dMean__Colonocyte_ct_all/OPTIM_pcs/base_output/base/cis_nominal1.cis_qtl_pairs.8.tsv,285159162,94735653,8,14671250240,3694123244
dMean__Colonocyte_ct_all/OPTIM_pcs/base_output/base/cis_nominal1.cis_qtl_pairs.14.tsv,275838366,90999150,8,14765986032,879284285
dMean__Colonocyte_ct_all/OPTIM_pcs/base_output/base/cis_nominal1.cis_qtl_pairs.1.tsv,685623604,226542287,8,14856985322,2877079608
dMean__Colonocyte_ct_all/OPTIM_pcs/base_output/base/cis_nominal1.cis_qtl_pairs.20.tsv,197890250,65748747,8,15083527748,538199396
dMean__Colonocyte_ct_all/OPTIM_pcs/base_output/base/Cis_eqtls_independent.tsv,2644271,1079180,8,15149276635,1330185326
dMean__Colonocyte_ct_all/OPTIM_pcs/base_output/base/cis_nominal1.cis_qtl_pairs.12.tsv,407335374,133339990,8,15150355947,676652116
dMean__Colonocyte_ct_all/OPTIM_pcs/base_output/base/cis_nominal1.cis_qtl_pairs.18.tsv,142384871,47134858,8,15283696077,4251194946
dMean__Colonocyte_ct_all/OPTIM_pcs/base_output/base/cis_nominal1.cis_qtl_pairs.13.tsv,148867962,48874217,8,15330831075,2757702525
dMean__Epithelial_27_ti_all/OPTIM_pcs/base_output/base/cis_nominal1.cis_qtl_pairs.3.tsv,231823184,74533280,8,15379705432,3066024192
dMean__Epithelial_27_ti_all/OPTIM_pcs/base_output/base/cis_nominal1.cis_qtl_pairs.15.tsv,132817500,43125560,8,15454238854,4218681666
dMean__Epithelial_27_ti_all/OPTIM_pcs/base_output/base/cis_nominal1.cis_qtl_pairs.16.tsv,181764141,59865551,8,15497364557,1853034995
dMean__Epithelial_27_ti_all/OPTIM_pcs/base_output/base/cis_nominal1.cis_qtl_pairs.4.tsv,175155435,55914000,8,15557230251,3792302753
dMean__Epithelial_27_ti_all/OPTIM_pcs/base_output/base/cis_nominal1.cis_qtl_pairs.21.tsv,48247085,15695615,8,15613144393,1446405133
dMean__Epithelial_27_ti_all/OPTIM_pcs/base_output/base/cis_nominal1.cis_qtl_pairs.7.tsv,215130706,69783865,8,15628840151,1795750804
dMean__Epithelial_27_ti_all/OPTIM_pcs/base_output/base/cis_nominal1.cis_qtl_pairs.22.tsv,95127258,31023301,8,15698624158,394083623
dMean__Epithelial_27_ti_all/OPTIM_pcs/base_output/base/cis_nominal1.cis_qtl_pairs.11.tsv,240604494,77171751,8,15729647602,3216297961
dMean__Epithelial_27_ti_all/OPTIM_pcs/base_output/base/cis_nominal1.cis_qtl_pairs.6.tsv,286859946,85848576,8,15806819496,4205151453
dMean__Epithelial_27_ti_all/OPTIM_pcs/base_output/base/cis_nominal1.cis_qtl_pairs.2.tsv,268460394,86956883,8,15892668214,278866898
dMean__Epithelial_27_ti_all/OPTIM_pcs/base_output/base/cis_nominal1.cis_qtl_pairs.17.tsv,232772017,75892319,8,15979625239,2541977468
dMean__Epithelial_27_ti_all/OPTIM_pcs/base_output/base/Cis_eqtls_qval.tsv,2581463,1086842,8,16055517701,821964818
dMean__Epithelial_27_ti_all/OPTIM_pcs/base_output/base/cis_nominal1.cis_qtl_pairs.5.tsv,187897970,60555967,8,16056604671,412746961
dMean__Epithelial_27_ti_all/OPTIM_pcs/base_output/base/cis_nominal1.cis_qtl_pairs.9.tsv,173509544,56645940,8,16117160780,986809572
dMean__Epithelial_27_ti_all/OPTIM_pcs/base_output/base/cis_nominal1.cis_qtl_pairs.19.tsv,310822890,101412016,8,16173806862,3553631457
dMean__Epithelial_27_ti_all/OPTIM_pcs/base_output/base/cis_nominal1.cis_qtl_pairs.10.tsv,176384569,56248860,8,16275219021,2182562294
dMean__Epithelial_27_ti_all/OPTIM_pcs/base_output/base/cis_nominal1.cis_qtl_pairs.8.tsv,150544057,48810400,8,16331468024,1106946345
dMean__Epithelial_27_ti_all/OPTIM_pcs/base_output/base/cis_nominal1.cis_qtl_pairs.14.tsv,152745264,49255910,8,16380278566,2550614542
dMean__Epithelial_27_ti_all/OPTIM_pcs/base_output/base/cis_nominal1.cis_qtl_pairs.1.tsv,382408387,123141868,8,16429534619,3138030337
dMean__Epithelial_27_ti_all/OPTIM_pcs/base_output/base/cis_nominal1.cis_qtl_pairs.20.tsv,115118069,37405748,8,16552676629,2624498350
dMean__Epithelial_27_ti_all/OPTIM_pcs/base_output/base/Cis_eqtls_independent.tsv,10067,4503,8,16590082520,2109648905
dMean__Epithelial_27_ti_all/OPTIM_pcs/base_output/base/cis_nominal1.cis_qtl_pairs.12.tsv,217157082,69313309,8,16590087158,2642717117
dMean__Epithelial_27_ti_all/OPTIM_pcs/base_output/base/cis_nominal1.cis_qtl_pairs.18.tsv,67852093,21952275,8,16659400610,3405112893
dMean__Epithelial_27_ti_all/OPTIM_pcs/base_output/base/cis_nominal1.cis_qtl_pairs.13.tsv,79974993,25670959,8,16681353028,2891087875
dMean__Epithelial_12_ti_all/OPTIM_pcs/base_output/base/cis_nominal1.cis_qtl_pairs.3.tsv,321899769,106898855,8,16707024130,2713831045
dMean__Epithelial_12_ti_all/OPTIM_pcs/base_output/base/cis_nominal1.cis_qtl_pairs.15.tsv,188258382,62837597,8,16813923127,1332635888
dMean__Epithelial_12_ti_all/OPTIM_pcs/base_output/base/cis_nominal1.cis_qtl_pairs.16.tsv,274863749,92868625,8,16876760867,2082981893
dMean__Epithelial_12_ti_all/OPTIM_pcs/base_output/base/cis_nominal1.cis_qtl_pairs.4.tsv,238429235,78819587,8,16969629635,2017254079
dMean__Epithelial_12_ti_all/OPTIM_pcs/base_output/base/cis_nominal1.cis_qtl_pairs.21.tsv,70569093,23597272,8,17048449364,2522385321
dMean__Epithelial_12_ti_all/OPTIM_pcs/base_output/base/cis_nominal1.cis_qtl_pairs.7.tsv,289971539,97022922,8,17072046779,2928299859
dMean__Epithelial_12_ti_all/OPTIM_pcs/base_output/base/cis_nominal1.cis_qtl_pairs.22.tsv,131847662,44098831,8,17169069843,1544979162
dMean__Epithelial_12_ti_all/OPTIM_pcs/base_output/base/cis_nominal1.cis_qtl_pairs.11.tsv,314724024,104141581,8,17213168817,769452453
dMean__Epithelial_12_ti_all/OPTIM_pcs/base_output/base/cis_nominal1.cis_qtl_pairs.6.tsv,415249413,131000887,8,17317310541,3334449262
dMean__Epithelial_12_ti_all/OPTIM_pcs/base_output/base/cis_nominal1.cis_qtl_pairs.2.tsv,379553037,126616707,8,17448311570,1925621027
dMean__Epithelial_12_ti_all/OPTIM_pcs/base_output/base/cis_nominal1.cis_qtl_pairs.17.tsv,329254156,110229890,8,17574928419,1016208326
dMean__Epithelial_12_ti_all/OPTIM_pcs/base_output/base/Cis_eqtls_qval.tsv,3591215,1549403,8,17685158452,791504183
dMean__Epithelial_12_ti_all/OPTIM_pcs/base_output/base/cis_nominal1.cis_qtl_pairs.5.tsv,264890088,88103186,8,17686707983,3727546445
dMean__Epithelial_12_ti_all/OPTIM_pcs/base_output/base/cis_nominal1.cis_qtl_pairs.9.tsv,236012464,79347206,8,17774811311,2068876993
dMean__Epithelial_12_ti_all/OPTIM_pcs/base_output/base/cis_nominal1.cis_qtl_pairs.19.tsv,450521668,150839246,8,17854158659,3104253841
dMean__Epithelial_12_ti_all/OPTIM_pcs/base_output/base/cis_nominal1.cis_qtl_pairs.10.tsv,235502859,77500158,8,18004998048,4142626652
dMean__Epithelial_12_ti_all/OPTIM_pcs/base_output/base/cis_nominal1.cis_qtl_pairs.8.tsv,211650819,70825505,8,18082498349,875205966
dMean__Epithelial_12_ti_all/OPTIM_pcs/base_output/base/cis_nominal1.cis_qtl_pairs.14.tsv,214660040,71300285,8,18153323996,102273816
dMean__Epithelial_12_ti_all/OPTIM_pcs/base_output/base/cis_nominal1.cis_qtl_pairs.1.tsv,530518124,176415605,8,18224624424,2248113743
dMean__Epithelial_12_ti_all/OPTIM_pcs/base_output/base/cis_nominal1.cis_qtl_pairs.20.tsv,152507437,50950665,8,18401040171,1582502735
dMean__Epithelial_12_ti_all/OPTIM_pcs/base_output/base/Cis_eqtls_independent.tsv,551583,226465,8,18451990979,438756553
dMean__Epithelial_12_ti_all/OPTIM_pcs/base_output/base/cis_nominal1.cis_qtl_pairs.12.tsv,307648667,101475409,8,18452217579,2316884155
dMean__Epithelial_12_ti_all/OPTIM_pcs/base_output/base/cis_nominal1.cis_qtl_pairs.18.tsv,102140713,34065919,8,18553693131,644462533
dMean__Epithelial_12_ti_all/OPTIM_pcs/base_output/base/cis_nominal1.cis_qtl_pairs.13.tsv,109134619,36157406,8,18587759193,226226635
dMean__Epithelial_6_ti_all/OPTIM_pcs/base_output/base/cis_nominal1.cis_qtl_pairs.3.tsv,305855333,101751610,8,18623916742,3893377454
dMean__Epithelial_6_ti_all/OPTIM_pcs/base_output/base/cis_nominal1.cis_qtl_pairs.15.tsv,173111709,57907580,8,18725668493,1659995485
dMean__Epithelial_6_ti_all/OPTIM_pcs/base_output/base/cis_nominal1.cis_qtl_pairs.16.tsv,247190331,83672996,8,18783576215,3887082900
dMean__Epithelial_6_ti_all/OPTIM_pcs/base_output/base/cis_nominal1.cis_qtl_pairs.4.tsv,220613628,73172268,8,18867249353,988542767
dMean__Epithelial_6_ti_all/OPTIM_pcs/base_output/base/cis_nominal1.cis_qtl_pairs.21.tsv,64446095,21583801,8,18940421762,626091291
dMean__Epithelial_6_ti_all/OPTIM_pcs/base_output/base/cis_nominal1.cis_qtl_pairs.7.tsv,271479906,91024786,8,18962005705,3035898601
dMean__Epithelial_6_ti_all/OPTIM_pcs/base_output/base/cis_nominal1.cis_qtl_pairs.22.tsv,123996641,41533985,8,19053030632,40128240
dMean__Epithelial_6_ti_all/OPTIM_pcs/base_output/base/cis_nominal1.cis_qtl_pairs.11.tsv,299001702,99193990,8,19094564759,4037789669
dMean__Epithelial_6_ti_all/OPTIM_pcs/base_output/base/cis_nominal1.cis_qtl_pairs.6.tsv,376070092,119626242,8,19193758891,853504485
dMean__Epithelial_6_ti_all/OPTIM_pcs/base_output/base/cis_nominal1.cis_qtl_pairs.2.tsv,345021326,115355524,8,19313385274,3191642053
dMean__Epithelial_6_ti_all/OPTIM_pcs/base_output/base/cis_nominal1.cis_qtl_pairs.17.tsv,307380958,103050199,8,19428740939,3591153026
dMean__Epithelial_6_ti_all/OPTIM_pcs/base_output/base/Cis_eqtls_qval.tsv,3321108,1431076,8,19531791280,3831566668
dMean__Epithelial_6_ti_all/OPTIM_pcs/base_output/base/cis_nominal1.cis_qtl_pairs.5.tsv,242651915,80907045,8,19533222483,278034733
dMean__Epithelial_6_ti_all/OPTIM_pcs/base_output/base/cis_nominal1.cis_qtl_pairs.9.tsv,219341708,73896202,8,19614129669,588112949
dMean__Epithelial_6_ti_all/OPTIM_pcs/base_output/base/cis_nominal1.cis_qtl_pairs.19.tsv,406312498,136335923,8,19688026012,157953005
dMean__Epithelial_6_ti_all/OPTIM_pcs/base_output/base/cis_nominal1.cis_qtl_pairs.10.tsv,220913997,72926634,8,19824362077,2317413548
dMean__Epithelial_6_ti_all/OPTIM_pcs/base_output/base/cis_nominal1.cis_qtl_pairs.8.tsv,191192480,64106185,8,19897288853,2689249110
dMean__Epithelial_6_ti_all/OPTIM_pcs/base_output/base/cis_nominal1.cis_qtl_pairs.14.tsv,199822281,66511174,8,19961395179,3235941480
dMean__Epithelial_6_ti_all/OPTIM_pcs/base_output/base/cis_nominal1.cis_qtl_pairs.1.tsv,487891360,162580638,8,20027906495,3643163659
dMean__Epithelial_6_ti_all/OPTIM_pcs/base_output/base/cis_nominal1.cis_qtl_pairs.20.tsv,143618926,48112938,8,20190487274,2077445948
dMean__Epithelial_6_ti_all/OPTIM_pcs/base_output/base/Cis_eqtls_independent.tsv,435452,178586,8,20238600354,3814933674
dMean__Epithelial_6_ti_all/OPTIM_pcs/base_output/base/cis_nominal1.cis_qtl_pairs.12.tsv,286360568,94640134,8,20238779074,3490505056
dMean__Epithelial_6_ti_all/OPTIM_pcs/base_output/base/cis_nominal1.cis_qtl_pairs.18.tsv,96256455,32180688,8,20333419350,216226975
dMean__Epithelial_6_ti_all/OPTIM_pcs/base_output/base/cis_nominal1.cis_qtl_pairs.13.tsv,103253352,34294791,8,20365600180,590112641
dMean__Myeloid_8_ti_all/OPTIM_pcs/base_output/base/cis_nominal1.cis_qtl_pairs.3.tsv,251944664,82454024,8,20399895113,1735343946
dMean__Myeloid_8_ti_all/OPTIM_pcs/base_output/base/cis_nominal1.cis_qtl_pairs.15.tsv,137350714,45279945,8,20482349275,3878815455
dMean__Myeloid_8_ti_all/OPTIM_pcs/base_output/base/cis_nominal1.cis_qtl_pairs.16.tsv,202640378,67791187,8,20527629359,820948206
dMean__Myeloid_8_ti_all/OPTIM_pcs/base_output/base/cis_nominal1.cis_qtl_pairs.4.tsv,182305713,59404663,8,20595420685,21705956
dMean__Myeloid_8_ti_all/OPTIM_pcs/base_output/base/cis_nominal1.cis_qtl_pairs.21.tsv,52267906,17282106,8,20654825486,62699153
dMean__Myeloid_8_ti_all/OPTIM_pcs/base_output/base/cis_nominal1.cis_qtl_pairs.7.tsv,221385673,73114045,8,20672107731,4096144876
dMean__Myeloid_8_ti_all/OPTIM_pcs/base_output/base/cis_nominal1.cis_qtl_pairs.22.tsv,105630831,34939505,8,20745221914,3243639001
dMean__Myeloid_8_ti_all/OPTIM_pcs/base_output/base/cis_nominal1.cis_qtl_pairs.11.tsv,243721392,79572407,8,20780161558,3525446955
dMean__Myeloid_8_ti_all/OPTIM_pcs/base_output/base/cis_nominal1.cis_qtl_pairs.6.tsv,336603039,103072896,8,20859734104,2756897442
dMean__Myeloid_8_ti_all/OPTIM_pcs/base_output/base/cis_nominal1.cis_qtl_pairs.2.tsv,293495329,96712924,8,20962807138,3222073013
dMean__Myeloid_8_ti_all/OPTIM_pcs/base_output/base/cis_nominal1.cis_qtl_pairs.17.tsv,261986685,86726256,8,21059520200,1915044350
dMean__Myeloid_8_ti_all/OPTIM_pcs/base_output/base/Cis_eqtls_qval.tsv,2796981,1191701,8,21146246595,4024658416
dMean__Myeloid_8_ti_all/OPTIM_pcs/base_output/base/cis_nominal1.cis_qtl_pairs.5.tsv,197435473,64779802,8,21147438420,562869331
dMean__Myeloid_8_ti_all/OPTIM_pcs/base_output/base/cis_nominal1.cis_qtl_pairs.9.tsv,177839538,59005161,8,21212218360,1548811227
dMean__Myeloid_8_ti_all/OPTIM_pcs/base_output/base/cis_nominal1.cis_qtl_pairs.19.tsv,376805946,124713638,8,21271223659,2620431325
dMean__Myeloid_8_ti_all/OPTIM_pcs/base_output/base/cis_nominal1.cis_qtl_pairs.10.tsv,187938300,61002476,8,21395937436,1276621792
dMean__Myeloid_8_ti_all/OPTIM_pcs/base_output/base/cis_nominal1.cis_qtl_pairs.8.tsv,148186121,48859353,8,21456940051,3532867416
dMean__Myeloid_8_ti_all/OPTIM_pcs/base_output/base/cis_nominal1.cis_qtl_pairs.14.tsv,166084169,54427978,8,21505799542,1154052153
dMean__Myeloid_8_ti_all/OPTIM_pcs/base_output/base/cis_nominal1.cis_qtl_pairs.1.tsv,409512429,133958206,8,21560227659,2646182354
dMean__Myeloid_8_ti_all/OPTIM_pcs/base_output/base/cis_nominal1.cis_qtl_pairs.20.tsv,122442057,40397105,8,21694186003,4098467696
dMean__Myeloid_8_ti_all/OPTIM_pcs/base_output/base/Cis_eqtls_independent.tsv,58942,24950,8,21734583247,3653603836
dMean__Myeloid_8_ti_all/OPTIM_pcs/base_output/base/cis_nominal1.cis_qtl_pairs.12.tsv,254653905,82720811,8,21734608328,1562068516
dMean__Myeloid_8_ti_all/OPTIM_pcs/base_output/base/cis_nominal1.cis_qtl_pairs.18.tsv,73196389,24099672,8,21817329278,342999392
dMean__Myeloid_8_ti_all/OPTIM_pcs/base_output/base/cis_nominal1.cis_qtl_pairs.13.tsv,88248649,28794431,8,21841429089,1623871014
dMean__B_4_ct_all/OPTIM_pcs/base_output/base/cis_nominal1.cis_qtl_pairs.3.tsv,265331040,87356013,8,21870223659,533344704
dMean__B_4_ct_all/OPTIM_pcs/base_output/base/cis_nominal1.cis_qtl_pairs.15.tsv,146652506,48632114,8,21957579804,1203711880
dMean__B_4_ct_all/OPTIM_pcs/base_output/base/cis_nominal1.cis_qtl_pairs.16.tsv,219173311,73683419,8,22006212051,1823760150
dMean__B_4_ct_all/OPTIM_pcs/base_output/base/cis_nominal1.cis_qtl_pairs.4.tsv,192568368,63296339,8,22079895603,2241296488
dMean__B_4_ct_all/OPTIM_pcs/base_output/base/cis_nominal1.cis_qtl_pairs.21.tsv,59375986,19723555,8,22143192074,826127680
dMean__B_4_ct_all/OPTIM_pcs/base_output/base/cis_nominal1.cis_qtl_pairs.7.tsv,229911963,76246681,8,22162915762,2402888100
dMean__B_4_ct_all/OPTIM_pcs/base_output/base/cis_nominal1.cis_qtl_pairs.22.tsv,126785583,42172755,8,22239162575,3432551586
dMean__B_4_ct_all/OPTIM_pcs/base_output/base/cis_nominal1.cis_qtl_pairs.11.tsv,255837702,84087009,8,22281335463,1529485552
dMean__B_4_ct_all/OPTIM_pcs/base_output/base/cis_nominal1.cis_qtl_pairs.6.tsv,364540282,112935485,8,22365422605,1002236089
dMean__B_4_ct_all/OPTIM_pcs/base_output/base/cis_nominal1.cis_qtl_pairs.2.tsv,318295984,105487457,8,22478358222,4003054458
dMean__B_4_ct_all/OPTIM_pcs/base_output/base/cis_nominal1.cis_qtl_pairs.17.tsv,281042823,93440414,8,22583845811,3163965070
dMean__B_4_ct_all/OPTIM_pcs/base_output/base/Cis_eqtls_qval.tsv,3022771,1295131,8,22677286358,1993953999
dMean__B_4_ct_all/OPTIM_pcs/base_output/base/cis_nominal1.cis_qtl_pairs.5.tsv,213926950,70669144,8,22678581607,1478645833
dMean__B_4_ct_all/OPTIM_pcs/base_output/base/cis_nominal1.cis_qtl_pairs.9.tsv,185263830,61872461,8,22749250883,1391017457
dMean__B_4_ct_all/OPTIM_pcs/base_output/base/cis_nominal1.cis_qtl_pairs.19.tsv,390054926,129702113,8,22811123476,3900529219
dMean__B_4_ct_all/OPTIM_pcs/base_output/base/cis_nominal1.cis_qtl_pairs.10.tsv,187531753,61222762,8,22940825722,2769865092
dMean__B_4_ct_all/OPTIM_pcs/base_output/base/cis_nominal1.cis_qtl_pairs.8.tsv,171673542,56985865,8,23002048617,3729946480
dMean__B_4_ct_all/OPTIM_pcs/base_output/base/cis_nominal1.cis_qtl_pairs.14.tsv,186709525,61632881,8,23059034614,1649448693
dMean__B_4_ct_all/OPTIM_pcs/base_output/base/cis_nominal1.cis_qtl_pairs.1.tsv,446817112,147305328,8,23120667628,2317311275
dMean__B_4_ct_all/OPTIM_pcs/base_output/base/cis_nominal1.cis_qtl_pairs.20.tsv,136498569,45336641,8,23267973088,2093966999
dMean__B_4_ct_all/OPTIM_pcs/base_output/base/Cis_eqtls_independent.tsv,120019,49875,8,23313309862,3582778698
dMean__B_4_ct_all/OPTIM_pcs/base_output/base/cis_nominal1.cis_qtl_pairs.12.tsv,278935706,91216836,8,23313359862,3968981821
dMean__B_4_ct_all/OPTIM_pcs/base_output/base/cis_nominal1.cis_qtl_pairs.18.tsv,75332284,24892703,8,23404576831,966146562
dMean__B_4_ct_all/OPTIM_pcs/base_output/base/cis_nominal1.cis_qtl_pairs.13.tsv,90012338,29570238,8,23429469667,3317927585
dMean__Epithelial_7_ti_all/OPTIM_pcs/base_output/base/cis_nominal1.cis_qtl_pairs.3.tsv,344376446,114080747,8,23459040038,2452195545
dMean__Epithelial_7_ti_all/OPTIM_pcs/base_output/base/cis_nominal1.cis_qtl_pairs.15.tsv,206418842,68810651,8,23573120926,243395022
dMean__Epithelial_7_ti_all/OPTIM_pcs/base_output/base/cis_nominal1.cis_qtl_pairs.16.tsv,294300768,99251251,8,23641931719,1646902041
dMean__Epithelial_7_ti_all/OPTIM_pcs/base_output/base/cis_nominal1.cis_qtl_pairs.4.tsv,258042382,85099127,8,23741183112,973607233
dMean__Epithelial_7_ti_all/OPTIM_pcs/base_output/base/cis_nominal1.cis_qtl_pairs.21.tsv,76878086,25638222,8,23826282380,1302065861
dMean__Epithelial_7_ti_all/OPTIM_pcs/base_output/base/cis_nominal1.cis_qtl_pairs.7.tsv,307460707,102565606,8,23851920744,3436124576
dMean__Epithelial_7_ti_all/OPTIM_pcs/base_output/base/cis_nominal1.cis_qtl_pairs.22.tsv,141040879,47098627,8,23954486491,238046902
dMean__Epithelial_7_ti_all/OPTIM_pcs/base_output/base/cis_nominal1.cis_qtl_pairs.11.tsv,341049443,112592911,8,24001585260,3446594064
dMean__Epithelial_7_ti_all/OPTIM_pcs/base_output/base/cis_nominal1.cis_qtl_pairs.6.tsv,451128847,141221019,8,24114178313,3952694122
dMean__Epithelial_7_ti_all/OPTIM_pcs/base_output/base/cis_nominal1.cis_qtl_pairs.2.tsv,402693034,134054677,8,24255399473,866558618
dMean__Epithelial_7_ti_all/OPTIM_pcs/base_output/base/cis_nominal1.cis_qtl_pairs.17.tsv,357449562,119323008,8,24389454291,976741549
dMean__Epithelial_7_ti_all/OPTIM_pcs/base_output/base/Cis_eqtls_qval.tsv,3856887,1666075,8,24508777441,2661100890
dMean__Epithelial_7_ti_all/OPTIM_pcs/base_output/base/cis_nominal1.cis_qtl_pairs.5.tsv,278745725,92472038,8,24510443643,1857413118
dMean__Epithelial_7_ti_all/OPTIM_pcs/base_output/base/cis_nominal1.cis_qtl_pairs.9.tsv,247804534,83115390,8,24602915822,3195294496
dMean__Epithelial_7_ti_all/OPTIM_pcs/base_output/base/cis_nominal1.cis_qtl_pairs.19.tsv,476802890,159340434,8,24686031353,1997020833
dMean__Epithelial_7_ti_all/OPTIM_pcs/base_output/base/cis_nominal1.cis_qtl_pairs.10.tsv,251933597,82742847,8,24845371929,2574714721
dMean__Epithelial_7_ti_all/OPTIM_pcs/base_output/base/cis_nominal1.cis_qtl_pairs.8.tsv,228758610,76374910,8,24928114918,993331483
dMean__Epithelial_7_ti_all/OPTIM_pcs/base_output/base/cis_nominal1.cis_qtl_pairs.14.tsv,226917118,75215544,8,25004489969,1663707836
dMean__Epithelial_7_ti_all/OPTIM_pcs/base_output/base/cis_nominal1.cis_qtl_pairs.1.tsv,567215729,188157885,8,25079705655,1063944381
dMean__Epithelial_7_ti_all/OPTIM_pcs/base_output/base/cis_nominal1.cis_qtl_pairs.20.tsv,163402159,54486009,8,25267863681,327074547
dMean__Epithelial_7_ti_all/OPTIM_pcs/base_output/base/Cis_eqtls_independent.tsv,1030834,422311,8,25322349832,2298130309
dMean__Epithelial_7_ti_all/OPTIM_pcs/base_output/base/cis_nominal1.cis_qtl_pairs.12.tsv,329758830,108488273,8,25322772277,1929352175
dMean__Epithelial_7_ti_all/OPTIM_pcs/base_output/base/cis_nominal1.cis_qtl_pairs.18.tsv,113618974,37816539,8,25431260692,3113881654
dMean__Epithelial_7_ti_all/OPTIM_pcs/base_output/base/cis_nominal1.cis_qtl_pairs.13.tsv,118869971,39293703,8,25469077373,2644249372
dMean__Epithelial_22_ct_all/OPTIM_pcs/base_output/base/cis_nominal1.cis_qtl_pairs.3.tsv,280547727,91782542,8,25508371218,1053303003
dMean__Epithelial_22_ct_all/OPTIM_pcs/base_output/base/cis_nominal1.cis_qtl_pairs.15.tsv,161351074,53212096,8,25600153902,2036685006
dMean__Epithelial_22_ct_all/OPTIM_pcs/base_output/base/cis_nominal1.cis_qtl_pairs.16.tsv,236851355,79157623,8,25653366141,459921378
dMean__Epithelial_22_ct_all/OPTIM_pcs/base_output/base/cis_nominal1.cis_qtl_pairs.4.tsv,209416521,68173772,8,25732523907,2822927119
dMean__Epithelial_22_ct_all/OPTIM_pcs/base_output/base/cis_nominal1.cis_qtl_pairs.21.tsv,56772536,18743552,8,25800697821,2193708824
dMean__Epithelial_22_ct_all/OPTIM_pcs/base_output/base/cis_nominal1.cis_qtl_pairs.7.tsv,252952194,83449001,8,25819441516,1320549702
dMean__Epithelial_22_ct_all/OPTIM_pcs/base_output/base/cis_nominal1.cis_qtl_pairs.22.tsv,114905965,37970797,8,25902890659,2383183582
dMean__Epithelial_22_ct_all/OPTIM_pcs/base_output/base/cis_nominal1.cis_qtl_pairs.11.tsv,285351555,93282068,8,25940861599,536800538
dMean__Epithelial_22_ct_all/OPTIM_pcs/base_output/base/cis_nominal1.cis_qtl_pairs.6.tsv,359319057,110521128,8,26034143810,1098031129
dMean__Epithelial_22_ct_all/OPTIM_pcs/base_output/base/cis_nominal1.cis_qtl_pairs.2.tsv,327016210,107607537,8,26144665080,3429203495
dMean__Epithelial_22_ct_all/OPTIM_pcs/base_output/base/cis_nominal1.cis_qtl_pairs.17.tsv,290918780,96242218,8,26252272759,2149102646
dMean__Epithelial_22_ct_all/OPTIM_pcs/base_output/base/Cis_eqtls_qval.tsv,3126771,1338029,8,26348515120,3884111855
dMean__Epithelial_22_ct_all/OPTIM_pcs/base_output/base/cis_nominal1.cis_qtl_pairs.5.tsv,225541723,74029407,8,26349853277,4259660057
dMean__Epithelial_22_ct_all/OPTIM_pcs/base_output/base/cis_nominal1.cis_qtl_pairs.9.tsv,209528514,69514190,8,26423882826,1013771937
dMean__Epithelial_22_ct_all/OPTIM_pcs/base_output/base/cis_nominal1.cis_qtl_pairs.19.tsv,393146318,130058439,8,26493397158,2620292417
dMean__Epithelial_22_ct_all/OPTIM_pcs/base_output/base/cis_nominal1.cis_qtl_pairs.10.tsv,201017196,65140804,8,26623455740,3095851854
dMean__Epithelial_22_ct_all/OPTIM_pcs/base_output/base/cis_nominal1.cis_qtl_pairs.8.tsv,178152249,58782419,8,26688596687,1824728629
dMean__Epithelial_22_ct_all/OPTIM_pcs/base_output/base/cis_nominal1.cis_qtl_pairs.14.tsv,195229587,63985991,8,26747379248,3842605472
dMean__Epithelial_22_ct_all/OPTIM_pcs/base_output/base/cis_nominal1.cis_qtl_pairs.1.tsv,452122844,148131441,8,26811365382,1753933946
dMean__Epithelial_22_ct_all/OPTIM_pcs/base_output/base/cis_nominal1.cis_qtl_pairs.20.tsv,136224073,44968051,8,26959496965,3770784524
dMean__Epithelial_22_ct_all/OPTIM_pcs/base_output/base/Cis_eqtls_independent.tsv,126813,52594,8,27004465159,3650361035
dMean__Epithelial_22_ct_all/OPTIM_pcs/base_output/base/cis_nominal1.cis_qtl_pairs.12.tsv,260623924,84657040,8,27004517888,4274174445
dMean__Epithelial_22_ct_all/OPTIM_pcs/base_output/base/cis_nominal1.cis_qtl_pairs.18.tsv,81148680,26644442,8,27089175071,1810274595
dMean__Epithelial_22_ct_all/OPTIM_pcs/base_output/base/cis_nominal1.cis_qtl_pairs.13.tsv,94627880,30837945,8,27115819656,648349222
dMean__T_8_ct_all/OPTIM_pcs/base_output/base/cis_nominal1.cis_qtl_pairs.3.tsv,298904574,93940898,8,27146657744,2680321781
dMean__T_8_ct_all/OPTIM_pcs/base_output/base/cis_nominal1.cis_qtl_pairs.15.tsv,173574080,55391219,8,27240598774,2158566225
dMean__T_8_ct_all/OPTIM_pcs/base_output/base/cis_nominal1.cis_qtl_pairs.16.tsv,255737220,82934416,8,27295990126,2385752402
dMean__T_8_ct_all/OPTIM_pcs/base_output/base/cis_nominal1.cis_qtl_pairs.4.tsv,215300235,67318653,8,27378924675,3706304595
dMean__T_8_ct_all/OPTIM_pcs/base_output/base/cis_nominal1.cis_qtl_pairs.21.tsv,66920486,21353736,8,27446243460,3079661910
dMean__T_8_ct_all/OPTIM_pcs/base_output/base/cis_nominal1.cis_qtl_pairs.7.tsv,274400069,86957839,8,27467597329,743437279
dMean__T_8_ct_all/OPTIM_pcs/base_output/base/cis_nominal1.cis_qtl_pairs.22.tsv,132807658,42619863,8,27554555300,756622964
dMean__T_8_ct_all/OPTIM_pcs/base_output/base/cis_nominal1.cis_qtl_pairs.11.tsv,298968290,93896166,8,27597175296,2873733795
dMean__T_8_ct_all/OPTIM_pcs/base_output/base/cis_nominal1.cis_qtl_pairs.6.tsv,412196970,118327689,8,27691071595,668819307
dMean__T_8_ct_all/OPTIM_pcs/base_output/base/cis_nominal1.cis_qtl_pairs.2.tsv,359570136,114174650,8,27809399416,1710487201
dMean__T_8_ct_all/OPTIM_pcs/base_output/base/cis_nominal1.cis_qtl_pairs.17.tsv,332039310,106242018,8,27923574198,3543985812
dMean__T_8_ct_all/OPTIM_pcs/base_output/base/Cis_eqtls_qval.tsv,3502235,1499160,8,28029816349,3576651933
dMean__T_8_ct_all/OPTIM_pcs/base_output/base/cis_nominal1.cis_qtl_pairs.5.tsv,252185620,79461451,8,28031315627,2926307189
dMean__T_8_ct_all/OPTIM_pcs/base_output/base/cis_nominal1.cis_qtl_pairs.9.tsv,211051943,67709274,8,28110777210,679665161
dMean__T_8_ct_all/OPTIM_pcs/base_output/base/cis_nominal1.cis_qtl_pairs.19.tsv,466240686,149377944,8,28178486616,2788995140
dMean__T_8_ct_all/OPTIM_pcs/base_output/base/cis_nominal1.cis_qtl_pairs.10.tsv,224095756,69849970,8,28327864693,4019792274
dMean__T_8_ct_all/OPTIM_pcs/base_output/base/cis_nominal1.cis_qtl_pairs.8.tsv,195024518,62009000,8,28397714796,4164404083
dMean__T_8_ct_all/OPTIM_pcs/base_output/base/cis_nominal1.cis_qtl_pairs.14.tsv,222259466,70249823,8,28459723928,1743821122
dMean__T_8_ct_all/OPTIM_pcs/base_output/base/cis_nominal1.cis_qtl_pairs.1.tsv,513232321,161531206,8,28529973884,3792275509
dMean__T_8_ct_all/OPTIM_pcs/base_output/base/cis_nominal1.cis_qtl_pairs.20.tsv,143274591,45557482,8,28691505222,2318834882
dMean__T_8_ct_all/OPTIM_pcs/base_output/base/Cis_eqtls_independent.tsv,98761,41136,8,28737062837,2214315672
dMean__T_8_ct_all/OPTIM_pcs/base_output/base/cis_nominal1.cis_qtl_pairs.12.tsv,308931515,96446330,8,28737104098,3581515389
dMean__T_8_ct_all/OPTIM_pcs/base_output/base/cis_nominal1.cis_qtl_pairs.18.tsv,95393509,30270741,8,28833550561,225224421
dMean__T_8_ct_all/OPTIM_pcs/base_output/base/cis_nominal1.cis_qtl_pairs.13.tsv,102047322,31990653,8,28863821435,3813924757
dMean__Mesenchymal_2_ti_all/OPTIM_pcs/base_output/base/cis_nominal1.cis_qtl_pairs.3.tsv,222656138,70469031,8,28895812221,2529758684
dMean__Mesenchymal_2_ti_all/OPTIM_pcs/base_output/base/cis_nominal1.cis_qtl_pairs.15.tsv,117606466,37716579,8,28966281394,1180948636
dMean__Mesenchymal_2_ti_all/OPTIM_pcs/base_output/base/cis_nominal1.cis_qtl_pairs.16.tsv,162206009,52979931,8,29003998116,2476806447
dMean__Mesenchymal_2_ti_all/OPTIM_pcs/base_output/base/cis_nominal1.cis_qtl_pairs.4.tsv,168978023,53268056,8,29056978190,325552300
dMean__Mesenchymal_2_ti_all/OPTIM_pcs/base_output/base/cis_nominal1.cis_qtl_pairs.21.tsv,43517405,13930873,8,29110246388,2809597658
dMean__Mesenchymal_2_ti_all/OPTIM_pcs/base_output/base/cis_nominal1.cis_qtl_pairs.7.tsv,188931925,60290764,8,29124177404,1089826278
dMean__Mesenchymal_2_ti_all/OPTIM_pcs/base_output/base/cis_nominal1.cis_qtl_pairs.22.tsv,83379000,26868146,8,29184468310,370716639
dMean__Mesenchymal_2_ti_all/OPTIM_pcs/base_output/base/cis_nominal1.cis_qtl_pairs.11.tsv,218760975,68978707,8,29211336599,27936963
dMean__Mesenchymal_2_ti_all/OPTIM_pcs/base_output/base/cis_nominal1.cis_qtl_pairs.6.tsv,281793667,82896199,8,29280315449,4099735484
dMean__Mesenchymal_2_ti_all/OPTIM_pcs/base_output/base/cis_nominal1.cis_qtl_pairs.2.tsv,269471801,86060019,8,29363211790,2746007459
dMean__Mesenchymal_2_ti_all/OPTIM_pcs/base_output/base/cis_nominal1.cis_qtl_pairs.17.tsv,210521035,67599394,8,29449271951,3862155311
dMean__Mesenchymal_2_ti_all/OPTIM_pcs/base_output/base/Cis_eqtls_qval.tsv,2422133,998656,8,29516871488,673243184
dMean__Mesenchymal_2_ti_all/OPTIM_pcs/base_output/base/cis_nominal1.cis_qtl_pairs.5.tsv,190059484,60362012,8,29517870272,4292740930
dMean__Mesenchymal_2_ti_all/OPTIM_pcs/base_output/base/cis_nominal1.cis_qtl_pairs.9.tsv,162657763,52364053,8,29578232426,2614012345
dMean__Mesenchymal_2_ti_all/OPTIM_pcs/base_output/base/cis_nominal1.cis_qtl_pairs.19.tsv,270656079,87195600,8,29630596621,172463391
dMean__Mesenchymal_2_ti_all/OPTIM_pcs/base_output/base/cis_nominal1.cis_qtl_pairs.10.tsv,170423112,53430301,8,29717792364,920364478
dMean__Mesenchymal_2_ti_all/OPTIM_pcs/base_output/base/cis_nominal1.cis_qtl_pairs.8.tsv,142455034,45569634,8,29771222808,2901127958
dMean__Mesenchymal_2_ti_all/OPTIM_pcs/base_output/base/cis_nominal1.cis_qtl_pairs.14.tsv,149104982,47425162,8,29816792584,2502950736
dMean__Mesenchymal_2_ti_all/OPTIM_pcs/base_output/base/cis_nominal1.cis_qtl_pairs.1.tsv,340954377,108131815,8,29864217889,703044451
dMean__Mesenchymal_2_ti_all/OPTIM_pcs/base_output/base/cis_nominal1.cis_qtl_pairs.20.tsv,102850683,32937509,8,29972349846,1242802187
dMean__Mesenchymal_2_ti_all/OPTIM_pcs/base_output/base/Cis_eqtls_independent.tsv,1236,644,8,30005287498,96754376
dMean__Mesenchymal_2_ti_all/OPTIM_pcs/base_output/base/cis_nominal1.cis_qtl_pairs.12.tsv,215672378,67825293,8,30005288277,1072161962
dMean__Mesenchymal_2_ti_all/OPTIM_pcs/base_output/base/cis_nominal1.cis_qtl_pairs.18.tsv,66609030,21333515,8,30073113713,3371982844
dMean__Mesenchymal_2_ti_all/OPTIM_pcs/base_output/base/cis_nominal1.cis_qtl_pairs.13.tsv,78321151,24731081,8,30094447371,2895837292
dMean__T_20_r_all/OPTIM_pcs/base_output/base/cis_nominal1.cis_qtl_pairs.3.tsv,182961938,58686884,8,30119178595,1848759186
dMean__T_20_r_all/OPTIM_pcs/base_output/base/cis_nominal1.cis_qtl_pairs.15.tsv,97937227,31748547,8,30177865611,3923999030
dMean__T_20_r_all/OPTIM_pcs/base_output/base/cis_nominal1.cis_qtl_pairs.16.tsv,132652946,43753070,8,30209614291,46284662
dMean__T_20_r_all/OPTIM_pcs/base_output/base/cis_nominal1.cis_qtl_pairs.4.tsv,142831589,45623075,8,30253367494,1122969363
dMean__T_20_r_all/OPTIM_pcs/base_output/base/cis_nominal1.cis_qtl_pairs.21.tsv,39354522,12763038,8,30298990701,582157248
dMean__T_20_r_all/OPTIM_pcs/base_output/base/cis_nominal1.cis_qtl_pairs.7.tsv,167248429,54147951,8,30311753872,2300472368
dMean__T_20_r_all/OPTIM_pcs/base_output/base/cis_nominal1.cis_qtl_pairs.22.tsv,74794058,24269652,8,30365901955,107613860
dMean__T_20_r_all/OPTIM_pcs/base_output/base/cis_nominal1.cis_qtl_pairs.11.tsv,180431781,57878683,8,30390171740,3073758536
dMean__T_20_r_all/OPTIM_pcs/base_output/base/cis_nominal1.cis_qtl_pairs.6.tsv,245616323,73592495,8,30448050556,3146003033
dMean__T_20_r_all/OPTIM_pcs/base_output/base/cis_nominal1.cis_qtl_pairs.2.tsv,223902927,72492821,8,30521643183,2793171068
dMean__T_20_r_all/OPTIM_pcs/base_output/base/cis_nominal1.cis_qtl_pairs.17.tsv,176750477,57437992,8,30594136136,3901290176
dMean__T_20_r_all/OPTIM_pcs/base_output/base/Cis_eqtls_qval.tsv,2027876,838427,8,30651574261,3152270060
dMean__T_20_r_all/OPTIM_pcs/base_output/base/cis_nominal1.cis_qtl_pairs.5.tsv,152671743,49134283,8,30652412806,2360886140
dMean__T_20_r_all/OPTIM_pcs/base_output/base/cis_nominal1.cis_qtl_pairs.9.tsv,131321494,42760372,8,30701547221,708418230
dMean__T_20_r_all/OPTIM_pcs/base_output/base/cis_nominal1.cis_qtl_pairs.19.tsv,246431886,80132105,8,30744307725,1109460414
dMean__T_20_r_all/OPTIM_pcs/base_output/base/cis_nominal1.cis_qtl_pairs.10.tsv,134865369,43039433,8,30824439963,3343600010
dMean__T_20_r_all/OPTIM_pcs/base_output/base/cis_nominal1.cis_qtl_pairs.8.tsv,113387241,36633515,8,30867479529,3840293930
dMean__T_20_r_all/OPTIM_pcs/base_output/base/cis_nominal1.cis_qtl_pairs.14.tsv,118653253,38149512,8,30904113176,1423961552
dMean__T_20_r_all/OPTIM_pcs/base_output/base/cis_nominal1.cis_qtl_pairs.1.tsv,291146993,93589011,8,30942262821,2349898660
dMean__T_20_r_all/OPTIM_pcs/base_output/base/cis_nominal1.cis_qtl_pairs.20.tsv,89261482,28897480,8,31035851964,2332247477
dMean__T_20_r_all/OPTIM_pcs/base_output/base/Cis_eqtls_independent.tsv,3962,1854,8,31064749577,2223400927
dMean__T_20_r_all/OPTIM_pcs/base_output/base/cis_nominal1.cis_qtl_pairs.12.tsv,180636919,57425310,8,31064751556,1752287295
dMean__T_20_r_all/OPTIM_pcs/base_output/base/cis_nominal1.cis_qtl_pairs.18.tsv,58598273,18932416,8,31122176999,990326363
dMean__T_20_r_all/OPTIM_pcs/base_output/base/cis_nominal1.cis_qtl_pairs.13.tsv,70979232,22746192,8,31141109548,2730516752
dMean__Epithelial_16_ct_all/OPTIM_pcs/base_output/base/cis_nominal1.cis_qtl_pairs.3.tsv,333629428,110246876,8,31163855873,153339602
dMean__Epithelial_16_ct_all/OPTIM_pcs/base_output/base/cis_nominal1.cis_qtl_pairs.15.tsv,198723434,66174481,8,31274102891,2237136725
dMean__Epithelial_16_ct_all/OPTIM_pcs/base_output/base/cis_nominal1.cis_qtl_pairs.16.tsv,279525244,94144813,8,31340277515,1522081408
dMean__Epithelial_16_ct_all/OPTIM_pcs/base_output/base/cis_nominal1.cis_qtl_pairs.4.tsv,253787292,83560972,8,31434422471,965841730
dMean__Epithelial_16_ct_all/OPTIM_pcs/base_output/base/cis_nominal1.cis_qtl_pairs.21.tsv,72873696,24286148,8,31517983585,514291591
dMean__Epithelial_16_ct_all/OPTIM_pcs/base_output/base/cis_nominal1.cis_qtl_pairs.7.tsv,301783843,100508704,8,31542269876,2430294630
dMean__Epithelial_16_ct_all/OPTIM_pcs/base_output/base/cis_nominal1.cis_qtl_pairs.22.tsv,141088660,47029003,8,31642778722,1388718671
dMean__Epithelial_16_ct_all/OPTIM_pcs/base_output/base/cis_nominal1.cis_qtl_pairs.11.tsv,334094431,110158355,8,31689807868,3808626600
dMean__Epithelial_16_ct_all/OPTIM_pcs/base_output/base/cis_nominal1.cis_qtl_pairs.6.tsv,441225374,137855200,8,31799966366,3362258787
dMean__Epithelial_16_ct_all/OPTIM_pcs/base_output/base/cis_nominal1.cis_qtl_pairs.2.tsv,390661177,129784004,8,31937821708,2976608327
dMean__Epithelial_16_ct_all/OPTIM_pcs/base_output/base/cis_nominal1.cis_qtl_pairs.17.tsv,351942748,117339808,8,32067605854,1790030849
dMean__Epithelial_16_ct_all/OPTIM_pcs/base_output/base/Cis_eqtls_qval.tsv,3741269,1611340,8,32184945805,1719782581
dMean__Epithelial_16_ct_all/OPTIM_pcs/base_output/base/cis_nominal1.cis_qtl_pairs.5.tsv,272578767,90259904,8,32186557273,239292500
dMean__Epithelial_16_ct_all/OPTIM_pcs/base_output/base/cis_nominal1.cis_qtl_pairs.9.tsv,243125840,81428948,8,32276817319,2747966494
dMean__Epithelial_16_ct_all/OPTIM_pcs/base_output/base/cis_nominal1.cis_qtl_pairs.19.tsv,464688532,154929643,8,32358246409,2417189351
dMean__Epithelial_16_ct_all/OPTIM_pcs/base_output/base/cis_nominal1.cis_qtl_pairs.10.tsv,246632806,80781506,8,32513176195,4258174580
dMean__Epithelial_16_ct_all/OPTIM_pcs/base_output/base/cis_nominal1.cis_qtl_pairs.8.tsv,219965257,73355812,8,32593957844,971948044
dMean__Epithelial_16_ct_all/OPTIM_pcs/base_output/base/cis_nominal1.cis_qtl_pairs.14.tsv,224395149,74231725,8,32667313798,3873422445
dMean__Epithelial_16_ct_all/OPTIM_pcs/base_output/base/cis_nominal1.cis_qtl_pairs.1.tsv,557507982,184583505,8,32741545666,969196938
dMean__Epithelial_16_ct_all/OPTIM_pcs/base_output/base/cis_nominal1.cis_qtl_pairs.20.tsv,159170206,53000176,8,32926129313,2413227390
dMean__Epithelial_16_ct_all/OPTIM_pcs/base_output/base/Cis_eqtls_independent.tsv,432340,177540,8,32979129632,1637718932
dMean__Epithelial_16_ct_all/OPTIM_pcs/base_output/base/cis_nominal1.cis_qtl_pairs.12.tsv,314931661,103377665,8,32979307307,1249129624
dMean__Epithelial_16_ct_all/OPTIM_pcs/base_output/base/cis_nominal1.cis_qtl_pairs.18.tsv,106874482,35484780,8,33082685115,1179322258
dMean__Epithelial_16_ct_all/OPTIM_pcs/base_output/base/cis_nominal1.cis_qtl_pairs.13.tsv,115042400,37958077,8,33118170038,916172576
dMean__Myeloid_2_ti_all/OPTIM_pcs/base_output/base/cis_nominal1.cis_qtl_pairs.3.tsv,194530042,64661430,8,33156128258,3456368827
dMean__Myeloid_2_ti_all/OPTIM_pcs/base_output/base/cis_nominal1.cis_qtl_pairs.15.tsv,98585612,32907992,8,33220789826,3161451047
dMean__Myeloid_2_ti_all/OPTIM_pcs/base_output/base/cis_nominal1.cis_qtl_pairs.16.tsv,151548977,51284194,8,33253697957,1285992475
dMean__Myeloid_2_ti_all/OPTIM_pcs/base_output/base/cis_nominal1.cis_qtl_pairs.4.tsv,146653105,48638905,8,33304982290,4175399210
dMean__Myeloid_2_ti_all/OPTIM_pcs/base_output/base/cis_nominal1.cis_qtl_pairs.21.tsv,40351320,13505867,8,33353621333,890850513
dMean__Myeloid_2_ti_all/OPTIM_pcs/base_output/base/cis_nominal1.cis_qtl_pairs.7.tsv,175693373,58889371,8,33367127339,1381571654
dMean__Myeloid_2_ti_all/OPTIM_pcs/base_output/base/cis_nominal1.cis_qtl_pairs.22.tsv,84193719,28200959,8,33426016848,3671295083
dMean__Myeloid_2_ti_all/OPTIM_pcs/base_output/base/cis_nominal1.cis_qtl_pairs.11.tsv,194373597,64460906,8,33454217946,1636490988
dMean__Myeloid_2_ti_all/OPTIM_pcs/base_output/base/cis_nominal1.cis_qtl_pairs.6.tsv,271363601,85551839,8,33518678991,1918279703
dMean__Myeloid_2_ti_all/OPTIM_pcs/base_output/base/cis_nominal1.cis_qtl_pairs.2.tsv,234996190,78608321,8,33604230968,3217519063
dMean__Myeloid_2_ti_all/OPTIM_pcs/base_output/base/cis_nominal1.cis_qtl_pairs.17.tsv,204798475,68637720,8,33682839427,614530978
dMean__Myeloid_2_ti_all/OPTIM_pcs/base_output/base/Cis_eqtls_qval.tsv,2172745,921104,8,33751477286,676889883
dMean__Myeloid_2_ti_all/OPTIM_pcs/base_output/base/cis_nominal1.cis_qtl_pairs.5.tsv,159953604,53305133,8,33752398514,2004876884
dMean__Myeloid_2_ti_all/OPTIM_pcs/base_output/base/cis_nominal1.cis_qtl_pairs.9.tsv,140410560,47219909,8,33805703785,4177167624
dMean__Myeloid_2_ti_all/OPTIM_pcs/base_output/base/cis_nominal1.cis_qtl_pairs.19.tsv,267874353,90006421,8,33852923832,3546592443
dMean__Myeloid_2_ti_all/OPTIM_pcs/base_output/base/cis_nominal1.cis_qtl_pairs.10.tsv,152799150,50426864,8,33942930392,1611745220
dMean__Myeloid_2_ti_all/OPTIM_pcs/base_output/base/cis_nominal1.cis_qtl_pairs.8.tsv,118850244,39803705,8,33993357395,1038643114
dMean__Myeloid_2_ti_all/OPTIM_pcs/base_output/base/cis_nominal1.cis_qtl_pairs.14.tsv,130815574,43530660,8,34033161238,593127371
dMean__Myeloid_2_ti_all/OPTIM_pcs/base_output/base/cis_nominal1.cis_qtl_pairs.1.tsv,324110359,107781698,8,34076692037,4001696852
dMean__Myeloid_2_ti_all/OPTIM_pcs/base_output/base/cis_nominal1.cis_qtl_pairs.20.tsv,94966998,31754853,8,34184473873,3788308845
dMean__Myeloid_2_ti_all/OPTIM_pcs/base_output/base/Cis_eqtls_independent.tsv,35367,15187,8,34216228865,3399154669
dMean__Myeloid_2_ti_all/OPTIM_pcs/base_output/base/cis_nominal1.cis_qtl_pairs.12.tsv,194796018,64304268,8,34216244183,2939196659
dMean__Myeloid_2_ti_all/OPTIM_pcs/base_output/base/cis_nominal1.cis_qtl_pairs.18.tsv,58379043,19476965,8,34280548590,200904563
dMean__Myeloid_2_ti_all/OPTIM_pcs/base_output/base/cis_nominal1.cis_qtl_pairs.13.tsv,72170259,23937032,8,34300025694,3111637101
dMean__Plasma_ct_all/OPTIM_pcs/base_output/base/cis_nominal1.cis_qtl_pairs.3.tsv,332462341,110977498,8,34323962865,448470210
dMean__Plasma_ct_all/OPTIM_pcs/base_output/base/cis_nominal1.cis_qtl_pairs.15.tsv,184344828,61870742,8,34434940498,3252153631
dMean__Plasma_ct_all/OPTIM_pcs/base_output/base/cis_nominal1.cis_qtl_pairs.16.tsv,278733378,94704502,8,34496811376,802631694
dMean__Plasma_ct_all/OPTIM_pcs/base_output/base/cis_nominal1.cis_qtl_pairs.4.tsv,243836120,81376854,8,34591516014,2698262995
dMean__Plasma_ct_all/OPTIM_pcs/base_output/base/cis_nominal1.cis_qtl_pairs.21.tsv,76094650,25576219,8,34672893003,2836274754
dMean__Plasma_ct_all/OPTIM_pcs/base_output/base/cis_nominal1.cis_qtl_pairs.7.tsv,290210299,97546821,8,34698469358,6437097
dMean__Plasma_ct_all/OPTIM_pcs/base_output/base/cis_nominal1.cis_qtl_pairs.22.tsv,160870430,54113612,8,34796016314,1461704298
dMean__Plasma_ct_all/OPTIM_pcs/base_output/base/cis_nominal1.cis_qtl_pairs.11.tsv,318732440,106276041,8,34850130062,2267412410
dMean__Plasma_ct_all/OPTIM_pcs/base_output/base/cis_nominal1.cis_qtl_pairs.6.tsv,437795831,139683764,8,34956406239,4208377078
dMean__Plasma_ct_all/OPTIM_pcs/base_output/base/cis_nominal1.cis_qtl_pairs.2.tsv,387042669,129973147,8,35096090138,504822444
dMean__Plasma_ct_all/OPTIM_pcs/base_output/base/cis_nominal1.cis_qtl_pairs.17.tsv,342478136,115146918,8,35226063420,944263269
dMean__Plasma_ct_all/OPTIM_pcs/base_output/base/Cis_eqtls_qval.tsv,3741203,1615649,8,35341210474,2020044891
dMean__Plasma_ct_all/OPTIM_pcs/base_output/base/cis_nominal1.cis_qtl_pairs.5.tsv,273689732,91582894,8,35342826244,2630745801
dMean__Plasma_ct_all/OPTIM_pcs/base_output/base/cis_nominal1.cis_qtl_pairs.9.tsv,230178175,77807467,8,35434409273,3137753021
dMean__Plasma_ct_all/OPTIM_pcs/base_output/base/cis_nominal1.cis_qtl_pairs.19.tsv,475829498,160188354,8,35512216875,1735123290
dMean__Plasma_ct_all/OPTIM_pcs/base_output/base/cis_nominal1.cis_qtl_pairs.10.tsv,229094000,75960724,8,35672405365,516003909
dMean__Plasma_ct_all/OPTIM_pcs/base_output/base/cis_nominal1.cis_qtl_pairs.8.tsv,222543311,74893235,8,35748366225,2401485607
dMean__Plasma_ct_all/OPTIM_pcs/base_output/base/cis_nominal1.cis_qtl_pairs.14.tsv,232124027,77552342,8,35823259595,403559043
dMean__Plasma_ct_all/OPTIM_pcs/base_output/base/cis_nominal1.cis_qtl_pairs.1.tsv,550132931,184023805,8,35900812073,132761609
dMean__Plasma_ct_all/OPTIM_pcs/base_output/base/cis_nominal1.cis_qtl_pairs.20.tsv,164708123,55387718,8,36084836013,917098217
dMean__Plasma_ct_all/OPTIM_pcs/base_output/base/Cis_eqtls_independent.tsv,586515,240792,8,36140223867,3290664345
dMean__Plasma_ct_all/OPTIM_pcs/base_output/base/cis_nominal1.cis_qtl_pairs.12.tsv,341904723,113516977,8,36140464787,2504390682
dMean__Plasma_ct_all/OPTIM_pcs/base_output/base/cis_nominal1.cis_qtl_pairs.18.tsv,94154221,31586412,8,36253981900,2267765980
dMean__Plasma_ct_all/OPTIM_pcs/base_output/base/cis_nominal1.cis_qtl_pairs.13.tsv,109895712,36605366,8,36285568448,3665628716
dMean__Epithelial_28_ct_all/OPTIM_pcs/base_output/base/cis_nominal1.cis_qtl_pairs.3.tsv,261557741,86675905,8,36322173950,3718716650
dMean__Epithelial_28_ct_all/OPTIM_pcs/base_output/base/cis_nominal1.cis_qtl_pairs.15.tsv,149239762,49706981,8,36408849997,2560565257
dMean__Epithelial_28_ct_all/OPTIM_pcs/base_output/base/cis_nominal1.cis_qtl_pairs.16.tsv,210476530,71043136,8,36458557121,2279968991
dMean__Epithelial_28_ct_all/OPTIM_pcs/base_output/base/cis_nominal1.cis_qtl_pairs.4.tsv,194317884,64176864,8,36529600400,995084430
dMean__Epithelial_28_ct_all/OPTIM_pcs/base_output/base/cis_nominal1.cis_qtl_pairs.21.tsv,51730523,17278803,8,36593777406,3319228549
dMean__Epithelial_28_ct_all/OPTIM_pcs/base_output/base/cis_nominal1.cis_qtl_pairs.7.tsv,237603404,79305321,8,36611056352,2394032671
dMean__Epithelial_28_ct_all/OPTIM_pcs/base_output/base/cis_nominal1.cis_qtl_pairs.22.tsv,104311665,34851015,8,36690361815,3888445785
dMean__Epithelial_28_ct_all/OPTIM_pcs/base_output/base/cis_nominal1.cis_qtl_pairs.11.tsv,267711499,88466937,8,36725212973,278891168
dMean__Epithelial_28_ct_all/OPTIM_pcs/base_output/base/cis_nominal1.cis_qtl_pairs.6.tsv,341860523,107578874,8,36813680053,903831800
dMean__Epithelial_28_ct_all/OPTIM_pcs/base_output/base/cis_nominal1.cis_qtl_pairs.2.tsv,299769351,99890143,8,36921259069,1579935706
dMean__Epithelial_28_ct_all/OPTIM_pcs/base_output/base/cis_nominal1.cis_qtl_pairs.17.tsv,270568626,90416901,8,37021149354,757361120
dMean__Epithelial_28_ct_all/OPTIM_pcs/base_output/base/Cis_eqtls_qval.tsv,2903257,1244834,8,37111566398,575447255
dMean__Epithelial_28_ct_all/OPTIM_pcs/base_output/base/cis_nominal1.cis_qtl_pairs.5.tsv,205740600,68322559,8,37112811360,3828749646
dMean__Epithelial_28_ct_all/OPTIM_pcs/base_output/base/cis_nominal1.cis_qtl_pairs.9.tsv,194366755,65222372,8,37181134061,2303989718
dMean__Epithelial_28_ct_all/OPTIM_pcs/base_output/base/cis_nominal1.cis_qtl_pairs.19.tsv,356209373,119065472,8,37246356575,2162049441
dMean__Epithelial_28_ct_all/OPTIM_pcs/base_output/base/cis_nominal1.cis_qtl_pairs.10.tsv,192449807,63231667,8,37365422190,2577816265
dMean__Epithelial_28_ct_all/OPTIM_pcs/base_output/base/cis_nominal1.cis_qtl_pairs.8.tsv,169659009,56651133,8,37428654000,3154712839
dMean__Epithelial_28_ct_all/OPTIM_pcs/base_output/base/cis_nominal1.cis_qtl_pairs.14.tsv,170669248,56603130,8,37485305275,3645128707
dMean__Epithelial_28_ct_all/OPTIM_pcs/base_output/base/cis_nominal1.cis_qtl_pairs.1.tsv,432952426,143760925,8,37541908548,804462255
dMean__Epithelial_28_ct_all/OPTIM_pcs/base_output/base/cis_nominal1.cis_qtl_pairs.20.tsv,127568961,42552110,8,37685669615,3709255689
dMean__Epithelial_28_ct_all/OPTIM_pcs/base_output/base/Cis_eqtls_independent.tsv,126769,52715,8,37728221868,1189046300
dMean__Epithelial_28_ct_all/OPTIM_pcs/base_output/base/cis_nominal1.cis_qtl_pairs.12.tsv,247476354,81463630,8,37728274718,455970940
dMean__Epithelial_28_ct_all/OPTIM_pcs/base_output/base/cis_nominal1.cis_qtl_pairs.18.tsv,75261732,25040370,8,37809738491,3697227839
dMean__Epithelial_28_ct_all/OPTIM_pcs/base_output/base/cis_nominal1.cis_qtl_pairs.13.tsv,89811848,29688704,8,37834779004,589008626
dMean__T_24_blood_all/OPTIM_pcs/base_output/base/cis_nominal1.cis_qtl_pairs.3.tsv,202273397,61901853,8,37864467851,1233886844
dMean__T_24_blood_all/OPTIM_pcs/base_output/base/cis_nominal1.cis_qtl_pairs.15.tsv,109272946,33981160,8,37926369840,1873023588
dMean__T_24_blood_all/OPTIM_pcs/base_output/base/cis_nominal1.cis_qtl_pairs.16.tsv,161538045,51286405,8,37960351137,3243302204
dMean__T_24_blood_all/OPTIM_pcs/base_output/base/cis_nominal1.cis_qtl_pairs.4.tsv,147344174,44719057,8,38011637679,1456951442
dMean__T_24_blood_all/OPTIM_pcs/base_output/base/cis_nominal1.cis_qtl_pairs.21.tsv,43850484,13687287,8,38056356872,3124346434
dMean__T_24_blood_all/OPTIM_pcs/base_output/base/cis_nominal1.cis_qtl_pairs.7.tsv,186070839,57497733,8,38070044296,2240225627
dMean__T_24_blood_all/OPTIM_pcs/base_output/base/cis_nominal1.cis_qtl_pairs.22.tsv,83428696,26159471,8,38127542165,1985205370
dMean__T_24_blood_all/OPTIM_pcs/base_output/base/cis_nominal1.cis_qtl_pairs.11.tsv,194266422,59671100,8,38153701773,1239634688
dMean__T_24_blood_all/OPTIM_pcs/base_output/base/cis_nominal1.cis_qtl_pairs.6.tsv,277187580,76552029,8,38213373010,1728492006
dMean__T_24_blood_all/OPTIM_pcs/base_output/base/cis_nominal1.cis_qtl_pairs.2.tsv,243022842,75288817,8,38289925175,3270983956
dMean__T_24_blood_all/OPTIM_pcs/base_output/base/cis_nominal1.cis_qtl_pairs.17.tsv,209212132,65234892,8,38365214128,987758237
dMean__T_24_blood_all/OPTIM_pcs/base_output/base/Cis_eqtls_qval.tsv,2270494,944891,8,38430449157,2895711413
dMean__T_24_blood_all/OPTIM_pcs/base_output/base/cis_nominal1.cis_qtl_pairs.5.tsv,171901934,52865608,8,38431394170,31551718
dMean__T_24_blood_all/OPTIM_pcs/base_output/base/cis_nominal1.cis_qtl_pairs.9.tsv,138470509,43376028,8,38484259914,3783610443
dMean__T_24_blood_all/OPTIM_pcs/base_output/base/cis_nominal1.cis_qtl_pairs.19.tsv,294854252,92254428,8,38527636078,1935164277
dMean__T_24_blood_all/OPTIM_pcs/base_output/base/cis_nominal1.cis_qtl_pairs.10.tsv,146273248,44413072,8,38619890643,2647161120
dMean__T_24_blood_all/OPTIM_pcs/base_output/base/cis_nominal1.cis_qtl_pairs.8.tsv,119503551,37061554,8,38664303852,1409426180
dMean__T_24_blood_all/OPTIM_pcs/base_output/base/cis_nominal1.cis_qtl_pairs.14.tsv,134858535,41644816,8,38701365542,3377415430
dMean__T_24_blood_all/OPTIM_pcs/base_output/base/cis_nominal1.cis_qtl_pairs.1.tsv,334508453,102605492,8,38743010495,2079737645
dMean__T_24_blood_all/OPTIM_pcs/base_output/base/cis_nominal1.cis_qtl_pairs.20.tsv,101734600,31636840,8,38845616123,1496556187
dMean__T_24_blood_all/OPTIM_pcs/base_output/base/Cis_eqtls_independent.tsv,2288,1105,8,38877253100,3588224903
dMean__T_24_blood_all/OPTIM_pcs/base_output/base/cis_nominal1.cis_qtl_pairs.12.tsv,204025633,62135858,8,38877254334,1989216959
dMean__T_24_blood_all/OPTIM_pcs/base_output/base/cis_nominal1.cis_qtl_pairs.18.tsv,58143512,18030443,8,38939390329,1812050529
dMean__T_24_blood_all/OPTIM_pcs/base_output/base/cis_nominal1.cis_qtl_pairs.13.tsv,73617203,22539461,8,38957420909,767599477
dMean__Epithelial_22_ti_all/OPTIM_pcs/base_output/base/cis_nominal1.cis_qtl_pairs.3.tsv,312259780,95465511,8,38979960507,2788464409
dMean__Epithelial_22_ti_all/OPTIM_pcs/base_output/base/cis_nominal1.cis_qtl_pairs.15.tsv,183821296,57312837,8,39075426160,3158814193
dMean__Epithelial_22_ti_all/OPTIM_pcs/base_output/base/cis_nominal1.cis_qtl_pairs.16.tsv,261328869,82964912,8,39132739140,2053621953
dMean__Epithelial_22_ti_all/OPTIM_pcs/base_output/base/cis_nominal1.cis_qtl_pairs.4.tsv,232175180,70258837,8,39215704195,3033827724
dMean__Epithelial_22_ti_all/OPTIM_pcs/base_output/base/cis_nominal1.cis_qtl_pairs.21.tsv,65434332,20530484,8,39285963174,3041780682
dMean__Epithelial_22_ti_all/OPTIM_pcs/base_output/base/cis_nominal1.cis_qtl_pairs.7.tsv,278143365,86216154,8,39306493801,610808447
dMean__Epithelial_22_ti_all/OPTIM_pcs/base_output/base/cis_nominal1.cis_qtl_pairs.22.tsv,128695508,40319547,8,39392710097,2671571307
dMean__Epithelial_22_ti_all/OPTIM_pcs/base_output/base/cis_nominal1.cis_qtl_pairs.11.tsv,305170586,93219332,8,39433029787,2521831685
dMean__Epithelial_22_ti_all/OPTIM_pcs/base_output/base/cis_nominal1.cis_qtl_pairs.6.tsv,404721058,111492588,8,39526249262,475150863
dMean__Epithelial_22_ti_all/OPTIM_pcs/base_output/base/cis_nominal1.cis_qtl_pairs.2.tsv,371297236,114706844,8,39637741992,1232028233
dMean__Epithelial_22_ti_all/OPTIM_pcs/base_output/base/cis_nominal1.cis_qtl_pairs.17.tsv,320334813,100265893,8,39752448978,2628312895
dMean__Epithelial_22_ti_all/OPTIM_pcs/base_output/base/Cis_eqtls_qval.tsv,3517936,1475901,8,39852715014,311962029
dMean__Epithelial_22_ti_all/OPTIM_pcs/base_output/base/cis_nominal1.cis_qtl_pairs.5.tsv,251042995,77110164,8,39854191043,2808861099
dMean__Epithelial_22_ti_all/OPTIM_pcs/base_output/base/cis_nominal1.cis_qtl_pairs.9.tsv,228014288,71196946,8,39931301349,2359133039
dMean__Epithelial_22_ti_all/OPTIM_pcs/base_output/base/cis_nominal1.cis_qtl_pairs.19.tsv,436033487,136373628,8,40002498437,1164864079
dMean__Epithelial_22_ti_all/OPTIM_pcs/base_output/base/cis_nominal1.cis_qtl_pairs.10.tsv,229921440,69649065,8,40138872208,4127275411
dMean__Epithelial_22_ti_all/OPTIM_pcs/base_output/base/cis_nominal1.cis_qtl_pairs.8.tsv,206532700,63963856,8,40208521416,2434156219
dMean__Epithelial_22_ti_all/OPTIM_pcs/base_output/base/cis_nominal1.cis_qtl_pairs.14.tsv,209078607,64453626,8,40272485414,90840509
dMean__Epithelial_22_ti_all/OPTIM_pcs/base_output/base/cis_nominal1.cis_qtl_pairs.1.tsv,512039112,157220130,8,40336939183,1864959618
dMean__Epithelial_22_ti_all/OPTIM_pcs/base_output/base/cis_nominal1.cis_qtl_pairs.20.tsv,149183560,46438412,8,40494159455,2727555390
dMean__Epithelial_22_ti_all/OPTIM_pcs/base_output/base/Cis_eqtls_independent.tsv,3959,1828,8,40540598010,3479634979
dMean__Epithelial_22_ti_all/OPTIM_pcs/base_output/base/cis_nominal1.cis_qtl_pairs.12.tsv,291901148,88955304,8,40540599973,1771101071
dMean__Epithelial_22_ti_all/OPTIM_pcs/base_output/base/cis_nominal1.cis_qtl_pairs.18.tsv,99029448,30619235,8,40629555420,1587370681
dMean__Epithelial_22_ti_all/OPTIM_pcs/base_output/base/cis_nominal1.cis_qtl_pairs.13.tsv,103110247,31646961,8,40660174798,2863496648
dMean__Epithelial_20_ct_all/OPTIM_pcs/base_output/base/cis_nominal1.cis_qtl_pairs.3.tsv,248331065,81598692,8,40691821902,642549961
dMean__Epithelial_20_ct_all/OPTIM_pcs/base_output/base/cis_nominal1.cis_qtl_pairs.15.tsv,146031764,48322243,8,40773420736,3525447238
dMean__Epithelial_20_ct_all/OPTIM_pcs/base_output/base/cis_nominal1.cis_qtl_pairs.16.tsv,207760345,69679525,8,40821743122,2683427258
dMean__Epithelial_20_ct_all/OPTIM_pcs/base_output/base/cis_nominal1.cis_qtl_pairs.4.tsv,193109763,63181052,8,40891422790,2755844090
dMean__Epithelial_20_ct_all/OPTIM_pcs/base_output/base/cis_nominal1.cis_qtl_pairs.21.tsv,51395751,17026910,8,40954603984,223247387
dMean__Epithelial_20_ct_all/OPTIM_pcs/base_output/base/cis_nominal1.cis_qtl_pairs.7.tsv,228303565,75598778,8,40971631037,793850903
dMean__Epithelial_20_ct_all/OPTIM_pcs/base_output/base/cis_nominal1.cis_qtl_pairs.22.tsv,103160356,34195953,8,41047229957,1430420587
dMean__Epithelial_20_ct_all/OPTIM_pcs/base_output/base/cis_nominal1.cis_qtl_pairs.11.tsv,253851490,83390475,8,41081426053,1201247678
dMean__Epithelial_20_ct_all/OPTIM_pcs/base_output/base/cis_nominal1.cis_qtl_pairs.6.tsv,318200042,98431308,8,41164816671,2776110816
dMean__Epithelial_20_ct_all/OPTIM_pcs/base_output/base/cis_nominal1.cis_qtl_pairs.2.tsv,297735851,98405938,8,41263248121,4072900626
dMean__Epithelial_20_ct_all/OPTIM_pcs/base_output/base/cis_nominal1.cis_qtl_pairs.17.tsv,258944962,85861110,8,41361654201,801198209
dMean__Epithelial_20_ct_all/OPTIM_pcs/base_output/base/Cis_eqtls_qval.tsv,2803931,1205152,8,41447515454,3824493498
dMean__Epithelial_20_ct_all/OPTIM_pcs/base_output/base/cis_nominal1.cis_qtl_pairs.5.tsv,201940357,66483016,8,41448720734,4166031352
dMean__Epithelial_20_ct_all/OPTIM_pcs/base_output/base/cis_nominal1.cis_qtl_pairs.9.tsv,188640518,62866784,8,41515203892,2725779278
dMean__Epithelial_20_ct_all/OPTIM_pcs/base_output/base/cis_nominal1.cis_qtl_pairs.19.tsv,336607004,111781087,8,41578070818,3431387203
dMean__Epithelial_20_ct_all/OPTIM_pcs/base_output/base/cis_nominal1.cis_qtl_pairs.10.tsv,188641085,61432926,8,41689852048,2063433634
dMean__Epithelial_20_ct_all/OPTIM_pcs/base_output/base/cis_nominal1.cis_qtl_pairs.8.tsv,158621837,52509722,8,41751285117,3523569483
dMean__Epithelial_20_ct_all/OPTIM_pcs/base_output/base/cis_nominal1.cis_qtl_pairs.14.tsv,171766364,56483272,8,41803794981,3638367960
dMean__Epithelial_20_ct_all/OPTIM_pcs/base_output/base/cis_nominal1.cis_qtl_pairs.1.tsv,412449426,135850447,8,41860278396,955025508
dMean__Epithelial_20_ct_all/OPTIM_pcs/base_output/base/cis_nominal1.cis_qtl_pairs.20.tsv,121909491,40401024,8,41996128985,2698000211
dMean__Epithelial_20_ct_all/OPTIM_pcs/base_output/base/Cis_eqtls_independent.tsv,266480,109505,8,42036530152,4177838106
dMean__Epithelial_20_ct_all/OPTIM_pcs/base_output/base/cis_nominal1.cis_qtl_pairs.12.tsv,228776909,74588805,8,42036639792,2553066424
dMean__Epithelial_20_ct_all/OPTIM_pcs/base_output/base/cis_nominal1.cis_qtl_pairs.18.tsv,72678745,23990318,8,42111228740,1218582568
dMean__Epithelial_20_ct_all/OPTIM_pcs/base_output/base/cis_nominal1.cis_qtl_pairs.13.tsv,85007050,27855046,8,42135219201,1654469042
dMean__T_0_blood_all/OPTIM_pcs/base_output/base/cis_nominal1.cis_qtl_pairs.3.tsv,350809857,110702527,8,42163074390,2180859208
dMean__T_0_blood_all/OPTIM_pcs/base_output/base/cis_nominal1.cis_qtl_pairs.15.tsv,200241215,64151459,8,42273777052,1873302609
dMean__T_0_blood_all/OPTIM_pcs/base_output/base/cis_nominal1.cis_qtl_pairs.16.tsv,310626409,100909350,8,42337928647,3901484071
dMean__T_0_blood_all/OPTIM_pcs/base_output/base/cis_nominal1.cis_qtl_pairs.4.tsv,245057218,76819153,8,42438838133,1846725069
dMean__T_0_blood_all/OPTIM_pcs/base_output/base/cis_nominal1.cis_qtl_pairs.21.tsv,80805410,25913745,8,42515657421,2003181001
dMean__T_0_blood_all/OPTIM_pcs/base_output/base/cis_nominal1.cis_qtl_pairs.7.tsv,310478424,98655872,8,42541571302,766233051
dMean__T_0_blood_all/OPTIM_pcs/base_output/base/cis_nominal1.cis_qtl_pairs.22.tsv,152614581,49094137,8,42640227309,2728624128
dMean__T_0_blood_all/OPTIM_pcs/base_output/base/cis_nominal1.cis_qtl_pairs.11.tsv,341944429,107894926,8,42689321582,412390106
dMean__T_0_blood_all/OPTIM_pcs/base_output/base/cis_nominal1.cis_qtl_pairs.6.tsv,452228040,131571203,8,42797216644,1656983897
dMean__T_0_blood_all/OPTIM_pcs/base_output/base/cis_nominal1.cis_qtl_pairs.2.tsv,403401065,128465987,8,42928787982,2190098595
dMean__T_0_blood_all/OPTIM_pcs/base_output/base/cis_nominal1.cis_qtl_pairs.17.tsv,376420099,120946511,8,43057254104,2562545663
dMean__T_0_blood_all/OPTIM_pcs/base_output/base/Cis_eqtls_qval.tsv,3997582,1718908,8,43178200751,3199437599
dMean__T_0_blood_all/OPTIM_pcs/base_output/base/cis_nominal1.cis_qtl_pairs.5.tsv,291166711,92196719,8,43179919780,3380814709
dMean__T_0_blood_all/OPTIM_pcs/base_output/base/cis_nominal1.cis_qtl_pairs.9.tsv,235069390,75670132,8,43272116634,3624378818
dMean__T_0_blood_all/OPTIM_pcs/base_output/base/cis_nominal1.cis_qtl_pairs.19.tsv,525663741,169088537,8,43347786901,2581139551
dMean__T_0_blood_all/OPTIM_pcs/base_output/base/cis_nominal1.cis_qtl_pairs.10.tsv,247716822,77445809,8,43516875574,1525980021
dMean__T_0_blood_all/OPTIM_pcs/base_output/base/cis_nominal1.cis_qtl_pairs.8.tsv,233538328,74617804,8,43594321519,3732404830
dMean__T_0_blood_all/OPTIM_pcs/base_output/base/cis_nominal1.cis_qtl_pairs.14.tsv,270980908,86154249,8,43668939458,2129768331
dMean__T_0_blood_all/OPTIM_pcs/base_output/base/cis_nominal1.cis_qtl_pairs.1.tsv,577645259,182727220,8,43755093843,882033988
dMean__T_0_blood_all/OPTIM_pcs/base_output/base/cis_nominal1.cis_qtl_pairs.20.tsv,167265400,53502115,8,43937821198,1721306075
dMean__T_0_blood_all/OPTIM_pcs/base_output/base/Cis_eqtls_independent.tsv,338930,138986,8,43991323449,1065702058
dMean__T_0_blood_all/OPTIM_pcs/base_output/base/cis_nominal1.cis_qtl_pairs.12.tsv,348703801,109486665,8,43991462563,1929547098
dMean__T_0_blood_all/OPTIM_pcs/base_output/base/cis_nominal1.cis_qtl_pairs.18.tsv,114140347,36427464,8,44100949364,63888732
dMean__T_0_blood_all/OPTIM_pcs/base_output/base/cis_nominal1.cis_qtl_pairs.13.tsv,123142516,38720988,8,44137376964,2686826516
dMean__Enterocyte_ct_all/OPTIM_pcs/base_output/base/cis_nominal1.cis_qtl_pairs.3.tsv,389290913,128995545,8,44176098088,881349439
dMean__Enterocyte_ct_all/OPTIM_pcs/base_output/base/cis_nominal1.cis_qtl_pairs.15.tsv,236496700,78885607,8,44305093772,994512053
dMean__Enterocyte_ct_all/OPTIM_pcs/base_output/base/cis_nominal1.cis_qtl_pairs.16.tsv,340754108,115006579,8,44383979519,2734768916
dMean__Enterocyte_ct_all/OPTIM_pcs/base_output/base/cis_nominal1.cis_qtl_pairs.4.tsv,296315876,97816453,8,44498986238,631464397
dMean__Enterocyte_ct_all/OPTIM_pcs/base_output/base/cis_nominal1.cis_qtl_pairs.21.tsv,92961402,31055448,8,44596802830,761593946
dMean__Enterocyte_ct_all/OPTIM_pcs/base_output/base/cis_nominal1.cis_qtl_pairs.7.tsv,356866543,119145471,8,44627858418,2408083195
dMean__Enterocyte_ct_all/OPTIM_pcs/base_output/base/cis_nominal1.cis_qtl_pairs.22.tsv,165399505,55241087,8,44747004028,178238459
dMean__Enterocyte_ct_all/OPTIM_pcs/base_output/base/cis_nominal1.cis_qtl_pairs.11.tsv,385168607,127272463,8,44802245255,685439500
dMean__Enterocyte_ct_all/OPTIM_pcs/base_output/base/cis_nominal1.cis_qtl_pairs.6.tsv,505790085,158860296,8,44929517858,819527627
dMean__Enterocyte_ct_all/OPTIM_pcs/base_output/base/cis_nominal1.cis_qtl_pairs.2.tsv,461996557,153901818,8,45088378293,3142903014
dMean__Enterocyte_ct_all/OPTIM_pcs/base_output/base/cis_nominal1.cis_qtl_pairs.17.tsv,423862079,141542572,8,45242280250,2499458114
dMean__Enterocyte_ct_all/OPTIM_pcs/base_output/base/Cis_eqtls_qval.tsv,4438007,1915710,8,45383822962,3363424628
dMean__Enterocyte_ct_all/OPTIM_pcs/base_output/base/cis_nominal1.cis_qtl_pairs.5.tsv,330621499,109771450,8,45385738797,612301006
dMean__Enterocyte_ct_all/OPTIM_pcs/base_output/base/cis_nominal1.cis_qtl_pairs.9.tsv,276489245,92807465,8,45495510386,3296896235
dMean__Enterocyte_ct_all/OPTIM_pcs/base_output/base/cis_nominal1.cis_qtl_pairs.19.tsv,541741477,181217379,8,45588317990,1915964045
dMean__Enterocyte_ct_all/OPTIM_pcs/base_output/base/cis_nominal1.cis_qtl_pairs.10.tsv,291314474,95726196,8,45769535509,976335735
dMean__Enterocyte_ct_all/OPTIM_pcs/base_output/base/cis_nominal1.cis_qtl_pairs.8.tsv,265586011,88720730,8,45865261845,2646470351
dMean__Enterocyte_ct_all/OPTIM_pcs/base_output/base/cis_nominal1.cis_qtl_pairs.14.tsv,261859841,86840112,8,45953982714,3437797310
dMean__Enterocyte_ct_all/OPTIM_pcs/base_output/base/cis_nominal1.cis_qtl_pairs.1.tsv,643765463,213683111,8,46040822966,4094848119
dMean__Enterocyte_ct_all/OPTIM_pcs/base_output/base/cis_nominal1.cis_qtl_pairs.20.tsv,184515469,61556840,8,46254506216,3515446945
dMean__Enterocyte_ct_all/OPTIM_pcs/base_output/base/Cis_eqtls_independent.tsv,2073216,847798,8,46316063196,54493985
dMean__Enterocyte_ct_all/OPTIM_pcs/base_output/base/cis_nominal1.cis_qtl_pairs.12.tsv,382465003,125883517,8,46316911126,3755245059
dMean__Enterocyte_ct_all/OPTIM_pcs/base_output/base/cis_nominal1.cis_qtl_pairs.18.tsv,134642813,44795816,8,46442794783,1632408152
dMean__Enterocyte_ct_all/OPTIM_pcs/base_output/base/cis_nominal1.cis_qtl_pairs.13.tsv,137428202,45443087,8,46487590739,227616332
dMean__T_1_blood_all/OPTIM_pcs/base_output/base/cis_nominal1.cis_qtl_pairs.3.tsv,370724195,117103780,8,46533033966,3719883010
dMean__T_1_blood_all/OPTIM_pcs/base_output/base/cis_nominal1.cis_qtl_pairs.15.tsv,211329704,67769691,8,46650137881,553330940
dMean__T_1_blood_all/OPTIM_pcs/base_output/base/cis_nominal1.cis_qtl_pairs.16.tsv,317726599,103275203,8,46717907708,1870878918
dMean__T_1_blood_all/OPTIM_pcs/base_output/base/cis_nominal1.cis_qtl_pairs.4.tsv,271068107,85058842,8,46821183047,4156911896
dMean__T_1_blood_all/OPTIM_pcs/base_output/base/cis_nominal1.cis_qtl_pairs.21.tsv,83807321,26894077,8,46906242024,721750198
dMean__T_1_blood_all/OPTIM_pcs/base_output/base/cis_nominal1.cis_qtl_pairs.7.tsv,332771850,105854099,8,46933136237,263387191
dMean__T_1_blood_all/OPTIM_pcs/base_output/base/cis_nominal1.cis_qtl_pairs.22.tsv,162007143,52146822,8,47038990471,1821703672
dMean__T_1_blood_all/OPTIM_pcs/base_output/base/cis_nominal1.cis_qtl_pairs.11.tsv,358525889,113210839,8,47091137429,3642680247
dMean__T_1_blood_all/OPTIM_pcs/base_output/base/cis_nominal1.cis_qtl_pairs.6.tsv,484315693,141066265,8,47204348404,2617411397
dMean__T_1_blood_all/OPTIM_pcs/base_output/base/cis_nominal1.cis_qtl_pairs.2.tsv,429669302,137004382,8,47345414804,3108649450
dMean__T_1_blood_all/OPTIM_pcs/base_output/base/cis_nominal1.cis_qtl_pairs.17.tsv,391518949,125850811,8,47482419321,3266650924
dMean__T_1_blood_all/OPTIM_pcs/base_output/base/Cis_eqtls_qval.tsv,4221160,1815920,8,47608270268,2903602183
dMean__T_1_blood_all/OPTIM_pcs/base_output/base/cis_nominal1.cis_qtl_pairs.5.tsv,310763997,98509190,8,47610086309,905610750
dMean__T_1_blood_all/OPTIM_pcs/base_output/base/cis_nominal1.cis_qtl_pairs.9.tsv,248874127,80249328,8,47708595634,1507239563
dMean__T_1_blood_all/OPTIM_pcs/base_output/base/cis_nominal1.cis_qtl_pairs.19.tsv,537924205,173148502,8,47788845097,153399210
dMean__T_1_blood_all/OPTIM_pcs/base_output/base/cis_nominal1.cis_qtl_pairs.10.tsv,266076832,83295575,8,47961993735,475601472
dMean__T_1_blood_all/OPTIM_pcs/base_output/base/cis_nominal1.cis_qtl_pairs.8.tsv,247483060,79076167,8,48045289446,2162364630
dMean__T_1_blood_all/OPTIM_pcs/base_output/base/cis_nominal1.cis_qtl_pairs.14.tsv,289658262,92165650,8,48124365748,1706188316
dMean__T_1_blood_all/OPTIM_pcs/base_output/base/cis_nominal1.cis_qtl_pairs.1.tsv,607393877,192301223,8,48216531534,3764875096
dMean__T_1_blood_all/OPTIM_pcs/base_output/base/cis_nominal1.cis_qtl_pairs.20.tsv,175234945,56094292,8,48408832892,1472196190
dMean__T_1_blood_all/OPTIM_pcs/base_output/base/Cis_eqtls_independent.tsv,449618,184099,8,48464927320,171420851
dMean__T_1_blood_all/OPTIM_pcs/base_output/base/cis_nominal1.cis_qtl_pairs.12.tsv,373428994,117224192,8,48465111547,414400536
dMean__T_1_blood_all/OPTIM_pcs/base_output/base/cis_nominal1.cis_qtl_pairs.18.tsv,122462841,39124851,8,48582335875,1237453296
dMean__T_1_blood_all/OPTIM_pcs/base_output/base/cis_nominal1.cis_qtl_pairs.13.tsv,130643258,41126752,8,48621460862,2703594090
dMean__Epithelial_9_ti_all/OPTIM_pcs/base_output/base/cis_nominal1.cis_qtl_pairs.3.tsv,326889809,108272919,8,48662587750,4290234790
dMean__Epithelial_9_ti_all/OPTIM_pcs/base_output/base/cis_nominal1.cis_qtl_pairs.15.tsv,191748821,63928362,8,48770860810,4138901455
dMean__Epithelial_9_ti_all/OPTIM_pcs/base_output/base/cis_nominal1.cis_qtl_pairs.16.tsv,272921400,92113888,8,48834789314,4084463640
dMean__Epithelial_9_ti_all/OPTIM_pcs/base_output/base/cis_nominal1.cis_qtl_pairs.4.tsv,238590459,78731369,8,48926903344,513136164
dMean__Epithelial_9_ti_all/OPTIM_pcs/base_output/base/cis_nominal1.cis_qtl_pairs.21.tsv,72097052,24061647,8,49005634854,3598328937
dMean__Epithelial_9_ti_all/OPTIM_pcs/base_output/base/cis_nominal1.cis_qtl_pairs.7.tsv,289619872,96573536,8,49029696643,3070670346
dMean__Epithelial_9_ti_all/OPTIM_pcs/base_output/base/cis_nominal1.cis_qtl_pairs.22.tsv,139129089,46462824,8,49126270320,2136110780
dMean__Epithelial_9_ti_all/OPTIM_pcs/base_output/base/cis_nominal1.cis_qtl_pairs.11.tsv,321355610,106157188,8,49172733286,3956000042
dMean__Epithelial_9_ti_all/OPTIM_pcs/base_output/base/cis_nominal1.cis_qtl_pairs.6.tsv,416052570,130586645,8,49278890616,2357195157
dMean__Epithelial_9_ti_all/OPTIM_pcs/base_output/base/cis_nominal1.cis_qtl_pairs.2.tsv,381375272,126928617,8,49409477402,3472707344
dMean__Epithelial_9_ti_all/OPTIM_pcs/base_output/base/cis_nominal1.cis_qtl_pairs.17.tsv,338804418,113150437,8,49536406160,3155142260
dMean__Epithelial_9_ti_all/OPTIM_pcs/base_output/base/Cis_eqtls_qval.tsv,3626181,1565539,8,49649556739,1265977421
dMean__Epithelial_9_ti_all/OPTIM_pcs/base_output/base/cis_nominal1.cis_qtl_pairs.5.tsv,257130431,85351349,8,49651122405,3386822322
dMean__Epithelial_9_ti_all/OPTIM_pcs/base_output/base/cis_nominal1.cis_qtl_pairs.9.tsv,235148490,78890994,8,49736473895,1267469164
dMean__Epithelial_9_ti_all/OPTIM_pcs/base_output/base/cis_nominal1.cis_qtl_pairs.19.tsv,453325516,151504521,8,49815365030,2970600290
dMean__Epithelial_9_ti_all/OPTIM_pcs/base_output/base/cis_nominal1.cis_qtl_pairs.10.tsv,239795497,78780393,8,49966869693,1346663937
dMean__Epithelial_9_ti_all/OPTIM_pcs/base_output/base/cis_nominal1.cis_qtl_pairs.8.tsv,210073945,70171044,8,50045650228,1486752536
dMean__Epithelial_9_ti_all/OPTIM_pcs/base_output/base/cis_nominal1.cis_qtl_pairs.14.tsv,215586210,71426532,8,50115821413,1526184384
dMean__Epithelial_9_ti_all/OPTIM_pcs/base_output/base/cis_nominal1.cis_qtl_pairs.1.tsv,537748306,178399070,8,50187248087,1899747189
dMean__Epithelial_9_ti_all/OPTIM_pcs/base_output/base/cis_nominal1.cis_qtl_pairs.20.tsv,156765184,52259658,8,50365647298,1233869076
dMean__Epithelial_9_ti_all/OPTIM_pcs/base_output/base/Cis_eqtls_independent.tsv,806607,330608,8,50417907098,2802684212
dMean__Epithelial_9_ti_all/OPTIM_pcs/base_output/base/cis_nominal1.cis_qtl_pairs.12.tsv,305910766,100647286,8,50418237840,948761620
dMean__Epithelial_9_ti_all/OPTIM_pcs/base_output/base/cis_nominal1.cis_qtl_pairs.18.tsv,101921794,33920740,8,50518885268,164841246
dMean__Epithelial_9_ti_all/OPTIM_pcs/base_output/base/cis_nominal1.cis_qtl_pairs.13.tsv,108395457,35812535,8,50552806150,3112151251
dMean__Myeloid_11_ct_all/OPTIM_pcs/base_output/base/cis_nominal1.cis_qtl_pairs.3.tsv,270820175,85364023,8,50588618827,3822721109
dMean__Myeloid_11_ct_all/OPTIM_pcs/base_output/base/cis_nominal1.cis_qtl_pairs.15.tsv,147016068,47043056,8,50673982989,2763901369
dMean__Myeloid_11_ct_all/OPTIM_pcs/base_output/base/cis_nominal1.cis_qtl_pairs.16.tsv,216577812,70467650,8,50721026185,780826461
dMean__Myeloid_11_ct_all/OPTIM_pcs/base_output/base/cis_nominal1.cis_qtl_pairs.4.tsv,193846787,60771930,8,50791493975,3277718965
dMean__Myeloid_11_ct_all/OPTIM_pcs/base_output/base/cis_nominal1.cis_qtl_pairs.21.tsv,62112321,19903042,8,50852266044,3299209637
dMean__Myeloid_11_ct_all/OPTIM_pcs/base_output/base/cis_nominal1.cis_qtl_pairs.7.tsv,234136019,74482960,8,50872169226,3586927084
dMean__Myeloid_11_ct_all/OPTIM_pcs/base_output/base/cis_nominal1.cis_qtl_pairs.22.tsv,110319818,35498686,8,50946652325,3385011461
dMean__Myeloid_11_ct_all/OPTIM_pcs/base_output/base/cis_nominal1.cis_qtl_pairs.11.tsv,260615510,82122068,8,50982151151,2072377303
dMean__Myeloid_11_ct_all/OPTIM_pcs/base_output/base/cis_nominal1.cis_qtl_pairs.6.tsv,359965330,103751895,8,51064273359,988576646
dMean__Myeloid_11_ct_all/OPTIM_pcs/base_output/base/cis_nominal1.cis_qtl_pairs.2.tsv,311835617,99329330,8,51168025393,161902124
dMean__Myeloid_11_ct_all/OPTIM_pcs/base_output/base/cis_nominal1.cis_qtl_pairs.17.tsv,280647282,90174016,8,51267354862,2296782638
dMean__Myeloid_11_ct_all/OPTIM_pcs/base_output/base/Cis_eqtls_qval.tsv,2980210,1270685,8,51357529018,345383239
dMean__Myeloid_11_ct_all/OPTIM_pcs/base_output/base/cis_nominal1.cis_qtl_pairs.5.tsv,211468217,66955905,8,51358799828,1640117230
dMean__Myeloid_11_ct_all/OPTIM_pcs/base_output/base/cis_nominal1.cis_qtl_pairs.9.tsv,185806730,59779923,8,51425755872,2937885456
dMean__Myeloid_11_ct_all/OPTIM_pcs/base_output/base/cis_nominal1.cis_qtl_pairs.19.tsv,401343503,128957005,8,51485535934,950682329
dMean__Myeloid_11_ct_all/OPTIM_pcs/base_output/base/cis_nominal1.cis_qtl_pairs.10.tsv,195362130,60972768,8,51614493079,1102488854
dMean__Myeloid_11_ct_all/OPTIM_pcs/base_output/base/cis_nominal1.cis_qtl_pairs.8.tsv,162346086,51806787,8,51675465987,1791103232
dMean__Myeloid_11_ct_all/OPTIM_pcs/base_output/base/cis_nominal1.cis_qtl_pairs.14.tsv,178518141,56624215,8,51727272913,1727457607
dMean__Myeloid_11_ct_all/OPTIM_pcs/base_output/base/cis_nominal1.cis_qtl_pairs.1.tsv,426289759,134416525,8,51783897268,3548226971
dMean__Myeloid_11_ct_all/OPTIM_pcs/base_output/base/cis_nominal1.cis_qtl_pairs.20.tsv,128172694,40932267,8,51918313932,1455502549
dMean__Myeloid_11_ct_all/OPTIM_pcs/base_output/base/Cis_eqtls_independent.tsv,71122,29934,8,51959246339,1161821983
dMean__Myeloid_11_ct_all/OPTIM_pcs/base_output/base/cis_nominal1.cis_qtl_pairs.12.tsv,266155850,83512033,8,51959276405,1636505936
dMean__Myeloid_11_ct_all/OPTIM_pcs/base_output/base/cis_nominal1.cis_qtl_pairs.18.tsv,79668437,25384517,8,52042788578,540230680
dMean__Myeloid_11_ct_all/OPTIM_pcs/base_output/base/cis_nominal1.cis_qtl_pairs.13.tsv,90337371,28349974,8,52068173235,3461189995
dMean__T_3_r_all/OPTIM_pcs/base_output/base/cis_nominal1.cis_qtl_pairs.3.tsv,199865028,65356601,8,52096523349,1512118508
dMean__T_3_r_all/OPTIM_pcs/base_output/base/cis_nominal1.cis_qtl_pairs.15.tsv,103667550,34144903,8,52161880081,1330059097
dMean__T_3_r_all/OPTIM_pcs/base_output/base/cis_nominal1.cis_qtl_pairs.16.tsv,145682931,48807641,8,52196025116,1553665693
dMean__T_3_r_all/OPTIM_pcs/base_output/base/cis_nominal1.cis_qtl_pairs.4.tsv,149147293,48668348,8,52244832889,653684728
dMean__T_3_r_all/OPTIM_pcs/base_output/base/cis_nominal1.cis_qtl_pairs.21.tsv,41514779,13708387,8,52293501368,316160075
dMean__T_3_r_all/OPTIM_pcs/base_output/base/cis_nominal1.cis_qtl_pairs.7.tsv,172123157,56700805,8,52307209887,3916950426
dMean__T_3_r_all/OPTIM_pcs/base_output/base/cis_nominal1.cis_qtl_pairs.22.tsv,80850484,26734814,8,52363910823,2285188588
dMean__T_3_r_all/OPTIM_pcs/base_output/base/cis_nominal1.cis_qtl_pairs.11.tsv,189715396,62055076,8,52390645769,3858122976
dMean__T_3_r_all/OPTIM_pcs/base_output/base/cis_nominal1.cis_qtl_pairs.6.tsv,260926206,80180214,8,52452700977,2567392530
dMean__T_3_r_all/OPTIM_pcs/base_output/base/cis_nominal1.cis_qtl_pairs.2.tsv,236237735,77858704,8,52532881322,741563856
dMean__T_3_r_all/OPTIM_pcs/base_output/base/cis_nominal1.cis_qtl_pairs.17.tsv,196359932,64875198,8,52610740157,3678667162
dMean__T_3_r_all/OPTIM_pcs/base_output/base/Cis_eqtls_qval.tsv,2167565,911641,8,52675615487,2462590194
dMean__T_3_r_all/OPTIM_pcs/base_output/base/cis_nominal1.cis_qtl_pairs.5.tsv,160646110,52676106,8,52676527245,2923784236
dMean__T_3_r_all/OPTIM_pcs/base_output/base/cis_nominal1.cis_qtl_pairs.9.tsv,134112567,44495902,8,52729203482,3271009324
dMean__T_3_r_all/OPTIM_pcs/base_output/base/cis_nominal1.cis_qtl_pairs.19.tsv,272095471,89971416,8,52773699515,2782310676
dMean__T_3_r_all/OPTIM_pcs/base_output/base/cis_nominal1.cis_qtl_pairs.10.tsv,143909383,46688203,8,52863671063,2783905480
dMean__T_3_r_all/OPTIM_pcs/base_output/base/cis_nominal1.cis_qtl_pairs.8.tsv,114345383,37678054,8,52910359398,4147573480
dMean__T_3_r_all/OPTIM_pcs/base_output/base/cis_nominal1.cis_qtl_pairs.14.tsv,129537912,42448870,8,52948037583,2227676072
dMean__T_3_r_all/OPTIM_pcs/base_output/base/cis_nominal1.cis_qtl_pairs.1.tsv,317341909,104024130,8,52990486585,514235117
dMean__T_3_r_all/OPTIM_pcs/base_output/base/cis_nominal1.cis_qtl_pairs.20.tsv,97343762,32180698,8,53094510846,2909778344
dMean__T_3_r_all/OPTIM_pcs/base_output/base/Cis_eqtls_independent.tsv,19684,8641,8,53126691676,2220783152
dMean__T_3_r_all/OPTIM_pcs/base_output/base/cis_nominal1.cis_qtl_pairs.12.tsv,199613222,64869167,8,53126700441,3045470996
dMean__T_3_r_all/OPTIM_pcs/base_output/base/cis_nominal1.cis_qtl_pairs.18.tsv,57852930,19064320,8,53191569740,723754163
dMean__T_3_r_all/OPTIM_pcs/base_output/base/cis_nominal1.cis_qtl_pairs.13.tsv,71811905,23428235,8,53210634192,462399308
dMean__Epithelial_4_ct_all/OPTIM_pcs/base_output/base/cis_nominal1.cis_qtl_pairs.3.tsv,312174378,103427964,8,53234062559,1215757753
dMean__Epithelial_4_ct_all/OPTIM_pcs/base_output/base/cis_nominal1.cis_qtl_pairs.15.tsv,185950821,62024146,8,53337490664,1494563058
dMean__Epithelial_4_ct_all/OPTIM_pcs/base_output/base/cis_nominal1.cis_qtl_pairs.16.tsv,261561165,88336916,8,53399514952,853278146
dMean__Epithelial_4_ct_all/OPTIM_pcs/base_output/base/cis_nominal1.cis_qtl_pairs.4.tsv,229151958,75693486,8,53487852010,1508249031
dMean__Epithelial_4_ct_all/OPTIM_pcs/base_output/base/cis_nominal1.cis_qtl_pairs.21.tsv,68407164,22838646,8,53563545637,4038289700
dMean__Epithelial_4_ct_all/OPTIM_pcs/base_output/base/cis_nominal1.cis_qtl_pairs.7.tsv,278978017,93157102,8,53586384425,2845271376
dMean__Epithelial_4_ct_all/OPTIM_pcs/base_output/base/cis_nominal1.cis_qtl_pairs.22.tsv,126401944,42215838,8,53679541668,324097329
dMean__Epithelial_4_ct_all/OPTIM_pcs/base_output/base/cis_nominal1.cis_qtl_pairs.11.tsv,310385664,102618773,8,53721757648,1384381935
dMean__Epithelial_4_ct_all/OPTIM_pcs/base_output/base/cis_nominal1.cis_qtl_pairs.6.tsv,405629737,127257559,8,53824376563,3078616938
dMean__Epithelial_4_ct_all/OPTIM_pcs/base_output/base/cis_nominal1.cis_qtl_pairs.2.tsv,359188589,119707915,8,53951634263,3763180934
dMean__Epithelial_4_ct_all/OPTIM_pcs/base_output/base/cis_nominal1.cis_qtl_pairs.17.tsv,324086954,108300700,8,54071342319,2253675497
dMean__Epithelial_4_ct_all/OPTIM_pcs/base_output/base/Cis_eqtls_qval.tsv,3463616,1496247,8,54179643161,3752038973
dMean__Epithelial_4_ct_all/OPTIM_pcs/base_output/base/cis_nominal1.cis_qtl_pairs.5.tsv,250515275,83220971,8,54181139535,1983487064
dMean__Epithelial_4_ct_all/OPTIM_pcs/base_output/base/cis_nominal1.cis_qtl_pairs.9.tsv,227034979,76252877,8,54264360647,2351763132
dMean__Epithelial_4_ct_all/OPTIM_pcs/base_output/base/cis_nominal1.cis_qtl_pairs.19.tsv,430631373,144083367,8,54340613665,3841102069
dMean__Epithelial_4_ct_all/OPTIM_pcs/base_output/base/cis_nominal1.cis_qtl_pairs.10.tsv,225173380,74008503,8,54484697174,1399227869
dMean__Epithelial_4_ct_all/OPTIM_pcs/base_output/base/cis_nominal1.cis_qtl_pairs.8.tsv,195104176,65250248,8,54558705819,2696254741
dMean__Epithelial_4_ct_all/OPTIM_pcs/base_output/base/cis_nominal1.cis_qtl_pairs.14.tsv,212529995,70510835,8,54623956208,3580807462
dMean__Epithelial_4_ct_all/OPTIM_pcs/base_output/base/cis_nominal1.cis_qtl_pairs.1.tsv,514603498,170782721,8,54694467185,709510778
dMean__Epithelial_4_ct_all/OPTIM_pcs/base_output/base/cis_nominal1.cis_qtl_pairs.20.tsv,149626234,49953978,8,54865250047,3768571234
dMean__Epithelial_4_ct_all/OPTIM_pcs/base_output/base/Cis_eqtls_independent.tsv,718759,294897,8,54915204167,1773934859
dMean__Epithelial_4_ct_all/OPTIM_pcs/base_output/base/cis_nominal1.cis_qtl_pairs.12.tsv,292378910,96227741,8,54915499198,3598606191
dMean__Epithelial_4_ct_all/OPTIM_pcs/base_output/base/cis_nominal1.cis_qtl_pairs.18.tsv,95184865,31704443,8,55011727081,3267298847
dMean__Epithelial_4_ct_all/OPTIM_pcs/base_output/base/cis_nominal1.cis_qtl_pairs.13.tsv,104972795,34735503,8,55043431666,2881607295
dMean__B_4_blood_all/OPTIM_pcs/base_output/base/cis_nominal1.cis_qtl_pairs.3.tsv,240976181,74915531,8,55078167311,938174825
dMean__B_4_blood_all/OPTIM_pcs/base_output/base/cis_nominal1.cis_qtl_pairs.15.tsv,127218424,40267098,8,55153082977,3879484383
dMean__B_4_blood_all/OPTIM_pcs/base_output/base/cis_nominal1.cis_qtl_pairs.16.tsv,195350486,62746228,8,55193350211,2425141244
dMean__B_4_blood_all/OPTIM_pcs/base_output/base/cis_nominal1.cis_qtl_pairs.4.tsv,175211086,54250792,8,55256096575,1631752799
dMean__B_4_blood_all/OPTIM_pcs/base_output/base/cis_nominal1.cis_qtl_pairs.21.tsv,48251840,15255415,8,55310347502,2495430527
dMean__B_4_blood_all/OPTIM_pcs/base_output/base/cis_nominal1.cis_qtl_pairs.7.tsv,207621224,65304134,8,55325603053,1212287029
dMean__B_4_blood_all/OPTIM_pcs/base_output/base/cis_nominal1.cis_qtl_pairs.22.tsv,103367332,32893362,8,55390907322,1812643165
dMean__B_4_blood_all/OPTIM_pcs/base_output/base/cis_nominal1.cis_qtl_pairs.11.tsv,219171553,68268454,8,55423800820,428330570
dMean__B_4_blood_all/OPTIM_pcs/base_output/base/cis_nominal1.cis_qtl_pairs.6.tsv,320692410,90405290,8,55492069410,2707992555
dMean__B_4_blood_all/OPTIM_pcs/base_output/base/cis_nominal1.cis_qtl_pairs.2.tsv,288209636,90778767,8,55582474835,1598804946
dMean__B_4_blood_all/OPTIM_pcs/base_output/base/cis_nominal1.cis_qtl_pairs.17.tsv,248728081,78834202,8,55673253737,2541041807
dMean__B_4_blood_all/OPTIM_pcs/base_output/base/Cis_eqtls_qval.tsv,2664251,1114018,8,55752088075,1552614487
dMean__B_4_blood_all/OPTIM_pcs/base_output/base/cis_nominal1.cis_qtl_pairs.5.tsv,188327987,58963319,8,55753202214,3761556457
dMean__B_4_blood_all/OPTIM_pcs/base_output/base/cis_nominal1.cis_qtl_pairs.9.tsv,165461443,52634144,8,55812165668,3355945866
dMean__B_4_blood_all/OPTIM_pcs/base_output/base/cis_nominal1.cis_qtl_pairs.19.tsv,339621502,108056834,8,55864799947,1449142004
dMean__B_4_blood_all/OPTIM_pcs/base_output/base/cis_nominal1.cis_qtl_pairs.10.tsv,167352999,51675402,8,55972856917,2247181792
dMean__B_4_blood_all/OPTIM_pcs/base_output/base/cis_nominal1.cis_qtl_pairs.8.tsv,151196020,47620086,8,56024532455,2970188511
dMean__B_4_blood_all/OPTIM_pcs/base_output/base/cis_nominal1.cis_qtl_pairs.14.tsv,158087600,49610312,8,56072152676,777276143
dMean__B_4_blood_all/OPTIM_pcs/base_output/base/cis_nominal1.cis_qtl_pairs.1.tsv,388280751,121264931,8,56121763124,3851528832
dMean__B_4_blood_all/OPTIM_pcs/base_output/base/cis_nominal1.cis_qtl_pairs.20.tsv,121037984,38292534,8,56243028190,4256274492
dMean__B_4_blood_all/OPTIM_pcs/base_output/base/Cis_eqtls_independent.tsv,6266,2846,8,56281320860,2408954963
dMean__B_4_blood_all/OPTIM_pcs/base_output/base/cis_nominal1.cis_qtl_pairs.12.tsv,240672010,74627998,8,56281323834,3553570686
dMean__B_4_blood_all/OPTIM_pcs/base_output/base/cis_nominal1.cis_qtl_pairs.18.tsv,66884782,21052554,8,56355951968,2643606236
dMean__B_4_blood_all/OPTIM_pcs/base_output/base/cis_nominal1.cis_qtl_pairs.13.tsv,82429934,25631368,8,56377004658,194051814
dMean__Epithelial_15_ct_all/OPTIM_pcs/base_output/base/cis_nominal1.cis_qtl_pairs.3.tsv,290738659,97003131,8,56402636162,2282301468
dMean__Epithelial_15_ct_all/OPTIM_pcs/base_output/base/cis_nominal1.cis_qtl_pairs.15.tsv,166497069,55823475,8,56499639435,3342098844
dMean__Epithelial_15_ct_all/OPTIM_pcs/base_output/base/cis_nominal1.cis_qtl_pairs.16.tsv,232104844,78773774,8,56555463053,3683832779
dMean__Epithelial_15_ct_all/OPTIM_pcs/base_output/base/cis_nominal1.cis_qtl_pairs.4.tsv,212194749,70657109,8,56634236970,337458035
dMean__Epithelial_15_ct_all/OPTIM_pcs/base_output/base/cis_nominal1.cis_qtl_pairs.21.tsv,58618939,19682711,8,56704894221,1303085793
dMean__Epithelial_15_ct_all/OPTIM_pcs/base_output/base/cis_nominal1.cis_qtl_pairs.7.tsv,263443775,88430027,8,56724577075,3914518620
dMean__Epithelial_15_ct_all/OPTIM_pcs/base_output/base/cis_nominal1.cis_qtl_pairs.22.tsv,122314265,41110530,8,56813007244,844566730
dMean__Epithelial_15_ct_all/OPTIM_pcs/base_output/base/cis_nominal1.cis_qtl_pairs.11.tsv,292588621,97452696,8,56854117917,4270531033
dMean__Epithelial_15_ct_all/OPTIM_pcs/base_output/base/cis_nominal1.cis_qtl_pairs.6.tsv,371599605,118704669,8,56951570756,3686728629
dMean__Epithelial_15_ct_all/OPTIM_pcs/base_output/base/cis_nominal1.cis_qtl_pairs.2.tsv,338717415,113519615,8,57070275567,1108499467
dMean__Epithelial_15_ct_all/OPTIM_pcs/base_output/base/cis_nominal1.cis_qtl_pairs.17.tsv,298526049,100362875,8,57183795324,2951587808
dMean__Epithelial_15_ct_all/OPTIM_pcs/base_output/base/Cis_eqtls_qval.tsv,3232081,1391080,8,57284158342,1677030146
dMean__Epithelial_15_ct_all/OPTIM_pcs/base_output/base/cis_nominal1.cis_qtl_pairs.5.tsv,240422663,80424335,8,57285549550,3677988341
dMean__Epithelial_15_ct_all/OPTIM_pcs/base_output/base/cis_nominal1.cis_qtl_pairs.9.tsv,211602164,71418999,8,57365974027,2465867066
dMean__Epithelial_15_ct_all/OPTIM_pcs/base_output/base/cis_nominal1.cis_qtl_pairs.19.tsv,405441493,136335305,8,57437393168,4027119710
dMean__Epithelial_15_ct_all/OPTIM_pcs/base_output/base/cis_nominal1.cis_qtl_pairs.10.tsv,213974006,70905424,8,57573728616,479364765
dMean__Epithelial_15_ct_all/OPTIM_pcs/base_output/base/cis_nominal1.cis_qtl_pairs.8.tsv,185925927,62519466,8,57644634183,886816701
dMean__Epithelial_15_ct_all/OPTIM_pcs/base_output/base/cis_nominal1.cis_qtl_pairs.14.tsv,193326068,64584424,8,57707153791,2714957527
dMean__Epithelial_15_ct_all/OPTIM_pcs/base_output/base/cis_nominal1.cis_qtl_pairs.1.tsv,482541652,161333858,8,57771738358,2516892327
dMean__Epithelial_15_ct_all/OPTIM_pcs/base_output/base/cis_nominal1.cis_qtl_pairs.20.tsv,144076029,48384759,8,57933072358,2256392209
dMean__Epithelial_15_ct_all/OPTIM_pcs/base_output/base/Cis_eqtls_independent.tsv,294281,121200,8,57981457260,525779519
dMean__Epithelial_15_ct_all/OPTIM_pcs/base_output/base/cis_nominal1.cis_qtl_pairs.12.tsv,275104481,91221759,8,57981578595,3730968112
dMean__Epithelial_15_ct_all/OPTIM_pcs/base_output/base/cis_nominal1.cis_qtl_pairs.18.tsv,87545021,29360187,8,58072800497,1117719088
dMean__Epithelial_15_ct_all/OPTIM_pcs/base_output/base/cis_nominal1.cis_qtl_pairs.13.tsv,101678212,33836376,8,58102160827,707801519
dMean__Platelet_ct_all/OPTIM_pcs/base_output/base/cis_nominal1.cis_qtl_pairs.3.tsv,212698403,67194574,8,58135997346,1447692541
dMean__Platelet_ct_all/OPTIM_pcs/base_output/base/cis_nominal1.cis_qtl_pairs.15.tsv,110632786,35416611,8,58203192057,2376012692
dMean__Platelet_ct_all/OPTIM_pcs/base_output/base/cis_nominal1.cis_qtl_pairs.16.tsv,156879415,51006115,8,58238608806,537651379
dMean__Platelet_ct_all/OPTIM_pcs/base_output/base/cis_nominal1.cis_qtl_pairs.4.tsv,156183336,49000791,8,58289615059,3160107799
dMean__Platelet_ct_all/OPTIM_pcs/base_output/base/cis_nominal1.cis_qtl_pairs.21.tsv,37917341,12158985,8,58338615987,4061947360
dMean__Platelet_ct_all/OPTIM_pcs/base_output/base/cis_nominal1.cis_qtl_pairs.7.tsv,183424664,58476968,8,58350775110,1866015690
dMean__Platelet_ct_all/OPTIM_pcs/base_output/base/cis_nominal1.cis_qtl_pairs.22.tsv,85203295,27436307,8,58409252215,3337536263
dMean__Platelet_ct_all/OPTIM_pcs/base_output/base/cis_nominal1.cis_qtl_pairs.11.tsv,200174559,63185321,8,58436688660,1866792199
dMean__Platelet_ct_all/OPTIM_pcs/base_output/base/cis_nominal1.cis_qtl_pairs.6.tsv,268989551,78033163,8,58499874119,8730583
dMean__Platelet_ct_all/OPTIM_pcs/base_output/base/cis_nominal1.cis_qtl_pairs.2.tsv,256435965,81918268,8,58577907419,252152067
dMean__Platelet_ct_all/OPTIM_pcs/base_output/base/cis_nominal1.cis_qtl_pairs.17.tsv,201382327,64680465,8,58659825824,3010119415
dMean__Platelet_ct_all/OPTIM_pcs/base_output/base/Cis_eqtls_qval.tsv,2325316,986466,8,58724506427,1991613108
dMean__Platelet_ct_all/OPTIM_pcs/base_output/base/cis_nominal1.cis_qtl_pairs.5.tsv,175107638,55477140,8,58725493016,3172122207
dMean__Platelet_ct_all/OPTIM_pcs/base_output/base/cis_nominal1.cis_qtl_pairs.9.tsv,153418375,49397585,8,58780970293,3818671220
dMean__Platelet_ct_all/OPTIM_pcs/base_output/base/cis_nominal1.cis_qtl_pairs.19.tsv,306165506,98383722,8,58830368015,2104698028
dMean__Platelet_ct_all/OPTIM_pcs/base_output/base/cis_nominal1.cis_qtl_pairs.10.tsv,150995024,47260427,8,58928751875,2612465014
dMean__Platelet_ct_all/OPTIM_pcs/base_output/base/cis_nominal1.cis_qtl_pairs.8.tsv,127926211,40837236,8,58976012440,629720786
dMean__Platelet_ct_all/OPTIM_pcs/base_output/base/cis_nominal1.cis_qtl_pairs.14.tsv,129147865,41074224,8,59016849813,3846182931
dMean__Platelet_ct_all/OPTIM_pcs/base_output/base/cis_nominal1.cis_qtl_pairs.1.tsv,338536413,106948618,8,59057924175,2477730620
dMean__Platelet_ct_all/OPTIM_pcs/base_output/base/cis_nominal1.cis_qtl_pairs.20.tsv,99880950,31929444,8,59164872930,1233562176
dMean__Platelet_ct_all/OPTIM_pcs/base_output/base/Cis_eqtls_independent.tsv,32590,14034,8,59196802512,2994419340
dMean__Platelet_ct_all/OPTIM_pcs/base_output/base/cis_nominal1.cis_qtl_pairs.12.tsv,201683215,63238810,8,59196816676,1665104544
dMean__Platelet_ct_all/OPTIM_pcs/base_output/base/cis_nominal1.cis_qtl_pairs.18.tsv,67527387,21562871,8,59260055624,596402822
dMean__Platelet_ct_all/OPTIM_pcs/base_output/base/cis_nominal1.cis_qtl_pairs.13.tsv,76128210,23960432,8,59281618633,3375415584
dMean__T_21_blood_all/OPTIM_pcs/base_output/base/cis_nominal1.cis_qtl_pairs.3.tsv,218708383,66591937,8,59305579203,1262499671
dMean__T_21_blood_all/OPTIM_pcs/base_output/base/cis_nominal1.cis_qtl_pairs.15.tsv,111790617,34736879,8,59372171276,604543733
dMean__T_21_blood_all/OPTIM_pcs/base_output/base/cis_nominal1.cis_qtl_pairs.16.tsv,168563297,53254947,8,59406908292,174309358
dMean__T_21_blood_all/OPTIM_pcs/base_output/base/cis_nominal1.cis_qtl_pairs.4.tsv,152684084,46290732,8,59460163376,1640184968
dMean__T_21_blood_all/OPTIM_pcs/base_output/base/cis_nominal1.cis_qtl_pairs.21.tsv,45427371,14095880,8,59506454244,2331589248
dMean__T_21_blood_all/OPTIM_pcs/base_output/base/cis_nominal1.cis_qtl_pairs.7.tsv,196356496,60435142,8,59520550261,3214252412
dMean__T_21_blood_all/OPTIM_pcs/base_output/base/cis_nominal1.cis_qtl_pairs.22.tsv,90088272,28182529,8,59580985539,4210665693
dMean__T_21_blood_all/OPTIM_pcs/base_output/base/cis_nominal1.cis_qtl_pairs.11.tsv,210426662,64045055,8,59609168205,3139354350
dMean__T_21_blood_all/OPTIM_pcs/base_output/base/cis_nominal1.cis_qtl_pairs.6.tsv,290682063,79726623,8,59673213397,126291807
dMean__T_21_blood_all/OPTIM_pcs/base_output/base/cis_nominal1.cis_qtl_pairs.2.tsv,257178474,79275358,8,59752940156,3515595012
dMean__T_21_blood_all/OPTIM_pcs/base_output/base/cis_nominal1.cis_qtl_pairs.17.tsv,221963210,68900508,8,59832215650,3214841971
dMean__T_21_blood_all/OPTIM_pcs/base_output/base/Cis_eqtls_qval.tsv,2446029,1016252,8,59901116295,942177348
dMean__T_21_blood_all/OPTIM_pcs/base_output/base/cis_nominal1.cis_qtl_pairs.5.tsv,179640715,55047771,8,59902132669,1706015182
dMean__T_21_blood_all/OPTIM_pcs/base_output/base/cis_nominal1.cis_qtl_pairs.9.tsv,149906819,46751362,8,59957180576,840599302
dMean__T_21_blood_all/OPTIM_pcs/base_output/base/cis_nominal1.cis_qtl_pairs.19.tsv,321946992,100275043,8,60003932074,304710608
dMean__T_21_blood_all/OPTIM_pcs/base_output/base/cis_nominal1.cis_qtl_pairs.10.tsv,153331789,46182579,8,60104207254,1941996799
dMean__T_21_blood_all/OPTIM_pcs/base_output/base/cis_nominal1.cis_qtl_pairs.8.tsv,129837306,40087513,8,60150389970,1727168254
dMean__T_21_blood_all/OPTIM_pcs/base_output/base/cis_nominal1.cis_qtl_pairs.14.tsv,145145788,44597157,8,60190477619,3432473748
dMean__T_21_blood_all/OPTIM_pcs/base_output/base/cis_nominal1.cis_qtl_pairs.1.tsv,349622295,106637193,8,60235074913,914732387
dMean__T_21_blood_all/OPTIM_pcs/base_output/base/cis_nominal1.cis_qtl_pairs.20.tsv,105502731,32685737,8,60341712242,2157640172
dMean__T_21_blood_all/OPTIM_pcs/base_output/base/Cis_eqtls_independent.tsv,3970,1832,8,60374398116,2351878783
dMean__T_21_blood_all/OPTIM_pcs/base_output/base/cis_nominal1.cis_qtl_pairs.12.tsv,215550973,65177127,8,60374400077,510594189
dMean__T_21_blood_all/OPTIM_pcs/base_output/base/cis_nominal1.cis_qtl_pairs.18.tsv,63475729,19674332,8,60439577341,3412004495
dMean__T_21_blood_all/OPTIM_pcs/base_output/base/cis_nominal1.cis_qtl_pairs.13.tsv,77981404,23792145,8,60459251810,1250683594
dMean__Myeloid_1_ct_all/OPTIM_pcs/base_output/base/cis_nominal1.cis_qtl_pairs.3.tsv,347125589,110926852,8,60483044092,1796009070
dMean__Myeloid_1_ct_all/OPTIM_pcs/base_output/base/cis_nominal1.cis_qtl_pairs.15.tsv,201495166,65239411,8,60593971082,547057729
dMean__Myeloid_1_ct_all/OPTIM_pcs/base_output/base/cis_nominal1.cis_qtl_pairs.16.tsv,295457548,96977868,8,60659210632,3016329240
dMean__Myeloid_1_ct_all/OPTIM_pcs/base_output/base/cis_nominal1.cis_qtl_pairs.4.tsv,254739400,81023065,8,60756188639,3707879241
dMean__Myeloid_1_ct_all/OPTIM_pcs/base_output/base/cis_nominal1.cis_qtl_pairs.21.tsv,74781343,24189453,8,60837211842,1975038946
dMean__Myeloid_1_ct_all/OPTIM_pcs/base_output/base/cis_nominal1.cis_qtl_pairs.7.tsv,308176677,99347911,8,60861401434,1620330645
dMean__Myeloid_1_ct_all/OPTIM_pcs/base_output/base/cis_nominal1.cis_qtl_pairs.22.tsv,154431760,50198103,8,60960749483,357997569
dMean__Myeloid_1_ct_all/OPTIM_pcs/base_output/base/cis_nominal1.cis_qtl_pairs.11.tsv,335265410,106868216,8,61010947725,1024133793
dMean__Myeloid_1_ct_all/OPTIM_pcs/base_output/base/cis_nominal1.cis_qtl_pairs.6.tsv,439113377,130677380,8,61117816080,975713697
dMean__Myeloid_1_ct_all/OPTIM_pcs/base_output/base/cis_nominal1.cis_qtl_pairs.2.tsv,407545512,131518358,8,61248493598,3986198726
dMean__Myeloid_1_ct_all/OPTIM_pcs/base_output/base/cis_nominal1.cis_qtl_pairs.17.tsv,368877519,119683840,8,61380012094,496696649
dMean__Myeloid_1_ct_all/OPTIM_pcs/base_output/base/Cis_eqtls_qval.tsv,3888154,1674033,8,61499696073,3126460331
dMean__Myeloid_1_ct_all/OPTIM_pcs/base_output/base/cis_nominal1.cis_qtl_pairs.5.tsv,279628812,89533077,8,61501370230,1376092703
dMean__Myeloid_1_ct_all/OPTIM_pcs/base_output/base/cis_nominal1.cis_qtl_pairs.9.tsv,232755311,75665006,8,61590903445,3563732875
dMean__Myeloid_1_ct_all/OPTIM_pcs/base_output/base/cis_nominal1.cis_qtl_pairs.19.tsv,528662740,171727993,8,61666568589,2743745356
dMean__Myeloid_1_ct_all/OPTIM_pcs/base_output/base/cis_nominal1.cis_qtl_pairs.10.tsv,236114011,74834043,8,61838296721,750594347
dMean__Myeloid_1_ct_all/OPTIM_pcs/base_output/base/cis_nominal1.cis_qtl_pairs.8.tsv,227105508,73341892,8,61913130903,672468936
dMean__Myeloid_1_ct_all/OPTIM_pcs/base_output/base/cis_nominal1.cis_qtl_pairs.14.tsv,229188774,73656138,8,61986472933,1627773998
dMean__Myeloid_1_ct_all/OPTIM_pcs/base_output/base/cis_nominal1.cis_qtl_pairs.1.tsv,566009625,181120657,8,62060129210,3968890334
dMean__Myeloid_1_ct_all/OPTIM_pcs/base_output/base/cis_nominal1.cis_qtl_pairs.20.tsv,166563587,53807878,8,62241250005,968510507
dMean__Myeloid_1_ct_all/OPTIM_pcs/base_output/base/Cis_eqtls_independent.tsv,451172,184792,8,62295058022,3604972944
dMean__Myeloid_1_ct_all/OPTIM_pcs/base_output/base/cis_nominal1.cis_qtl_pairs.12.tsv,358901148,114020855,8,62295242945,2149317929
dMean__Myeloid_1_ct_all/OPTIM_pcs/base_output/base/cis_nominal1.cis_qtl_pairs.18.tsv,111437761,35944212,8,62409263939,4152847680
dMean__Myeloid_1_ct_all/OPTIM_pcs/base_output/base/cis_nominal1.cis_qtl_pairs.13.tsv,111234005,35442348,8,62445208290,1459171465
dMean__Epithelial_28_ti_all/OPTIM_pcs/base_output/base/cis_nominal1.cis_qtl_pairs.3.tsv,256767330,84697488,8,62480650777,1720406409
dMean__Epithelial_28_ti_all/OPTIM_pcs/base_output/base/cis_nominal1.cis_qtl_pairs.15.tsv,149046160,49531655,8,62565348407,3300780951
dMean__Epithelial_28_ti_all/OPTIM_pcs/base_output/base/cis_nominal1.cis_qtl_pairs.16.tsv,205537249,69160415,8,62614880205,3346391256
dMean__Epithelial_28_ti_all/OPTIM_pcs/base_output/base/cis_nominal1.cis_qtl_pairs.4.tsv,193488647,63581908,8,62684040763,2016462212
dMean__Epithelial_28_ti_all/OPTIM_pcs/base_output/base/cis_nominal1.cis_qtl_pairs.21.tsv,49875270,16588324,8,62747622813,3754773103
dMean__Epithelial_28_ti_all/OPTIM_pcs/base_output/base/cis_nominal1.cis_qtl_pairs.7.tsv,230823640,76745459,8,62764211280,599555284
dMean__Epithelial_28_ti_all/OPTIM_pcs/base_output/base/cis_nominal1.cis_qtl_pairs.22.tsv,103545351,34469443,8,62840956881,2142372013
dMean__Epithelial_28_ti_all/OPTIM_pcs/base_output/base/cis_nominal1.cis_qtl_pairs.11.tsv,262490304,86410277,8,62875426467,1753024834
dMean__Epithelial_28_ti_all/OPTIM_pcs/base_output/base/cis_nominal1.cis_qtl_pairs.6.tsv,339331797,106222286,8,62961836887,4212472569
dMean__Epithelial_28_ti_all/OPTIM_pcs/base_output/base/cis_nominal1.cis_qtl_pairs.2.tsv,293324782,97411729,8,63068059315,2931235804
dMean__Epithelial_28_ti_all/OPTIM_pcs/base_output/base/cis_nominal1.cis_qtl_pairs.17.tsv,261169169,86976415,8,63165471186,2104868377
dMean__Epithelial_28_ti_all/OPTIM_pcs/base_output/base/Cis_eqtls_qval.tsv,2835430,1211310,8,63252447744,3513226136
dMean__Epithelial_28_ti_all/OPTIM_pcs/base_output/base/cis_nominal1.cis_qtl_pairs.5.tsv,201100463,66527216,8,63253659182,3168653301
dMean__Epithelial_28_ti_all/OPTIM_pcs/base_output/base/cis_nominal1.cis_qtl_pairs.9.tsv,190484638,63713194,8,63320186540,2642897359
dMean__Epithelial_28_ti_all/OPTIM_pcs/base_output/base/cis_nominal1.cis_qtl_pairs.19.tsv,344867383,114952742,8,63383899876,1364717384
dMean__Epithelial_28_ti_all/OPTIM_pcs/base_output/base/cis_nominal1.cis_qtl_pairs.10.tsv,187292834,61274346,8,63498852761,2031716729
dMean__Epithelial_28_ti_all/OPTIM_pcs/base_output/base/cis_nominal1.cis_qtl_pairs.8.tsv,164892438,54862002,8,63560127250,2031226539
dMean__Epithelial_28_ti_all/OPTIM_pcs/base_output/base/cis_nominal1.cis_qtl_pairs.14.tsv,169039718,55860242,8,63614989394,2879211558
dMean__Epithelial_28_ti_all/OPTIM_pcs/base_output/base/cis_nominal1.cis_qtl_pairs.1.tsv,423317234,140080000,8,63670849779,4031164008
dMean__Epithelial_28_ti_all/OPTIM_pcs/base_output/base/cis_nominal1.cis_qtl_pairs.20.tsv,124737198,41471321,8,63810929921,67406995
dMean__Epithelial_28_ti_all/OPTIM_pcs/base_output/base/Cis_eqtls_independent.tsv,80490,33750,8,63852401385,2238919236
dMean__Epithelial_28_ti_all/OPTIM_pcs/base_output/base/cis_nominal1.cis_qtl_pairs.12.tsv,243354503,79803917,8,63852435270,450283507
dMean__Epithelial_28_ti_all/OPTIM_pcs/base_output/base/cis_nominal1.cis_qtl_pairs.18.tsv,73870790,24516861,8,63932239330,1300241749
dMean__Epithelial_28_ti_all/OPTIM_pcs/base_output/base/cis_nominal1.cis_qtl_pairs.13.tsv,88074170,29026530,8,63956756334,2185308652
dMean__Epithelial_20_r_all/OPTIM_pcs/base_output/base/cis_nominal1.cis_qtl_pairs.3.tsv,249268062,81810995,8,63985783007,1500370505
dMean__Epithelial_20_r_all/OPTIM_pcs/base_output/base/cis_nominal1.cis_qtl_pairs.15.tsv,145454163,48079151,8,64067594143,2374232243
dMean__Epithelial_20_r_all/OPTIM_pcs/base_output/base/cis_nominal1.cis_qtl_pairs.16.tsv,208103236,69729444,8,64115673436,1521032140
dMean__Epithelial_20_r_all/OPTIM_pcs/base_output/base/cis_nominal1.cis_qtl_pairs.4.tsv,192176436,62790166,8,64185403022,3139032644
dMean__Epithelial_20_r_all/OPTIM_pcs/base_output/base/cis_nominal1.cis_qtl_pairs.21.tsv,51345504,17005117,8,64248193329,964604447
dMean__Epithelial_20_r_all/OPTIM_pcs/base_output/base/cis_nominal1.cis_qtl_pairs.7.tsv,225324682,74587379,8,64265198588,1918717969
dMean__Epithelial_20_r_all/OPTIM_pcs/base_output/base/cis_nominal1.cis_qtl_pairs.22.tsv,103189704,34167898,8,64339786108,3281070613
dMean__Epithelial_20_r_all/OPTIM_pcs/base_output/base/cis_nominal1.cis_qtl_pairs.11.tsv,253648192,83229246,8,64373954148,905992075
dMean__Epithelial_20_r_all/OPTIM_pcs/base_output/base/cis_nominal1.cis_qtl_pairs.6.tsv,316089926,97601444,8,64457183536,1718832285
dMean__Epithelial_20_r_all/OPTIM_pcs/base_output/base/cis_nominal1.cis_qtl_pairs.2.tsv,296812559,97958192,8,64554785121,1977984203
dMean__Epithelial_20_r_all/OPTIM_pcs/base_output/base/cis_nominal1.cis_qtl_pairs.17.tsv,259558056,85986277,8,64652743454,3416788447
dMean__Epithelial_20_r_all/OPTIM_pcs/base_output/base/Cis_eqtls_qval.tsv,2798818,1202118,8,64738729873,3674401198
dMean__Epithelial_20_r_all/OPTIM_pcs/base_output/base/cis_nominal1.cis_qtl_pairs.5.tsv,198051012,65142855,8,64739932118,3203227399
dMean__Epithelial_20_r_all/OPTIM_pcs/base_output/base/cis_nominal1.cis_qtl_pairs.9.tsv,188310265,62699866,8,64805075114,2296338249
dMean__Epithelial_20_r_all/OPTIM_pcs/base_output/base/cis_nominal1.cis_qtl_pairs.19.tsv,336656598,111673023,8,64867775121,4135105542
dMean__Epithelial_20_r_all/OPTIM_pcs/base_output/base/cis_nominal1.cis_qtl_pairs.10.tsv,187457089,60985375,8,64979448286,388523493
dMean__Epithelial_20_r_all/OPTIM_pcs/base_output/base/cis_nominal1.cis_qtl_pairs.8.tsv,158100641,52276718,8,65040433803,1277461371
dMean__Epithelial_20_r_all/OPTIM_pcs/base_output/base/cis_nominal1.cis_qtl_pairs.14.tsv,171486639,56321306,8,65092710662,112461029
dMean__Epithelial_20_r_all/OPTIM_pcs/base_output/base/cis_nominal1.cis_qtl_pairs.1.tsv,414065493,136229041,8,65149032110,897232188
dMean__Epithelial_20_r_all/OPTIM_pcs/base_output/base/cis_nominal1.cis_qtl_pairs.20.tsv,120841943,40019155,8,65285261292,4244154037
dMean__Epithelial_20_r_all/OPTIM_pcs/base_output/base/Cis_eqtls_independent.tsv,264007,108480,8,65325280589,2741605032
dMean__Epithelial_20_r_all/OPTIM_pcs/base_output/base/cis_nominal1.cis_qtl_pairs.12.tsv,230461298,75036893,8,65325389203,4094276471
dMean__Epithelial_20_r_all/OPTIM_pcs/base_output/base/cis_nominal1.cis_qtl_pairs.18.tsv,72502149,23891983,8,65400426238,908511376
dMean__Epithelial_20_r_all/OPTIM_pcs/base_output/base/cis_nominal1.cis_qtl_pairs.13.tsv,84891909,27798692,8,65424318363,1790022506
dMean__T_6_ti_all/OPTIM_pcs/base_output/base/cis_nominal1.cis_qtl_pairs.3.tsv,257460556,85656865,8,65452117197,2853862145
dMean__T_6_ti_all/OPTIM_pcs/base_output/base/cis_nominal1.cis_qtl_pairs.15.tsv,143216166,47883888,8,65537774194,744551920
dMean__T_6_ti_all/OPTIM_pcs/base_output/base/cis_nominal1.cis_qtl_pairs.16.tsv,207696056,70311652,8,65585658215,2515630257
dMean__T_6_ti_all/OPTIM_pcs/base_output/base/cis_nominal1.cis_qtl_pairs.4.tsv,189696187,63118388,8,65655970000,3682091521
dMean__T_6_ti_all/OPTIM_pcs/base_output/base/cis_nominal1.cis_qtl_pairs.21.tsv,56211701,18811214,8,65719088520,1961654084
dMean__T_6_ti_all/OPTIM_pcs/base_output/base/cis_nominal1.cis_qtl_pairs.7.tsv,226029568,75692286,8,65737899867,3509354091
dMean__T_6_ti_all/OPTIM_pcs/base_output/base/cis_nominal1.cis_qtl_pairs.22.tsv,116017167,38890545,8,65813592285,1440748869
dMean__T_6_ti_all/OPTIM_pcs/base_output/base/cis_nominal1.cis_qtl_pairs.11.tsv,251114862,83312261,8,65852482963,1275650963
dMean__T_6_ti_all/OPTIM_pcs/base_output/base/cis_nominal1.cis_qtl_pairs.6.tsv,353408411,111825084,8,65935795357,4180432295
dMean__T_6_ti_all/OPTIM_pcs/base_output/base/cis_nominal1.cis_qtl_pairs.2.tsv,302945383,101366047,8,66047620573,388827476
dMean__T_6_ti_all/OPTIM_pcs/base_output/base/cis_nominal1.cis_qtl_pairs.17.tsv,281658263,94408334,8,66148986752,2084466813
dMean__T_6_ti_all/OPTIM_pcs/base_output/base/Cis_eqtls_qval.tsv,2901346,1245348,8,66243395219,4037793776
dMean__T_6_ti_all/OPTIM_pcs/base_output/base/cis_nominal1.cis_qtl_pairs.5.tsv,207940650,69319993,8,66244640685,1322483946
dMean__T_6_ti_all/OPTIM_pcs/base_output/base/cis_nominal1.cis_qtl_pairs.9.tsv,179228557,60345845,8,66313960810,4040521120
dMean__T_6_ti_all/OPTIM_pcs/base_output/base/cis_nominal1.cis_qtl_pairs.19.tsv,388270966,130115484,8,66374306787,3171764787
dMean__T_6_ti_all/OPTIM_pcs/base_output/base/cis_nominal1.cis_qtl_pairs.10.tsv,183745302,60681955,8,66504422404,3210918721
dMean__T_6_ti_all/OPTIM_pcs/base_output/base/cis_nominal1.cis_qtl_pairs.8.tsv,159941883,53655543,8,66565104492,1984736530
dMean__T_6_ti_all/OPTIM_pcs/base_output/base/cis_nominal1.cis_qtl_pairs.14.tsv,180360606,60038134,8,66618760167,3775007166
dMean__T_6_ti_all/OPTIM_pcs/base_output/base/cis_nominal1.cis_qtl_pairs.1.tsv,416744757,138861937,8,66678798434,1352849711
dMean__T_6_ti_all/OPTIM_pcs/base_output/base/cis_nominal1.cis_qtl_pairs.20.tsv,125448497,41992247,8,66817660503,2120550705
dMean__T_6_ti_all/OPTIM_pcs/base_output/base/Cis_eqtls_independent.tsv,193892,80083,8,66859652883,3410285059
dMean__T_6_ti_all/OPTIM_pcs/base_output/base/cis_nominal1.cis_qtl_pairs.12.tsv,263790712,87191670,8,66859733091,3509772575
dMean__T_6_ti_all/OPTIM_pcs/base_output/base/cis_nominal1.cis_qtl_pairs.18.tsv,78204557,26179629,8,66946924894,2240856883
dMean__T_6_ti_all/OPTIM_pcs/base_output/base/cis_nominal1.cis_qtl_pairs.13.tsv,90099150,29915087,8,66973104656,4239477327
dMean__Mesenchymal_1_ti_all/OPTIM_pcs/base_output/base/cis_nominal1.cis_qtl_pairs.3.tsv,241796145,77210032,8,67003019876,435106531
dMean__Mesenchymal_1_ti_all/OPTIM_pcs/base_output/base/cis_nominal1.cis_qtl_pairs.15.tsv,137904502,44484473,8,67080230050,244154174
dMean__Mesenchymal_1_ti_all/OPTIM_pcs/base_output/base/cis_nominal1.cis_qtl_pairs.16.tsv,186511846,61269346,8,67124714666,3041140919
dMean__Mesenchymal_1_ti_all/OPTIM_pcs/base_output/base/cis_nominal1.cis_qtl_pairs.4.tsv,193313500,61375724,8,67185984155,2500390346
dMean__Mesenchymal_1_ti_all/OPTIM_pcs/base_output/base/cis_nominal1.cis_qtl_pairs.21.tsv,49965455,16147789,8,67247360021,243467386
dMean__Mesenchymal_1_ti_all/OPTIM_pcs/base_output/base/cis_nominal1.cis_qtl_pairs.7.tsv,221521188,71354244,8,67263507953,1009284886
dMean__Mesenchymal_1_ti_all/OPTIM_pcs/base_output/base/cis_nominal1.cis_qtl_pairs.22.tsv,98063409,31810721,8,67334862339,1879806417
dMean__Mesenchymal_1_ti_all/OPTIM_pcs/base_output/base/cis_nominal1.cis_qtl_pairs.11.tsv,249510400,79451723,8,67366673203,2385242528
dMean__Mesenchymal_1_ti_all/OPTIM_pcs/base_output/base/cis_nominal1.cis_qtl_pairs.6.tsv,317120326,93449723,8,67446125069,2706410813
dMean__Mesenchymal_1_ti_all/OPTIM_pcs/base_output/base/cis_nominal1.cis_qtl_pairs.2.tsv,290531998,93252314,8,67539574934,1212889506
dMean__Mesenchymal_1_ti_all/OPTIM_pcs/base_output/base/cis_nominal1.cis_qtl_pairs.17.tsv,245755477,79482608,8,67632827390,484533606
dMean__Mesenchymal_1_ti_all/OPTIM_pcs/base_output/base/Cis_eqtls_qval.tsv,2716209,1134476,8,67712310141,464404265
dMean__Mesenchymal_1_ti_all/OPTIM_pcs/base_output/base/cis_nominal1.cis_qtl_pairs.5.tsv,206673011,66127814,8,67713444745,645520054
dMean__Mesenchymal_1_ti_all/OPTIM_pcs/base_output/base/cis_nominal1.cis_qtl_pairs.9.tsv,184790741,59988956,8,67779572701,3049003144
dMean__Mesenchymal_1_ti_all/OPTIM_pcs/base_output/base/cis_nominal1.cis_qtl_pairs.19.tsv,324985741,105238235,8,67839561799,2448495696
dMean__Mesenchymal_1_ti_all/OPTIM_pcs/base_output/base/cis_nominal1.cis_qtl_pairs.10.tsv,185561853,58578025,8,67944800177,926125057
dMean__Mesenchymal_1_ti_all/OPTIM_pcs/base_output/base/cis_nominal1.cis_qtl_pairs.8.tsv,158135754,50962912,8,68003378345,2624174847
dMean__Mesenchymal_1_ti_all/OPTIM_pcs/base_output/base/cis_nominal1.cis_qtl_pairs.14.tsv,165280926,52928398,8,68054341399,1727645301
dMean__Mesenchymal_1_ti_all/OPTIM_pcs/base_output/base/cis_nominal1.cis_qtl_pairs.1.tsv,389042585,124261771,8,68107269940,832920808
dMean__Mesenchymal_1_ti_all/OPTIM_pcs/base_output/base/cis_nominal1.cis_qtl_pairs.20.tsv,116120564,37410508,8,68231531853,694239798
dMean__Mesenchymal_1_ti_all/OPTIM_pcs/base_output/base/Cis_eqtls_independent.tsv,6489,2955,8,68268942504,3483787278
dMean__Mesenchymal_1_ti_all/OPTIM_pcs/base_output/base/cis_nominal1.cis_qtl_pairs.12.tsv,242919673,76971795,8,68268945594,2390059344
dMean__Mesenchymal_1_ti_all/OPTIM_pcs/base_output/base/cis_nominal1.cis_qtl_pairs.18.tsv,71652346,23058446,8,68345917532,1994783223
dMean__Mesenchymal_1_ti_all/OPTIM_pcs/base_output/base/cis_nominal1.cis_qtl_pairs.13.tsv,84462864,26819620,8,68368976121,3592149582
dMean__Secretory_ti_all/OPTIM_pcs/base_output/base/cis_nominal1.cis_qtl_pairs.3.tsv,395041873,130858275,8,68395795884,3175573502
dMean__Secretory_ti_all/OPTIM_pcs/base_output/base/cis_nominal1.cis_qtl_pairs.15.tsv,243704733,81324163,8,68526654297,3552387336
dMean__Secretory_ti_all/OPTIM_pcs/base_output/base/cis_nominal1.cis_qtl_pairs.16.tsv,341590424,115252745,8,68607978599,1993398515
dMean__Secretory_ti_all/OPTIM_pcs/base_output/base/cis_nominal1.cis_qtl_pairs.4.tsv,299241892,98797092,8,68723231483,687378371
dMean__Secretory_ti_all/OPTIM_pcs/base_output/base/cis_nominal1.cis_qtl_pairs.21.tsv,91530267,30567031,8,68822028713,557851911
dMean__Secretory_ti_all/OPTIM_pcs/base_output/base/cis_nominal1.cis_qtl_pairs.7.tsv,362572283,121049545,8,68852595883,1023571499
dMean__Secretory_ti_all/OPTIM_pcs/base_output/base/cis_nominal1.cis_qtl_pairs.22.tsv,168549568,56285312,8,68973645566,209978766
dMean__Secretory_ti_all/OPTIM_pcs/base_output/base/cis_nominal1.cis_qtl_pairs.11.tsv,388379106,128304866,8,69029931017,2263713044
dMean__Secretory_ti_all/OPTIM_pcs/base_output/base/cis_nominal1.cis_qtl_pairs.6.tsv,508989696,160079822,8,69158236022,3855630752
dMean__Secretory_ti_all/OPTIM_pcs/base_output/base/cis_nominal1.cis_qtl_pairs.2.tsv,474434103,157976284,8,69318315982,905793976
dMean__Secretory_ti_all/OPTIM_pcs/base_output/base/cis_nominal1.cis_qtl_pairs.17.tsv,422196225,140980353,8,69476292404,1630944664
dMean__Secretory_ti_all/OPTIM_pcs/base_output/base/Cis_eqtls_qval.tsv,4480811,1934596,8,69617272896,4096410998
dMean__Secretory_ti_all/OPTIM_pcs/base_output/base/cis_nominal1.cis_qtl_pairs.5.tsv,332789602,110425396,8,69619207616,2527696531
dMean__Secretory_ti_all/OPTIM_pcs/base_output/base/cis_nominal1.cis_qtl_pairs.9.tsv,279580498,93833639,8,69729633150,3474195570
dMean__Secretory_ti_all/OPTIM_pcs/base_output/base/cis_nominal1.cis_qtl_pairs.19.tsv,555565039,185812960,8,69823466927,3127535318
dMean__Secretory_ti_all/OPTIM_pcs/base_output/base/cis_nominal1.cis_qtl_pairs.10.tsv,294053947,96667388,8,70009280026,3248570780
dMean__Secretory_ti_all/OPTIM_pcs/base_output/base/cis_nominal1.cis_qtl_pairs.8.tsv,275377395,91920599,8,70105947553,2747819667
dMean__Secretory_ti_all/OPTIM_pcs/base_output/base/cis_nominal1.cis_qtl_pairs.14.tsv,260053530,86212752,8,70197868290,3004441424
dMean__Secretory_ti_all/OPTIM_pcs/base_output/base/cis_nominal1.cis_qtl_pairs.1.tsv,662235553,219718583,8,70284081181,771089254
dMean__Secretory_ti_all/OPTIM_pcs/base_output/base/cis_nominal1.cis_qtl_pairs.20.tsv,187660064,62603396,8,70503799902,2526008653
dMean__Secretory_ti_all/OPTIM_pcs/base_output/base/Cis_eqtls_independent.tsv,1616974,661097,8,70566403437,2398595525
dMean__Secretory_ti_all/OPTIM_pcs/base_output/base/cis_nominal1.cis_qtl_pairs.12.tsv,382375951,125926370,8,70567064665,909111541
dMean__Secretory_ti_all/OPTIM_pcs/base_output/base/cis_nominal1.cis_qtl_pairs.18.tsv,134067847,44627830,8,70692991174,3815774278
dMean__Secretory_ti_all/OPTIM_pcs/base_output/base/cis_nominal1.cis_qtl_pairs.13.tsv,132969108,43957339,8,70737619143,3428305035
dMean__T_3_ct_all/OPTIM_pcs/base_output/base/cis_nominal1.cis_qtl_pairs.3.tsv,257379245,85618916,8,70781576621,2860501752
dMean__T_3_ct_all/OPTIM_pcs/base_output/base/cis_nominal1.cis_qtl_pairs.15.tsv,142759633,47763210,8,70867195669,681505990
dMean__T_3_ct_all/OPTIM_pcs/base_output/base/cis_nominal1.cis_qtl_pairs.16.tsv,208484944,70648968,8,70914959012,3582393086
dMean__T_3_ct_all/OPTIM_pcs/base_output/base/cis_nominal1.cis_qtl_pairs.4.tsv,186814483,62103642,8,70985608113,1325911720
dMean__T_3_ct_all/OPTIM_pcs/base_output/base/cis_nominal1.cis_qtl_pairs.21.tsv,56044556,18785903,8,71047711887,1123937493
dMean__T_3_ct_all/OPTIM_pcs/base_output/base/cis_nominal1.cis_qtl_pairs.7.tsv,227042859,76025481,8,71066497923,416518258
dMean__T_3_ct_all/OPTIM_pcs/base_output/base/cis_nominal1.cis_qtl_pairs.22.tsv,112708595,37813541,8,71142523536,3150150911
dMean__T_3_ct_all/OPTIM_pcs/base_output/base/cis_nominal1.cis_qtl_pairs.11.tsv,254614545,84559045,8,71180337210,2287029615
dMean__T_3_ct_all/OPTIM_pcs/base_output/base/cis_nominal1.cis_qtl_pairs.6.tsv,349824721,110072828,8,71264896388,4018196298
dMean__T_3_ct_all/OPTIM_pcs/base_output/base/cis_nominal1.cis_qtl_pairs.2.tsv,302722083,101323313,8,71374969348,2000905294
dMean__T_3_ct_all/OPTIM_pcs/base_output/base/cis_nominal1.cis_qtl_pairs.17.tsv,285709876,95762604,8,71476292793,2884378758
dMean__T_3_ct_all/OPTIM_pcs/base_output/base/Cis_eqtls_qval.tsv,2926370,1257358,8,71572055530,7691490
dMean__T_3_ct_all/OPTIM_pcs/base_output/base/cis_nominal1.cis_qtl_pairs.5.tsv,211616599,70547041,8,71573313006,2354355994
dMean__T_3_ct_all/OPTIM_pcs/base_output/base/cis_nominal1.cis_qtl_pairs.9.tsv,180617907,60843120,8,71643860179,3132341900
dMean__T_3_ct_all/OPTIM_pcs/base_output/base/cis_nominal1.cis_qtl_pairs.19.tsv,393165184,131853990,8,71704703431,1353534088
dMean__T_3_ct_all/OPTIM_pcs/base_output/base/cis_nominal1.cis_qtl_pairs.10.tsv,191449457,63233450,8,71836557554,2152907056
dMean__T_3_ct_all/OPTIM_pcs/base_output/base/cis_nominal1.cis_qtl_pairs.8.tsv,160923860,53991035,8,71899791137,2080624283
dMean__T_3_ct_all/OPTIM_pcs/base_output/base/cis_nominal1.cis_qtl_pairs.14.tsv,187817234,62555151,8,71953782304,3276592571
dMean__T_3_ct_all/OPTIM_pcs/base_output/base/cis_nominal1.cis_qtl_pairs.1.tsv,429951084,143223824,8,72016337588,994390848
dMean__T_3_ct_all/OPTIM_pcs/base_output/base/cis_nominal1.cis_qtl_pairs.20.tsv,125964812,42202005,8,72159561544,399749035
dMean__T_3_ct_all/OPTIM_pcs/base_output/base/Cis_eqtls_independent.tsv,232081,95712,8,72201763682,2433959178
dMean__T_3_ct_all/OPTIM_pcs/base_output/base/cis_nominal1.cis_qtl_pairs.12.tsv,263464548,87092772,8,72201859519,1826608483
dMean__T_3_ct_all/OPTIM_pcs/base_output/base/cis_nominal1.cis_qtl_pairs.18.tsv,78988097,26423370,8,72288952424,2146942203
dMean__T_3_ct_all/OPTIM_pcs/base_output/base/cis_nominal1.cis_qtl_pairs.13.tsv,90673302,30092569,8,72315375927,1125286651
dMean__T_10_ti_all/OPTIM_pcs/base_output/base/cis_nominal1.cis_qtl_pairs.3.tsv,188889567,59803785,8,72345468629,533456614
dMean__T_10_ti_all/OPTIM_pcs/base_output/base/cis_nominal1.cis_qtl_pairs.15.tsv,98517468,31585460,8,72405272547,2221595410
dMean__T_10_ti_all/OPTIM_pcs/base_output/base/cis_nominal1.cis_qtl_pairs.16.tsv,142833458,46681916,8,72436858141,925092614
dMean__T_10_ti_all/OPTIM_pcs/base_output/base/cis_nominal1.cis_qtl_pairs.4.tsv,138920115,43788884,8,72483540191,397651080
dMean__T_10_ti_all/OPTIM_pcs/base_output/base/cis_nominal1.cis_qtl_pairs.21.tsv,38061657,12240312,8,72527329208,433508937
dMean__T_10_ti_all/OPTIM_pcs/base_output/base/cis_nominal1.cis_qtl_pairs.7.tsv,168237050,53878400,8,72539569654,2666272409
dMean__T_10_ti_all/OPTIM_pcs/base_output/base/cis_nominal1.cis_qtl_pairs.22.tsv,77952361,25210658,8,72593448187,3389329454
dMean__T_10_ti_all/OPTIM_pcs/base_output/base/cis_nominal1.cis_qtl_pairs.11.tsv,175928121,55719249,8,72618658979,2896565712
dMean__T_10_ti_all/OPTIM_pcs/base_output/base/cis_nominal1.cis_qtl_pairs.6.tsv,255194807,74707577,8,72674378362,3988677019
dMean__T_10_ti_all/OPTIM_pcs/base_output/base/cis_nominal1.cis_qtl_pairs.2.tsv,228736064,73382725,8,72749086072,2006278178
dMean__T_10_ti_all/OPTIM_pcs/base_output/base/cis_nominal1.cis_qtl_pairs.17.tsv,190255186,61405796,8,72822468930,3503808541
dMean__T_10_ti_all/OPTIM_pcs/base_output/base/Cis_eqtls_qval.tsv,2085550,862723,8,72883874860,2074295709
dMean__T_10_ti_all/OPTIM_pcs/base_output/base/cis_nominal1.cis_qtl_pairs.5.tsv,153029580,48708447,8,72884737702,2960413849
dMean__T_10_ti_all/OPTIM_pcs/base_output/base/cis_nominal1.cis_qtl_pairs.9.tsv,131383972,42409858,8,72933446282,1910555032
dMean__T_10_ti_all/OPTIM_pcs/base_output/base/cis_nominal1.cis_qtl_pairs.19.tsv,256543992,82665804,8,72975856273,2195929657
dMean__T_10_ti_all/OPTIM_pcs/base_output/base/cis_nominal1.cis_qtl_pairs.10.tsv,136431409,42820913,8,73058522211,246512906
dMean__T_10_ti_all/OPTIM_pcs/base_output/base/cis_nominal1.cis_qtl_pairs.8.tsv,108590235,34811566,8,73101343258,1853701589
dMean__T_10_ti_all/OPTIM_pcs/base_output/base/cis_nominal1.cis_qtl_pairs.14.tsv,123098565,39129499,8,73136154957,1235340845
dMean__T_10_ti_all/OPTIM_pcs/base_output/base/cis_nominal1.cis_qtl_pairs.1.tsv,300800795,95466778,8,73175284590,2308545186
dMean__T_10_ti_all/OPTIM_pcs/base_output/base/cis_nominal1.cis_qtl_pairs.20.tsv,90824183,29238557,8,73270751501,1770296296
dMean__T_10_ti_all/OPTIM_pcs/base_output/base/Cis_eqtls_independent.tsv,2916,1397,8,73299990192,554632742
dMean__T_10_ti_all/OPTIM_pcs/base_output/base/cis_nominal1.cis_qtl_pairs.12.tsv,188665209,59480704,8,73299991715,3235249649
dMean__T_10_ti_all/OPTIM_pcs/base_output/base/cis_nominal1.cis_qtl_pairs.18.tsv,56726093,18203741,8,73359472553,2667764527
dMean__T_10_ti_all/OPTIM_pcs/base_output/base/cis_nominal1.cis_qtl_pairs.13.tsv,66450285,20992574,8,73377676428,3514876917
dMean__B_13_ct_all/OPTIM_pcs/base_output/base/cis_nominal1.cis_qtl_pairs.3.tsv,180810319,56679747,8,73398669136,3614556754
dMean__B_13_ct_all/OPTIM_pcs/base_output/base/cis_nominal1.cis_qtl_pairs.15.tsv,94790116,30120877,8,73455349016,490260296
dMean__B_13_ct_all/OPTIM_pcs/base_output/base/cis_nominal1.cis_qtl_pairs.16.tsv,147970466,47993601,8,73485470027,3918978019
dMean__B_13_ct_all/OPTIM_pcs/base_output/base/cis_nominal1.cis_qtl_pairs.4.tsv,134293181,41790813,8,73533463762,3254204814
dMean__B_13_ct_all/OPTIM_pcs/base_output/base/cis_nominal1.cis_qtl_pairs.21.tsv,36685417,11715414,8,73575254708,2256199147
dMean__B_13_ct_all/OPTIM_pcs/base_output/base/cis_nominal1.cis_qtl_pairs.7.tsv,165012701,52366320,8,73586970256,3018606189
dMean__B_13_ct_all/OPTIM_pcs/base_output/base/cis_nominal1.cis_qtl_pairs.22.tsv,79357902,25292548,8,73639336709,3606099794
dMean__B_13_ct_all/OPTIM_pcs/base_output/base/cis_nominal1.cis_qtl_pairs.11.tsv,178476199,55900949,8,73664629391,1529438637
dMean__B_13_ct_all/OPTIM_pcs/base_output/base/cis_nominal1.cis_qtl_pairs.6.tsv,260198812,74290105,8,73720530474,976648281
dMean__B_13_ct_all/OPTIM_pcs/base_output/base/cis_nominal1.cis_qtl_pairs.2.tsv,231414533,73289800,8,73794820712,1539858732
dMean__B_13_ct_all/OPTIM_pcs/base_output/base/cis_nominal1.cis_qtl_pairs.17.tsv,183344419,58554111,8,73868110645,244920509
dMean__B_13_ct_all/OPTIM_pcs/base_output/base/Cis_eqtls_qval.tsv,2088926,860057,8,73926664890,3781271722
dMean__B_13_ct_all/OPTIM_pcs/base_output/base/cis_nominal1.cis_qtl_pairs.5.tsv,154023382,48426154,8,73927525066,2712628163
dMean__B_13_ct_all/OPTIM_pcs/base_output/base/cis_nominal1.cis_qtl_pairs.9.tsv,131061212,41857465,8,73975951353,219818274
dMean__B_13_ct_all/OPTIM_pcs/base_output/base/cis_nominal1.cis_qtl_pairs.19.tsv,270074091,86295253,8,74017808951,1769370264
dMean__B_13_ct_all/OPTIM_pcs/base_output/base/cis_nominal1.cis_qtl_pairs.10.tsv,135440254,41993952,8,74104104338,2612750924
dMean__B_13_ct_all/OPTIM_pcs/base_output/base/cis_nominal1.cis_qtl_pairs.8.tsv,114629644,36408425,8,74146098424,3483140760
dMean__B_13_ct_all/OPTIM_pcs/base_output/base/cis_nominal1.cis_qtl_pairs.14.tsv,125182342,39438113,8,74182506982,2120356050
dMean__B_13_ct_all/OPTIM_pcs/base_output/base/cis_nominal1.cis_qtl_pairs.1.tsv,303110282,94955185,8,74221945229,3590749145
dMean__B_13_ct_all/OPTIM_pcs/base_output/base/cis_nominal1.cis_qtl_pairs.20.tsv,92299612,29378876,8,74316900547,973489948
dMean__B_13_ct_all/OPTIM_pcs/base_output/base/Cis_eqtls_independent.tsv,2486,1197,8,74346279557,2000499053
dMean__B_13_ct_all/OPTIM_pcs/base_output/base/cis_nominal1.cis_qtl_pairs.12.tsv,183299732,57043316,8,74346280880,1392611781
dMean__B_13_ct_all/OPTIM_pcs/base_output/base/cis_nominal1.cis_qtl_pairs.18.tsv,53924635,17065745,8,74403324330,3970175925
dMean__B_13_ct_all/OPTIM_pcs/base_output/base/cis_nominal1.cis_qtl_pairs.13.tsv,66995740,20967447,8,74420390209,389819739
dMean__T_2_r_all/OPTIM_pcs/base_output/base/cis_nominal1.cis_qtl_pairs.3.tsv,205437376,67648199,8,74441357790,3706432251
dMean__T_2_r_all/OPTIM_pcs/base_output/base/cis_nominal1.cis_qtl_pairs.15.tsv,108711614,36004811,8,74509006120,2590853181
dMean__T_2_r_all/OPTIM_pcs/base_output/base/cis_nominal1.cis_qtl_pairs.16.tsv,156388148,52617207,8,74545011063,3050833081
dMean__T_2_r_all/OPTIM_pcs/base_output/base/cis_nominal1.cis_qtl_pairs.4.tsv,151422900,49803971,8,74597628402,1648186915
dMean__T_2_r_all/OPTIM_pcs/base_output/base/cis_nominal1.cis_qtl_pairs.21.tsv,42578740,14128480,8,74647432504,2394650901
dMean__T_2_r_all/OPTIM_pcs/base_output/base/cis_nominal1.cis_qtl_pairs.7.tsv,184614210,61282094,8,74661561116,1746933272
dMean__T_2_r_all/OPTIM_pcs/base_output/base/cis_nominal1.cis_qtl_pairs.22.tsv,85083534,28289535,8,74722843341,3400328830
dMean__T_2_r_all/OPTIM_pcs/base_output/base/cis_nominal1.cis_qtl_pairs.11.tsv,194758701,64087934,8,74751133008,1397598161
dMean__T_2_r_all/OPTIM_pcs/base_output/base/cis_nominal1.cis_qtl_pairs.6.tsv,277802782,86433853,8,74815221074,4078783142
dMean__T_2_r_all/OPTIM_pcs/base_output/base/cis_nominal1.cis_qtl_pairs.2.tsv,246444111,81759968,8,74901655058,291288433
dMean__T_2_r_all/OPTIM_pcs/base_output/base/cis_nominal1.cis_qtl_pairs.17.tsv,209107505,69412479,8,74983415157,473162074
dMean__T_2_r_all/OPTIM_pcs/base_output/base/Cis_eqtls_qval.tsv,2267849,959198,8,75052827768,3997454356
dMean__T_2_r_all/OPTIM_pcs/base_output/base/cis_nominal1.cis_qtl_pairs.5.tsv,166496708,54963413,8,75053787083,3443012231
dMean__T_2_r_all/OPTIM_pcs/base_output/base/cis_nominal1.cis_qtl_pairs.9.tsv,140105332,46769898,8,75108750627,2494137374
dMean__T_2_r_all/OPTIM_pcs/base_output/base/cis_nominal1.cis_qtl_pairs.19.tsv,287251403,95550124,8,75155520656,1914314726
dMean__T_2_r_all/OPTIM_pcs/base_output/base/cis_nominal1.cis_qtl_pairs.10.tsv,147964246,48410892,8,75251070912,3242974565
dMean__T_2_r_all/OPTIM_pcs/base_output/base/cis_nominal1.cis_qtl_pairs.8.tsv,118692052,39362095,8,75299481936,1222970589
dMean__T_2_r_all/OPTIM_pcs/base_output/base/cis_nominal1.cis_qtl_pairs.14.tsv,136183727,44869352,8,75338844162,3648096087
dMean__T_2_r_all/OPTIM_pcs/base_output/base/cis_nominal1.cis_qtl_pairs.1.tsv,327892853,108300237,8,75383713646,4272965883
dMean__T_2_r_all/OPTIM_pcs/base_output/base/cis_nominal1.cis_qtl_pairs.20.tsv,102686590,34160919,8,75492014014,3977684986
dMean__T_2_r_all/OPTIM_pcs/base_output/base/Cis_eqtls_independent.tsv,30042,13011,8,75526175065,4217946439
dMean__T_2_r_all/OPTIM_pcs/base_output/base/cis_nominal1.cis_qtl_pairs.12.tsv,204337581,66803668,8,75526188200,2989010582
dMean__T_2_r_all/OPTIM_pcs/base_output/base/cis_nominal1.cis_qtl_pairs.18.tsv,63961259,21193472,8,75592992000,2077057518
dMean__T_2_r_all/OPTIM_pcs/base_output/base/cis_nominal1.cis_qtl_pairs.13.tsv,74435146,24462762,8,75614185604,2315226115
dMean__Epithelial_19_r_all/OPTIM_pcs/base_output/base/cis_nominal1.cis_qtl_pairs.3.tsv,304522286,100739695,8,75638648498,2660578796
dMean__Epithelial_19_r_all/OPTIM_pcs/base_output/base/cis_nominal1.cis_qtl_pairs.15.tsv,177083408,58884303,8,75739388334,1024763564
dMean__Epithelial_19_r_all/OPTIM_pcs/base_output/base/cis_nominal1.cis_qtl_pairs.16.tsv,250929604,84527141,8,75798272779,543425048
dMean__Epithelial_19_r_all/OPTIM_pcs/base_output/base/cis_nominal1.cis_qtl_pairs.4.tsv,228026471,75157380,8,75882800062,3708323114
dMean__Epithelial_19_r_all/OPTIM_pcs/base_output/base/cis_nominal1.cis_qtl_pairs.21.tsv,62309610,20723177,8,75957957583,903719551
dMean__Epithelial_19_r_all/OPTIM_pcs/base_output/base/cis_nominal1.cis_qtl_pairs.7.tsv,267872832,89217517,8,75978680902,14103222
dMean__Epithelial_19_r_all/OPTIM_pcs/base_output/base/cis_nominal1.cis_qtl_pairs.22.tsv,123338800,41115043,8,76067898560,2621004914
dMean__Epithelial_19_r_all/OPTIM_pcs/base_output/base/cis_nominal1.cis_qtl_pairs.11.tsv,302954126,99970678,8,76109013745,2725643084
dMean__Epithelial_19_r_all/OPTIM_pcs/base_output/base/cis_nominal1.cis_qtl_pairs.6.tsv,383626272,120699362,8,76208984565,4263727793
dMean__Epithelial_19_r_all/OPTIM_pcs/base_output/base/cis_nominal1.cis_qtl_pairs.2.tsv,355910038,118256755,8,76329684068,2286413406
dMean__Epithelial_19_r_all/OPTIM_pcs/base_output/base/cis_nominal1.cis_qtl_pairs.17.tsv,304044731,101321988,8,76447940964,467338319
dMean__Epithelial_19_r_all/OPTIM_pcs/base_output/base/Cis_eqtls_qval.tsv,3366263,1449869,8,76549263094,1105251543
dMean__Epithelial_19_r_all/OPTIM_pcs/base_output/base/cis_nominal1.cis_qtl_pairs.5.tsv,245888166,81456341,8,76550713090,1808250246
dMean__Epithelial_19_r_all/OPTIM_pcs/base_output/base/cis_nominal1.cis_qtl_pairs.9.tsv,223961497,75003091,8,76632169572,3181410936
dMean__Epithelial_19_r_all/OPTIM_pcs/base_output/base/cis_nominal1.cis_qtl_pairs.19.tsv,421197261,140483601,8,76707172804,790174475
dMean__Epithelial_19_r_all/OPTIM_pcs/base_output/base/cis_nominal1.cis_qtl_pairs.10.tsv,223167588,73178086,8,76847656547,981666221
dMean__Epithelial_19_r_all/OPTIM_pcs/base_output/base/cis_nominal1.cis_qtl_pairs.8.tsv,192198044,63992722,8,76920834775,1135238563
dMean__Epithelial_19_r_all/OPTIM_pcs/base_output/base/cis_nominal1.cis_qtl_pairs.14.tsv,204308861,67603203,8,76984827638,1552896674
dMean__Epithelial_19_r_all/OPTIM_pcs/base_output/base/cis_nominal1.cis_qtl_pairs.1.tsv,494052818,163818791,8,77052430983,2525631793
dMean__Epithelial_19_r_all/OPTIM_pcs/base_output/base/cis_nominal1.cis_qtl_pairs.20.tsv,146858646,48940792,8,77216249915,3284374185
dMean__Epithelial_19_r_all/OPTIM_pcs/base_output/base/Cis_eqtls_independent.tsv,400115,164426,8,77265190849,3155579311
dMean__Epithelial_19_r_all/OPTIM_pcs/base_output/base/cis_nominal1.cis_qtl_pairs.12.tsv,281704188,92508032,8,77265355409,2498932791
dMean__Epithelial_19_r_all/OPTIM_pcs/base_output/base/cis_nominal1.cis_qtl_pairs.18.tsv,87153222,28925554,8,77357863583,1719799438
dMean__Epithelial_19_r_all/OPTIM_pcs/base_output/base/cis_nominal1.cis_qtl_pairs.13.tsv,99499915,32831585,8,77386789279,858751463
dMean__T_2_ct_all/OPTIM_pcs/base_output/base/cis_nominal1.cis_qtl_pairs.3.tsv,280029364,93411269,8,77419621006,2800255080
dMean__T_2_ct_all/OPTIM_pcs/base_output/base/cis_nominal1.cis_qtl_pairs.15.tsv,159164047,53365774,8,77513032407,3931369119
dMean__T_2_ct_all/OPTIM_pcs/base_output/base/cis_nominal1.cis_qtl_pairs.16.tsv,234048674,79440879,8,77566398314,3277188557
dMean__T_2_ct_all/OPTIM_pcs/base_output/base/cis_nominal1.cis_qtl_pairs.4.tsv,204016516,68029605,8,77645839326,3088731676
dMean__T_2_ct_all/OPTIM_pcs/base_output/base/cis_nominal1.cis_qtl_pairs.21.tsv,64339568,21608663,8,77713869063,1713810943
dMean__T_2_ct_all/OPTIM_pcs/base_output/base/cis_nominal1.cis_qtl_pairs.7.tsv,250934684,84236935,8,77735477859,3370296617
dMean__T_2_ct_all/OPTIM_pcs/base_output/base/cis_nominal1.cis_qtl_pairs.22.tsv,124952309,41993449,8,77819714926,3511333867
dMean__T_2_ct_all/OPTIM_pcs/base_output/base/cis_nominal1.cis_qtl_pairs.11.tsv,276782913,92178514,8,77861708508,1201859269
dMean__T_2_ct_all/OPTIM_pcs/base_output/base/cis_nominal1.cis_qtl_pairs.6.tsv,379888331,120788523,8,77953887155,301837135
dMean__T_2_ct_all/OPTIM_pcs/base_output/base/cis_nominal1.cis_qtl_pairs.2.tsv,333846344,111971942,8,78074675810,3975879658
dMean__T_2_ct_all/OPTIM_pcs/base_output/base/cis_nominal1.cis_qtl_pairs.17.tsv,312281592,104896546,8,78186647884,3685741709
dMean__T_2_ct_all/OPTIM_pcs/base_output/base/Cis_eqtls_qval.tsv,3219918,1388714,8,78291544563,139861028
dMean__T_2_ct_all/OPTIM_pcs/base_output/base/cis_nominal1.cis_qtl_pairs.5.tsv,229438183,76683620,8,78292933395,3905506733
dMean__T_2_ct_all/OPTIM_pcs/base_output/base/cis_nominal1.cis_qtl_pairs.9.tsv,196783980,66428974,8,78369617147,112501796
dMean__T_2_ct_all/OPTIM_pcs/base_output/base/cis_nominal1.cis_qtl_pairs.19.tsv,429603668,144441486,8,78436046253,3189226070
dMean__T_2_ct_all/OPTIM_pcs/base_output/base/cis_nominal1.cis_qtl_pairs.10.tsv,208652191,69141645,8,78580487872,1629756728
dMean__T_2_ct_all/OPTIM_pcs/base_output/base/cis_nominal1.cis_qtl_pairs.8.tsv,177236734,59590838,8,78649629650,2928066286
dMean__T_2_ct_all/OPTIM_pcs/base_output/base/cis_nominal1.cis_qtl_pairs.14.tsv,205795761,68680472,8,78709220620,2565942257
dMean__T_2_ct_all/OPTIM_pcs/base_output/base/cis_nominal1.cis_qtl_pairs.1.tsv,471967633,157765506,8,78777901225,3060238948
dMean__T_2_ct_all/OPTIM_pcs/base_output/base/cis_nominal1.cis_qtl_pairs.20.tsv,137720148,46263643,8,78935666863,3646779771
dMean__T_2_ct_all/OPTIM_pcs/base_output/base/Cis_eqtls_independent.tsv,447580,183732,8,78981930639,2123184162
dMean__T_2_ct_all/OPTIM_pcs/base_output/base/cis_nominal1.cis_qtl_pairs.12.tsv,301095349,99787845,8,78982114496,347187888
dMean__T_2_ct_all/OPTIM_pcs/base_output/base/cis_nominal1.cis_qtl_pairs.18.tsv,86211116,28909386,8,79081902474,3578880871
dMean__T_2_ct_all/OPTIM_pcs/base_output/base/cis_nominal1.cis_qtl_pairs.13.tsv,98442053,32765371,8,79110811993,1582653333
dMean__T_13_blood_all/OPTIM_pcs/base_output/base/cis_nominal1.cis_qtl_pairs.3.tsv,292199279,91873628,8,79143577497,1517121010
dMean__T_13_blood_all/OPTIM_pcs/base_output/base/cis_nominal1.cis_qtl_pairs.15.tsv,154694754,49364851,8,79235451261,2556494790
dMean__T_13_blood_all/OPTIM_pcs/base_output/base/cis_nominal1.cis_qtl_pairs.16.tsv,239888775,77737213,8,79284816249,1417695373
dMean__T_13_blood_all/OPTIM_pcs/base_output/base/cis_nominal1.cis_qtl_pairs.4.tsv,200696860,62768216,8,79362553599,1806279099
dMean__T_13_blood_all/OPTIM_pcs/base_output/base/cis_nominal1.cis_qtl_pairs.21.tsv,63942292,20437000,8,79425321951,306499825
dMean__T_13_blood_all/OPTIM_pcs/base_output/base/cis_nominal1.cis_qtl_pairs.7.tsv,251188636,79624784,8,79445759088,4128395858
dMean__T_13_blood_all/OPTIM_pcs/base_output/base/cis_nominal1.cis_qtl_pairs.22.tsv,121393677,38956022,8,79525384008,3224999049
dMean__T_13_blood_all/OPTIM_pcs/base_output/base/cis_nominal1.cis_qtl_pairs.11.tsv,276284295,86886842,8,79564340167,2479021364
dMean__T_13_blood_all/OPTIM_pcs/base_output/base/cis_nominal1.cis_qtl_pairs.6.tsv,373353389,107475375,8,79651227146,392472507
dMean__T_13_blood_all/OPTIM_pcs/base_output/base/cis_nominal1.cis_qtl_pairs.2.tsv,333751164,105985722,8,79758702657,641720272
dMean__T_13_blood_all/OPTIM_pcs/base_output/base/cis_nominal1.cis_qtl_pairs.17.tsv,305119600,97534040,8,79864688515,526562199
dMean__T_13_blood_all/OPTIM_pcs/base_output/base/Cis_eqtls_qval.tsv,3255694,1392732,8,79962222692,3361499167
dMean__T_13_blood_all/OPTIM_pcs/base_output/base/cis_nominal1.cis_qtl_pairs.5.tsv,237795627,75007217,8,79963615546,1385813318
dMean__T_13_blood_all/OPTIM_pcs/base_output/base/cis_nominal1.cis_qtl_pairs.9.tsv,195996765,62871064,8,80038622899,3435823286
dMean__T_13_blood_all/OPTIM_pcs/base_output/base/cis_nominal1.cis_qtl_pairs.19.tsv,431949166,138391177,8,80101494099,2333466024
dMean__T_13_blood_all/OPTIM_pcs/base_output/base/cis_nominal1.cis_qtl_pairs.10.tsv,215561577,67208799,8,80239885413,3550112459
dMean__T_13_blood_all/OPTIM_pcs/base_output/base/cis_nominal1.cis_qtl_pairs.8.tsv,183577473,58509525,8,80307094349,3366031089
dMean__T_13_blood_all/OPTIM_pcs/base_output/base/cis_nominal1.cis_qtl_pairs.14.tsv,212391007,67218286,8,80365604010,3564923869
dMean__T_13_blood_all/OPTIM_pcs/base_output/base/cis_nominal1.cis_qtl_pairs.1.tsv,465995839,146722657,8,80432822433,2463245458
dMean__T_13_blood_all/OPTIM_pcs/base_output/base/cis_nominal1.cis_qtl_pairs.20.tsv,141088005,44933676,8,80579545226,4087707116
dMean__T_13_blood_all/OPTIM_pcs/base_output/base/Cis_eqtls_independent.tsv,104421,43429,8,80624479039,457735810
dMean__T_13_blood_all/OPTIM_pcs/base_output/base/cis_nominal1.cis_qtl_pairs.12.tsv,278731037,87131061,8,80624522597,1023232612
dMean__T_13_blood_all/OPTIM_pcs/base_output/base/cis_nominal1.cis_qtl_pairs.18.tsv,88902134,28254003,8,80711653795,2470403817
dMean__T_13_blood_all/OPTIM_pcs/base_output/base/cis_nominal1.cis_qtl_pairs.13.tsv,97233213,30421630,8,80739907935,500904035
dMean__B_12_r_all/OPTIM_pcs/base_output/base/cis_nominal1.cis_qtl_pairs.3.tsv,175111866,56476527,8,80770329702,586934068
dMean__B_12_r_all/OPTIM_pcs/base_output/base/cis_nominal1.cis_qtl_pairs.15.tsv,91714611,29867310,8,80826806361,2867998657
dMean__B_12_r_all/OPTIM_pcs/base_output/base/cis_nominal1.cis_qtl_pairs.16.tsv,109237232,36226072,8,80856673804,691106827
dMean__B_12_r_all/OPTIM_pcs/base_output/base/cis_nominal1.cis_qtl_pairs.4.tsv,133065784,42685756,8,80892900009,2868110517
dMean__B_12_r_all/OPTIM_pcs/base_output/base/cis_nominal1.cis_qtl_pairs.21.tsv,34115134,11144822,8,80935585897,3880249554
dMean__B_12_r_all/OPTIM_pcs/base_output/base/cis_nominal1.cis_qtl_pairs.7.tsv,147557165,48153553,8,80946730852,936467004
dMean__B_12_r_all/OPTIM_pcs/base_output/base/cis_nominal1.cis_qtl_pairs.22.tsv,66175283,21634185,8,80994884537,2967322104
dMean__B_12_r_all/OPTIM_pcs/base_output/base/cis_nominal1.cis_qtl_pairs.11.tsv,149990441,48426693,8,81016518855,1289065883
dMean__B_12_r_all/OPTIM_pcs/base_output/base/cis_nominal1.cis_qtl_pairs.6.tsv,226214872,68597096,8,81064945681,3410791747
dMean__B_12_r_all/OPTIM_pcs/base_output/base/cis_nominal1.cis_qtl_pairs.2.tsv,214449913,69838353,8,81133542909,2911373043
dMean__B_12_r_all/OPTIM_pcs/base_output/base/cis_nominal1.cis_qtl_pairs.17.tsv,147625335,48246033,8,81203381394,3880345540
dMean__B_12_r_all/OPTIM_pcs/base_output/base/Cis_eqtls_qval.tsv,1826909,753958,8,81251627560,3514216784
dMean__B_12_r_all/OPTIM_pcs/base_output/base/cis_nominal1.cis_qtl_pairs.5.tsv,142818439,46234854,8,81252381636,912654519
dMean__B_12_r_all/OPTIM_pcs/base_output/base/cis_nominal1.cis_qtl_pairs.9.tsv,112640239,36915521,8,81298616622,1164928451
dMean__B_12_r_all/OPTIM_pcs/base_output/base/cis_nominal1.cis_qtl_pairs.19.tsv,201167810,65606086,8,81335532275,1081711572
dMean__B_12_r_all/OPTIM_pcs/base_output/base/cis_nominal1.cis_qtl_pairs.10.tsv,129027143,41385981,8,81401138494,3380449552
dMean__B_12_r_all/OPTIM_pcs/base_output/base/cis_nominal1.cis_qtl_pairs.8.tsv,106033547,34470763,8,81442524608,3137391418
dMean__B_12_r_all/OPTIM_pcs/base_output/base/cis_nominal1.cis_qtl_pairs.14.tsv,109971903,35579342,8,81476995503,3325995120
dMean__B_12_r_all/OPTIM_pcs/base_output/base/cis_nominal1.cis_qtl_pairs.1.tsv,266351562,86050501,8,81512574978,3098360686
dMean__B_12_r_all/OPTIM_pcs/base_output/base/cis_nominal1.cis_qtl_pairs.20.tsv,74760088,24425925,8,81598625611,4061234409
dMean__B_12_r_all/OPTIM_pcs/base_output/base/Cis_eqtls_independent.tsv,3981,1867,8,81623051669,3904948571
dMean__B_12_r_all/OPTIM_pcs/base_output/base/cis_nominal1.cis_qtl_pairs.12.tsv,172278257,55263998,8,81623053661,1594221686
dMean__B_12_r_all/OPTIM_pcs/base_output/base/cis_nominal1.cis_qtl_pairs.18.tsv,52955475,17206966,8,81678317792,2545516426
dMean__B_12_r_all/OPTIM_pcs/base_output/base/cis_nominal1.cis_qtl_pairs.13.tsv,67902694,21860777,8,81695524891,1215579834
dMean__Myeloid_3_blood_all/OPTIM_pcs/base_output/base/cis_nominal1.cis_qtl_pairs.3.tsv,323078265,101864534,8,81717385801,2468340693
dMean__Myeloid_3_blood_all/OPTIM_pcs/base_output/base/cis_nominal1.cis_qtl_pairs.15.tsv,180833179,57857187,8,81819250476,3234202961
dMean__Myeloid_3_blood_all/OPTIM_pcs/base_output/base/cis_nominal1.cis_qtl_pairs.16.tsv,278247552,90305979,8,81877107805,2222019886
dMean__Myeloid_3_blood_all/OPTIM_pcs/base_output/base/cis_nominal1.cis_qtl_pairs.4.tsv,232250213,72752852,8,81967413926,2199493258
dMean__Myeloid_3_blood_all/OPTIM_pcs/base_output/base/cis_nominal1.cis_qtl_pairs.21.tsv,72949601,23334705,8,82040166919,1236153764
dMean__Myeloid_3_blood_all/OPTIM_pcs/base_output/base/cis_nominal1.cis_qtl_pairs.7.tsv,282950770,90010158,8,82063501766,284008814
dMean__Myeloid_3_blood_all/OPTIM_pcs/base_output/base/cis_nominal1.cis_qtl_pairs.22.tsv,142231571,45726432,8,82153512065,2094693401
dMean__Myeloid_3_blood_all/OPTIM_pcs/base_output/base/cis_nominal1.cis_qtl_pairs.11.tsv,319973049,100775766,8,82199238639,1686756956
dMean__Myeloid_3_blood_all/OPTIM_pcs/base_output/base/cis_nominal1.cis_qtl_pairs.6.tsv,429130421,124357398,8,82300014547,3521313675
dMean__Myeloid_3_blood_all/OPTIM_pcs/base_output/base/cis_nominal1.cis_qtl_pairs.2.tsv,377158666,120154832,8,82424372086,1185948234
dMean__Myeloid_3_blood_all/OPTIM_pcs/base_output/base/cis_nominal1.cis_qtl_pairs.17.tsv,349688740,112285199,8,82544527059,3923933655
dMean__Myeloid_3_blood_all/OPTIM_pcs/base_output/base/Cis_eqtls_qval.tsv,3691178,1585284,8,82656812400,977979671
dMean__Myeloid_3_blood_all/OPTIM_pcs/base_output/base/cis_nominal1.cis_qtl_pairs.5.tsv,263091198,83176101,8,82658397811,3923546710
dMean__Myeloid_3_blood_all/OPTIM_pcs/base_output/base/cis_nominal1.cis_qtl_pairs.9.tsv,228232436,73342245,8,82741574053,1943442105
dMean__Myeloid_3_blood_all/OPTIM_pcs/base_output/base/cis_nominal1.cis_qtl_pairs.19.tsv,495559051,159239350,8,82814916439,2527673406
dMean__Myeloid_3_blood_all/OPTIM_pcs/base_output/base/cis_nominal1.cis_qtl_pairs.10.tsv,232206228,72550025,8,82974155931,371855929
dMean__Myeloid_3_blood_all/OPTIM_pcs/base_output/base/cis_nominal1.cis_qtl_pairs.8.tsv,214570879,68406252,8,83046706098,1222408641
dMean__Myeloid_3_blood_all/OPTIM_pcs/base_output/base/cis_nominal1.cis_qtl_pairs.14.tsv,217066226,68886681,8,83115112491,1927241909
dMean__Myeloid_3_blood_all/OPTIM_pcs/base_output/base/cis_nominal1.cis_qtl_pairs.1.tsv,532143149,167952972,8,83183999314,3231452837
dMean__Myeloid_3_blood_all/OPTIM_pcs/base_output/base/cis_nominal1.cis_qtl_pairs.20.tsv,153296335,48917011,8,83351952427,3082276144
dMean__Myeloid_3_blood_all/OPTIM_pcs/base_output/base/Cis_eqtls_independent.tsv,269006,110362,8,83400869580,2128653500
dMean__Myeloid_3_blood_all/OPTIM_pcs/base_output/base/cis_nominal1.cis_qtl_pairs.12.tsv,326575633,102302057,8,83400980076,3152678757
dMean__Myeloid_3_blood_all/OPTIM_pcs/base_output/base/cis_nominal1.cis_qtl_pairs.18.tsv,99831441,31784843,8,83503282275,1845219689
dMean__Myeloid_3_blood_all/OPTIM_pcs/base_output/base/cis_nominal1.cis_qtl_pairs.13.tsv,111716143,35073611,8,83535067260,569861641
dMean__Secretory_ct_all/OPTIM_pcs/base_output/base/cis_nominal1.cis_qtl_pairs.3.tsv,409008306,136474950,8,83570141013,1412280958
dMean__Secretory_ct_all/OPTIM_pcs/base_output/base/cis_nominal1.cis_qtl_pairs.15.tsv,251379363,84348748,8,83706616101,3555494595
dMean__Secretory_ct_all/OPTIM_pcs/base_output/base/cis_nominal1.cis_qtl_pairs.16.tsv,351605990,119270794,8,83790964988,769866766
dMean__Secretory_ct_all/OPTIM_pcs/base_output/base/cis_nominal1.cis_qtl_pairs.4.tsv,310898014,103453093,8,83910235921,574662758
dMean__Secretory_ct_all/OPTIM_pcs/base_output/base/cis_nominal1.cis_qtl_pairs.21.tsv,96909757,32554807,8,84013689152,1711981258
dMean__Secretory_ct_all/OPTIM_pcs/base_output/base/cis_nominal1.cis_qtl_pairs.7.tsv,374399267,125765693,8,84046244098,1170608489
dMean__Secretory_ct_all/OPTIM_pcs/base_output/base/cis_nominal1.cis_qtl_pairs.22.tsv,175489381,58984739,8,84172009929,2874675407
dMean__Secretory_ct_all/OPTIM_pcs/base_output/base/cis_nominal1.cis_qtl_pairs.11.tsv,407962741,135809915,8,84230994807,993012689
dMean__Secretory_ct_all/OPTIM_pcs/base_output/base/cis_nominal1.cis_qtl_pairs.6.tsv,520494020,166513780,8,84366804861,1243611711
dMean__Secretory_ct_all/OPTIM_pcs/base_output/base/cis_nominal1.cis_qtl_pairs.2.tsv,498625169,167027473,8,84533318779,677820706
dMean__Secretory_ct_all/OPTIM_pcs/base_output/base/cis_nominal1.cis_qtl_pairs.17.tsv,441413476,148302995,8,84700346390,2768620501
dMean__Secretory_ct_all/OPTIM_pcs/base_output/base/Cis_eqtls_qval.tsv,4668550,2014380,8,84848649524,3650415642
dMean__Secretory_ct_all/OPTIM_pcs/base_output/base/cis_nominal1.cis_qtl_pairs.5.tsv,347161399,116014209,8,84850664028,2722676697
dMean__Secretory_ct_all/OPTIM_pcs/base_output/base/cis_nominal1.cis_qtl_pairs.9.tsv,296481433,100145931,8,84966678375,3773330989
dMean__Secretory_ct_all/OPTIM_pcs/base_output/base/cis_nominal1.cis_qtl_pairs.19.tsv,577055675,194170623,8,85066824444,1192925053
dMean__Secretory_ct_all/OPTIM_pcs/base_output/base/cis_nominal1.cis_qtl_pairs.10.tsv,300588748,99507074,8,85260995206,4030745865
dMean__Secretory_ct_all/OPTIM_pcs/base_output/base/cis_nominal1.cis_qtl_pairs.8.tsv,291536790,97982777,8,85360502419,2746518413
dMean__Secretory_ct_all/OPTIM_pcs/base_output/base/cis_nominal1.cis_qtl_pairs.14.tsv,273996779,91452837,8,85458485334,2535302771
dMean__Secretory_ct_all/OPTIM_pcs/base_output/base/cis_nominal1.cis_qtl_pairs.1.tsv,684119045,228696277,8,85549938310,4203158189
dMean__Secretory_ct_all/OPTIM_pcs/base_output/base/cis_nominal1.cis_qtl_pairs.20.tsv,199499090,66985862,8,85778634725,228433943
dMean__Secretory_ct_all/OPTIM_pcs/base_output/base/Cis_eqtls_independent.tsv,2328863,952185,8,85845620726,3953062357
dMean__Secretory_ct_all/OPTIM_pcs/base_output/base/cis_nominal1.cis_qtl_pairs.12.tsv,405497779,134446111,8,85846573042,954907661
dMean__Secretory_ct_all/OPTIM_pcs/base_output/base/cis_nominal1.cis_qtl_pairs.18.tsv,139157943,46641609,8,85981019292,1070168126
dMean__Secretory_ct_all/OPTIM_pcs/base_output/base/cis_nominal1.cis_qtl_pairs.13.tsv,142524427,47388649,8,86027661040,2485266353
dMean__Myeloid_3_ct_all/OPTIM_pcs/base_output/base/cis_nominal1.cis_qtl_pairs.3.tsv,326176240,103697150,8,86075049828,1001366514
dMean__Myeloid_3_ct_all/OPTIM_pcs/base_output/base/cis_nominal1.cis_qtl_pairs.15.tsv,181161616,58371140,8,86178747116,197795751
dMean__Myeloid_3_ct_all/OPTIM_pcs/base_output/base/cis_nominal1.cis_qtl_pairs.16.tsv,279226787,91222262,8,86237118395,1865761290
dMean__Myeloid_3_ct_all/OPTIM_pcs/base_output/base/cis_nominal1.cis_qtl_pairs.4.tsv,233926221,73991498,8,86328340796,2114544396
dMean__Myeloid_3_ct_all/OPTIM_pcs/base_output/base/cis_nominal1.cis_qtl_pairs.21.tsv,73815857,23760062,8,86402332432,2762528655
dMean__Myeloid_3_ct_all/OPTIM_pcs/base_output/base/cis_nominal1.cis_qtl_pairs.7.tsv,283293776,90803323,8,86426092633,3470623666
dMean__Myeloid_3_ct_all/OPTIM_pcs/base_output/base/cis_nominal1.cis_qtl_pairs.22.tsv,141876208,45914968,8,86516896094,1733159739
dMean__Myeloid_3_ct_all/OPTIM_pcs/base_output/base/cis_nominal1.cis_qtl_pairs.11.tsv,320718262,101855025,8,86562811201,1721236803
dMean__Myeloid_3_ct_all/OPTIM_pcs/base_output/base/cis_nominal1.cis_qtl_pairs.6.tsv,425992614,125274132,8,86664666365,72653494
dMean__Myeloid_3_ct_all/OPTIM_pcs/base_output/base/cis_nominal1.cis_qtl_pairs.2.tsv,375511361,120519534,8,86789940635,3560282059
dMean__Myeloid_3_ct_all/OPTIM_pcs/base_output/base/cis_nominal1.cis_qtl_pairs.17.tsv,350979713,113446149,8,86910460307,2573420209
dMean__Myeloid_3_ct_all/OPTIM_pcs/base_output/base/Cis_eqtls_qval.tsv,3670601,1576659,8,87023906595,3918757691
dMean__Myeloid_3_ct_all/OPTIM_pcs/base_output/base/cis_nominal1.cis_qtl_pairs.5.tsv,261126783,83268345,8,87025483378,3658391358
dMean__Myeloid_3_ct_all/OPTIM_pcs/base_output/base/cis_nominal1.cis_qtl_pairs.9.tsv,228739119,74004127,8,87108751861,3872414437
dMean__Myeloid_3_ct_all/OPTIM_pcs/base_output/base/cis_nominal1.cis_qtl_pairs.19.tsv,496127696,160473114,8,87182756126,2785604511
dMean__Myeloid_3_ct_all/OPTIM_pcs/base_output/base/cis_nominal1.cis_qtl_pairs.10.tsv,230274469,72570413,8,87343229379,1601081054
dMean__Myeloid_3_ct_all/OPTIM_pcs/base_output/base/cis_nominal1.cis_qtl_pairs.8.tsv,212600257,68344451,8,87415799931,2373515023
dMean__Myeloid_3_ct_all/OPTIM_pcs/base_output/base/cis_nominal1.cis_qtl_pairs.14.tsv,219352777,70176440,8,87484144520,2070268740
dMean__Myeloid_3_ct_all/OPTIM_pcs/base_output/base/cis_nominal1.cis_qtl_pairs.1.tsv,535478104,170471662,8,87554321099,4020080933
dMean__Myeloid_3_ct_all/OPTIM_pcs/base_output/base/cis_nominal1.cis_qtl_pairs.20.tsv,154686965,49680759,8,87724792899,389064237
dMean__Myeloid_3_ct_all/OPTIM_pcs/base_output/base/Cis_eqtls_independent.tsv,278183,114298,8,87774473797,1973956777
dMean__Myeloid_3_ct_all/OPTIM_pcs/base_output/base/cis_nominal1.cis_qtl_pairs.12.tsv,326581517,103244539,8,87774588226,4007134508
dMean__Myeloid_3_ct_all/OPTIM_pcs/base_output/base/cis_nominal1.cis_qtl_pairs.18.tsv,98834834,31691084,8,87877832904,2984553034
dMean__Myeloid_3_ct_all/OPTIM_pcs/base_output/base/cis_nominal1.cis_qtl_pairs.13.tsv,111008360,35147155,8,87909524127,1228355362
dMean__B_6_ct_all/OPTIM_pcs/base_output/base/cis_nominal1.cis_qtl_pairs.3.tsv,269023847,87980824,8,87944671421,3569358038
dMean__B_6_ct_all/OPTIM_pcs/base_output/base/cis_nominal1.cis_qtl_pairs.15.tsv,145777844,47928874,8,88032652377,4021888189
dMean__B_6_ct_all/OPTIM_pcs/base_output/base/cis_nominal1.cis_qtl_pairs.16.tsv,223199886,74461869,8,88080581384,465919102
dMean__B_6_ct_all/OPTIM_pcs/base_output/base/cis_nominal1.cis_qtl_pairs.4.tsv,191287667,62269539,8,88155043386,2767958739
dMean__B_6_ct_all/OPTIM_pcs/base_output/base/cis_nominal1.cis_qtl_pairs.21.tsv,58607480,19337865,8,88217313057,2742443723
dMean__B_6_ct_all/OPTIM_pcs/base_output/base/cis_nominal1.cis_qtl_pairs.7.tsv,229530405,75555760,8,88236651055,3904107621
dMean__B_6_ct_all/OPTIM_pcs/base_output/base/cis_nominal1.cis_qtl_pairs.22.tsv,117848119,38845715,8,88312206947,1259776941
dMean__B_6_ct_all/OPTIM_pcs/base_output/base/cis_nominal1.cis_qtl_pairs.11.tsv,258280490,84046716,8,88351052795,2391675985
dMean__B_6_ct_all/OPTIM_pcs/base_output/base/cis_nominal1.cis_qtl_pairs.6.tsv,363310072,110800909,8,88435099644,802538433
dMean__B_6_ct_all/OPTIM_pcs/base_output/base/cis_nominal1.cis_qtl_pairs.2.tsv,323041333,106093993,8,88545900685,4283862225
dMean__B_6_ct_all/OPTIM_pcs/base_output/base/cis_nominal1.cis_qtl_pairs.17.tsv,263642232,86920890,8,88651994810,1240041662
dMean__B_6_ct_all/OPTIM_pcs/base_output/base/Cis_eqtls_qval.tsv,2984146,1279893,8,88738915833,788418371
dMean__B_6_ct_all/OPTIM_pcs/base_output/base/cis_nominal1.cis_qtl_pairs.5.tsv,214013948,70022912,8,88740195844,1007541743
dMean__B_6_ct_all/OPTIM_pcs/base_output/base/cis_nominal1.cis_qtl_pairs.9.tsv,186766061,61746422,8,88810218888,1381146899
dMean__B_6_ct_all/OPTIM_pcs/base_output/base/cis_nominal1.cis_qtl_pairs.19.tsv,386507483,127521720,8,88871965442,980851970
dMean__B_6_ct_all/OPTIM_pcs/base_output/base/cis_nominal1.cis_qtl_pairs.10.tsv,192300221,62151405,8,88999487295,946663903
dMean__B_6_ct_all/OPTIM_pcs/base_output/base/cis_nominal1.cis_qtl_pairs.8.tsv,175553426,57783833,8,89061638833,1279194020
dMean__B_6_ct_all/OPTIM_pcs/base_output/base/cis_nominal1.cis_qtl_pairs.14.tsv,179211332,58574671,8,89119422798,1004573177
dMean__B_6_ct_all/OPTIM_pcs/base_output/base/cis_nominal1.cis_qtl_pairs.1.tsv,432442548,141151316,8,89177997602,766912924
dMean__B_6_ct_all/OPTIM_pcs/base_output/base/cis_nominal1.cis_qtl_pairs.20.tsv,127802047,42150082,8,89319149050,2703712813
dMean__B_6_ct_all/OPTIM_pcs/base_output/base/Cis_eqtls_independent.tsv,114192,47516,8,89361299265,2098180557
dMean__B_6_ct_all/OPTIM_pcs/base_output/base/cis_nominal1.cis_qtl_pairs.12.tsv,268296512,86895292,8,89361346906,3436764229
dMean__B_6_ct_all/OPTIM_pcs/base_output/base/cis_nominal1.cis_qtl_pairs.18.tsv,75733677,24838536,8,89448242331,281772222
dMean__B_6_ct_all/OPTIM_pcs/base_output/base/cis_nominal1.cis_qtl_pairs.13.tsv,92557438,30093118,8,89473081000,448487177
dMean__Epithelial_10_r_all/OPTIM_pcs/base_output/base/cis_nominal1.cis_qtl_pairs.3.tsv,342704793,113328644,8,89503174251,3879859885
dMean__Epithelial_10_r_all/OPTIM_pcs/base_output/base/cis_nominal1.cis_qtl_pairs.15.tsv,204532504,68042075,8,89616503036,2955377020
dMean__Epithelial_10_r_all/OPTIM_pcs/base_output/base/cis_nominal1.cis_qtl_pairs.16.tsv,292882707,98621316,8,89684545253,2307221061
dMean__Epithelial_10_r_all/OPTIM_pcs/base_output/base/cis_nominal1.cis_qtl_pairs.4.tsv,254674031,83906312,8,89783166711,564384427
dMean__Epithelial_10_r_all/OPTIM_pcs/base_output/base/cis_nominal1.cis_qtl_pairs.21.tsv,73122480,24310604,8,89867073164,2156094352
dMean__Epithelial_10_r_all/OPTIM_pcs/base_output/base/cis_nominal1.cis_qtl_pairs.7.tsv,309838447,103190366,8,89891383910,2535582322
dMean__Epithelial_10_r_all/OPTIM_pcs/base_output/base/cis_nominal1.cis_qtl_pairs.22.tsv,145214243,48376814,8,89994574417,171848963
dMean__Epithelial_10_r_all/OPTIM_pcs/base_output/base/cis_nominal1.cis_qtl_pairs.11.tsv,345646123,114071760,8,90042951373,3889836788
dMean__Epithelial_10_r_all/OPTIM_pcs/base_output/base/cis_nominal1.cis_qtl_pairs.6.tsv,429377189,135042828,8,90157023275,35154576
dMean__Epithelial_10_r_all/OPTIM_pcs/base_output/base/cis_nominal1.cis_qtl_pairs.2.tsv,403185990,133947105,8,90292066244,2056953271
dMean__Epithelial_10_r_all/OPTIM_pcs/base_output/base/cis_nominal1.cis_qtl_pairs.17.tsv,351564452,117133862,8,90426013490,1464664597
dMean__Epithelial_10_r_all/OPTIM_pcs/base_output/base/Cis_eqtls_qval.tsv,3847565,1661737,8,90543147494,2254124496
dMean__Epithelial_10_r_all/OPTIM_pcs/base_output/base/cis_nominal1.cis_qtl_pairs.5.tsv,276060527,91437494,8,90544809358,2584050195
dMean__Epithelial_10_r_all/OPTIM_pcs/base_output/base/cis_nominal1.cis_qtl_pairs.9.tsv,251642069,84314285,8,90636246993,3366933742
dMean__Epithelial_10_r_all/OPTIM_pcs/base_output/base/cis_nominal1.cis_qtl_pairs.19.tsv,479448136,159889612,8,90720561419,2779143302
dMean__Epithelial_10_r_all/OPTIM_pcs/base_output/base/cis_nominal1.cis_qtl_pairs.10.tsv,244153461,80057636,8,90880451173,588305989
dMean__Epithelial_10_r_all/OPTIM_pcs/base_output/base/cis_nominal1.cis_qtl_pairs.8.tsv,225020788,74939479,8,90960508951,408936724
dMean__Epithelial_10_r_all/OPTIM_pcs/base_output/base/cis_nominal1.cis_qtl_pairs.14.tsv,232079182,76789099,8,91035448571,1099653161
dMean__Epithelial_10_r_all/OPTIM_pcs/base_output/base/cis_nominal1.cis_qtl_pairs.1.tsv,567993076,188357220,8,91112237812,3278144221
dMean__Epithelial_10_r_all/OPTIM_pcs/base_output/base/cis_nominal1.cis_qtl_pairs.20.tsv,162745396,54231923,8,91300595173,2644627734
dMean__Epithelial_10_r_all/OPTIM_pcs/base_output/base/Cis_eqtls_independent.tsv,918229,375886,8,91354827238,2062398721
dMean__Epithelial_10_r_all/OPTIM_pcs/base_output/base/cis_nominal1.cis_qtl_pairs.12.tsv,324776648,106647414,8,91355203258,106120316
dMean__Epithelial_10_r_all/OPTIM_pcs/base_output/base/cis_nominal1.cis_qtl_pairs.18.tsv,107119446,35573984,8,91461850814,3254840247
dMean__Epithelial_10_r_all/OPTIM_pcs/base_output/base/cis_nominal1.cis_qtl_pairs.13.tsv,118270590,39012635,8,91497424940,995442796
dMean__B_10_ti_all/OPTIM_pcs/base_output/base/cis_nominal1.cis_qtl_pairs.3.tsv,199792726,62186024,8,91536437717,1631727394
dMean__B_10_ti_all/OPTIM_pcs/base_output/base/cis_nominal1.cis_qtl_pairs.15.tsv,105720533,33327572,8,91598623874,1617257945
dMean__B_10_ti_all/OPTIM_pcs/base_output/base/cis_nominal1.cis_qtl_pairs.16.tsv,157278482,50631190,8,91631951580,904831470
dMean__B_10_ti_all/OPTIM_pcs/base_output/base/cis_nominal1.cis_qtl_pairs.4.tsv,149401262,46267268,8,91682582904,2661553514
dMean__B_10_ti_all/OPTIM_pcs/base_output/base/cis_nominal1.cis_qtl_pairs.21.tsv,40272147,12813902,8,91728850305,2267192096
dMean__B_10_ti_all/OPTIM_pcs/base_output/base/cis_nominal1.cis_qtl_pairs.7.tsv,177679704,55843463,8,91741664341,2837596386
dMean__B_10_ti_all/OPTIM_pcs/base_output/base/cis_nominal1.cis_qtl_pairs.22.tsv,89328694,28289153,8,91797507937,2739413065
dMean__B_10_ti_all/OPTIM_pcs/base_output/base/cis_nominal1.cis_qtl_pairs.11.tsv,193912930,60170095,8,91825797224,3919710990
dMean__B_10_ti_all/OPTIM_pcs/base_output/base/cis_nominal1.cis_qtl_pairs.6.tsv,286727830,80838933,8,91885967453,130486539
dMean__B_10_ti_all/OPTIM_pcs/base_output/base/cis_nominal1.cis_qtl_pairs.2.tsv,247418274,77827800,8,91966806519,3776798740
dMean__B_10_ti_all/OPTIM_pcs/base_output/base/cis_nominal1.cis_qtl_pairs.17.tsv,198937140,63005081,8,92044634452,1817393164
dMean__B_10_ti_all/OPTIM_pcs/base_output/base/Cis_eqtls_qval.tsv,2260642,935373,8,92107639667,1725373495
dMean__B_10_ti_all/OPTIM_pcs/base_output/base/cis_nominal1.cis_qtl_pairs.5.tsv,165971036,51773587,8,92108575159,2862142533
dMean__B_10_ti_all/OPTIM_pcs/base_output/base/cis_nominal1.cis_qtl_pairs.9.tsv,140789814,44672064,8,92160348879,358434732
dMean__B_10_ti_all/OPTIM_pcs/base_output/base/cis_nominal1.cis_qtl_pairs.19.tsv,291998954,92623303,8,92205021076,4137449994
dMean__B_10_ti_all/OPTIM_pcs/base_output/base/cis_nominal1.cis_qtl_pairs.10.tsv,144708698,44518446,8,92297644513,2467331290
dMean__B_10_ti_all/OPTIM_pcs/base_output/base/cis_nominal1.cis_qtl_pairs.8.tsv,125542383,39391689,8,92342163093,2727042893
dMean__B_10_ti_all/OPTIM_pcs/base_output/base/cis_nominal1.cis_qtl_pairs.14.tsv,132623729,41503517,8,92381554915,3421007898
dMean__B_10_ti_all/OPTIM_pcs/base_output/base/cis_nominal1.cis_qtl_pairs.1.tsv,326793519,101802083,8,92423058566,1736645691
dMean__B_10_ti_all/OPTIM_pcs/base_output/base/cis_nominal1.cis_qtl_pairs.20.tsv,98060368,30928517,8,92524860782,664761617
dMean__B_10_ti_all/OPTIM_pcs/base_output/base/Cis_eqtls_independent.tsv,2493,1204,8,92555789433,2554907514
dMean__B_10_ti_all/OPTIM_pcs/base_output/base/cis_nominal1.cis_qtl_pairs.12.tsv,205474010,63459815,8,92555790763,2809311843
dMean__B_10_ti_all/OPTIM_pcs/base_output/base/cis_nominal1.cis_qtl_pairs.18.tsv,60540685,19068868,8,92619250712,950239227
dMean__B_10_ti_all/OPTIM_pcs/base_output/base/cis_nominal1.cis_qtl_pairs.13.tsv,72162620,22365589,8,92638319714,3965030339
dMean__Myeloid_r_all/OPTIM_pcs/base_output/base/cis_nominal1.cis_qtl_pairs.3.tsv,244276257,80252647,8,92660685437,3370188785
dMean__Myeloid_r_all/OPTIM_pcs/base_output/base/cis_nominal1.cis_qtl_pairs.15.tsv,133296735,44048665,8,92740938219,3467767700
dMean__Myeloid_r_all/OPTIM_pcs/base_output/base/cis_nominal1.cis_qtl_pairs.16.tsv,192388680,64587506,8,92784987020,2672842912
dMean__Myeloid_r_all/OPTIM_pcs/base_output/base/cis_nominal1.cis_qtl_pairs.4.tsv,182190739,59685591,8,92849574662,85903803
dMean__Myeloid_r_all/OPTIM_pcs/base_output/base/cis_nominal1.cis_qtl_pairs.21.tsv,52015597,17222556,8,92909260388,1052747129
dMean__Myeloid_r_all/OPTIM_pcs/base_output/base/cis_nominal1.cis_qtl_pairs.7.tsv,224773615,74360956,8,92926483080,3615164142
dMean__Myeloid_r_all/OPTIM_pcs/base_output/base/cis_nominal1.cis_qtl_pairs.22.tsv,103186113,34215463,8,93000844171,538551763
dMean__Myeloid_r_all/OPTIM_pcs/base_output/base/cis_nominal1.cis_qtl_pairs.11.tsv,243133521,79804723,8,93035059770,223515705
dMean__Myeloid_r_all/OPTIM_pcs/base_output/base/cis_nominal1.cis_qtl_pairs.6.tsv,323606555,99817339,8,93114864629,2263785289
dMean__Myeloid_r_all/OPTIM_pcs/base_output/base/cis_nominal1.cis_qtl_pairs.2.tsv,289049977,95512315,8,93214682103,2957212406
dMean__Myeloid_r_all/OPTIM_pcs/base_output/base/cis_nominal1.cis_qtl_pairs.17.tsv,254155502,84320741,8,93310194553,2556412073
dMean__Myeloid_r_all/OPTIM_pcs/base_output/base/Cis_eqtls_qval.tsv,2733368,1154878,8,93394515430,4220868167
dMean__Myeloid_r_all/OPTIM_pcs/base_output/base/cis_nominal1.cis_qtl_pairs.5.tsv,197999270,65169952,8,93395670429,2759949783
dMean__Myeloid_r_all/OPTIM_pcs/base_output/base/cis_nominal1.cis_qtl_pairs.9.tsv,173354819,57713930,8,93460840516,2611621152
dMean__Myeloid_r_all/OPTIM_pcs/base_output/base/cis_nominal1.cis_qtl_pairs.19.tsv,356423990,118297433,8,93518554581,1966224489
dMean__Myeloid_r_all/OPTIM_pcs/base_output/base/cis_nominal1.cis_qtl_pairs.10.tsv,186681996,60829801,8,93636852150,1564375235
dMean__Myeloid_r_all/OPTIM_pcs/base_output/base/cis_nominal1.cis_qtl_pairs.8.tsv,150729646,49835606,8,93697682087,4157050035
dMean__Myeloid_r_all/OPTIM_pcs/base_output/base/cis_nominal1.cis_qtl_pairs.14.tsv,165130169,54268916,8,93747517828,946384152
dMean__Myeloid_r_all/OPTIM_pcs/base_output/base/cis_nominal1.cis_qtl_pairs.1.tsv,400590596,131769180,8,93801786880,692519331
dMean__Myeloid_r_all/OPTIM_pcs/base_output/base/cis_nominal1.cis_qtl_pairs.20.tsv,122927417,40733618,8,93933556195,1794597365
dMean__Myeloid_r_all/OPTIM_pcs/base_output/base/Cis_eqtls_independent.tsv,24587,10722,8,93974289949,1811029087
dMean__Myeloid_r_all/OPTIM_pcs/base_output/base/cis_nominal1.cis_qtl_pairs.12.tsv,244916801,79834036,8,93974300799,2938057392
dMean__Myeloid_r_all/OPTIM_pcs/base_output/base/cis_nominal1.cis_qtl_pairs.18.tsv,72660082,23976861,8,94054134971,345340044
dMean__Myeloid_r_all/OPTIM_pcs/base_output/base/cis_nominal1.cis_qtl_pairs.13.tsv,86838616,28441784,8,94078111968,1361299456
dMean__T_2_blood_all/OPTIM_pcs/base_output/base/cis_nominal1.cis_qtl_pairs.3.tsv,201173483,60502611,8,94106553888,1914608668
dMean__T_2_blood_all/OPTIM_pcs/base_output/base/cis_nominal1.cis_qtl_pairs.15.tsv,100286301,30736332,8,94167056634,860905284
dMean__T_2_blood_all/OPTIM_pcs/base_output/base/cis_nominal1.cis_qtl_pairs.16.tsv,153505256,48151808,8,94197793102,1637634455
dMean__T_2_blood_all/OPTIM_pcs/base_output/base/cis_nominal1.cis_qtl_pairs.4.tsv,144722769,43295898,8,94245945046,2330625126
dMean__T_2_blood_all/OPTIM_pcs/base_output/base/cis_nominal1.cis_qtl_pairs.21.tsv,41305280,12722150,8,94289241079,2557984604
dMean__T_2_blood_all/OPTIM_pcs/base_output/base/cis_nominal1.cis_qtl_pairs.7.tsv,177120476,53971468,8,94301963365,4255278755
dMean__T_2_blood_all/OPTIM_pcs/base_output/base/cis_nominal1.cis_qtl_pairs.22.tsv,78351106,24245630,8,94355934968,3801864899
dMean__T_2_blood_all/OPTIM_pcs/base_output/base/cis_nominal1.cis_qtl_pairs.11.tsv,187520082,56558557,8,94380180734,1747089025
dMean__T_2_blood_all/OPTIM_pcs/base_output/base/cis_nominal1.cis_qtl_pairs.6.tsv,263336856,71271123,8,94436739427,1206123126
dMean__T_2_blood_all/OPTIM_pcs/base_output/base/cis_nominal1.cis_qtl_pairs.2.tsv,239099594,72965900,8,94508010685,243976839
dMean__T_2_blood_all/OPTIM_pcs/base_output/base/cis_nominal1.cis_qtl_pairs.17.tsv,200453558,61846584,8,94580976720,2519516316
dMean__T_2_blood_all/OPTIM_pcs/base_output/base/Cis_eqtls_qval.tsv,2205569,916406,8,94642823440,1758938079
dMean__T_2_blood_all/OPTIM_pcs/base_output/base/cis_nominal1.cis_qtl_pairs.5.tsv,162770180,49265079,8,94643739967,2368617253
dMean__T_2_blood_all/OPTIM_pcs/base_output/base/cis_nominal1.cis_qtl_pairs.9.tsv,138045395,42629783,8,94693005181,1595289638
dMean__T_2_blood_all/OPTIM_pcs/base_output/base/cis_nominal1.cis_qtl_pairs.19.tsv,275587800,84959404,8,94735635099,1364930997
dMean__T_2_blood_all/OPTIM_pcs/base_output/base/cis_nominal1.cis_qtl_pairs.10.tsv,142929404,42718675,8,94820594639,1114482292
dMean__T_2_blood_all/OPTIM_pcs/base_output/base/cis_nominal1.cis_qtl_pairs.8.tsv,115756693,35362706,8,94863313450,144204329
dMean__T_2_blood_all/OPTIM_pcs/base_output/base/cis_nominal1.cis_qtl_pairs.14.tsv,130536226,39734341,8,94898676291,2101259831
dMean__T_2_blood_all/OPTIM_pcs/base_output/base/cis_nominal1.cis_qtl_pairs.1.tsv,321667977,97263506,8,94938410768,3702235610
dMean__T_2_blood_all/OPTIM_pcs/base_output/base/cis_nominal1.cis_qtl_pairs.20.tsv,97128918,29756568,8,95035674409,1288773368
dMean__T_2_blood_all/OPTIM_pcs/base_output/base/Cis_eqtls_independent.tsv,817,448,8,95065431113,3460332382
dMean__T_2_blood_all/OPTIM_pcs/base_output/base/cis_nominal1.cis_qtl_pairs.12.tsv,197437399,58949958,8,95065431689,1467013647
dMean__T_2_blood_all/OPTIM_pcs/base_output/base/cis_nominal1.cis_qtl_pairs.18.tsv,58221967,17903258,8,95124381783,2232332658
dMean__T_2_blood_all/OPTIM_pcs/base_output/base/cis_nominal1.cis_qtl_pairs.13.tsv,70074433,21152242,8,95142285177,3384561221
dMean__Epithelial_18_ti_all/OPTIM_pcs/base_output/base/cis_nominal1.cis_qtl_pairs.3.tsv,289277615,96043977,8,95163437555,1935321261
dMean__Epithelial_18_ti_all/OPTIM_pcs/base_output/base/cis_nominal1.cis_qtl_pairs.15.tsv,162202950,54138944,8,95259481674,1358894985
dMean__Epithelial_18_ti_all/OPTIM_pcs/base_output/base/cis_nominal1.cis_qtl_pairs.16.tsv,240896823,81427333,8,95313620761,2906554981
dMean__Epithelial_18_ti_all/OPTIM_pcs/base_output/base/cis_nominal1.cis_qtl_pairs.4.tsv,216843875,71694047,8,95395048237,3025705089
dMean__Epithelial_18_ti_all/OPTIM_pcs/base_output/base/cis_nominal1.cis_qtl_pairs.21.tsv,58935504,19697316,8,95466742426,2637037558
dMean__Epithelial_18_ti_all/OPTIM_pcs/base_output/base/cis_nominal1.cis_qtl_pairs.7.tsv,258074334,86341087,8,95486439885,285037273
dMean__Epithelial_18_ti_all/OPTIM_pcs/base_output/base/cis_nominal1.cis_qtl_pairs.22.tsv,115976401,38804089,8,95572781114,3447237291
dMean__Epithelial_18_ti_all/OPTIM_pcs/base_output/base/cis_nominal1.cis_qtl_pairs.11.tsv,288445935,95457610,8,95611585346,3063990936
dMean__Epithelial_18_ti_all/OPTIM_pcs/base_output/base/cis_nominal1.cis_qtl_pairs.6.tsv,379201736,119565795,8,95707043099,3749915698
dMean__Epithelial_18_ti_all/OPTIM_pcs/base_output/base/cis_nominal1.cis_qtl_pairs.2.tsv,331731303,110675689,8,95826609036,1957373266
dMean__Epithelial_18_ti_all/OPTIM_pcs/base_output/base/cis_nominal1.cis_qtl_pairs.17.tsv,302132805,101084722,8,95937284867,1964580959
dMean__Epithelial_18_ti_all/OPTIM_pcs/base_output/base/Cis_eqtls_qval.tsv,3206269,1380769,8,96038369732,1750996062
dMean__Epithelial_18_ti_all/OPTIM_pcs/base_output/base/cis_nominal1.cis_qtl_pairs.5.tsv,235685983,78396791,8,96039750629,3112681799
dMean__Epithelial_18_ti_all/OPTIM_pcs/base_output/base/cis_nominal1.cis_qtl_pairs.9.tsv,208774637,70179066,8,96118147562,3323095197
dMean__Epithelial_18_ti_all/OPTIM_pcs/base_output/base/cis_nominal1.cis_qtl_pairs.19.tsv,399590551,133806194,8,96188326770,3296471458
dMean__Epithelial_18_ti_all/OPTIM_pcs/base_output/base/cis_nominal1.cis_qtl_pairs.10.tsv,211628743,69653102,8,96322133107,2494863563
dMean__Epithelial_18_ti_all/OPTIM_pcs/base_output/base/cis_nominal1.cis_qtl_pairs.8.tsv,182892480,61198226,8,96391786352,1682375327
dMean__Epithelial_18_ti_all/OPTIM_pcs/base_output/base/cis_nominal1.cis_qtl_pairs.14.tsv,192930928,64100974,8,96452984720,2478379651
dMean__Epithelial_18_ti_all/OPTIM_pcs/base_output/base/cis_nominal1.cis_qtl_pairs.1.tsv,467973258,155583801,8,96517085837,3285079670
dMean__Epithelial_18_ti_all/OPTIM_pcs/base_output/base/cis_nominal1.cis_qtl_pairs.20.tsv,137934134,46074392,8,96672669780,1573733253
dMean__Epithelial_18_ti_all/OPTIM_pcs/base_output/base/Cis_eqtls_independent.tsv,377374,155132,8,96718744315,1201159088
dMean__Epithelial_18_ti_all/OPTIM_pcs/base_output/base/cis_nominal1.cis_qtl_pairs.12.tsv,273493337,90182319,8,96718899582,2659431961
dMean__Epithelial_18_ti_all/OPTIM_pcs/base_output/base/cis_nominal1.cis_qtl_pairs.18.tsv,88495497,29506732,8,96809082044,2172579559
dMean__Epithelial_18_ti_all/OPTIM_pcs/base_output/base/cis_nominal1.cis_qtl_pairs.13.tsv,96719173,32059946,8,96838588919,2407612961
dMean__Epithelial_22_r_all/OPTIM_pcs/base_output/base/cis_nominal1.cis_qtl_pairs.3.tsv,263199803,85790519,8,96870649008,4054138748
dMean__Epithelial_22_r_all/OPTIM_pcs/base_output/base/cis_nominal1.cis_qtl_pairs.15.tsv,149125753,48996814,8,96956439668,3965801531
dMean__Epithelial_22_r_all/OPTIM_pcs/base_output/base/cis_nominal1.cis_qtl_pairs.16.tsv,215035482,71718753,8,97005436624,4040720110
dMean__Epithelial_22_r_all/OPTIM_pcs/base_output/base/cis_nominal1.cis_qtl_pairs.4.tsv,200941077,65215940,8,97077155519,1504141920
dMean__Epithelial_22_r_all/OPTIM_pcs/base_output/base/cis_nominal1.cis_qtl_pairs.21.tsv,52457734,17261133,8,97142371600,3049887420
dMean__Epithelial_22_r_all/OPTIM_pcs/base_output/base/cis_nominal1.cis_qtl_pairs.7.tsv,235480172,77450106,8,97159632875,433030182
dMean__Epithelial_22_r_all/OPTIM_pcs/base_output/base/cis_nominal1.cis_qtl_pairs.22.tsv,106982814,35292277,8,97237083122,1596805649
dMean__Epithelial_22_r_all/OPTIM_pcs/base_output/base/cis_nominal1.cis_qtl_pairs.11.tsv,266562157,86992794,8,97272375541,2012695226
dMean__Epithelial_22_r_all/OPTIM_pcs/base_output/base/cis_nominal1.cis_qtl_pairs.6.tsv,329123549,100610125,8,97359368477,2173938227
dMean__Epithelial_22_r_all/OPTIM_pcs/base_output/base/cis_nominal1.cis_qtl_pairs.2.tsv,305499324,100221848,8,97459978743,2345082556
dMean__Epithelial_22_r_all/OPTIM_pcs/base_output/base/cis_nominal1.cis_qtl_pairs.17.tsv,271790381,89697905,8,97560200732,3180614017
dMean__Epithelial_22_r_all/OPTIM_pcs/base_output/base/Cis_eqtls_qval.tsv,2924440,1250308,8,97649898779,1160298985
dMean__Epithelial_22_r_all/OPTIM_pcs/base_output/base/cis_nominal1.cis_qtl_pairs.5.tsv,213199466,69737191,8,97651149214,1997071773
dMean__Epithelial_22_r_all/OPTIM_pcs/base_output/base/cis_nominal1.cis_qtl_pairs.9.tsv,194902515,64512583,8,97720886546,4144408379
dMean__Epithelial_22_r_all/OPTIM_pcs/base_output/base/cis_nominal1.cis_qtl_pairs.19.tsv,360912436,119095843,8,97785399270,2380055408
dMean__Epithelial_22_r_all/OPTIM_pcs/base_output/base/cis_nominal1.cis_qtl_pairs.10.tsv,188827672,61018961,8,97904495255,2662795890
dMean__Epithelial_22_r_all/OPTIM_pcs/base_output/base/cis_nominal1.cis_qtl_pairs.8.tsv,168430476,55399750,8,97965514358,1023159578
dMean__Epithelial_22_r_all/OPTIM_pcs/base_output/base/cis_nominal1.cis_qtl_pairs.14.tsv,179379406,58630835,8,98020914249,3188207503
dMean__Epithelial_22_r_all/OPTIM_pcs/base_output/base/cis_nominal1.cis_qtl_pairs.1.tsv,423505714,138433774,8,98079545226,357881773
dMean__Epithelial_22_r_all/OPTIM_pcs/base_output/base/cis_nominal1.cis_qtl_pairs.20.tsv,127743520,42069238,8,98217979141,1938911948
dMean__Epithelial_22_r_all/OPTIM_pcs/base_output/base/Cis_eqtls_independent.tsv,101418,42253,8,98260048521,1938436119
dMean__Epithelial_22_r_all/OPTIM_pcs/base_output/base/cis_nominal1.cis_qtl_pairs.12.tsv,241564515,78159067,8,98260090908,2520829978
dMean__Epithelial_22_r_all/OPTIM_pcs/base_output/base/cis_nominal1.cis_qtl_pairs.18.tsv,75754783,24804416,8,98338250117,3446503958
dMean__Epithelial_22_r_all/OPTIM_pcs/base_output/base/cis_nominal1.cis_qtl_pairs.13.tsv,87017626,28313385,8,98363054675,1854962089
dMean__T_12_ti_all/OPTIM_pcs/base_output/base/cis_nominal1.cis_qtl_pairs.3.tsv,230429193,76279469,8,98391368202,4269498438
dMean__T_12_ti_all/OPTIM_pcs/base_output/base/cis_nominal1.cis_qtl_pairs.15.tsv,132931827,44262942,8,98467647804,1284007519
dMean__T_12_ti_all/OPTIM_pcs/base_output/base/cis_nominal1.cis_qtl_pairs.16.tsv,194166901,65538433,8,98511910880,951523948
dMean__T_12_ti_all/OPTIM_pcs/base_output/base/cis_nominal1.cis_qtl_pairs.4.tsv,172051022,56938341,8,98577449447,126489700
dMean__T_12_ti_all/OPTIM_pcs/base_output/base/cis_nominal1.cis_qtl_pairs.21.tsv,51010518,17003136,8,98634387921,3951802117
dMean__T_12_ti_all/OPTIM_pcs/base_output/base/cis_nominal1.cis_qtl_pairs.7.tsv,212281543,70809620,8,98651391191,4192661558
dMean__T_12_ti_all/OPTIM_pcs/base_output/base/cis_nominal1.cis_qtl_pairs.22.tsv,105389907,35201028,8,98722200944,4261757373
dMean__T_12_ti_all/OPTIM_pcs/base_output/base/cis_nominal1.cis_qtl_pairs.11.tsv,228623576,75496762,8,98757402106,3827013123
dMean__T_12_ti_all/OPTIM_pcs/base_output/base/cis_nominal1.cis_qtl_pairs.6.tsv,320921362,100237733,8,98832899002,4080373159
dMean__T_12_ti_all/OPTIM_pcs/base_output/base/cis_nominal1.cis_qtl_pairs.2.tsv,273371873,91054352,8,98933136868,3432848804
dMean__T_12_ti_all/OPTIM_pcs/base_output/base/cis_nominal1.cis_qtl_pairs.17.tsv,255104435,85123816,8,99024191353,3029393658
dMean__T_12_ti_all/OPTIM_pcs/base_output/base/Cis_eqtls_qval.tsv,2667872,1140632,8,99109315303,3572708696
dMean__T_12_ti_all/OPTIM_pcs/base_output/base/cis_nominal1.cis_qtl_pairs.5.tsv,191922527,63647048,8,99110456054,1699315366
dMean__T_12_ti_all/OPTIM_pcs/base_output/base/cis_nominal1.cis_qtl_pairs.9.tsv,167489996,56126305,8,99174103235,3159927194
dMean__T_12_ti_all/OPTIM_pcs/base_output/base/cis_nominal1.cis_qtl_pairs.19.tsv,368232214,122924281,8,99230229673,1098795129
dMean__T_12_ti_all/OPTIM_pcs/base_output/base/cis_nominal1.cis_qtl_pairs.10.tsv,169733099,55762363,8,99353154088,2438420059
dMean__T_12_ti_all/OPTIM_pcs/base_output/base/cis_nominal1.cis_qtl_pairs.8.tsv,143745874,48023003,8,99408916585,1163001907
dMean__T_12_ti_all/OPTIM_pcs/base_output/base/cis_nominal1.cis_qtl_pairs.14.tsv,162261749,53746042,8,99456939721,170776419
dMean__T_12_ti_all/OPTIM_pcs/base_output/base/cis_nominal1.cis_qtl_pairs.1.tsv,389057771,128905511,8,99510685897,2767948887
dMean__T_12_ti_all/OPTIM_pcs/base_output/base/cis_nominal1.cis_qtl_pairs.20.tsv,119642702,39919445,8,99639591541,2932381723
dMean__T_12_ti_all/OPTIM_pcs/base_output/base/Cis_eqtls_independent.tsv,115608,48111,8,99679511120,1013994249
dMean__T_12_ti_all/OPTIM_pcs/base_output/base/cis_nominal1.cis_qtl_pairs.12.tsv,239554966,78688106,8,99679559357,2871656137
dMean__T_12_ti_all/OPTIM_pcs/base_output/base/cis_nominal1.cis_qtl_pairs.18.tsv,69170630,23039036,8,99758247597,1284377681
dMean__T_12_ti_all/OPTIM_pcs/base_output/base/cis_nominal1.cis_qtl_pairs.13.tsv,83085279,27431212,8,99781286767,3304137973
dMean__T_1_ti_all/OPTIM_pcs/base_output/base/cis_nominal1.cis_qtl_pairs.3.tsv,195082876,62880453,8,99808718113,2043563796
dMean__T_1_ti_all/OPTIM_pcs/base_output/base/cis_nominal1.cis_qtl_pairs.15.tsv,99996260,32618153,8,99871598698,3710499867
dMean__T_1_ti_all/OPTIM_pcs/base_output/base/cis_nominal1.cis_qtl_pairs.16.tsv,145315247,48050934,8,99904216984,3937521058
dMean__T_1_ti_all/OPTIM_pcs/base_output/base/cis_nominal1.cis_qtl_pairs.4.tsv,142500490,45830900,8,99952268051,3259275557
dMean__T_1_ti_all/OPTIM_pcs/base_output/base/cis_nominal1.cis_qtl_pairs.21.tsv,39106329,12759794,8,99998099083,2360035427
dMean__T_1_ti_all/OPTIM_pcs/base_output/base/cis_nominal1.cis_qtl_pairs.7.tsv,171998735,56003948,8,100010859010,3645692825
dMean__T_1_ti_all/OPTIM_pcs/base_output/base/cis_nominal1.cis_qtl_pairs.22.tsv,79323351,25920251,8,100066863090,1560620667
dMean__T_1_ti_all/OPTIM_pcs/base_output/base/cis_nominal1.cis_qtl_pairs.11.tsv,183219336,58991966,8,100092783474,3609387132
dMean__T_1_ti_all/OPTIM_pcs/base_output/base/cis_nominal1.cis_qtl_pairs.6.tsv,262751151,78772697,8,100151775573,471450496
dMean__T_1_ti_all/OPTIM_pcs/base_output/base/cis_nominal1.cis_qtl_pairs.2.tsv,228961088,74508551,8,100230548402,3584323738
dMean__T_1_ti_all/OPTIM_pcs/base_output/base/cis_nominal1.cis_qtl_pairs.17.tsv,186345783,60848514,8,100305057085,3561312606
dMean__T_1_ti_all/OPTIM_pcs/base_output/base/Cis_eqtls_qval.tsv,2120173,881241,8,100365905732,2226170750
dMean__T_1_ti_all/OPTIM_pcs/base_output/base/cis_nominal1.cis_qtl_pairs.5.tsv,161276145,52160842,8,100366787091,2927575371
dMean__T_1_ti_all/OPTIM_pcs/base_output/base/cis_nominal1.cis_qtl_pairs.9.tsv,132619736,43416709,8,100418948065,2434660086
dMean__T_1_ti_all/OPTIM_pcs/base_output/base/cis_nominal1.cis_qtl_pairs.19.tsv,260107525,85006555,8,100462364906,3656786883
dMean__T_1_ti_all/OPTIM_pcs/base_output/base/cis_nominal1.cis_qtl_pairs.10.tsv,140639496,44928990,8,100547371594,1782572482
dMean__T_1_ti_all/OPTIM_pcs/base_output/base/cis_nominal1.cis_qtl_pairs.8.tsv,114522542,37190173,8,100592300717,1527142570
dMean__T_1_ti_all/OPTIM_pcs/base_output/base/cis_nominal1.cis_qtl_pairs.14.tsv,128417037,41572969,8,100629491022,2919340096
dMean__T_1_ti_all/OPTIM_pcs/base_output/base/cis_nominal1.cis_qtl_pairs.1.tsv,309409552,99877285,8,100671064124,4127806023
dMean__T_1_ti_all/OPTIM_pcs/base_output/base/cis_nominal1.cis_qtl_pairs.20.tsv,96136867,31398728,8,100770941541,2998310340
dMean__T_1_ti_all/OPTIM_pcs/base_output/base/Cis_eqtls_independent.tsv,7795,3532,8,100802340402,351795488
dMean__T_1_ti_all/OPTIM_pcs/base_output/base/cis_nominal1.cis_qtl_pairs.12.tsv,188047695,60245131,8,100802344059,3852489055
dMean__T_1_ti_all/OPTIM_pcs/base_output/base/cis_nominal1.cis_qtl_pairs.18.tsv,56562610,18378719,8,100862589323,2791184283
dMean__T_1_ti_all/OPTIM_pcs/base_output/base/cis_nominal1.cis_qtl_pairs.13.tsv,72536691,23293366,8,100880968175,1405655975
dMean__Mesenchymal_3_ti_all/OPTIM_pcs/base_output/base/cis_nominal1.cis_qtl_pairs.3.tsv,209688932,65393936,8,100904261674,2681285590
dMean__Mesenchymal_3_ti_all/OPTIM_pcs/base_output/base/cis_nominal1.cis_qtl_pairs.15.tsv,107646175,33966872,8,100969655752,3379805166
dMean__Mesenchymal_3_ti_all/OPTIM_pcs/base_output/base/cis_nominal1.cis_qtl_pairs.16.tsv,144115715,46416591,8,101003622767,2568409652
dMean__Mesenchymal_3_ti_all/OPTIM_pcs/base_output/base/cis_nominal1.cis_qtl_pairs.4.tsv,165209431,51057563,8,101050039501,971585405
dMean__Mesenchymal_3_ti_all/OPTIM_pcs/base_output/base/cis_nominal1.cis_qtl_pairs.21.tsv,41585793,13201912,8,101101097206,2666734455
dMean__Mesenchymal_3_ti_all/OPTIM_pcs/base_output/base/cis_nominal1.cis_qtl_pairs.7.tsv,179155261,56430525,8,101114299261,1296944801
dMean__Mesenchymal_3_ti_all/OPTIM_pcs/base_output/base/cis_nominal1.cis_qtl_pairs.22.tsv,76529846,24363293,8,101170729928,660183659
dMean__Mesenchymal_3_ti_all/OPTIM_pcs/base_output/base/cis_nominal1.cis_qtl_pairs.11.tsv,208059476,64557501,8,101195093364,2827235494
dMean__Mesenchymal_3_ti_all/OPTIM_pcs/base_output/base/cis_nominal1.cis_qtl_pairs.6.tsv,262082991,75314439,8,101259651008,2658027365
dMean__Mesenchymal_3_ti_all/OPTIM_pcs/base_output/base/cis_nominal1.cis_qtl_pairs.2.tsv,255367687,80266766,8,101334965589,1576192914
dMean__Mesenchymal_3_ti_all/OPTIM_pcs/base_output/base/cis_nominal1.cis_qtl_pairs.17.tsv,191006726,60589801,8,101415232497,2022203689
dMean__Mesenchymal_3_ti_all/OPTIM_pcs/base_output/base/Cis_eqtls_qval.tsv,2232326,912026,8,101475822441,3054657361
dMean__Mesenchymal_3_ti_all/OPTIM_pcs/base_output/base/cis_nominal1.cis_qtl_pairs.5.tsv,173689393,54283958,8,101476734595,3657247365
dMean__Mesenchymal_3_ti_all/OPTIM_pcs/base_output/base/cis_nominal1.cis_qtl_pairs.9.tsv,149275524,47367222,8,101531018695,1135310494
dMean__Mesenchymal_3_ti_all/OPTIM_pcs/base_output/base/cis_nominal1.cis_qtl_pairs.19.tsv,254798906,81056465,8,101578386059,2225689376
dMean__Mesenchymal_3_ti_all/OPTIM_pcs/base_output/base/cis_nominal1.cis_qtl_pairs.10.tsv,159292969,49110796,8,101659442667,1459486835
dMean__Mesenchymal_3_ti_all/OPTIM_pcs/base_output/base/cis_nominal1.cis_qtl_pairs.8.tsv,134869626,42446665,8,101708553606,3459873996
dMean__Mesenchymal_3_ti_all/OPTIM_pcs/base_output/base/cis_nominal1.cis_qtl_pairs.14.tsv,129004268,40489127,8,101751000413,1309743489
dMean__Mesenchymal_3_ti_all/OPTIM_pcs/base_output/base/cis_nominal1.cis_qtl_pairs.1.tsv,317198271,98729690,8,101791489683,3221709919
dMean__Mesenchymal_3_ti_all/OPTIM_pcs/base_output/base/cis_nominal1.cis_qtl_pairs.20.tsv,92240115,29045577,8,101890219515,3214908228
dMean__Mesenchymal_3_ti_all/OPTIM_pcs/base_output/base/Cis_eqtls_independent.tsv,392,252,8,101919265235,2730715991
dMean__Mesenchymal_3_ti_all/OPTIM_pcs/base_output/base/cis_nominal1.cis_qtl_pairs.12.tsv,199451831,61526071,8,101919265622,2804187617
dMean__Mesenchymal_3_ti_all/OPTIM_pcs/base_output/base/cis_nominal1.cis_qtl_pairs.18.tsv,60408567,19006862,8,101980791836,2910677131
dMean__Mesenchymal_3_ti_all/OPTIM_pcs/base_output/base/cis_nominal1.cis_qtl_pairs.13.tsv,72270094,22452390,8,101999798841,1159409592
dMean__Mesenchymal_0_r_all/OPTIM_pcs/base_output/base/cis_nominal1.cis_qtl_pairs.3.tsv,218272931,69886679,8,102022251374,2053785387
dMean__Mesenchymal_0_r_all/OPTIM_pcs/base_output/base/cis_nominal1.cis_qtl_pairs.15.tsv,122802384,39764574,8,102092138194,479995223
dMean__Mesenchymal_0_r_all/OPTIM_pcs/base_output/base/cis_nominal1.cis_qtl_pairs.16.tsv,156922501,51802361,8,102131902910,1047415386
dMean__Mesenchymal_0_r_all/OPTIM_pcs/base_output/base/cis_nominal1.cis_qtl_pairs.4.tsv,172069112,54637786,8,102183705413,737235022
dMean__Mesenchymal_0_r_all/OPTIM_pcs/base_output/base/cis_nominal1.cis_qtl_pairs.21.tsv,42400431,13734531,8,102238343340,4173131620
dMean__Mesenchymal_0_r_all/OPTIM_pcs/base_output/base/cis_nominal1.cis_qtl_pairs.7.tsv,186988801,60414893,8,102252078013,1983195447
dMean__Mesenchymal_0_r_all/OPTIM_pcs/base_output/base/cis_nominal1.cis_qtl_pairs.22.tsv,79647860,25830361,8,102312493047,4243970928
dMean__Mesenchymal_0_r_all/OPTIM_pcs/base_output/base/cis_nominal1.cis_qtl_pairs.11.tsv,216682856,69303862,8,102338323550,902971195
dMean__Mesenchymal_0_r_all/OPTIM_pcs/base_output/base/cis_nominal1.cis_qtl_pairs.6.tsv,271283582,80442045,8,102407627554,1140415947
dMean__Mesenchymal_0_r_all/OPTIM_pcs/base_output/base/cis_nominal1.cis_qtl_pairs.2.tsv,254707721,82175030,8,102488069740,645498618
dMean__Mesenchymal_0_r_all/OPTIM_pcs/base_output/base/cis_nominal1.cis_qtl_pairs.17.tsv,199789010,64880179,8,102570244911,3616969949
dMean__Mesenchymal_0_r_all/OPTIM_pcs/base_output/base/Cis_eqtls_qval.tsv,2346871,971945,8,102635125232,2507131855
dMean__Mesenchymal_0_r_all/OPTIM_pcs/base_output/base/cis_nominal1.cis_qtl_pairs.5.tsv,179876309,57705506,8,102636097304,2320445077
dMean__Mesenchymal_0_r_all/OPTIM_pcs/base_output/base/cis_nominal1.cis_qtl_pairs.9.tsv,160770320,52410608,8,102693802951,3424794810
dMean__Mesenchymal_0_r_all/OPTIM_pcs/base_output/base/cis_nominal1.cis_qtl_pairs.19.tsv,255861413,83138128,8,102746213700,1973484825
dMean__Mesenchymal_0_r_all/OPTIM_pcs/base_output/base/cis_nominal1.cis_qtl_pairs.10.tsv,159657501,50618222,8,102829351970,457874672
dMean__Mesenchymal_0_r_all/OPTIM_pcs/base_output/base/cis_nominal1.cis_qtl_pairs.8.tsv,137569060,44411166,8,102879970334,2165770063
dMean__Mesenchymal_0_r_all/OPTIM_pcs/base_output/base/cis_nominal1.cis_qtl_pairs.14.tsv,140937539,45210590,8,102924381641,1123558975
dMean__Mesenchymal_0_r_all/OPTIM_pcs/base_output/base/cis_nominal1.cis_qtl_pairs.1.tsv,337867425,108268683,8,102969592373,1534565825
dMean__Mesenchymal_0_r_all/OPTIM_pcs/base_output/base/cis_nominal1.cis_qtl_pairs.20.tsv,100863045,32619428,8,103077861197,4272196060
dMean__Mesenchymal_0_r_all/OPTIM_pcs/base_output/base/Cis_eqtls_independent.tsv,5021,2317,8,103110480767,4252395437
dMean__Mesenchymal_0_r_all/OPTIM_pcs/base_output/base/cis_nominal1.cis_qtl_pairs.12.tsv,200675780,63641118,8,103110483218,2375099307
dMean__Mesenchymal_0_r_all/OPTIM_pcs/base_output/base/cis_nominal1.cis_qtl_pairs.18.tsv,63690021,20553363,8,103174124478,1554756417
dMean__Mesenchymal_0_r_all/OPTIM_pcs/base_output/base/cis_nominal1.cis_qtl_pairs.13.tsv,79196016,25297438,8,103194677983,3993423236
dMean__Mesenchymal_1_ct_all/OPTIM_pcs/base_output/base/cis_nominal1.cis_qtl_pairs.3.tsv,243550639,78387614,8,103219975563,3915320529
dMean__Mesenchymal_1_ct_all/OPTIM_pcs/base_output/base/cis_nominal1.cis_qtl_pairs.15.tsv,137181898,44560322,8,103298363319,4236333193
dMean__Mesenchymal_1_ct_all/OPTIM_pcs/base_output/base/cis_nominal1.cis_qtl_pairs.16.tsv,185380254,61258518,8,103342923784,2670530306
dMean__Mesenchymal_1_ct_all/OPTIM_pcs/base_output/base/cis_nominal1.cis_qtl_pairs.4.tsv,193254322,61919724,8,103404182445,978605461
dMean__Mesenchymal_1_ct_all/OPTIM_pcs/base_output/base/cis_nominal1.cis_qtl_pairs.21.tsv,50355787,16380712,8,103466102311,3130429775
dMean__Mesenchymal_1_ct_all/OPTIM_pcs/base_output/base/cis_nominal1.cis_qtl_pairs.7.tsv,222429166,72238060,8,103482483166,1735942302
dMean__Mesenchymal_1_ct_all/OPTIM_pcs/base_output/base/cis_nominal1.cis_qtl_pairs.22.tsv,97500201,31851073,8,103554721368,2771100541
dMean__Mesenchymal_1_ct_all/OPTIM_pcs/base_output/base/cis_nominal1.cis_qtl_pairs.11.tsv,248820026,79916797,8,103586572584,1677290102
dMean__Mesenchymal_1_ct_all/OPTIM_pcs/base_output/base/cis_nominal1.cis_qtl_pairs.6.tsv,315615674,94208561,8,103666489524,1202545501
dMean__Mesenchymal_1_ct_all/OPTIM_pcs/base_output/base/cis_nominal1.cis_qtl_pairs.2.tsv,293504010,95031991,8,103760698227,1012105749
dMean__Mesenchymal_1_ct_all/OPTIM_pcs/base_output/base/cis_nominal1.cis_qtl_pairs.17.tsv,245686995,80085269,8,103855730360,343973896
dMean__Mesenchymal_1_ct_all/OPTIM_pcs/base_output/base/Cis_eqtls_qval.tsv,2699618,1130562,8,103935815772,1495809177
dMean__Mesenchymal_1_ct_all/OPTIM_pcs/base_output/base/cis_nominal1.cis_qtl_pairs.5.tsv,208467242,67233589,8,103936946462,128879240
dMean__Mesenchymal_1_ct_all/OPTIM_pcs/base_output/base/cis_nominal1.cis_qtl_pairs.9.tsv,183397201,59984994,8,104004180193,2047473488
dMean__Mesenchymal_1_ct_all/OPTIM_pcs/base_output/base/cis_nominal1.cis_qtl_pairs.19.tsv,321618542,104840805,8,104064165329,3718145642
dMean__Mesenchymal_1_ct_all/OPTIM_pcs/base_output/base/cis_nominal1.cis_qtl_pairs.10.tsv,185871282,59115569,8,104169006277,2276428105
dMean__Mesenchymal_1_ct_all/OPTIM_pcs/base_output/base/cis_nominal1.cis_qtl_pairs.8.tsv,156080915,50657925,8,104228121989,3522519041
dMean__Mesenchymal_1_ct_all/OPTIM_pcs/base_output/base/cis_nominal1.cis_qtl_pairs.14.tsv,164410760,53091792,8,104278780056,2462422211
dMean__Mesenchymal_1_ct_all/OPTIM_pcs/base_output/base/cis_nominal1.cis_qtl_pairs.1.tsv,386782448,124526191,8,104331871991,4032789865
dMean__Mesenchymal_1_ct_all/OPTIM_pcs/base_output/base/cis_nominal1.cis_qtl_pairs.20.tsv,114850983,37280850,8,104456398324,3986753186
dMean__Mesenchymal_1_ct_all/OPTIM_pcs/base_output/base/Cis_eqtls_independent.tsv,8844,3954,8,104493679317,3054440614
dMean__Mesenchymal_1_ct_all/OPTIM_pcs/base_output/base/cis_nominal1.cis_qtl_pairs.12.tsv,239623595,76525891,8,104493683406,2665540976
dMean__Mesenchymal_1_ct_all/OPTIM_pcs/base_output/base/cis_nominal1.cis_qtl_pairs.18.tsv,70785474,22940653,8,104570209440,1787630858
dMean__Mesenchymal_1_ct_all/OPTIM_pcs/base_output/base/cis_nominal1.cis_qtl_pairs.13.tsv,86462884,27678215,8,104593150236,1417264251
dMean__Epithelial_15_ti_all/OPTIM_pcs/base_output/base/cis_nominal1.cis_qtl_pairs.3.tsv,264818548,87967762,8,104620828594,532454371
dMean__Epithelial_15_ti_all/OPTIM_pcs/base_output/base/cis_nominal1.cis_qtl_pairs.15.tsv,154303841,51533099,8,104708796498,1787116639
dMean__Epithelial_15_ti_all/OPTIM_pcs/base_output/base/cis_nominal1.cis_qtl_pairs.16.tsv,215882126,73013220,8,104760329740,3674219281
dMean__Epithelial_15_ti_all/OPTIM_pcs/base_output/base/cis_nominal1.cis_qtl_pairs.4.tsv,195146478,64678085,8,104833343103,3573856125
dMean__Epithelial_15_ti_all/OPTIM_pcs/base_output/base/cis_nominal1.cis_qtl_pairs.21.tsv,52912768,17691080,8,104898021330,203588101
dMean__Epithelial_15_ti_all/OPTIM_pcs/base_output/base/cis_nominal1.cis_qtl_pairs.7.tsv,249425842,83357101,8,104915712553,3873198508
dMean__Epithelial_15_ti_all/OPTIM_pcs/base_output/base/cis_nominal1.cis_qtl_pairs.22.tsv,111340971,37260911,8,104999069796,1402937951
dMean__Epithelial_15_ti_all/OPTIM_pcs/base_output/base/cis_nominal1.cis_qtl_pairs.11.tsv,270687399,89771716,8,105036330850,915454861
dMean__Epithelial_15_ti_all/OPTIM_pcs/base_output/base/cis_nominal1.cis_qtl_pairs.6.tsv,348691079,110534218,8,105126102709,2539715094
dMean__Epithelial_15_ti_all/OPTIM_pcs/base_output/base/cis_nominal1.cis_qtl_pairs.2.tsv,310835259,103726226,8,105236637069,1954679481
dMean__Epithelial_15_ti_all/OPTIM_pcs/base_output/base/cis_nominal1.cis_qtl_pairs.17.tsv,267532312,89596203,8,105340363437,4256586216
dMean__Epithelial_15_ti_all/OPTIM_pcs/base_output/base/Cis_eqtls_qval.tsv,2974913,1275605,8,105429959783,2307740921
dMean__Epithelial_15_ti_all/OPTIM_pcs/base_output/base/cis_nominal1.cis_qtl_pairs.5.tsv,221026857,73607344,8,105431235516,191990591
dMean__Epithelial_15_ti_all/OPTIM_pcs/base_output/base/cis_nominal1.cis_qtl_pairs.9.tsv,197263691,66340846,8,105504843002,726065681
dMean__Epithelial_15_ti_all/OPTIM_pcs/base_output/base/cis_nominal1.cis_qtl_pairs.19.tsv,362944334,121667259,8,105571183990,2650821279
dMean__Epithelial_15_ti_all/OPTIM_pcs/base_output/base/cis_nominal1.cis_qtl_pairs.10.tsv,202166994,66674079,8,105692851392,1595145960
dMean__Epithelial_15_ti_all/OPTIM_pcs/base_output/base/cis_nominal1.cis_qtl_pairs.8.tsv,169963455,56883698,8,105759525614,1584727592
dMean__Epithelial_15_ti_all/OPTIM_pcs/base_output/base/cis_nominal1.cis_qtl_pairs.14.tsv,178218927,59279867,8,105816409454,162543119
dMean__Epithelial_15_ti_all/OPTIM_pcs/base_output/base/cis_nominal1.cis_qtl_pairs.1.tsv,437658614,145619737,8,105875689464,668221192
dMean__Epithelial_15_ti_all/OPTIM_pcs/base_output/base/cis_nominal1.cis_qtl_pairs.20.tsv,133970825,44817258,8,106021309343,618179398
dMean__Epithelial_15_ti_all/OPTIM_pcs/base_output/base/Cis_eqtls_independent.tsv,151602,62849,8,106066126744,3331463667
dMean__Epithelial_15_ti_all/OPTIM_pcs/base_output/base/cis_nominal1.cis_qtl_pairs.12.tsv,253696363,83714600,8,106066189728,3422117827
dMean__Epithelial_15_ti_all/OPTIM_pcs/base_output/base/cis_nominal1.cis_qtl_pairs.18.tsv,80579135,26900908,8,106149904471,1800786929
dMean__Epithelial_15_ti_all/OPTIM_pcs/base_output/base/cis_nominal1.cis_qtl_pairs.13.tsv,92919054,30801073,8,106176805522,367543131
dMean__B_1_r_all/OPTIM_pcs/base_output/base/cis_nominal1.cis_qtl_pairs.3.tsv,270852530,88819274,8,106207606738,1944800837
dMean__B_1_r_all/OPTIM_pcs/base_output/base/cis_nominal1.cis_qtl_pairs.15.tsv,144779111,47848123,8,106296426143,2820442639
dMean__B_1_r_all/OPTIM_pcs/base_output/base/cis_nominal1.cis_qtl_pairs.16.tsv,214086208,71882168,8,106344274398,461962328
dMean__B_1_r_all/OPTIM_pcs/base_output/base/cis_nominal1.cis_qtl_pairs.4.tsv,193041128,63261592,8,106416156698,3372165381
dMean__B_1_r_all/OPTIM_pcs/base_output/base/cis_nominal1.cis_qtl_pairs.21.tsv,56636475,18758879,8,106479418421,458981154
dMean__B_1_r_all/OPTIM_pcs/base_output/base/cis_nominal1.cis_qtl_pairs.7.tsv,235361745,77713413,8,106498177432,3880287414
dMean__B_1_r_all/OPTIM_pcs/base_output/base/cis_nominal1.cis_qtl_pairs.22.tsv,120830939,40050557,8,106575890976,949404435
dMean__B_1_r_all/OPTIM_pcs/base_output/base/cis_nominal1.cis_qtl_pairs.11.tsv,253015651,83067065,8,106615941665,434834825
dMean__B_1_r_all/OPTIM_pcs/base_output/base/cis_nominal1.cis_qtl_pairs.6.tsv,349727003,108181846,8,106699008862,3329077002
dMean__B_1_r_all/OPTIM_pcs/base_output/base/cis_nominal1.cis_qtl_pairs.2.tsv,317679828,104958303,8,106807190839,1271682389
dMean__B_1_r_all/OPTIM_pcs/base_output/base/cis_nominal1.cis_qtl_pairs.17.tsv,271578380,90013814,8,106912149273,3737122665
dMean__B_1_r_all/OPTIM_pcs/base_output/base/Cis_eqtls_qval.tsv,2992474,1282228,8,107002163219,3729166985
dMean__B_1_r_all/OPTIM_pcs/base_output/base/cis_nominal1.cis_qtl_pairs.5.tsv,212888203,70112409,8,107003445564,1176881861
dMean__B_1_r_all/OPTIM_pcs/base_output/base/cis_nominal1.cis_qtl_pairs.9.tsv,188862109,62923795,8,107073558104,2707623296
dMean__B_1_r_all/OPTIM_pcs/base_output/base/cis_nominal1.cis_qtl_pairs.19.tsv,384784776,127701221,8,107136482030,2481747763
dMean__B_1_r_all/OPTIM_pcs/base_output/base/cis_nominal1.cis_qtl_pairs.10.tsv,188471361,61329556,8,107264183383,2820129145
dMean__B_1_r_all/OPTIM_pcs/base_output/base/cis_nominal1.cis_qtl_pairs.8.tsv,170913160,56538891,8,107325513071,2395136471
dMean__B_1_r_all/OPTIM_pcs/base_output/base/cis_nominal1.cis_qtl_pairs.14.tsv,186314527,61260679,8,107382052093,3442024002
dMean__B_1_r_all/OPTIM_pcs/base_output/base/cis_nominal1.cis_qtl_pairs.1.tsv,435117011,143154383,8,107443312904,2824686013
dMean__B_1_r_all/OPTIM_pcs/base_output/base/cis_nominal1.cis_qtl_pairs.20.tsv,133968820,44437233,8,107586467418,2500582512
dMean__B_1_r_all/OPTIM_pcs/base_output/base/Cis_eqtls_independent.tsv,142635,59246,8,107630904783,3394306098
dMean__B_1_r_all/OPTIM_pcs/base_output/base/cis_nominal1.cis_qtl_pairs.12.tsv,274900253,89594732,8,107630964153,3384088675
dMean__B_1_r_all/OPTIM_pcs/base_output/base/cis_nominal1.cis_qtl_pairs.18.tsv,71010574,23394351,8,107720559017,3130570115
dMean__B_1_r_all/OPTIM_pcs/base_output/base/cis_nominal1.cis_qtl_pairs.13.tsv,91467491,29961446,8,107743953500,3687773925
dMean__Epithelial_28_r_all/OPTIM_pcs/base_output/base/cis_nominal1.cis_qtl_pairs.3.tsv,234352986,73590808,8,107773915078,1980568439
dMean__Epithelial_28_r_all/OPTIM_pcs/base_output/base/cis_nominal1.cis_qtl_pairs.15.tsv,133445459,42456327,8,107847506027,77458940
dMean__Epithelial_28_r_all/OPTIM_pcs/base_output/base/cis_nominal1.cis_qtl_pairs.16.tsv,187269027,60824316,8,107889962496,406172868
dMean__Epithelial_28_r_all/OPTIM_pcs/base_output/base/cis_nominal1.cis_qtl_pairs.4.tsv,175809088,54917211,8,107950786954,543801000
dMean__Epithelial_28_r_all/OPTIM_pcs/base_output/base/cis_nominal1.cis_qtl_pairs.21.tsv,45374601,14510215,8,108005704306,3300418667
dMean__Epithelial_28_r_all/OPTIM_pcs/base_output/base/cis_nominal1.cis_qtl_pairs.7.tsv,211922551,67470643,8,108020214663,337570584
dMean__Epithelial_28_r_all/OPTIM_pcs/base_output/base/cis_nominal1.cis_qtl_pairs.22.tsv,94280506,30237691,8,108087685447,3613264257
dMean__Epithelial_28_r_all/OPTIM_pcs/base_output/base/cis_nominal1.cis_qtl_pairs.11.tsv,246987220,77798549,8,108117923280,3691543335
dMean__Epithelial_28_r_all/OPTIM_pcs/base_output/base/cis_nominal1.cis_qtl_pairs.6.tsv,296373414,85659349,8,108195721971,2833022254
dMean__Epithelial_28_r_all/OPTIM_pcs/base_output/base/cis_nominal1.cis_qtl_pairs.2.tsv,271363431,86056251,8,108281381461,3319080791
dMean__Epithelial_28_r_all/OPTIM_pcs/base_output/base/cis_nominal1.cis_qtl_pairs.17.tsv,237543378,75972112,8,108367437853,596517766
dMean__Epithelial_28_r_all/OPTIM_pcs/base_output/base/Cis_eqtls_qval.tsv,2611192,1096181,8,108443410107,2522101478
dMean__Epithelial_28_r_all/OPTIM_pcs/base_output/base/cis_nominal1.cis_qtl_pairs.5.tsv,190439063,60086410,8,108444506415,4284647245
dMean__Epithelial_28_r_all/OPTIM_pcs/base_output/base/cis_nominal1.cis_qtl_pairs.9.tsv,180203044,57872866,8,108504592966,3771217314
dMean__Epithelial_28_r_all/OPTIM_pcs/base_output/base/cis_nominal1.cis_qtl_pairs.19.tsv,312200054,99937739,8,108562465973,1755096129
dMean__Epithelial_28_r_all/OPTIM_pcs/base_output/base/cis_nominal1.cis_qtl_pairs.10.tsv,172447338,53689675,8,108662403854,1218156427
dMean__Epithelial_28_r_all/OPTIM_pcs/base_output/base/cis_nominal1.cis_qtl_pairs.8.tsv,149663440,47493994,8,108716093671,2116638885
dMean__Epithelial_28_r_all/OPTIM_pcs/base_output/base/cis_nominal1.cis_qtl_pairs.14.tsv,154644493,48868027,8,108763587806,2131130452
dMean__Epithelial_28_r_all/OPTIM_pcs/base_output/base/cis_nominal1.cis_qtl_pairs.1.tsv,390988994,123669388,8,108812455975,168157671
dMean__Epithelial_28_r_all/OPTIM_pcs/base_output/base/cis_nominal1.cis_qtl_pairs.20.tsv,115010638,36732946,8,108936125504,126975170
dMean__Epithelial_28_r_all/OPTIM_pcs/base_output/base/Cis_eqtls_independent.tsv,11701,5189,8,108972858592,646394700
dMean__Epithelial_28_r_all/OPTIM_pcs/base_output/base/cis_nominal1.cis_qtl_pairs.12.tsv,221410114,69228073,8,108972863915,3285452043
dMean__Epithelial_28_r_all/OPTIM_pcs/base_output/base/cis_nominal1.cis_qtl_pairs.18.tsv,67723935,21435347,8,109042092130,1942154991
dMean__Epithelial_28_r_all/OPTIM_pcs/base_output/base/cis_nominal1.cis_qtl_pairs.13.tsv,81142674,25452351,8,109063527619,4230045143
dMean__Mesenchymal_0_ct_all/OPTIM_pcs/base_output/base/cis_nominal1.cis_qtl_pairs.3.tsv,226702381,74691730,8,109088980112,762531101
dMean__Mesenchymal_0_ct_all/OPTIM_pcs/base_output/base/cis_nominal1.cis_qtl_pairs.15.tsv,127139468,42147753,8,109163671984,375037244
dMean__Mesenchymal_0_ct_all/OPTIM_pcs/base_output/base/cis_nominal1.cis_qtl_pairs.16.tsv,171553908,57754814,8,109205819880,652190130
dMean__Mesenchymal_0_ct_all/OPTIM_pcs/base_output/base/cis_nominal1.cis_qtl_pairs.4.tsv,183031673,60070187,8,109263574837,3075645365
dMean__Mesenchymal_0_ct_all/OPTIM_pcs/base_output/base/cis_nominal1.cis_qtl_pairs.21.tsv,44842686,14883781,8,109323645166,1172588732
dMean__Mesenchymal_0_ct_all/OPTIM_pcs/base_output/base/cis_nominal1.cis_qtl_pairs.7.tsv,202715766,67315022,8,109338529090,2195698633
dMean__Mesenchymal_0_ct_all/OPTIM_pcs/base_output/base/cis_nominal1.cis_qtl_pairs.22.tsv,86902865,28877671,8,109405844254,1842418960
dMean__Mesenchymal_0_ct_all/OPTIM_pcs/base_output/base/cis_nominal1.cis_qtl_pairs.11.tsv,233278757,76746859,8,109434722068,1892364989
dMean__Mesenchymal_0_ct_all/OPTIM_pcs/base_output/base/cis_nominal1.cis_qtl_pairs.6.tsv,290032673,90378201,8,109511469070,3775374318
dMean__Mesenchymal_0_ct_all/OPTIM_pcs/base_output/base/cis_nominal1.cis_qtl_pairs.2.tsv,271748070,89994257,8,109601847413,2143566777
dMean__Mesenchymal_0_ct_all/OPTIM_pcs/base_output/base/cis_nominal1.cis_qtl_pairs.17.tsv,214538695,71236230,8,109691841812,1965136868
dMean__Mesenchymal_0_ct_all/OPTIM_pcs/base_output/base/Cis_eqtls_qval.tsv,2482989,1037733,8,109763078185,2352726325
dMean__Mesenchymal_0_ct_all/OPTIM_pcs/base_output/base/cis_nominal1.cis_qtl_pairs.5.tsv,192856176,63689366,8,109764116046,2170475612
dMean__Mesenchymal_0_ct_all/OPTIM_pcs/base_output/base/cis_nominal1.cis_qtl_pairs.9.tsv,169715441,56668085,8,109827805554,810479209
dMean__Mesenchymal_0_ct_all/OPTIM_pcs/base_output/base/cis_nominal1.cis_qtl_pairs.19.tsv,278582998,92660810,8,109884473781,3115931680
dMean__Mesenchymal_0_ct_all/OPTIM_pcs/base_output/base/cis_nominal1.cis_qtl_pairs.10.tsv,170846333,55839280,8,109977134734,832366316
dMean__Mesenchymal_0_ct_all/OPTIM_pcs/base_output/base/cis_nominal1.cis_qtl_pairs.8.tsv,149608776,49643329,8,110032974157,1439067838
dMean__Mesenchymal_0_ct_all/OPTIM_pcs/base_output/base/cis_nominal1.cis_qtl_pairs.14.tsv,153288653,50521039,8,110082617628,1713563839
dMean__Mesenchymal_0_ct_all/OPTIM_pcs/base_output/base/cis_nominal1.cis_qtl_pairs.1.tsv,357387722,117870689,8,110133138810,853732198
dMean__Mesenchymal_0_ct_all/OPTIM_pcs/base_output/base/cis_nominal1.cis_qtl_pairs.20.tsv,109998861,36489723,8,110251009641,3553554167
dMean__Mesenchymal_0_ct_all/OPTIM_pcs/base_output/base/Cis_eqtls_independent.tsv,15447,6803,8,110287499507,3796631271
dMean__Mesenchymal_0_ct_all/OPTIM_pcs/base_output/base/cis_nominal1.cis_qtl_pairs.12.tsv,214206957,70019254,8,110287506445,1805802721
dMean__Mesenchymal_0_ct_all/OPTIM_pcs/base_output/base/cis_nominal1.cis_qtl_pairs.18.tsv,70402511,23313479,8,110357525842,3822758020
dMean__Mesenchymal_0_ct_all/OPTIM_pcs/base_output/base/cis_nominal1.cis_qtl_pairs.13.tsv,83025199,27271070,8,110380839464,4327070
dMean__Myeloid_16_ti_all/OPTIM_pcs/base_output/base/cis_nominal1.cis_qtl_pairs.3.tsv,212996327,63980791,8,110408110677,5065543
dMean__Myeloid_16_ti_all/OPTIM_pcs/base_output/base/cis_nominal1.cis_qtl_pairs.15.tsv,116547414,35691875,8,110472091607,2445519220
dMean__Myeloid_16_ti_all/OPTIM_pcs/base_output/base/cis_nominal1.cis_qtl_pairs.16.tsv,171659329,53696691,8,110507783622,846710335
dMean__Myeloid_16_ti_all/OPTIM_pcs/base_output/base/cis_nominal1.cis_qtl_pairs.4.tsv,157585460,47185296,8,110561480453,3631120741
dMean__Myeloid_16_ti_all/OPTIM_pcs/base_output/base/cis_nominal1.cis_qtl_pairs.21.tsv,42712415,13111453,8,110608665888,3449227218
dMean__Myeloid_16_ti_all/OPTIM_pcs/base_output/base/cis_nominal1.cis_qtl_pairs.7.tsv,191484372,58279984,8,110621777481,1291932721
dMean__Myeloid_16_ti_all/OPTIM_pcs/base_output/base/cis_nominal1.cis_qtl_pairs.22.tsv,92825299,28654799,8,110680057604,2712389623
dMean__Myeloid_16_ti_all/OPTIM_pcs/base_output/base/cis_nominal1.cis_qtl_pairs.11.tsv,205733464,61605704,8,110708712543,1548117154
dMean__Myeloid_16_ti_all/OPTIM_pcs/base_output/base/cis_nominal1.cis_qtl_pairs.6.tsv,293521745,79598574,8,110770318387,1913870003
dMean__Myeloid_16_ti_all/OPTIM_pcs/base_output/base/cis_nominal1.cis_qtl_pairs.2.tsv,250342762,76176630,8,110849917100,3577421432
dMean__Myeloid_16_ti_all/OPTIM_pcs/base_output/base/cis_nominal1.cis_qtl_pairs.17.tsv,217317600,66867579,8,110926093869,1293821196
dMean__Myeloid_16_ti_all/OPTIM_pcs/base_output/base/Cis_eqtls_qval.tsv,2399941,986927,8,110992961588,3940675819
dMean__Myeloid_16_ti_all/OPTIM_pcs/base_output/base/cis_nominal1.cis_qtl_pairs.5.tsv,168564280,50920333,8,110993948640,2593329176
dMean__Myeloid_16_ti_all/OPTIM_pcs/base_output/base/cis_nominal1.cis_qtl_pairs.9.tsv,151211339,46449410,8,111044869112,2258411486
dMean__Myeloid_16_ti_all/OPTIM_pcs/base_output/base/cis_nominal1.cis_qtl_pairs.19.tsv,293715340,90324418,8,111091318661,2121104995
dMean__Myeloid_16_ti_all/OPTIM_pcs/base_output/base/cis_nominal1.cis_qtl_pairs.10.tsv,160269020,47550525,8,111181643219,3773842015
dMean__Myeloid_16_ti_all/OPTIM_pcs/base_output/base/cis_nominal1.cis_qtl_pairs.8.tsv,132295166,40394847,8,111229193884,2997144883
dMean__Myeloid_16_ti_all/OPTIM_pcs/base_output/base/cis_nominal1.cis_qtl_pairs.14.tsv,138241986,41921265,8,111269588870,3896081522
dMean__Myeloid_16_ti_all/OPTIM_pcs/base_output/base/cis_nominal1.cis_qtl_pairs.1.tsv,339584467,102644731,8,111311510275,1563466712
dMean__Myeloid_16_ti_all/OPTIM_pcs/base_output/base/cis_nominal1.cis_qtl_pairs.20.tsv,103983177,31778038,8,111414155145,1654452179
dMean__Myeloid_16_ti_all/OPTIM_pcs/base_output/base/Cis_eqtls_independent.tsv,809,448,8,111445933323,288408202
dMean__Myeloid_16_ti_all/OPTIM_pcs/base_output/base/cis_nominal1.cis_qtl_pairs.12.tsv,205261156,61203437,8,111445933903,3227613900
dMean__Myeloid_16_ti_all/OPTIM_pcs/base_output/base/cis_nominal1.cis_qtl_pairs.18.tsv,62353996,19079704,8,111507137480,1758376244
dMean__Myeloid_16_ti_all/OPTIM_pcs/base_output/base/cis_nominal1.cis_qtl_pairs.13.tsv,78242492,23521142,8,111526217324,2890264445
dMean__Epithelial_23_ti_all/OPTIM_pcs/base_output/base/cis_nominal1.cis_qtl_pairs.3.tsv,275191305,90667312,8,111549738606,581338740
dMean__Epithelial_23_ti_all/OPTIM_pcs/base_output/base/cis_nominal1.cis_qtl_pairs.15.tsv,156843715,52050006,8,111640406060,2943760536
dMean__Epithelial_23_ti_all/OPTIM_pcs/base_output/base/cis_nominal1.cis_qtl_pairs.16.tsv,219008577,73631704,8,111692456209,2014589404
dMean__Epithelial_23_ti_all/OPTIM_pcs/base_output/base/cis_nominal1.cis_qtl_pairs.4.tsv,206440751,67852858,8,111766088056,3387250741
dMean__Epithelial_23_ti_all/OPTIM_pcs/base_output/base/cis_nominal1.cis_qtl_pairs.21.tsv,58039868,19292317,8,111833941056,367228771
dMean__Epithelial_23_ti_all/OPTIM_pcs/base_output/base/cis_nominal1.cis_qtl_pairs.7.tsv,256475831,85124304,8,111853233516,4093047055
dMean__Epithelial_23_ti_all/OPTIM_pcs/base_output/base/cis_nominal1.cis_qtl_pairs.22.tsv,106454376,35444788,8,111938357962,3268963097
dMean__Epithelial_23_ti_all/OPTIM_pcs/base_output/base/cis_nominal1.cis_qtl_pairs.11.tsv,276211481,90844668,8,111973802893,1630498695
dMean__Epithelial_23_ti_all/OPTIM_pcs/base_output/base/cis_nominal1.cis_qtl_pairs.6.tsv,340669531,106214063,8,112064647704,1922597177
dMean__Epithelial_23_ti_all/OPTIM_pcs/base_output/base/cis_nominal1.cis_qtl_pairs.2.tsv,319450321,105901953,8,112170861909,1074516515
dMean__Epithelial_23_ti_all/OPTIM_pcs/base_output/base/cis_nominal1.cis_qtl_pairs.17.tsv,277521999,92381453,8,112276764004,74914170
dMean__Epithelial_23_ti_all/OPTIM_pcs/base_output/base/Cis_eqtls_qval.tsv,3041975,1297546,8,112369145600,2708138172
dMean__Epithelial_23_ti_all/OPTIM_pcs/base_output/base/cis_nominal1.cis_qtl_pairs.5.tsv,227878488,75327480,8,112370443274,3054891014
dMean__Epithelial_23_ti_all/OPTIM_pcs/base_output/base/cis_nominal1.cis_qtl_pairs.9.tsv,205467317,68580029,8,112445770896,887181903
dMean__Epithelial_23_ti_all/OPTIM_pcs/base_output/base/cis_nominal1.cis_qtl_pairs.19.tsv,365900186,121954798,8,112514351067,3275041582
dMean__Epithelial_23_ti_all/OPTIM_pcs/base_output/base/cis_nominal1.cis_qtl_pairs.10.tsv,202545586,66257443,8,112636306008,3014017799
dMean__Epithelial_23_ti_all/OPTIM_pcs/base_output/base/cis_nominal1.cis_qtl_pairs.8.tsv,179388214,59513435,8,112702563594,392403929
dMean__Epithelial_23_ti_all/OPTIM_pcs/base_output/base/cis_nominal1.cis_qtl_pairs.14.tsv,185470646,61239251,8,112762077171,3997904208
dMean__Epithelial_23_ti_all/OPTIM_pcs/base_output/base/cis_nominal1.cis_qtl_pairs.1.tsv,447121542,147607289,8,112823316565,3668333263
dMean__Epithelial_23_ti_all/OPTIM_pcs/base_output/base/cis_nominal1.cis_qtl_pairs.20.tsv,137005132,45482698,8,112970923996,3181543164
dMean__Epithelial_23_ti_all/OPTIM_pcs/base_output/base/Cis_eqtls_independent.tsv,74886,31552,8,113016406837,4141546154
dMean__Epithelial_23_ti_all/OPTIM_pcs/base_output/base/cis_nominal1.cis_qtl_pairs.12.tsv,256932864,84115994,8,113016438524,145601884
dMean__Epithelial_23_ti_all/OPTIM_pcs/base_output/base/cis_nominal1.cis_qtl_pairs.18.tsv,82073046,27141396,8,113100554661,1113037994
dMean__Epithelial_23_ti_all/OPTIM_pcs/base_output/base/cis_nominal1.cis_qtl_pairs.13.tsv,94509289,31074213,8,113127696200,677020588
dMean__T_7_blood_all/OPTIM_pcs/base_output/base/cis_nominal1.cis_qtl_pairs.3.tsv,322442955,100452341,8,113158770556,695771694
dMean__T_7_blood_all/OPTIM_pcs/base_output/base/cis_nominal1.cis_qtl_pairs.15.tsv,192302302,60901514,8,113259223032,1230081691
dMean__T_7_blood_all/OPTIM_pcs/base_output/base/cis_nominal1.cis_qtl_pairs.16.tsv,285082936,91803248,8,113320124682,1419819598
dMean__T_7_blood_all/OPTIM_pcs/base_output/base/cis_nominal1.cis_qtl_pairs.4.tsv,239865644,74211932,8,113411928066,1394680637
dMean__T_7_blood_all/OPTIM_pcs/base_output/base/cis_nominal1.cis_qtl_pairs.21.tsv,71512603,22645321,8,113486140133,1502393047
dMean__T_7_blood_all/OPTIM_pcs/base_output/base/cis_nominal1.cis_qtl_pairs.7.tsv,289775486,91132078,8,113508785590,2684793232
dMean__T_7_blood_all/OPTIM_pcs/base_output/base/cis_nominal1.cis_qtl_pairs.22.tsv,142586412,45414672,8,113599917803,2913584412
dMean__T_7_blood_all/OPTIM_pcs/base_output/base/cis_nominal1.cis_qtl_pairs.11.tsv,321629873,99994922,8,113645332611,2841585892
dMean__T_7_blood_all/OPTIM_pcs/base_output/base/cis_nominal1.cis_qtl_pairs.6.tsv,434423478,123065090,8,113745327669,1773226941
dMean__T_7_blood_all/OPTIM_pcs/base_output/base/cis_nominal1.cis_qtl_pairs.2.tsv,386870185,121873365,8,113868392894,771294472
dMean__T_7_blood_all/OPTIM_pcs/base_output/base/cis_nominal1.cis_qtl_pairs.17.tsv,354907612,112711402,8,113990266394,2994016024
dMean__T_7_blood_all/OPTIM_pcs/base_output/base/Cis_eqtls_qval.tsv,3710240,1589328,8,114102977932,924652951
dMean__T_7_blood_all/OPTIM_pcs/base_output/base/cis_nominal1.cis_qtl_pairs.5.tsv,270463890,84471155,8,114104567381,632953909
dMean__T_7_blood_all/OPTIM_pcs/base_output/base/cis_nominal1.cis_qtl_pairs.9.tsv,226803020,72140802,8,114189038671,1495111802
dMean__T_7_blood_all/OPTIM_pcs/base_output/base/cis_nominal1.cis_qtl_pairs.19.tsv,505053416,160617562,8,114261179608,3802591940
dMean__T_7_blood_all/OPTIM_pcs/base_output/base/cis_nominal1.cis_qtl_pairs.10.tsv,240900216,74278800,8,114421797306,240073879
dMean__T_7_blood_all/OPTIM_pcs/base_output/base/cis_nominal1.cis_qtl_pairs.8.tsv,209364424,65977708,8,114496076242,1245946343
dMean__T_7_blood_all/OPTIM_pcs/base_output/base/cis_nominal1.cis_qtl_pairs.14.tsv,227238599,71180324,8,114562054085,2802096393
dMean__T_7_blood_all/OPTIM_pcs/base_output/base/cis_nominal1.cis_qtl_pairs.1.tsv,529244991,165014502,8,114633234545,3928710836
dMean__T_7_blood_all/OPTIM_pcs/base_output/base/cis_nominal1.cis_qtl_pairs.20.tsv,155635231,49151489,8,114798249182,3669216698
dMean__T_7_blood_all/OPTIM_pcs/base_output/base/Cis_eqtls_independent.tsv,142541,58815,8,114847400807,2813154876
dMean__T_7_blood_all/OPTIM_pcs/base_output/base/cis_nominal1.cis_qtl_pairs.12.tsv,335606688,103894712,8,114847459750,2003317274
dMean__T_7_blood_all/OPTIM_pcs/base_output/base/cis_nominal1.cis_qtl_pairs.18.tsv,105918248,33376479,8,114951354598,1417927972
dMean__T_7_blood_all/OPTIM_pcs/base_output/base/cis_nominal1.cis_qtl_pairs.13.tsv,112499695,34949080,8,114984731213,235498011
dMean__Myeloid_7_ti_all/OPTIM_pcs/base_output/base/cis_nominal1.cis_qtl_pairs.3.tsv,154331575,48067191,8,115019680429,959777886
dMean__Myeloid_7_ti_all/OPTIM_pcs/base_output/base/cis_nominal1.cis_qtl_pairs.15.tsv,78838829,24824854,8,115067747758,1888908821
dMean__Myeloid_7_ti_all/OPTIM_pcs/base_output/base/cis_nominal1.cis_qtl_pairs.16.tsv,113958031,36521665,8,115092572751,928903291
dMean__Myeloid_7_ti_all/OPTIM_pcs/base_output/base/cis_nominal1.cis_qtl_pairs.4.tsv,120365680,37133298,8,115129094555,2135675631
dMean__Myeloid_7_ti_all/OPTIM_pcs/base_output/base/cis_nominal1.cis_qtl_pairs.21.tsv,30829135,9767593,8,115166227991,2002564542
dMean__Myeloid_7_ti_all/OPTIM_pcs/base_output/base/cis_nominal1.cis_qtl_pairs.7.tsv,137253670,43088986,8,115175995723,3502556294
dMean__Myeloid_7_ti_all/OPTIM_pcs/base_output/base/cis_nominal1.cis_qtl_pairs.22.tsv,64418817,20371676,8,115219084847,169228445
dMean__Myeloid_7_ti_all/OPTIM_pcs/base_output/base/cis_nominal1.cis_qtl_pairs.11.tsv,141618267,44012408,8,115239456662,2445157766
dMean__Myeloid_7_ti_all/OPTIM_pcs/base_output/base/cis_nominal1.cis_qtl_pairs.6.tsv,221477068,62291387,8,115283469209,172160215
dMean__Myeloid_7_ti_all/OPTIM_pcs/base_output/base/cis_nominal1.cis_qtl_pairs.2.tsv,192711076,60613217,8,115345760734,4101284006
dMean__Myeloid_7_ti_all/OPTIM_pcs/base_output/base/cis_nominal1.cis_qtl_pairs.17.tsv,146965430,46640616,8,115406374089,3902528482
dMean__Myeloid_7_ti_all/OPTIM_pcs/base_output/base/Cis_eqtls_qval.tsv,1707074,724924,8,115453014844,2092007705
dMean__Myeloid_7_ti_all/OPTIM_pcs/base_output/base/cis_nominal1.cis_qtl_pairs.5.tsv,133932496,41778505,8,115453739892,1359976548
dMean__Myeloid_7_ti_all/OPTIM_pcs/base_output/base/cis_nominal1.cis_qtl_pairs.9.tsv,98954781,31363923,8,115495518535,1685283541
dMean__Myeloid_7_ti_all/OPTIM_pcs/base_output/base/cis_nominal1.cis_qtl_pairs.19.tsv,199655122,63419277,8,115526882596,1325937114
dMean__Myeloid_7_ti_all/OPTIM_pcs/base_output/base/cis_nominal1.cis_qtl_pairs.10.tsv,114546829,35169692,8,115590302012,1187981640
dMean__Myeloid_7_ti_all/OPTIM_pcs/base_output/base/cis_nominal1.cis_qtl_pairs.8.tsv,92715373,29043664,8,115625471843,255482473
dMean__Myeloid_7_ti_all/OPTIM_pcs/base_output/base/cis_nominal1.cis_qtl_pairs.14.tsv,101732910,31769351,8,115654515645,343207740
dMean__Myeloid_7_ti_all/OPTIM_pcs/base_output/base/cis_nominal1.cis_qtl_pairs.1.tsv,250767376,77928768,8,115686285135,428478506
dMean__Myeloid_7_ti_all/OPTIM_pcs/base_output/base/cis_nominal1.cis_qtl_pairs.20.tsv,79928816,25300317,8,115764214041,1286612987
dMean__Myeloid_7_ti_all/OPTIM_pcs/base_output/base/Cis_eqtls_independent.tsv,3783,1744,8,115789514497,650802586
dMean__Myeloid_7_ti_all/OPTIM_pcs/base_output/base/cis_nominal1.cis_qtl_pairs.12.tsv,156508972,48136780,8,115789516372,2353541519
dMean__Myeloid_7_ti_all/OPTIM_pcs/base_output/base/cis_nominal1.cis_qtl_pairs.18.tsv,47684934,14964618,8,115837653291,514239865
dMean__Myeloid_7_ti_all/OPTIM_pcs/base_output/base/cis_nominal1.cis_qtl_pairs.13.tsv,54526683,16863102,8,115852618048,4000214813
dMean__Epithelial_5_r_all/OPTIM_pcs/base_output/base/cis_nominal1.cis_qtl_pairs.3.tsv,348750890,115067682,8,115869481289,992504969
dMean__Epithelial_5_r_all/OPTIM_pcs/base_output/base/cis_nominal1.cis_qtl_pairs.15.tsv,207589457,68990740,8,115984549111,3599290322
dMean__Epithelial_5_r_all/OPTIM_pcs/base_output/base/cis_nominal1.cis_qtl_pairs.16.tsv,293207353,98675026,8,116053539992,3147151147
dMean__Epithelial_5_r_all/OPTIM_pcs/base_output/base/cis_nominal1.cis_qtl_pairs.4.tsv,260394652,85622639,8,116152215159,3140075281
dMean__Epithelial_5_r_all/OPTIM_pcs/base_output/base/cis_nominal1.cis_qtl_pairs.21.tsv,76915789,25549099,8,116237837938,829886659
dMean__Epithelial_5_r_all/OPTIM_pcs/base_output/base/cis_nominal1.cis_qtl_pairs.7.tsv,313687081,104245656,8,116263387178,437710553
dMean__Epithelial_5_r_all/OPTIM_pcs/base_output/base/cis_nominal1.cis_qtl_pairs.22.tsv,142185160,47299857,8,116367632974,1867180230
dMean__Epithelial_5_r_all/OPTIM_pcs/base_output/base/cis_nominal1.cis_qtl_pairs.11.tsv,346958428,114328284,8,116414932972,2657863137
dMean__Epithelial_5_r_all/OPTIM_pcs/base_output/base/cis_nominal1.cis_qtl_pairs.6.tsv,433445245,136078205,8,116529261397,2995987706
dMean__Epithelial_5_r_all/OPTIM_pcs/base_output/base/cis_nominal1.cis_qtl_pairs.2.tsv,415999210,137883682,8,116665339742,134561569
dMean__Epithelial_5_r_all/OPTIM_pcs/base_output/base/cis_nominal1.cis_qtl_pairs.17.tsv,364820910,121425904,8,116803223564,2990673128
dMean__Epithelial_5_r_all/OPTIM_pcs/base_output/base/Cis_eqtls_qval.tsv,3914214,1689830,8,116924649609,858510416
dMean__Epithelial_5_r_all/OPTIM_pcs/base_output/base/cis_nominal1.cis_qtl_pairs.5.tsv,281378274,93006590,8,116926339565,3478419975
dMean__Epithelial_5_r_all/OPTIM_pcs/base_output/base/cis_nominal1.cis_qtl_pairs.9.tsv,248375025,83061019,8,117019346295,1773285162
dMean__Epithelial_5_r_all/OPTIM_pcs/base_output/base/cis_nominal1.cis_qtl_pairs.19.tsv,494784238,164856594,8,117102407454,353456394
dMean__Epithelial_5_r_all/OPTIM_pcs/base_output/base/cis_nominal1.cis_qtl_pairs.10.tsv,251323027,82201334,8,117267264189,3075879284
dMean__Epithelial_5_r_all/OPTIM_pcs/base_output/base/cis_nominal1.cis_qtl_pairs.8.tsv,229619092,76321709,8,117349465664,2079587936
dMean__Epithelial_5_r_all/OPTIM_pcs/base_output/base/cis_nominal1.cis_qtl_pairs.14.tsv,233298049,76991147,8,117425787513,3031827292
dMean__Epithelial_5_r_all/OPTIM_pcs/base_output/base/cis_nominal1.cis_qtl_pairs.1.tsv,565721121,187139974,8,117502778801,3285878152
dMean__Epithelial_5_r_all/OPTIM_pcs/base_output/base/cis_nominal1.cis_qtl_pairs.20.tsv,166276343,55316156,8,117689918915,3574806174
dMean__Epithelial_5_r_all/OPTIM_pcs/base_output/base/Cis_eqtls_independent.tsv,1119481,457883,8,117745235212,2829734568
dMean__Epithelial_5_r_all/OPTIM_pcs/base_output/base/cis_nominal1.cis_qtl_pairs.12.tsv,328097821,107512823,8,117745693228,595947558
dMean__Epithelial_5_r_all/OPTIM_pcs/base_output/base/cis_nominal1.cis_qtl_pairs.18.tsv,109521956,36305721,8,117853206192,1378267135
dMean__Epithelial_5_r_all/OPTIM_pcs/base_output/base/cis_nominal1.cis_qtl_pairs.13.tsv,122741250,40376641,8,117889512054,1825336729
dMean__Myeloid_14_ct_all/OPTIM_pcs/base_output/base/cis_nominal1.cis_qtl_pairs.3.tsv,138208827,45171610,8,117929888836,909994615
dMean__Myeloid_14_ct_all/OPTIM_pcs/base_output/base/cis_nominal1.cis_qtl_pairs.15.tsv,75536356,24843006,8,117975060585,750337415
dMean__Myeloid_14_ct_all/OPTIM_pcs/base_output/base/cis_nominal1.cis_qtl_pairs.16.tsv,103893432,34661353,8,117999903731,1004633326
dMean__Myeloid_14_ct_all/OPTIM_pcs/base_output/base/cis_nominal1.cis_qtl_pairs.4.tsv,103893903,33737664,8,118034565224,1644928638
dMean__Myeloid_14_ct_all/OPTIM_pcs/base_output/base/cis_nominal1.cis_qtl_pairs.21.tsv,27237165,8989188,8,118068303027,1674679373
dMean__Myeloid_14_ct_all/OPTIM_pcs/base_output/base/cis_nominal1.cis_qtl_pairs.7.tsv,116771170,38461287,8,118077292355,1046141544
dMean__Myeloid_14_ct_all/OPTIM_pcs/base_output/base/cis_nominal1.cis_qtl_pairs.22.tsv,56620926,18689686,8,118115753781,3258762929
dMean__Myeloid_14_ct_all/OPTIM_pcs/base_output/base/cis_nominal1.cis_qtl_pairs.11.tsv,139447542,45435060,8,118134443607,1673189445
dMean__Myeloid_14_ct_all/OPTIM_pcs/base_output/base/cis_nominal1.cis_qtl_pairs.6.tsv,207788978,63337358,8,118179878807,3496777024
dMean__Myeloid_14_ct_all/OPTIM_pcs/base_output/base/cis_nominal1.cis_qtl_pairs.2.tsv,165799531,54562715,8,118243216304,3478351775
dMean__Myeloid_14_ct_all/OPTIM_pcs/base_output/base/cis_nominal1.cis_qtl_pairs.17.tsv,132951235,44024623,8,118297779158,2010929750
dMean__Myeloid_14_ct_all/OPTIM_pcs/base_output/base/Cis_eqtls_qval.tsv,1521743,624309,8,118341803921,3450559708
dMean__Myeloid_14_ct_all/OPTIM_pcs/base_output/base/cis_nominal1.cis_qtl_pairs.5.tsv,117115416,38363210,8,118342428355,3511523310
dMean__Myeloid_14_ct_all/OPTIM_pcs/base_output/base/cis_nominal1.cis_qtl_pairs.9.tsv,93814080,31063835,8,118380791704,1092982004
dMean__Myeloid_14_ct_all/OPTIM_pcs/base_output/base/cis_nominal1.cis_qtl_pairs.19.tsv,166980206,55470363,8,118411855678,4092159079
dMean__Myeloid_14_ct_all/OPTIM_pcs/base_output/base/cis_nominal1.cis_qtl_pairs.10.tsv,101864383,32986479,8,118467326181,1366943442
dMean__Myeloid_14_ct_all/OPTIM_pcs/base_output/base/cis_nominal1.cis_qtl_pairs.8.tsv,85369558,28094260,8,118500312800,2373866735
dMean__Myeloid_14_ct_all/OPTIM_pcs/base_output/base/cis_nominal1.cis_qtl_pairs.14.tsv,93474241,30643560,8,118528407199,1038224119
dMean__Myeloid_14_ct_all/OPTIM_pcs/base_output/base/cis_nominal1.cis_qtl_pairs.1.tsv,220850614,72247064,8,118559050899,4044984096
dMean__Myeloid_14_ct_all/OPTIM_pcs/base_output/base/cis_nominal1.cis_qtl_pairs.20.tsv,65113111,21487222,8,118631298102,4231559305
dMean__Myeloid_14_ct_all/OPTIM_pcs/base_output/base/Cis_eqtls_independent.tsv,3137,1469,8,118652785464,3913829463
dMean__Myeloid_14_ct_all/OPTIM_pcs/base_output/base/cis_nominal1.cis_qtl_pairs.12.tsv,139058017,45101455,8,118652787065,2443970075
dMean__Myeloid_14_ct_all/OPTIM_pcs/base_output/base/cis_nominal1.cis_qtl_pairs.18.tsv,38953534,12781586,8,118697888660,991779267
dMean__Myeloid_14_ct_all/OPTIM_pcs/base_output/base/cis_nominal1.cis_qtl_pairs.13.tsv,50337509,16406066,8,118710670386,4290213669
dMean__T_9_blood_all/OPTIM_pcs/base_output/base/cis_nominal1.cis_qtl_pairs.3.tsv,310462160,97669136,8,118727076592,2663443868
dMean__T_9_blood_all/OPTIM_pcs/base_output/base/cis_nominal1.cis_qtl_pairs.15.tsv,169575017,54154082,8,118824745863,64179908
dMean__T_9_blood_all/OPTIM_pcs/base_output/base/cis_nominal1.cis_qtl_pairs.16.tsv,266661651,86490163,8,118878900081,1525826580
dMean__T_9_blood_all/OPTIM_pcs/base_output/base/cis_nominal1.cis_qtl_pairs.4.tsv,219174465,68533504,8,118965390380,2621537209
dMean__T_9_blood_all/OPTIM_pcs/base_output/base/cis_nominal1.cis_qtl_pairs.21.tsv,72089140,23045309,8,119033924019,2790790780
dMean__T_9_blood_all/OPTIM_pcs/base_output/base/cis_nominal1.cis_qtl_pairs.7.tsv,282868898,89750354,8,119056969464,2627531352
dMean__T_9_blood_all/OPTIM_pcs/base_output/base/cis_nominal1.cis_qtl_pairs.22.tsv,133410484,42820109,8,119146719953,2636381984
dMean__T_9_blood_all/OPTIM_pcs/base_output/base/cis_nominal1.cis_qtl_pairs.11.tsv,299921605,94400067,8,119189540198,2276582374
dMean__T_9_blood_all/OPTIM_pcs/base_output/base/cis_nominal1.cis_qtl_pairs.6.tsv,411511489,118479875,8,119283940401,2396102500
dMean__T_9_blood_all/OPTIM_pcs/base_output/base/cis_nominal1.cis_qtl_pairs.2.tsv,365163213,116052461,8,119402420411,1600479902
dMean__T_9_blood_all/OPTIM_pcs/base_output/base/cis_nominal1.cis_qtl_pairs.17.tsv,332879883,106660930,8,119518473007,3861685809
dMean__T_9_blood_all/OPTIM_pcs/base_output/base/Cis_eqtls_qval.tsv,3563083,1527276,8,119625134073,594036536
dMean__T_9_blood_all/OPTIM_pcs/base_output/base/cis_nominal1.cis_qtl_pairs.5.tsv,253647525,80107876,8,119626661470,435374606
dMean__T_9_blood_all/OPTIM_pcs/base_output/base/cis_nominal1.cis_qtl_pairs.9.tsv,210757923,67632212,8,119706769481,2537334602
dMean__T_9_blood_all/OPTIM_pcs/base_output/base/cis_nominal1.cis_qtl_pairs.19.tsv,477700469,153304897,8,119774401828,3475478947
dMean__T_9_blood_all/OPTIM_pcs/base_output/base/cis_nominal1.cis_qtl_pairs.10.tsv,221709903,69098306,8,119927706861,1358362635
dMean__T_9_blood_all/OPTIM_pcs/base_output/base/cis_nominal1.cis_qtl_pairs.8.tsv,201780714,64334326,8,119996805303,1387492514
dMean__T_9_blood_all/OPTIM_pcs/base_output/base/cis_nominal1.cis_qtl_pairs.14.tsv,239949347,75997766,8,120061139764,1410412253
dMean__T_9_blood_all/OPTIM_pcs/base_output/base/cis_nominal1.cis_qtl_pairs.1.tsv,513302749,161773094,8,120137137666,50008123
dMean__T_9_blood_all/OPTIM_pcs/base_output/base/cis_nominal1.cis_qtl_pairs.20.tsv,149978752,47822379,8,120298910895,1162109871
dMean__T_9_blood_all/OPTIM_pcs/base_output/base/Cis_eqtls_independent.tsv,155484,64201,8,120346733410,844665706
dMean__T_9_blood_all/OPTIM_pcs/base_output/base/cis_nominal1.cis_qtl_pairs.12.tsv,316662513,98993537,8,120346797739,2442303403
dMean__T_9_blood_all/OPTIM_pcs/base_output/base/cis_nominal1.cis_qtl_pairs.18.tsv,99116069,31527031,8,120445791412,1597577912
dMean__T_9_blood_all/OPTIM_pcs/base_output/base/cis_nominal1.cis_qtl_pairs.13.tsv,111263440,34863964,8,120477318579,282711803
dMean__Myeloid_4_r_all/OPTIM_pcs/base_output/base/cis_nominal1.cis_qtl_pairs.3.tsv,217728034,69560049,8,120512182679,1070205068
dMean__Myeloid_4_r_all/OPTIM_pcs/base_output/base/cis_nominal1.cis_qtl_pairs.15.tsv,114695179,36969274,8,120581742865,623984005
dMean__Myeloid_4_r_all/OPTIM_pcs/base_output/base/cis_nominal1.cis_qtl_pairs.16.tsv,168396295,55426796,8,120618712277,1352746883
dMean__Myeloid_4_r_all/OPTIM_pcs/base_output/base/cis_nominal1.cis_qtl_pairs.4.tsv,162020438,51627268,8,120674139211,1230324478
dMean__Myeloid_4_r_all/OPTIM_pcs/base_output/base/cis_nominal1.cis_qtl_pairs.21.tsv,45614453,14785089,8,120725766616,1953580643
dMean__Myeloid_4_r_all/OPTIM_pcs/base_output/base/cis_nominal1.cis_qtl_pairs.7.tsv,200576916,64650396,8,120740551843,1419033558
dMean__Myeloid_4_r_all/OPTIM_pcs/base_output/base/cis_nominal1.cis_qtl_pairs.22.tsv,92742733,30067374,8,120805202376,1213736960
dMean__Myeloid_4_r_all/OPTIM_pcs/base_output/base/cis_nominal1.cis_qtl_pairs.11.tsv,218196431,69814049,8,120835269888,463350334
dMean__Myeloid_4_r_all/OPTIM_pcs/base_output/base/cis_nominal1.cis_qtl_pairs.6.tsv,287827598,84625766,8,120905084075,738213038
dMean__Myeloid_4_r_all/OPTIM_pcs/base_output/base/cis_nominal1.cis_qtl_pairs.2.tsv,254001711,81991421,8,120989709978,3132726100
dMean__Myeloid_4_r_all/OPTIM_pcs/base_output/base/cis_nominal1.cis_qtl_pairs.17.tsv,226095802,73355993,8,121071701536,2137187984
dMean__Myeloid_4_r_all/OPTIM_pcs/base_output/base/Cis_eqtls_qval.tsv,2454839,1023832,8,121145057667,2927758340
dMean__Myeloid_4_r_all/OPTIM_pcs/base_output/base/cis_nominal1.cis_qtl_pairs.5.tsv,177320184,56787969,8,121146081622,656948360
dMean__Myeloid_4_r_all/OPTIM_pcs/base_output/base/cis_nominal1.cis_qtl_pairs.9.tsv,158647770,51566162,8,121202869728,1542977211
dMean__Myeloid_4_r_all/OPTIM_pcs/base_output/base/cis_nominal1.cis_qtl_pairs.19.tsv,318344096,103409598,8,121254436027,882859070
dMean__Myeloid_4_r_all/OPTIM_pcs/base_output/base/cis_nominal1.cis_qtl_pairs.10.tsv,165344095,52416178,8,121357845763,794377795
dMean__Myeloid_4_r_all/OPTIM_pcs/base_output/base/cis_nominal1.cis_qtl_pairs.8.tsv,132804003,42799946,8,121410262079,751190387
dMean__Myeloid_4_r_all/OPTIM_pcs/base_output/base/cis_nominal1.cis_qtl_pairs.14.tsv,146763997,47066954,8,121453062162,615787808
dMean__Myeloid_4_r_all/OPTIM_pcs/base_output/base/cis_nominal1.cis_qtl_pairs.1.tsv,357582326,114524154,8,121500129254,3174986461
dMean__Myeloid_4_r_all/OPTIM_pcs/base_output/base/cis_nominal1.cis_qtl_pairs.20.tsv,105552245,34120973,8,121614653545,3465587973
dMean__Myeloid_4_r_all/OPTIM_pcs/base_output/base/Cis_eqtls_independent.tsv,9210,4130,8,121648774656,2207172615
dMean__Myeloid_4_r_all/OPTIM_pcs/base_output/base/cis_nominal1.cis_qtl_pairs.12.tsv,219408961,69605929,8,121648778916,214197560
dMean__Myeloid_4_r_all/OPTIM_pcs/base_output/base/cis_nominal1.cis_qtl_pairs.18.tsv,66840403,21519097,8,121718384983,3591117688
dMean__Myeloid_4_r_all/OPTIM_pcs/base_output/base/cis_nominal1.cis_qtl_pairs.13.tsv,78117017,24929044,8,121739904218,2382589031
dMean__B_ct_all/OPTIM_pcs/base_output/base/cis_nominal1.cis_qtl_pairs.3.tsv,352727047,117276487,8,121764833400,710678151
dMean__B_ct_all/OPTIM_pcs/base_output/base/cis_nominal1.cis_qtl_pairs.15.tsv,200698485,67107802,8,121882110017,2809159770
dMean__B_ct_all/OPTIM_pcs/base_output/base/cis_nominal1.cis_qtl_pairs.16.tsv,307288126,104015014,8,121949217950,52591228
dMean__B_ct_all/OPTIM_pcs/base_output/base/cis_nominal1.cis_qtl_pairs.4.tsv,262432002,87028603,8,122053233095,4007925175
dMean__B_ct_all/OPTIM_pcs/base_output/base/cis_nominal1.cis_qtl_pairs.21.tsv,84644764,28328794,8,122140261828,4140355477
dMean__B_ct_all/OPTIM_pcs/base_output/base/cis_nominal1.cis_qtl_pairs.7.tsv,306208950,102473222,8,122168590753,3866365810
dMean__B_ct_all/OPTIM_pcs/base_output/base/cis_nominal1.cis_qtl_pairs.22.tsv,159015834,53253633,8,122271064105,4171361632
dMean__B_ct_all/OPTIM_pcs/base_output/base/cis_nominal1.cis_qtl_pairs.11.tsv,346684425,114976304,8,122324317869,47513378
dMean__B_ct_all/OPTIM_pcs/base_output/base/cis_nominal1.cis_qtl_pairs.6.tsv,476875101,150449794,8,122439294304,2533549212
dMean__B_ct_all/OPTIM_pcs/base_output/base/cis_nominal1.cis_qtl_pairs.2.tsv,423804690,141709742,8,122589744228,4208485995
dMean__B_ct_all/OPTIM_pcs/base_output/base/cis_nominal1.cis_qtl_pairs.17.tsv,375165835,125657610,8,122731454100,2656863974
dMean__B_ct_all/OPTIM_pcs/base_output/base/Cis_eqtls_qval.tsv,4041896,1746827,8,122857111841,3459640750
dMean__B_ct_all/OPTIM_pcs/base_output/base/cis_nominal1.cis_qtl_pairs.5.tsv,290244642,96638560,8,122858858784,1178335837
dMean__B_ct_all/OPTIM_pcs/base_output/base/cis_nominal1.cis_qtl_pairs.9.tsv,245825780,82764061,8,122955497474,1666712824
dMean__B_ct_all/OPTIM_pcs/base_output/base/cis_nominal1.cis_qtl_pairs.19.tsv,538668057,180592561,8,123038261665,3603158647
dMean__B_ct_all/OPTIM_pcs/base_output/base/cis_nominal1.cis_qtl_pairs.10.tsv,249340881,82229054,8,123218854357,2439884209
dMean__B_ct_all/OPTIM_pcs/base_output/base/cis_nominal1.cis_qtl_pairs.8.tsv,243330918,81515770,8,123301083542,2596282565
dMean__B_ct_all/OPTIM_pcs/base_output/base/cis_nominal1.cis_qtl_pairs.14.tsv,247685844,82370031,8,123382599442,3981138712
dMean__B_ct_all/OPTIM_pcs/base_output/base/cis_nominal1.cis_qtl_pairs.1.tsv,590201100,196302558,8,123464969604,2772598553
dMean__B_ct_all/OPTIM_pcs/base_output/base/cis_nominal1.cis_qtl_pairs.20.tsv,168537003,56450067,8,123661272292,1439327300
dMean__B_ct_all/OPTIM_pcs/base_output/base/Cis_eqtls_independent.tsv,1062366,434913,8,123717722490,2592968473
dMean__B_ct_all/OPTIM_pcs/base_output/base/cis_nominal1.cis_qtl_pairs.12.tsv,367337237,121248751,8,123718157526,3306873930
dMean__B_ct_all/OPTIM_pcs/base_output/base/cis_nominal1.cis_qtl_pairs.18.tsv,113068826,37734990,8,123839406408,3726633870
dMean__B_ct_all/OPTIM_pcs/base_output/base/cis_nominal1.cis_qtl_pairs.13.tsv,120800736,40058447,8,123877141529,3464827246
dMean__T_7_ct_all/OPTIM_pcs/base_output/base/cis_nominal1.cis_qtl_pairs.3.tsv,310921066,97826688,8,123917200107,2024341757
dMean__T_7_ct_all/OPTIM_pcs/base_output/base/cis_nominal1.cis_qtl_pairs.15.tsv,184274026,58824844,8,124015026927,1207825979
dMean__T_7_ct_all/OPTIM_pcs/base_output/base/cis_nominal1.cis_qtl_pairs.16.tsv,269777557,87488905,8,124073851904,2359759610
dMean__T_7_ct_all/OPTIM_pcs/base_output/base/cis_nominal1.cis_qtl_pairs.4.tsv,229100809,71656183,8,124161340942,1980775076
dMean__T_7_ct_all/OPTIM_pcs/base_output/base/cis_nominal1.cis_qtl_pairs.21.tsv,67072518,21416875,8,124232997257,955614089
dMean__T_7_ct_all/OPTIM_pcs/base_output/base/cis_nominal1.cis_qtl_pairs.7.tsv,284134448,90219679,8,124254414265,1932084495
dMean__T_7_ct_all/OPTIM_pcs/base_output/base/cis_nominal1.cis_qtl_pairs.22.tsv,138008230,44327035,8,124344634076,1927357814
dMean__T_7_ct_all/OPTIM_pcs/base_output/base/cis_nominal1.cis_qtl_pairs.11.tsv,308270242,96759783,8,124388961244,491234334
dMean__T_7_ct_all/OPTIM_pcs/base_output/base/cis_nominal1.cis_qtl_pairs.6.tsv,418688012,120279395,8,124485721160,3733273537
dMean__T_7_ct_all/OPTIM_pcs/base_output/base/cis_nominal1.cis_qtl_pairs.2.tsv,374897961,119163989,8,124606000687,2707360327
dMean__T_7_ct_all/OPTIM_pcs/base_output/base/cis_nominal1.cis_qtl_pairs.17.tsv,340737190,109027909,8,124725164808,1167042848
dMean__T_7_ct_all/OPTIM_pcs/base_output/base/Cis_eqtls_qval.tsv,3621077,1551820,8,124834192850,2667839125
dMean__T_7_ct_all/OPTIM_pcs/base_output/base/cis_nominal1.cis_qtl_pairs.5.tsv,262021819,82579547,8,124835744788,3303127692
dMean__T_7_ct_all/OPTIM_pcs/base_output/base/cis_nominal1.cis_qtl_pairs.9.tsv,225214704,72238708,8,124918324467,767526588
dMean__T_7_ct_all/OPTIM_pcs/base_output/base/cis_nominal1.cis_qtl_pairs.19.tsv,495614127,158784431,8,124990563307,2892329124
dMean__T_7_ct_all/OPTIM_pcs/base_output/base/cis_nominal1.cis_qtl_pairs.10.tsv,231572515,72112444,8,125149347871,1653865394
dMean__T_7_ct_all/OPTIM_pcs/base_output/base/cis_nominal1.cis_qtl_pairs.8.tsv,207335813,65966602,8,125221460448,2681722645
dMean__T_7_ct_all/OPTIM_pcs/base_output/base/cis_nominal1.cis_qtl_pairs.14.tsv,224879256,71130861,8,125287427182,3966041429
dMean__T_7_ct_all/OPTIM_pcs/base_output/base/cis_nominal1.cis_qtl_pairs.1.tsv,511335442,160975816,8,125358558176,2153789980
dMean__T_7_ct_all/OPTIM_pcs/base_output/base/cis_nominal1.cis_qtl_pairs.20.tsv,156617364,49809521,8,125519534124,2803448320
dMean__T_7_ct_all/OPTIM_pcs/base_output/base/Cis_eqtls_independent.tsv,149532,61652,8,125569343778,3348367851
dMean__T_7_ct_all/OPTIM_pcs/base_output/base/cis_nominal1.cis_qtl_pairs.12.tsv,323144139,101018677,8,125569405555,4080895608
dMean__T_7_ct_all/OPTIM_pcs/base_output/base/cis_nominal1.cis_qtl_pairs.18.tsv,102373674,32537787,8,125670424365,2925419533
dMean__T_7_ct_all/OPTIM_pcs/base_output/base/cis_nominal1.cis_qtl_pairs.13.tsv,104434617,32750032,8,125702962285,1118998662
dMean__T_5_r_all/OPTIM_pcs/base_output/base/cis_nominal1.cis_qtl_pairs.3.tsv,234256436,76370314,8,125735712450,1700321629
dMean__T_5_r_all/OPTIM_pcs/base_output/base/cis_nominal1.cis_qtl_pairs.15.tsv,128363308,42175386,8,125812082895,2446520711
dMean__T_5_r_all/OPTIM_pcs/base_output/base/cis_nominal1.cis_qtl_pairs.16.tsv,188049413,62816691,8,125854258413,2701615607
dMean__T_5_r_all/OPTIM_pcs/base_output/base/cis_nominal1.cis_qtl_pairs.4.tsv,174253929,56685498,8,125917075236,622178348
dMean__T_5_r_all/OPTIM_pcs/base_output/base/cis_nominal1.cis_qtl_pairs.21.tsv,50084650,16488280,8,125973760865,3661368408
dMean__T_5_r_all/OPTIM_pcs/base_output/base/cis_nominal1.cis_qtl_pairs.7.tsv,210734406,69204338,8,125990249277,153030377
dMean__T_5_r_all/OPTIM_pcs/base_output/base/cis_nominal1.cis_qtl_pairs.22.tsv,102503595,33812894,8,126059453746,4023524576
dMean__T_5_r_all/OPTIM_pcs/base_output/base/cis_nominal1.cis_qtl_pairs.11.tsv,227522383,74143535,8,126093266772,2469766377
dMean__T_5_r_all/OPTIM_pcs/base_output/base/cis_nominal1.cis_qtl_pairs.6.tsv,320704299,97936432,8,126167410439,2024899670
dMean__T_5_r_all/OPTIM_pcs/base_output/base/cis_nominal1.cis_qtl_pairs.2.tsv,282412010,92771009,8,126265347002,3822039076
dMean__T_5_r_all/OPTIM_pcs/base_output/base/cis_nominal1.cis_qtl_pairs.17.tsv,243860430,80306984,8,126358118142,1014978771
dMean__T_5_r_all/OPTIM_pcs/base_output/base/Cis_eqtls_qval.tsv,2664389,1135010,8,126438425258,2389062837
dMean__T_5_r_all/OPTIM_pcs/base_output/base/cis_nominal1.cis_qtl_pairs.5.tsv,195638393,63974524,8,126439560385,4174888359
dMean__T_5_r_all/OPTIM_pcs/base_output/base/cis_nominal1.cis_qtl_pairs.9.tsv,162472437,53737506,8,126503535040,2580800146
dMean__T_5_r_all/OPTIM_pcs/base_output/base/cis_nominal1.cis_qtl_pairs.19.tsv,354018977,116749965,8,126557272677,679323968
dMean__T_5_r_all/OPTIM_pcs/base_output/base/cis_nominal1.cis_qtl_pairs.10.tsv,173660527,56240520,8,126674022774,3173795656
dMean__T_5_r_all/OPTIM_pcs/base_output/base/cis_nominal1.cis_qtl_pairs.8.tsv,148178593,48700987,8,126730263426,4267842160
dMean__T_5_r_all/OPTIM_pcs/base_output/base/cis_nominal1.cis_qtl_pairs.14.tsv,165911626,54138227,8,126778964544,2607138990
dMean__T_5_r_all/OPTIM_pcs/base_output/base/cis_nominal1.cis_qtl_pairs.1.tsv,387929090,126780595,8,126833102903,234964506
dMean__T_5_r_all/OPTIM_pcs/base_output/base/cis_nominal1.cis_qtl_pairs.20.tsv,119604784,39379595,8,126959883629,2585981214
dMean__T_5_r_all/OPTIM_pcs/base_output/base/Cis_eqtls_independent.tsv,49258,20908,8,126999263356,2098301201
dMean__T_5_r_all/OPTIM_pcs/base_output/base/cis_nominal1.cis_qtl_pairs.12.tsv,239379932,77493703,8,126999284388,1264671579
dMean__T_5_r_all/OPTIM_pcs/base_output/base/cis_nominal1.cis_qtl_pairs.18.tsv,72096811,23675052,8,127076778223,1842494265
dMean__T_5_r_all/OPTIM_pcs/base_output/base/cis_nominal1.cis_qtl_pairs.13.tsv,88209204,28692716,8,127100453407,493165159
dMean__B_0_ct_all/OPTIM_pcs/base_output/base/cis_nominal1.cis_qtl_pairs.3.tsv,287598042,95665320,8,127129146255,2498364263
dMean__B_0_ct_all/OPTIM_pcs/base_output/base/cis_nominal1.cis_qtl_pairs.15.tsv,159675200,53381288,8,127224811707,2680107686
dMean__B_0_ct_all/OPTIM_pcs/base_output/base/cis_nominal1.cis_qtl_pairs.16.tsv,251486240,85145622,8,127278193128,4160135531
dMean__B_0_ct_all/OPTIM_pcs/base_output/base/cis_nominal1.cis_qtl_pairs.4.tsv,215074741,71361121,8,127363338883,1599054847
dMean__B_0_ct_all/OPTIM_pcs/base_output/base/cis_nominal1.cis_qtl_pairs.21.tsv,71738614,24008283,8,127434700136,2768252979
dMean__B_0_ct_all/OPTIM_pcs/base_output/base/cis_nominal1.cis_qtl_pairs.7.tsv,255167595,85443848,8,127458708552,2073051446
dMean__B_0_ct_all/OPTIM_pcs/base_output/base/cis_nominal1.cis_qtl_pairs.22.tsv,131709010,44129005,8,127544152532,636930659
dMean__B_0_ct_all/OPTIM_pcs/base_output/base/cis_nominal1.cis_qtl_pairs.11.tsv,292259979,96887970,8,127588281670,2467172234
dMean__B_0_ct_all/OPTIM_pcs/base_output/base/cis_nominal1.cis_qtl_pairs.6.tsv,407483185,128675574,8,127685169773,3159984930
dMean__B_0_ct_all/OPTIM_pcs/base_output/base/cis_nominal1.cis_qtl_pairs.2.tsv,352701732,117930146,8,127813845479,4060090995
dMean__B_0_ct_all/OPTIM_pcs/base_output/base/cis_nominal1.cis_qtl_pairs.17.tsv,303823731,101701174,8,127931775757,424844722
dMean__B_0_ct_all/OPTIM_pcs/base_output/base/Cis_eqtls_qval.tsv,3343634,1440769,8,128033477064,367289188
dMean__B_0_ct_all/OPTIM_pcs/base_output/base/cis_nominal1.cis_qtl_pairs.5.tsv,240547877,80089808,8,128034917951,831961204
dMean__B_0_ct_all/OPTIM_pcs/base_output/base/cis_nominal1.cis_qtl_pairs.9.tsv,202100244,67991929,8,128115007891,398533050
dMean__B_0_ct_all/OPTIM_pcs/base_output/base/cis_nominal1.cis_qtl_pairs.19.tsv,446873831,149710968,8,128182999952,1476289790
dMean__B_0_ct_all/OPTIM_pcs/base_output/base/cis_nominal1.cis_qtl_pairs.10.tsv,208122849,68646965,8,128332711053,4187709408
dMean__B_0_ct_all/OPTIM_pcs/base_output/base/cis_nominal1.cis_qtl_pairs.8.tsv,197084887,66075395,8,128401358151,3394503117
dMean__B_0_ct_all/OPTIM_pcs/base_output/base/cis_nominal1.cis_qtl_pairs.14.tsv,202101004,67260885,8,128467433678,1600104336
dMean__B_0_ct_all/OPTIM_pcs/base_output/base/cis_nominal1.cis_qtl_pairs.1.tsv,484595826,161225298,8,128534694696,3312935413
dMean__B_0_ct_all/OPTIM_pcs/base_output/base/cis_nominal1.cis_qtl_pairs.20.tsv,141311666,47340134,8,128695920126,3000106852
dMean__B_0_ct_all/OPTIM_pcs/base_output/base/Cis_eqtls_independent.tsv,452370,185908,8,128743260393,2708173186
dMean__B_0_ct_all/OPTIM_pcs/base_output/base/cis_nominal1.cis_qtl_pairs.12.tsv,307688881,101615281,8,128743446426,609195899
dMean__B_0_ct_all/OPTIM_pcs/base_output/base/cis_nominal1.cis_qtl_pairs.18.tsv,90125547,30094545,8,128845061840,124403123
dMean__B_0_ct_all/OPTIM_pcs/base_output/base/cis_nominal1.cis_qtl_pairs.13.tsv,100222381,33237435,8,128875156518,631589546
dMean__B_12_ti_all/OPTIM_pcs/base_output/base/cis_nominal1.cis_qtl_pairs.3.tsv,206478606,67731169,8,128908394086,252052348
dMean__B_12_ti_all/OPTIM_pcs/base_output/base/cis_nominal1.cis_qtl_pairs.15.tsv,105646929,34923665,8,128976125388,630761622
dMean__B_12_ti_all/OPTIM_pcs/base_output/base/cis_nominal1.cis_qtl_pairs.16.tsv,145637868,48772000,8,129011049187,2114311627
dMean__B_12_ti_all/OPTIM_pcs/base_output/base/cis_nominal1.cis_qtl_pairs.4.tsv,152854507,49937756,8,129059821321,2133648133
dMean__B_12_ti_all/OPTIM_pcs/base_output/base/cis_nominal1.cis_qtl_pairs.21.tsv,39551491,13069759,8,129109759210,1946968316
dMean__B_12_ti_all/OPTIM_pcs/base_output/base/cis_nominal1.cis_qtl_pairs.7.tsv,174590011,57741323,8,129122829103,2518253591
dMean__B_12_ti_all/OPTIM_pcs/base_output/base/cis_nominal1.cis_qtl_pairs.22.tsv,80687204,26709986,8,129180570559,3985023767
dMean__B_12_ti_all/OPTIM_pcs/base_output/base/cis_nominal1.cis_qtl_pairs.11.tsv,185359319,60626068,8,129207280679,1089062240
dMean__B_12_ti_all/OPTIM_pcs/base_output/base/cis_nominal1.cis_qtl_pairs.6.tsv,265746001,82407995,8,129267906881,2255809927
dMean__B_12_ti_all/OPTIM_pcs/base_output/base/cis_nominal1.cis_qtl_pairs.2.tsv,247042624,81611066,8,129350315009,2358355877
dMean__B_12_ti_all/OPTIM_pcs/base_output/base/cis_nominal1.cis_qtl_pairs.17.tsv,186835673,61843766,8,129431926208,1091248559
dMean__B_12_ti_all/OPTIM_pcs/base_output/base/Cis_eqtls_qval.tsv,2170375,913040,8,129493770108,2683992962
dMean__B_12_ti_all/OPTIM_pcs/base_output/base/cis_nominal1.cis_qtl_pairs.5.tsv,161947800,53278064,8,129494683267,182125798
dMean__B_12_ti_all/OPTIM_pcs/base_output/base/cis_nominal1.cis_qtl_pairs.9.tsv,130656173,43411843,8,129547961464,335036530
dMean__B_12_ti_all/OPTIM_pcs/base_output/base/cis_nominal1.cis_qtl_pairs.19.tsv,259701322,85914383,8,129591373440,4015973619
dMean__B_12_ti_all/OPTIM_pcs/base_output/base/cis_nominal1.cis_qtl_pairs.10.tsv,147122329,47793999,8,129677287957,3870945788
dMean__B_12_ti_all/OPTIM_pcs/base_output/base/cis_nominal1.cis_qtl_pairs.8.tsv,119998270,39614389,8,129725082090,866605354
dMean__B_12_ti_all/OPTIM_pcs/base_output/base/cis_nominal1.cis_qtl_pairs.14.tsv,130572053,42927091,8,129764696612,1023072971
dMean__B_12_ti_all/OPTIM_pcs/base_output/base/cis_nominal1.cis_qtl_pairs.1.tsv,313884353,102971541,8,129807623837,3464734478
dMean__B_12_ti_all/OPTIM_pcs/base_output/base/cis_nominal1.cis_qtl_pairs.20.tsv,95136942,31484449,8,129910595511,1281205923
dMean__B_12_ti_all/OPTIM_pcs/base_output/base/Cis_eqtls_independent.tsv,16753,7368,8,129942080094,3590213929
dMean__B_12_ti_all/OPTIM_pcs/base_output/base/cis_nominal1.cis_qtl_pairs.12.tsv,202404621,65948846,8,129942087588,2268338737
dMean__B_12_ti_all/OPTIM_pcs/base_output/base/cis_nominal1.cis_qtl_pairs.18.tsv,58743605,19376949,8,130008036568,1885590904
dMean__B_12_ti_all/OPTIM_pcs/base_output/base/cis_nominal1.cis_qtl_pairs.13.tsv,72379569,23678655,8,130027413651,1214908491
dMean__B_6_ti_all/OPTIM_pcs/base_output/base/cis_nominal1.cis_qtl_pairs.3.tsv,264357202,85239221,8,130051092440,2895735612
dMean__B_6_ti_all/OPTIM_pcs/base_output/base/cis_nominal1.cis_qtl_pairs.15.tsv,142464162,46299354,8,130136331793,3731772469
dMean__B_6_ti_all/OPTIM_pcs/base_output/base/cis_nominal1.cis_qtl_pairs.16.tsv,219445026,72504346,8,130182631280,1545956445
dMean__B_6_ti_all/OPTIM_pcs/base_output/base/cis_nominal1.cis_qtl_pairs.4.tsv,187724865,60272602,8,130255135759,2936167480
dMean__B_6_ti_all/OPTIM_pcs/base_output/base/cis_nominal1.cis_qtl_pairs.21.tsv,55150989,17978586,8,130315408493,842842449
dMean__B_6_ti_all/OPTIM_pcs/base_output/base/cis_nominal1.cis_qtl_pairs.7.tsv,231593416,75236822,8,130333387212,1943522109
dMean__B_6_ti_all/OPTIM_pcs/base_output/base/cis_nominal1.cis_qtl_pairs.22.tsv,117185569,38223933,8,130408624166,2552008077
dMean__B_6_ti_all/OPTIM_pcs/base_output/base/cis_nominal1.cis_qtl_pairs.11.tsv,253480822,81455795,8,130446848232,1835395929
dMean__B_6_ti_all/OPTIM_pcs/base_output/base/cis_nominal1.cis_qtl_pairs.6.tsv,359148042,107096386,8,130528304160,638898646
dMean__B_6_ti_all/OPTIM_pcs/base_output/base/cis_nominal1.cis_qtl_pairs.2.tsv,318244287,103153655,8,130635400678,4083164248
dMean__B_6_ti_all/OPTIM_pcs/base_output/base/cis_nominal1.cis_qtl_pairs.17.tsv,262379302,85576138,8,130738554465,3505511306
dMean__B_6_ti_all/OPTIM_pcs/base_output/base/Cis_eqtls_qval.tsv,2933800,1253608,8,130824130736,3498307524
dMean__B_6_ti_all/OPTIM_pcs/base_output/base/cis_nominal1.cis_qtl_pairs.5.tsv,214372618,69223494,8,130825384462,3359048248
dMean__B_6_ti_all/OPTIM_pcs/base_output/base/cis_nominal1.cis_qtl_pairs.9.tsv,182703576,59655298,8,130894608088,3034417766
dMean__B_6_ti_all/OPTIM_pcs/base_output/base/cis_nominal1.cis_qtl_pairs.19.tsv,378649818,123448148,8,130954263518,3759301110
dMean__B_6_ti_all/OPTIM_pcs/base_output/base/cis_nominal1.cis_qtl_pairs.10.tsv,186286210,59322478,8,131077711799,3866022942
dMean__B_6_ti_all/OPTIM_pcs/base_output/base/cis_nominal1.cis_qtl_pairs.8.tsv,171679956,55779372,8,131137034410,233465294
dMean__B_6_ti_all/OPTIM_pcs/base_output/base/cis_nominal1.cis_qtl_pairs.14.tsv,175428802,56612752,8,131192813914,1685991439
dMean__B_6_ti_all/OPTIM_pcs/base_output/base/cis_nominal1.cis_qtl_pairs.1.tsv,425093390,136872739,8,131249426799,1620293741
dMean__B_6_ti_all/OPTIM_pcs/base_output/base/cis_nominal1.cis_qtl_pairs.20.tsv,126480930,41223940,8,131386299670,2762347162
dMean__B_6_ti_all/OPTIM_pcs/base_output/base/Cis_eqtls_independent.tsv,52096,22059,8,131427523743,972144653
dMean__B_6_ti_all/OPTIM_pcs/base_output/base/cis_nominal1.cis_qtl_pairs.12.tsv,262339806,83854698,8,131427545927,3711775237
dMean__B_6_ti_all/OPTIM_pcs/base_output/base/cis_nominal1.cis_qtl_pairs.18.tsv,74812180,24236667,8,131511400758,930140483
dMean__B_6_ti_all/OPTIM_pcs/base_output/base/cis_nominal1.cis_qtl_pairs.13.tsv,89629033,28734154,8,131535637558,2324373021
dMean__T_19_ct_all/OPTIM_pcs/base_output/base/cis_nominal1.cis_qtl_pairs.3.tsv,214771182,70896425,8,131564371845,2860680964
dMean__T_19_ct_all/OPTIM_pcs/base_output/base/cis_nominal1.cis_qtl_pairs.15.tsv,116915002,38799066,8,131635268403,461827166
dMean__T_19_ct_all/OPTIM_pcs/base_output/base/cis_nominal1.cis_qtl_pairs.16.tsv,170661059,57508555,8,131674067603,2613794269
dMean__T_19_ct_all/OPTIM_pcs/base_output/base/cis_nominal1.cis_qtl_pairs.4.tsv,161437979,53160436,8,131731576292,1565895311
dMean__T_19_ct_all/OPTIM_pcs/base_output/base/cis_nominal1.cis_qtl_pairs.21.tsv,43907551,14606235,8,131784736861,4263807984
dMean__T_19_ct_all/OPTIM_pcs/base_output/base/cis_nominal1.cis_qtl_pairs.7.tsv,199170190,66241323,8,131799343230,851069190
dMean__T_19_ct_all/OPTIM_pcs/base_output/base/cis_nominal1.cis_qtl_pairs.22.tsv,93591867,31179363,8,131865584686,3131926610
dMean__T_19_ct_all/OPTIM_pcs/base_output/base/cis_nominal1.cis_qtl_pairs.11.tsv,208882307,68777969,8,131896764183,903629834
dMean__T_19_ct_all/OPTIM_pcs/base_output/base/cis_nominal1.cis_qtl_pairs.6.tsv,288024968,89595575,8,131965542286,2079549770
dMean__T_19_ct_all/OPTIM_pcs/base_output/base/cis_nominal1.cis_qtl_pairs.2.tsv,259824134,86319312,8,132055137994,3287214117
dMean__T_19_ct_all/OPTIM_pcs/base_output/base/cis_nominal1.cis_qtl_pairs.17.tsv,218343350,72629094,8,132141457439,810389907
dMean__T_19_ct_all/OPTIM_pcs/base_output/base/Cis_eqtls_qval.tsv,2404826,1022019,8,132214086667,3292837674
dMean__T_19_ct_all/OPTIM_pcs/base_output/base/cis_nominal1.cis_qtl_pairs.5.tsv,174593744,57727300,8,132215108805,2375146645
dMean__T_19_ct_all/OPTIM_pcs/base_output/base/cis_nominal1.cis_qtl_pairs.9.tsv,147989360,49479026,8,132272836238,915442075
dMean__T_19_ct_all/OPTIM_pcs/base_output/base/cis_nominal1.cis_qtl_pairs.19.tsv,317965623,105901340,8,132322315397,2522842075
dMean__T_19_ct_all/OPTIM_pcs/base_output/base/cis_nominal1.cis_qtl_pairs.10.tsv,158071071,51747031,8,132428216871,2966599846
dMean__T_19_ct_all/OPTIM_pcs/base_output/base/cis_nominal1.cis_qtl_pairs.8.tsv,130148974,43254988,8,132479964036,185761005
dMean__T_19_ct_all/OPTIM_pcs/base_output/base/cis_nominal1.cis_qtl_pairs.14.tsv,142945526,47239434,8,132523219157,1269701082
dMean__T_19_ct_all/OPTIM_pcs/base_output/base/cis_nominal1.cis_qtl_pairs.1.tsv,351648308,116130517,8,132570458725,835789292
dMean__T_19_ct_all/OPTIM_pcs/base_output/base/cis_nominal1.cis_qtl_pairs.20.tsv,105271158,35004012,8,132686589375,2795680525
dMean__T_19_ct_all/OPTIM_pcs/base_output/base/Cis_eqtls_independent.tsv,36931,15922,8,132721593521,2367383569
dMean__T_19_ct_all/OPTIM_pcs/base_output/base/cis_nominal1.cis_qtl_pairs.12.tsv,218300791,71481201,8,132721609569,2236172228
dMean__T_19_ct_all/OPTIM_pcs/base_output/base/cis_nominal1.cis_qtl_pairs.18.tsv,66837568,22176231,8,132793090904,2908673289
dMean__T_19_ct_all/OPTIM_pcs/base_output/base/cis_nominal1.cis_qtl_pairs.13.tsv,78144975,25703181,8,132815267269,2106697331
dMean__Epithelial_7_ct_all/OPTIM_pcs/base_output/base/cis_nominal1.cis_qtl_pairs.3.tsv,344369120,114593346,8,132840970584,2212213411
dMean__Epithelial_7_ct_all/OPTIM_pcs/base_output/base/cis_nominal1.cis_qtl_pairs.15.tsv,206417984,69037152,8,132955564071,37683370
dMean__Epithelial_7_ct_all/OPTIM_pcs/base_output/base/cis_nominal1.cis_qtl_pairs.16.tsv,294498210,99605033,8,133024601365,1336824320
dMean__Epithelial_7_ct_all/OPTIM_pcs/base_output/base/cis_nominal1.cis_qtl_pairs.4.tsv,258041447,85536877,8,133124206540,1356415009
dMean__Epithelial_7_ct_all/OPTIM_pcs/base_output/base/cis_nominal1.cis_qtl_pairs.21.tsv,76881545,25724135,8,133209743558,232189102
dMean__Epithelial_7_ct_all/OPTIM_pcs/base_output/base/cis_nominal1.cis_qtl_pairs.7.tsv,307462846,102975572,8,133235467835,2628929371
dMean__Epithelial_7_ct_all/OPTIM_pcs/base_output/base/cis_nominal1.cis_qtl_pairs.22.tsv,141041551,47262686,8,133338443548,726951915
dMean__Epithelial_7_ct_all/OPTIM_pcs/base_output/base/cis_nominal1.cis_qtl_pairs.11.tsv,341040940,113069467,8,133385706376,2336497687
dMean__Epithelial_7_ct_all/OPTIM_pcs/base_output/base/cis_nominal1.cis_qtl_pairs.6.tsv,451144760,142976498,8,133498775985,1540470101
dMean__Epithelial_7_ct_all/OPTIM_pcs/base_output/base/cis_nominal1.cis_qtl_pairs.2.tsv,402978902,134690243,8,133641752624,3972642630
dMean__Epithelial_7_ct_all/OPTIM_pcs/base_output/base/cis_nominal1.cis_qtl_pairs.17.tsv,357759169,119824554,8,133776443008,596843441
dMean__Epithelial_7_ct_all/OPTIM_pcs/base_output/base/Cis_eqtls_qval.tsv,3858021,1666668,8,133896267704,3011692082
dMean__Epithelial_7_ct_all/OPTIM_pcs/base_output/base/cis_nominal1.cis_qtl_pairs.5.tsv,278255025,92701094,8,133897934499,370235603
dMean__Epithelial_7_ct_all/OPTIM_pcs/base_output/base/cis_nominal1.cis_qtl_pairs.9.tsv,247808665,83433098,8,133990635734,3372800702
dMean__Epithelial_7_ct_all/OPTIM_pcs/base_output/base/cis_nominal1.cis_qtl_pairs.19.tsv,477216627,160047579,8,134074068973,3180682045
dMean__Epithelial_7_ct_all/OPTIM_pcs/base_output/base/cis_nominal1.cis_qtl_pairs.10.tsv,251933824,83139873,8,134234116694,2812793925
dMean__Epithelial_7_ct_all/OPTIM_pcs/base_output/base/cis_nominal1.cis_qtl_pairs.8.tsv,228756720,76680017,8,134317256709,1486695292
dMean__Epithelial_7_ct_all/OPTIM_pcs/base_output/base/cis_nominal1.cis_qtl_pairs.14.tsv,226907583,75524112,8,134393936867,1990510011
dMean__Epithelial_7_ct_all/OPTIM_pcs/base_output/base/cis_nominal1.cis_qtl_pairs.1.tsv,567950402,189286686,8,134469461121,4149105293
dMean__Epithelial_7_ct_all/OPTIM_pcs/base_output/base/cis_nominal1.cis_qtl_pairs.20.tsv,163405683,54690870,8,134658747948,2667564674
dMean__Epithelial_7_ct_all/OPTIM_pcs/base_output/base/Cis_eqtls_independent.tsv,1039122,425562,8,134713438960,3714726662
dMean__Epithelial_7_ct_all/OPTIM_pcs/base_output/base/cis_nominal1.cis_qtl_pairs.12.tsv,329753220,108986312,8,134713864656,780994799
dMean__Epithelial_7_ct_all/OPTIM_pcs/base_output/base/cis_nominal1.cis_qtl_pairs.18.tsv,113620582,37975128,8,134822851110,140143953
dMean__Epithelial_7_ct_all/OPTIM_pcs/base_output/base/cis_nominal1.cis_qtl_pairs.13.tsv,118872241,39472315,8,134860826380,774766535
dMean__B_10_ct_all/OPTIM_pcs/base_output/base/cis_nominal1.cis_qtl_pairs.3.tsv,235085368,76651269,8,134900298837,442636584
dMean__B_10_ct_all/OPTIM_pcs/base_output/base/cis_nominal1.cis_qtl_pairs.15.tsv,124386606,40862480,8,134976950239,4172414529
dMean__B_10_ct_all/OPTIM_pcs/base_output/base/cis_nominal1.cis_qtl_pairs.16.tsv,188778560,62907885,8,135017812853,3785772581
dMean__B_10_ct_all/OPTIM_pcs/base_output/base/cis_nominal1.cis_qtl_pairs.4.tsv,168364540,54741477,8,135080720872,2386450808
dMean__B_10_ct_all/OPTIM_pcs/base_output/base/cis_nominal1.cis_qtl_pairs.21.tsv,49428962,16276369,8,135135462482,1100514216
dMean__B_10_ct_all/OPTIM_pcs/base_output/base/cis_nominal1.cis_qtl_pairs.7.tsv,210334882,69114279,8,135151738985,266407462
dMean__B_10_ct_all/OPTIM_pcs/base_output/base/cis_nominal1.cis_qtl_pairs.22.tsv,102275992,33700723,8,135220853397,434638081
dMean__B_10_ct_all/OPTIM_pcs/base_output/base/cis_nominal1.cis_qtl_pairs.11.tsv,231753960,75362212,8,135254554254,422452894
dMean__B_10_ct_all/OPTIM_pcs/base_output/base/cis_nominal1.cis_qtl_pairs.6.tsv,333288008,101641207,8,135329916600,4119248159
dMean__B_10_ct_all/OPTIM_pcs/base_output/base/cis_nominal1.cis_qtl_pairs.2.tsv,282640216,92880216,8,135431557940,4146488014
dMean__B_10_ct_all/OPTIM_pcs/base_output/base/cis_nominal1.cis_qtl_pairs.17.tsv,235923170,77682677,8,135524438289,3357769204
dMean__B_10_ct_all/OPTIM_pcs/base_output/base/Cis_eqtls_qval.tsv,2656909,1123650,8,135602121100,4273697675
dMean__B_10_ct_all/OPTIM_pcs/base_output/base/cis_nominal1.cis_qtl_pairs.5.tsv,189357543,61838643,8,135603244869,4045337269
dMean__B_10_ct_all/OPTIM_pcs/base_output/base/cis_nominal1.cis_qtl_pairs.9.tsv,162137830,53655147,8,135665083645,19274164
dMean__B_10_ct_all/OPTIM_pcs/base_output/base/cis_nominal1.cis_qtl_pairs.19.tsv,361810776,119349120,8,135718738925,2485091797
dMean__B_10_ct_all/OPTIM_pcs/base_output/base/cis_nominal1.cis_qtl_pairs.10.tsv,167899339,54173802,8,135838088179,1946718517
dMean__B_10_ct_all/OPTIM_pcs/base_output/base/cis_nominal1.cis_qtl_pairs.8.tsv,149536784,49165886,8,135892262115,551888628
dMean__B_10_ct_all/OPTIM_pcs/base_output/base/cis_nominal1.cis_qtl_pairs.14.tsv,159278812,52084342,8,135941428134,940639821
dMean__B_10_ct_all/OPTIM_pcs/base_output/base/cis_nominal1.cis_qtl_pairs.1.tsv,385946470,125827697,8,135993512610,3470843964
dMean__B_10_ct_all/OPTIM_pcs/base_output/base/cis_nominal1.cis_qtl_pairs.20.tsv,116351544,38284405,8,136119340440,111208394
dMean__B_10_ct_all/OPTIM_pcs/base_output/base/Cis_eqtls_independent.tsv,33600,14492,8,136157624979,657120197
dMean__B_10_ct_all/OPTIM_pcs/base_output/base/cis_nominal1.cis_qtl_pairs.12.tsv,243103407,78740650,8,136157639597,740434171
dMean__B_10_ct_all/OPTIM_pcs/base_output/base/cis_nominal1.cis_qtl_pairs.18.tsv,69705562,22857167,8,136236380381,3236394990
dMean__B_10_ct_all/OPTIM_pcs/base_output/base/cis_nominal1.cis_qtl_pairs.13.tsv,79491041,25802793,8,136259237682,4161315808
dMean__unannotated_blood_all/OPTIM_pcs/base_output/base/cis_nominal1.cis_qtl_pairs.3.tsv,440482129,137330399,8,136285040609,2976276940
dMean__unannotated_blood_all/OPTIM_pcs/base_output/base/cis_nominal1.cis_qtl_pairs.15.tsv,259545926,82439256,8,136422371151,3074553226
dMean__unannotated_blood_all/OPTIM_pcs/base_output/base/cis_nominal1.cis_qtl_pairs.16.tsv,389208051,125458072,8,136504810551,4275095706
dMean__unannotated_blood_all/OPTIM_pcs/base_output/base/cis_nominal1.cis_qtl_pairs.4.tsv,330823152,102233638,8,136630268767,815702284
dMean__unannotated_blood_all/OPTIM_pcs/base_output/base/cis_nominal1.cis_qtl_pairs.21.tsv,104779615,33259817,8,136732502548,47118116
dMean__unannotated_blood_all/OPTIM_pcs/base_output/base/cis_nominal1.cis_qtl_pairs.7.tsv,390784969,123109456,8,136765762509,977149901
dMean__unannotated_blood_all/OPTIM_pcs/base_output/base/cis_nominal1.cis_qtl_pairs.22.tsv,199464676,63657282,8,136888872108,2529204662
dMean__unannotated_blood_all/OPTIM_pcs/base_output/base/cis_nominal1.cis_qtl_pairs.11.tsv,438713625,136811150,8,136952529534,1097225077
dMean__unannotated_blood_all/OPTIM_pcs/base_output/base/cis_nominal1.cis_qtl_pairs.6.tsv,557124160,159534713,8,137089340828,440062846
dMean__unannotated_blood_all/OPTIM_pcs/base_output/base/cis_nominal1.cis_qtl_pairs.2.tsv,511911592,161406003,8,137248875684,2599156370
dMean__unannotated_blood_all/OPTIM_pcs/base_output/base/cis_nominal1.cis_qtl_pairs.17.tsv,474435673,151085798,8,137410281830,3422503130
dMean__unannotated_blood_all/OPTIM_pcs/base_output/base/Cis_eqtls_qval.tsv,5061645,2181949,8,137561367772,3889254419
dMean__unannotated_blood_all/OPTIM_pcs/base_output/base/cis_nominal1.cis_qtl_pairs.5.tsv,368773459,115466442,8,137563549850,196126745
dMean__unannotated_blood_all/OPTIM_pcs/base_output/base/cis_nominal1.cis_qtl_pairs.9.tsv,297638123,94946339,8,137679016435,1148866856
dMean__unannotated_blood_all/OPTIM_pcs/base_output/base/cis_nominal1.cis_qtl_pairs.19.tsv,650361410,207343176,8,137773962917,205305245
dMean__unannotated_blood_all/OPTIM_pcs/base_output/base/cis_nominal1.cis_qtl_pairs.10.tsv,315778052,97583386,8,137981306237,3241045493
dMean__unannotated_blood_all/OPTIM_pcs/base_output/base/cis_nominal1.cis_qtl_pairs.8.tsv,308364167,97310548,8,138078889767,1000631621
dMean__unannotated_blood_all/OPTIM_pcs/base_output/base/cis_nominal1.cis_qtl_pairs.14.tsv,330328407,103961257,8,138176200458,2507881697
dMean__unannotated_blood_all/OPTIM_pcs/base_output/base/cis_nominal1.cis_qtl_pairs.1.tsv,723343958,225906017,8,138280161859,3843711988
dMean__unannotated_blood_all/OPTIM_pcs/base_output/base/cis_nominal1.cis_qtl_pairs.20.tsv,216318530,68495333,8,138506068019,2647466455
dMean__unannotated_blood_all/OPTIM_pcs/base_output/base/Cis_eqtls_independent.tsv,975652,398739,8,138574563496,1758925316
dMean__unannotated_blood_all/OPTIM_pcs/base_output/base/cis_nominal1.cis_qtl_pairs.12.tsv,458563377,142211687,8,138574962371,2543509480
dMean__unannotated_blood_all/OPTIM_pcs/base_output/base/cis_nominal1.cis_qtl_pairs.18.tsv,154411573,48758754,8,138717174202,2689600800
dMean__unannotated_blood_all/OPTIM_pcs/base_output/base/cis_nominal1.cis_qtl_pairs.13.tsv,153810918,47812527,8,138765933100,4010326474
dMean__Mast_ct_all/OPTIM_pcs/base_output/base/cis_nominal1.cis_qtl_pairs.3.tsv,219208506,72656025,8,138813745771,1661513703
dMean__Mast_ct_all/OPTIM_pcs/base_output/base/cis_nominal1.cis_qtl_pairs.15.tsv,120206981,40081979,8,138886401929,3264989173
dMean__Mast_ct_all/OPTIM_pcs/base_output/base/cis_nominal1.cis_qtl_pairs.16.tsv,163825785,55367854,8,138926484042,570573976
dMean__Mast_ct_all/OPTIM_pcs/base_output/base/cis_nominal1.cis_qtl_pairs.4.tsv,160863416,53178133,8,138981852030,943979106
dMean__Mast_ct_all/OPTIM_pcs/base_output/base/cis_nominal1.cis_qtl_pairs.21.tsv,44341337,14794001,8,139035030296,2577348526
dMean__Mast_ct_all/OPTIM_pcs/base_output/base/cis_nominal1.cis_qtl_pairs.7.tsv,204320520,68304727,8,139049824431,3861917456
dMean__Mast_ct_all/OPTIM_pcs/base_output/base/cis_nominal1.cis_qtl_pairs.22.tsv,93045675,31093679,8,139118129291,4154356637
dMean__Mast_ct_all/OPTIM_pcs/base_output/base/cis_nominal1.cis_qtl_pairs.11.tsv,214344061,70986233,8,139149223104,3566774710
dMean__Mast_ct_all/OPTIM_pcs/base_output/base/cis_nominal1.cis_qtl_pairs.6.tsv,290880875,91193073,8,139220209471,3319867482
dMean__Mast_ct_all/OPTIM_pcs/base_output/base/cis_nominal1.cis_qtl_pairs.2.tsv,263259635,87832680,8,139311402677,2037903399
dMean__Mast_ct_all/OPTIM_pcs/base_output/base/cis_nominal1.cis_qtl_pairs.17.tsv,219619582,73359395,8,139399235490,1121578809
dMean__Mast_ct_all/OPTIM_pcs/base_output/base/Cis_eqtls_qval.tsv,2425079,1025643,8,139472595019,1336822030
dMean__Mast_ct_all/OPTIM_pcs/base_output/base/cis_nominal1.cis_qtl_pairs.5.tsv,183066023,60782405,8,139473620781,1024058817
dMean__Mast_ct_all/OPTIM_pcs/base_output/base/cis_nominal1.cis_qtl_pairs.9.tsv,157509636,52905012,8,139534403319,478756667
dMean__Mast_ct_all/OPTIM_pcs/base_output/base/cis_nominal1.cis_qtl_pairs.19.tsv,310463848,103776915,8,139587308464,3413483459
dMean__Mast_ct_all/OPTIM_pcs/base_output/base/cis_nominal1.cis_qtl_pairs.10.tsv,159886650,52621778,8,139691085513,1096777989
dMean__Mast_ct_all/OPTIM_pcs/base_output/base/cis_nominal1.cis_qtl_pairs.8.tsv,130609390,43642619,8,139743707425,3379211996
dMean__Mast_ct_all/OPTIM_pcs/base_output/base/cis_nominal1.cis_qtl_pairs.14.tsv,146358677,48559599,8,139787350177,3178038928
dMean__Mast_ct_all/OPTIM_pcs/base_output/base/cis_nominal1.cis_qtl_pairs.1.tsv,349675766,116071763,8,139835909910,1478709056
dMean__Mast_ct_all/OPTIM_pcs/base_output/base/cis_nominal1.cis_qtl_pairs.20.tsv,102513914,34241155,8,139951981806,4163054688
dMean__Mast_ct_all/OPTIM_pcs/base_output/base/Cis_eqtls_independent.tsv,39298,16937,8,139986223095,3469218210
dMean__Mast_ct_all/OPTIM_pcs/base_output/base/cis_nominal1.cis_qtl_pairs.12.tsv,216469090,71256183,8,139986240158,3812847004
dMean__Mast_ct_all/OPTIM_pcs/base_output/base/cis_nominal1.cis_qtl_pairs.18.tsv,68507644,22824588,8,140057496475,3715164915
dMean__Mast_ct_all/OPTIM_pcs/base_output/base/cis_nominal1.cis_qtl_pairs.13.tsv,79228718,26176015,8,140080321197,4205645592
dMean__Mesenchymal_2_r_all/OPTIM_pcs/base_output/base/cis_nominal1.cis_qtl_pairs.3.tsv,195482036,58589430,8,140106497346,2797152682
dMean__Mesenchymal_2_r_all/OPTIM_pcs/base_output/base/cis_nominal1.cis_qtl_pairs.15.tsv,101897100,31042409,8,140165086917,178085857
dMean__Mesenchymal_2_r_all/OPTIM_pcs/base_output/base/cis_nominal1.cis_qtl_pairs.16.tsv,134351012,42079168,8,140196129468,3362401336
dMean__Mesenchymal_2_r_all/OPTIM_pcs/base_output/base/cis_nominal1.cis_qtl_pairs.4.tsv,147462238,43652926,8,140238208778,148299700
dMean__Mesenchymal_2_r_all/OPTIM_pcs/base_output/base/cis_nominal1.cis_qtl_pairs.21.tsv,37563828,11524850,8,140281861845,1586421650
dMean__Mesenchymal_2_r_all/OPTIM_pcs/base_output/base/cis_nominal1.cis_qtl_pairs.7.tsv,166984897,50385578,8,140293386837,304190659
dMean__Mesenchymal_2_r_all/OPTIM_pcs/base_output/base/cis_nominal1.cis_qtl_pairs.22.tsv,64401527,19782443,8,140343772556,1910423072
dMean__Mesenchymal_2_r_all/OPTIM_pcs/base_output/base/cis_nominal1.cis_qtl_pairs.11.tsv,188555491,56420829,8,140363555141,3139271718
dMean__Mesenchymal_2_r_all/OPTIM_pcs/base_output/base/cis_nominal1.cis_qtl_pairs.6.tsv,244194467,65258402,8,140419976112,2334690255
dMean__Mesenchymal_2_r_all/OPTIM_pcs/base_output/base/cis_nominal1.cis_qtl_pairs.2.tsv,239294744,72587531,8,140485234655,2076766233
dMean__Mesenchymal_2_r_all/OPTIM_pcs/base_output/base/cis_nominal1.cis_qtl_pairs.17.tsv,177641142,54378070,8,140557822327,2738843206
dMean__Mesenchymal_2_r_all/OPTIM_pcs/base_output/base/Cis_eqtls_qval.tsv,2072683,848921,8,140612200539,2662986732
dMean__Mesenchymal_2_r_all/OPTIM_pcs/base_output/base/cis_nominal1.cis_qtl_pairs.5.tsv,168292958,50529664,8,140613049587,940843844
dMean__Mesenchymal_2_r_all/OPTIM_pcs/base_output/base/cis_nominal1.cis_qtl_pairs.9.tsv,140353610,43123913,8,140663579392,3458027495
dMean__Mesenchymal_2_r_all/OPTIM_pcs/base_output/base/cis_nominal1.cis_qtl_pairs.19.tsv,217947971,67174124,8,140706703446,2387319996
dMean__Mesenchymal_2_r_all/OPTIM_pcs/base_output/base/cis_nominal1.cis_qtl_pairs.10.tsv,141935070,42007391,8,140773877712,2112825189
dMean__Mesenchymal_2_r_all/OPTIM_pcs/base_output/base/cis_nominal1.cis_qtl_pairs.8.tsv,119033437,35930203,8,140815885245,2062561967
dMean__Mesenchymal_2_r_all/OPTIM_pcs/base_output/base/cis_nominal1.cis_qtl_pairs.14.tsv,124527361,37530897,8,140851815589,184116163
dMean__Mesenchymal_2_r_all/OPTIM_pcs/base_output/base/cis_nominal1.cis_qtl_pairs.1.tsv,300009166,89844591,8,140889346628,2569269649
dMean__Mesenchymal_2_r_all/OPTIM_pcs/base_output/base/cis_nominal1.cis_qtl_pairs.20.tsv,86058460,26272256,8,140979191360,3564382475
dMean__Mesenchymal_2_r_all/OPTIM_pcs/base_output/base/Cis_eqtls_independent.tsv,394,252,8,141005463758,1597659444
dMean__Mesenchymal_2_r_all/OPTIM_pcs/base_output/base/cis_nominal1.cis_qtl_pairs.12.tsv,189398966,56174776,8,141005464144,25004516
dMean__Mesenchymal_2_r_all/OPTIM_pcs/base_output/base/cis_nominal1.cis_qtl_pairs.18.tsv,58056004,17567959,8,141061639062,425393761
dMean__Mesenchymal_2_r_all/OPTIM_pcs/base_output/base/cis_nominal1.cis_qtl_pairs.13.tsv,68010124,20395031,8,141079207163,1558784764
dMean__B_8_ct_all/OPTIM_pcs/base_output/base/cis_nominal1.cis_qtl_pairs.3.tsv,286509920,93296075,8,141099602336,3220315213
dMean__B_8_ct_all/OPTIM_pcs/base_output/base/cis_nominal1.cis_qtl_pairs.15.tsv,160508739,52620614,8,141192898543,171369530
dMean__B_8_ct_all/OPTIM_pcs/base_output/base/cis_nominal1.cis_qtl_pairs.16.tsv,234719379,78057484,8,141245519290,3055053959
dMean__B_8_ct_all/OPTIM_pcs/base_output/base/cis_nominal1.cis_qtl_pairs.4.tsv,200023039,64781870,8,141323576907,463412722
dMean__B_8_ct_all/OPTIM_pcs/base_output/base/cis_nominal1.cis_qtl_pairs.21.tsv,60359254,19892006,8,141388358909,2518864157
dMean__B_8_ct_all/OPTIM_pcs/base_output/base/cis_nominal1.cis_qtl_pairs.7.tsv,240460611,78876184,8,141408251048,3547462064
dMean__B_8_ct_all/OPTIM_pcs/base_output/base/cis_nominal1.cis_qtl_pairs.22.tsv,127920781,42038133,8,141487127364,3214422829
dMean__B_8_ct_all/OPTIM_pcs/base_output/base/cis_nominal1.cis_qtl_pairs.11.tsv,274586764,89060974,8,141529165630,999024200
dMean__B_8_ct_all/OPTIM_pcs/base_output/base/cis_nominal1.cis_qtl_pairs.6.tsv,392983915,119008425,8,141618226737,2236640176
dMean__B_8_ct_all/OPTIM_pcs/base_output/base/cis_nominal1.cis_qtl_pairs.2.tsv,341831031,111882776,8,141737235294,2782659556
dMean__B_8_ct_all/OPTIM_pcs/base_output/base/cis_nominal1.cis_qtl_pairs.17.tsv,281796728,92573477,8,141849118202,3284400745
dMean__B_8_ct_all/OPTIM_pcs/base_output/base/Cis_eqtls_qval.tsv,3180479,1364811,8,141941691812,434948976
dMean__B_8_ct_all/OPTIM_pcs/base_output/base/cis_nominal1.cis_qtl_pairs.5.tsv,225791543,73653576,8,141943056741,1332798111
dMean__B_8_ct_all/OPTIM_pcs/base_output/base/cis_nominal1.cis_qtl_pairs.9.tsv,198178558,65363663,8,142016710449,1333068056
dMean__B_8_ct_all/OPTIM_pcs/base_output/base/cis_nominal1.cis_qtl_pairs.19.tsv,416631506,137063670,8,142082074244,1516625588
dMean__B_8_ct_all/OPTIM_pcs/base_output/base/cis_nominal1.cis_qtl_pairs.10.tsv,201055679,64677701,8,142219138047,1402380537
dMean__B_8_ct_all/OPTIM_pcs/base_output/base/cis_nominal1.cis_qtl_pairs.8.tsv,185296057,60707343,8,142283815881,3417311998
dMean__B_8_ct_all/OPTIM_pcs/base_output/base/cis_nominal1.cis_qtl_pairs.14.tsv,184863614,60218379,8,142344523356,213175360
dMean__B_8_ct_all/OPTIM_pcs/base_output/base/cis_nominal1.cis_qtl_pairs.1.tsv,463694188,150816010,8,142404741868,53526314
dMean__B_8_ct_all/OPTIM_pcs/base_output/base/cis_nominal1.cis_qtl_pairs.20.tsv,133320016,43808216,8,142555558010,4272098775
dMean__B_8_ct_all/OPTIM_pcs/base_output/base/Cis_eqtls_independent.tsv,94830,39562,8,142599366359,1288417362
dMean__B_8_ct_all/OPTIM_pcs/base_output/base/cis_nominal1.cis_qtl_pairs.12.tsv,284344724,91789425,8,142599406046,1531036255
dMean__B_8_ct_all/OPTIM_pcs/base_output/base/cis_nominal1.cis_qtl_pairs.18.tsv,82613004,26979402,8,142691195604,3746737452
dMean__B_8_ct_all/OPTIM_pcs/base_output/base/cis_nominal1.cis_qtl_pairs.13.tsv,101560401,32897673,8,142718175139,21993706
dMean__T_3_blood_all/OPTIM_pcs/base_output/base/cis_nominal1.cis_qtl_pairs.3.tsv,260020761,81134346,8,142751072945,806898053
dMean__T_3_blood_all/OPTIM_pcs/base_output/base/cis_nominal1.cis_qtl_pairs.15.tsv,139434283,44202448,8,142832207426,4170282081
dMean__T_3_blood_all/OPTIM_pcs/base_output/base/cis_nominal1.cis_qtl_pairs.16.tsv,211672682,68339162,8,142876410010,3739062332
dMean__T_3_blood_all/OPTIM_pcs/base_output/base/cis_nominal1.cis_qtl_pairs.4.tsv,183655070,56998842,8,142944749308,3671222594
dMean__T_3_blood_all/OPTIM_pcs/base_output/base/cis_nominal1.cis_qtl_pairs.21.tsv,53538472,16995460,8,143001748285,1653412409
dMean__T_3_blood_all/OPTIM_pcs/base_output/base/cis_nominal1.cis_qtl_pairs.7.tsv,229307598,72181699,8,143018743881,2012743398
dMean__T_3_blood_all/OPTIM_pcs/base_output/base/cis_nominal1.cis_qtl_pairs.22.tsv,111388739,35561680,8,143090925715,3199540977
dMean__T_3_blood_all/OPTIM_pcs/base_output/base/cis_nominal1.cis_qtl_pairs.11.tsv,257914790,80525927,8,143126487531,2879297758
dMean__T_3_blood_all/OPTIM_pcs/base_output/base/cis_nominal1.cis_qtl_pairs.6.tsv,348864648,99218799,8,143207013594,1523750025
dMean__T_3_blood_all/OPTIM_pcs/base_output/base/cis_nominal1.cis_qtl_pairs.2.tsv,303081659,95684763,8,143306232528,4031135922
dMean__T_3_blood_all/OPTIM_pcs/base_output/base/cis_nominal1.cis_qtl_pairs.17.tsv,281875402,89612996,8,143401917426,2927580124
dMean__T_3_blood_all/OPTIM_pcs/base_output/base/Cis_eqtls_qval.tsv,2964163,1260883,8,143491530558,1605281974
dMean__T_3_blood_all/OPTIM_pcs/base_output/base/cis_nominal1.cis_qtl_pairs.5.tsv,217978376,68280322,8,143492791562,193771081
dMean__T_3_blood_all/OPTIM_pcs/base_output/base/cis_nominal1.cis_qtl_pairs.9.tsv,178338226,56854623,8,143561072019,3704152345
dMean__T_3_blood_all/OPTIM_pcs/base_output/base/cis_nominal1.cis_qtl_pairs.19.tsv,392447984,125060859,8,143617926777,49904443
dMean__T_3_blood_all/OPTIM_pcs/base_output/base/cis_nominal1.cis_qtl_pairs.10.tsv,194798208,60262430,8,143742987772,1674289260
dMean__T_3_blood_all/OPTIM_pcs/base_output/base/cis_nominal1.cis_qtl_pairs.8.tsv,165151335,52304750,8,143803250338,2852936356
dMean__T_3_blood_all/OPTIM_pcs/base_output/base/cis_nominal1.cis_qtl_pairs.14.tsv,182559163,57295139,8,143855555223,3565071997
dMean__T_3_blood_all/OPTIM_pcs/base_output/base/cis_nominal1.cis_qtl_pairs.1.tsv,425711500,133125408,8,143912850498,1624437526
dMean__T_3_blood_all/OPTIM_pcs/base_output/base/cis_nominal1.cis_qtl_pairs.20.tsv,123575663,39099661,8,144045976041,34325972
dMean__T_3_blood_all/OPTIM_pcs/base_output/base/Cis_eqtls_independent.tsv,47598,20275,8,144085075838,2799215107
dMean__T_3_blood_all/OPTIM_pcs/base_output/base/cis_nominal1.cis_qtl_pairs.12.tsv,260955872,81023117,8,144085096241,1288157890
dMean__T_3_blood_all/OPTIM_pcs/base_output/base/cis_nominal1.cis_qtl_pairs.18.tsv,77909022,24583434,8,144166119494,2707829051
dMean__T_3_blood_all/OPTIM_pcs/base_output/base/cis_nominal1.cis_qtl_pairs.13.tsv,90131289,28037587,8,144190703064,2823882224
dMean__B_3_ct_all/OPTIM_pcs/base_output/base/cis_nominal1.cis_qtl_pairs.3.tsv,255656569,84944384,8,144218740787,504688651
dMean__B_3_ct_all/OPTIM_pcs/base_output/base/cis_nominal1.cis_qtl_pairs.15.tsv,134998515,45074682,8,144303685303,3895336349
dMean__B_3_ct_all/OPTIM_pcs/base_output/base/cis_nominal1.cis_qtl_pairs.16.tsv,199842226,67621862,8,144348760118,3422427207
dMean__B_3_ct_all/OPTIM_pcs/base_output/base/cis_nominal1.cis_qtl_pairs.4.tsv,180815468,59969274,8,144416382113,3215558616
dMean__B_3_ct_all/OPTIM_pcs/base_output/base/cis_nominal1.cis_qtl_pairs.21.tsv,51972252,17387769,8,144476351519,3564532550
dMean__B_3_ct_all/OPTIM_pcs/base_output/base/cis_nominal1.cis_qtl_pairs.7.tsv,219233486,73310355,8,144493739421,147370755
dMean__B_3_ct_all/OPTIM_pcs/base_output/base/cis_nominal1.cis_qtl_pairs.22.tsv,107675710,36055230,8,144567049908,945750244
dMean__B_3_ct_all/OPTIM_pcs/base_output/base/cis_nominal1.cis_qtl_pairs.11.tsv,245569856,81356156,8,144603105271,3053053248
dMean__B_3_ct_all/OPTIM_pcs/base_output/base/cis_nominal1.cis_qtl_pairs.6.tsv,354563864,111188231,8,144684461560,2337011471
dMean__B_3_ct_all/OPTIM_pcs/base_output/base/cis_nominal1.cis_qtl_pairs.2.tsv,299813981,100175475,8,144795649923,2774953669
dMean__B_3_ct_all/OPTIM_pcs/base_output/base/cis_nominal1.cis_qtl_pairs.17.tsv,259692241,86938088,8,144895825530,1270102303
dMean__B_3_ct_all/OPTIM_pcs/base_output/base/Cis_eqtls_qval.tsv,2828022,1214441,8,144982763751,1015901181
dMean__B_3_ct_all/OPTIM_pcs/base_output/base/cis_nominal1.cis_qtl_pairs.5.tsv,200424617,66754750,8,144983978310,71275055
dMean__B_3_ct_all/OPTIM_pcs/base_output/base/cis_nominal1.cis_qtl_pairs.9.tsv,175334590,58992677,8,145050733192,3964684104
dMean__B_3_ct_all/OPTIM_pcs/base_output/base/cis_nominal1.cis_qtl_pairs.19.tsv,378782673,126817888,8,145109726001,229613251
dMean__B_3_ct_all/OPTIM_pcs/base_output/base/cis_nominal1.cis_qtl_pairs.10.tsv,179351023,59088418,8,145236544022,805322340
dMean__B_3_ct_all/OPTIM_pcs/base_output/base/cis_nominal1.cis_qtl_pairs.8.tsv,160180099,53613590,8,145295632573,2704104095
dMean__B_3_ct_all/OPTIM_pcs/base_output/base/cis_nominal1.cis_qtl_pairs.14.tsv,171960684,57184232,8,145349246295,3025955995
dMean__B_3_ct_all/OPTIM_pcs/base_output/base/cis_nominal1.cis_qtl_pairs.1.tsv,415656958,138164689,8,145406430660,1703653100
dMean__B_3_ct_all/OPTIM_pcs/base_output/base/cis_nominal1.cis_qtl_pairs.20.tsv,122922484,41133274,8,145544595481,2328878564
dMean__B_3_ct_all/OPTIM_pcs/base_output/base/Cis_eqtls_independent.tsv,202214,83511,8,145585728888,610066154
dMean__B_3_ct_all/OPTIM_pcs/base_output/base/cis_nominal1.cis_qtl_pairs.12.tsv,258832662,85378419,8,145585812524,2079534681
dMean__B_3_ct_all/OPTIM_pcs/base_output/base/cis_nominal1.cis_qtl_pairs.18.tsv,77715014,25943582,8,145671191076,3344328317
dMean__B_3_ct_all/OPTIM_pcs/base_output/base/cis_nominal1.cis_qtl_pairs.13.tsv,86655778,28708837,8,145697134791,3442690194
dMean__Mesenchymal_6_r_all/OPTIM_pcs/base_output/base/cis_nominal1.cis_qtl_pairs.3.tsv,200011801,60405095,8,145725843761,1347136642
dMean__Mesenchymal_6_r_all/OPTIM_pcs/base_output/base/cis_nominal1.cis_qtl_pairs.15.tsv,106017366,32562418,8,145786248997,3041182011
dMean__Mesenchymal_6_r_all/OPTIM_pcs/base_output/base/cis_nominal1.cis_qtl_pairs.16.tsv,139125862,43856702,8,145818811557,857614104
dMean__Mesenchymal_6_r_all/OPTIM_pcs/base_output/base/cis_nominal1.cis_qtl_pairs.4.tsv,154547065,46230027,8,145862668401,3731511528
dMean__Mesenchymal_6_r_all/OPTIM_pcs/base_output/base/cis_nominal1.cis_qtl_pairs.21.tsv,36735473,11352277,8,145908898569,110777452
dMean__Mesenchymal_6_r_all/OPTIM_pcs/base_output/base/cis_nominal1.cis_qtl_pairs.7.tsv,172504231,52522896,8,145920250988,3711749283
dMean__Mesenchymal_6_r_all/OPTIM_pcs/base_output/base/cis_nominal1.cis_qtl_pairs.22.tsv,73908003,22940539,8,145972774025,3824261878
dMean__Mesenchymal_6_r_all/OPTIM_pcs/base_output/base/cis_nominal1.cis_qtl_pairs.11.tsv,201372078,61187735,8,145995714706,2910390113
dMean__Mesenchymal_6_r_all/OPTIM_pcs/base_output/base/cis_nominal1.cis_qtl_pairs.6.tsv,245309387,67034051,8,146056902583,3403703013
dMean__Mesenchymal_6_r_all/OPTIM_pcs/base_output/base/cis_nominal1.cis_qtl_pairs.2.tsv,232636057,71196958,8,146123936775,2646338292
dMean__Mesenchymal_6_r_all/OPTIM_pcs/base_output/base/cis_nominal1.cis_qtl_pairs.17.tsv,185275065,57141413,8,146195133874,588812596
dMean__Mesenchymal_6_r_all/OPTIM_pcs/base_output/base/Cis_eqtls_qval.tsv,2171762,886844,8,146252275429,3689881531
dMean__Mesenchymal_6_r_all/OPTIM_pcs/base_output/base/cis_nominal1.cis_qtl_pairs.5.tsv,170422265,51778161,8,146253162400,1380767379
dMean__Mesenchymal_6_r_all/OPTIM_pcs/base_output/base/cis_nominal1.cis_qtl_pairs.9.tsv,148005724,45887208,8,146304940702,1502211663
dMean__Mesenchymal_6_r_all/OPTIM_pcs/base_output/base/cis_nominal1.cis_qtl_pairs.19.tsv,238908024,74022041,8,146350828051,1214546678
dMean__Mesenchymal_6_r_all/OPTIM_pcs/base_output/base/cis_nominal1.cis_qtl_pairs.10.tsv,150189229,45048393,8,146424850234,2177105935
dMean__Mesenchymal_6_r_all/OPTIM_pcs/base_output/base/cis_nominal1.cis_qtl_pairs.8.tsv,121102285,36939414,8,146469898769,1656592811
dMean__Mesenchymal_6_r_all/OPTIM_pcs/base_output/base/cis_nominal1.cis_qtl_pairs.14.tsv,125179940,38152998,8,146506838324,1257138584
dMean__Mesenchymal_6_r_all/OPTIM_pcs/base_output/base/cis_nominal1.cis_qtl_pairs.1.tsv,302519280,91553759,8,146544991464,785423462
dMean__Mesenchymal_6_r_all/OPTIM_pcs/base_output/base/cis_nominal1.cis_qtl_pairs.20.tsv,88157400,27232577,8,146636545364,3382808543
dMean__Mesenchymal_6_r_all/OPTIM_pcs/base_output/base/Cis_eqtls_independent.tsv,606,353,8,146663778083,33594239
dMean__Mesenchymal_6_r_all/OPTIM_pcs/base_output/base/cis_nominal1.cis_qtl_pairs.12.tsv,182363313,54812280,8,146663778570,1901800272
dMean__Mesenchymal_6_r_all/OPTIM_pcs/base_output/base/cis_nominal1.cis_qtl_pairs.18.tsv,61047876,18717673,8,146718590992,3457833390
dMean__Mesenchymal_6_r_all/OPTIM_pcs/base_output/base/cis_nominal1.cis_qtl_pairs.13.tsv,72045541,21803628,8,146737308807,3674428961
dMean__B_6_r_all/OPTIM_pcs/base_output/base/cis_nominal1.cis_qtl_pairs.3.tsv,248324587,79344576,8,146759112577,3864800249
dMean__B_6_r_all/OPTIM_pcs/base_output/base/cis_nominal1.cis_qtl_pairs.15.tsv,131358735,42301087,8,146838457284,3810697428
dMean__B_6_r_all/OPTIM_pcs/base_output/base/cis_nominal1.cis_qtl_pairs.16.tsv,196658039,64416457,8,146880758503,1960216668
dMean__B_6_r_all/OPTIM_pcs/base_output/base/cis_nominal1.cis_qtl_pairs.4.tsv,177170252,56299896,8,146945175092,870260345
dMean__B_6_r_all/OPTIM_pcs/base_output/base/cis_nominal1.cis_qtl_pairs.21.tsv,53226940,17241639,8,147001475119,3932118137
dMean__B_6_r_all/OPTIM_pcs/base_output/base/cis_nominal1.cis_qtl_pairs.7.tsv,209439828,67428224,8,147018716890,1277580560
dMean__B_6_r_all/OPTIM_pcs/base_output/base/cis_nominal1.cis_qtl_pairs.22.tsv,103310230,33474488,8,147086145245,4016030759
dMean__B_6_r_all/OPTIM_pcs/base_output/base/cis_nominal1.cis_qtl_pairs.11.tsv,237128298,75562211,8,147119619865,1439918005
dMean__B_6_r_all/OPTIM_pcs/base_output/base/cis_nominal1.cis_qtl_pairs.6.tsv,332216194,98265579,8,147195182208,1175391232
dMean__B_6_r_all/OPTIM_pcs/base_output/base/cis_nominal1.cis_qtl_pairs.2.tsv,294344309,94700289,8,147293447918,1585162406
dMean__B_6_r_all/OPTIM_pcs/base_output/base/cis_nominal1.cis_qtl_pairs.17.tsv,237111577,76701140,8,147388148338,872685519
dMean__B_6_r_all/OPTIM_pcs/base_output/base/Cis_eqtls_qval.tsv,2716441,1143134,8,147464849610,1303436038
dMean__B_6_r_all/OPTIM_pcs/base_output/base/cis_nominal1.cis_qtl_pairs.5.tsv,193573022,62012090,8,147465992861,3537248586
dMean__B_6_r_all/OPTIM_pcs/base_output/base/cis_nominal1.cis_qtl_pairs.9.tsv,168609809,54761011,8,147528005082,2871561378
dMean__B_6_r_all/OPTIM_pcs/base_output/base/cis_nominal1.cis_qtl_pairs.19.tsv,351934343,113932803,8,147582766224,800020627
dMean__B_6_r_all/OPTIM_pcs/base_output/base/cis_nominal1.cis_qtl_pairs.10.tsv,170129614,53829857,8,147696699159,1620161906
dMean__B_6_r_all/OPTIM_pcs/base_output/base/cis_nominal1.cis_qtl_pairs.8.tsv,157974326,50879519,8,147750529148,4146362330
dMean__B_6_r_all/OPTIM_pcs/base_output/base/cis_nominal1.cis_qtl_pairs.14.tsv,160571674,51438509,8,147801408798,1575548269
dMean__B_6_r_all/OPTIM_pcs/base_output/base/cis_nominal1.cis_qtl_pairs.1.tsv,384544686,122811888,8,147852847439,3459663630
dMean__B_6_r_all/OPTIM_pcs/base_output/base/cis_nominal1.cis_qtl_pairs.20.tsv,114983799,37233255,8,147975659458,228038508
dMean__B_6_r_all/OPTIM_pcs/base_output/base/Cis_eqtls_independent.tsv,10298,4579,8,148012892845,4282810881
dMean__B_6_r_all/OPTIM_pcs/base_output/base/cis_nominal1.cis_qtl_pairs.12.tsv,239736690,75860482,8,148012897548,3930263325
dMean__B_6_r_all/OPTIM_pcs/base_output/base/cis_nominal1.cis_qtl_pairs.18.tsv,66566590,21404364,8,148088758162,3284273096
dMean__B_6_r_all/OPTIM_pcs/base_output/base/cis_nominal1.cis_qtl_pairs.13.tsv,83067201,26397402,8,148110162658,834499886
dMean__B_2_ti_all/OPTIM_pcs/base_output/base/cis_nominal1.cis_qtl_pairs.3.tsv,285647383,94267291,8,148136560192,3168411482
dMean__B_2_ti_all/OPTIM_pcs/base_output/base/cis_nominal1.cis_qtl_pairs.15.tsv,158413719,52632020,8,148230827615,1938154574
dMean__B_2_ti_all/OPTIM_pcs/base_output/base/cis_nominal1.cis_qtl_pairs.16.tsv,244228523,82158894,8,148283459768,2390351726
dMean__B_2_ti_all/OPTIM_pcs/base_output/base/cis_nominal1.cis_qtl_pairs.4.tsv,203587859,67018643,8,148365618795,266864191
dMean__B_2_ti_all/OPTIM_pcs/base_output/base/cis_nominal1.cis_qtl_pairs.21.tsv,64383401,21406643,8,148432637570,2060964757
dMean__B_2_ti_all/OPTIM_pcs/base_output/base/cis_nominal1.cis_qtl_pairs.7.tsv,245536959,81630848,8,148454044346,1845981780
dMean__B_2_ti_all/OPTIM_pcs/base_output/base/cis_nominal1.cis_qtl_pairs.22.tsv,126901885,42225359,8,148535675326,2958668429
dMean__B_2_ti_all/OPTIM_pcs/base_output/base/cis_nominal1.cis_qtl_pairs.11.tsv,280953942,92440245,8,148577900818,1927383667
dMean__B_2_ti_all/OPTIM_pcs/base_output/base/cis_nominal1.cis_qtl_pairs.6.tsv,398837487,124585940,8,148670341196,161783136
dMean__B_2_ti_all/OPTIM_pcs/base_output/base/cis_nominal1.cis_qtl_pairs.2.tsv,340694496,113074797,8,148794927268,2329874282
dMean__B_2_ti_all/OPTIM_pcs/base_output/base/cis_nominal1.cis_qtl_pairs.17.tsv,295507969,98294381,8,148908002197,976777000
dMean__B_2_ti_all/OPTIM_pcs/base_output/base/Cis_eqtls_qval.tsv,3251275,1396464,8,149006296711,3917746037
dMean__B_2_ti_all/OPTIM_pcs/base_output/base/cis_nominal1.cis_qtl_pairs.5.tsv,234909407,77684747,8,149007693293,4052360072
dMean__B_2_ti_all/OPTIM_pcs/base_output/base/cis_nominal1.cis_qtl_pairs.9.tsv,196324355,65588119,8,149085378172,654660754
dMean__B_2_ti_all/OPTIM_pcs/base_output/base/cis_nominal1.cis_qtl_pairs.19.tsv,435529992,144987171,8,149150966423,629018226
dMean__B_2_ti_all/OPTIM_pcs/base_output/base/cis_nominal1.cis_qtl_pairs.10.tsv,206418205,67590500,8,149295953727,3051978290
dMean__B_2_ti_all/OPTIM_pcs/base_output/base/cis_nominal1.cis_qtl_pairs.8.tsv,186798999,62200493,8,149363544360,3125835194
dMean__B_2_ti_all/OPTIM_pcs/base_output/base/cis_nominal1.cis_qtl_pairs.14.tsv,196103200,64801540,8,149425744985,3115078786
dMean__B_2_ti_all/OPTIM_pcs/base_output/base/cis_nominal1.cis_qtl_pairs.1.tsv,477659923,157807959,8,149490546658,472011253
dMean__B_2_ti_all/OPTIM_pcs/base_output/base/cis_nominal1.cis_qtl_pairs.20.tsv,139603695,46476972,8,149648354749,185392664
dMean__B_2_ti_all/OPTIM_pcs/base_output/base/Cis_eqtls_independent.tsv,284702,116860,8,149694831854,2385702014
dMean__B_2_ti_all/OPTIM_pcs/base_output/base/cis_nominal1.cis_qtl_pairs.12.tsv,293969565,96390993,8,149694948839,3657746979
dMean__B_2_ti_all/OPTIM_pcs/base_output/base/cis_nominal1.cis_qtl_pairs.18.tsv,87705095,29088426,8,149791339965,1011741882
dMean__B_2_ti_all/OPTIM_pcs/base_output/base/cis_nominal1.cis_qtl_pairs.13.tsv,95881083,31546180,8,149820428524,1895496587
dMean__T_24_ct_all/OPTIM_pcs/base_output/base/cis_nominal1.cis_qtl_pairs.3.tsv,197530962,62153754,8,149851974837,374215769
dMean__T_24_ct_all/OPTIM_pcs/base_output/base/cis_nominal1.cis_qtl_pairs.15.tsv,106817753,34005568,8,149914128724,2370747080
dMean__T_24_ct_all/OPTIM_pcs/base_output/base/cis_nominal1.cis_qtl_pairs.16.tsv,157601149,51131463,8,149948134426,3887031891
dMean__T_24_ct_all/OPTIM_pcs/base_output/base/cis_nominal1.cis_qtl_pairs.4.tsv,143170220,44710722,8,149999266023,901484376
dMean__T_24_ct_all/OPTIM_pcs/base_output/base/cis_nominal1.cis_qtl_pairs.21.tsv,44008339,14087329,8,150043976878,1268919955
dMean__T_24_ct_all/OPTIM_pcs/base_output/base/cis_nominal1.cis_qtl_pairs.7.tsv,182506293,57921094,8,150058064341,374134523
dMean__T_24_ct_all/OPTIM_pcs/base_output/base/cis_nominal1.cis_qtl_pairs.22.tsv,82253822,26394167,8,150115985568,3987954402
dMean__T_24_ct_all/OPTIM_pcs/base_output/base/cis_nominal1.cis_qtl_pairs.11.tsv,194154771,61129331,8,150142379869,1732490733
dMean__T_24_ct_all/OPTIM_pcs/base_output/base/cis_nominal1.cis_qtl_pairs.6.tsv,271210610,78323662,8,150203509334,382116072
dMean__T_24_ct_all/OPTIM_pcs/base_output/base/cis_nominal1.cis_qtl_pairs.2.tsv,239313990,76180938,8,150281833129,978174916
dMean__T_24_ct_all/OPTIM_pcs/base_output/base/cis_nominal1.cis_qtl_pairs.17.tsv,200053751,63957258,8,150358014200,983115421
dMean__T_24_ct_all/OPTIM_pcs/base_output/base/Cis_eqtls_qval.tsv,2230660,928803,8,150421971592,3004012775
dMean__T_24_ct_all/OPTIM_pcs/base_output/base/cis_nominal1.cis_qtl_pairs.5.tsv,166051937,52464006,8,150422900514,200880725
dMean__T_24_ct_all/OPTIM_pcs/base_output/base/cis_nominal1.cis_qtl_pairs.9.tsv,135202859,43351950,8,150475364653,2367178162
dMean__T_24_ct_all/OPTIM_pcs/base_output/base/cis_nominal1.cis_qtl_pairs.19.tsv,284851297,91156180,8,150518716736,853798514
dMean__T_24_ct_all/OPTIM_pcs/base_output/base/cis_nominal1.cis_qtl_pairs.10.tsv,142022088,44325846,8,150609873050,2338283399
dMean__T_24_ct_all/OPTIM_pcs/base_output/base/cis_nominal1.cis_qtl_pairs.8.tsv,119625988,38043487,8,150654199030,3051621967
dMean__T_24_ct_all/OPTIM_pcs/base_output/base/cis_nominal1.cis_qtl_pairs.14.tsv,133452083,42264914,8,150692242650,815911495
dMean__T_24_ct_all/OPTIM_pcs/base_output/base/cis_nominal1.cis_qtl_pairs.1.tsv,326854696,103073276,8,150734507698,3169316030
dMean__T_24_ct_all/OPTIM_pcs/base_output/base/cis_nominal1.cis_qtl_pairs.20.tsv,98839255,31539422,8,150837581107,3145131037
dMean__T_24_ct_all/OPTIM_pcs/base_output/base/Cis_eqtls_independent.tsv,4818,2226,8,150869120663,1857292623
dMean__T_24_ct_all/OPTIM_pcs/base_output/base/cis_nominal1.cis_qtl_pairs.12.tsv,197583572,61835938,8,150869123015,291967938
dMean__T_24_ct_all/OPTIM_pcs/base_output/base/cis_nominal1.cis_qtl_pairs.18.tsv,57870059,18407054,8,150930959087,907618210
dMean__T_24_ct_all/OPTIM_pcs/base_output/base/cis_nominal1.cis_qtl_pairs.13.tsv,73676356,23161639,8,150949366275,2836099716
dMean__Epithelial_29_ti_all/OPTIM_pcs/base_output/base/cis_nominal1.cis_qtl_pairs.3.tsv,244504226,80295442,8,150972528048,1451940146
dMean__Epithelial_29_ti_all/OPTIM_pcs/base_output/base/cis_nominal1.cis_qtl_pairs.15.tsv,144308256,47790073,8,151052823632,358900238
dMean__Epithelial_29_ti_all/OPTIM_pcs/base_output/base/cis_nominal1.cis_qtl_pairs.16.tsv,199308798,66856465,8,151100613848,2784865635
dMean__Epithelial_29_ti_all/OPTIM_pcs/base_output/base/cis_nominal1.cis_qtl_pairs.4.tsv,195188726,63908230,8,151167470456,628956146
dMean__Epithelial_29_ti_all/OPTIM_pcs/base_output/base/cis_nominal1.cis_qtl_pairs.21.tsv,50380933,16697400,8,151231378828,4045445748
dMean__Epithelial_29_ti_all/OPTIM_pcs/base_output/base/cis_nominal1.cis_qtl_pairs.7.tsv,229700521,75981639,8,151248076371,3630433998
dMean__Epithelial_29_ti_all/OPTIM_pcs/base_output/base/cis_nominal1.cis_qtl_pairs.22.tsv,97731226,32461282,8,151324058152,1839625471
dMean__Epithelial_29_ti_all/OPTIM_pcs/base_output/base/cis_nominal1.cis_qtl_pairs.11.tsv,256707966,84164938,8,151356519577,2453995739
dMean__Epithelial_29_ti_all/OPTIM_pcs/base_output/base/cis_nominal1.cis_qtl_pairs.6.tsv,323683086,100407322,8,151440684658,3696817492
dMean__Epithelial_29_ti_all/OPTIM_pcs/base_output/base/cis_nominal1.cis_qtl_pairs.2.tsv,293214413,96875774,8,151541092122,2178669875
dMean__Epithelial_29_ti_all/OPTIM_pcs/base_output/base/cis_nominal1.cis_qtl_pairs.17.tsv,255040238,84626023,8,151637968038,2696818043
dMean__Epithelial_29_ti_all/OPTIM_pcs/base_output/base/Cis_eqtls_qval.tsv,2790079,1193905,8,151722594204,4180251249
dMean__Epithelial_29_ti_all/OPTIM_pcs/base_output/base/cis_nominal1.cis_qtl_pairs.5.tsv,199336340,65636732,8,151723788237,3247113258
dMean__Epithelial_29_ti_all/OPTIM_pcs/base_output/base/cis_nominal1.cis_qtl_pairs.9.tsv,194871199,64862549,8,151789425111,712667993
dMean__Epithelial_29_ti_all/OPTIM_pcs/base_output/base/cis_nominal1.cis_qtl_pairs.19.tsv,339431088,112761630,8,151854287802,2505403078
dMean__Epithelial_29_ti_all/OPTIM_pcs/base_output/base/cis_nominal1.cis_qtl_pairs.10.tsv,190674661,62106930,8,151967049575,1942125970
dMean__Epithelial_29_ti_all/OPTIM_pcs/base_output/base/cis_nominal1.cis_qtl_pairs.8.tsv,156701943,51880614,8,152029156648,1554592666
dMean__Epithelial_29_ti_all/OPTIM_pcs/base_output/base/cis_nominal1.cis_qtl_pairs.14.tsv,168042557,55325626,8,152081037404,3503248752
dMean__Epithelial_29_ti_all/OPTIM_pcs/base_output/base/cis_nominal1.cis_qtl_pairs.1.tsv,409250117,134710155,8,152136363173,1587123570
dMean__Epithelial_29_ti_all/OPTIM_pcs/base_output/base/cis_nominal1.cis_qtl_pairs.20.tsv,120912864,40020248,8,152271073470,2965296413
dMean__Epithelial_29_ti_all/OPTIM_pcs/base_output/base/Cis_eqtls_independent.tsv,105403,43941,8,152311093861,74016354
dMean__Epithelial_29_ti_all/OPTIM_pcs/base_output/base/cis_nominal1.cis_qtl_pairs.12.tsv,243506807,79470393,8,152311137937,3189418598
dMean__Epithelial_29_ti_all/OPTIM_pcs/base_output/base/cis_nominal1.cis_qtl_pairs.18.tsv,74413950,24550496,8,152390608473,3377361547
dMean__Epithelial_29_ti_all/OPTIM_pcs/base_output/base/cis_nominal1.cis_qtl_pairs.13.tsv,87929211,28825608,8,152415159112,3108466427
dMean__T_13_ti_all/OPTIM_pcs/base_output/base/cis_nominal1.cis_qtl_pairs.3.tsv,199041198,65301579,8,152443984863,936239069
dMean__T_13_ti_all/OPTIM_pcs/base_output/base/cis_nominal1.cis_qtl_pairs.15.tsv,102380993,33814662,8,152509286575,2359567779
dMean__T_13_ti_all/OPTIM_pcs/base_output/base/cis_nominal1.cis_qtl_pairs.16.tsv,145441129,48643626,8,152543101371,2597439193
dMean__T_13_ti_all/OPTIM_pcs/base_output/base/cis_nominal1.cis_qtl_pairs.4.tsv,146506252,47907523,8,152591745131,218954895
dMean__T_13_ti_all/OPTIM_pcs/base_output/base/cis_nominal1.cis_qtl_pairs.21.tsv,42919455,14174348,8,152639652787,3260633070
dMean__T_13_ti_all/OPTIM_pcs/base_output/base/cis_nominal1.cis_qtl_pairs.7.tsv,173274537,57256619,8,152653827269,3998512598
dMean__T_13_ti_all/OPTIM_pcs/base_output/base/cis_nominal1.cis_qtl_pairs.22.tsv,81823584,27084906,8,152711084021,2259841300
dMean__T_13_ti_all/OPTIM_pcs/base_output/base/cis_nominal1.cis_qtl_pairs.11.tsv,184869195,60453354,8,152738169061,2752697010
dMean__T_13_ti_all/OPTIM_pcs/base_output/base/cis_nominal1.cis_qtl_pairs.6.tsv,262843646,81411432,8,152798622549,3822608245
dMean__T_13_ti_all/OPTIM_pcs/base_output/base/cis_nominal1.cis_qtl_pairs.2.tsv,239805229,79112815,8,152880034114,2217316728
dMean__T_13_ti_all/OPTIM_pcs/base_output/base/cis_nominal1.cis_qtl_pairs.17.tsv,192239168,63653837,8,152959147062,2640335771
dMean__T_13_ti_all/OPTIM_pcs/base_output/base/Cis_eqtls_qval.tsv,2170391,909406,8,153022801033,1313711766
dMean__T_13_ti_all/OPTIM_pcs/base_output/base/cis_nominal1.cis_qtl_pairs.5.tsv,162343574,53355629,8,153023710558,1567861247
dMean__T_13_ti_all/OPTIM_pcs/base_output/base/cis_nominal1.cis_qtl_pairs.9.tsv,135864382,45098598,8,153077066320,1311011610
dMean__T_13_ti_all/OPTIM_pcs/base_output/base/cis_nominal1.cis_qtl_pairs.19.tsv,272306115,90114557,8,153122165051,1509113953
dMean__T_13_ti_all/OPTIM_pcs/base_output/base/cis_nominal1.cis_qtl_pairs.10.tsv,143267460,46581617,8,153212279742,1969604130
dMean__T_13_ti_all/OPTIM_pcs/base_output/base/cis_nominal1.cis_qtl_pairs.8.tsv,118629097,39123587,8,153258861493,3060045022
dMean__T_13_ti_all/OPTIM_pcs/base_output/base/cis_nominal1.cis_qtl_pairs.14.tsv,129718432,42624411,8,153297985213,2271339982
dMean__T_13_ti_all/OPTIM_pcs/base_output/base/cis_nominal1.cis_qtl_pairs.1.tsv,321268603,105394951,8,153340609758,1657438701
dMean__T_13_ti_all/OPTIM_pcs/base_output/base/cis_nominal1.cis_qtl_pairs.20.tsv,97094618,32114136,8,153446004842,2903006816
dMean__T_13_ti_all/OPTIM_pcs/base_output/base/Cis_eqtls_independent.tsv,10176,4542,8,153478119112,1373698683
dMean__T_13_ti_all/OPTIM_pcs/base_output/base/cis_nominal1.cis_qtl_pairs.12.tsv,193359544,62913350,8,153478123780,4246632182
dMean__T_13_ti_all/OPTIM_pcs/base_output/base/cis_nominal1.cis_qtl_pairs.18.tsv,61100976,20158137,8,153541037264,2415628308
dMean__T_13_ti_all/OPTIM_pcs/base_output/base/cis_nominal1.cis_qtl_pairs.13.tsv,73855825,24144563,8,153561195535,3758455462
dMean__T_21_ct_all/OPTIM_pcs/base_output/base/cis_nominal1.cis_qtl_pairs.3.tsv,215790703,69854601,8,153585340232,1315363996
dMean__T_21_ct_all/OPTIM_pcs/base_output/base/cis_nominal1.cis_qtl_pairs.15.tsv,114250521,37337109,8,153655194966,1049454711
dMean__T_21_ct_all/OPTIM_pcs/base_output/base/cis_nominal1.cis_qtl_pairs.16.tsv,170621158,56565136,8,153692532209,3050563069
dMean__T_21_ct_all/OPTIM_pcs/base_output/base/cis_nominal1.cis_qtl_pairs.4.tsv,157870562,51045064,8,153749097479,4034634297
dMean__T_21_ct_all/OPTIM_pcs/base_output/base/cis_nominal1.cis_qtl_pairs.21.tsv,45871580,15025532,8,153800142676,716689188
dMean__T_21_ct_all/OPTIM_pcs/base_output/base/cis_nominal1.cis_qtl_pairs.7.tsv,201571173,65756625,8,153815168342,2004679846
dMean__T_21_ct_all/OPTIM_pcs/base_output/base/cis_nominal1.cis_qtl_pairs.22.tsv,91826212,30164924,8,153880925100,3147596132
dMean__T_21_ct_all/OPTIM_pcs/base_output/base/cis_nominal1.cis_qtl_pairs.11.tsv,209397927,67703870,8,153911090158,166270870
dMean__T_21_ct_all/OPTIM_pcs/base_output/base/cis_nominal1.cis_qtl_pairs.6.tsv,294991694,89252472,8,153978794162,1917554951
dMean__T_21_ct_all/OPTIM_pcs/base_output/base/cis_nominal1.cis_qtl_pairs.2.tsv,258240287,84356689,8,154068046767,4097583129
dMean__T_21_ct_all/OPTIM_pcs/base_output/base/cis_nominal1.cis_qtl_pairs.17.tsv,221971555,72845829,8,154152403589,756444420
dMean__T_21_ct_all/OPTIM_pcs/base_output/base/Cis_eqtls_qval.tsv,2434526,1023482,8,154225249552,3868890908
dMean__T_21_ct_all/OPTIM_pcs/base_output/base/cis_nominal1.cis_qtl_pairs.5.tsv,176184040,57241172,8,154226273153,1489420542
dMean__T_21_ct_all/OPTIM_pcs/base_output/base/cis_nominal1.cis_qtl_pairs.9.tsv,148021967,48665730,8,154283514458,633256018
dMean__T_21_ct_all/OPTIM_pcs/base_output/base/cis_nominal1.cis_qtl_pairs.19.tsv,328657667,107678420,8,154332180321,1557240444
dMean__T_21_ct_all/OPTIM_pcs/base_output/base/cis_nominal1.cis_qtl_pairs.10.tsv,156013084,50088717,8,154439858875,3196978636
dMean__T_21_ct_all/OPTIM_pcs/base_output/base/cis_nominal1.cis_qtl_pairs.8.tsv,130213583,42549000,8,154489947726,773629404
dMean__T_21_ct_all/OPTIM_pcs/base_output/base/cis_nominal1.cis_qtl_pairs.14.tsv,143875554,46724852,8,154532496859,2412987019
dMean__T_21_ct_all/OPTIM_pcs/base_output/base/cis_nominal1.cis_qtl_pairs.1.tsv,355120003,115217180,8,154579221845,3764512789
dMean__T_21_ct_all/OPTIM_pcs/base_output/base/cis_nominal1.cis_qtl_pairs.20.tsv,107213089,35112152,8,154694439158,144156747
dMean__T_21_ct_all/OPTIM_pcs/base_output/base/Cis_eqtls_independent.tsv,10661,4759,8,154729551444,3039794975
dMean__T_21_ct_all/OPTIM_pcs/base_output/base/cis_nominal1.cis_qtl_pairs.12.tsv,216018070,69421418,8,154729556329,3355587999
dMean__T_21_ct_all/OPTIM_pcs/base_output/base/cis_nominal1.cis_qtl_pairs.18.tsv,61963059,20206080,8,154798977881,1119244755
dMean__T_21_ct_all/OPTIM_pcs/base_output/base/cis_nominal1.cis_qtl_pairs.13.tsv,78035533,25208168,8,154819184095,3151456791
dMean__B_0_ti_all/OPTIM_pcs/base_output/base/cis_nominal1.cis_qtl_pairs.3.tsv,261151986,85640781,8,154844392397,3606650445
dMean__B_0_ti_all/OPTIM_pcs/base_output/base/cis_nominal1.cis_qtl_pairs.15.tsv,142318697,47006838,8,154930033310,3132922260
dMean__B_0_ti_all/OPTIM_pcs/base_output/base/cis_nominal1.cis_qtl_pairs.16.tsv,220083562,73672164,8,154977040281,354518424
dMean__B_0_ti_all/OPTIM_pcs/base_output/base/cis_nominal1.cis_qtl_pairs.4.tsv,192107693,62736694,8,155050712578,1499174114
dMean__B_0_ti_all/OPTIM_pcs/base_output/base/cis_nominal1.cis_qtl_pairs.21.tsv,61253128,20259123,8,155113449404,2472177915
dMean__B_0_ti_all/OPTIM_pcs/base_output/base/cis_nominal1.cis_qtl_pairs.7.tsv,231975343,76705410,8,155133708660,1931048072
dMean__B_0_ti_all/OPTIM_pcs/base_output/base/cis_nominal1.cis_qtl_pairs.22.tsv,117428096,38852424,8,155210414202,903985079
dMean__B_0_ti_all/OPTIM_pcs/base_output/base/cis_nominal1.cis_qtl_pairs.11.tsv,266686216,87130159,8,155249266759,3963831386
dMean__B_0_ti_all/OPTIM_pcs/base_output/base/cis_nominal1.cis_qtl_pairs.6.tsv,373924343,114787345,8,155336397051,4205679938
dMean__B_0_ti_all/OPTIM_pcs/base_output/base/cis_nominal1.cis_qtl_pairs.2.tsv,318734517,105104693,8,155451184528,4010265449
dMean__B_0_ti_all/OPTIM_pcs/base_output/base/cis_nominal1.cis_qtl_pairs.17.tsv,275355134,91106888,8,155556289353,2532343594
dMean__B_0_ti_all/OPTIM_pcs/base_output/base/Cis_eqtls_qval.tsv,3039725,1303554,8,155647396374,1504041656
dMean__B_0_ti_all/OPTIM_pcs/base_output/base/cis_nominal1.cis_qtl_pairs.5.tsv,217137284,71307162,8,155648700046,2537370628
dMean__B_0_ti_all/OPTIM_pcs/base_output/base/cis_nominal1.cis_qtl_pairs.9.tsv,184855164,61415722,8,155720007340,1260596000
dMean__B_0_ti_all/OPTIM_pcs/base_output/base/cis_nominal1.cis_qtl_pairs.19.tsv,421087760,139358434,8,155781423194,2859453894
dMean__B_0_ti_all/OPTIM_pcs/base_output/base/cis_nominal1.cis_qtl_pairs.10.tsv,190170353,61803594,8,155920781761,871347328
dMean__B_0_ti_all/OPTIM_pcs/base_output/base/cis_nominal1.cis_qtl_pairs.8.tsv,172577913,57026455,8,155982585488,687840988
dMean__B_0_ti_all/OPTIM_pcs/base_output/base/cis_nominal1.cis_qtl_pairs.14.tsv,184166411,60469721,8,156039612075,2137862480
dMean__B_0_ti_all/OPTIM_pcs/base_output/base/cis_nominal1.cis_qtl_pairs.1.tsv,441681131,144874751,8,156100081929,140076463
dMean__B_0_ti_all/OPTIM_pcs/base_output/base/cis_nominal1.cis_qtl_pairs.20.tsv,130909405,43319733,8,156244956812,3206923143
dMean__B_0_ti_all/OPTIM_pcs/base_output/base/Cis_eqtls_independent.tsv,186380,76886,8,156288276678,1954147968
dMean__B_0_ti_all/OPTIM_pcs/base_output/base/cis_nominal1.cis_qtl_pairs.12.tsv,274779979,89437716,8,156288353689,3532649521
dMean__B_0_ti_all/OPTIM_pcs/base_output/base/cis_nominal1.cis_qtl_pairs.18.tsv,83545128,27525895,8,156377791538,2124182480
dMean__B_0_ti_all/OPTIM_pcs/base_output/base/cis_nominal1.cis_qtl_pairs.13.tsv,92185081,30106975,8,156405317566,2707704995
dMean__Epithelial_14_ct_all/OPTIM_pcs/base_output/base/cis_nominal1.cis_qtl_pairs.3.tsv,328431138,108849684,8,156435424674,1156443263
dMean__Epithelial_14_ct_all/OPTIM_pcs/base_output/base/cis_nominal1.cis_qtl_pairs.15.tsv,191981186,64005186,8,156544274500,3520840683
dMean__Epithelial_14_ct_all/OPTIM_pcs/base_output/base/cis_nominal1.cis_qtl_pairs.16.tsv,274968142,92795654,8,156608279829,3001867698
dMean__Epithelial_14_ct_all/OPTIM_pcs/base_output/base/cis_nominal1.cis_qtl_pairs.4.tsv,242597805,80042898,8,156701075626,3987705593
dMean__Epithelial_14_ct_all/OPTIM_pcs/base_output/base/cis_nominal1.cis_qtl_pairs.21.tsv,71129108,23765937,8,156781118666,760082594
dMean__Epithelial_14_ct_all/OPTIM_pcs/base_output/base/cis_nominal1.cis_qtl_pairs.7.tsv,289878431,96793947,8,156804884746,1205805009
dMean__Epithelial_14_ct_all/OPTIM_pcs/base_output/base/cis_nominal1.cis_qtl_pairs.22.tsv,132502672,44260294,8,156901678835,3638383256
dMean__Epithelial_14_ct_all/OPTIM_pcs/base_output/base/cis_nominal1.cis_qtl_pairs.11.tsv,321942621,106360846,8,156945939272,1546884051
dMean__Epithelial_14_ct_all/OPTIM_pcs/base_output/base/cis_nominal1.cis_qtl_pairs.6.tsv,426513850,133657780,8,157052300261,1552542725
dMean__Epithelial_14_ct_all/OPTIM_pcs/base_output/base/cis_nominal1.cis_qtl_pairs.2.tsv,379310677,126296783,8,157185958183,3418385889
dMean__Epithelial_14_ct_all/OPTIM_pcs/base_output/base/cis_nominal1.cis_qtl_pairs.17.tsv,336442496,112401711,8,157312255108,3895344018
dMean__Epithelial_14_ct_all/OPTIM_pcs/base_output/base/Cis_eqtls_qval.tsv,3628280,1565818,8,157424656962,1019309514
dMean__Epithelial_14_ct_all/OPTIM_pcs/base_output/base/cis_nominal1.cis_qtl_pairs.5.tsv,265260893,88053488,8,157426222908,4268900251
dMean__Epithelial_14_ct_all/OPTIM_pcs/base_output/base/cis_nominal1.cis_qtl_pairs.9.tsv,234678028,78747258,8,157514276538,496030476
dMean__Epithelial_14_ct_all/OPTIM_pcs/base_output/base/cis_nominal1.cis_qtl_pairs.19.tsv,449860670,150376236,8,157593023938,3324530159
dMean__Epithelial_14_ct_all/OPTIM_pcs/base_output/base/cis_nominal1.cis_qtl_pairs.10.tsv,234805583,77153382,8,157743400317,1992929320
dMean__Epithelial_14_ct_all/OPTIM_pcs/base_output/base/cis_nominal1.cis_qtl_pairs.8.tsv,212557993,71001031,8,157820553842,3569416517
dMean__Epithelial_14_ct_all/OPTIM_pcs/base_output/base/cis_nominal1.cis_qtl_pairs.14.tsv,213679950,70854874,8,157891555015,4059828909
dMean__Epithelial_14_ct_all/OPTIM_pcs/base_output/base/cis_nominal1.cis_qtl_pairs.1.tsv,536091308,177890328,8,157962410032,2968128889
dMean__Epithelial_14_ct_all/OPTIM_pcs/base_output/base/cis_nominal1.cis_qtl_pairs.20.tsv,153567318,51216061,8,158140300502,543842874
dMean__Epithelial_14_ct_all/OPTIM_pcs/base_output/base/Cis_eqtls_independent.tsv,652915,267758,8,158191516706,2983970127
dMean__Epithelial_14_ct_all/OPTIM_pcs/base_output/base/cis_nominal1.cis_qtl_pairs.12.tsv,309033911,101745644,8,158191784599,2890426273
dMean__Epithelial_14_ct_all/OPTIM_pcs/base_output/base/cis_nominal1.cis_qtl_pairs.18.tsv,105196208,35019946,8,158293530386,1691249780
dMean__Epithelial_14_ct_all/OPTIM_pcs/base_output/base/cis_nominal1.cis_qtl_pairs.13.tsv,109772003,36309694,8,158328550475,2430952416
dMean__Epithelial_17_ct_all/OPTIM_pcs/base_output/base/cis_nominal1.cis_qtl_pairs.3.tsv,313933251,103426139,8,158364860312,4181637880
dMean__Epithelial_17_ct_all/OPTIM_pcs/base_output/base/cis_nominal1.cis_qtl_pairs.15.tsv,183729557,60972656,8,158468286593,1623944492
dMean__Epithelial_17_ct_all/OPTIM_pcs/base_output/base/cis_nominal1.cis_qtl_pairs.16.tsv,264149909,88779431,8,158529259392,2061888428
dMean__Epithelial_17_ct_all/OPTIM_pcs/base_output/base/cis_nominal1.cis_qtl_pairs.4.tsv,233462753,76503668,8,158618038966,1001307750
dMean__Epithelial_17_ct_all/OPTIM_pcs/base_output/base/cis_nominal1.cis_qtl_pairs.21.tsv,68117367,22592835,8,158694542776,637404246
dMean__Epithelial_17_ct_all/OPTIM_pcs/base_output/base/cis_nominal1.cis_qtl_pairs.7.tsv,280102859,92924493,8,158717135754,1176611840
dMean__Epithelial_17_ct_all/OPTIM_pcs/base_output/base/cis_nominal1.cis_qtl_pairs.22.tsv,127563650,42406073,8,158810060389,2978462545
dMean__Epithelial_17_ct_all/OPTIM_pcs/base_output/base/cis_nominal1.cis_qtl_pairs.11.tsv,315699139,103834569,8,158852466605,4033724602
dMean__Epithelial_17_ct_all/OPTIM_pcs/base_output/base/cis_nominal1.cis_qtl_pairs.6.tsv,396509502,123282479,8,158956301317,2609770284
dMean__Epithelial_17_ct_all/OPTIM_pcs/base_output/base/cis_nominal1.cis_qtl_pairs.2.tsv,373152307,123549341,8,159079583938,354803099
dMean__Epithelial_17_ct_all/OPTIM_pcs/base_output/base/cis_nominal1.cis_qtl_pairs.17.tsv,320135459,106372988,8,159203133421,3067326122
dMean__Epithelial_17_ct_all/OPTIM_pcs/base_output/base/Cis_eqtls_qval.tsv,3502908,1509132,8,159309506552,3577436317
dMean__Epithelial_17_ct_all/OPTIM_pcs/base_output/base/cis_nominal1.cis_qtl_pairs.5.tsv,255530509,84339498,8,159311015812,1563722208
dMean__Epithelial_17_ct_all/OPTIM_pcs/base_output/base/cis_nominal1.cis_qtl_pairs.9.tsv,230150041,76808790,8,159395355452,2776832421
dMean__Epithelial_17_ct_all/OPTIM_pcs/base_output/base/cis_nominal1.cis_qtl_pairs.19.tsv,442817527,147242356,8,159472164384,360509193
dMean__Epithelial_17_ct_all/OPTIM_pcs/base_output/base/cis_nominal1.cis_qtl_pairs.10.tsv,224104533,73128990,8,159619406883,1226905953
dMean__Epithelial_17_ct_all/OPTIM_pcs/base_output/base/cis_nominal1.cis_qtl_pairs.8.tsv,199020670,66093861,8,159692536016,2542099979
dMean__Epithelial_17_ct_all/OPTIM_pcs/base_output/base/cis_nominal1.cis_qtl_pairs.14.tsv,213095812,70216476,8,159758630019,2243392937
dMean__Epithelial_17_ct_all/OPTIM_pcs/base_output/base/cis_nominal1.cis_qtl_pairs.1.tsv,519470941,171559503,8,159828846638,433025180
dMean__Epithelial_17_ct_all/OPTIM_pcs/base_output/base/cis_nominal1.cis_qtl_pairs.20.tsv,150215012,49887391,8,160000406283,1957081916
dMean__Epithelial_17_ct_all/OPTIM_pcs/base_output/base/Cis_eqtls_independent.tsv,476577,195607,8,160050293817,793390531
dMean__Epithelial_17_ct_all/OPTIM_pcs/base_output/base/cis_nominal1.cis_qtl_pairs.12.tsv,289608352,94780332,8,160050489559,2728726816
dMean__Epithelial_17_ct_all/OPTIM_pcs/base_output/base/cis_nominal1.cis_qtl_pairs.18.tsv,96241931,31836530,8,160145270034,2375763584
dMean__Epithelial_17_ct_all/OPTIM_pcs/base_output/base/cis_nominal1.cis_qtl_pairs.13.tsv,108593493,35647430,8,160177106707,2667719866
dMean__T_4_blood_all/OPTIM_pcs/base_output/base/cis_nominal1.cis_qtl_pairs.3.tsv,305112581,96804752,8,160212754280,1685162979
dMean__T_4_blood_all/OPTIM_pcs/base_output/base/cis_nominal1.cis_qtl_pairs.15.tsv,173040462,55602827,8,160309559167,3466469552
dMean__T_4_blood_all/OPTIM_pcs/base_output/base/cis_nominal1.cis_qtl_pairs.16.tsv,262787276,85667081,8,160365162130,683742544
dMean__T_4_blood_all/OPTIM_pcs/base_output/base/cis_nominal1.cis_qtl_pairs.4.tsv,217727568,68724550,8,160450829347,423324537
dMean__T_4_blood_all/OPTIM_pcs/base_output/base/cis_nominal1.cis_qtl_pairs.21.tsv,68380227,21983265,8,160519554032,521934295
dMean__T_4_blood_all/OPTIM_pcs/base_output/base/cis_nominal1.cis_qtl_pairs.7.tsv,281933275,90108251,8,160541537433,2623882908
dMean__T_4_blood_all/OPTIM_pcs/base_output/base/cis_nominal1.cis_qtl_pairs.22.tsv,132577723,42821438,8,160631645819,539523787
dMean__T_4_blood_all/OPTIM_pcs/base_output/base/cis_nominal1.cis_qtl_pairs.11.tsv,303999950,96362442,8,160674467393,4260535903
dMean__T_4_blood_all/OPTIM_pcs/base_output/base/cis_nominal1.cis_qtl_pairs.6.tsv,414362397,121264806,8,160770829971,2838286198
dMean__T_4_blood_all/OPTIM_pcs/base_output/base/cis_nominal1.cis_qtl_pairs.2.tsv,361971709,115921113,8,160892094912,3730346954
dMean__T_4_blood_all/OPTIM_pcs/base_output/base/cis_nominal1.cis_qtl_pairs.17.tsv,336333450,108353578,8,161008016160,1559147830
dMean__T_4_blood_all/OPTIM_pcs/base_output/base/Cis_eqtls_qval.tsv,3547915,1520479,8,161116369874,672149576
dMean__T_4_blood_all/OPTIM_pcs/base_output/base/cis_nominal1.cis_qtl_pairs.5.tsv,247075199,78599866,8,161117890474,3085678416
dMean__T_4_blood_all/OPTIM_pcs/base_output/base/cis_nominal1.cis_qtl_pairs.9.tsv,213456112,68991443,8,161196490475,2150222794
dMean__T_4_blood_all/OPTIM_pcs/base_output/base/cis_nominal1.cis_qtl_pairs.19.tsv,461174208,148842757,8,161265482053,110917998
dMean__T_4_blood_all/OPTIM_pcs/base_output/base/cis_nominal1.cis_qtl_pairs.10.tsv,227823040,71606318,8,161414324946,3405572585
dMean__T_4_blood_all/OPTIM_pcs/base_output/base/cis_nominal1.cis_qtl_pairs.8.tsv,198656640,63769770,8,161485931400,2560379478
dMean__T_4_blood_all/OPTIM_pcs/base_output/base/cis_nominal1.cis_qtl_pairs.14.tsv,224883685,71717198,8,161549701305,4071452819
dMean__T_4_blood_all/OPTIM_pcs/base_output/base/cis_nominal1.cis_qtl_pairs.1.tsv,515442568,163774605,8,161621418639,492236386
dMean__T_4_blood_all/OPTIM_pcs/base_output/base/cis_nominal1.cis_qtl_pairs.20.tsv,145896848,46832522,8,161785193379,932299974
dMean__T_4_blood_all/OPTIM_pcs/base_output/base/Cis_eqtls_independent.tsv,127273,52731,8,161832026037,509808534
dMean__T_4_blood_all/OPTIM_pcs/base_output/base/cis_nominal1.cis_qtl_pairs.12.tsv,321874495,101470936,8,161832078896,3642675347
dMean__T_4_blood_all/OPTIM_pcs/base_output/base/cis_nominal1.cis_qtl_pairs.18.tsv,98836690,31631978,8,161933549968,2420503870
dMean__T_4_blood_all/OPTIM_pcs/base_output/base/cis_nominal1.cis_qtl_pairs.13.tsv,110308096,34869673,8,161965182082,541657752
dMean__Myeloid_14_ti_all/OPTIM_pcs/base_output/base/cis_nominal1.cis_qtl_pairs.3.tsv,136327308,44175622,8,162000051891,2397282472
dMean__Myeloid_14_ti_all/OPTIM_pcs/base_output/base/cis_nominal1.cis_qtl_pairs.15.tsv,74080236,24201222,8,162044227652,2221639406
dMean__Myeloid_14_ti_all/OPTIM_pcs/base_output/base/cis_nominal1.cis_qtl_pairs.16.tsv,97949104,32452654,8,162068429014,2143705906
dMean__Myeloid_14_ti_all/OPTIM_pcs/base_output/base/cis_nominal1.cis_qtl_pairs.4.tsv,101376628,32605902,8,162100881808,1158852219
dMean__Myeloid_14_ti_all/OPTIM_pcs/base_output/base/cis_nominal1.cis_qtl_pairs.21.tsv,26869509,8776849,8,162133487849,2777278001
dMean__Myeloid_14_ti_all/OPTIM_pcs/base_output/base/cis_nominal1.cis_qtl_pairs.7.tsv,113514646,37085788,8,162142264838,1939186291
dMean__Myeloid_14_ti_all/OPTIM_pcs/base_output/base/cis_nominal1.cis_qtl_pairs.22.tsv,55317499,18126588,8,162179350765,3133609514
dMean__Myeloid_14_ti_all/OPTIM_pcs/base_output/base/cis_nominal1.cis_qtl_pairs.11.tsv,138452187,44731901,8,162197477493,2625614263
dMean__Myeloid_14_ti_all/OPTIM_pcs/base_output/base/cis_nominal1.cis_qtl_pairs.6.tsv,206151353,61899313,8,162242209534,2356155173
dMean__Myeloid_14_ti_all/OPTIM_pcs/base_output/base/cis_nominal1.cis_qtl_pairs.2.tsv,159350421,52034364,8,162304108986,3120086286
dMean__Myeloid_14_ti_all/OPTIM_pcs/base_output/base/cis_nominal1.cis_qtl_pairs.17.tsv,128557979,42320613,8,162356143489,2548479815
dMean__Myeloid_14_ti_all/OPTIM_pcs/base_output/base/Cis_eqtls_qval.tsv,1490682,610994,8,162398464242,3762916589
dMean__Myeloid_14_ti_all/OPTIM_pcs/base_output/base/cis_nominal1.cis_qtl_pairs.5.tsv,115435826,37500655,8,162399075361,431304947
dMean__Myeloid_14_ti_all/OPTIM_pcs/base_output/base/cis_nominal1.cis_qtl_pairs.9.tsv,89815867,29478991,8,162436576155,1081399082
dMean__Myeloid_14_ti_all/OPTIM_pcs/base_output/base/cis_nominal1.cis_qtl_pairs.19.tsv,162684845,53708896,8,162466055285,2724156743
dMean__Myeloid_14_ti_all/OPTIM_pcs/base_output/base/cis_nominal1.cis_qtl_pairs.10.tsv,98582994,31609195,8,162519764321,3233343373
dMean__Myeloid_14_ti_all/OPTIM_pcs/base_output/base/cis_nominal1.cis_qtl_pairs.8.tsv,83162095,27153838,8,162551373656,186138822
dMean__Myeloid_14_ti_all/OPTIM_pcs/base_output/base/cis_nominal1.cis_qtl_pairs.14.tsv,90034361,29267042,8,162578527633,1375989756
dMean__Myeloid_14_ti_all/OPTIM_pcs/base_output/base/cis_nominal1.cis_qtl_pairs.1.tsv,214317081,69507008,8,162607794815,2790428549
dMean__Myeloid_14_ti_all/OPTIM_pcs/base_output/base/cis_nominal1.cis_qtl_pairs.20.tsv,65696007,21514410,8,162677301962,3873460778
dMean__Myeloid_14_ti_all/OPTIM_pcs/base_output/base/Cis_eqtls_independent.tsv,1886,935,8,162698816512,4004833553
dMean__Myeloid_14_ti_all/OPTIM_pcs/base_output/base/cis_nominal1.cis_qtl_pairs.12.tsv,133427426,42940100,8,162698817579,1629527643
dMean__Myeloid_14_ti_all/OPTIM_pcs/base_output/base/cis_nominal1.cis_qtl_pairs.18.tsv,38165286,12425156,8,162741757819,1134760915
dMean__Myeloid_14_ti_all/OPTIM_pcs/base_output/base/cis_nominal1.cis_qtl_pairs.13.tsv,49631838,16013719,8,162754183115,952049513
dMean__B_2_ct_all/OPTIM_pcs/base_output/base/cis_nominal1.cis_qtl_pairs.3.tsv,286515536,95235932,8,162770196974,112988915
dMean__B_2_ct_all/OPTIM_pcs/base_output/base/cis_nominal1.cis_qtl_pairs.15.tsv,159157718,53173558,8,162865433038,3327414183
dMean__B_2_ct_all/OPTIM_pcs/base_output/base/cis_nominal1.cis_qtl_pairs.16.tsv,244631674,82807322,8,162918606729,1003903329
dMean__B_2_ct_all/OPTIM_pcs/base_output/base/cis_nominal1.cis_qtl_pairs.4.tsv,205846645,68249298,8,163001414184,2844475170
dMean__B_2_ct_all/OPTIM_pcs/base_output/base/cis_nominal1.cis_qtl_pairs.21.tsv,62982729,21076826,8,163069663614,141222151
dMean__B_2_ct_all/OPTIM_pcs/base_output/base/cis_nominal1.cis_qtl_pairs.7.tsv,249601933,83497733,8,163090740573,810751849
dMean__B_2_ct_all/OPTIM_pcs/base_output/base/cis_nominal1.cis_qtl_pairs.22.tsv,125744592,42111009,8,163174238438,2715367582
dMean__B_2_ct_all/OPTIM_pcs/base_output/base/cis_nominal1.cis_qtl_pairs.11.tsv,280684552,93044598,8,163216349580,2579058521
dMean__B_2_ct_all/OPTIM_pcs/base_output/base/cis_nominal1.cis_qtl_pairs.6.tsv,403237811,126871851,8,163309394311,2024049589
dMean__B_2_ct_all/OPTIM_pcs/base_output/base/cis_nominal1.cis_qtl_pairs.2.tsv,340703213,113899757,8,163436266294,2285129285
dMean__B_2_ct_all/OPTIM_pcs/base_output/base/cis_nominal1.cis_qtl_pairs.17.tsv,300035539,100467406,8,163550166183,2035575044
dMean__B_2_ct_all/OPTIM_pcs/base_output/base/Cis_eqtls_qval.tsv,3266280,1408259,8,163650633722,2982118439
dMean__B_2_ct_all/OPTIM_pcs/base_output/base/cis_nominal1.cis_qtl_pairs.5.tsv,235864902,78534520,8,163652042099,4060488511
dMean__B_2_ct_all/OPTIM_pcs/base_output/base/cis_nominal1.cis_qtl_pairs.9.tsv,199914530,67217165,8,163730576751,4188757358
dMean__B_2_ct_all/OPTIM_pcs/base_output/base/cis_nominal1.cis_qtl_pairs.19.tsv,434446992,145507123,8,163797794048,3051511674
dMean__B_2_ct_all/OPTIM_pcs/base_output/base/cis_nominal1.cis_qtl_pairs.10.tsv,210770591,69520284,8,163943301304,3409197785
dMean__B_2_ct_all/OPTIM_pcs/base_output/base/cis_nominal1.cis_qtl_pairs.8.tsv,189559950,63576078,8,164012821721,3853203025
dMean__B_2_ct_all/OPTIM_pcs/base_output/base/cis_nominal1.cis_qtl_pairs.14.tsv,196514332,65362788,8,164076397931,760876564
dMean__B_2_ct_all/OPTIM_pcs/base_output/base/cis_nominal1.cis_qtl_pairs.1.tsv,485630546,161508284,8,164141760852,2925481474
dMean__B_2_ct_all/OPTIM_pcs/base_output/base/cis_nominal1.cis_qtl_pairs.20.tsv,142416804,47684363,8,164303269268,449152566
dMean__B_2_ct_all/OPTIM_pcs/base_output/base/Cis_eqtls_independent.tsv,419240,172039,8,164350953764,1299705445
dMean__B_2_ct_all/OPTIM_pcs/base_output/base/cis_nominal1.cis_qtl_pairs.12.tsv,296463205,97810436,8,164351125928,3295149813
dMean__B_2_ct_all/OPTIM_pcs/base_output/base/cis_nominal1.cis_qtl_pairs.18.tsv,86896556,29005928,8,164448936497,3456122594
dMean__B_2_ct_all/OPTIM_pcs/base_output/base/cis_nominal1.cis_qtl_pairs.13.tsv,95495797,31652989,8,164477942558,3854040961
dMean__T_ct_all/OPTIM_pcs/base_output/base/cis_nominal1.cis_qtl_pairs.3.tsv,387035987,129208759,8,164509595680,1284946602
dMean__T_ct_all/OPTIM_pcs/base_output/base/cis_nominal1.cis_qtl_pairs.15.tsv,231700601,77768829,8,164638804569,2145195724
dMean__T_ct_all/OPTIM_pcs/base_output/base/cis_nominal1.cis_qtl_pairs.16.tsv,341581720,115953524,8,164716573529,1218680887
dMean__T_ct_all/OPTIM_pcs/base_output/base/cis_nominal1.cis_qtl_pairs.4.tsv,287522464,95863057,8,164832527184,1663851972
dMean__T_ct_all/OPTIM_pcs/base_output/base/cis_nominal1.cis_qtl_pairs.21.tsv,92227234,30982194,8,164928390371,174767035
dMean__T_ct_all/OPTIM_pcs/base_output/base/cis_nominal1.cis_qtl_pairs.7.tsv,358905047,120518304,8,164959372696,826734325
dMean__T_ct_all/OPTIM_pcs/base_output/base/cis_nominal1.cis_qtl_pairs.22.tsv,177720342,59775005,8,165079891130,1638867142
dMean__T_ct_all/OPTIM_pcs/base_output/base/cis_nominal1.cis_qtl_pairs.11.tsv,382826353,127486129,8,165139666266,1648045611
dMean__T_ct_all/OPTIM_pcs/base_output/base/cis_nominal1.cis_qtl_pairs.6.tsv,506777795,161790856,8,165267152526,2198869672
dMean__T_ct_all/OPTIM_pcs/base_output/base/cis_nominal1.cis_qtl_pairs.2.tsv,462372137,155167506,8,165428943512,3348222382
dMean__T_ct_all/OPTIM_pcs/base_output/base/cis_nominal1.cis_qtl_pairs.17.tsv,421619441,141712522,8,165584111148,3234380923
dMean__T_ct_all/OPTIM_pcs/base_output/base/Cis_eqtls_qval.tsv,4478480,1934996,8,165725823801,2614968049
dMean__T_ct_all/OPTIM_pcs/base_output/base/cis_nominal1.cis_qtl_pairs.5.tsv,326921927,109358159,8,165727758913,3835201920
dMean__T_ct_all/OPTIM_pcs/base_output/base/cis_nominal1.cis_qtl_pairs.9.tsv,269033747,90914455,8,165837117202,1805683285
dMean__T_ct_all/OPTIM_pcs/base_output/base/cis_nominal1.cis_qtl_pairs.19.tsv,580707721,195378233,8,165928031787,3519252993
dMean__T_ct_all/OPTIM_pcs/base_output/base/cis_nominal1.cis_qtl_pairs.10.tsv,285885538,94777236,8,166123410151,4280589907
dMean__T_ct_all/OPTIM_pcs/base_output/base/cis_nominal1.cis_qtl_pairs.8.tsv,267122496,89861206,8,166218187518,3726114591
dMean__T_ct_all/OPTIM_pcs/base_output/base/cis_nominal1.cis_qtl_pairs.14.tsv,312614300,104410096,8,166308048854,775072890
dMean__T_ct_all/OPTIM_pcs/base_output/base/cis_nominal1.cis_qtl_pairs.1.tsv,647226623,216390872,8,166412459081,2028915196
dMean__T_ct_all/OPTIM_pcs/base_output/base/cis_nominal1.cis_qtl_pairs.20.tsv,188824791,63457738,8,166628850083,454667641
dMean__T_ct_all/OPTIM_pcs/base_output/base/Cis_eqtls_independent.tsv,1470992,602564,8,166692307952,2516474670
dMean__T_ct_all/OPTIM_pcs/base_output/base/cis_nominal1.cis_qtl_pairs.12.tsv,407688631,135221294,8,166692910639,4151627817
dMean__T_ct_all/OPTIM_pcs/base_output/base/cis_nominal1.cis_qtl_pairs.18.tsv,129635558,43504626,8,166828132064,3606922192
dMean__T_ct_all/OPTIM_pcs/base_output/base/cis_nominal1.cis_qtl_pairs.13.tsv,136947344,45616136,8,166871636821,2464526065
dMean__T_0_r_all/OPTIM_pcs/base_output/base/cis_nominal1.cis_qtl_pairs.3.tsv,193032378,61505716,8,166917253088,3929256616
dMean__T_0_r_all/OPTIM_pcs/base_output/base/cis_nominal1.cis_qtl_pairs.15.tsv,100873650,32441025,8,166978758935,23073215
dMean__T_0_r_all/OPTIM_pcs/base_output/base/cis_nominal1.cis_qtl_pairs.16.tsv,146278681,48009946,8,167011200092,1075091267
dMean__T_0_r_all/OPTIM_pcs/base_output/base/cis_nominal1.cis_qtl_pairs.4.tsv,144323643,45714641,8,167059210170,2895053529
dMean__T_0_r_all/OPTIM_pcs/base_output/base/cis_nominal1.cis_qtl_pairs.21.tsv,43742614,14162934,8,167104924942,4157120880
dMean__T_0_r_all/OPTIM_pcs/base_output/base/cis_nominal1.cis_qtl_pairs.7.tsv,173188487,55572072,8,167119088008,662725824
dMean__T_0_r_all/OPTIM_pcs/base_output/base/cis_nominal1.cis_qtl_pairs.22.tsv,78194607,25314287,8,167174660211,1860219008
dMean__T_0_r_all/OPTIM_pcs/base_output/base/cis_nominal1.cis_qtl_pairs.11.tsv,181742463,57939610,8,167199974630,3355413747
dMean__T_0_r_all/OPTIM_pcs/base_output/base/cis_nominal1.cis_qtl_pairs.6.tsv,262490970,76995497,8,167257914372,929153588
dMean__T_0_r_all/OPTIM_pcs/base_output/base/cis_nominal1.cis_qtl_pairs.2.tsv,236423906,75963565,8,167334910000,3311211385
dMean__T_0_r_all/OPTIM_pcs/base_output/base/cis_nominal1.cis_qtl_pairs.17.tsv,196114763,63455932,8,167410873696,3059224724
dMean__T_0_r_all/OPTIM_pcs/base_output/base/Cis_eqtls_qval.tsv,2174972,904834,8,167474329760,4270339395
dMean__T_0_r_all/OPTIM_pcs/base_output/base/cis_nominal1.cis_qtl_pairs.5.tsv,159811368,51042145,8,167475234711,2836626456
dMean__T_0_r_all/OPTIM_pcs/base_output/base/cis_nominal1.cis_qtl_pairs.9.tsv,135757103,43977224,8,167526276987,440858376
dMean__T_0_r_all/OPTIM_pcs/base_output/base/cis_nominal1.cis_qtl_pairs.19.tsv,277765923,89791031,8,167570254342,3645229264
dMean__T_0_r_all/OPTIM_pcs/base_output/base/cis_nominal1.cis_qtl_pairs.10.tsv,139919793,44319002,8,167660045505,3377765005
dMean__T_0_r_all/OPTIM_pcs/base_output/base/cis_nominal1.cis_qtl_pairs.8.tsv,118219332,37962014,8,167704364639,3936559851
dMean__T_0_r_all/OPTIM_pcs/base_output/base/cis_nominal1.cis_qtl_pairs.14.tsv,130301416,41678372,8,167742326784,1191378984
dMean__T_0_r_all/OPTIM_pcs/base_output/base/cis_nominal1.cis_qtl_pairs.1.tsv,313311675,100112918,8,167784005288,1166642867
dMean__T_0_r_all/OPTIM_pcs/base_output/base/cis_nominal1.cis_qtl_pairs.20.tsv,99362983,32133221,8,167884118337,4065805195
dMean__T_0_r_all/OPTIM_pcs/base_output/base/Cis_eqtls_independent.tsv,4180,1959,8,167916251690,2150390970
dMean__T_0_r_all/OPTIM_pcs/base_output/base/cis_nominal1.cis_qtl_pairs.12.tsv,195107085,61593492,8,167916253773,2352837227
dMean__T_0_r_all/OPTIM_pcs/base_output/base/cis_nominal1.cis_qtl_pairs.18.tsv,58528626,18784906,8,167977847397,747005898
dMean__T_0_r_all/OPTIM_pcs/base_output/base/cis_nominal1.cis_qtl_pairs.13.tsv,71511771,22736095,8,167996632435,1718065408
dMean__Colonocyte_r_all/OPTIM_pcs/base_output/base/cis_nominal1.cis_qtl_pairs.3.tsv,410416568,135295519,8,168019368662,1715771769
dMean__Colonocyte_r_all/OPTIM_pcs/base_output/base/cis_nominal1.cis_qtl_pairs.15.tsv,253438543,84164698,8,168154664319,1728910765
dMean__Colonocyte_r_all/OPTIM_pcs/base_output/base/cis_nominal1.cis_qtl_pairs.16.tsv,361346369,121446375,8,168238829156,1486637932
dMean__Colonocyte_r_all/OPTIM_pcs/base_output/base/cis_nominal1.cis_qtl_pairs.4.tsv,314379151,103190770,8,168360275670,387677275
dMean__Colonocyte_r_all/OPTIM_pcs/base_output/base/cis_nominal1.cis_qtl_pairs.21.tsv,94988892,31515722,8,168463466578,2392063131
dMean__Colonocyte_r_all/OPTIM_pcs/base_output/base/cis_nominal1.cis_qtl_pairs.7.tsv,372100309,123645200,8,168494982439,1483129616
dMean__Colonocyte_r_all/OPTIM_pcs/base_output/base/cis_nominal1.cis_qtl_pairs.22.tsv,177963344,59180503,8,168618627777,2956448845
dMean__Colonocyte_r_all/OPTIM_pcs/base_output/base/cis_nominal1.cis_qtl_pairs.11.tsv,414264929,136377619,8,168677808419,2783898447
dMean__Colonocyte_r_all/OPTIM_pcs/base_output/base/cis_nominal1.cis_qtl_pairs.6.tsv,519803197,163074677,8,168814186177,2132104876
dMean__Colonocyte_r_all/OPTIM_pcs/base_output/base/cis_nominal1.cis_qtl_pairs.2.tsv,503310723,166804198,8,168977260992,2404116357
dMean__Colonocyte_r_all/OPTIM_pcs/base_output/base/cis_nominal1.cis_qtl_pairs.17.tsv,447094575,148679022,8,169144065328,3725283946
dMean__Colonocyte_r_all/OPTIM_pcs/base_output/base/Cis_eqtls_qval.tsv,4730379,2038814,8,169292744489,1406111520
dMean__Colonocyte_r_all/OPTIM_pcs/base_output/base/cis_nominal1.cis_qtl_pairs.5.tsv,350938045,115901602,8,169294783427,3235781694
dMean__Colonocyte_r_all/OPTIM_pcs/base_output/base/cis_nominal1.cis_qtl_pairs.9.tsv,290319525,97060419,8,169410685167,2190026116
dMean__Colonocyte_r_all/OPTIM_pcs/base_output/base/cis_nominal1.cis_qtl_pairs.19.tsv,592079135,197057079,8,169507745724,1610707209
dMean__Colonocyte_r_all/OPTIM_pcs/base_output/base/cis_nominal1.cis_qtl_pairs.10.tsv,300612409,98233320,8,169704802942,3619979796
dMean__Colonocyte_r_all/OPTIM_pcs/base_output/base/cis_nominal1.cis_qtl_pairs.8.tsv,284992417,94649853,8,169803036401,2558244319
dMean__Colonocyte_r_all/OPTIM_pcs/base_output/base/cis_nominal1.cis_qtl_pairs.14.tsv,275963787,91031085,8,169897686392,982880863
dMean__Colonocyte_r_all/OPTIM_pcs/base_output/base/cis_nominal1.cis_qtl_pairs.1.tsv,678088359,224111562,8,169988717616,2402967592
dMean__Colonocyte_r_all/OPTIM_pcs/base_output/base/cis_nominal1.cis_qtl_pairs.20.tsv,202415083,67285883,8,170212829316,2925598743
dMean__Colonocyte_r_all/OPTIM_pcs/base_output/base/Cis_eqtls_independent.tsv,2815406,1148723,8,170280115338,3323861577
dMean__Colonocyte_r_all/OPTIM_pcs/base_output/base/cis_nominal1.cis_qtl_pairs.12.tsv,414518822,135732256,8,170281264192,4214824048
dMean__Colonocyte_r_all/OPTIM_pcs/base_output/base/cis_nominal1.cis_qtl_pairs.18.tsv,146694724,48563969,8,170416996587,26665630
dMean__Colonocyte_r_all/OPTIM_pcs/base_output/base/cis_nominal1.cis_qtl_pairs.13.tsv,145521010,47867584,8,170465560695,2319332127
dMean__Mesenchymal_7_ct_all/OPTIM_pcs/base_output/base/cis_nominal1.cis_qtl_pairs.3.tsv,209245182,64551125,8,170513428418,2888555898
dMean__Mesenchymal_7_ct_all/OPTIM_pcs/base_output/base/cis_nominal1.cis_qtl_pairs.15.tsv,109379376,34327231,8,170577979685,1138924849
dMean__Mesenchymal_7_ct_all/OPTIM_pcs/base_output/base/cis_nominal1.cis_qtl_pairs.16.tsv,144183684,46241985,8,170612307059,182819520
dMean__Mesenchymal_7_ct_all/OPTIM_pcs/base_output/base/cis_nominal1.cis_qtl_pairs.4.tsv,158243449,48552081,8,170658549187,3496899533
dMean__Mesenchymal_7_ct_all/OPTIM_pcs/base_output/base/cis_nominal1.cis_qtl_pairs.21.tsv,38867303,12222185,8,170707101410,1430122284
dMean__Mesenchymal_7_ct_all/OPTIM_pcs/base_output/base/cis_nominal1.cis_qtl_pairs.7.tsv,176088256,54873867,8,170719323738,809610406
dMean__Mesenchymal_7_ct_all/OPTIM_pcs/base_output/base/cis_nominal1.cis_qtl_pairs.22.tsv,69838968,22041852,8,170774197747,2570166223
dMean__Mesenchymal_7_ct_all/OPTIM_pcs/base_output/base/cis_nominal1.cis_qtl_pairs.11.tsv,205386767,63390514,8,170796239742,1076591158
dMean__Mesenchymal_7_ct_all/OPTIM_pcs/base_output/base/cis_nominal1.cis_qtl_pairs.6.tsv,251785465,71221544,8,170859630399,128975239
dMean__Mesenchymal_7_ct_all/OPTIM_pcs/base_output/base/cis_nominal1.cis_qtl_pairs.2.tsv,251994799,78746170,8,170930852085,537860675
dMean__Mesenchymal_7_ct_all/OPTIM_pcs/base_output/base/cis_nominal1.cis_qtl_pairs.17.tsv,192875451,60708291,8,171009598397,1977816254
dMean__Mesenchymal_7_ct_all/OPTIM_pcs/base_output/base/Cis_eqtls_qval.tsv,2247520,929269,8,171070306831,6531466
dMean__Mesenchymal_7_ct_all/OPTIM_pcs/base_output/base/cis_nominal1.cis_qtl_pairs.5.tsv,164440962,51033132,8,171071236228,495612825
dMean__Mesenchymal_7_ct_all/OPTIM_pcs/base_output/base/cis_nominal1.cis_qtl_pairs.9.tsv,155399234,48959946,8,171122269502,516690479
dMean__Mesenchymal_7_ct_all/OPTIM_pcs/base_output/base/cis_nominal1.cis_qtl_pairs.19.tsv,258926748,81716045,8,171171229590,1925986236
dMean__Mesenchymal_7_ct_all/OPTIM_pcs/base_output/base/cis_nominal1.cis_qtl_pairs.10.tsv,154275866,47247956,8,171252945778,340299037
dMean__Mesenchymal_7_ct_all/OPTIM_pcs/base_output/base/cis_nominal1.cis_qtl_pairs.8.tsv,127567446,39919641,8,171300193877,3008351384
dMean__Mesenchymal_7_ct_all/OPTIM_pcs/base_output/base/cis_nominal1.cis_qtl_pairs.14.tsv,130946403,40768854,8,171340113660,3721927768
dMean__Mesenchymal_7_ct_all/OPTIM_pcs/base_output/base/cis_nominal1.cis_qtl_pairs.1.tsv,323796934,100227428,8,171380882657,572107277
dMean__Mesenchymal_7_ct_all/OPTIM_pcs/base_output/base/cis_nominal1.cis_qtl_pairs.20.tsv,95946447,30049240,8,171481110227,4278122219
dMean__Mesenchymal_7_ct_all/OPTIM_pcs/base_output/base/Cis_eqtls_independent.tsv,602,354,8,171511159610,664309945
dMean__Mesenchymal_7_ct_all/OPTIM_pcs/base_output/base/cis_nominal1.cis_qtl_pairs.12.tsv,197015750,60559155,8,171511160099,2564496626
dMean__Mesenchymal_7_ct_all/OPTIM_pcs/base_output/base/cis_nominal1.cis_qtl_pairs.18.tsv,59149728,18475281,8,171571719397,4200666306
dMean__Mesenchymal_7_ct_all/OPTIM_pcs/base_output/base/cis_nominal1.cis_qtl_pairs.13.tsv,76845703,23724027,8,171590194821,2520119544
dMean__Mesenchymal_r_all/OPTIM_pcs/base_output/base/cis_nominal1.cis_qtl_pairs.3.tsv,259873508,85208346,8,171613918991,3021917950
dMean__Mesenchymal_r_all/OPTIM_pcs/base_output/base/cis_nominal1.cis_qtl_pairs.15.tsv,143759983,47460263,8,171699127476,654914171
dMean__Mesenchymal_r_all/OPTIM_pcs/base_output/base/cis_nominal1.cis_qtl_pairs.16.tsv,189971654,63685260,8,171746587879,2376574313
dMean__Mesenchymal_r_all/OPTIM_pcs/base_output/base/cis_nominal1.cis_qtl_pairs.4.tsv,201519176,65802551,8,171810273279,3228562122
dMean__Mesenchymal_r_all/OPTIM_pcs/base_output/base/cis_nominal1.cis_qtl_pairs.21.tsv,50620828,16725410,8,171876075969,2901135290
dMean__Mesenchymal_r_all/OPTIM_pcs/base_output/base/cis_nominal1.cis_qtl_pairs.7.tsv,235567096,77797058,8,171892801519,4042344055
dMean__Mesenchymal_r_all/OPTIM_pcs/base_output/base/cis_nominal1.cis_qtl_pairs.22.tsv,100838269,33376382,8,171970598716,2742501205
dMean__Mesenchymal_r_all/OPTIM_pcs/base_output/base/cis_nominal1.cis_qtl_pairs.11.tsv,263722882,86283132,8,172003975238,3065494227
dMean__Mesenchymal_r_all/OPTIM_pcs/base_output/base/cis_nominal1.cis_qtl_pairs.6.tsv,327691549,100872502,8,172090258510,3351700957
dMean__Mesenchymal_r_all/OPTIM_pcs/base_output/base/cis_nominal1.cis_qtl_pairs.2.tsv,299980931,98901172,8,172191131151,548469526
dMean__Mesenchymal_r_all/OPTIM_pcs/base_output/base/cis_nominal1.cis_qtl_pairs.17.tsv,250397190,82879384,8,172290032462,3605071849
dMean__Mesenchymal_r_all/OPTIM_pcs/base_output/base/Cis_eqtls_qval.tsv,2812055,1173195,8,172372911986,2325117102
dMean__Mesenchymal_r_all/OPTIM_pcs/base_output/base/cis_nominal1.cis_qtl_pairs.5.tsv,214784366,70544216,8,172374085306,647330172
dMean__Mesenchymal_r_all/OPTIM_pcs/base_output/base/cis_nominal1.cis_qtl_pairs.9.tsv,192170446,63896354,8,172444629661,67472592
dMean__Mesenchymal_r_all/OPTIM_pcs/base_output/base/cis_nominal1.cis_qtl_pairs.19.tsv,331773143,109840739,8,172508526154,427643888
dMean__Mesenchymal_r_all/OPTIM_pcs/base_output/base/cis_nominal1.cis_qtl_pairs.10.tsv,191749327,62331455,8,172618367033,3346362734
dMean__Mesenchymal_r_all/OPTIM_pcs/base_output/base/cis_nominal1.cis_qtl_pairs.8.tsv,165183272,54504878,8,172680698628,3207088825
dMean__Mesenchymal_r_all/OPTIM_pcs/base_output/base/cis_nominal1.cis_qtl_pairs.14.tsv,168495751,55265419,8,172735203645,4267660580
dMean__Mesenchymal_r_all/OPTIM_pcs/base_output/base/cis_nominal1.cis_qtl_pairs.1.tsv,402733136,132166288,8,172790469204,3655710416
dMean__Mesenchymal_r_all/OPTIM_pcs/base_output/base/cis_nominal1.cis_qtl_pairs.20.tsv,123187490,40740547,8,172922635631,3960421520
dMean__Mesenchymal_r_all/OPTIM_pcs/base_output/base/Cis_eqtls_independent.tsv,12860,5726,8,172963376318,3216877479
dMean__Mesenchymal_r_all/OPTIM_pcs/base_output/base/cis_nominal1.cis_qtl_pairs.12.tsv,246716099,80254322,8,172963382176,3119649841
dMean__Mesenchymal_r_all/OPTIM_pcs/base_output/base/cis_nominal1.cis_qtl_pairs.18.tsv,75923620,24995290,8,173043636638,2825900383
dMean__Mesenchymal_r_all/OPTIM_pcs/base_output/base/cis_nominal1.cis_qtl_pairs.13.tsv,92013745,30062491,8,173068632068,309885722
dMean__Colonocyte_ti_all/OPTIM_pcs/base_output/base/cis_nominal1.cis_qtl_pairs.3.tsv,305111429,95802831,8,173098694699,1371322364
dMean__Colonocyte_ti_all/OPTIM_pcs/base_output/base/cis_nominal1.cis_qtl_pairs.15.tsv,175104455,55827891,8,173194497669,197194502
dMean__Colonocyte_ti_all/OPTIM_pcs/base_output/base/cis_nominal1.cis_qtl_pairs.16.tsv,254101785,82171036,8,173250325700,2831331033
dMean__Colonocyte_ti_all/OPTIM_pcs/base_output/base/cis_nominal1.cis_qtl_pairs.4.tsv,229266007,71344372,8,173332496876,2225187891
dMean__Colonocyte_ti_all/OPTIM_pcs/base_output/base/cis_nominal1.cis_qtl_pairs.21.tsv,63210546,20291621,8,173403841387,1141992627
dMean__Colonocyte_ti_all/OPTIM_pcs/base_output/base/cis_nominal1.cis_qtl_pairs.7.tsv,272765739,86573108,8,173424133148,1447082461
dMean__Colonocyte_ti_all/OPTIM_pcs/base_output/base/cis_nominal1.cis_qtl_pairs.22.tsv,125102572,40036164,8,173510706395,3105470749
dMean__Colonocyte_ti_all/OPTIM_pcs/base_output/base/cis_nominal1.cis_qtl_pairs.11.tsv,303159440,95059324,8,173550742699,1728460784
dMean__Colonocyte_ti_all/OPTIM_pcs/base_output/base/cis_nominal1.cis_qtl_pairs.6.tsv,398564348,114794855,8,173645802163,2551727184
dMean__Colonocyte_ti_all/OPTIM_pcs/base_output/base/cis_nominal1.cis_qtl_pairs.2.tsv,356293080,112916106,8,173760597157,2803078984
dMean__Colonocyte_ti_all/OPTIM_pcs/base_output/base/cis_nominal1.cis_qtl_pairs.17.tsv,311672685,99768747,8,173873513402,2809251989
dMean__Colonocyte_ti_all/OPTIM_pcs/base_output/base/Cis_eqtls_qval.tsv,3380884,1425341,8,173973282289,1656447292
dMean__Colonocyte_ti_all/OPTIM_pcs/base_output/base/cis_nominal1.cis_qtl_pairs.5.tsv,245861535,77548693,8,173974707755,515644394
dMean__Colonocyte_ti_all/OPTIM_pcs/base_output/base/cis_nominal1.cis_qtl_pairs.9.tsv,221570659,70858649,8,174052256587,2444905571
dMean__Colonocyte_ti_all/OPTIM_pcs/base_output/base/cis_nominal1.cis_qtl_pairs.19.tsv,418586485,133881685,8,174123115375,684388796
dMean__Colonocyte_ti_all/OPTIM_pcs/base_output/base/cis_nominal1.cis_qtl_pairs.10.tsv,228113433,70896824,8,174256997200,1047813653
dMean__Colonocyte_ti_all/OPTIM_pcs/base_output/base/cis_nominal1.cis_qtl_pairs.8.tsv,194270060,61713516,8,174327894164,20717167
dMean__Colonocyte_ti_all/OPTIM_pcs/base_output/base/cis_nominal1.cis_qtl_pairs.14.tsv,205045868,64757626,8,174389607819,3675856463
dMean__Colonocyte_ti_all/OPTIM_pcs/base_output/base/cis_nominal1.cis_qtl_pairs.1.tsv,492717898,155313825,8,174454365585,3336004761
dMean__Colonocyte_ti_all/OPTIM_pcs/base_output/base/cis_nominal1.cis_qtl_pairs.20.tsv,144126739,45958565,8,174609679549,1895342414
dMean__Colonocyte_ti_all/OPTIM_pcs/base_output/base/Cis_eqtls_independent.tsv,3762,1759,8,174655638254,2431740174
dMean__Colonocyte_ti_all/OPTIM_pcs/base_output/base/cis_nominal1.cis_qtl_pairs.12.tsv,284077941,88797900,8,174655640145,680089192
dMean__Colonocyte_ti_all/OPTIM_pcs/base_output/base/cis_nominal1.cis_qtl_pairs.18.tsv,90687699,28734311,8,174744438185,1551802061
dMean__Colonocyte_ti_all/OPTIM_pcs/base_output/base/cis_nominal1.cis_qtl_pairs.13.tsv,101135403,31769471,8,174773172636,4055087405
dMean__Myeloid_ct_all/OPTIM_pcs/base_output/base/cis_nominal1.cis_qtl_pairs.3.tsv,358574272,119497482,8,174804942247,4171496482
dMean__Myeloid_ct_all/OPTIM_pcs/base_output/base/cis_nominal1.cis_qtl_pairs.15.tsv,207154129,69448852,8,174924439865,1928540486
dMean__Myeloid_ct_all/OPTIM_pcs/base_output/base/cis_nominal1.cis_qtl_pairs.16.tsv,305497626,103634061,8,174993888854,3971800169
dMean__Myeloid_ct_all/OPTIM_pcs/base_output/base/cis_nominal1.cis_qtl_pairs.4.tsv,267192788,88948649,8,175097523052,578046795
dMean__Myeloid_ct_all/OPTIM_pcs/base_output/base/cis_nominal1.cis_qtl_pairs.21.tsv,83389643,28009688,8,175186471837,1266982107
dMean__Myeloid_ct_all/OPTIM_pcs/base_output/base/cis_nominal1.cis_qtl_pairs.7.tsv,317655474,106669071,8,175214481662,2336306262
dMean__Myeloid_ct_all/OPTIM_pcs/base_output/base/cis_nominal1.cis_qtl_pairs.22.tsv,159207283,53496121,8,175321150869,2474783585
dMean__Myeloid_ct_all/OPTIM_pcs/base_output/base/cis_nominal1.cis_qtl_pairs.11.tsv,358443905,119245534,8,175374647127,3287454943
dMean__Myeloid_ct_all/OPTIM_pcs/base_output/base/cis_nominal1.cis_qtl_pairs.6.tsv,468391463,149006782,8,175493892798,2564691251
dMean__Myeloid_ct_all/OPTIM_pcs/base_output/base/cis_nominal1.cis_qtl_pairs.2.tsv,429282359,143863732,8,175642899716,3936266673
dMean__Myeloid_ct_all/OPTIM_pcs/base_output/base/cis_nominal1.cis_qtl_pairs.17.tsv,385556416,129492306,8,175786763584,4292275620
dMean__Myeloid_ct_all/OPTIM_pcs/base_output/base/Cis_eqtls_qval.tsv,4052956,1746184,8,175916256027,162284530
dMean__Myeloid_ct_all/OPTIM_pcs/base_output/base/cis_nominal1.cis_qtl_pairs.5.tsv,291266665,97273438,8,175918002333,18628529
dMean__Myeloid_ct_all/OPTIM_pcs/base_output/base/cis_nominal1.cis_qtl_pairs.9.tsv,249076192,84020302,8,176015275907,3322264931
dMean__Myeloid_ct_all/OPTIM_pcs/base_output/base/cis_nominal1.cis_qtl_pairs.19.tsv,542963939,182616793,8,176099296345,830225465
dMean__Myeloid_ct_all/OPTIM_pcs/base_output/base/cis_nominal1.cis_qtl_pairs.10.tsv,269937285,89360992,8,176281913275,29809013
dMean__Myeloid_ct_all/OPTIM_pcs/base_output/base/cis_nominal1.cis_qtl_pairs.8.tsv,240649427,80825382,8,176371274404,2005406895
dMean__Myeloid_ct_all/OPTIM_pcs/base_output/base/cis_nominal1.cis_qtl_pairs.14.tsv,239636153,79935928,8,176452099922,2554123907
dMean__Myeloid_ct_all/OPTIM_pcs/base_output/base/cis_nominal1.cis_qtl_pairs.1.tsv,599951037,200279741,8,176532035987,1711635803
dMean__Myeloid_ct_all/OPTIM_pcs/base_output/base/cis_nominal1.cis_qtl_pairs.20.tsv,168607180,56591387,8,176732315864,1132718866
dMean__Myeloid_ct_all/OPTIM_pcs/base_output/base/Cis_eqtls_independent.tsv,432680,177737,8,176788907388,1459342400
dMean__Myeloid_ct_all/OPTIM_pcs/base_output/base/cis_nominal1.cis_qtl_pairs.12.tsv,372555576,123430122,8,176789085254,3890977310
dMean__Myeloid_ct_all/OPTIM_pcs/base_output/base/cis_nominal1.cis_qtl_pairs.18.tsv,113957678,38184046,8,176912515513,4016212989
dMean__Myeloid_ct_all/OPTIM_pcs/base_output/base/cis_nominal1.cis_qtl_pairs.13.tsv,120443512,40055758,8,176950699696,2069864525
dMean__Mesenchymal_ct_all/OPTIM_pcs/base_output/base/cis_nominal1.cis_qtl_pairs.3.tsv,289584345,96545597,8,176990755591,2014828921
dMean__Mesenchymal_ct_all/OPTIM_pcs/base_output/base/cis_nominal1.cis_qtl_pairs.15.tsv,160780592,53848219,8,177087301328,1888935979
dMean__Mesenchymal_ct_all/OPTIM_pcs/base_output/base/cis_nominal1.cis_qtl_pairs.16.tsv,220682978,74877196,8,177141149688,3391265362
dMean__Mesenchymal_ct_all/OPTIM_pcs/base_output/base/cis_nominal1.cis_qtl_pairs.4.tsv,229883628,76480077,8,177216027025,635973740
dMean__Mesenchymal_ct_all/OPTIM_pcs/base_output/base/cis_nominal1.cis_qtl_pairs.21.tsv,62012834,20805331,8,177292507242,3901963081
dMean__Mesenchymal_ct_all/OPTIM_pcs/base_output/base/cis_nominal1.cis_qtl_pairs.7.tsv,265480039,89107685,8,177313312714,1033297051
dMean__Mesenchymal_ct_all/OPTIM_pcs/base_output/base/cis_nominal1.cis_qtl_pairs.22.tsv,113876974,38242066,8,177402420539,3912567707
dMean__Mesenchymal_ct_all/OPTIM_pcs/base_output/base/cis_nominal1.cis_qtl_pairs.11.tsv,297568948,98941432,8,177440662746,43089996
dMean__Mesenchymal_ct_all/OPTIM_pcs/base_output/base/cis_nominal1.cis_qtl_pairs.6.tsv,369959577,117602547,8,177539604319,3182232487
dMean__Mesenchymal_ct_all/OPTIM_pcs/base_output/base/cis_nominal1.cis_qtl_pairs.2.tsv,342232034,114602116,8,177657207006,2054612526
dMean__Mesenchymal_ct_all/OPTIM_pcs/base_output/base/cis_nominal1.cis_qtl_pairs.17.tsv,288159752,96725563,8,177771809262,2043389257
dMean__Mesenchymal_ct_all/OPTIM_pcs/base_output/base/Cis_eqtls_qval.tsv,3187545,1361877,8,177868534966,456460456
dMean__Mesenchymal_ct_all/OPTIM_pcs/base_output/base/cis_nominal1.cis_qtl_pairs.5.tsv,249682999,83403069,8,177869896969,1576114069
dMean__Mesenchymal_ct_all/OPTIM_pcs/base_output/base/cis_nominal1.cis_qtl_pairs.9.tsv,217424070,73315045,8,177953300178,1603876761
dMean__Mesenchymal_ct_all/OPTIM_pcs/base_output/base/cis_nominal1.cis_qtl_pairs.19.tsv,385181992,129387547,8,178026615363,3562543262
dMean__Mesenchymal_ct_all/OPTIM_pcs/base_output/base/cis_nominal1.cis_qtl_pairs.10.tsv,216612103,71643598,8,178156003051,4052833335
dMean__Mesenchymal_ct_all/OPTIM_pcs/base_output/base/cis_nominal1.cis_qtl_pairs.8.tsv,197866413,66434994,8,178227646790,749752678
dMean__Mesenchymal_ct_all/OPTIM_pcs/base_output/base/cis_nominal1.cis_qtl_pairs.14.tsv,192530339,64215459,8,178294081924,3987684225
dMean__Mesenchymal_ct_all/OPTIM_pcs/base_output/base/cis_nominal1.cis_qtl_pairs.1.tsv,458242373,152906066,8,178358297524,2208733583
dMean__Mesenchymal_ct_all/OPTIM_pcs/base_output/base/cis_nominal1.cis_qtl_pairs.20.tsv,135697861,45497753,8,178511203730,48853093
dMean__Mesenchymal_ct_all/OPTIM_pcs/base_output/base/Cis_eqtls_independent.tsv,60740,25751,8,178556701624,3152837980
dMean__Mesenchymal_ct_all/OPTIM_pcs/base_output/base/cis_nominal1.cis_qtl_pairs.12.tsv,282760549,93586194,8,178556727508,2261275288
dMean__Mesenchymal_ct_all/OPTIM_pcs/base_output/base/cis_nominal1.cis_qtl_pairs.18.tsv,85611660,28661240,8,178650313843,957031812
dMean__Mesenchymal_ct_all/OPTIM_pcs/base_output/base/cis_nominal1.cis_qtl_pairs.13.tsv,99371148,33021788,8,178678975224,21161465
dMean__Epithelial_31_ct_all/OPTIM_pcs/base_output/base/cis_nominal1.cis_qtl_pairs.3.tsv,264615173,86638557,8,178711997153,2096526607
dMean__Epithelial_31_ct_all/OPTIM_pcs/base_output/base/cis_nominal1.cis_qtl_pairs.15.tsv,148339567,48978268,8,178798635852,4201611995
dMean__Epithelial_31_ct_all/OPTIM_pcs/base_output/base/cis_nominal1.cis_qtl_pairs.16.tsv,206730760,69170004,8,178847614263,3770860920
dMean__Epithelial_31_ct_all/OPTIM_pcs/base_output/base/cis_nominal1.cis_qtl_pairs.4.tsv,199690351,65083774,8,178916784410,463412799
dMean__Epithelial_31_ct_all/OPTIM_pcs/base_output/base/cis_nominal1.cis_qtl_pairs.21.tsv,53977899,17840916,8,178981868326,2302378898
dMean__Epithelial_31_ct_all/OPTIM_pcs/base_output/base/cis_nominal1.cis_qtl_pairs.7.tsv,237975702,78668736,8,178999709385,4099600675
dMean__Epithelial_31_ct_all/OPTIM_pcs/base_output/base/cis_nominal1.cis_qtl_pairs.22.tsv,106789307,35321752,8,179078378263,200986878
dMean__Epithelial_31_ct_all/OPTIM_pcs/base_output/base/cis_nominal1.cis_qtl_pairs.11.tsv,266368527,87108321,8,179113700158,3235709565
dMean__Epithelial_31_ct_all/OPTIM_pcs/base_output/base/cis_nominal1.cis_qtl_pairs.6.tsv,328765298,101618892,8,179200808622,3416450770
dMean__Epithelial_31_ct_all/OPTIM_pcs/base_output/base/cis_nominal1.cis_qtl_pairs.2.tsv,306313592,100916659,8,179302427656,2182645341
dMean__Epithelial_31_ct_all/OPTIM_pcs/base_output/base/cis_nominal1.cis_qtl_pairs.17.tsv,261713479,86627022,8,179403344457,842731824
dMean__Epithelial_31_ct_all/OPTIM_pcs/base_output/base/Cis_eqtls_qval.tsv,2892509,1226051,8,179489971622,4195208630
dMean__Epithelial_31_ct_all/OPTIM_pcs/base_output/base/cis_nominal1.cis_qtl_pairs.5.tsv,213654557,70087315,8,179491197801,3797725153
dMean__Epithelial_31_ct_all/OPTIM_pcs/base_output/base/cis_nominal1.cis_qtl_pairs.9.tsv,195192952,64806704,8,179561285258,3108794995
dMean__Epithelial_31_ct_all/OPTIM_pcs/base_output/base/cis_nominal1.cis_qtl_pairs.19.tsv,348521056,115588440,8,179626092104,2395159357
dMean__Epithelial_31_ct_all/OPTIM_pcs/base_output/base/cis_nominal1.cis_qtl_pairs.10.tsv,189242798,61426875,8,179741680687,869408422
dMean__Epithelial_31_ct_all/OPTIM_pcs/base_output/base/cis_nominal1.cis_qtl_pairs.8.tsv,167363857,55263333,8,179803107705,3462779742
dMean__Epithelial_31_ct_all/OPTIM_pcs/base_output/base/cis_nominal1.cis_qtl_pairs.14.tsv,172890440,56705249,8,179858371180,2440154687
dMean__Epithelial_31_ct_all/OPTIM_pcs/base_output/base/cis_nominal1.cis_qtl_pairs.1.tsv,431064644,141486726,8,179915076572,3551854689
dMean__Epithelial_31_ct_all/OPTIM_pcs/base_output/base/cis_nominal1.cis_qtl_pairs.20.tsv,130729489,43230924,8,180056563440,1639402131
dMean__Epithelial_31_ct_all/OPTIM_pcs/base_output/base/Cis_eqtls_independent.tsv,34079,14680,8,180099794507,828320093
dMean__Epithelial_31_ct_all/OPTIM_pcs/base_output/base/cis_nominal1.cis_qtl_pairs.12.tsv,249267808,81129408,8,180099809322,1813906369
dMean__Epithelial_31_ct_all/OPTIM_pcs/base_output/base/cis_nominal1.cis_qtl_pairs.18.tsv,78104706,25699585,8,180180938873,4288956892
dMean__Epithelial_31_ct_all/OPTIM_pcs/base_output/base/cis_nominal1.cis_qtl_pairs.13.tsv,90983922,29723400,8,180206638601,2469867412
dMean__Epithelial_13_r_all/OPTIM_pcs/base_output/base/cis_nominal1.cis_qtl_pairs.3.tsv,322697414,106120876,8,180236362144,431923389
dMean__Epithelial_13_r_all/OPTIM_pcs/base_output/base/cis_nominal1.cis_qtl_pairs.15.tsv,186982948,61921092,8,180342483161,1790654613
dMean__Epithelial_13_r_all/OPTIM_pcs/base_output/base/cis_nominal1.cis_qtl_pairs.16.tsv,274136861,92018409,8,180404404395,3538911640
dMean__Epithelial_13_r_all/OPTIM_pcs/base_output/base/cis_nominal1.cis_qtl_pairs.4.tsv,242768790,79419196,8,180496422946,3647506540
dMean__Epithelial_13_r_all/OPTIM_pcs/base_output/base/cis_nominal1.cis_qtl_pairs.21.tsv,69250869,22928525,8,180575842283,2868773123
dMean__Epithelial_13_r_all/OPTIM_pcs/base_output/base/cis_nominal1.cis_qtl_pairs.7.tsv,289837380,96062024,8,180598770950,3079061522
dMean__Epithelial_13_r_all/OPTIM_pcs/base_output/base/cis_nominal1.cis_qtl_pairs.22.tsv,127294924,42226851,8,180694833115,4205570517
dMean__Epithelial_13_r_all/OPTIM_pcs/base_output/base/cis_nominal1.cis_qtl_pairs.11.tsv,322270564,105850998,8,180737060108,1946427730
dMean__Epithelial_13_r_all/OPTIM_pcs/base_output/base/cis_nominal1.cis_qtl_pairs.6.tsv,410223380,127460754,8,180842911248,916914510
dMean__Epithelial_13_r_all/OPTIM_pcs/base_output/base/cis_nominal1.cis_qtl_pairs.2.tsv,385800096,127445109,8,180970372143,56534888
dMean__Epithelial_13_r_all/OPTIM_pcs/base_output/base/cis_nominal1.cis_qtl_pairs.17.tsv,326516786,108363669,8,181097817393,3660096092
dMean__Epithelial_13_r_all/OPTIM_pcs/base_output/base/Cis_eqtls_qval.tsv,3613623,1559333,8,181206181204,3039912374
dMean__Epithelial_13_r_all/OPTIM_pcs/base_output/base/cis_nominal1.cis_qtl_pairs.5.tsv,262660200,86501389,8,181207740664,2085663429
dMean__Epithelial_13_r_all/OPTIM_pcs/base_output/base/cis_nominal1.cis_qtl_pairs.9.tsv,243598779,81231945,8,181294242194,1570635758
dMean__Epithelial_13_r_all/OPTIM_pcs/base_output/base/cis_nominal1.cis_qtl_pairs.19.tsv,455179083,151150046,8,181375474280,2014720127
dMean__Epithelial_13_r_all/OPTIM_pcs/base_output/base/cis_nominal1.cis_qtl_pairs.10.tsv,233141424,75970430,8,181526624468,3071744728
dMean__Epithelial_13_r_all/OPTIM_pcs/base_output/base/cis_nominal1.cis_qtl_pairs.8.tsv,210298098,69706172,8,181602595040,2261615846
dMean__Epithelial_13_r_all/OPTIM_pcs/base_output/base/cis_nominal1.cis_qtl_pairs.14.tsv,221336820,72848839,8,181672301353,872976978
dMean__Epithelial_13_r_all/OPTIM_pcs/base_output/base/cis_nominal1.cis_qtl_pairs.1.tsv,527802348,174007056,8,181745150334,123105671
dMean__Epithelial_13_r_all/OPTIM_pcs/base_output/base/cis_nominal1.cis_qtl_pairs.20.tsv,156042576,51746518,8,181919157531,3650730482
dMean__Epithelial_13_r_all/OPTIM_pcs/base_output/base/Cis_eqtls_independent.tsv,629058,257817,8,181970904191,499074099
dMean__Epithelial_13_r_all/OPTIM_pcs/base_output/base/cis_nominal1.cis_qtl_pairs.12.tsv,297631308,97187845,8,181971162142,3649781839
dMean__Epithelial_13_r_all/OPTIM_pcs/base_output/base/cis_nominal1.cis_qtl_pairs.18.tsv,99227661,32775250,8,182068350129,2923697390
dMean__Epithelial_13_r_all/OPTIM_pcs/base_output/base/cis_nominal1.cis_qtl_pairs.13.tsv,111123637,36440061,8,182101125521,3040761515
dMean__T_16_ti_all/OPTIM_pcs/base_output/base/cis_nominal1.cis_qtl_pairs.3.tsv,220627018,72654955,8,182137565724,2641899147
dMean__T_16_ti_all/OPTIM_pcs/base_output/base/cis_nominal1.cis_qtl_pairs.15.tsv,114815897,38026442,8,182210220812,1804130719
dMean__T_16_ti_all/OPTIM_pcs/base_output/base/cis_nominal1.cis_qtl_pairs.16.tsv,172511766,57913851,8,182248247388,4093101873
dMean__T_16_ti_all/OPTIM_pcs/base_output/base/cis_nominal1.cis_qtl_pairs.4.tsv,159819646,52544372,8,182306161373,3471162557
dMean__T_16_ti_all/OPTIM_pcs/base_output/base/cis_nominal1.cis_qtl_pairs.21.tsv,48001301,15927445,8,182358705878,803017388
dMean__T_16_ti_all/OPTIM_pcs/base_output/base/cis_nominal1.cis_qtl_pairs.7.tsv,191993307,63670005,8,182374633457,2537342934
dMean__T_16_ti_all/OPTIM_pcs/base_output/base/cis_nominal1.cis_qtl_pairs.22.tsv,96550298,32080523,8,182438303595,758116956
dMean__T_16_ti_all/OPTIM_pcs/base_output/base/cis_nominal1.cis_qtl_pairs.11.tsv,207875305,68203730,8,182470384252,125056529
dMean__T_16_ti_all/OPTIM_pcs/base_output/base/cis_nominal1.cis_qtl_pairs.6.tsv,299637808,92649435,8,182538588116,1149075931
dMean__T_16_ti_all/OPTIM_pcs/base_output/base/cis_nominal1.cis_qtl_pairs.2.tsv,265798946,88069566,8,182631237684,818214316
dMean__T_16_ti_all/OPTIM_pcs/base_output/base/cis_nominal1.cis_qtl_pairs.17.tsv,225657832,74853223,8,182719307383,3873562489
dMean__T_16_ti_all/OPTIM_pcs/base_output/base/Cis_eqtls_qval.tsv,2441213,1038786,8,182794160740,2946807915
dMean__T_16_ti_all/OPTIM_pcs/base_output/base/cis_nominal1.cis_qtl_pairs.5.tsv,177919925,58680721,8,182795199645,2748330427
dMean__T_16_ti_all/OPTIM_pcs/base_output/base/cis_nominal1.cis_qtl_pairs.9.tsv,150015396,50045946,8,182853880499,2760998333
dMean__T_16_ti_all/OPTIM_pcs/base_output/base/cis_nominal1.cis_qtl_pairs.19.tsv,315544050,104942509,8,182903926578,1297830630
dMean__T_16_ti_all/OPTIM_pcs/base_output/base/cis_nominal1.cis_qtl_pairs.10.tsv,155791135,50877374,8,183008869221,320664588
dMean__T_16_ti_all/OPTIM_pcs/base_output/base/cis_nominal1.cis_qtl_pairs.8.tsv,133395413,44239099,8,183059746729,1531946059
dMean__T_16_ti_all/OPTIM_pcs/base_output/base/cis_nominal1.cis_qtl_pairs.14.tsv,148321570,48938051,8,183103985961,593263318
dMean__T_16_ti_all/OPTIM_pcs/base_output/base/cis_nominal1.cis_qtl_pairs.1.tsv,354393373,116736781,8,183152924146,154681209
dMean__T_16_ti_all/OPTIM_pcs/base_output/base/cis_nominal1.cis_qtl_pairs.20.tsv,113700506,37720230,8,183269661060,3661816999
dMean__T_16_ti_all/OPTIM_pcs/base_output/base/Cis_eqtls_independent.tsv,45687,19481,8,183307381424,2389270668
dMean__T_16_ti_all/OPTIM_pcs/base_output/base/cis_nominal1.cis_qtl_pairs.12.tsv,220765441,72153951,8,183307401031,3129635036
dMean__T_16_ti_all/OPTIM_pcs/base_output/base/cis_nominal1.cis_qtl_pairs.18.tsv,67469505,22329270,8,183379555116,4135413173
dMean__T_16_ti_all/OPTIM_pcs/base_output/base/cis_nominal1.cis_qtl_pairs.13.tsv,80078720,26282868,8,183401884520,2306378890
dMean__Epithelial_9_ct_all/OPTIM_pcs/base_output/base/cis_nominal1.cis_qtl_pairs.3.tsv,329120129,109059874,8,183428167522,2548481057
dMean__Epithelial_9_ct_all/OPTIM_pcs/base_output/base/cis_nominal1.cis_qtl_pairs.15.tsv,191611849,63899147,8,183537227537,1771914181
dMean__Epithelial_9_ct_all/OPTIM_pcs/base_output/base/cis_nominal1.cis_qtl_pairs.16.tsv,272384182,91960798,8,183601126826,1012285935
dMean__Epithelial_9_ct_all/OPTIM_pcs/base_output/base/cis_nominal1.cis_qtl_pairs.4.tsv,239567417,79091555,8,183693087766,2186225091
dMean__Epithelial_9_ct_all/OPTIM_pcs/base_output/base/cis_nominal1.cis_qtl_pairs.21.tsv,71073953,23745601,8,183772179462,4073715420
dMean__Epithelial_9_ct_all/OPTIM_pcs/base_output/base/cis_nominal1.cis_qtl_pairs.7.tsv,288271782,96241582,8,183795925205,4196053084
dMean__Epithelial_9_ct_all/OPTIM_pcs/base_output/base/cis_nominal1.cis_qtl_pairs.22.tsv,139296131,46528920,8,183892166928,144744076
dMean__Epithelial_9_ct_all/OPTIM_pcs/base_output/base/cis_nominal1.cis_qtl_pairs.11.tsv,322560502,106619519,8,183938695990,2139362227
dMean__Epithelial_9_ct_all/OPTIM_pcs/base_output/base/cis_nominal1.cis_qtl_pairs.6.tsv,413650981,129954765,8,184045315651,2162664726
dMean__Epithelial_9_ct_all/OPTIM_pcs/base_output/base/cis_nominal1.cis_qtl_pairs.2.tsv,379548962,126376466,8,184175270557,2116081327
dMean__Epithelial_9_ct_all/OPTIM_pcs/base_output/base/cis_nominal1.cis_qtl_pairs.17.tsv,339479644,113418381,8,184301647164,3015103425
dMean__Epithelial_9_ct_all/OPTIM_pcs/base_output/base/Cis_eqtls_qval.tsv,3631157,1568167,8,184415065687,3096790137
dMean__Epithelial_9_ct_all/OPTIM_pcs/base_output/base/cis_nominal1.cis_qtl_pairs.5.tsv,257568424,85526191,8,184416633981,2910776821
dMean__Epithelial_9_ct_all/OPTIM_pcs/base_output/base/cis_nominal1.cis_qtl_pairs.9.tsv,235990131,79213975,8,184502160313,2050552637
dMean__Epithelial_9_ct_all/OPTIM_pcs/base_output/base/cis_nominal1.cis_qtl_pairs.19.tsv,453493782,151641266,8,184581374429,2211115176
dMean__Epithelial_9_ct_all/OPTIM_pcs/base_output/base/cis_nominal1.cis_qtl_pairs.10.tsv,240433114,79051387,8,184733015837,348515498
dMean__Epithelial_9_ct_all/OPTIM_pcs/base_output/base/cis_nominal1.cis_qtl_pairs.8.tsv,208655974,69711878,8,184812067366,3896278719
dMean__Epithelial_9_ct_all/OPTIM_pcs/base_output/base/cis_nominal1.cis_qtl_pairs.14.tsv,213833246,70898450,8,184881779385,2556882011
dMean__Epithelial_9_ct_all/OPTIM_pcs/base_output/base/cis_nominal1.cis_qtl_pairs.1.tsv,540876753,179538354,8,184952677977,1526333409
dMean__Epithelial_9_ct_all/OPTIM_pcs/base_output/base/cis_nominal1.cis_qtl_pairs.20.tsv,156774177,52304846,8,185132216472,1243093747
dMean__Epithelial_9_ct_all/OPTIM_pcs/base_output/base/Cis_eqtls_independent.tsv,810409,332135,8,185184521460,304253219
dMean__Epithelial_9_ct_all/OPTIM_pcs/base_output/base/cis_nominal1.cis_qtl_pairs.12.tsv,306128844,100770185,8,185184853729,2048357706
dMean__Epithelial_9_ct_all/OPTIM_pcs/base_output/base/cis_nominal1.cis_qtl_pairs.18.tsv,100260275,33384810,8,185285624056,284084880
dMean__Epithelial_9_ct_all/OPTIM_pcs/base_output/base/cis_nominal1.cis_qtl_pairs.13.tsv,109318246,36139995,8,185319009008,2515906906
dMean__Plasma_r_all/OPTIM_pcs/base_output/base/cis_nominal1.cis_qtl_pairs.3.tsv,278564459,91391882,8,185355149145,711815806
dMean__Plasma_r_all/OPTIM_pcs/base_output/base/cis_nominal1.cis_qtl_pairs.15.tsv,149734173,49507813,8,185446541161,411746506
dMean__Plasma_r_all/OPTIM_pcs/base_output/base/cis_nominal1.cis_qtl_pairs.16.tsv,223166017,74951233,8,185496049109,2576865310
dMean__Plasma_r_all/OPTIM_pcs/base_output/base/cis_nominal1.cis_qtl_pairs.4.tsv,201797351,66154132,8,185571000477,1621851114
dMean__Plasma_r_all/OPTIM_pcs/base_output/base/cis_nominal1.cis_qtl_pairs.21.tsv,60614397,20101464,8,185637154743,2311236241
dMean__Plasma_r_all/OPTIM_pcs/base_output/base/cis_nominal1.cis_qtl_pairs.7.tsv,240760622,79586047,8,185657256342,652771734
dMean__Plasma_r_all/OPTIM_pcs/base_output/base/cis_nominal1.cis_qtl_pairs.22.tsv,124726109,41358847,8,185736842523,3927687730
dMean__Plasma_r_all/OPTIM_pcs/base_output/base/cis_nominal1.cis_qtl_pairs.11.tsv,259615507,85274268,8,185778201505,3243850927
dMean__Plasma_r_all/OPTIM_pcs/base_output/base/cis_nominal1.cis_qtl_pairs.6.tsv,359073268,111264201,8,185863475908,3407105242
dMean__Plasma_r_all/OPTIM_pcs/base_output/base/cis_nominal1.cis_qtl_pairs.2.tsv,326006408,107794685,8,185974740243,2688009999
dMean__Plasma_r_all/OPTIM_pcs/base_output/base/cis_nominal1.cis_qtl_pairs.17.tsv,277533717,92034129,8,186082535062,998182199
dMean__Plasma_r_all/OPTIM_pcs/base_output/base/Cis_eqtls_qval.tsv,3094959,1326454,8,186174569326,3837596998
dMean__Plasma_r_all/OPTIM_pcs/base_output/base/cis_nominal1.cis_qtl_pairs.5.tsv,219992203,72475064,8,186175895900,4209140984
dMean__Plasma_r_all/OPTIM_pcs/base_output/base/cis_nominal1.cis_qtl_pairs.9.tsv,192884504,64299657,8,186248371098,3675103910
dMean__Plasma_r_all/OPTIM_pcs/base_output/base/cis_nominal1.cis_qtl_pairs.19.tsv,396745060,131725251,8,186312670889,1395454803
dMean__Plasma_r_all/OPTIM_pcs/base_output/base/cis_nominal1.cis_qtl_pairs.10.tsv,190262779,61974878,8,186444396275,1425575519
dMean__Plasma_r_all/OPTIM_pcs/base_output/base/cis_nominal1.cis_qtl_pairs.8.tsv,176218060,58308816,8,186506371288,4243414193
dMean__Plasma_r_all/OPTIM_pcs/base_output/base/cis_nominal1.cis_qtl_pairs.14.tsv,194463336,63948111,8,186564680238,4036135348
dMean__Plasma_r_all/OPTIM_pcs/base_output/base/cis_nominal1.cis_qtl_pairs.1.tsv,451044842,148484560,8,186628628484,2769911843
dMean__Plasma_r_all/OPTIM_pcs/base_output/base/cis_nominal1.cis_qtl_pairs.20.tsv,135906355,45098265,8,186777113178,430704699
dMean__Plasma_r_all/OPTIM_pcs/base_output/base/Cis_eqtls_independent.tsv,154736,64073,8,186822211578,2282824746
dMean__Plasma_r_all/OPTIM_pcs/base_output/base/cis_nominal1.cis_qtl_pairs.12.tsv,285671645,93180741,8,186822275778,2217758455
dMean__Plasma_r_all/OPTIM_pcs/base_output/base/cis_nominal1.cis_qtl_pairs.18.tsv,75323028,24817661,8,186915456654,3876681952
dMean__Plasma_r_all/OPTIM_pcs/base_output/base/cis_nominal1.cis_qtl_pairs.13.tsv,92780534,30399221,8,186940274450,3015439082
dMean__B_r_all/OPTIM_pcs/base_output/base/cis_nominal1.cis_qtl_pairs.3.tsv,306231082,100458046,8,186970673806,3153995640
dMean__B_r_all/OPTIM_pcs/base_output/base/cis_nominal1.cis_qtl_pairs.15.tsv,166345246,54927105,8,187071131981,1886271106
dMean__B_r_all/OPTIM_pcs/base_output/base/cis_nominal1.cis_qtl_pairs.16.tsv,249573902,83663716,8,187126059216,3968722463
dMean__B_r_all/OPTIM_pcs/base_output/base/cis_nominal1.cis_qtl_pairs.4.tsv,217380820,71080519,8,187209723062,703343593
dMean__B_r_all/OPTIM_pcs/base_output/base/cis_nominal1.cis_qtl_pairs.21.tsv,71193936,23555486,8,187280803710,3534386848
dMean__B_r_all/OPTIM_pcs/base_output/base/cis_nominal1.cis_qtl_pairs.7.tsv,257149749,84891500,8,187304359326,920993864
dMean__B_r_all/OPTIM_pcs/base_output/base/cis_nominal1.cis_qtl_pairs.22.tsv,132354195,43811295,8,187389250955,480826826
dMean__B_r_all/OPTIM_pcs/base_output/base/cis_nominal1.cis_qtl_pairs.11.tsv,295911358,96850702,8,187433062380,307364014
dMean__B_r_all/OPTIM_pcs/base_output/base/cis_nominal1.cis_qtl_pairs.6.tsv,417029560,128601556,8,187529913212,2622748588
dMean__B_r_all/OPTIM_pcs/base_output/base/cis_nominal1.cis_qtl_pairs.2.tsv,360324863,118918155,8,187658514897,1354135458
dMean__B_r_all/OPTIM_pcs/base_output/base/cis_nominal1.cis_qtl_pairs.17.tsv,314080747,103938767,8,187777433181,2861915028
dMean__B_r_all/OPTIM_pcs/base_output/base/Cis_eqtls_qval.tsv,3423045,1469735,8,187881372078,4246122991
dMean__B_r_all/OPTIM_pcs/base_output/base/cis_nominal1.cis_qtl_pairs.5.tsv,244648471,80415113,8,187882841928,836848909
dMean__B_r_all/OPTIM_pcs/base_output/base/cis_nominal1.cis_qtl_pairs.9.tsv,202808351,67493339,8,187963257170,2839865637
dMean__B_r_all/OPTIM_pcs/base_output/base/cis_nominal1.cis_qtl_pairs.19.tsv,455588091,150888314,8,188030750638,1607610321
dMean__B_r_all/OPTIM_pcs/base_output/base/cis_nominal1.cis_qtl_pairs.10.tsv,216258997,70302021,8,188181639082,2355808633
dMean__B_r_all/OPTIM_pcs/base_output/base/cis_nominal1.cis_qtl_pairs.8.tsv,204539540,67591587,8,188251941233,4291535394
dMean__B_r_all/OPTIM_pcs/base_output/base/cis_nominal1.cis_qtl_pairs.14.tsv,204891442,67274532,8,188319532949,163681036
dMean__B_r_all/OPTIM_pcs/base_output/base/cis_nominal1.cis_qtl_pairs.1.tsv,502588265,165018365,8,188386807611,3649116199
dMean__B_r_all/OPTIM_pcs/base_output/base/cis_nominal1.cis_qtl_pairs.20.tsv,145372293,48136054,8,188551826105,3110032831
dMean__B_r_all/OPTIM_pcs/base_output/base/Cis_eqtls_independent.tsv,267004,109615,8,188599962289,1393748470
dMean__B_r_all/OPTIM_pcs/base_output/base/cis_nominal1.cis_qtl_pairs.12.tsv,307576075,100148573,8,188600072026,2393305950
dMean__B_r_all/OPTIM_pcs/base_output/base/cis_nominal1.cis_qtl_pairs.18.tsv,94273695,31058675,8,188700220729,3586740821
dMean__B_r_all/OPTIM_pcs/base_output/base/cis_nominal1.cis_qtl_pairs.13.tsv,101328394,33145287,8,188731279534,3522000657
dMean__T_4_r_all/OPTIM_pcs/base_output/base/cis_nominal1.cis_qtl_pairs.3.tsv,183247437,59775109,8,188764424951,2385212460
dMean__T_4_r_all/OPTIM_pcs/base_output/base/cis_nominal1.cis_qtl_pairs.15.tsv,97989496,32196281,8,188824200191,1429928708
dMean__T_4_r_all/OPTIM_pcs/base_output/base/cis_nominal1.cis_qtl_pairs.16.tsv,138898734,46387768,8,188856396604,1270338363
dMean__T_4_r_all/OPTIM_pcs/base_output/base/cis_nominal1.cis_qtl_pairs.4.tsv,140354402,45672198,8,188902784504,2708618139
dMean__T_4_r_all/OPTIM_pcs/base_output/base/cis_nominal1.cis_qtl_pairs.21.tsv,38377316,12648301,8,188948456833,2463183788
dMean__T_4_r_all/OPTIM_pcs/base_output/base/cis_nominal1.cis_qtl_pairs.7.tsv,165558454,54415679,8,188961105266,2395866157
dMean__T_4_r_all/OPTIM_pcs/base_output/base/cis_nominal1.cis_qtl_pairs.22.tsv,79848506,26331705,8,189015521076,129295754
dMean__T_4_r_all/OPTIM_pcs/base_output/base/cis_nominal1.cis_qtl_pairs.11.tsv,176352188,57544931,8,189041852913,3126996167
dMean__T_4_r_all/OPTIM_pcs/base_output/base/cis_nominal1.cis_qtl_pairs.6.tsv,255125148,78075660,8,189099397976,4003254090
dMean__T_4_r_all/OPTIM_pcs/base_output/base/cis_nominal1.cis_qtl_pairs.2.tsv,225793747,74248119,8,189177473767,676448136
dMean__T_4_r_all/OPTIM_pcs/base_output/base/cis_nominal1.cis_qtl_pairs.17.tsv,185098424,60993175,8,189251722017,1432842116
dMean__T_4_r_all/OPTIM_pcs/base_output/base/Cis_eqtls_qval.tsv,2056978,857269,8,189312715324,1826518434
dMean__T_4_r_all/OPTIM_pcs/base_output/base/cis_nominal1.cis_qtl_pairs.5.tsv,154133280,50377143,8,189313572710,3711729678
dMean__T_4_r_all/OPTIM_pcs/base_output/base/cis_nominal1.cis_qtl_pairs.9.tsv,128269754,42478877,8,189363949984,3679074330
dMean__T_4_r_all/OPTIM_pcs/base_output/base/cis_nominal1.cis_qtl_pairs.19.tsv,252476308,83377505,8,189406428992,1196200167
dMean__T_4_r_all/OPTIM_pcs/base_output/base/cis_nominal1.cis_qtl_pairs.10.tsv,137314232,44473847,8,189489806629,2523325551
dMean__T_4_r_all/OPTIM_pcs/base_output/base/cis_nominal1.cis_qtl_pairs.8.tsv,107838637,35410032,8,189534280608,1457406282
dMean__T_4_r_all/OPTIM_pcs/base_output/base/cis_nominal1.cis_qtl_pairs.14.tsv,124106137,40570808,8,189569690771,1128357262
dMean__T_4_r_all/OPTIM_pcs/base_output/base/cis_nominal1.cis_qtl_pairs.1.tsv,302653192,99008265,8,189610261711,561429722
dMean__T_4_r_all/OPTIM_pcs/base_output/base/cis_nominal1.cis_qtl_pairs.20.tsv,89789094,29622538,8,189709270107,3113671074
dMean__T_4_r_all/OPTIM_pcs/base_output/base/Cis_eqtls_independent.tsv,10147,4544,8,189738892777,2562086037
dMean__T_4_r_all/OPTIM_pcs/base_output/base/cis_nominal1.cis_qtl_pairs.12.tsv,186889110,60526136,8,189738897445,2697990411
dMean__T_4_r_all/OPTIM_pcs/base_output/base/cis_nominal1.cis_qtl_pairs.18.tsv,54762788,17984452,8,189799423713,118259230
dMean__T_4_r_all/OPTIM_pcs/base_output/base/cis_nominal1.cis_qtl_pairs.13.tsv,68919340,22456663,8,189817408297,3125019292
dMean__unannotated_r_all/OPTIM_pcs/base_output/base/cis_nominal1.cis_qtl_pairs.3.tsv,451341264,148055493,8,189839865092,873547297
dMean__unannotated_r_all/OPTIM_pcs/base_output/base/cis_nominal1.cis_qtl_pairs.15.tsv,273495756,90513882,8,189987920724,3494460446
dMean__unannotated_r_all/OPTIM_pcs/base_output/base/cis_nominal1.cis_qtl_pairs.16.tsv,384087169,128721308,8,190078434746,895058597
dMean__unannotated_r_all/OPTIM_pcs/base_output/base/cis_nominal1.cis_qtl_pairs.4.tsv,341593433,111486716,8,190207156194,1620362375
dMean__unannotated_r_all/OPTIM_pcs/base_output/base/cis_nominal1.cis_qtl_pairs.21.tsv,102884007,33995440,8,190318643049,3412363431
dMean__unannotated_r_all/OPTIM_pcs/base_output/base/cis_nominal1.cis_qtl_pairs.7.tsv,401096679,132622745,8,190352638629,1606891926
dMean__unannotated_r_all/OPTIM_pcs/base_output/base/cis_nominal1.cis_qtl_pairs.22.tsv,195862579,64905585,8,190485261513,3719383653
dMean__unannotated_r_all/OPTIM_pcs/base_output/base/cis_nominal1.cis_qtl_pairs.11.tsv,450445667,147673986,8,190550167238,855196089
dMean__unannotated_r_all/OPTIM_pcs/base_output/base/cis_nominal1.cis_qtl_pairs.6.tsv,560828773,174106430,8,190697841364,2172500485
dMean__unannotated_r_all/OPTIM_pcs/base_output/base/cis_nominal1.cis_qtl_pairs.2.tsv,549659978,181250867,8,190871947933,279266243
dMean__unannotated_r_all/OPTIM_pcs/base_output/base/cis_nominal1.cis_qtl_pairs.17.tsv,481047608,159350361,8,191053198939,945959851
dMean__unannotated_r_all/OPTIM_pcs/base_output/base/Cis_eqtls_qval.tsv,5117649,2204798,8,191212549440,1505235649
dMean__unannotated_r_all/OPTIM_pcs/base_output/base/cis_nominal1.cis_qtl_pairs.5.tsv,383731481,126148740,8,191214754363,1947763094
dMean__unannotated_r_all/OPTIM_pcs/base_output/base/cis_nominal1.cis_qtl_pairs.9.tsv,308844236,102818314,8,191340903242,2722864261
dMean__unannotated_r_all/OPTIM_pcs/base_output/base/cis_nominal1.cis_qtl_pairs.19.tsv,637899737,211509324,8,191443721695,4037090528
dMean__unannotated_r_all/OPTIM_pcs/base_output/base/cis_nominal1.cis_qtl_pairs.10.tsv,330434837,107478558,8,191655231159,170912207
dMean__unannotated_r_all/OPTIM_pcs/base_output/base/cis_nominal1.cis_qtl_pairs.8.tsv,316798976,104732773,8,191762709857,2376453690
dMean__unannotated_r_all/OPTIM_pcs/base_output/base/cis_nominal1.cis_qtl_pairs.14.tsv,295310355,97008739,8,191867442769,3913744769
dMean__unannotated_r_all/OPTIM_pcs/base_output/base/cis_nominal1.cis_qtl_pairs.1.tsv,743975542,244644980,8,191964451648,3060898000
dMean__unannotated_r_all/OPTIM_pcs/base_output/base/cis_nominal1.cis_qtl_pairs.20.tsv,221037598,73168065,8,192209096767,3872037986
dMean__unannotated_r_all/OPTIM_pcs/base_output/base/Cis_eqtls_independent.tsv,2744790,1120718,8,192282264972,419083739
dMean__unannotated_r_all/OPTIM_pcs/base_output/base/cis_nominal1.cis_qtl_pairs.12.tsv,453322215,147706362,8,192283385822,3775301821
dMean__unannotated_r_all/OPTIM_pcs/base_output/base/cis_nominal1.cis_qtl_pairs.18.tsv,155920659,51387528,8,192431092324,13225457
dMean__unannotated_r_all/OPTIM_pcs/base_output/base/cis_nominal1.cis_qtl_pairs.13.tsv,159900810,52318889,8,192482479992,3170429000
dMean__T_9_ti_all/OPTIM_pcs/base_output/base/cis_nominal1.cis_qtl_pairs.3.tsv,212272578,67890672,8,192534799021,2312529901
dMean__T_9_ti_all/OPTIM_pcs/base_output/base/cis_nominal1.cis_qtl_pairs.15.tsv,109405616,35454354,8,192602689825,1652949662
dMean__T_9_ti_all/OPTIM_pcs/base_output/base/cis_nominal1.cis_qtl_pairs.16.tsv,168246308,55364958,8,192638144312,375418511
dMean__T_9_ti_all/OPTIM_pcs/base_output/base/cis_nominal1.cis_qtl_pairs.4.tsv,152613450,48686489,8,192693509403,4200966019
dMean__T_9_ti_all/OPTIM_pcs/base_output/base/cis_nominal1.cis_qtl_pairs.21.tsv,47876487,15545915,8,192742196024,864247660
dMean__T_9_ti_all/OPTIM_pcs/base_output/base/cis_nominal1.cis_qtl_pairs.7.tsv,193886232,62629423,8,192757742072,1975194133
dMean__T_9_ti_all/OPTIM_pcs/base_output/base/cis_nominal1.cis_qtl_pairs.22.tsv,88505340,28794551,8,192820371627,3828891172
dMean__T_9_ti_all/OPTIM_pcs/base_output/base/cis_nominal1.cis_qtl_pairs.11.tsv,205181800,65618338,8,192849166311,500188475
dMean__T_9_ti_all/OPTIM_pcs/base_output/base/cis_nominal1.cis_qtl_pairs.6.tsv,280624310,82863626,8,192914784782,1550217160
dMean__T_9_ti_all/OPTIM_pcs/base_output/base/cis_nominal1.cis_qtl_pairs.2.tsv,259409612,83734315,8,192997648540,2200027084
dMean__T_9_ti_all/OPTIM_pcs/base_output/base/cis_nominal1.cis_qtl_pairs.17.tsv,213696204,69357017,8,193081382987,1851341031
dMean__T_9_ti_all/OPTIM_pcs/base_output/base/Cis_eqtls_qval.tsv,2370987,999885,8,193150740137,2773489716
dMean__T_9_ti_all/OPTIM_pcs/base_output/base/cis_nominal1.cis_qtl_pairs.5.tsv,177320783,56976568,8,193151740140,2769526902
dMean__T_9_ti_all/OPTIM_pcs/base_output/base/cis_nominal1.cis_qtl_pairs.9.tsv,143435360,46680223,8,193208716840,3548661867
dMean__T_9_ti_all/OPTIM_pcs/base_output/base/cis_nominal1.cis_qtl_pairs.19.tsv,318480677,103414623,8,193255397195,3097135481
dMean__T_9_ti_all/OPTIM_pcs/base_output/base/cis_nominal1.cis_qtl_pairs.10.tsv,146858654,46499551,8,193358811951,1282843503
dMean__T_9_ti_all/OPTIM_pcs/base_output/base/cis_nominal1.cis_qtl_pairs.8.tsv,121759436,39308367,8,193405311635,1553135
dMean__T_9_ti_all/OPTIM_pcs/base_output/base/cis_nominal1.cis_qtl_pairs.14.tsv,143741085,46227389,8,193444620134,4150024722
dMean__T_9_ti_all/OPTIM_pcs/base_output/base/cis_nominal1.cis_qtl_pairs.1.tsv,345190905,110696724,8,193490847656,1844196624
dMean__T_9_ti_all/OPTIM_pcs/base_output/base/cis_nominal1.cis_qtl_pairs.20.tsv,109052849,35385101,8,193601544512,721124477
dMean__T_9_ti_all/OPTIM_pcs/base_output/base/Cis_eqtls_independent.tsv,12626,5613,8,193636929746,3630813328
dMean__T_9_ti_all/OPTIM_pcs/base_output/base/cis_nominal1.cis_qtl_pairs.12.tsv,213408535,67821324,8,193636935484,2021026934
dMean__T_9_ti_all/OPTIM_pcs/base_output/base/cis_nominal1.cis_qtl_pairs.18.tsv,63390647,20464047,8,193704756941,2152439892
dMean__T_9_ti_all/OPTIM_pcs/base_output/base/cis_nominal1.cis_qtl_pairs.13.tsv,76410756,24356536,8,193725221121,511989149
dMean__Myeloid_14_r_all/OPTIM_pcs/base_output/base/cis_nominal1.cis_qtl_pairs.3.tsv,113080001,33917617,8,193749577790,2019235867
dMean__Myeloid_14_r_all/OPTIM_pcs/base_output/base/cis_nominal1.cis_qtl_pairs.15.tsv,64091138,19371703,8,193783495545,1247057993
dMean__Myeloid_14_r_all/OPTIM_pcs/base_output/base/cis_nominal1.cis_qtl_pairs.16.tsv,88370504,27457087,8,193802867387,2767534325
dMean__Myeloid_14_r_all/OPTIM_pcs/base_output/base/cis_nominal1.cis_qtl_pairs.4.tsv,85162751,25139719,8,193830324613,1750155820
dMean__Myeloid_14_r_all/OPTIM_pcs/base_output/base/cis_nominal1.cis_qtl_pairs.21.tsv,25688489,7860569,8,193855464470,3255204804
dMean__Myeloid_14_r_all/OPTIM_pcs/base_output/base/cis_nominal1.cis_qtl_pairs.7.tsv,96304054,29131521,8,193863325178,3305445665
dMean__Myeloid_14_r_all/OPTIM_pcs/base_output/base/cis_nominal1.cis_qtl_pairs.22.tsv,50690441,15574900,8,193892456837,1487715311
dMean__Myeloid_14_r_all/OPTIM_pcs/base_output/base/cis_nominal1.cis_qtl_pairs.11.tsv,118453556,35183883,8,193908031876,49274218
dMean__Myeloid_14_r_all/OPTIM_pcs/base_output/base/cis_nominal1.cis_qtl_pairs.6.tsv,177803133,47501305,8,193943215898,2705365348
dMean__Myeloid_14_r_all/OPTIM_pcs/base_output/base/cis_nominal1.cis_qtl_pairs.2.tsv,143125395,43298448,8,193990717341,2376891663
dMean__Myeloid_14_r_all/OPTIM_pcs/base_output/base/cis_nominal1.cis_qtl_pairs.17.tsv,115886853,35623474,8,194034015927,1762384390
dMean__Myeloid_14_r_all/OPTIM_pcs/base_output/base/Cis_eqtls_qval.tsv,1281976,522373,8,194069639540,3111324453
dMean__Myeloid_14_r_all/OPTIM_pcs/base_output/base/cis_nominal1.cis_qtl_pairs.5.tsv,97640664,29328673,8,194070162037,4022391946
dMean__Myeloid_14_r_all/OPTIM_pcs/base_output/base/cis_nominal1.cis_qtl_pairs.9.tsv,75679854,23096847,8,194099490848,1929490993
dMean__Myeloid_14_r_all/OPTIM_pcs/base_output/base/cis_nominal1.cis_qtl_pairs.19.tsv,145191347,44909434,8,194122587833,197803593
dMean__Myeloid_14_r_all/OPTIM_pcs/base_output/base/cis_nominal1.cis_qtl_pairs.10.tsv,85687576,25216921,8,194167497406,808706442
dMean__Myeloid_14_r_all/OPTIM_pcs/base_output/base/cis_nominal1.cis_qtl_pairs.8.tsv,71834496,21583072,8,194192714466,4038296602
dMean__Myeloid_14_r_all/OPTIM_pcs/base_output/base/cis_nominal1.cis_qtl_pairs.14.tsv,76214932,23101311,8,194214297676,706532006
dMean__Myeloid_14_r_all/OPTIM_pcs/base_output/base/cis_nominal1.cis_qtl_pairs.1.tsv,182867589,54710745,8,194237399126,2237841945
dMean__Myeloid_14_r_all/OPTIM_pcs/base_output/base/cis_nominal1.cis_qtl_pairs.20.tsv,54123195,16615812,8,194292110009,1410247479
dMean__Myeloid_14_r_all/OPTIM_pcs/base_output/base/Cis_eqtls_independent.tsv,389,251,8,194308725960,918394043
dMean__Myeloid_14_r_all/OPTIM_pcs/base_output/base/cis_nominal1.cis_qtl_pairs.12.tsv,118080384,35043996,8,194308726342,335709825
dMean__Myeloid_14_r_all/OPTIM_pcs/base_output/base/cis_nominal1.cis_qtl_pairs.18.tsv,32967901,9978780,8,194343770477,2333041125
dMean__Myeloid_14_r_all/OPTIM_pcs/base_output/base/cis_nominal1.cis_qtl_pairs.13.tsv,42024209,12591004,8,194353749396,4215058693
dMean__T_8_blood_all/OPTIM_pcs/base_output/base/cis_nominal1.cis_qtl_pairs.3.tsv,306089565,97106931,8,194366340539,3362591051
dMean__T_8_blood_all/OPTIM_pcs/base_output/base/cis_nominal1.cis_qtl_pairs.15.tsv,179572313,57673188,8,194463447605,2463648944
dMean__T_8_blood_all/OPTIM_pcs/base_output/base/cis_nominal1.cis_qtl_pairs.16.tsv,259543442,84527043,8,194521120929,4131159136
dMean__T_8_blood_all/OPTIM_pcs/base_output/base/cis_nominal1.cis_qtl_pairs.4.tsv,215895754,68184234,8,194605648108,1530896983
dMean__T_8_blood_all/OPTIM_pcs/base_output/base/cis_nominal1.cis_qtl_pairs.21.tsv,66705474,21452418,8,194673832477,1164492117
dMean__T_8_blood_all/OPTIM_pcs/base_output/base/cis_nominal1.cis_qtl_pairs.7.tsv,279537214,89275279,8,194695285031,3451756187
dMean__T_8_blood_all/OPTIM_pcs/base_output/base/cis_nominal1.cis_qtl_pairs.22.tsv,134731680,43509916,8,194784560445,671808885
dMean__T_8_blood_all/OPTIM_pcs/base_output/base/cis_nominal1.cis_qtl_pairs.11.tsv,306083043,96959785,8,194828070497,1950085293
dMean__T_8_blood_all/OPTIM_pcs/base_output/base/cis_nominal1.cis_qtl_pairs.6.tsv,421107928,123379626,8,194925030418,1114479859
dMean__T_8_blood_all/OPTIM_pcs/base_output/base/cis_nominal1.cis_qtl_pairs.2.tsv,364655169,116708848,8,195048410179,2603958678
dMean__T_8_blood_all/OPTIM_pcs/base_output/base/cis_nominal1.cis_qtl_pairs.17.tsv,340385707,109645798,8,195165119162,3162779267
dMean__T_8_blood_all/OPTIM_pcs/base_output/base/Cis_eqtls_qval.tsv,3569321,1528344,8,195274765096,4254194967
dMean__T_8_blood_all/OPTIM_pcs/base_output/base/cis_nominal1.cis_qtl_pairs.5.tsv,253839052,80708614,8,195276293561,3264568105
dMean__T_8_blood_all/OPTIM_pcs/base_output/base/cis_nominal1.cis_qtl_pairs.9.tsv,215179807,69504445,8,195357002310,3683070217
dMean__T_8_blood_all/OPTIM_pcs/base_output/base/cis_nominal1.cis_qtl_pairs.19.tsv,475571685,153469415,8,195426506890,2192780770
dMean__T_8_blood_all/OPTIM_pcs/base_output/base/cis_nominal1.cis_qtl_pairs.10.tsv,231436740,72717267,8,195579976441,885194213
dMean__T_8_blood_all/OPTIM_pcs/base_output/base/cis_nominal1.cis_qtl_pairs.8.tsv,202425985,64944287,8,195652693844,2568093916
dMean__T_8_blood_all/OPTIM_pcs/base_output/base/cis_nominal1.cis_qtl_pairs.14.tsv,224990837,71717269,8,195717638266,4194560150
dMean__T_8_blood_all/OPTIM_pcs/base_output/base/cis_nominal1.cis_qtl_pairs.1.tsv,518462412,164731938,8,195789355671,2459786682
dMean__T_8_blood_all/OPTIM_pcs/base_output/base/cis_nominal1.cis_qtl_pairs.20.tsv,145205593,46570367,8,195954087744,412651986
dMean__T_8_blood_all/OPTIM_pcs/base_output/base/Cis_eqtls_independent.tsv,96587,40200,8,196000658247,3702356706
dMean__T_8_blood_all/OPTIM_pcs/base_output/base/cis_nominal1.cis_qtl_pairs.12.tsv,314973292,99256625,8,196000698575,2148369092
dMean__T_8_blood_all/OPTIM_pcs/base_output/base/cis_nominal1.cis_qtl_pairs.18.tsv,99645496,31907915,8,196099955336,3243014635
dMean__T_8_blood_all/OPTIM_pcs/base_output/base/cis_nominal1.cis_qtl_pairs.13.tsv,105943267,33433582,8,196131863387,998921348
dMean__Epithelial_10_ct_all/OPTIM_pcs/base_output/base/cis_nominal1.cis_qtl_pairs.3.tsv,342768915,112875390,8,196165297105,293948124
dMean__Epithelial_10_ct_all/OPTIM_pcs/base_output/base/cis_nominal1.cis_qtl_pairs.15.tsv,203930537,67668043,8,196278172637,1217533421
dMean__Epithelial_10_ct_all/OPTIM_pcs/base_output/base/cis_nominal1.cis_qtl_pairs.16.tsv,293119564,98497077,8,196345840823,3313780767
dMean__Epithelial_10_ct_all/OPTIM_pcs/base_output/base/cis_nominal1.cis_qtl_pairs.4.tsv,255981427,83931447,8,196444338043,3424713258
dMean__Epithelial_10_ct_all/OPTIM_pcs/base_output/base/cis_nominal1.cis_qtl_pairs.21.tsv,74421306,24671407,8,196528269632,3569601663
dMean__Epithelial_10_ct_all/OPTIM_pcs/base_output/base/cis_nominal1.cis_qtl_pairs.7.tsv,304128021,100876643,8,196552941182,226305717
dMean__Epithelial_10_ct_all/OPTIM_pcs/base_output/base/cis_nominal1.cis_qtl_pairs.22.tsv,142352044,47313082,8,196653817967,4120414
dMean__Epithelial_10_ct_all/OPTIM_pcs/base_output/base/cis_nominal1.cis_qtl_pairs.11.tsv,344080899,113129811,8,196701131192,973557240
dMean__Epithelial_10_ct_all/OPTIM_pcs/base_output/base/cis_nominal1.cis_qtl_pairs.6.tsv,431910523,134290598,8,196814261146,1598936637
dMean__Epithelial_10_ct_all/OPTIM_pcs/base_output/base/cis_nominal1.cis_qtl_pairs.2.tsv,399735505,132356237,8,196948551886,3314521619
dMean__Epithelial_10_ct_all/OPTIM_pcs/base_output/base/cis_nominal1.cis_qtl_pairs.17.tsv,353651167,117492194,8,197080908265,1810577447
dMean__Epithelial_10_ct_all/OPTIM_pcs/base_output/base/Cis_eqtls_qval.tsv,3835438,1655804,8,197198400602,2502779161
dMean__Epithelial_10_ct_all/OPTIM_pcs/base_output/base/cis_nominal1.cis_qtl_pairs.5.tsv,275429778,90862567,8,197200056534,3675088270
dMean__Epithelial_10_ct_all/OPTIM_pcs/base_output/base/cis_nominal1.cis_qtl_pairs.9.tsv,251311743,83947714,8,197290919243,3157244213
dMean__Epithelial_10_ct_all/OPTIM_pcs/base_output/base/cis_nominal1.cis_qtl_pairs.19.tsv,480482671,159824895,8,197374867099,3254071205
dMean__Epithelial_10_ct_all/OPTIM_pcs/base_output/base/cis_nominal1.cis_qtl_pairs.10.tsv,245277724,80012039,8,197534692137,4146084142
dMean__Epithelial_10_ct_all/OPTIM_pcs/base_output/base/cis_nominal1.cis_qtl_pairs.8.tsv,219847277,72962855,8,197614704319,1467869165
dMean__Epithelial_10_ct_all/OPTIM_pcs/base_output/base/cis_nominal1.cis_qtl_pairs.14.tsv,230272715,75864228,8,197687667316,4240546257
dMean__Epithelial_10_ct_all/OPTIM_pcs/base_output/base/cis_nominal1.cis_qtl_pairs.1.tsv,562915676,185857011,8,197763531687,3093500978
dMean__Epithelial_10_ct_all/OPTIM_pcs/base_output/base/cis_nominal1.cis_qtl_pairs.20.tsv,161690301,53689310,8,197949388840,3739557900
dMean__Epithelial_10_ct_all/OPTIM_pcs/base_output/base/Cis_eqtls_independent.tsv,926562,379542,8,198003078293,2407678771
dMean__Epithelial_10_ct_all/OPTIM_pcs/base_output/base/cis_nominal1.cis_qtl_pairs.12.tsv,323057800,105679399,8,198003457970,4163788533
dMean__Epithelial_10_ct_all/OPTIM_pcs/base_output/base/cis_nominal1.cis_qtl_pairs.18.tsv,109016759,36064955,8,198109137512,2007313064
dMean__Epithelial_10_ct_all/OPTIM_pcs/base_output/base/cis_nominal1.cis_qtl_pairs.13.tsv,118467158,38892813,8,198145202610,2509930141
dMean__Stem_ti_all/OPTIM_pcs/base_output/base/cis_nominal1.cis_qtl_pairs.3.tsv,375805783,124576088,8,198184095566,372151682
dMean__Stem_ti_all/OPTIM_pcs/base_output/base/cis_nominal1.cis_qtl_pairs.15.tsv,227715966,75953240,8,198308671787,1438078143
dMean__Stem_ti_all/OPTIM_pcs/base_output/base/cis_nominal1.cis_qtl_pairs.16.tsv,325352585,109795878,8,198384625161,431960747
dMean__Stem_ti_all/OPTIM_pcs/base_output/base/cis_nominal1.cis_qtl_pairs.4.tsv,282718845,93302175,8,198494421173,1313268090
dMean__Stem_ti_all/OPTIM_pcs/base_output/base/cis_nominal1.cis_qtl_pairs.21.tsv,84788921,28310606,8,198587723481,1296842894
dMean__Stem_ti_all/OPTIM_pcs/base_output/base/cis_nominal1.cis_qtl_pairs.7.tsv,339399709,113338344,8,198616034221,4000345264
dMean__Stem_ti_all/OPTIM_pcs/base_output/base/cis_nominal1.cis_qtl_pairs.22.tsv,156570094,52299262,8,198729372698,428132476
dMean__Stem_ti_all/OPTIM_pcs/base_output/base/cis_nominal1.cis_qtl_pairs.11.tsv,369318091,121993509,8,198781672094,3608473452
dMean__Stem_ti_all/OPTIM_pcs/base_output/base/cis_nominal1.cis_qtl_pairs.6.tsv,496024723,155701987,8,198903665737,3225952856
dMean__Stem_ti_all/OPTIM_pcs/base_output/base/cis_nominal1.cis_qtl_pairs.2.tsv,440117566,146517071,8,199059367857,3944064536
dMean__Stem_ti_all/OPTIM_pcs/base_output/base/cis_nominal1.cis_qtl_pairs.17.tsv,397616416,132791160,8,199205885061,52506235
dMean__Stem_ti_all/OPTIM_pcs/base_output/base/Cis_eqtls_qval.tsv,4250286,1834972,8,199338676355,1615355595
dMean__Stem_ti_all/OPTIM_pcs/base_output/base/cis_nominal1.cis_qtl_pairs.5.tsv,309510056,102706532,8,199340511446,1456961355
dMean__Stem_ti_all/OPTIM_pcs/base_output/base/cis_nominal1.cis_qtl_pairs.9.tsv,273002225,91636991,8,199443218111,3538058115
dMean__Stem_ti_all/OPTIM_pcs/base_output/base/cis_nominal1.cis_qtl_pairs.19.tsv,525541934,175720366,8,199534855235,1922842281
dMean__Stem_ti_all/OPTIM_pcs/base_output/base/cis_nominal1.cis_qtl_pairs.10.tsv,278301951,91425073,8,199710575735,3107249609
dMean__Stem_ti_all/OPTIM_pcs/base_output/base/cis_nominal1.cis_qtl_pairs.8.tsv,255530938,85359317,8,199802000942,3738288354
dMean__Stem_ti_all/OPTIM_pcs/base_output/base/cis_nominal1.cis_qtl_pairs.14.tsv,251487886,83341077,8,199887360392,2104411615
dMean__Stem_ti_all/OPTIM_pcs/base_output/base/cis_nominal1.cis_qtl_pairs.1.tsv,624945642,207357971,8,199970701603,615246496
dMean__Stem_ti_all/OPTIM_pcs/base_output/base/cis_nominal1.cis_qtl_pairs.20.tsv,179425514,59842428,8,200178059707,3382620117
dMean__Stem_ti_all/OPTIM_pcs/base_output/base/Cis_eqtls_independent.tsv,1590094,650961,8,200237902269,3566937358
dMean__Stem_ti_all/OPTIM_pcs/base_output/base/cis_nominal1.cis_qtl_pairs.12.tsv,369800498,121728650,8,200238553356,1632798821
dMean__Stem_ti_all/OPTIM_pcs/base_output/base/cis_nominal1.cis_qtl_pairs.18.tsv,127696019,42499759,8,200360282140,1985158628
dMean__Stem_ti_all/OPTIM_pcs/base_output/base/cis_nominal1.cis_qtl_pairs.13.tsv,127883767,42271517,8,200402782033,1137573956
dMean__T_6_r_all/OPTIM_pcs/base_output/base/cis_nominal1.cis_qtl_pairs.3.tsv,183495533,59198790,8,200445053684,345088002
dMean__T_6_r_all/OPTIM_pcs/base_output/base/cis_nominal1.cis_qtl_pairs.15.tsv,95947887,31255044,8,200504252605,3851588125
dMean__T_6_r_all/OPTIM_pcs/base_output/base/cis_nominal1.cis_qtl_pairs.16.tsv,133707214,44300969,8,200535507781,2467953746
dMean__T_6_r_all/OPTIM_pcs/base_output/base/cis_nominal1.cis_qtl_pairs.4.tsv,138818922,44673436,8,200579808882,946225223
dMean__T_6_r_all/OPTIM_pcs/base_output/base/cis_nominal1.cis_qtl_pairs.21.tsv,37601331,12275282,8,200624482449,3384226095
dMean__T_6_r_all/OPTIM_pcs/base_output/base/cis_nominal1.cis_qtl_pairs.7.tsv,161542926,52593395,8,200636757863,4269380039
dMean__T_6_r_all/OPTIM_pcs/base_output/base/cis_nominal1.cis_qtl_pairs.22.tsv,71173660,23281262,8,200689351389,2750527419
dMean__T_6_r_all/OPTIM_pcs/base_output/base/cis_nominal1.cis_qtl_pairs.11.tsv,174550963,56431266,8,200712632783,2075615864
dMean__T_6_r_all/OPTIM_pcs/base_output/base/cis_nominal1.cis_qtl_pairs.6.tsv,237270490,71511685,8,200769064181,2648268508
dMean__T_6_r_all/OPTIM_pcs/base_output/base/cis_nominal1.cis_qtl_pairs.2.tsv,219783178,71531892,8,200840575997,1308055233
dMean__T_6_r_all/OPTIM_pcs/base_output/base/cis_nominal1.cis_qtl_pairs.17.tsv,180150342,58838663,8,200912108020,378689043
dMean__T_6_r_all/OPTIM_pcs/base_output/base/Cis_eqtls_qval.tsv,1992500,828406,8,200970946815,229090429
dMean__T_6_r_all/OPTIM_pcs/base_output/base/cis_nominal1.cis_qtl_pairs.5.tsv,148247156,47992760,8,200971775338,3263345462
dMean__T_6_r_all/OPTIM_pcs/base_output/base/cis_nominal1.cis_qtl_pairs.9.tsv,126292826,41410076,8,201019768229,3619116973
dMean__T_6_r_all/OPTIM_pcs/base_output/base/cis_nominal1.cis_qtl_pairs.19.tsv,235707490,77074788,8,201061178436,2557683426
dMean__T_6_r_all/OPTIM_pcs/base_output/base/cis_nominal1.cis_qtl_pairs.10.tsv,135126274,43241605,8,201138253356,1244337045
dMean__T_6_r_all/OPTIM_pcs/base_output/base/cis_nominal1.cis_qtl_pairs.8.tsv,105708371,34366473,8,201181495093,3060191322
dMean__T_6_r_all/OPTIM_pcs/base_output/base/cis_nominal1.cis_qtl_pairs.14.tsv,120487840,39022400,8,201215861697,1615667371
dMean__T_6_r_all/OPTIM_pcs/base_output/base/cis_nominal1.cis_qtl_pairs.1.tsv,284070570,92015831,8,201254884229,1710508018
dMean__T_6_r_all/OPTIM_pcs/base_output/base/cis_nominal1.cis_qtl_pairs.20.tsv,84067865,27453342,8,201346900191,941477249
dMean__T_6_r_all/OPTIM_pcs/base_output/base/Cis_eqtls_independent.tsv,6945,3161,8,201374353665,31764589
dMean__T_6_r_all/OPTIM_pcs/base_output/base/cis_nominal1.cis_qtl_pairs.12.tsv,180542127,57893745,8,201374356950,1205164709
dMean__T_6_r_all/OPTIM_pcs/base_output/base/cis_nominal1.cis_qtl_pairs.18.tsv,53867289,17522420,8,201432250827,3964839171
dMean__T_6_r_all/OPTIM_pcs/base_output/base/cis_nominal1.cis_qtl_pairs.13.tsv,69840652,22513747,8,201449773379,3527337098
dMean__B_12_ct_all/OPTIM_pcs/base_output/base/cis_nominal1.cis_qtl_pairs.3.tsv,206579611,68205753,8,201472287258,2754280146
dMean__B_12_ct_all/OPTIM_pcs/base_output/base/cis_nominal1.cis_qtl_pairs.15.tsv,106581596,35417166,8,201540493144,794663378
dMean__B_12_ct_all/OPTIM_pcs/base_output/base/cis_nominal1.cis_qtl_pairs.16.tsv,144710382,48757882,8,201575910444,1994928255
dMean__B_12_ct_all/OPTIM_pcs/base_output/base/cis_nominal1.cis_qtl_pairs.4.tsv,154404926,50813450,8,201624668460,1658104970
dMean__B_12_ct_all/OPTIM_pcs/base_output/base/cis_nominal1.cis_qtl_pairs.21.tsv,40750682,13561231,8,201675482043,532903860
dMean__B_12_ct_all/OPTIM_pcs/base_output/base/cis_nominal1.cis_qtl_pairs.7.tsv,179045915,59596051,8,201689043408,4277898524
dMean__B_12_ct_all/OPTIM_pcs/base_output/base/cis_nominal1.cis_qtl_pairs.22.tsv,81448046,27115382,8,201748639592,1367213081
dMean__B_12_ct_all/OPTIM_pcs/base_output/base/cis_nominal1.cis_qtl_pairs.11.tsv,187990375,61933272,8,201775755108,3651269379
dMean__B_12_ct_all/OPTIM_pcs/base_output/base/cis_nominal1.cis_qtl_pairs.6.tsv,269602271,84158002,8,201837688514,3987279278
dMean__B_12_ct_all/OPTIM_pcs/base_output/base/cis_nominal1.cis_qtl_pairs.2.tsv,249021880,82769430,8,201921846649,3371232020
dMean__B_12_ct_all/OPTIM_pcs/base_output/base/cis_nominal1.cis_qtl_pairs.17.tsv,189017254,62932659,8,202004616212,2788849562
dMean__B_12_ct_all/OPTIM_pcs/base_output/base/Cis_eqtls_qval.tsv,2196683,928538,8,202067549005,3620433002
dMean__B_12_ct_all/OPTIM_pcs/base_output/base/cis_nominal1.cis_qtl_pairs.5.tsv,164669104,54490844,8,202068477662,4249143068
dMean__B_12_ct_all/OPTIM_pcs/base_output/base/cis_nominal1.cis_qtl_pairs.9.tsv,134031905,44827438,8,202122968639,2258290257
dMean__B_12_ct_all/OPTIM_pcs/base_output/base/cis_nominal1.cis_qtl_pairs.19.tsv,267917393,89138942,8,202167796210,1392872283
dMean__B_12_ct_all/OPTIM_pcs/base_output/base/cis_nominal1.cis_qtl_pairs.10.tsv,148360700,48546073,8,202256935286,2778245485
dMean__B_12_ct_all/OPTIM_pcs/base_output/base/cis_nominal1.cis_qtl_pairs.8.tsv,123347391,41001285,8,202305481493,35240494
dMean__B_12_ct_all/OPTIM_pcs/base_output/base/cis_nominal1.cis_qtl_pairs.14.tsv,131189483,43402446,8,202346482911,101182116
dMean__B_12_ct_all/OPTIM_pcs/base_output/base/cis_nominal1.cis_qtl_pairs.1.tsv,317675765,104920909,8,202389885491,2391032139
dMean__B_12_ct_all/OPTIM_pcs/base_output/base/cis_nominal1.cis_qtl_pairs.20.tsv,96286741,32047605,8,202494806533,1440458224
dMean__B_12_ct_all/OPTIM_pcs/base_output/base/Cis_eqtls_independent.tsv,29262,12692,8,202526854272,3426785847
dMean__B_12_ct_all/OPTIM_pcs/base_output/base/cis_nominal1.cis_qtl_pairs.12.tsv,202976574,66515983,8,202526867090,1227801114
dMean__B_12_ct_all/OPTIM_pcs/base_output/base/cis_nominal1.cis_qtl_pairs.18.tsv,59753309,19843180,8,202593383207,2545595332
dMean__B_12_ct_all/OPTIM_pcs/base_output/base/cis_nominal1.cis_qtl_pairs.13.tsv,73572150,24225381,8,202613226521,1860749537
dMean__T_r_all/OPTIM_pcs/base_output/base/cis_nominal1.cis_qtl_pairs.3.tsv,291728239,96339367,8,202637452036,642221663
dMean__T_r_all/OPTIM_pcs/base_output/base/cis_nominal1.cis_qtl_pairs.15.tsv,161253965,53553726,8,202733791532,1428591940
dMean__T_r_all/OPTIM_pcs/base_output/base/cis_nominal1.cis_qtl_pairs.16.tsv,239090183,80521366,8,202787345388,2699041526
dMean__T_r_all/OPTIM_pcs/base_output/base/cis_nominal1.cis_qtl_pairs.4.tsv,215426553,71015009,8,202867866884,1171977804
dMean__T_r_all/OPTIM_pcs/base_output/base/cis_nominal1.cis_qtl_pairs.21.tsv,62998502,20950680,8,202938882022,3587025937
dMean__T_r_all/OPTIM_pcs/base_output/base/cis_nominal1.cis_qtl_pairs.7.tsv,261271428,86834178,8,202959832832,2567850389
dMean__T_r_all/OPTIM_pcs/base_output/base/cis_nominal1.cis_qtl_pairs.22.tsv,127147690,42349223,8,203046667139,2307922310
dMean__T_r_all/OPTIM_pcs/base_output/base/cis_nominal1.cis_qtl_pairs.11.tsv,288101336,95006105,8,203089016492,3067095469
dMean__T_r_all/OPTIM_pcs/base_output/base/cis_nominal1.cis_qtl_pairs.6.tsv,387139706,121260462,8,203184022727,3084570272
dMean__T_r_all/OPTIM_pcs/base_output/base/cis_nominal1.cis_qtl_pairs.2.tsv,349511796,116054070,8,203305283318,1909911595
dMean__T_r_all/OPTIM_pcs/base_output/base/cis_nominal1.cis_qtl_pairs.17.tsv,314478167,104651669,8,203421337517,1428730194
dMean__T_r_all/OPTIM_pcs/base_output/base/Cis_eqtls_qval.tsv,3333211,1430987,8,203525989316,1977901076
dMean__T_r_all/OPTIM_pcs/base_output/base/cis_nominal1.cis_qtl_pairs.5.tsv,242476431,80247316,8,203527420418,4034773589
dMean__T_r_all/OPTIM_pcs/base_output/base/cis_nominal1.cis_qtl_pairs.9.tsv,204784794,68531796,8,203607667863,2675390824
dMean__T_r_all/OPTIM_pcs/base_output/base/cis_nominal1.cis_qtl_pairs.19.tsv,444548183,148125107,8,203676199788,3437487860
dMean__T_r_all/OPTIM_pcs/base_output/base/cis_nominal1.cis_qtl_pairs.10.tsv,221961037,72759175,8,203824325025,1284870921
dMean__T_r_all/OPTIM_pcs/base_output/base/cis_nominal1.cis_qtl_pairs.8.tsv,191137747,63635245,8,203897084330,3527186208
dMean__T_r_all/OPTIM_pcs/base_output/base/cis_nominal1.cis_qtl_pairs.14.tsv,215366965,71160960,8,203960719704,1380377568
dMean__T_r_all/OPTIM_pcs/base_output/base/cis_nominal1.cis_qtl_pairs.1.tsv,482976982,159876508,8,204031880794,2771006557
dMean__T_r_all/OPTIM_pcs/base_output/base/cis_nominal1.cis_qtl_pairs.20.tsv,142364883,47413894,8,204191757431,831451288
dMean__T_r_all/OPTIM_pcs/base_output/base/Cis_eqtls_independent.tsv,239520,98733,8,204239171455,2389937307
dMean__T_r_all/OPTIM_pcs/base_output/base/cis_nominal1.cis_qtl_pairs.12.tsv,297796412,97606875,8,204239270310,3022272041
dMean__T_r_all/OPTIM_pcs/base_output/base/cis_nominal1.cis_qtl_pairs.18.tsv,91390573,30333287,8,204336877315,1545695653
dMean__T_r_all/OPTIM_pcs/base_output/base/cis_nominal1.cis_qtl_pairs.13.tsv,103512534,34121147,8,204367210732,3563031403
dMean__Epithelial_17_r_all/OPTIM_pcs/base_output/base/cis_nominal1.cis_qtl_pairs.3.tsv,315505665,103742066,8,204401332009,538530988
dMean__Epithelial_17_r_all/OPTIM_pcs/base_output/base/cis_nominal1.cis_qtl_pairs.15.tsv,184396933,61077416,8,204505074216,1756426637
dMean__Epithelial_17_r_all/OPTIM_pcs/base_output/base/cis_nominal1.cis_qtl_pairs.16.tsv,264209122,88678263,8,204566151774,3450135088
dMean__Epithelial_17_r_all/OPTIM_pcs/base_output/base/cis_nominal1.cis_qtl_pairs.4.tsv,232328435,76019847,8,204654830179,94355142
dMean__Epithelial_17_r_all/OPTIM_pcs/base_output/base/cis_nominal1.cis_qtl_pairs.21.tsv,64933412,21510614,8,204730850167,672591364
dMean__Epithelial_17_r_all/OPTIM_pcs/base_output/base/cis_nominal1.cis_qtl_pairs.7.tsv,280773922,93018834,8,204752360923,4178853323
dMean__Epithelial_17_r_all/OPTIM_pcs/base_output/base/cis_nominal1.cis_qtl_pairs.22.tsv,129052515,42817162,8,204845379898,2857695080
dMean__Epithelial_17_r_all/OPTIM_pcs/base_output/base/cis_nominal1.cis_qtl_pairs.11.tsv,314655692,103292366,8,204888197202,3909402219
dMean__Epithelial_17_r_all/OPTIM_pcs/base_output/base/cis_nominal1.cis_qtl_pairs.6.tsv,399098500,123771613,8,204991489710,3152062047
dMean__Epithelial_17_r_all/OPTIM_pcs/base_output/base/cis_nominal1.cis_qtl_pairs.2.tsv,371675954,122841378,8,205115261464,3786667331
dMean__Epithelial_17_r_all/OPTIM_pcs/base_output/base/cis_nominal1.cis_qtl_pairs.17.tsv,321938659,106782240,8,205238102983,2508590795
dMean__Epithelial_17_r_all/OPTIM_pcs/base_output/base/Cis_eqtls_qval.tsv,3516136,1515102,8,205344885365,1789807721
dMean__Epithelial_17_r_all/OPTIM_pcs/base_output/base/cis_nominal1.cis_qtl_pairs.5.tsv,255047131,84027840,8,205346400594,1775286847
dMean__Epithelial_17_r_all/OPTIM_pcs/base_output/base/cis_nominal1.cis_qtl_pairs.9.tsv,232391444,77475887,8,205430428575,174676465
dMean__Epithelial_17_r_all/OPTIM_pcs/base_output/base/cis_nominal1.cis_qtl_pairs.19.tsv,441842118,146644576,8,205507904603,720355943
dMean__Epithelial_17_r_all/OPTIM_pcs/base_output/base/cis_nominal1.cis_qtl_pairs.10.tsv,227189908,74030338,8,205654549321,1334385033
dMean__Epithelial_17_r_all/OPTIM_pcs/base_output/base/cis_nominal1.cis_qtl_pairs.8.tsv,201083425,66646842,8,205728579801,1267791235
dMean__Epithelial_17_r_all/OPTIM_pcs/base_output/base/cis_nominal1.cis_qtl_pairs.14.tsv,212362107,69885197,8,205795226784,2741290859
dMean__Epithelial_17_r_all/OPTIM_pcs/base_output/base/cis_nominal1.cis_qtl_pairs.1.tsv,518750028,171009338,8,205865112123,1025174548
dMean__Epithelial_17_r_all/OPTIM_pcs/base_output/base/cis_nominal1.cis_qtl_pairs.20.tsv,148236587,49141937,8,206036121602,410966271
dMean__Epithelial_17_r_all/OPTIM_pcs/base_output/base/Cis_eqtls_independent.tsv,479719,196803,8,206085263681,3367939637
dMean__Epithelial_17_r_all/OPTIM_pcs/base_output/base/cis_nominal1.cis_qtl_pairs.12.tsv,289031365,94373056,8,206085460618,3237601606
dMean__Epithelial_17_r_all/OPTIM_pcs/base_output/base/cis_nominal1.cis_qtl_pairs.18.tsv,96483527,31850719,8,206179833816,1297998824
dMean__Epithelial_17_r_all/OPTIM_pcs/base_output/base/cis_nominal1.cis_qtl_pairs.13.tsv,107318414,35204103,8,206211684677,3221151332
dMean__Epithelial_4_ti_all/OPTIM_pcs/base_output/base/cis_nominal1.cis_qtl_pairs.3.tsv,314020024,104433170,8,206246888922,3894635612
dMean__Epithelial_4_ti_all/OPTIM_pcs/base_output/base/cis_nominal1.cis_qtl_pairs.15.tsv,185766470,62140501,8,206351322233,702755625
dMean__Epithelial_4_ti_all/OPTIM_pcs/base_output/base/cis_nominal1.cis_qtl_pairs.16.tsv,262410534,88828731,8,206413462876,893444998
dMean__Epithelial_4_ti_all/OPTIM_pcs/base_output/base/cis_nominal1.cis_qtl_pairs.4.tsv,229742052,76196855,8,206502291749,1495064635
dMean__Epithelial_4_ti_all/OPTIM_pcs/base_output/base/cis_nominal1.cis_qtl_pairs.21.tsv,68039059,22791993,8,206578488745,691214442
dMean__Epithelial_4_ti_all/OPTIM_pcs/base_output/base/cis_nominal1.cis_qtl_pairs.7.tsv,280098656,93849877,8,206601280880,4201021447
dMean__Epithelial_4_ti_all/OPTIM_pcs/base_output/base/cis_nominal1.cis_qtl_pairs.22.tsv,126907025,42512579,8,206695130898,1067039298
dMean__Epithelial_4_ti_all/OPTIM_pcs/base_output/base/cis_nominal1.cis_qtl_pairs.11.tsv,310818709,103148026,8,206737643619,321881186
dMean__Epithelial_4_ti_all/OPTIM_pcs/base_output/base/cis_nominal1.cis_qtl_pairs.6.tsv,407210916,129080260,8,206840791787,806225065
dMean__Epithelial_4_ti_all/OPTIM_pcs/base_output/base/cis_nominal1.cis_qtl_pairs.2.tsv,359406820,120155476,8,206969872188,2602717729
dMean__Epithelial_4_ti_all/OPTIM_pcs/base_output/base/cis_nominal1.cis_qtl_pairs.17.tsv,324047936,108591070,8,207090027805,1249066359
dMean__Epithelial_4_ti_all/OPTIM_pcs/base_output/base/Cis_eqtls_qval.tsv,3474343,1500114,8,207198619017,203920760
dMean__Epithelial_4_ti_all/OPTIM_pcs/base_output/base/cis_nominal1.cis_qtl_pairs.5.tsv,249594526,83207858,8,207200119258,1190904654
dMean__Epithelial_4_ti_all/OPTIM_pcs/base_output/base/cis_nominal1.cis_qtl_pairs.9.tsv,229017747,77160834,8,207283327257,1882172735
dMean__Epithelial_4_ti_all/OPTIM_pcs/base_output/base/cis_nominal1.cis_qtl_pairs.19.tsv,435411283,146070132,8,207360488232,2871267572
dMean__Epithelial_4_ti_all/OPTIM_pcs/base_output/base/cis_nominal1.cis_qtl_pairs.10.tsv,228557442,75423263,8,207506558506,1653113930
dMean__Epithelial_4_ti_all/OPTIM_pcs/base_output/base/cis_nominal1.cis_qtl_pairs.8.tsv,196090811,65812780,8,207581981911,2375026063
dMean__Epithelial_4_ti_all/OPTIM_pcs/base_output/base/cis_nominal1.cis_qtl_pairs.14.tsv,211970081,70549287,8,207647794832,3238617577
dMean__Epithelial_4_ti_all/OPTIM_pcs/base_output/base/cis_nominal1.cis_qtl_pairs.1.tsv,513973427,171252046,8,207718344261,3010883667
dMean__Epithelial_4_ti_all/OPTIM_pcs/base_output/base/cis_nominal1.cis_qtl_pairs.20.tsv,149587608,50091090,8,207889596448,1591941538
dMean__Epithelial_4_ti_all/OPTIM_pcs/base_output/base/Cis_eqtls_independent.tsv,746244,305524,8,207939687680,2514114298
dMean__Epithelial_4_ti_all/OPTIM_pcs/base_output/base/cis_nominal1.cis_qtl_pairs.12.tsv,294778875,97410363,8,207939993338,2685881798
dMean__Epithelial_4_ti_all/OPTIM_pcs/base_output/base/cis_nominal1.cis_qtl_pairs.18.tsv,94519365,31596024,8,208037403843,142639314
dMean__Epithelial_4_ti_all/OPTIM_pcs/base_output/base/cis_nominal1.cis_qtl_pairs.13.tsv,105991168,35196877,8,208069000009,942909117
dMean__Myeloid_16_ct_all/OPTIM_pcs/base_output/base/cis_nominal1.cis_qtl_pairs.3.tsv,214088285,65498338,8,208104197028,3638410453
dMean__Myeloid_16_ct_all/OPTIM_pcs/base_output/base/cis_nominal1.cis_qtl_pairs.15.tsv,114069691,35532566,8,208169695505,172089205
dMean__Myeloid_16_ct_all/OPTIM_pcs/base_output/base/cis_nominal1.cis_qtl_pairs.16.tsv,167747903,53218652,8,208205228211,934125370
dMean__Myeloid_16_ct_all/OPTIM_pcs/base_output/base/cis_nominal1.cis_qtl_pairs.4.tsv,152702827,46495813,8,208258447003,3093771176
dMean__Myeloid_16_ct_all/OPTIM_pcs/base_output/base/cis_nominal1.cis_qtl_pairs.21.tsv,42178425,13132812,8,208304942955,795447706
dMean__Myeloid_16_ct_all/OPTIM_pcs/base_output/base/cis_nominal1.cis_qtl_pairs.7.tsv,192632124,59652046,8,208318075907,3307123405
dMean__Myeloid_16_ct_all/OPTIM_pcs/base_output/base/cis_nominal1.cis_qtl_pairs.22.tsv,92097500,28895540,8,208377728092,3152667139
dMean__Myeloid_16_ct_all/OPTIM_pcs/base_output/base/cis_nominal1.cis_qtl_pairs.11.tsv,208291598,63782157,8,208406623772,2141447097
dMean__Myeloid_16_ct_all/OPTIM_pcs/base_output/base/cis_nominal1.cis_qtl_pairs.6.tsv,292784895,80789579,8,208470406069,544890808
dMean__Myeloid_16_ct_all/OPTIM_pcs/base_output/base/cis_nominal1.cis_qtl_pairs.2.tsv,252694586,78142671,8,208551195787,591450195
dMean__Myeloid_16_ct_all/OPTIM_pcs/base_output/base/cis_nominal1.cis_qtl_pairs.17.tsv,215378886,67209515,8,208629338597,2703525570
dMean__Myeloid_16_ct_all/OPTIM_pcs/base_output/base/Cis_eqtls_qval.tsv,2377236,986756,8,208696548252,3156162348
dMean__Myeloid_16_ct_all/OPTIM_pcs/base_output/base/cis_nominal1.cis_qtl_pairs.5.tsv,168103202,51740549,8,208697535133,2617635557
dMean__Myeloid_16_ct_all/OPTIM_pcs/base_output/base/cis_nominal1.cis_qtl_pairs.9.tsv,152557619,47645527,8,208749275821,1637005104
dMean__Myeloid_16_ct_all/OPTIM_pcs/base_output/base/cis_nominal1.cis_qtl_pairs.19.tsv,295353715,92479725,8,208796921487,654353251
dMean__Myeloid_16_ct_all/OPTIM_pcs/base_output/base/cis_nominal1.cis_qtl_pairs.10.tsv,156195359,47207870,8,208889401352,2283354244
dMean__Myeloid_16_ct_all/OPTIM_pcs/base_output/base/cis_nominal1.cis_qtl_pairs.8.tsv,131042203,40651051,8,208936609362,52147142
dMean__Myeloid_16_ct_all/OPTIM_pcs/base_output/base/cis_nominal1.cis_qtl_pairs.14.tsv,139637036,42879370,8,208977260552,4064479015
dMean__Myeloid_16_ct_all/OPTIM_pcs/base_output/base/cis_nominal1.cis_qtl_pairs.1.tsv,336806212,103291860,8,209020140062,948261162
dMean__Myeloid_16_ct_all/OPTIM_pcs/base_output/base/cis_nominal1.cis_qtl_pairs.20.tsv,102805717,31900361,8,209123432061,849860754
dMean__Myeloid_16_ct_all/OPTIM_pcs/base_output/base/Cis_eqtls_independent.tsv,4179,1933,8,209155332562,1668022004
dMean__Myeloid_16_ct_all/OPTIM_pcs/base_output/base/cis_nominal1.cis_qtl_pairs.12.tsv,200689123,60895857,8,209155334627,1837331975
dMean__Myeloid_16_ct_all/OPTIM_pcs/base_output/base/cis_nominal1.cis_qtl_pairs.18.tsv,65434617,20280937,8,209216230624,1983817197
dMean__Myeloid_16_ct_all/OPTIM_pcs/base_output/base/cis_nominal1.cis_qtl_pairs.13.tsv,77825606,23736378,8,209236511701,2722535502
dMean__Epithelial_25_ct_all/OPTIM_pcs/base_output/base/cis_nominal1.cis_qtl_pairs.3.tsv,278593736,92134956,8,209260248219,589086073
dMean__Epithelial_25_ct_all/OPTIM_pcs/base_output/base/cis_nominal1.cis_qtl_pairs.15.tsv,159421718,53059660,8,209352383317,1920815463
dMean__Epithelial_25_ct_all/OPTIM_pcs/base_output/base/cis_nominal1.cis_qtl_pairs.16.tsv,226643216,76397733,8,209405443120,504363102
dMean__Epithelial_25_ct_all/OPTIM_pcs/base_output/base/cis_nominal1.cis_qtl_pairs.4.tsv,214761935,70698618,8,209481840996,289814209
dMean__Epithelial_25_ct_all/OPTIM_pcs/base_output/base/cis_nominal1.cis_qtl_pairs.21.tsv,56920410,18961689,8,209552539756,3928404840
dMean__Epithelial_25_ct_all/OPTIM_pcs/base_output/base/cis_nominal1.cis_qtl_pairs.7.tsv,249988614,83347592,8,209571501588,945506973
dMean__Epithelial_25_ct_all/OPTIM_pcs/base_output/base/cis_nominal1.cis_qtl_pairs.22.tsv,109027873,36356872,8,209654849322,1376874205
dMean__Epithelial_25_ct_all/OPTIM_pcs/base_output/base/cis_nominal1.cis_qtl_pairs.11.tsv,275464274,90820344,8,209691206337,1830672906
dMean__Epithelial_25_ct_all/OPTIM_pcs/base_output/base/cis_nominal1.cis_qtl_pairs.6.tsv,346613207,108570423,8,209782026824,1545774884
dMean__Epithelial_25_ct_all/OPTIM_pcs/base_output/base/cis_nominal1.cis_qtl_pairs.2.tsv,318011213,105706011,8,209890597389,3451561190
dMean__Epithelial_25_ct_all/OPTIM_pcs/base_output/base/cis_nominal1.cis_qtl_pairs.17.tsv,271310319,90493628,8,209996303542,445394867
dMean__Epithelial_25_ct_all/OPTIM_pcs/base_output/base/Cis_eqtls_qval.tsv,3030155,1298238,8,210086797313,2587592157
dMean__Epithelial_25_ct_all/OPTIM_pcs/base_output/base/cis_nominal1.cis_qtl_pairs.5.tsv,223929587,74171853,8,210088095679,2376583407
dMean__Epithelial_25_ct_all/OPTIM_pcs/base_output/base/cis_nominal1.cis_qtl_pairs.9.tsv,202754010,67896385,8,210162267674,3270377808
dMean__Epithelial_25_ct_all/OPTIM_pcs/base_output/base/cis_nominal1.cis_qtl_pairs.19.tsv,360269173,120204647,8,210230164201,607524506
dMean__Epithelial_25_ct_all/OPTIM_pcs/base_output/base/cis_nominal1.cis_qtl_pairs.10.tsv,208378710,68296096,8,210350368991,1851224579
dMean__Epithelial_25_ct_all/OPTIM_pcs/base_output/base/cis_nominal1.cis_qtl_pairs.8.tsv,177320985,59100783,8,210418665230,2895052216
dMean__Epithelial_25_ct_all/OPTIM_pcs/base_output/base/cis_nominal1.cis_qtl_pairs.14.tsv,180719789,59830414,8,210477766155,2631351699
dMean__Epithelial_25_ct_all/OPTIM_pcs/base_output/base/cis_nominal1.cis_qtl_pairs.1.tsv,438744020,145367433,8,210537596712,3387077247
dMean__Epithelial_25_ct_all/OPTIM_pcs/base_output/base/cis_nominal1.cis_qtl_pairs.20.tsv,130085265,43330747,8,210682964287,3326181025
dMean__Epithelial_25_ct_all/OPTIM_pcs/base_output/base/Cis_eqtls_independent.tsv,126627,52584,8,210726295177,1075355342
dMean__Epithelial_25_ct_all/OPTIM_pcs/base_output/base/cis_nominal1.cis_qtl_pairs.12.tsv,257412331,84583745,8,210726347896,280765157
dMean__Epithelial_25_ct_all/OPTIM_pcs/base_output/base/cis_nominal1.cis_qtl_pairs.18.tsv,88052472,29262902,8,210810931784,1646745159
dMean__Epithelial_25_ct_all/OPTIM_pcs/base_output/base/cis_nominal1.cis_qtl_pairs.13.tsv,94708011,31253988,8,210840194829,4214351192
dMean__Stem_r_all/OPTIM_pcs/base_output/base/cis_nominal1.cis_qtl_pairs.3.tsv,323659584,106447327,8,210871448960,3141386487
dMean__Stem_r_all/OPTIM_pcs/base_output/base/cis_nominal1.cis_qtl_pairs.15.tsv,186168679,61651249,8,210977896419,3459633489
dMean__Stem_r_all/OPTIM_pcs/base_output/base/cis_nominal1.cis_qtl_pairs.16.tsv,273584844,91834101,8,211039547801,2054760700
dMean__Stem_r_all/OPTIM_pcs/base_output/base/cis_nominal1.cis_qtl_pairs.4.tsv,243373506,79642398,8,211131382035,3206594222
dMean__Stem_r_all/OPTIM_pcs/base_output/base/cis_nominal1.cis_qtl_pairs.21.tsv,68209050,22586331,8,211211024565,2602138246
dMean__Stem_r_all/OPTIM_pcs/base_output/base/cis_nominal1.cis_qtl_pairs.7.tsv,289631032,95981779,8,211233611029,3049777457
dMean__Stem_r_all/OPTIM_pcs/base_output/base/cis_nominal1.cis_qtl_pairs.22.tsv,129229050,42878798,8,211329592940,2791142400
dMean__Stem_r_all/OPTIM_pcs/base_output/base/cis_nominal1.cis_qtl_pairs.11.tsv,323150106,106143658,8,211372471871,1630577205
dMean__Stem_r_all/OPTIM_pcs/base_output/base/cis_nominal1.cis_qtl_pairs.6.tsv,405956426,126228105,8,211478615662,2795802426
dMean__Stem_r_all/OPTIM_pcs/base_output/base/cis_nominal1.cis_qtl_pairs.2.tsv,386460522,127680010,8,211604843899,2334082102
dMean__Stem_r_all/OPTIM_pcs/base_output/base/cis_nominal1.cis_qtl_pairs.17.tsv,328563030,109043897,8,211732524041,2766811021
dMean__Stem_r_all/OPTIM_pcs/base_output/base/Cis_eqtls_qval.tsv,3619649,1560970,8,211841568071,696722351
dMean__Stem_r_all/OPTIM_pcs/base_output/base/cis_nominal1.cis_qtl_pairs.5.tsv,264998566,87276467,8,211843129159,2100748321
dMean__Stem_r_all/OPTIM_pcs/base_output/base/cis_nominal1.cis_qtl_pairs.9.tsv,243057863,81047781,8,211930405758,2332709683
dMean__Stem_r_all/OPTIM_pcs/base_output/base/cis_nominal1.cis_qtl_pairs.19.tsv,457490604,151926265,8,212011453671,2826538164
dMean__Stem_r_all/OPTIM_pcs/base_output/base/cis_nominal1.cis_qtl_pairs.10.tsv,232233369,75675741,8,212163380069,1016961339
dMean__Stem_r_all/OPTIM_pcs/base_output/base/cis_nominal1.cis_qtl_pairs.8.tsv,211522307,70097533,8,212239055943,975750308
dMean__Stem_r_all/OPTIM_pcs/base_output/base/cis_nominal1.cis_qtl_pairs.14.tsv,222704435,73294112,8,212309153608,4014181091
dMean__Stem_r_all/OPTIM_pcs/base_output/base/cis_nominal1.cis_qtl_pairs.1.tsv,527701103,173967217,8,212382447853,3826169861
dMean__Stem_r_all/OPTIM_pcs/base_output/base/cis_nominal1.cis_qtl_pairs.20.tsv,156277321,51825650,8,212556415202,2186514881
dMean__Stem_r_all/OPTIM_pcs/base_output/base/Cis_eqtls_independent.tsv,632840,259342,8,212608240985,1679830019
dMean__Stem_r_all/OPTIM_pcs/base_output/base/cis_nominal1.cis_qtl_pairs.12.tsv,297675689,97201075,8,212608500452,1419045769
dMean__Stem_r_all/OPTIM_pcs/base_output/base/cis_nominal1.cis_qtl_pairs.18.tsv,98724988,32607534,8,212705701660,331164569
dMean__Stem_r_all/OPTIM_pcs/base_output/base/cis_nominal1.cis_qtl_pairs.13.tsv,111218068,36468020,8,212738309327,3330930797
dMean__B_ti_all/OPTIM_pcs/base_output/base/cis_nominal1.cis_qtl_pairs.3.tsv,338776328,111729974,8,212774777480,566473612
dMean__B_ti_all/OPTIM_pcs/base_output/base/cis_nominal1.cis_qtl_pairs.15.tsv,188940452,62774776,8,212886507584,4229450676
dMean__B_ti_all/OPTIM_pcs/base_output/base/cis_nominal1.cis_qtl_pairs.16.tsv,284616758,95742129,8,212949282491,657314465
dMean__B_ti_all/OPTIM_pcs/base_output/base/cis_nominal1.cis_qtl_pairs.4.tsv,245850917,80898655,8,213045024751,3648600413
dMean__B_ti_all/OPTIM_pcs/base_output/base/cis_nominal1.cis_qtl_pairs.21.tsv,80542725,26793017,8,213125923536,2645323988
dMean__B_ti_all/OPTIM_pcs/base_output/base/cis_nominal1.cis_qtl_pairs.7.tsv,287116304,95424748,8,213152716684,2529613965
dMean__B_ti_all/OPTIM_pcs/base_output/base/cis_nominal1.cis_qtl_pairs.22.tsv,155198830,51649931,8,213248141562,1998432018
dMean__B_ti_all/OPTIM_pcs/base_output/base/cis_nominal1.cis_qtl_pairs.11.tsv,335956989,110456696,8,213299791624,2362753533
dMean__B_ti_all/OPTIM_pcs/base_output/base/cis_nominal1.cis_qtl_pairs.6.tsv,455514904,141778707,8,213410248451,2283472675
dMean__B_ti_all/OPTIM_pcs/base_output/base/cis_nominal1.cis_qtl_pairs.2.tsv,404480154,134209531,8,213552027288,3166266524
dMean__B_ti_all/OPTIM_pcs/base_output/base/cis_nominal1.cis_qtl_pairs.17.tsv,357255571,118867146,8,213686236949,3418606439
dMean__B_ti_all/OPTIM_pcs/base_output/base/Cis_eqtls_qval.tsv,3820190,1646056,8,213805104226,3379687132
dMean__B_ti_all/OPTIM_pcs/base_output/base/cis_nominal1.cis_qtl_pairs.5.tsv,273425237,90412574,8,213806750398,1400750239
dMean__B_ti_all/OPTIM_pcs/base_output/base/cis_nominal1.cis_qtl_pairs.9.tsv,229582867,76787949,8,213897163102,1188649513
dMean__B_ti_all/OPTIM_pcs/base_output/base/cis_nominal1.cis_qtl_pairs.19.tsv,509467209,169639353,8,213973951181,2994410880
dMean__B_ti_all/OPTIM_pcs/base_output/base/cis_nominal1.cis_qtl_pairs.10.tsv,234968601,76881660,8,214143590665,1811222603
dMean__B_ti_all/OPTIM_pcs/base_output/base/cis_nominal1.cis_qtl_pairs.8.tsv,227754308,75748085,8,214220472456,541410901
dMean__B_ti_all/OPTIM_pcs/base_output/base/cis_nominal1.cis_qtl_pairs.14.tsv,231157281,76349093,8,214296220671,1154103411
dMean__B_ti_all/OPTIM_pcs/base_output/base/cis_nominal1.cis_qtl_pairs.1.tsv,562497765,185664845,8,214372569895,2841173905
dMean__B_ti_all/OPTIM_pcs/base_output/base/cis_nominal1.cis_qtl_pairs.20.tsv,158479756,52727645,8,214558234870,3451427568
dMean__B_ti_all/OPTIM_pcs/base_output/base/Cis_eqtls_independent.tsv,518131,212601,8,214610962646,521795449
dMean__B_ti_all/OPTIM_pcs/base_output/base/cis_nominal1.cis_qtl_pairs.12.tsv,347478023,113942306,8,214611175370,2905617783
dMean__B_ti_all/OPTIM_pcs/base_output/base/cis_nominal1.cis_qtl_pairs.18.tsv,102695144,34050686,8,214725117807,18489247
dMean__B_ti_all/OPTIM_pcs/base_output/base/cis_nominal1.cis_qtl_pairs.13.tsv,114827235,37780546,8,214759168624,3831237539
dMean__Epithelial_0_ct_all/OPTIM_pcs/base_output/base/cis_nominal1.cis_qtl_pairs.3.tsv,373815643,122919255,8,214796949301,1303953112
dMean__Epithelial_0_ct_all/OPTIM_pcs/base_output/base/cis_nominal1.cis_qtl_pairs.15.tsv,226329041,75015722,8,214919868697,1396915420
dMean__Epithelial_0_ct_all/OPTIM_pcs/base_output/base/cis_nominal1.cis_qtl_pairs.16.tsv,327339095,109874885,8,214994884561,358970830
dMean__Epithelial_0_ct_all/OPTIM_pcs/base_output/base/cis_nominal1.cis_qtl_pairs.4.tsv,286611912,93794215,8,215104759588,3948994597
dMean__Epithelial_0_ct_all/OPTIM_pcs/base_output/base/cis_nominal1.cis_qtl_pairs.21.tsv,87663293,29023891,8,215198553944,12928350
dMean__Epithelial_0_ct_all/OPTIM_pcs/base_output/base/cis_nominal1.cis_qtl_pairs.7.tsv,339910720,112715129,8,215227577977,48952985
dMean__Epithelial_0_ct_all/OPTIM_pcs/base_output/base/cis_nominal1.cis_qtl_pairs.22.tsv,156612182,51995725,8,215340293247,2067912959
dMean__Epithelial_0_ct_all/OPTIM_pcs/base_output/base/cis_nominal1.cis_qtl_pairs.11.tsv,375454895,123359117,8,215392289114,1184960472
dMean__Epithelial_0_ct_all/OPTIM_pcs/base_output/base/cis_nominal1.cis_qtl_pairs.6.tsv,464909208,144381190,8,215515648373,193531648
dMean__Epithelial_0_ct_all/OPTIM_pcs/base_output/base/cis_nominal1.cis_qtl_pairs.2.tsv,446945420,147727663,8,215660029704,3206606282
dMean__Epithelial_0_ct_all/OPTIM_pcs/base_output/base/cis_nominal1.cis_qtl_pairs.17.tsv,393005912,130440052,8,215807757508,1800820092
dMean__Epithelial_0_ct_all/OPTIM_pcs/base_output/base/Cis_eqtls_qval.tsv,4246606,1831305,8,215938197702,620584961
dMean__Epithelial_0_ct_all/OPTIM_pcs/base_output/base/cis_nominal1.cis_qtl_pairs.5.tsv,315266219,103852988,8,215940029134,790794968
dMean__Epithelial_0_ct_all/OPTIM_pcs/base_output/base/cis_nominal1.cis_qtl_pairs.9.tsv,271047334,90391679,8,216043882263,3338751793
dMean__Epithelial_0_ct_all/OPTIM_pcs/base_output/base/cis_nominal1.cis_qtl_pairs.19.tsv,534546559,177605636,8,216134274083,466188015
dMean__Epithelial_0_ct_all/OPTIM_pcs/base_output/base/cis_nominal1.cis_qtl_pairs.10.tsv,263450235,85825487,8,216311879861,719314669
dMean__Epithelial_0_ct_all/OPTIM_pcs/base_output/base/cis_nominal1.cis_qtl_pairs.8.tsv,246031608,81534427,8,216397705490,2987240948
dMean__Epithelial_0_ct_all/OPTIM_pcs/base_output/base/cis_nominal1.cis_qtl_pairs.14.tsv,246561912,81148018,8,216479240058,1119967083
dMean__Epithelial_0_ct_all/OPTIM_pcs/base_output/base/cis_nominal1.cis_qtl_pairs.1.tsv,617615233,203673373,8,216560388218,1975662996
dMean__Epithelial_0_ct_all/OPTIM_pcs/base_output/base/cis_nominal1.cis_qtl_pairs.20.tsv,181363016,60151621,8,216764061732,905050768
dMean__Epithelial_0_ct_all/OPTIM_pcs/base_output/base/Cis_eqtls_independent.tsv,1752576,715981,8,216824213495,781925488
dMean__Epithelial_0_ct_all/OPTIM_pcs/base_output/base/cis_nominal1.cis_qtl_pairs.12.tsv,357924826,116904755,8,216824929610,3265190694
dMean__Epithelial_0_ct_all/OPTIM_pcs/base_output/base/cis_nominal1.cis_qtl_pairs.18.tsv,124322593,41059691,8,216941834507,3176034655
dMean__Epithelial_0_ct_all/OPTIM_pcs/base_output/base/cis_nominal1.cis_qtl_pairs.13.tsv,131473261,43078081,8,216982894340,936908791
dMean__T_9_r_all/OPTIM_pcs/base_output/base/cis_nominal1.cis_qtl_pairs.3.tsv,186384865,56354191,8,217025972563,926636711
dMean__T_9_r_all/OPTIM_pcs/base_output/base/cis_nominal1.cis_qtl_pairs.15.tsv,96460366,29598637,8,217082326885,3048088232
dMean__T_9_r_all/OPTIM_pcs/base_output/base/cis_nominal1.cis_qtl_pairs.16.tsv,136750304,43044442,8,217111925654,3705392410
dMean__T_9_r_all/OPTIM_pcs/base_output/base/cis_nominal1.cis_qtl_pairs.4.tsv,136727239,41171856,8,217154970228,396654836
dMean__T_9_r_all/OPTIM_pcs/base_output/base/cis_nominal1.cis_qtl_pairs.21.tsv,38119759,11791183,8,217196142215,3821270116
dMean__T_9_r_all/OPTIM_pcs/base_output/base/cis_nominal1.cis_qtl_pairs.7.tsv,165016994,50379164,8,217207933530,1861493867
dMean__T_9_r_all/OPTIM_pcs/base_output/base/cis_nominal1.cis_qtl_pairs.22.tsv,74411706,23225855,8,217258312825,2224074996
dMean__T_9_r_all/OPTIM_pcs/base_output/base/cis_nominal1.cis_qtl_pairs.11.tsv,177826296,53954872,8,217281538812,3730100736
dMean__T_9_r_all/OPTIM_pcs/base_output/base/cis_nominal1.cis_qtl_pairs.6.tsv,240415582,65558698,8,217335493816,3543437819
dMean__T_9_r_all/OPTIM_pcs/base_output/base/cis_nominal1.cis_qtl_pairs.2.tsv,228062739,69875868,8,217401052645,2453349524
dMean__T_9_r_all/OPTIM_pcs/base_output/base/cis_nominal1.cis_qtl_pairs.17.tsv,180889044,56016303,8,217470928644,2463957914
dMean__T_9_r_all/OPTIM_pcs/base_output/base/Cis_eqtls_qval.tsv,2083982,851772,8,217526945079,2334338450
dMean__T_9_r_all/OPTIM_pcs/base_output/base/cis_nominal1.cis_qtl_pairs.5.tsv,154618382,46934071,8,217527796968,697623062
dMean__T_9_r_all/OPTIM_pcs/base_output/base/cis_nominal1.cis_qtl_pairs.9.tsv,128284038,39732048,8,217574731170,390654549
dMean__T_9_r_all/OPTIM_pcs/base_output/base/cis_nominal1.cis_qtl_pairs.19.tsv,256713623,79266969,8,217614463349,3327996279
dMean__T_9_r_all/OPTIM_pcs/base_output/base/cis_nominal1.cis_qtl_pairs.10.tsv,131500081,39602336,8,217693730450,3877572245
dMean__T_9_r_all/OPTIM_pcs/base_output/base/cis_nominal1.cis_qtl_pairs.8.tsv,108042532,33053667,8,217733332918,1090344859
dMean__T_9_r_all/OPTIM_pcs/base_output/base/cis_nominal1.cis_qtl_pairs.14.tsv,125957589,38403255,8,217766386716,2996678649
dMean__T_9_r_all/OPTIM_pcs/base_output/base/cis_nominal1.cis_qtl_pairs.1.tsv,303073850,91908243,8,217804790103,3673400872
dMean__T_9_r_all/OPTIM_pcs/base_output/base/cis_nominal1.cis_qtl_pairs.20.tsv,92031410,28422873,8,217896698477,2359957331
dMean__T_9_r_all/OPTIM_pcs/base_output/base/Cis_eqtls_independent.tsv,1026,539,8,217925121482,2245332197
dMean__T_9_r_all/OPTIM_pcs/base_output/base/cis_nominal1.cis_qtl_pairs.12.tsv,179308302,53757894,8,217925122145,1926401352
dMean__T_9_r_all/OPTIM_pcs/base_output/base/cis_nominal1.cis_qtl_pairs.18.tsv,54806791,16792165,8,217978880171,3517701936
dMean__T_9_r_all/OPTIM_pcs/base_output/base/cis_nominal1.cis_qtl_pairs.13.tsv,68462001,20729438,8,217995672468,1605428838
dMean__Platelet_blood_all/OPTIM_pcs/base_output/base/cis_nominal1.cis_qtl_pairs.3.tsv,213663329,66660811,8,218016402038,116954553
dMean__Platelet_blood_all/OPTIM_pcs/base_output/base/cis_nominal1.cis_qtl_pairs.15.tsv,109513048,34664169,8,218083062989,2039163943
dMean__Platelet_blood_all/OPTIM_pcs/base_output/base/cis_nominal1.cis_qtl_pairs.16.tsv,155138137,49961856,8,218117727299,2524117537
dMean__Platelet_blood_all/OPTIM_pcs/base_output/base/cis_nominal1.cis_qtl_pairs.4.tsv,157230685,48613391,8,218167689296,2314676491
dMean__Platelet_blood_all/OPTIM_pcs/base_output/base/cis_nominal1.cis_qtl_pairs.21.tsv,36254754,11503722,8,218216302827,297756965
dMean__Platelet_blood_all/OPTIM_pcs/base_output/base/cis_nominal1.cis_qtl_pairs.7.tsv,183511073,57811768,8,218227806690,1266663278
dMean__Platelet_blood_all/OPTIM_pcs/base_output/base/cis_nominal1.cis_qtl_pairs.22.tsv,86649758,27590870,8,218285618598,972258238
dMean__Platelet_blood_all/OPTIM_pcs/base_output/base/cis_nominal1.cis_qtl_pairs.11.tsv,201174897,62721820,8,218313209609,1141882742
dMean__Platelet_blood_all/OPTIM_pcs/base_output/base/cis_nominal1.cis_qtl_pairs.6.tsv,270605139,76829047,8,218375931570,3262786140
dMean__Platelet_blood_all/OPTIM_pcs/base_output/base/cis_nominal1.cis_qtl_pairs.2.tsv,255469964,80651724,8,218452760757,3903520130
dMean__Platelet_blood_all/OPTIM_pcs/base_output/base/cis_nominal1.cis_qtl_pairs.17.tsv,201629147,64126641,8,218533412621,4264488825
dMean__Platelet_blood_all/OPTIM_pcs/base_output/base/Cis_eqtls_qval.tsv,2308613,980338,8,218597539403,3873231449
dMean__Platelet_blood_all/OPTIM_pcs/base_output/base/cis_nominal1.cis_qtl_pairs.5.tsv,177952196,55652767,8,218598519867,2303212365
dMean__Platelet_blood_all/OPTIM_pcs/base_output/base/cis_nominal1.cis_qtl_pairs.9.tsv,150247354,47810732,8,218654172774,2558940697
dMean__Platelet_blood_all/OPTIM_pcs/base_output/base/cis_nominal1.cis_qtl_pairs.19.tsv,304180423,96621641,8,218701983646,1762534518
dMean__Platelet_blood_all/OPTIM_pcs/base_output/base/cis_nominal1.cis_qtl_pairs.10.tsv,149058109,46069496,8,218798605428,658640252
dMean__Platelet_blood_all/OPTIM_pcs/base_output/base/cis_nominal1.cis_qtl_pairs.8.tsv,126508607,39879872,8,218844675065,1526476531
dMean__Platelet_blood_all/OPTIM_pcs/base_output/base/cis_nominal1.cis_qtl_pairs.14.tsv,129013430,40534094,8,218884555077,1999502332
dMean__Platelet_blood_all/OPTIM_pcs/base_output/base/cis_nominal1.cis_qtl_pairs.1.tsv,338461102,105472942,8,218925089312,1289513545
dMean__Platelet_blood_all/OPTIM_pcs/base_output/base/cis_nominal1.cis_qtl_pairs.20.tsv,98553318,31163091,8,219030562394,1813041444
dMean__Platelet_blood_all/OPTIM_pcs/base_output/base/Cis_eqtls_independent.tsv,30195,13107,8,219061725626,500436463
dMean__Platelet_blood_all/OPTIM_pcs/base_output/base/cis_nominal1.cis_qtl_pairs.12.tsv,202603078,62698461,8,219061738866,4164466663
dMean__Platelet_blood_all/OPTIM_pcs/base_output/base/cis_nominal1.cis_qtl_pairs.18.tsv,66114454,20891550,8,219124437468,983506440
dMean__Platelet_blood_all/OPTIM_pcs/base_output/base/cis_nominal1.cis_qtl_pairs.13.tsv,77222346,24016028,8,219145329159,2208644256
dMean__T_19_blood_all/OPTIM_pcs/base_output/base/cis_nominal1.cis_qtl_pairs.3.tsv,239493263,75985576,8,219169345328,587248883
dMean__T_19_blood_all/OPTIM_pcs/base_output/base/cis_nominal1.cis_qtl_pairs.15.tsv,130315076,41858218,8,219245331040,895157777
dMean__T_19_blood_all/OPTIM_pcs/base_output/base/cis_nominal1.cis_qtl_pairs.16.tsv,192081776,62606347,8,219287189395,1921636101
dMean__T_19_blood_all/OPTIM_pcs/base_output/base/cis_nominal1.cis_qtl_pairs.4.tsv,175724430,55370959,8,219349795879,1664607470
dMean__T_19_blood_all/OPTIM_pcs/base_output/base/cis_nominal1.cis_qtl_pairs.21.tsv,50720196,16274842,8,219405166974,3625031316
dMean__T_19_blood_all/OPTIM_pcs/base_output/base/cis_nominal1.cis_qtl_pairs.7.tsv,219821942,70279329,8,219421441953,752821222
dMean__T_19_blood_all/OPTIM_pcs/base_output/base/cis_nominal1.cis_qtl_pairs.22.tsv,101690117,32837001,8,219491721418,893442716
dMean__T_19_blood_all/OPTIM_pcs/base_output/base/cis_nominal1.cis_qtl_pairs.11.tsv,237753527,75231124,8,219524558556,678506542
dMean__T_19_blood_all/OPTIM_pcs/base_output/base/cis_nominal1.cis_qtl_pairs.6.tsv,318446539,93230680,8,219599789817,524625540
dMean__T_19_blood_all/OPTIM_pcs/base_output/base/cis_nominal1.cis_qtl_pairs.2.tsv,287120467,91920523,8,219693020633,1397915051
dMean__T_19_blood_all/OPTIM_pcs/base_output/base/cis_nominal1.cis_qtl_pairs.17.tsv,249306272,80291880,8,219784941292,223980162
dMean__T_19_blood_all/OPTIM_pcs/base_output/base/Cis_eqtls_qval.tsv,2686601,1130385,8,219865233309,1351485929
dMean__T_19_blood_all/OPTIM_pcs/base_output/base/cis_nominal1.cis_qtl_pairs.5.tsv,192280913,61132546,8,219866363816,2074528039
dMean__T_19_blood_all/OPTIM_pcs/base_output/base/cis_nominal1.cis_qtl_pairs.9.tsv,167592067,54109469,8,219927496498,1486650594
dMean__T_19_blood_all/OPTIM_pcs/base_output/base/cis_nominal1.cis_qtl_pairs.19.tsv,365188213,117726348,8,219981606103,1544264316
dMean__T_19_blood_all/OPTIM_pcs/base_output/base/cis_nominal1.cis_qtl_pairs.10.tsv,170603161,53579308,8,220099332588,603656769
dMean__T_19_blood_all/OPTIM_pcs/base_output/base/cis_nominal1.cis_qtl_pairs.8.tsv,145443620,46598121,8,220152912033,4229810106
dMean__T_19_blood_all/OPTIM_pcs/base_output/base/cis_nominal1.cis_qtl_pairs.14.tsv,163522169,52054547,8,220199510290,17015684
dMean__T_19_blood_all/OPTIM_pcs/base_output/base/cis_nominal1.cis_qtl_pairs.1.tsv,392329116,124586356,8,220251564974,2979204716
dMean__T_19_blood_all/OPTIM_pcs/base_output/base/cis_nominal1.cis_qtl_pairs.20.tsv,117602489,37721074,8,220376151466,89370044
dMean__T_19_blood_all/OPTIM_pcs/base_output/base/Cis_eqtls_independent.tsv,20335,8866,8,220413872677,4076036406
dMean__T_19_blood_all/OPTIM_pcs/base_output/base/cis_nominal1.cis_qtl_pairs.12.tsv,239696441,75458004,8,220413881672,1158304188
dMean__T_19_blood_all/OPTIM_pcs/base_output/base/cis_nominal1.cis_qtl_pairs.18.tsv,73424921,23493302,8,220489339813,3256694540
dMean__T_19_blood_all/OPTIM_pcs/base_output/base/cis_nominal1.cis_qtl_pairs.13.tsv,83590042,26404840,8,220512833252,3790658387
dMean__unannotated_ti_all/OPTIM_pcs/base_output/base/cis_nominal1.cis_qtl_pairs.3.tsv,462499277,152989719,8,220539238229,3044517601
dMean__unannotated_ti_all/OPTIM_pcs/base_output/base/cis_nominal1.cis_qtl_pairs.15.tsv,273509504,91141921,8,220692228088,2930069327
dMean__unannotated_ti_all/OPTIM_pcs/base_output/base/cis_nominal1.cis_qtl_pairs.16.tsv,403151940,135852610,8,220783370150,1660365099
dMean__unannotated_ti_all/OPTIM_pcs/base_output/base/cis_nominal1.cis_qtl_pairs.4.tsv,346413551,114148998,8,220919222901,1161658108
dMean__unannotated_ti_all/OPTIM_pcs/base_output/base/cis_nominal1.cis_qtl_pairs.21.tsv,106985009,35679999,8,221033372039,1601464305
dMean__unannotated_ti_all/OPTIM_pcs/base_output/base/cis_nominal1.cis_qtl_pairs.7.tsv,410429644,136777557,8,221069052179,3247665842
dMean__unannotated_ti_all/OPTIM_pcs/base_output/base/cis_nominal1.cis_qtl_pairs.22.tsv,203110770,67778463,8,221205829876,1040658959
dMean__unannotated_ti_all/OPTIM_pcs/base_output/base/cis_nominal1.cis_qtl_pairs.11.tsv,460054607,151752149,8,221273608480,3066758991
dMean__unannotated_ti_all/OPTIM_pcs/base_output/base/cis_nominal1.cis_qtl_pairs.6.tsv,589081856,184936405,8,221425360770,153840708
dMean__unannotated_ti_all/OPTIM_pcs/base_output/base/cis_nominal1.cis_qtl_pairs.2.tsv,542842169,180521051,8,221610297315,1291197392
dMean__unannotated_ti_all/OPTIM_pcs/base_output/base/cis_nominal1.cis_qtl_pairs.17.tsv,493624996,164710411,8,221790818506,1617768903
dMean__unannotated_ti_all/OPTIM_pcs/base_output/base/Cis_eqtls_qval.tsv,5219819,2250778,8,221955529058,1582856033
dMean__unannotated_ti_all/OPTIM_pcs/base_output/base/cis_nominal1.cis_qtl_pairs.5.tsv,387429843,128443628,8,221957779962,3938104629
dMean__unannotated_ti_all/OPTIM_pcs/base_output/base/cis_nominal1.cis_qtl_pairs.9.tsv,315441117,105764493,8,222086223730,2414791632
dMean__unannotated_ti_all/OPTIM_pcs/base_output/base/cis_nominal1.cis_qtl_pairs.19.tsv,650891493,217433555,8,222191988363,1607477272
dMean__unannotated_ti_all/OPTIM_pcs/base_output/base/cis_nominal1.cis_qtl_pairs.10.tsv,340472841,111767742,8,222409422059,2722470354
dMean__unannotated_ti_all/OPTIM_pcs/base_output/base/cis_nominal1.cis_qtl_pairs.8.tsv,320321753,106836490,8,222521189942,1761140212
dMean__unannotated_ti_all/OPTIM_pcs/base_output/base/cis_nominal1.cis_qtl_pairs.14.tsv,321803855,106592894,8,222628026572,1254575155
dMean__unannotated_ti_all/OPTIM_pcs/base_output/base/cis_nominal1.cis_qtl_pairs.1.tsv,763307895,252784245,8,222734619607,3643870393
dMean__unannotated_ti_all/OPTIM_pcs/base_output/base/cis_nominal1.cis_qtl_pairs.20.tsv,224310967,74763782,8,222987403992,78601834
dMean__unannotated_ti_all/OPTIM_pcs/base_output/base/Cis_eqtls_independent.tsv,2965381,1212008,8,223062167915,2030185245
dMean__unannotated_ti_all/OPTIM_pcs/base_output/base/cis_nominal1.cis_qtl_pairs.12.tsv,473813548,155748636,8,223063380056,1675194645
dMean__unannotated_ti_all/OPTIM_pcs/base_output/base/cis_nominal1.cis_qtl_pairs.18.tsv,158623733,52760674,8,223219128833,1689346434
dMean__unannotated_ti_all/OPTIM_pcs/base_output/base/cis_nominal1.cis_qtl_pairs.13.tsv,158895748,52465595,8,223271889648,1956140855
dMean__T_19_ti_all/OPTIM_pcs/base_output/base/cis_nominal1.cis_qtl_pairs.3.tsv,195307248,63768254,8,223324355384,878628042
dMean__T_19_ti_all/OPTIM_pcs/base_output/base/cis_nominal1.cis_qtl_pairs.15.tsv,103024586,33869639,8,223388123771,3001955509
dMean__T_19_ti_all/OPTIM_pcs/base_output/base/cis_nominal1.cis_qtl_pairs.16.tsv,145350575,48527577,8,223421993544,3204911134
dMean__T_19_ti_all/OPTIM_pcs/base_output/base/cis_nominal1.cis_qtl_pairs.4.tsv,145103369,47237668,8,223470521255,2789163016
dMean__T_19_ti_all/OPTIM_pcs/base_output/base/cis_nominal1.cis_qtl_pairs.21.tsv,38301190,12630234,8,223517759056,659545895
dMean__T_19_ti_all/OPTIM_pcs/base_output/base/cis_nominal1.cis_qtl_pairs.7.tsv,178496116,58854411,8,223530389424,2232370719
dMean__T_19_ti_all/OPTIM_pcs/base_output/base/cis_nominal1.cis_qtl_pairs.22.tsv,81236628,26829649,8,223589243968,1836452329
dMean__T_19_ti_all/OPTIM_pcs/base_output/base/cis_nominal1.cis_qtl_pairs.11.tsv,185291277,60411618,8,223616073751,2717301426
dMean__T_19_ti_all/OPTIM_pcs/base_output/base/cis_nominal1.cis_qtl_pairs.6.tsv,255348686,77942190,8,223676485503,3949330428
dMean__T_19_ti_all/OPTIM_pcs/base_output/base/cis_nominal1.cis_qtl_pairs.2.tsv,231231762,76105571,8,223754427826,2780617479
dMean__T_19_ti_all/OPTIM_pcs/base_output/base/cis_nominal1.cis_qtl_pairs.17.tsv,189051429,62373632,8,223830533530,736031192
dMean__T_19_ti_all/OPTIM_pcs/base_output/base/Cis_eqtls_qval.tsv,2136118,895649,8,223892907296,3127881751
dMean__T_19_ti_all/OPTIM_pcs/base_output/base/cis_nominal1.cis_qtl_pairs.5.tsv,158905543,51957689,8,223893803064,3414702429
dMean__T_19_ti_all/OPTIM_pcs/base_output/base/cis_nominal1.cis_qtl_pairs.9.tsv,135722063,44923767,8,223945760886,2245579872
dMean__T_19_ti_all/OPTIM_pcs/base_output/base/cis_nominal1.cis_qtl_pairs.19.tsv,277859120,91741814,8,223990684786,4053425499
dMean__T_19_ti_all/OPTIM_pcs/base_output/base/cis_nominal1.cis_qtl_pairs.10.tsv,141188080,45720618,8,224082426734,2678028294
dMean__T_19_ti_all/OPTIM_pcs/base_output/base/cis_nominal1.cis_qtl_pairs.8.tsv,114258862,37540403,8,224128147486,444750270
dMean__T_19_ti_all/OPTIM_pcs/base_output/base/cis_nominal1.cis_qtl_pairs.14.tsv,126286929,41334530,8,224165688022,1433923319
dMean__T_19_ti_all/OPTIM_pcs/base_output/base/cis_nominal1.cis_qtl_pairs.1.tsv,307532157,100494113,8,224207022686,524313936
dMean__T_19_ti_all/OPTIM_pcs/base_output/base/cis_nominal1.cis_qtl_pairs.20.tsv,93401999,30775868,8,224307516932,905563640
dMean__T_19_ti_all/OPTIM_pcs/base_output/base/Cis_eqtls_independent.tsv,13353,5904,8,224338292934,328756362
dMean__T_19_ti_all/OPTIM_pcs/base_output/base/cis_nominal1.cis_qtl_pairs.12.tsv,196368429,63621036,8,224338298964,2689413784
dMean__T_19_ti_all/OPTIM_pcs/base_output/base/cis_nominal1.cis_qtl_pairs.18.tsv,61143536,20075163,8,224401920134,211385155
dMean__T_19_ti_all/OPTIM_pcs/base_output/base/cis_nominal1.cis_qtl_pairs.13.tsv,72028961,23438883,8,224421995431,2237053775
dMean__B_8_ti_all/OPTIM_pcs/base_output/base/cis_nominal1.cis_qtl_pairs.3.tsv,284222826,91015704,8,224445434448,410736424
dMean__B_8_ti_all/OPTIM_pcs/base_output/base/cis_nominal1.cis_qtl_pairs.15.tsv,161606903,52254810,8,224536450284,378633682
dMean__B_8_ti_all/OPTIM_pcs/base_output/base/cis_nominal1.cis_qtl_pairs.16.tsv,236087976,77555508,8,224588705227,1836180367
dMean__B_8_ti_all/OPTIM_pcs/base_output/base/cis_nominal1.cis_qtl_pairs.4.tsv,201673304,64231463,8,224666260868,3643052253
dMean__B_8_ti_all/OPTIM_pcs/base_output/base/cis_nominal1.cis_qtl_pairs.21.tsv,61763199,20039168,8,224730492463,912252729
dMean__B_8_ti_all/OPTIM_pcs/base_output/base/cis_nominal1.cis_qtl_pairs.7.tsv,241526060,77985623,8,224750531764,1683210615
dMean__B_8_ti_all/OPTIM_pcs/base_output/base/cis_nominal1.cis_qtl_pairs.22.tsv,127912013,41530262,8,224828517519,555532912
dMean__B_8_ti_all/OPTIM_pcs/base_output/base/cis_nominal1.cis_qtl_pairs.11.tsv,271048240,86572175,8,224870047914,5206110
dMean__B_8_ti_all/OPTIM_pcs/base_output/base/cis_nominal1.cis_qtl_pairs.6.tsv,390006293,114972284,8,224956620222,1621779789
dMean__B_8_ti_all/OPTIM_pcs/base_output/base/cis_nominal1.cis_qtl_pairs.2.tsv,338015942,109017490,8,225071592638,559249088
dMean__B_8_ti_all/OPTIM_pcs/base_output/base/cis_nominal1.cis_qtl_pairs.17.tsv,282452452,91604071,8,225180610260,2845489834
dMean__B_8_ti_all/OPTIM_pcs/base_output/base/Cis_eqtls_qval.tsv,3172540,1354820,8,225272214464,580527792
dMean__B_8_ti_all/OPTIM_pcs/base_output/base/cis_nominal1.cis_qtl_pairs.5.tsv,227787106,73154792,8,225273569402,3163937478
dMean__B_8_ti_all/OPTIM_pcs/base_output/base/cis_nominal1.cis_qtl_pairs.9.tsv,198324281,64445439,8,225346724326,640801572
dMean__B_8_ti_all/OPTIM_pcs/base_output/base/cis_nominal1.cis_qtl_pairs.19.tsv,417990854,135566359,8,225411169897,3798845643
dMean__B_8_ti_all/OPTIM_pcs/base_output/base/cis_nominal1.cis_qtl_pairs.10.tsv,200518379,63541040,8,225546736389,2153998867
dMean__B_8_ti_all/OPTIM_pcs/base_output/base/cis_nominal1.cis_qtl_pairs.8.tsv,182420243,58905960,8,225610277562,2096176583
dMean__B_8_ti_all/OPTIM_pcs/base_output/base/cis_nominal1.cis_qtl_pairs.14.tsv,185674140,59625353,8,225669183654,995229248
dMean__B_8_ti_all/OPTIM_pcs/base_output/base/cis_nominal1.cis_qtl_pairs.1.tsv,461282857,147684246,8,225728809140,3200193838
dMean__B_8_ti_all/OPTIM_pcs/base_output/base/cis_nominal1.cis_qtl_pairs.20.tsv,133902944,43425726,8,225876493518,404571808
dMean__B_8_ti_all/OPTIM_pcs/base_output/base/Cis_eqtls_independent.tsv,47272,20082,8,225919919377,124189342
dMean__B_8_ti_all/OPTIM_pcs/base_output/base/cis_nominal1.cis_qtl_pairs.12.tsv,282965662,89981920,8,225919939584,3885306765
dMean__B_8_ti_all/OPTIM_pcs/base_output/base/cis_nominal1.cis_qtl_pairs.18.tsv,82114424,26437668,8,226009921637,2147474871
dMean__B_8_ti_all/OPTIM_pcs/base_output/base/cis_nominal1.cis_qtl_pairs.13.tsv,100288333,31970711,8,226036359438,4200935878
dMean__B_4_ti_all/OPTIM_pcs/base_output/base/cis_nominal1.cis_qtl_pairs.3.tsv,268501755,88225195,8,226068330282,1140238732
dMean__B_4_ti_all/OPTIM_pcs/base_output/base/cis_nominal1.cis_qtl_pairs.15.tsv,143618645,47518236,8,226156555609,2332264926
dMean__B_4_ti_all/OPTIM_pcs/base_output/base/cis_nominal1.cis_qtl_pairs.16.tsv,218534858,73282364,8,226204073978,3279109382
dMean__B_4_ti_all/OPTIM_pcs/base_output/base/cis_nominal1.cis_qtl_pairs.4.tsv,190274748,62416947,8,226277356475,3812120354
dMean__B_4_ti_all/OPTIM_pcs/base_output/base/cis_nominal1.cis_qtl_pairs.21.tsv,58659548,19413328,8,226339773554,728459744
dMean__B_4_ti_all/OPTIM_pcs/base_output/base/cis_nominal1.cis_qtl_pairs.7.tsv,230215613,76166640,8,226359187015,3363570061
dMean__B_4_ti_all/OPTIM_pcs/base_output/base/cis_nominal1.cis_qtl_pairs.22.tsv,124819301,41423825,8,226435353787,3586191813
dMean__B_4_ti_all/OPTIM_pcs/base_output/base/cis_nominal1.cis_qtl_pairs.11.tsv,259409115,85058882,8,226476777745,1531506091
dMean__B_4_ti_all/OPTIM_pcs/base_output/base/cis_nominal1.cis_qtl_pairs.6.tsv,365383805,113568736,8,226561836760,1306369066
dMean__B_4_ti_all/OPTIM_pcs/base_output/base/cis_nominal1.cis_qtl_pairs.2.tsv,315446759,104308700,8,226675405628,642514237
dMean__B_4_ti_all/OPTIM_pcs/base_output/base/cis_nominal1.cis_qtl_pairs.17.tsv,277161962,91941957,8,226779714460,3142455727
dMean__B_4_ti_all/OPTIM_pcs/base_output/base/Cis_eqtls_qval.tsv,3002755,1286348,8,226871656550,3530621356
dMean__B_4_ti_all/OPTIM_pcs/base_output/base/cis_nominal1.cis_qtl_pairs.5.tsv,211783884,69806387,8,226872943016,1651480447
dMean__B_4_ti_all/OPTIM_pcs/base_output/base/cis_nominal1.cis_qtl_pairs.9.tsv,185629128,61859980,8,226942749535,2982920943
dMean__B_4_ti_all/OPTIM_pcs/base_output/base/cis_nominal1.cis_qtl_pairs.19.tsv,387924012,128772283,8,227004609647,2565672553
dMean__B_4_ti_all/OPTIM_pcs/base_output/base/cis_nominal1.cis_qtl_pairs.10.tsv,183402004,59817590,8,227133382063,4061376355
dMean__B_4_ti_all/OPTIM_pcs/base_output/base/cis_nominal1.cis_qtl_pairs.8.tsv,164970412,54548787,8,227193199786,692892218
dMean__B_4_ti_all/OPTIM_pcs/base_output/base/cis_nominal1.cis_qtl_pairs.14.tsv,187985318,61930882,8,227247748705,1930994427
dMean__B_4_ti_all/OPTIM_pcs/base_output/base/cis_nominal1.cis_qtl_pairs.1.tsv,442995084,145829743,8,227309679720,1710289777
dMean__B_4_ti_all/OPTIM_pcs/base_output/base/cis_nominal1.cis_qtl_pairs.20.tsv,135365164,44877054,8,227455509595,3228535047
dMean__B_4_ti_all/OPTIM_pcs/base_output/base/Cis_eqtls_independent.tsv,80613,33894,8,227500386782,1359094868
dMean__B_4_ti_all/OPTIM_pcs/base_output/base/cis_nominal1.cis_qtl_pairs.12.tsv,278669251,90967558,8,227500420801,3990167636
dMean__B_4_ti_all/OPTIM_pcs/base_output/base/cis_nominal1.cis_qtl_pairs.18.tsv,77464730,25544765,8,227591388492,2725380378
dMean__B_4_ti_all/OPTIM_pcs/base_output/base/cis_nominal1.cis_qtl_pairs.13.tsv,88883309,29131044,8,227616933390,3451914869
dMean__T_20_blood_all/OPTIM_pcs/base_output/base/cis_nominal1.cis_qtl_pairs.3.tsv,249157467,78239150,8,227646064567,2437058387
dMean__T_20_blood_all/OPTIM_pcs/base_output/base/cis_nominal1.cis_qtl_pairs.15.tsv,128332888,40868794,8,227724303853,1429850776
dMean__T_20_blood_all/OPTIM_pcs/base_output/base/cis_nominal1.cis_qtl_pairs.16.tsv,184352315,59708733,8,227765172784,1281892422
dMean__T_20_blood_all/OPTIM_pcs/base_output/base/cis_nominal1.cis_qtl_pairs.4.tsv,181049055,56446424,8,227824881654,181684062
dMean__T_20_blood_all/OPTIM_pcs/base_output/base/cis_nominal1.cis_qtl_pairs.21.tsv,51370468,16394752,8,227881328214,1238742842
dMean__T_20_blood_all/OPTIM_pcs/base_output/base/cis_nominal1.cis_qtl_pairs.7.tsv,225046225,71402124,8,227897723103,489137891
dMean__T_20_blood_all/OPTIM_pcs/base_output/base/cis_nominal1.cis_qtl_pairs.22.tsv,98396586,31558854,8,227969125363,4175205674
dMean__T_20_blood_all/OPTIM_pcs/base_output/base/cis_nominal1.cis_qtl_pairs.11.tsv,234330409,73644151,8,228000684354,2509453475
dMean__T_20_blood_all/OPTIM_pcs/base_output/base/cis_nominal1.cis_qtl_pairs.6.tsv,329563195,94879810,8,228074328642,119997038
dMean__T_20_blood_all/OPTIM_pcs/base_output/base/cis_nominal1.cis_qtl_pairs.2.tsv,289001322,91681060,8,228169208588,1426756877
dMean__T_20_blood_all/OPTIM_pcs/base_output/base/cis_nominal1.cis_qtl_pairs.17.tsv,238472916,76179899,8,228260889784,2664323319
dMean__T_20_blood_all/OPTIM_pcs/base_output/base/Cis_eqtls_qval.tsv,2673338,1112892,8,228337069820,3686708311
dMean__T_20_blood_all/OPTIM_pcs/base_output/base/cis_nominal1.cis_qtl_pairs.5.tsv,193458893,61020979,8,228338182834,41209439
dMean__T_20_blood_all/OPTIM_pcs/base_output/base/cis_nominal1.cis_qtl_pairs.9.tsv,171692725,55019016,8,228399203949,471502031
dMean__T_20_blood_all/OPTIM_pcs/base_output/base/cis_nominal1.cis_qtl_pairs.19.tsv,351184586,112228906,8,228454223101,2528122883
dMean__T_20_blood_all/OPTIM_pcs/base_output/base/cis_nominal1.cis_qtl_pairs.10.tsv,178235392,55470362,8,228566452144,3936985190
dMean__T_20_blood_all/OPTIM_pcs/base_output/base/cis_nominal1.cis_qtl_pairs.8.tsv,150170701,47674242,8,228621922643,2813847995
dMean__T_20_blood_all/OPTIM_pcs/base_output/base/cis_nominal1.cis_qtl_pairs.14.tsv,158125673,49974215,8,228669597021,243115812
dMean__T_20_blood_all/OPTIM_pcs/base_output/base/cis_nominal1.cis_qtl_pairs.1.tsv,386674560,121693413,8,228719571373,4240077313
dMean__T_20_blood_all/OPTIM_pcs/base_output/base/cis_nominal1.cis_qtl_pairs.20.tsv,114482516,36419443,8,228841264922,3274746915
dMean__T_20_blood_all/OPTIM_pcs/base_output/base/Cis_eqtls_independent.tsv,7556,3402,8,228877684502,2190410771
dMean__T_20_blood_all/OPTIM_pcs/base_output/base/cis_nominal1.cis_qtl_pairs.12.tsv,234432580,73280874,8,228877688033,2823057392
dMean__T_20_blood_all/OPTIM_pcs/base_output/base/cis_nominal1.cis_qtl_pairs.18.tsv,74284200,23610749,8,228950969044,2988071557
dMean__T_20_blood_all/OPTIM_pcs/base_output/base/cis_nominal1.cis_qtl_pairs.13.tsv,84369009,26418442,8,228974579930,1624630677
dMean__T_21_ti_all/OPTIM_pcs/base_output/base/cis_nominal1.cis_qtl_pairs.3.tsv,200104890,63322629,8,229000998509,107858013
dMean__T_21_ti_all/OPTIM_pcs/base_output/base/cis_nominal1.cis_qtl_pairs.15.tsv,105401678,33858086,8,229064321271,3500260524
dMean__T_21_ti_all/OPTIM_pcs/base_output/base/cis_nominal1.cis_qtl_pairs.16.tsv,155196647,50614527,8,229098179491,4057942949
dMean__T_21_ti_all/OPTIM_pcs/base_output/base/cis_nominal1.cis_qtl_pairs.4.tsv,144561564,45657925,8,229148794152,3809498386
dMean__T_21_ti_all/OPTIM_pcs/base_output/base/cis_nominal1.cis_qtl_pairs.21.tsv,42445066,13659203,8,229194452210,1719435552
dMean__T_21_ti_all/OPTIM_pcs/base_output/base/cis_nominal1.cis_qtl_pairs.7.tsv,185279591,59209874,8,229208111547,4032964846
dMean__T_21_ti_all/OPTIM_pcs/base_output/base/cis_nominal1.cis_qtl_pairs.22.tsv,83112342,26820546,8,229267321554,410076996
dMean__T_21_ti_all/OPTIM_pcs/base_output/base/cis_nominal1.cis_qtl_pairs.11.tsv,194066268,61351680,8,229294142234,3449884372
dMean__T_21_ti_all/OPTIM_pcs/base_output/base/cis_nominal1.cis_qtl_pairs.6.tsv,270857217,79052650,8,229355494048,2688459328
dMean__T_21_ti_all/OPTIM_pcs/base_output/base/cis_nominal1.cis_qtl_pairs.2.tsv,237869981,76057558,8,229434546831,2470707264
dMean__T_21_ti_all/OPTIM_pcs/base_output/base/cis_nominal1.cis_qtl_pairs.17.tsv,199685966,64332435,8,229510604522,2442335187
dMean__T_21_ti_all/OPTIM_pcs/base_output/base/Cis_eqtls_qval.tsv,2219023,913740,8,229574937091,3554938325
dMean__T_21_ti_all/OPTIM_pcs/base_output/base/cis_nominal1.cis_qtl_pairs.5.tsv,164154900,52205430,8,229575850950,3406974692
dMean__T_21_ti_all/OPTIM_pcs/base_output/base/cis_nominal1.cis_qtl_pairs.9.tsv,136358815,43938558,8,229628056513,3000707195
dMean__T_21_ti_all/OPTIM_pcs/base_output/base/cis_nominal1.cis_qtl_pairs.19.tsv,293175703,94174382,8,229671995204,2215288590
dMean__T_21_ti_all/OPTIM_pcs/base_output/base/cis_nominal1.cis_qtl_pairs.10.tsv,144341076,45282642,8,229766169720,3512808792
dMean__T_21_ti_all/OPTIM_pcs/base_output/base/cis_nominal1.cis_qtl_pairs.8.tsv,119165583,38133013,8,229811452496,2653071634
dMean__T_21_ti_all/OPTIM_pcs/base_output/base/cis_nominal1.cis_qtl_pairs.14.tsv,131487623,41792439,8,229849585642,39793471
dMean__T_21_ti_all/OPTIM_pcs/base_output/base/cis_nominal1.cis_qtl_pairs.1.tsv,320902105,101739206,8,229891378215,2676383247
dMean__T_21_ti_all/OPTIM_pcs/base_output/base/cis_nominal1.cis_qtl_pairs.20.tsv,101320930,32564661,8,229993117554,4155368235
dMean__T_21_ti_all/OPTIM_pcs/base_output/base/Cis_eqtls_independent.tsv,3546,1670,8,230025682349,2830326612
dMean__T_21_ti_all/OPTIM_pcs/base_output/base/cis_nominal1.cis_qtl_pairs.12.tsv,195378800,61415051,8,230025684145,360503905
dMean__T_21_ti_all/OPTIM_pcs/base_output/base/cis_nominal1.cis_qtl_pairs.18.tsv,57415502,18365038,8,230087099330,2678419896
dMean__T_21_ti_all/OPTIM_pcs/base_output/base/cis_nominal1.cis_qtl_pairs.13.tsv,73688342,23270642,8,230105464502,1532847744
dMean__B_5_ct_all/OPTIM_pcs/base_output/base/cis_nominal1.cis_qtl_pairs.3.tsv,239884818,79317950,8,230128735278,1704757374
dMean__B_5_ct_all/OPTIM_pcs/base_output/base/cis_nominal1.cis_qtl_pairs.15.tsv,125036132,41642371,8,230208053360,3655927685
dMean__B_5_ct_all/OPTIM_pcs/base_output/base/cis_nominal1.cis_qtl_pairs.16.tsv,181930360,61395610,8,230249695864,1557368329
dMean__B_5_ct_all/OPTIM_pcs/base_output/base/cis_nominal1.cis_qtl_pairs.4.tsv,180912398,59796548,8,230311091607,3282135676
dMean__B_5_ct_all/OPTIM_pcs/base_output/base/cis_nominal1.cis_qtl_pairs.21.tsv,50500607,16848465,8,230370888287,2360545216
dMean__B_5_ct_all/OPTIM_pcs/base_output/base/cis_nominal1.cis_qtl_pairs.7.tsv,208413872,69540249,8,230387736885,463530203
dMean__B_5_ct_all/OPTIM_pcs/base_output/base/cis_nominal1.cis_qtl_pairs.22.tsv,103454958,34570520,8,230457277266,3115767545
dMean__B_5_ct_all/OPTIM_pcs/base_output/base/cis_nominal1.cis_qtl_pairs.11.tsv,228961297,75686800,8,230491847919,2267494563
dMean__B_5_ct_all/OPTIM_pcs/base_output/base/cis_nominal1.cis_qtl_pairs.6.tsv,313439989,98131149,8,230567534852,1303851734
dMean__B_5_ct_all/OPTIM_pcs/base_output/base/cis_nominal1.cis_qtl_pairs.2.tsv,292754997,97526250,8,230665666133,4046135423
dMean__B_5_ct_all/OPTIM_pcs/base_output/base/cis_nominal1.cis_qtl_pairs.17.tsv,234165248,78090615,8,230763192515,4018893867
dMean__B_5_ct_all/OPTIM_pcs/base_output/base/Cis_eqtls_qval.tsv,2616537,1103756,8,230841283263,2321007170
dMean__B_5_ct_all/OPTIM_pcs/base_output/base/cis_nominal1.cis_qtl_pairs.5.tsv,188883742,62648626,8,230842387137,2893318750
dMean__B_5_ct_all/OPTIM_pcs/base_output/base/cis_nominal1.cis_qtl_pairs.9.tsv,169052034,56721179,8,230905035895,563506713
dMean__B_5_ct_all/OPTIM_pcs/base_output/base/cis_nominal1.cis_qtl_pairs.19.tsv,308945326,103304088,8,230961757206,3702237284
dMean__B_5_ct_all/OPTIM_pcs/base_output/base/cis_nominal1.cis_qtl_pairs.10.tsv,169441188,55692926,8,231065061427,3564833828
dMean__B_5_ct_all/OPTIM_pcs/base_output/base/cis_nominal1.cis_qtl_pairs.8.tsv,146824144,48910013,8,231120754486,3138716451
dMean__B_5_ct_all/OPTIM_pcs/base_output/base/cis_nominal1.cis_qtl_pairs.14.tsv,159871686,53014382,8,231169664631,2506427156
dMean__B_5_ct_all/OPTIM_pcs/base_output/base/cis_nominal1.cis_qtl_pairs.1.tsv,388438200,128646080,8,231222679146,2892993922
dMean__B_5_ct_all/OPTIM_pcs/base_output/base/cis_nominal1.cis_qtl_pairs.20.tsv,115075463,38376809,8,231351325358,1198388504
dMean__B_5_ct_all/OPTIM_pcs/base_output/base/Cis_eqtls_independent.tsv,19362,8481,8,231389702300,3774636227
dMean__B_5_ct_all/OPTIM_pcs/base_output/base/cis_nominal1.cis_qtl_pairs.12.tsv,240203742,78942586,8,231389710906,1565966652
dMean__B_5_ct_all/OPTIM_pcs/base_output/base/cis_nominal1.cis_qtl_pairs.18.tsv,67046461,22293805,8,231468653625,3815743797
dMean__B_5_ct_all/OPTIM_pcs/base_output/base/cis_nominal1.cis_qtl_pairs.13.tsv,84425104,27848555,8,231490947563,680493456
dMean__Myeloid_ti_all/OPTIM_pcs/base_output/base/cis_nominal1.cis_qtl_pairs.3.tsv,316693256,104864832,8,231518796251,3139372404
dMean__Myeloid_ti_all/OPTIM_pcs/base_output/base/cis_nominal1.cis_qtl_pairs.15.tsv,176660149,58885132,8,231623661219,2343567396
dMean__Myeloid_ti_all/OPTIM_pcs/base_output/base/cis_nominal1.cis_qtl_pairs.16.tsv,261309606,88196405,8,231682546488,3698788185
dMean__Myeloid_ti_all/OPTIM_pcs/base_output/base/cis_nominal1.cis_qtl_pairs.4.tsv,230332507,76118102,8,231770743030,646411870
dMean__Myeloid_ti_all/OPTIM_pcs/base_output/base/cis_nominal1.cis_qtl_pairs.21.tsv,67400678,22504748,8,231846861268,1169081261
dMean__Myeloid_ti_all/OPTIM_pcs/base_output/base/cis_nominal1.cis_qtl_pairs.7.tsv,276480164,92308706,8,231869366153,1081917232
dMean__Myeloid_ti_all/OPTIM_pcs/base_output/base/cis_nominal1.cis_qtl_pairs.22.tsv,135164980,45166402,8,231961674995,1764214178
dMean__Myeloid_ti_all/OPTIM_pcs/base_output/base/cis_nominal1.cis_qtl_pairs.11.tsv,316524132,104557114,8,232006841534,4017907775
dMean__Myeloid_ti_all/OPTIM_pcs/base_output/base/cis_nominal1.cis_qtl_pairs.6.tsv,420265349,131704411,8,232111398785,2791063806
dMean__Myeloid_ti_all/OPTIM_pcs/base_output/base/cis_nominal1.cis_qtl_pairs.2.tsv,372268681,123963418,8,232243103332,200392586
dMean__Myeloid_ti_all/OPTIM_pcs/base_output/base/cis_nominal1.cis_qtl_pairs.17.tsv,335142728,112015555,8,232367066886,3696020145
dMean__Myeloid_ti_all/OPTIM_pcs/base_output/base/Cis_eqtls_qval.tsv,3543051,1522358,8,232479082578,568571191
dMean__Myeloid_ti_all/OPTIM_pcs/base_output/base/cis_nominal1.cis_qtl_pairs.5.tsv,253838380,84219116,8,232480605058,2840906020
dMean__Myeloid_ti_all/OPTIM_pcs/base_output/base/cis_nominal1.cis_qtl_pairs.9.tsv,224379436,75231629,8,232564824310,72072756
dMean__Myeloid_ti_all/OPTIM_pcs/base_output/base/cis_nominal1.cis_qtl_pairs.19.tsv,478107067,159898594,8,232640056075,983915035
dMean__Myeloid_ti_all/OPTIM_pcs/base_output/base/cis_nominal1.cis_qtl_pairs.10.tsv,238485428,78446179,8,232799954806,3063923853
dMean__Myeloid_ti_all/OPTIM_pcs/base_output/base/cis_nominal1.cis_qtl_pairs.8.tsv,205468684,68642238,8,232878401122,3950539350
dMean__Myeloid_ti_all/OPTIM_pcs/base_output/base/cis_nominal1.cis_qtl_pairs.14.tsv,210040543,69643017,8,232947043496,867404343
dMean__Myeloid_ti_all/OPTIM_pcs/base_output/base/cis_nominal1.cis_qtl_pairs.1.tsv,520363725,172537520,8,233016686650,1853063540
dMean__Myeloid_ti_all/OPTIM_pcs/base_output/base/cis_nominal1.cis_qtl_pairs.20.tsv,151616579,50582293,8,233189224306,3896776970
dMean__Myeloid_ti_all/OPTIM_pcs/base_output/base/Cis_eqtls_independent.tsv,234262,96606,8,233239806736,65039167
dMean__Myeloid_ti_all/OPTIM_pcs/base_output/base/cis_nominal1.cis_qtl_pairs.12.tsv,321488761,105830871,8,233239903471,3558669044
dMean__Myeloid_ti_all/OPTIM_pcs/base_output/base/cis_nominal1.cis_qtl_pairs.18.tsv,96616861,32195683,8,233345734479,491001072
dMean__Myeloid_ti_all/OPTIM_pcs/base_output/base/cis_nominal1.cis_qtl_pairs.13.tsv,105617702,34900697,8,233377930299,274395099
dMean__B_3_ti_all/OPTIM_pcs/base_output/base/cis_nominal1.cis_qtl_pairs.3.tsv,231063657,75754007,8,233412831133,3713749509
dMean__B_3_ti_all/OPTIM_pcs/base_output/base/cis_nominal1.cis_qtl_pairs.15.tsv,122717142,40559307,8,233488585272,93403526
dMean__B_3_ti_all/OPTIM_pcs/base_output/base/cis_nominal1.cis_qtl_pairs.16.tsv,179011912,59964096,8,233529144712,3752403113
dMean__B_3_ti_all/OPTIM_pcs/base_output/base/cis_nominal1.cis_qtl_pairs.4.tsv,170376958,55738693,8,233589108941,3899698779
dMean__B_3_ti_all/OPTIM_pcs/base_output/base/cis_nominal1.cis_qtl_pairs.21.tsv,48359133,16014188,8,233644847766,4181908632
dMean__B_3_ti_all/OPTIM_pcs/base_output/base/cis_nominal1.cis_qtl_pairs.7.tsv,200564724,66336083,8,233660862087,3317284736
dMean__B_3_ti_all/OPTIM_pcs/base_output/base/cis_nominal1.cis_qtl_pairs.22.tsv,100274971,33211528,8,233727198302,851021399
dMean__B_3_ti_all/OPTIM_pcs/base_output/base/cis_nominal1.cis_qtl_pairs.11.tsv,224780688,73476978,8,233760409963,3825208081
dMean__B_3_ti_all/OPTIM_pcs/base_output/base/cis_nominal1.cis_qtl_pairs.6.tsv,326555536,100367565,8,233833887074,4047104293
dMean__B_3_ti_all/OPTIM_pcs/base_output/base/cis_nominal1.cis_qtl_pairs.2.tsv,275724517,91050191,8,233934254771,1561206914
dMean__B_3_ti_all/OPTIM_pcs/base_output/base/cis_nominal1.cis_qtl_pairs.17.tsv,233569208,77448523,8,234025305094,3374568473
dMean__B_3_ti_all/OPTIM_pcs/base_output/base/Cis_eqtls_qval.tsv,2583375,1101585,8,234102753750,1985322836
dMean__B_3_ti_all/OPTIM_pcs/base_output/base/cis_nominal1.cis_qtl_pairs.5.tsv,182292068,59980015,8,234103855453,4121847355
dMean__B_3_ti_all/OPTIM_pcs/base_output/base/cis_nominal1.cis_qtl_pairs.9.tsv,160113822,53260192,8,234163835600,2645416869
dMean__B_3_ti_all/OPTIM_pcs/base_output/base/cis_nominal1.cis_qtl_pairs.19.tsv,344847079,114289722,8,234217095924,1884236214
dMean__B_3_ti_all/OPTIM_pcs/base_output/base/cis_nominal1.cis_qtl_pairs.10.tsv,164561575,53460249,8,234331385779,4236157850
dMean__B_3_ti_all/OPTIM_pcs/base_output/base/cis_nominal1.cis_qtl_pairs.8.tsv,144057991,47633175,8,234384846161,983892173
dMean__B_3_ti_all/OPTIM_pcs/base_output/base/cis_nominal1.cis_qtl_pairs.14.tsv,155594504,51197923,8,234432479468,1692674738
dMean__B_3_ti_all/OPTIM_pcs/base_output/base/cis_nominal1.cis_qtl_pairs.1.tsv,377214035,123751550,8,234483677524,206408587
dMean__B_3_ti_all/OPTIM_pcs/base_output/base/cis_nominal1.cis_qtl_pairs.20.tsv,112340932,37192895,8,234607429206,3668302840
dMean__B_3_ti_all/OPTIM_pcs/base_output/base/Cis_eqtls_independent.tsv,69140,29173,8,234644622234,1373240144
dMean__B_3_ti_all/OPTIM_pcs/base_output/base/cis_nominal1.cis_qtl_pairs.12.tsv,234465746,76371263,8,234644651532,2989290187
dMean__B_3_ti_all/OPTIM_pcs/base_output/base/cis_nominal1.cis_qtl_pairs.18.tsv,68915421,22718985,8,234721022928,3223064288
dMean__B_3_ti_all/OPTIM_pcs/base_output/base/cis_nominal1.cis_qtl_pairs.13.tsv,80015542,26147291,8,234743742046,3125450030
dMean__T_15_blood_all/OPTIM_pcs/base_output/base/cis_nominal1.cis_qtl_pairs.3.tsv,271389656,84460395,8,234769889470,2967421844
dMean__T_15_blood_all/OPTIM_pcs/base_output/base/cis_nominal1.cis_qtl_pairs.15.tsv,154448147,48809186,8,234854350001,3483304177
dMean__T_15_blood_all/OPTIM_pcs/base_output/base/cis_nominal1.cis_qtl_pairs.16.tsv,226714071,72917614,8,234903159324,2609267651
dMean__T_15_blood_all/OPTIM_pcs/base_output/base/cis_nominal1.cis_qtl_pairs.4.tsv,191962923,59422125,8,234976077075,3604400631
dMean__T_15_blood_all/OPTIM_pcs/base_output/base/cis_nominal1.cis_qtl_pairs.21.tsv,58948619,18626435,8,235035499336,3431819085
dMean__T_15_blood_all/OPTIM_pcs/base_output/base/cis_nominal1.cis_qtl_pairs.7.tsv,251070797,78849895,8,235054125908,627217653
dMean__T_15_blood_all/OPTIM_pcs/base_output/base/cis_nominal1.cis_qtl_pairs.22.tsv,120459668,38326096,8,235132975939,884878311
dMean__T_15_blood_all/OPTIM_pcs/base_output/base/cis_nominal1.cis_qtl_pairs.11.tsv,277906313,86412448,8,235171302172,2950891534
dMean__T_15_blood_all/OPTIM_pcs/base_output/base/cis_nominal1.cis_qtl_pairs.6.tsv,374373164,105242457,8,235257714757,387986518
dMean__T_15_blood_all/OPTIM_pcs/base_output/base/cis_nominal1.cis_qtl_pairs.2.tsv,326842874,102845009,8,235362957350,1546463002
dMean__T_15_blood_all/OPTIM_pcs/base_output/base/cis_nominal1.cis_qtl_pairs.17.tsv,300764822,95512486,8,235465802495,4263952615
dMean__T_15_blood_all/OPTIM_pcs/base_output/base/Cis_eqtls_qval.tsv,3142111,1336076,8,235561315118,2404798999
dMean__T_15_blood_all/OPTIM_pcs/base_output/base/cis_nominal1.cis_qtl_pairs.5.tsv,225006123,70254917,8,235562651316,1818007289
dMean__T_15_blood_all/OPTIM_pcs/base_output/base/cis_nominal1.cis_qtl_pairs.9.tsv,195456934,62142125,8,235632906369,1077287190
dMean__T_15_blood_all/OPTIM_pcs/base_output/base/cis_nominal1.cis_qtl_pairs.19.tsv,422624715,134191678,8,235695048630,1236336395
dMean__T_15_blood_all/OPTIM_pcs/base_output/base/cis_nominal1.cis_qtl_pairs.10.tsv,202576220,62362141,8,235829240445,3324305
dMean__T_15_blood_all/OPTIM_pcs/base_output/base/cis_nominal1.cis_qtl_pairs.8.tsv,175609957,55310862,8,235891602723,2920559849
dMean__T_15_blood_all/OPTIM_pcs/base_output/base/cis_nominal1.cis_qtl_pairs.14.tsv,189580113,59319505,8,235946913721,4254675314
dMean__T_15_blood_all/OPTIM_pcs/base_output/base/cis_nominal1.cis_qtl_pairs.1.tsv,459711519,143307142,8,236006233363,3115011698
dMean__T_15_blood_all/OPTIM_pcs/base_output/base/cis_nominal1.cis_qtl_pairs.20.tsv,132219568,41703276,8,236149540641,3673848751
dMean__T_15_blood_all/OPTIM_pcs/base_output/base/Cis_eqtls_independent.tsv,43250,18419,8,236191244054,1148137587
dMean__T_15_blood_all/OPTIM_pcs/base_output/base/cis_nominal1.cis_qtl_pairs.12.tsv,289908182,89557213,8,236191262602,3707759952
dMean__T_15_blood_all/OPTIM_pcs/base_output/base/cis_nominal1.cis_qtl_pairs.18.tsv,85182598,26800182,8,236280819952,2694713052
dMean__T_15_blood_all/OPTIM_pcs/base_output/base/cis_nominal1.cis_qtl_pairs.13.tsv,91861603,28472751,8,236307620271,603333051
dMean__T_9_ct_all/OPTIM_pcs/base_output/base/cis_nominal1.cis_qtl_pairs.3.tsv,263651405,86201348,8,236336093159,3992134993
dMean__T_9_ct_all/OPTIM_pcs/base_output/base/cis_nominal1.cis_qtl_pairs.15.tsv,146606100,48322177,8,236422294639,1628529203
dMean__T_9_ct_all/OPTIM_pcs/base_output/base/cis_nominal1.cis_qtl_pairs.16.tsv,227579348,76017335,8,236470616949,769338436
dMean__T_9_ct_all/OPTIM_pcs/base_output/base/cis_nominal1.cis_qtl_pairs.4.tsv,188528548,61474070,8,236546634417,4279950943
dMean__T_9_ct_all/OPTIM_pcs/base_output/base/cis_nominal1.cis_qtl_pairs.21.tsv,61720835,20386301,8,236608108619,167537247
dMean__T_9_ct_all/OPTIM_pcs/base_output/base/cis_nominal1.cis_qtl_pairs.7.tsv,245720974,80925182,8,236628495053,1842776101
dMean__T_9_ct_all/OPTIM_pcs/base_output/base/cis_nominal1.cis_qtl_pairs.22.tsv,117279345,38808676,8,236709420367,1491016015
dMean__T_9_ct_all/OPTIM_pcs/base_output/base/cis_nominal1.cis_qtl_pairs.11.tsv,263454072,86029640,8,236748229176,806598914
dMean__T_9_ct_all/OPTIM_pcs/base_output/base/cis_nominal1.cis_qtl_pairs.6.tsv,362808190,110936131,8,236834258949,1401544410
dMean__T_9_ct_all/OPTIM_pcs/base_output/base/cis_nominal1.cis_qtl_pairs.2.tsv,322205854,106103049,8,236945195212,1663386527
dMean__T_9_ct_all/OPTIM_pcs/base_output/base/cis_nominal1.cis_qtl_pairs.17.tsv,291799244,96363876,8,237051298393,568857857
dMean__T_9_ct_all/OPTIM_pcs/base_output/base/Cis_eqtls_qval.tsv,3069847,1314090,8,237147662402,3341718092
dMean__T_9_ct_all/OPTIM_pcs/base_output/base/cis_nominal1.cis_qtl_pairs.5.tsv,224035981,73462740,8,237148976610,2851181008
dMean__T_9_ct_all/OPTIM_pcs/base_output/base/cis_nominal1.cis_qtl_pairs.9.tsv,187999785,62386595,8,237222439482,629318703
dMean__T_9_ct_all/OPTIM_pcs/base_output/base/cis_nominal1.cis_qtl_pairs.19.tsv,412526153,136402366,8,237284826209,740663131
dMean__T_9_ct_all/OPTIM_pcs/base_output/base/cis_nominal1.cis_qtl_pairs.10.tsv,192054455,62266284,8,237421228708,407477855
dMean__T_9_ct_all/OPTIM_pcs/base_output/base/cis_nominal1.cis_qtl_pairs.8.tsv,167342652,55324136,8,237483495125,2026644279
dMean__T_9_ct_all/OPTIM_pcs/base_output/base/cis_nominal1.cis_qtl_pairs.14.tsv,189577833,62128611,8,237538819393,3213421278
dMean__T_9_ct_all/OPTIM_pcs/base_output/base/cis_nominal1.cis_qtl_pairs.1.tsv,440328366,144273282,8,237600948137,3641491678
dMean__T_9_ct_all/OPTIM_pcs/base_output/base/cis_nominal1.cis_qtl_pairs.20.tsv,135883995,44858268,8,237745221551,2529178279
dMean__T_9_ct_all/OPTIM_pcs/base_output/base/Cis_eqtls_independent.tsv,134969,55937,8,237790079952,3998302936
dMean__T_9_ct_all/OPTIM_pcs/base_output/base/cis_nominal1.cis_qtl_pairs.12.tsv,283853892,92068940,8,237790136014,1119734241
dMean__T_9_ct_all/OPTIM_pcs/base_output/base/cis_nominal1.cis_qtl_pairs.18.tsv,83101003,27344285,8,237882205087,2776216989
dMean__T_9_ct_all/OPTIM_pcs/base_output/base/cis_nominal1.cis_qtl_pairs.13.tsv,95869786,31256534,8,237909549505,2486930324
dMean__Myeloid_0_ti_all/OPTIM_pcs/base_output/base/cis_nominal1.cis_qtl_pairs.3.tsv,184569312,55527088,8,237940806172,1500866958
dMean__Myeloid_0_ti_all/OPTIM_pcs/base_output/base/cis_nominal1.cis_qtl_pairs.15.tsv,97156081,29787638,8,237996333398,3090448738
dMean__Myeloid_0_ti_all/OPTIM_pcs/base_output/base/cis_nominal1.cis_qtl_pairs.16.tsv,146143751,45676250,8,238026121175,3679983618
dMean__Myeloid_0_ti_all/OPTIM_pcs/base_output/base/cis_nominal1.cis_qtl_pairs.4.tsv,140000724,41752349,8,238071797564,2775435950
dMean__Myeloid_0_ti_all/OPTIM_pcs/base_output/base/cis_nominal1.cis_qtl_pairs.21.tsv,39897960,12309891,8,238113550051,4103715822
dMean__Myeloid_0_ti_all/OPTIM_pcs/base_output/base/cis_nominal1.cis_qtl_pairs.7.tsv,173954386,52978596,8,238125860081,1902674017
dMean__Myeloid_0_ti_all/OPTIM_pcs/base_output/base/cis_nominal1.cis_qtl_pairs.22.tsv,77633634,23931472,8,238178838815,1037212322
dMean__Myeloid_0_ti_all/OPTIM_pcs/base_output/base/cis_nominal1.cis_qtl_pairs.11.tsv,193201123,58128988,8,238202770426,3122136495
dMean__Myeloid_0_ti_all/OPTIM_pcs/base_output/base/cis_nominal1.cis_qtl_pairs.6.tsv,260527135,69850365,8,238260899553,3484458539
dMean__Myeloid_0_ti_all/OPTIM_pcs/base_output/base/cis_nominal1.cis_qtl_pairs.2.tsv,224130230,68338874,8,238330750056,3973726517
dMean__Myeloid_0_ti_all/OPTIM_pcs/base_output/base/cis_nominal1.cis_qtl_pairs.17.tsv,193270403,59631374,8,238399089068,3633337672
dMean__Myeloid_0_ti_all/OPTIM_pcs/base_output/base/Cis_eqtls_qval.tsv,2154539,881735,8,238458720581,2088335879
dMean__Myeloid_0_ti_all/OPTIM_pcs/base_output/base/cis_nominal1.cis_qtl_pairs.5.tsv,155255650,46899231,8,238459602440,119379490
dMean__Myeloid_0_ti_all/OPTIM_pcs/base_output/base/cis_nominal1.cis_qtl_pairs.9.tsv,138489093,42733671,8,238506501809,2757720889
dMean__Myeloid_0_ti_all/OPTIM_pcs/base_output/base/cis_nominal1.cis_qtl_pairs.19.tsv,262484231,81199227,8,238549235618,1487400708
dMean__Myeloid_0_ti_all/OPTIM_pcs/base_output/base/cis_nominal1.cis_qtl_pairs.10.tsv,137208236,40815635,8,238630434984,653744129
dMean__Myeloid_0_ti_all/OPTIM_pcs/base_output/base/cis_nominal1.cis_qtl_pairs.8.tsv,108691705,33040335,8,238671250758,1114492627
dMean__Myeloid_0_ti_all/OPTIM_pcs/base_output/base/cis_nominal1.cis_qtl_pairs.14.tsv,123410685,37431412,8,238704291231,3800231148
dMean__Myeloid_0_ti_all/OPTIM_pcs/base_output/base/cis_nominal1.cis_qtl_pairs.1.tsv,308459107,93066675,8,238741722782,2574634780
dMean__Myeloid_0_ti_all/OPTIM_pcs/base_output/base/cis_nominal1.cis_qtl_pairs.20.tsv,95910961,29327602,8,238834789595,219298319
dMean__Myeloid_0_ti_all/OPTIM_pcs/base_output/base/Cis_eqtls_independent.tsv,1663,820,8,238864117336,514995580
dMean__Myeloid_0_ti_all/OPTIM_pcs/base_output/base/cis_nominal1.cis_qtl_pairs.12.tsv,186554442,55700646,8,238864118287,3578727827
dMean__Myeloid_0_ti_all/OPTIM_pcs/base_output/base/cis_nominal1.cis_qtl_pairs.18.tsv,55178044,16843923,8,238919819072,1228214943
dMean__Myeloid_0_ti_all/OPTIM_pcs/base_output/base/cis_nominal1.cis_qtl_pairs.13.tsv,69327087,20779493,8,238936663134,1678645646
dMean__T_10_ct_all/OPTIM_pcs/base_output/base/cis_nominal1.cis_qtl_pairs.3.tsv,256071748,83237646,8,238957442766,1749425919
dMean__T_10_ct_all/OPTIM_pcs/base_output/base/cis_nominal1.cis_qtl_pairs.15.tsv,141114187,46279500,8,239040680545,2841667893
dMean__T_10_ct_all/OPTIM_pcs/base_output/base/cis_nominal1.cis_qtl_pairs.16.tsv,206625783,68736558,8,239086960179,407844
dMean__T_10_ct_all/OPTIM_pcs/base_output/base/cis_nominal1.cis_qtl_pairs.4.tsv,185302555,60062691,8,239155696871,605857347
dMean__T_10_ct_all/OPTIM_pcs/base_output/base/cis_nominal1.cis_qtl_pairs.21.tsv,56072851,18436312,8,239215759695,1078078286
dMean__T_10_ct_all/OPTIM_pcs/base_output/base/cis_nominal1.cis_qtl_pairs.7.tsv,231612225,75862342,8,239234196141,2150001131
dMean__T_10_ct_all/OPTIM_pcs/base_output/base/cis_nominal1.cis_qtl_pairs.22.tsv,115528604,38069620,8,239310058616,2353951402
dMean__T_10_ct_all/OPTIM_pcs/base_output/base/cis_nominal1.cis_qtl_pairs.11.tsv,259566945,84156635,8,239348128370,1195740005
dMean__T_10_ct_all/OPTIM_pcs/base_output/base/cis_nominal1.cis_qtl_pairs.6.tsv,354059518,107790825,8,239432285139,3765403997
dMean__T_10_ct_all/OPTIM_pcs/base_output/base/cis_nominal1.cis_qtl_pairs.2.tsv,302794628,99242449,8,239540076097,2432406308
dMean__T_10_ct_all/OPTIM_pcs/base_output/base/cis_nominal1.cis_qtl_pairs.17.tsv,280341703,92225374,8,239639318679,4217311915
dMean__T_10_ct_all/OPTIM_pcs/base_output/base/Cis_eqtls_qval.tsv,2941212,1256195,8,239731544187,3216665974
dMean__T_10_ct_all/OPTIM_pcs/base_output/base/cis_nominal1.cis_qtl_pairs.5.tsv,212431599,69299207,8,239732800501,2459982319
dMean__T_10_ct_all/OPTIM_pcs/base_output/base/cis_nominal1.cis_qtl_pairs.9.tsv,186646487,61631005,8,239802099841,3651880383
dMean__T_10_ct_all/OPTIM_pcs/base_output/base/cis_nominal1.cis_qtl_pairs.19.tsv,396942262,130584073,8,239863730979,1015217350
dMean__T_10_ct_all/OPTIM_pcs/base_output/base/cis_nominal1.cis_qtl_pairs.10.tsv,189964294,61234372,8,239994315186,2496871622
dMean__T_10_ct_all/OPTIM_pcs/base_output/base/cis_nominal1.cis_qtl_pairs.8.tsv,159145245,52257647,8,240055549692,2544513095
dMean__T_10_ct_all/OPTIM_pcs/base_output/base/cis_nominal1.cis_qtl_pairs.14.tsv,179791991,58560166,8,240107807472,913213765
dMean__T_10_ct_all/OPTIM_pcs/base_output/base/cis_nominal1.cis_qtl_pairs.1.tsv,431569057,140349052,8,240166367772,3199656424
dMean__T_10_ct_all/OPTIM_pcs/base_output/base/cis_nominal1.cis_qtl_pairs.20.tsv,131143448,43042767,8,240306716957,826019269
dMean__T_10_ct_all/OPTIM_pcs/base_output/base/Cis_eqtls_independent.tsv,63708,26929,8,240349759858,2968340213
dMean__T_10_ct_all/OPTIM_pcs/base_output/base/cis_nominal1.cis_qtl_pairs.12.tsv,268963298,86820786,8,240349786913,2033902070
dMean__T_10_ct_all/OPTIM_pcs/base_output/base/cis_nominal1.cis_qtl_pairs.18.tsv,79755087,26144236,8,240436607833,661982313
dMean__T_10_ct_all/OPTIM_pcs/base_output/base/cis_nominal1.cis_qtl_pairs.13.tsv,87178520,28259145,8,240462752203,2299958298
dMean__Epithelial_27_ct_all/OPTIM_pcs/base_output/base/cis_nominal1.cis_qtl_pairs.3.tsv,256711308,84853267,8,240491011482,690607462
dMean__Epithelial_27_ct_all/OPTIM_pcs/base_output/base/cis_nominal1.cis_qtl_pairs.15.tsv,149521361,49715187,8,240575864891,4180783832
dMean__Epithelial_27_ct_all/OPTIM_pcs/base_output/base/cis_nominal1.cis_qtl_pairs.16.tsv,206645191,69666933,8,240625580221,706978428
dMean__Epithelial_27_ct_all/OPTIM_pcs/base_output/base/cis_nominal1.cis_qtl_pairs.4.tsv,190062220,62542337,8,240695247297,1752836344
dMean__Epithelial_27_ct_all/OPTIM_pcs/base_output/base/cis_nominal1.cis_qtl_pairs.21.tsv,54746776,18252935,8,240757789776,1313546983
dMean__Epithelial_27_ct_all/OPTIM_pcs/base_output/base/cis_nominal1.cis_qtl_pairs.7.tsv,239190863,79597826,8,240776042854,1938617033
dMean__Epithelial_27_ct_all/OPTIM_pcs/base_output/base/cis_nominal1.cis_qtl_pairs.22.tsv,101825489,33934073,8,240855640822,2753143030
dMean__Epithelial_27_ct_all/OPTIM_pcs/base_output/base/cis_nominal1.cis_qtl_pairs.11.tsv,264952119,87391324,8,240889575038,1193368529
dMean__Epithelial_27_ct_all/OPTIM_pcs/base_output/base/cis_nominal1.cis_qtl_pairs.6.tsv,317886402,99395259,8,240976966505,304743242
dMean__Epithelial_27_ct_all/OPTIM_pcs/base_output/base/cis_nominal1.cis_qtl_pairs.2.tsv,307027419,101961110,8,241076361906,2497058467
dMean__Epithelial_27_ct_all/OPTIM_pcs/base_output/base/cis_nominal1.cis_qtl_pairs.17.tsv,263636332,87940162,8,241178323158,3626008723
dMean__Epithelial_27_ct_all/OPTIM_pcs/base_output/base/Cis_eqtls_qval.tsv,2879829,1234298,8,241266263463,1939992032
dMean__Epithelial_27_ct_all/OPTIM_pcs/base_output/base/cis_nominal1.cis_qtl_pairs.5.tsv,211588742,70067667,8,241267497889,2614293535
dMean__Epithelial_27_ct_all/OPTIM_pcs/base_output/base/cis_nominal1.cis_qtl_pairs.9.tsv,191855601,64230612,8,241337565698,2749107131
dMean__Epithelial_27_ct_all/OPTIM_pcs/base_output/base/cis_nominal1.cis_qtl_pairs.19.tsv,365034715,121767438,8,241401796452,2434311545
dMean__Epithelial_27_ct_all/OPTIM_pcs/base_output/base/cis_nominal1.cis_qtl_pairs.10.tsv,194674586,63774680,8,241523564033,3900303290
dMean__Epithelial_27_ct_all/OPTIM_pcs/base_output/base/cis_nominal1.cis_qtl_pairs.8.tsv,163570508,54461626,8,241587338856,3773056265
dMean__Epithelial_27_ct_all/OPTIM_pcs/base_output/base/cis_nominal1.cis_qtl_pairs.14.tsv,174853913,57827257,8,241641800624,1263399729
dMean__Epithelial_27_ct_all/OPTIM_pcs/base_output/base/cis_nominal1.cis_qtl_pairs.1.tsv,423277872,140199884,8,241699628024,1846090711
dMean__Epithelial_27_ct_all/OPTIM_pcs/base_output/base/cis_nominal1.cis_qtl_pairs.20.tsv,130255994,43393930,8,241839828050,1287934215
dMean__Epithelial_27_ct_all/OPTIM_pcs/base_output/base/Cis_eqtls_independent.tsv,128701,53615,8,241883222123,1603148161
dMean__Epithelial_27_ct_all/OPTIM_pcs/base_output/base/cis_nominal1.cis_qtl_pairs.12.tsv,241666653,79299900,8,241883275873,3260625780
dMean__Epithelial_27_ct_all/OPTIM_pcs/base_output/base/cis_nominal1.cis_qtl_pairs.18.tsv,72941647,24195515,8,241962575916,2907765610
dMean__Epithelial_27_ct_all/OPTIM_pcs/base_output/base/cis_nominal1.cis_qtl_pairs.13.tsv,87034478,28689055,8,241986771574,1294485110
dMean__Stem_ct_all/OPTIM_pcs/base_output/base/cis_nominal1.cis_qtl_pairs.3.tsv,377564670,125918260,8,242015460772,3110937197
dMean__Stem_ct_all/OPTIM_pcs/base_output/base/cis_nominal1.cis_qtl_pairs.15.tsv,227481951,76278540,8,242141379165,1564789223
dMean__Stem_ct_all/OPTIM_pcs/base_output/base/cis_nominal1.cis_qtl_pairs.16.tsv,327512044,111038124,8,242217657839,2534922985
dMean__Stem_ct_all/OPTIM_pcs/base_output/base/cis_nominal1.cis_qtl_pairs.4.tsv,288642515,95928384,8,242328696097,4066760213
dMean__Stem_ct_all/OPTIM_pcs/base_output/base/cis_nominal1.cis_qtl_pairs.21.tsv,87894021,29501070,8,242424624614,3450946372
dMean__Stem_ct_all/OPTIM_pcs/base_output/base/cis_nominal1.cis_qtl_pairs.7.tsv,347148651,116589379,8,242454125818,2516157202
dMean__Stem_ct_all/OPTIM_pcs/base_output/base/cis_nominal1.cis_qtl_pairs.22.tsv,154977601,52045224,8,242570715330,1044072360
dMean__Stem_ct_all/OPTIM_pcs/base_output/base/cis_nominal1.cis_qtl_pairs.11.tsv,378108235,125804007,8,242622760688,3885465962
dMean__Stem_ct_all/OPTIM_pcs/base_output/base/cis_nominal1.cis_qtl_pairs.6.tsv,497837805,158532240,8,242748564829,2631951500
dMean__Stem_ct_all/OPTIM_pcs/base_output/base/cis_nominal1.cis_qtl_pairs.2.tsv,457353622,153086339,8,242907097202,3759942381
dMean__Stem_ct_all/OPTIM_pcs/base_output/base/cis_nominal1.cis_qtl_pairs.17.tsv,403085728,135318607,8,243060183674,146869002
dMean__Stem_ct_all/OPTIM_pcs/base_output/base/Cis_eqtls_qval.tsv,4314990,1863464,8,243195502415,1749820725
dMean__Stem_ct_all/OPTIM_pcs/base_output/base/cis_nominal1.cis_qtl_pairs.5.tsv,317828835,106132619,8,243197365998,45195265
dMean__Stem_ct_all/OPTIM_pcs/base_output/base/cis_nominal1.cis_qtl_pairs.9.tsv,273431160,92276247,8,243303498750,3043975343
dMean__Stem_ct_all/OPTIM_pcs/base_output/base/cis_nominal1.cis_qtl_pairs.19.tsv,534026886,179494956,8,243395775130,4289535464
dMean__Stem_ct_all/OPTIM_pcs/base_output/base/cis_nominal1.cis_qtl_pairs.10.tsv,279187290,92331841,8,243575270220,3551409450
dMean__Stem_ct_all/OPTIM_pcs/base_output/base/cis_nominal1.cis_qtl_pairs.8.tsv,263604886,88534918,8,243667602195,686314380
dMean__Stem_ct_all/OPTIM_pcs/base_output/base/cis_nominal1.cis_qtl_pairs.14.tsv,256778274,85639965,8,243756137246,103040715
dMean__Stem_ct_all/OPTIM_pcs/base_output/base/cis_nominal1.cis_qtl_pairs.1.tsv,636542214,212557751,8,243841777345,3657996270
dMean__Stem_ct_all/OPTIM_pcs/base_output/base/cis_nominal1.cis_qtl_pairs.20.tsv,183170724,61460244,8,244054335229,924138426
dMean__Stem_ct_all/OPTIM_pcs/base_output/base/Cis_eqtls_independent.tsv,1835792,752071,8,244115795607,173969112
dMean__Stem_ct_all/OPTIM_pcs/base_output/base/cis_nominal1.cis_qtl_pairs.12.tsv,372891791,123553078,8,244116547804,3384164435
dMean__Stem_ct_all/OPTIM_pcs/base_output/base/cis_nominal1.cis_qtl_pairs.18.tsv,129875882,43495263,8,244240101016,1753686856
dMean__Stem_ct_all/OPTIM_pcs/base_output/base/cis_nominal1.cis_qtl_pairs.13.tsv,129191191,42942178,8,244283596413,1434300893
dMean__Mast_ti_all/OPTIM_pcs/base_output/base/cis_nominal1.cis_qtl_pairs.3.tsv,214885618,70412852,8,244326538725,131166475
dMean__Mast_ti_all/OPTIM_pcs/base_output/base/cis_nominal1.cis_qtl_pairs.15.tsv,117927527,38977529,8,244396951710,462367997
dMean__Mast_ti_all/OPTIM_pcs/base_output/base/cis_nominal1.cis_qtl_pairs.16.tsv,155192980,52022737,8,244435929373,4053521939
dMean__Mast_ti_all/OPTIM_pcs/base_output/base/cis_nominal1.cis_qtl_pairs.4.tsv,160784159,52556297,8,244487952244,251444674
dMean__Mast_ti_all/OPTIM_pcs/base_output/base/cis_nominal1.cis_qtl_pairs.21.tsv,41089065,13588118,8,244540508674,687405836
dMean__Mast_ti_all/OPTIM_pcs/base_output/base/cis_nominal1.cis_qtl_pairs.7.tsv,196425458,65037542,8,244554096926,1451548559
dMean__Mast_ti_all/OPTIM_pcs/base_output/base/cis_nominal1.cis_qtl_pairs.22.tsv,89989105,29824574,8,244619134601,458304882
dMean__Mast_ti_all/OPTIM_pcs/base_output/base/cis_nominal1.cis_qtl_pairs.11.tsv,211506263,69299404,8,244648959309,1759645995
dMean__Mast_ti_all/OPTIM_pcs/base_output/base/cis_nominal1.cis_qtl_pairs.6.tsv,283937132,87450415,8,244718258847,2717324797
dMean__Mast_ti_all/OPTIM_pcs/base_output/base/cis_nominal1.cis_qtl_pairs.2.tsv,260376859,85985574,8,244805709395,206792743
dMean__Mast_ti_all/OPTIM_pcs/base_output/base/cis_nominal1.cis_qtl_pairs.17.tsv,212719715,70508490,8,244891695102,3401511643
dMean__Mast_ti_all/OPTIM_pcs/base_output/base/Cis_eqtls_qval.tsv,2362462,998350,8,244962203726,418487808
dMean__Mast_ti_all/OPTIM_pcs/base_output/base/cis_nominal1.cis_qtl_pairs.5.tsv,179672208,59026648,8,244963202195,4179832157
dMean__Mast_ti_all/OPTIM_pcs/base_output/base/cis_nominal1.cis_qtl_pairs.9.tsv,149765972,49811847,8,245022228976,659796498
dMean__Mast_ti_all/OPTIM_pcs/base_output/base/cis_nominal1.cis_qtl_pairs.19.tsv,301277876,99698831,8,245072040956,1621082772
dMean__Mast_ti_all/OPTIM_pcs/base_output/base/cis_nominal1.cis_qtl_pairs.10.tsv,152883149,49747838,8,245171739921,4215682735
dMean__Mast_ti_all/OPTIM_pcs/base_output/base/cis_nominal1.cis_qtl_pairs.8.tsv,126700562,41853674,8,245221487893,4016089107
dMean__Mast_ti_all/OPTIM_pcs/base_output/base/cis_nominal1.cis_qtl_pairs.14.tsv,142653587,46857062,8,245263341700,1912612421
dMean__Mast_ti_all/OPTIM_pcs/base_output/base/cis_nominal1.cis_qtl_pairs.1.tsv,340801153,111850326,8,245310198896,2285060307
dMean__Mast_ti_all/OPTIM_pcs/base_output/base/cis_nominal1.cis_qtl_pairs.20.tsv,99001465,32760466,8,245422049355,132681577
dMean__Mast_ti_all/OPTIM_pcs/base_output/base/Cis_eqtls_independent.tsv,23148,10099,8,245454809955,135583198
dMean__Mast_ti_all/OPTIM_pcs/base_output/base/cis_nominal1.cis_qtl_pairs.12.tsv,210686621,68593279,8,245454820180,260383971
dMean__Mast_ti_all/OPTIM_pcs/base_output/base/cis_nominal1.cis_qtl_pairs.18.tsv,70427060,23239490,8,245523413593,2619527975
dMean__Mast_ti_all/OPTIM_pcs/base_output/base/cis_nominal1.cis_qtl_pairs.13.tsv,78323039,25587588,8,245546653217,1723074149
dMean__Mesenchymal_6_ct_all/OPTIM_pcs/base_output/base/cis_nominal1.cis_qtl_pairs.3.tsv,207973648,64546303,8,245572240939,2090552243
dMean__Mesenchymal_6_ct_all/OPTIM_pcs/base_output/base/cis_nominal1.cis_qtl_pairs.15.tsv,112616732,35375403,8,245636787384,1702475040
dMean__Mesenchymal_6_ct_all/OPTIM_pcs/base_output/base/cis_nominal1.cis_qtl_pairs.16.tsv,151235864,48653330,8,245672162930,274723309
dMean__Mesenchymal_6_ct_all/OPTIM_pcs/base_output/base/cis_nominal1.cis_qtl_pairs.4.tsv,163187921,50200359,8,245720816403,302734303
dMean__Mesenchymal_6_ct_all/OPTIM_pcs/base_output/base/cis_nominal1.cis_qtl_pairs.21.tsv,41471719,13073655,8,245771016904,718167346
dMean__Mesenchymal_6_ct_all/OPTIM_pcs/base_output/base/cis_nominal1.cis_qtl_pairs.7.tsv,186739124,58402988,8,245784090702,3029472775
dMean__Mesenchymal_6_ct_all/OPTIM_pcs/base_output/base/cis_nominal1.cis_qtl_pairs.22.tsv,77481990,24524451,8,245842493832,1517945862
dMean__Mesenchymal_6_ct_all/OPTIM_pcs/base_output/base/cis_nominal1.cis_qtl_pairs.11.tsv,213368294,66237028,8,245867018426,3536133207
dMean__Mesenchymal_6_ct_all/OPTIM_pcs/base_output/base/cis_nominal1.cis_qtl_pairs.6.tsv,263632401,74659473,8,245933255597,1330217681
dMean__Mesenchymal_6_ct_all/OPTIM_pcs/base_output/base/cis_nominal1.cis_qtl_pairs.2.tsv,249858158,78245020,8,246007915212,936271919
dMean__Mesenchymal_6_ct_all/OPTIM_pcs/base_output/base/cis_nominal1.cis_qtl_pairs.17.tsv,194083671,61286378,8,246086160374,222091640
dMean__Mesenchymal_6_ct_all/OPTIM_pcs/base_output/base/Cis_eqtls_qval.tsv,2259966,930812,8,246147446895,998503307
dMean__Mesenchymal_6_ct_all/OPTIM_pcs/base_output/base/cis_nominal1.cis_qtl_pairs.5.tsv,183463880,57143928,8,246148377835,1569421001
dMean__Mesenchymal_6_ct_all/OPTIM_pcs/base_output/base/cis_nominal1.cis_qtl_pairs.9.tsv,157779196,49925705,8,246205521905,3439797607
dMean__Mesenchymal_6_ct_all/OPTIM_pcs/base_output/base/cis_nominal1.cis_qtl_pairs.19.tsv,253977287,80431249,8,246255447752,532621116
dMean__Mesenchymal_6_ct_all/OPTIM_pcs/base_output/base/cis_nominal1.cis_qtl_pairs.10.tsv,157071700,48339031,8,246335879144,393492173
dMean__Mesenchymal_6_ct_all/OPTIM_pcs/base_output/base/cis_nominal1.cis_qtl_pairs.8.tsv,128230626,40186901,8,246384218318,3620949540
dMean__Mesenchymal_6_ct_all/OPTIM_pcs/base_output/base/cis_nominal1.cis_qtl_pairs.14.tsv,135408169,42234922,8,246424405361,142502476
dMean__Mesenchymal_6_ct_all/OPTIM_pcs/base_output/base/cis_nominal1.cis_qtl_pairs.1.tsv,324754326,100706696,8,246466640426,2603245437
dMean__Mesenchymal_6_ct_all/OPTIM_pcs/base_output/base/cis_nominal1.cis_qtl_pairs.20.tsv,93964631,29614244,8,246567347264,583147999
dMean__Mesenchymal_6_ct_all/OPTIM_pcs/base_output/base/Cis_eqtls_independent.tsv,1227,630,8,246596961651,3556800442
dMean__Mesenchymal_6_ct_all/OPTIM_pcs/base_output/base/cis_nominal1.cis_qtl_pairs.12.tsv,198572232,61052549,8,246596962416,562610046
dMean__Mesenchymal_6_ct_all/OPTIM_pcs/base_output/base/cis_nominal1.cis_qtl_pairs.18.tsv,62301229,19506501,8,246658015108,3963535058
dMean__Mesenchymal_6_ct_all/OPTIM_pcs/base_output/base/cis_nominal1.cis_qtl_pairs.13.tsv,76170610,23555165,8,246677521752,3284875439
dMean__B_1_ct_all/OPTIM_pcs/base_output/base/cis_nominal1.cis_qtl_pairs.3.tsv,310614070,103194030,8,246701077060,2888853645
dMean__B_1_ct_all/OPTIM_pcs/base_output/base/cis_nominal1.cis_qtl_pairs.15.tsv,169680684,56746213,8,246804271222,3347609409
dMean__B_1_ct_all/OPTIM_pcs/base_output/base/cis_nominal1.cis_qtl_pairs.16.tsv,253333507,85872271,8,246861017568,3842702440
dMean__B_1_ct_all/OPTIM_pcs/base_output/base/cis_nominal1.cis_qtl_pairs.4.tsv,228241898,75822866,8,246946889972,1952866926
dMean__B_1_ct_all/OPTIM_pcs/base_output/base/cis_nominal1.cis_qtl_pairs.21.tsv,69308241,23227728,8,247022712970,3760638820
dMean__B_1_ct_all/OPTIM_pcs/base_output/base/cis_nominal1.cis_qtl_pairs.7.tsv,269233841,90144469,8,247045940831,304513745
dMean__B_1_ct_all/OPTIM_pcs/base_output/base/cis_nominal1.cis_qtl_pairs.22.tsv,149244293,50036363,8,247136085432,3909384554
dMean__B_1_ct_all/OPTIM_pcs/base_output/base/cis_nominal1.cis_qtl_pairs.11.tsv,297044422,98653221,8,247186121928,1055706062
dMean__B_1_ct_all/OPTIM_pcs/base_output/base/cis_nominal1.cis_qtl_pairs.6.tsv,410924830,129621768,8,247284775282,3834578900
dMean__B_1_ct_all/OPTIM_pcs/base_output/base/cis_nominal1.cis_qtl_pairs.2.tsv,362046347,121161763,8,247414397182,3613698220
dMean__B_1_ct_all/OPTIM_pcs/base_output/base/cis_nominal1.cis_qtl_pairs.17.tsv,319957034,107255280,8,247535559077,3572201034
dMean__B_1_ct_all/OPTIM_pcs/base_output/base/Cis_eqtls_qval.tsv,3494164,1508253,8,247642814490,2699824456
dMean__B_1_ct_all/OPTIM_pcs/base_output/base/cis_nominal1.cis_qtl_pairs.5.tsv,256294374,85441841,8,247644322861,1614465629
dMean__B_1_ct_all/OPTIM_pcs/base_output/base/cis_nominal1.cis_qtl_pairs.9.tsv,217007449,73094950,8,247729764834,2186572042
dMean__B_1_ct_all/OPTIM_pcs/base_output/base/cis_nominal1.cis_qtl_pairs.19.tsv,446559782,149853497,8,247802859916,2482552238
dMean__B_1_ct_all/OPTIM_pcs/base_output/base/cis_nominal1.cis_qtl_pairs.10.tsv,213426767,70469431,8,247952713546,412479518
dMean__B_1_ct_all/OPTIM_pcs/base_output/base/cis_nominal1.cis_qtl_pairs.8.tsv,202082837,67700763,8,248023183110,3049122097
dMean__B_1_ct_all/OPTIM_pcs/base_output/base/cis_nominal1.cis_qtl_pairs.14.tsv,216750755,72144747,8,248090884005,3400874782
dMean__B_1_ct_all/OPTIM_pcs/base_output/base/cis_nominal1.cis_qtl_pairs.1.tsv,513287198,170963391,8,248163028885,3139532058
dMean__B_1_ct_all/OPTIM_pcs/base_output/base/cis_nominal1.cis_qtl_pairs.20.tsv,153088879,51295126,8,248333992408,2774181464
dMean__B_1_ct_all/OPTIM_pcs/base_output/base/Cis_eqtls_independent.tsv,535432,220043,8,248385287667,3128086731
dMean__B_1_ct_all/OPTIM_pcs/base_output/base/cis_nominal1.cis_qtl_pairs.12.tsv,327975750,108384751,8,248385507835,3514784122
dMean__B_1_ct_all/OPTIM_pcs/base_output/base/cis_nominal1.cis_qtl_pairs.18.tsv,87486705,29221529,8,248493892719,3998223001
dMean__B_1_ct_all/OPTIM_pcs/base_output/base/cis_nominal1.cis_qtl_pairs.13.tsv,103516224,34315191,8,248523114381,2894008552
dMean__Mesenchymal_2_ct_all/OPTIM_pcs/base_output/base/cis_nominal1.cis_qtl_pairs.3.tsv,220188263,71184163,8,248557429705,1430192558
dMean__Mesenchymal_2_ct_all/OPTIM_pcs/base_output/base/cis_nominal1.cis_qtl_pairs.15.tsv,117779245,38397996,8,248628614010,2932839812
dMean__Mesenchymal_2_ct_all/OPTIM_pcs/base_output/base/cis_nominal1.cis_qtl_pairs.16.tsv,160864805,53322776,8,248667012149,4187441491
dMean__Mesenchymal_2_ct_all/OPTIM_pcs/base_output/base/cis_nominal1.cis_qtl_pairs.4.tsv,166512313,53610723,8,248720335068,3332148253
dMean__Mesenchymal_2_ct_all/OPTIM_pcs/base_output/base/cis_nominal1.cis_qtl_pairs.21.tsv,41731283,13621745,8,248773945933,2127370572
dMean__Mesenchymal_2_ct_all/OPTIM_pcs/base_output/base/cis_nominal1.cis_qtl_pairs.7.tsv,188580843,61449451,8,248787567821,1016316158
dMean__Mesenchymal_2_ct_all/OPTIM_pcs/base_output/base/cis_nominal1.cis_qtl_pairs.22.tsv,82475666,27034014,8,248849017414,4286774928
dMean__Mesenchymal_2_ct_all/OPTIM_pcs/base_output/base/cis_nominal1.cis_qtl_pairs.11.tsv,215232099,69436528,8,248876051571,693533467
dMean__Mesenchymal_2_ct_all/OPTIM_pcs/base_output/base/cis_nominal1.cis_qtl_pairs.6.tsv,275028972,83390442,8,248945488242,1650945179
dMean__Mesenchymal_2_ct_all/OPTIM_pcs/base_output/base/cis_nominal1.cis_qtl_pairs.2.tsv,264306652,86050123,8,249028878826,1589849565
dMean__Mesenchymal_2_ct_all/OPTIM_pcs/base_output/base/cis_nominal1.cis_qtl_pairs.17.tsv,207860782,68004470,8,249114929091,4125767298
dMean__Mesenchymal_2_ct_all/OPTIM_pcs/base_output/base/Cis_eqtls_qval.tsv,2363160,985069,8,249182933704,1378121417
dMean__Mesenchymal_2_ct_all/OPTIM_pcs/base_output/base/cis_nominal1.cis_qtl_pairs.5.tsv,185322437,60008185,8,249183918901,2341678076
dMean__Mesenchymal_2_ct_all/OPTIM_pcs/base_output/base/cis_nominal1.cis_qtl_pairs.9.tsv,161384357,52966708,8,249243927228,4044669957
dMean__Mesenchymal_2_ct_all/OPTIM_pcs/base_output/base/cis_nominal1.cis_qtl_pairs.19.tsv,262297984,85957436,8,249296894078,2073754380
dMean__Mesenchymal_2_ct_all/OPTIM_pcs/base_output/base/cis_nominal1.cis_qtl_pairs.10.tsv,166582175,53380976,8,249382851657,2520207661
dMean__Mesenchymal_2_ct_all/OPTIM_pcs/base_output/base/cis_nominal1.cis_qtl_pairs.8.tsv,142274474,46315299,8,249436232776,1190733834
dMean__Mesenchymal_2_ct_all/OPTIM_pcs/base_output/base/cis_nominal1.cis_qtl_pairs.14.tsv,145264111,47146280,8,249482548217,763430780
dMean__Mesenchymal_2_ct_all/OPTIM_pcs/base_output/base/cis_nominal1.cis_qtl_pairs.1.tsv,333971243,108060642,8,249529694640,1036062099
dMean__Mesenchymal_2_ct_all/OPTIM_pcs/base_output/base/cis_nominal1.cis_qtl_pairs.20.tsv,101691464,33178341,8,249637755424,145460851
dMean__Mesenchymal_2_ct_all/OPTIM_pcs/base_output/base/Cis_eqtls_independent.tsv,2291,1121,8,249670933908,4252387924
dMean__Mesenchymal_2_ct_all/OPTIM_pcs/base_output/base/cis_nominal1.cis_qtl_pairs.12.tsv,214719857,68884360,8,249670935164,2168824177
dMean__Mesenchymal_2_ct_all/OPTIM_pcs/base_output/base/cis_nominal1.cis_qtl_pairs.18.tsv,64454842,20990376,8,249739819667,1829369429
dMean__Mesenchymal_2_ct_all/OPTIM_pcs/base_output/base/cis_nominal1.cis_qtl_pairs.13.tsv,78687908,25336690,8,249760810186,1944358059
dMean__T_15_ct_all/OPTIM_pcs/base_output/base/cis_nominal1.cis_qtl_pairs.3.tsv,267668256,84527275,8,249786147019,3675072428
dMean__T_15_ct_all/OPTIM_pcs/base_output/base/cis_nominal1.cis_qtl_pairs.15.tsv,153220085,49065934,8,249870674427,1746842639
dMean__T_15_ct_all/OPTIM_pcs/base_output/base/cis_nominal1.cis_qtl_pairs.16.tsv,225812157,73375568,8,249919740495,3163118241
dMean__T_15_ct_all/OPTIM_pcs/base_output/base/cis_nominal1.cis_qtl_pairs.4.tsv,190930193,59982962,8,249993116197,4138248145
dMean__T_15_ct_all/OPTIM_pcs/base_output/base/cis_nominal1.cis_qtl_pairs.21.tsv,58588681,18753211,8,250053099292,1206992003
dMean__T_15_ct_all/OPTIM_pcs/base_output/base/cis_nominal1.cis_qtl_pairs.7.tsv,248709572,79206968,8,250071852637,3162761974
dMean__T_15_ct_all/OPTIM_pcs/base_output/base/cis_nominal1.cis_qtl_pairs.22.tsv,118576218,38177082,8,250151059738,1431933335
dMean__T_15_ct_all/OPTIM_pcs/base_output/base/cis_nominal1.cis_qtl_pairs.11.tsv,270832451,85481161,8,250189236954,829006744
dMean__T_15_ct_all/OPTIM_pcs/base_output/base/cis_nominal1.cis_qtl_pairs.6.tsv,368299767,106028726,8,250274718249,602253233
dMean__T_15_ct_all/OPTIM_pcs/base_output/base/cis_nominal1.cis_qtl_pairs.2.tsv,325238493,103741109,8,250380747108,1864194371
dMean__T_15_ct_all/OPTIM_pcs/base_output/base/cis_nominal1.cis_qtl_pairs.17.tsv,298053127,95796847,8,250484488350,2764785430
dMean__T_15_ct_all/OPTIM_pcs/base_output/base/Cis_eqtls_qval.tsv,3116853,1325848,8,250580285331,3565086479
dMean__T_15_ct_all/OPTIM_pcs/base_output/base/cis_nominal1.cis_qtl_pairs.5.tsv,221151425,70008076,8,250581611298,3022380987
dMean__T_15_ct_all/OPTIM_pcs/base_output/base/cis_nominal1.cis_qtl_pairs.9.tsv,194919401,62735586,8,250651619507,1677214413
dMean__T_15_ct_all/OPTIM_pcs/base_output/base/cis_nominal1.cis_qtl_pairs.19.tsv,417127234,133992908,8,250714355226,3190544210
dMean__T_15_ct_all/OPTIM_pcs/base_output/base/cis_nominal1.cis_qtl_pairs.10.tsv,196814881,61535460,8,250848348268,2327576974
dMean__T_15_ct_all/OPTIM_pcs/base_output/base/cis_nominal1.cis_qtl_pairs.8.tsv,173489311,55415944,8,250909883862,3272119000
dMean__T_15_ct_all/OPTIM_pcs/base_output/base/cis_nominal1.cis_qtl_pairs.14.tsv,185440373,58939058,8,250965299939,1420527746
dMean__T_15_ct_all/OPTIM_pcs/base_output/base/cis_nominal1.cis_qtl_pairs.1.tsv,448906510,141944233,8,251024239131,2142181794
dMean__T_15_ct_all/OPTIM_pcs/base_output/base/cis_nominal1.cis_qtl_pairs.20.tsv,129912713,41503598,8,251166183497,213571478
dMean__T_15_ct_all/OPTIM_pcs/base_output/base/Cis_eqtls_independent.tsv,46639,19831,8,251207687229,4097642762
dMean__T_15_ct_all/OPTIM_pcs/base_output/base/cis_nominal1.cis_qtl_pairs.12.tsv,280480826,87933886,8,251207707186,582108367
dMean__T_15_ct_all/OPTIM_pcs/base_output/base/cis_nominal1.cis_qtl_pairs.18.tsv,83197211,26518612,8,251295641206,1912302705
dMean__T_15_ct_all/OPTIM_pcs/base_output/base/cis_nominal1.cis_qtl_pairs.13.tsv,88825827,27974270,8,251322159952,3616364777
dMean__Mast_r_all/OPTIM_pcs/base_output/base/cis_nominal1.cis_qtl_pairs.3.tsv,194125869,62429142,8,251350134356,1398501894
dMean__Mast_r_all/OPTIM_pcs/base_output/base/cis_nominal1.cis_qtl_pairs.15.tsv,106903991,34750831,8,251412563630,277483853
dMean__Mast_r_all/OPTIM_pcs/base_output/base/cis_nominal1.cis_qtl_pairs.16.tsv,139494962,46095419,8,251447314594,1570573953
dMean__Mast_r_all/OPTIM_pcs/base_output/base/cis_nominal1.cis_qtl_pairs.4.tsv,142447603,45603768,8,251493410146,1736241379
dMean__Mast_r_all/OPTIM_pcs/base_output/base/cis_nominal1.cis_qtl_pairs.21.tsv,36282380,11804465,8,251539014046,4169286828
dMean__Mast_r_all/OPTIM_pcs/base_output/base/cis_nominal1.cis_qtl_pairs.7.tsv,177097143,57510539,8,251550818644,13605237
dMean__Mast_r_all/OPTIM_pcs/base_output/base/cis_nominal1.cis_qtl_pairs.22.tsv,80618658,26273373,8,251608329315,1258005329
dMean__Mast_r_all/OPTIM_pcs/base_output/base/cis_nominal1.cis_qtl_pairs.11.tsv,186448360,60088713,8,251634602821,477605053
dMean__Mast_r_all/OPTIM_pcs/base_output/base/cis_nominal1.cis_qtl_pairs.6.tsv,251691317,75059466,8,251694691667,2303368637
dMean__Mast_r_all/OPTIM_pcs/base_output/base/cis_nominal1.cis_qtl_pairs.2.tsv,239067460,77633315,8,251769751265,2676619732
dMean__Mast_r_all/OPTIM_pcs/base_output/base/cis_nominal1.cis_qtl_pairs.17.tsv,196986616,64244406,8,251847384712,3657772854
dMean__Mast_r_all/OPTIM_pcs/base_output/base/Cis_eqtls_qval.tsv,2163239,895625,8,251911629251,294187797
dMean__Mast_r_all/OPTIM_pcs/base_output/base/cis_nominal1.cis_qtl_pairs.5.tsv,168682192,54427089,8,251912524994,1998543131
dMean__Mast_r_all/OPTIM_pcs/base_output/base/cis_nominal1.cis_qtl_pairs.9.tsv,138888758,45420031,8,251966952215,1367850592
dMean__Mast_r_all/OPTIM_pcs/base_output/base/cis_nominal1.cis_qtl_pairs.19.tsv,263253114,85892482,8,252012372378,1132303178
dMean__Mast_r_all/OPTIM_pcs/base_output/base/cis_nominal1.cis_qtl_pairs.10.tsv,143268649,45704178,8,252098264993,2692571301
dMean__Mast_r_all/OPTIM_pcs/base_output/base/cis_nominal1.cis_qtl_pairs.8.tsv,114379220,37076264,8,252143969304,2352999734
dMean__Mast_r_all/OPTIM_pcs/base_output/base/cis_nominal1.cis_qtl_pairs.14.tsv,125365599,40478997,8,252181045700,1802243286
dMean__Mast_r_all/OPTIM_pcs/base_output/base/cis_nominal1.cis_qtl_pairs.1.tsv,310080773,100016928,8,252221524830,1447895754
dMean__Mast_r_all/OPTIM_pcs/base_output/base/cis_nominal1.cis_qtl_pairs.20.tsv,93432576,30414985,8,252321541890,1364146145
dMean__Mast_r_all/OPTIM_pcs/base_output/base/Cis_eqtls_independent.tsv,7578,3416,8,252351957008,292112763
dMean__Mast_r_all/OPTIM_pcs/base_output/base/cis_nominal1.cis_qtl_pairs.12.tsv,192631420,61429465,8,252351960549,3320082711
dMean__Mast_r_all/OPTIM_pcs/base_output/base/cis_nominal1.cis_qtl_pairs.18.tsv,61060091,19772603,8,252413390147,2523909079
dMean__Mast_r_all/OPTIM_pcs/base_output/base/cis_nominal1.cis_qtl_pairs.13.tsv,72985129,23462609,8,252433162883,120766412
dMean__T_19_r_all/OPTIM_pcs/base_output/base/cis_nominal1.cis_qtl_pairs.3.tsv,165774889,50886972,8,252456625625,3169585100
dMean__T_19_r_all/OPTIM_pcs/base_output/base/cis_nominal1.cis_qtl_pairs.15.tsv,87969809,27396745,8,252507512729,3678847504
dMean__T_19_r_all/OPTIM_pcs/base_output/base/cis_nominal1.cis_qtl_pairs.16.tsv,118413901,37905118,8,252534909607,816161996
dMean__T_19_r_all/OPTIM_pcs/base_output/base/cis_nominal1.cis_qtl_pairs.4.tsv,123187097,37458991,8,252572814858,1505432665
dMean__T_19_r_all/OPTIM_pcs/base_output/base/cis_nominal1.cis_qtl_pairs.21.tsv,32567586,10206791,8,252610273981,2891414535
dMean__T_19_r_all/OPTIM_pcs/base_output/base/cis_nominal1.cis_qtl_pairs.7.tsv,147257093,45688529,8,252620480905,1052594188
dMean__T_19_r_all/OPTIM_pcs/base_output/base/cis_nominal1.cis_qtl_pairs.22.tsv,67707977,21256920,8,252666169566,3650460452
dMean__T_19_r_all/OPTIM_pcs/base_output/base/cis_nominal1.cis_qtl_pairs.11.tsv,154691776,47536052,8,252687426619,667814248
dMean__T_19_r_all/OPTIM_pcs/base_output/base/cis_nominal1.cis_qtl_pairs.6.tsv,215541881,60403686,8,252734962804,2304789823
dMean__T_19_r_all/OPTIM_pcs/base_output/base/cis_nominal1.cis_qtl_pairs.2.tsv,206326592,64265004,8,252795366622,3302771007
dMean__T_19_r_all/OPTIM_pcs/base_output/base/cis_nominal1.cis_qtl_pairs.17.tsv,160769168,50328894,8,252859631758,1324354855
dMean__T_19_r_all/OPTIM_pcs/base_output/base/Cis_eqtls_qval.tsv,1798757,738022,8,252909960785,3184095055
dMean__T_19_r_all/OPTIM_pcs/base_output/base/cis_nominal1.cis_qtl_pairs.5.tsv,136588547,42111399,8,252910698925,692421373
dMean__T_19_r_all/OPTIM_pcs/base_output/base/cis_nominal1.cis_qtl_pairs.9.tsv,111809354,35225887,8,252952810456,381154193
dMean__T_19_r_all/OPTIM_pcs/base_output/base/cis_nominal1.cis_qtl_pairs.19.tsv,212387991,66840705,8,252988036475,3801553211
dMean__T_19_r_all/OPTIM_pcs/base_output/base/cis_nominal1.cis_qtl_pairs.10.tsv,121947436,37055789,8,253054877313,968120383
dMean__T_19_r_all/OPTIM_pcs/base_output/base/cis_nominal1.cis_qtl_pairs.8.tsv,96489569,29904073,8,253091933235,1849241591
dMean__T_19_r_all/OPTIM_pcs/base_output/base/cis_nominal1.cis_qtl_pairs.14.tsv,107067470,33117543,8,253121837440,2498685679
dMean__T_19_r_all/OPTIM_pcs/base_output/base/cis_nominal1.cis_qtl_pairs.1.tsv,258840300,79681990,8,253154955116,4224535119
dMean__T_19_r_all/OPTIM_pcs/base_output/base/cis_nominal1.cis_qtl_pairs.20.tsv,78103343,24386808,8,253234637238,3578214502
dMean__T_19_r_all/OPTIM_pcs/base_output/base/Cis_eqtls_independent.tsv,392,252,8,253259024179,3942316967
dMean__T_19_r_all/OPTIM_pcs/base_output/base/cis_nominal1.cis_qtl_pairs.12.tsv,167528843,50932050,8,253259024556,1351111291
dMean__T_19_r_all/OPTIM_pcs/base_output/base/cis_nominal1.cis_qtl_pairs.18.tsv,52220088,16200321,8,253309956739,4061986297
dMean__T_19_r_all/OPTIM_pcs/base_output/base/cis_nominal1.cis_qtl_pairs.13.tsv,60821163,18671721,8,253326157193,1771198816
dMean__Epithelial_5_ct_all/OPTIM_pcs/base_output/base/cis_nominal1.cis_qtl_pairs.3.tsv,351251470,115603858,8,253344829047,2636707132
dMean__Epithelial_5_ct_all/OPTIM_pcs/base_output/base/cis_nominal1.cis_qtl_pairs.15.tsv,203447860,67513970,8,253460433046,3578736886
dMean__Epithelial_5_ct_all/OPTIM_pcs/base_output/base/cis_nominal1.cis_qtl_pairs.16.tsv,293884267,98740412,8,253527947158,1631411279
dMean__Epithelial_5_ct_all/OPTIM_pcs/base_output/base/cis_nominal1.cis_qtl_pairs.4.tsv,258829495,84889140,8,253626687712,3760172794
dMean__Epithelial_5_ct_all/OPTIM_pcs/base_output/base/cis_nominal1.cis_qtl_pairs.21.tsv,78180441,25929464,8,253711576993,1646599288
dMean__Epithelial_5_ct_all/OPTIM_pcs/base_output/base/cis_nominal1.cis_qtl_pairs.7.tsv,314361788,104224750,8,253737506599,1072945940
dMean__Epithelial_5_ct_all/OPTIM_pcs/base_output/base/cis_nominal1.cis_qtl_pairs.22.tsv,141844904,47127048,8,253841731490,3392070344
dMean__Epithelial_5_ct_all/OPTIM_pcs/base_output/base/cis_nominal1.cis_qtl_pairs.11.tsv,349201877,114812028,8,253888858680,2972781736
dMean__Epithelial_5_ct_all/OPTIM_pcs/base_output/base/cis_nominal1.cis_qtl_pairs.6.tsv,438790515,136700039,8,254003670850,2708246049
dMean__Epithelial_5_ct_all/OPTIM_pcs/base_output/base/cis_nominal1.cis_qtl_pairs.2.tsv,413492875,136766049,8,254140371030,1960308976
dMean__Epithelial_5_ct_all/OPTIM_pcs/base_output/base/cis_nominal1.cis_qtl_pairs.17.tsv,367593314,122161927,8,254277137220,1410709865
dMean__Epithelial_5_ct_all/OPTIM_pcs/base_output/base/Cis_eqtls_qval.tsv,3905044,1686383,8,254399299289,3525036196
dMean__Epithelial_5_ct_all/OPTIM_pcs/base_output/base/cis_nominal1.cis_qtl_pairs.5.tsv,280956516,92685305,8,254400985799,1028528892
dMean__Epithelial_5_ct_all/OPTIM_pcs/base_output/base/cis_nominal1.cis_qtl_pairs.9.tsv,251113962,83837726,8,254493671245,3635074143
dMean__Epithelial_5_ct_all/OPTIM_pcs/base_output/base/cis_nominal1.cis_qtl_pairs.19.tsv,496735081,165248146,8,254577509112,3682830739
dMean__Epithelial_5_ct_all/OPTIM_pcs/base_output/base/cis_nominal1.cis_qtl_pairs.10.tsv,249056194,81227459,8,254742757400,1715794935
dMean__Epithelial_5_ct_all/OPTIM_pcs/base_output/base/cis_nominal1.cis_qtl_pairs.8.tsv,230339795,76410285,8,254823985001,2401012915
dMean__Epithelial_5_ct_all/OPTIM_pcs/base_output/base/cis_nominal1.cis_qtl_pairs.14.tsv,230818531,76021156,8,254900395427,684455181
dMean__Epithelial_5_ct_all/OPTIM_pcs/base_output/base/cis_nominal1.cis_qtl_pairs.1.tsv,564464530,186296967,8,254976416725,1325283714
dMean__Epithelial_5_ct_all/OPTIM_pcs/base_output/base/cis_nominal1.cis_qtl_pairs.20.tsv,166058402,55120122,8,255162713833,236556554
dMean__Epithelial_5_ct_all/OPTIM_pcs/base_output/base/Cis_eqtls_independent.tsv,1119865,458231,8,255217834097,1106216092
dMean__Epithelial_5_ct_all/OPTIM_pcs/base_output/base/cis_nominal1.cis_qtl_pairs.12.tsv,330774220,108166665,8,255218292462,1627324607
dMean__Epithelial_5_ct_all/OPTIM_pcs/base_output/base/cis_nominal1.cis_qtl_pairs.18.tsv,109499661,36236390,8,255326459269,3311999084
dMean__Epithelial_5_ct_all/OPTIM_pcs/base_output/base/cis_nominal1.cis_qtl_pairs.13.tsv,120321427,39445231,8,255362695801,3698659315
dMean__Epithelial_13_ct_all/OPTIM_pcs/base_output/base/cis_nominal1.cis_qtl_pairs.3.tsv,323236543,106439777,8,255402141174,3846415648
dMean__Epithelial_13_ct_all/OPTIM_pcs/base_output/base/cis_nominal1.cis_qtl_pairs.15.tsv,186545696,61864854,8,255508581093,2400242316
dMean__Epithelial_13_ct_all/OPTIM_pcs/base_output/base/cis_nominal1.cis_qtl_pairs.16.tsv,274719155,92279502,8,255570446090,1276234410
dMean__Epithelial_13_ct_all/OPTIM_pcs/base_output/base/cis_nominal1.cis_qtl_pairs.4.tsv,240369406,78726846,8,255662725735,3184968544
dMean__Epithelial_13_ct_all/OPTIM_pcs/base_output/base/cis_nominal1.cis_qtl_pairs.21.tsv,68936192,22856542,8,255741452723,240356947
dMean__Epithelial_13_ct_all/OPTIM_pcs/base_output/base/cis_nominal1.cis_qtl_pairs.7.tsv,289252111,95917537,8,255764309408,726121368
dMean__Epithelial_13_ct_all/OPTIM_pcs/base_output/base/cis_nominal1.cis_qtl_pairs.22.tsv,130226950,43265906,8,255860227087,706009753
dMean__Epithelial_13_ct_all/OPTIM_pcs/base_output/base/cis_nominal1.cis_qtl_pairs.11.tsv,318167572,104625830,8,255903493136,2085354146
dMean__Epithelial_13_ct_all/OPTIM_pcs/base_output/base/cis_nominal1.cis_qtl_pairs.6.tsv,407153645,126780807,8,256008119109,239194108
dMean__Epithelial_13_ct_all/OPTIM_pcs/base_output/base/cis_nominal1.cis_qtl_pairs.2.tsv,383866593,126997788,8,256134900058,3740071385
dMean__Epithelial_13_ct_all/OPTIM_pcs/base_output/base/cis_nominal1.cis_qtl_pairs.17.tsv,328474890,109161124,8,256261897988,4047064490
dMean__Epithelial_13_ct_all/OPTIM_pcs/base_output/base/Cis_eqtls_qval.tsv,3599091,1552938,8,256371059255,306527054
dMean__Epithelial_13_ct_all/OPTIM_pcs/base_output/base/cis_nominal1.cis_qtl_pairs.5.tsv,263803320,86993193,8,256372612321,179080246
dMean__Epithelial_13_ct_all/OPTIM_pcs/base_output/base/cis_nominal1.cis_qtl_pairs.9.tsv,239413678,79897202,8,256459605656,763909739
dMean__Epithelial_13_ct_all/OPTIM_pcs/base_output/base/cis_nominal1.cis_qtl_pairs.19.tsv,454235307,151058661,8,256539503000,3121619349
dMean__Epithelial_13_ct_all/OPTIM_pcs/base_output/base/cis_nominal1.cis_qtl_pairs.10.tsv,232578229,75851323,8,256690561804,654445578
dMean__Epithelial_13_ct_all/OPTIM_pcs/base_output/base/cis_nominal1.cis_qtl_pairs.8.tsv,210124025,69729655,8,256766413270,4234167269
dMean__Epithelial_13_ct_all/OPTIM_pcs/base_output/base/cis_nominal1.cis_qtl_pairs.14.tsv,220624822,72685725,8,256836143067,1040056702
dMean__Epithelial_13_ct_all/OPTIM_pcs/base_output/base/cis_nominal1.cis_qtl_pairs.1.tsv,524144700,172972750,8,256908828935,2137964184
dMean__Epithelial_13_ct_all/OPTIM_pcs/base_output/base/cis_nominal1.cis_qtl_pairs.20.tsv,155524295,51645817,8,257081801827,3979012095
dMean__Epithelial_13_ct_all/OPTIM_pcs/base_output/base/Cis_eqtls_independent.tsv,625678,256523,8,257133447787,4142651304
dMean__Epithelial_13_ct_all/OPTIM_pcs/base_output/base/cis_nominal1.cis_qtl_pairs.12.tsv,297654761,97333939,8,257133704445,1431004870
dMean__Epithelial_13_ct_all/OPTIM_pcs/base_output/base/cis_nominal1.cis_qtl_pairs.18.tsv,99880186,33039393,8,257231038527,2194708413
dMean__Epithelial_13_ct_all/OPTIM_pcs/base_output/base/cis_nominal1.cis_qtl_pairs.13.tsv,112249577,36818273,8,257264078063,4090678080
dMean__Myeloid_4_ct_all/OPTIM_pcs/base_output/base/cis_nominal1.cis_qtl_pairs.3.tsv,274220462,91178730,8,257300896479,2680417463
dMean__Myeloid_4_ct_all/OPTIM_pcs/base_output/base/cis_nominal1.cis_qtl_pairs.15.tsv,150321667,50244100,8,257392075347,4251919306
dMean__Myeloid_4_ct_all/OPTIM_pcs/base_output/base/cis_nominal1.cis_qtl_pairs.16.tsv,229580529,77710977,8,257442319586,4026667862
dMean__Myeloid_4_ct_all/OPTIM_pcs/base_output/base/cis_nominal1.cis_qtl_pairs.4.tsv,198542341,65931705,8,257520030702,3557180848
dMean__Myeloid_4_ct_all/OPTIM_pcs/base_output/base/cis_nominal1.cis_qtl_pairs.21.tsv,59455336,19906991,8,257585962545,1810146867
dMean__Myeloid_4_ct_all/OPTIM_pcs/base_output/base/cis_nominal1.cis_qtl_pairs.7.tsv,248027771,83069777,8,257605869675,866859385
dMean__Myeloid_4_ct_all/OPTIM_pcs/base_output/base/cis_nominal1.cis_qtl_pairs.22.tsv,118203304,39601417,8,257688939590,747518510
dMean__Myeloid_4_ct_all/OPTIM_pcs/base_output/base/cis_nominal1.cis_qtl_pairs.11.tsv,279927681,92833571,8,257728541146,3466935744
dMean__Myeloid_4_ct_all/OPTIM_pcs/base_output/base/cis_nominal1.cis_qtl_pairs.6.tsv,365507249,115164481,8,257821374856,3041922554
dMean__Myeloid_4_ct_all/OPTIM_pcs/base_output/base/cis_nominal1.cis_qtl_pairs.2.tsv,324473912,108433937,8,257936539475,2110616208
dMean__Myeloid_4_ct_all/OPTIM_pcs/base_output/base/cis_nominal1.cis_qtl_pairs.17.tsv,295116504,98921614,8,258044973550,124989536
dMean__Myeloid_4_ct_all/OPTIM_pcs/base_output/base/Cis_eqtls_qval.tsv,3110137,1335413,8,258143895303,2425743356
dMean__Myeloid_4_ct_all/OPTIM_pcs/base_output/base/cis_nominal1.cis_qtl_pairs.5.tsv,222117008,73951101,8,258145230840,1285104303
dMean__Myeloid_4_ct_all/OPTIM_pcs/base_output/base/cis_nominal1.cis_qtl_pairs.9.tsv,199866050,67244218,8,258219182079,2640799587
dMean__Myeloid_4_ct_all/OPTIM_pcs/base_output/base/cis_nominal1.cis_qtl_pairs.19.tsv,422477039,141616437,8,258286426435,3864410671
dMean__Myeloid_4_ct_all/OPTIM_pcs/base_output/base/cis_nominal1.cis_qtl_pairs.10.tsv,211549883,69782162,8,258428043011,521941174
dMean__Myeloid_4_ct_all/OPTIM_pcs/base_output/base/cis_nominal1.cis_qtl_pairs.8.tsv,173734203,58223158,8,258497825312,3341880428
dMean__Myeloid_4_ct_all/OPTIM_pcs/base_output/base/cis_nominal1.cis_qtl_pairs.14.tsv,189370788,63000659,8,258556048608,446459662
dMean__Myeloid_4_ct_all/OPTIM_pcs/base_output/base/cis_nominal1.cis_qtl_pairs.1.tsv,450974741,150063571,8,258619049406,2633445578
dMean__Myeloid_4_ct_all/OPTIM_pcs/base_output/base/cis_nominal1.cis_qtl_pairs.20.tsv,132689739,44403994,8,258769113115,1327805996
dMean__Myeloid_4_ct_all/OPTIM_pcs/base_output/base/Cis_eqtls_independent.tsv,234397,96586,8,258813517248,2544021824
dMean__Myeloid_4_ct_all/OPTIM_pcs/base_output/base/cis_nominal1.cis_qtl_pairs.12.tsv,278090349,91842141,8,258813613965,4106516060
dMean__Myeloid_4_ct_all/OPTIM_pcs/base_output/base/cis_nominal1.cis_qtl_pairs.18.tsv,85461261,28574839,8,258905456245,4178075621
dMean__Myeloid_4_ct_all/OPTIM_pcs/base_output/base/cis_nominal1.cis_qtl_pairs.13.tsv,92132535,30525719,8,258934031223,659907399
dMean__Epithelial_32_r_all/OPTIM_pcs/base_output/base/cis_nominal1.cis_qtl_pairs.3.tsv,195931456,63141399,8,258964557081,1867366634
dMean__Epithelial_32_r_all/OPTIM_pcs/base_output/base/cis_nominal1.cis_qtl_pairs.15.tsv,109534021,35741373,8,259027698621,85513437
dMean__Epithelial_32_r_all/OPTIM_pcs/base_output/base/cis_nominal1.cis_qtl_pairs.16.tsv,144916982,47916061,8,259063440136,309245611
dMean__Epithelial_32_r_all/OPTIM_pcs/base_output/base/cis_nominal1.cis_qtl_pairs.4.tsv,152204817,48677358,8,259111356339,3955309540
dMean__Epithelial_32_r_all/OPTIM_pcs/base_output/base/cis_nominal1.cis_qtl_pairs.21.tsv,38782309,12652423,8,259160033838,1337854566
dMean__Epithelial_32_r_all/OPTIM_pcs/base_output/base/cis_nominal1.cis_qtl_pairs.7.tsv,167698378,54685632,8,259172686403,3762494489
dMean__Epithelial_32_r_all/OPTIM_pcs/base_output/base/cis_nominal1.cis_qtl_pairs.22.tsv,78301025,25576225,8,259227372176,3276010940
dMean__Epithelial_32_r_all/OPTIM_pcs/base_output/base/cis_nominal1.cis_qtl_pairs.11.tsv,200184353,64626494,8,259252948543,3649681396
dMean__Epithelial_32_r_all/OPTIM_pcs/base_output/base/cis_nominal1.cis_qtl_pairs.6.tsv,245220867,73919327,8,259317575179,1823645596
dMean__Epithelial_32_r_all/OPTIM_pcs/base_output/base/cis_nominal1.cis_qtl_pairs.2.tsv,234502780,76119146,8,259391494647,3003694354
dMean__Epithelial_32_r_all/OPTIM_pcs/base_output/base/cis_nominal1.cis_qtl_pairs.17.tsv,195577446,63813266,8,259467613934,3495378458
dMean__Epithelial_32_r_all/OPTIM_pcs/base_output/base/Cis_eqtls_qval.tsv,2145123,899946,8,259531427342,3664416686
dMean__Epithelial_32_r_all/OPTIM_pcs/base_output/base/cis_nominal1.cis_qtl_pairs.5.tsv,150048846,48526593,8,259532327415,2825590515
dMean__Epithelial_32_r_all/OPTIM_pcs/base_output/base/cis_nominal1.cis_qtl_pairs.9.tsv,148056414,48506409,8,259580854149,2734474512
dMean__Epithelial_32_r_all/OPTIM_pcs/base_output/base/cis_nominal1.cis_qtl_pairs.19.tsv,241587771,79264850,8,259629360699,2777736555
dMean__Epithelial_32_r_all/OPTIM_pcs/base_output/base/cis_nominal1.cis_qtl_pairs.10.tsv,144329809,46113120,8,259708625691,1363321218
dMean__Epithelial_32_r_all/OPTIM_pcs/base_output/base/cis_nominal1.cis_qtl_pairs.8.tsv,119940977,39022932,8,259754738953,2199317191
dMean__Epithelial_32_r_all/OPTIM_pcs/base_output/base/cis_nominal1.cis_qtl_pairs.14.tsv,127108059,41038517,8,259793762026,3272410011
dMean__Epithelial_32_r_all/OPTIM_pcs/base_output/base/cis_nominal1.cis_qtl_pairs.1.tsv,325689544,105381426,8,259834800685,483462000
dMean__Epithelial_32_r_all/OPTIM_pcs/base_output/base/cis_nominal1.cis_qtl_pairs.20.tsv,93412676,30507143,8,259940182252,2457542832
dMean__Epithelial_32_r_all/OPTIM_pcs/base_output/base/Cis_eqtls_independent.tsv,12800,5674,8,259970689537,1447563812
dMean__Epithelial_32_r_all/OPTIM_pcs/base_output/base/cis_nominal1.cis_qtl_pairs.12.tsv,181923558,58220416,8,259970695345,445502071
dMean__Epithelial_32_r_all/OPTIM_pcs/base_output/base/cis_nominal1.cis_qtl_pairs.18.tsv,62618660,20367444,8,260028915903,2552914855
dMean__Epithelial_32_r_all/OPTIM_pcs/base_output/base/cis_nominal1.cis_qtl_pairs.13.tsv,65524022,21129548,8,260049283489,3191307493
dMean__Myeloid_8_blood_all/OPTIM_pcs/base_output/base/cis_nominal1.cis_qtl_pairs.3.tsv,294012706,92410467,8,260070413179,250847548
dMean__Myeloid_8_blood_all/OPTIM_pcs/base_output/base/cis_nominal1.cis_qtl_pairs.15.tsv,163535317,52184894,8,260162823787,1279884207
dMean__Myeloid_8_blood_all/OPTIM_pcs/base_output/base/cis_nominal1.cis_qtl_pairs.16.tsv,242748330,78644706,8,260215008823,1200699920
dMean__Myeloid_8_blood_all/OPTIM_pcs/base_output/base/cis_nominal1.cis_qtl_pairs.4.tsv,204408045,63802168,8,260293653671,3284757983
dMean__Myeloid_8_blood_all/OPTIM_pcs/base_output/base/cis_nominal1.cis_qtl_pairs.21.tsv,62024528,19799453,8,260357455980,2770112725
dMean__Myeloid_8_blood_all/OPTIM_pcs/base_output/base/cis_nominal1.cis_qtl_pairs.7.tsv,257786038,81828374,8,260377255575,2571031847
dMean__Myeloid_8_blood_all/OPTIM_pcs/base_output/base/cis_nominal1.cis_qtl_pairs.22.tsv,123779758,39716554,8,260459084090,3946914308
dMean__Myeloid_8_blood_all/OPTIM_pcs/base_output/base/cis_nominal1.cis_qtl_pairs.11.tsv,292215655,91713459,8,260498800786,3855639189
dMean__Myeloid_8_blood_all/OPTIM_pcs/base_output/base/cis_nominal1.cis_qtl_pairs.6.tsv,384598662,110657766,8,260590514387,748168109
dMean__Myeloid_8_blood_all/OPTIM_pcs/base_output/base/cis_nominal1.cis_qtl_pairs.2.tsv,342133444,108641189,8,260701172294,2958857023
dMean__Myeloid_8_blood_all/OPTIM_pcs/base_output/base/cis_nominal1.cis_qtl_pairs.17.tsv,312751987,100157197,8,260809813624,4012768480
dMean__Myeloid_8_blood_all/OPTIM_pcs/base_output/base/Cis_eqtls_qval.tsv,3319726,1422141,8,260909970963,329981380
dMean__Myeloid_8_blood_all/OPTIM_pcs/base_output/base/cis_nominal1.cis_qtl_pairs.5.tsv,234622052,73974484,8,260911393231,379159456
dMean__Myeloid_8_blood_all/OPTIM_pcs/base_output/base/cis_nominal1.cis_qtl_pairs.9.tsv,205273274,65822926,8,260985367856,2078526178
dMean__Myeloid_8_blood_all/OPTIM_pcs/base_output/base/cis_nominal1.cis_qtl_pairs.19.tsv,452108193,144974501,8,261051190923,3197039417
dMean__Myeloid_8_blood_all/OPTIM_pcs/base_output/base/cis_nominal1.cis_qtl_pairs.10.tsv,213018461,66279423,8,261196165566,2332550233
dMean__Myeloid_8_blood_all/OPTIM_pcs/base_output/base/cis_nominal1.cis_qtl_pairs.8.tsv,181699101,57754126,8,261262445131,492370365
dMean__Myeloid_8_blood_all/OPTIM_pcs/base_output/base/cis_nominal1.cis_qtl_pairs.14.tsv,194655952,61601367,8,261320199398,810988887
dMean__Myeloid_8_blood_all/OPTIM_pcs/base_output/base/cis_nominal1.cis_qtl_pairs.1.tsv,469142765,147559274,8,261381800907,2250832645
dMean__Myeloid_8_blood_all/OPTIM_pcs/base_output/base/cis_nominal1.cis_qtl_pairs.20.tsv,139336662,44344166,8,261529360322,1846095387
dMean__Myeloid_8_blood_all/OPTIM_pcs/base_output/base/Cis_eqtls_independent.tsv,109030,45427,8,261573704630,4293381402
dMean__Myeloid_8_blood_all/OPTIM_pcs/base_output/base/cis_nominal1.cis_qtl_pairs.12.tsv,300255843,93755202,8,261573750191,1034106555
dMean__Myeloid_8_blood_all/OPTIM_pcs/base_output/base/cis_nominal1.cis_qtl_pairs.18.tsv,87014687,27670319,8,261667505535,621964251
dMean__Myeloid_8_blood_all/OPTIM_pcs/base_output/base/cis_nominal1.cis_qtl_pairs.13.tsv,97850233,30650032,8,261695175996,1045607025
dMean__B_13_ti_all/OPTIM_pcs/base_output/base/cis_nominal1.cis_qtl_pairs.3.tsv,181172384,55978632,8,261725826170,1733580546
dMean__B_13_ti_all/OPTIM_pcs/base_output/base/cis_nominal1.cis_qtl_pairs.15.tsv,96452004,30218824,8,261781804935,1650638718
dMean__B_13_ti_all/OPTIM_pcs/base_output/base/cis_nominal1.cis_qtl_pairs.16.tsv,148808135,47769762,8,261812023893,3948184995
dMean__B_13_ti_all/OPTIM_pcs/base_output/base/cis_nominal1.cis_qtl_pairs.4.tsv,135145854,41466933,8,261859793789,555299093
dMean__B_13_ti_all/OPTIM_pcs/base_output/base/cis_nominal1.cis_qtl_pairs.21.tsv,37973188,11991654,8,261901260855,3018309525
dMean__B_13_ti_all/OPTIM_pcs/base_output/base/cis_nominal1.cis_qtl_pairs.7.tsv,165527872,51794031,8,261913252643,1151540676
dMean__B_13_ti_all/OPTIM_pcs/base_output/base/cis_nominal1.cis_qtl_pairs.22.tsv,79382542,25065033,8,261965046807,397576536
dMean__B_13_ti_all/OPTIM_pcs/base_output/base/cis_nominal1.cis_qtl_pairs.11.tsv,178711886,55190554,8,261990111974,2196088079
dMean__B_13_ti_all/OPTIM_pcs/base_output/base/cis_nominal1.cis_qtl_pairs.6.tsv,265083990,73700570,8,262045302662,2020796706
dMean__B_13_ti_all/OPTIM_pcs/base_output/base/cis_nominal1.cis_qtl_pairs.2.tsv,228411363,71397839,8,262119003365,624483052
dMean__B_13_ti_all/OPTIM_pcs/base_output/base/cis_nominal1.cis_qtl_pairs.17.tsv,184791740,58263608,8,262190401337,3368449740
dMean__B_13_ti_all/OPTIM_pcs/base_output/base/Cis_eqtls_qval.tsv,2084908,856925,8,262248665079,357205165
dMean__B_13_ti_all/OPTIM_pcs/base_output/base/cis_nominal1.cis_qtl_pairs.5.tsv,155407343,48261262,8,262249522123,327198218
dMean__B_13_ti_all/OPTIM_pcs/base_output/base/cis_nominal1.cis_qtl_pairs.9.tsv,131890879,41563251,8,262297783518,2884698102
dMean__B_13_ti_all/OPTIM_pcs/base_output/base/cis_nominal1.cis_qtl_pairs.19.tsv,269134129,84990972,8,262339346902,2459816589
dMean__B_13_ti_all/OPTIM_pcs/base_output/base/cis_nominal1.cis_qtl_pairs.10.tsv,134170867,40966133,8,262424338008,1220219014
dMean__B_13_ti_all/OPTIM_pcs/base_output/base/cis_nominal1.cis_qtl_pairs.8.tsv,113885257,35676584,8,262465304275,3644920196
dMean__B_13_ti_all/OPTIM_pcs/base_output/base/cis_nominal1.cis_qtl_pairs.14.tsv,124682640,38729054,8,262500980992,3166579936
dMean__B_13_ti_all/OPTIM_pcs/base_output/base/cis_nominal1.cis_qtl_pairs.1.tsv,301700015,93130822,8,262539710180,3894444088
dMean__B_13_ti_all/OPTIM_pcs/base_output/base/cis_nominal1.cis_qtl_pairs.20.tsv,94204405,29627109,8,262632841135,4173407414
dMean__B_13_ti_all/OPTIM_pcs/base_output/base/Cis_eqtls_independent.tsv,1861,916,8,262662468378,3973060599
dMean__B_13_ti_all/OPTIM_pcs/base_output/base/cis_nominal1.cis_qtl_pairs.12.tsv,181953436,55805819,8,262662469420,4191557514
dMean__B_13_ti_all/OPTIM_pcs/base_output/base/cis_nominal1.cis_qtl_pairs.18.tsv,53034701,16600477,8,262718275373,3911641100
dMean__B_13_ti_all/OPTIM_pcs/base_output/base/cis_nominal1.cis_qtl_pairs.13.tsv,67308969,20754622,8,262734875984,3675213250
dMean__Epithelial_18_ct_all/OPTIM_pcs/base_output/base/cis_nominal1.cis_qtl_pairs.3.tsv,289276643,96051098,8,262755630740,3728802641
dMean__Epithelial_18_ct_all/OPTIM_pcs/base_output/base/cis_nominal1.cis_qtl_pairs.15.tsv,162201337,54138765,8,262851681980,2211946275
dMean__Epithelial_18_ct_all/OPTIM_pcs/base_output/base/cis_nominal1.cis_qtl_pairs.16.tsv,240895559,81430203,8,262905820888,4221545097
dMean__Epithelial_18_ct_all/OPTIM_pcs/base_output/base/cis_nominal1.cis_qtl_pairs.4.tsv,216843825,71694710,8,262987251234,1502730697
dMean__Epithelial_18_ct_all/OPTIM_pcs/base_output/base/cis_nominal1.cis_qtl_pairs.21.tsv,58933399,19698800,8,263058946086,3962833902
dMean__Epithelial_18_ct_all/OPTIM_pcs/base_output/base/cis_nominal1.cis_qtl_pairs.7.tsv,258365865,86442662,8,263078645029,3910968869
dMean__Epithelial_18_ct_all/OPTIM_pcs/base_output/base/cis_nominal1.cis_qtl_pairs.22.tsv,115976124,38802989,8,263165087833,3306096736
dMean__Epithelial_18_ct_all/OPTIM_pcs/base_output/base/cis_nominal1.cis_qtl_pairs.11.tsv,288442637,95456346,8,263203890965,941618014
dMean__Epithelial_18_ct_all/OPTIM_pcs/base_output/base/cis_nominal1.cis_qtl_pairs.6.tsv,378786908,119439751,8,263299347454,1991000173
dMean__Epithelial_18_ct_all/OPTIM_pcs/base_output/base/cis_nominal1.cis_qtl_pairs.2.tsv,331725868,110676150,8,263418787347,4245332121
dMean__Epithelial_18_ct_all/OPTIM_pcs/base_output/base/cis_nominal1.cis_qtl_pairs.17.tsv,302129987,101089828,8,263529463639,886215180
dMean__Epithelial_18_ct_all/OPTIM_pcs/base_output/base/Cis_eqtls_qval.tsv,3206322,1381119,8,263630553610,2033774442
dMean__Epithelial_18_ct_all/OPTIM_pcs/base_output/base/cis_nominal1.cis_qtl_pairs.5.tsv,235139626,78215871,8,263631934857,2535761137
dMean__Epithelial_18_ct_all/OPTIM_pcs/base_output/base/cis_nominal1.cis_qtl_pairs.9.tsv,208778238,70176986,8,263710150870,2100065545
dMean__Epithelial_18_ct_all/OPTIM_pcs/base_output/base/cis_nominal1.cis_qtl_pairs.19.tsv,400034963,133963049,8,263780327998,1611055734
dMean__Epithelial_18_ct_all/OPTIM_pcs/base_output/base/cis_nominal1.cis_qtl_pairs.10.tsv,211628101,69654350,8,263914291190,68395075
dMean__Epithelial_18_ct_all/OPTIM_pcs/base_output/base/cis_nominal1.cis_qtl_pairs.8.tsv,182891222,61199677,8,263983945683,3638202627
dMean__Epithelial_18_ct_all/OPTIM_pcs/base_output/base/cis_nominal1.cis_qtl_pairs.14.tsv,192929862,64098705,8,264045145502,2072046336
dMean__Epithelial_18_ct_all/OPTIM_pcs/base_output/base/cis_nominal1.cis_qtl_pairs.1.tsv,468103014,155632495,8,264109244350,3734728110
dMean__Epithelial_18_ct_all/OPTIM_pcs/base_output/base/cis_nominal1.cis_qtl_pairs.20.tsv,137938194,46078393,8,264264876987,2427993985
dMean__Epithelial_18_ct_all/OPTIM_pcs/base_output/base/Cis_eqtls_independent.tsv,376384,154646,8,264310955523,1174627372
dMean__Epithelial_18_ct_all/OPTIM_pcs/base_output/base/cis_nominal1.cis_qtl_pairs.12.tsv,273487823,90187214,8,264311110304,2295211680
dMean__Epithelial_18_ct_all/OPTIM_pcs/base_output/base/cis_nominal1.cis_qtl_pairs.18.tsv,88062642,29363251,8,264401297661,1282303236
dMean__Epithelial_18_ct_all/OPTIM_pcs/base_output/base/cis_nominal1.cis_qtl_pairs.13.tsv,96721824,32059384,8,264430661055,2807868265
dMean__B_3_r_all/OPTIM_pcs/base_output/base/cis_nominal1.cis_qtl_pairs.3.tsv,228932340,74673489,8,264462720582,537129127
dMean__B_3_r_all/OPTIM_pcs/base_output/base/cis_nominal1.cis_qtl_pairs.15.tsv,122179667,40139768,8,264537394202,2540665647
dMean__B_3_r_all/OPTIM_pcs/base_output/base/cis_nominal1.cis_qtl_pairs.16.tsv,172607700,57667324,8,264577534102,1928282555
dMean__B_3_r_all/OPTIM_pcs/base_output/base/cis_nominal1.cis_qtl_pairs.4.tsv,165693089,53894415,8,264635201558,2223730732
dMean__B_3_r_all/OPTIM_pcs/base_output/base/cis_nominal1.cis_qtl_pairs.21.tsv,46668686,15377238,8,264689096104,2932516380
dMean__B_3_r_all/OPTIM_pcs/base_output/base/cis_nominal1.cis_qtl_pairs.7.tsv,198846343,65432319,8,264704473474,1311532611
dMean__B_3_r_all/OPTIM_pcs/base_output/base/cis_nominal1.cis_qtl_pairs.22.tsv,96645115,31862239,8,264769905924,1955785670
dMean__B_3_r_all/OPTIM_pcs/base_output/base/cis_nominal1.cis_qtl_pairs.11.tsv,216822440,70656590,8,264801768295,2497227174
dMean__B_3_r_all/OPTIM_pcs/base_output/base/cis_nominal1.cis_qtl_pairs.6.tsv,321991894,97995575,8,264872425017,3680959753
dMean__B_3_r_all/OPTIM_pcs/base_output/base/cis_nominal1.cis_qtl_pairs.2.tsv,271113707,89137253,8,264970420723,1787084499
dMean__B_3_r_all/OPTIM_pcs/base_output/base/cis_nominal1.cis_qtl_pairs.17.tsv,227453820,75007941,8,265059558107,3444684438
dMean__B_3_r_all/OPTIM_pcs/base_output/base/Cis_eqtls_qval.tsv,2530601,1077772,8,265134566180,743626859
dMean__B_3_r_all/OPTIM_pcs/base_output/base/cis_nominal1.cis_qtl_pairs.5.tsv,183528245,60027816,8,265135644069,1822993765
dMean__B_3_r_all/OPTIM_pcs/base_output/base/cis_nominal1.cis_qtl_pairs.9.tsv,157596700,52174046,8,265195672016,3047363490
dMean__B_3_r_all/OPTIM_pcs/base_output/base/cis_nominal1.cis_qtl_pairs.19.tsv,333323376,109901442,8,265247846193,4250197496
dMean__B_3_r_all/OPTIM_pcs/base_output/base/cis_nominal1.cis_qtl_pairs.10.tsv,161379931,52223606,8,265357747767,3175327170
dMean__B_3_r_all/OPTIM_pcs/base_output/base/cis_nominal1.cis_qtl_pairs.8.tsv,141717170,46550799,8,265409971505,189606369
dMean__B_3_r_all/OPTIM_pcs/base_output/base/cis_nominal1.cis_qtl_pairs.14.tsv,153748725,50249060,8,265456522435,1174639530
dMean__B_3_r_all/OPTIM_pcs/base_output/base/cis_nominal1.cis_qtl_pairs.1.tsv,367803216,120153803,8,265506771627,3712325784
dMean__B_3_r_all/OPTIM_pcs/base_output/base/cis_nominal1.cis_qtl_pairs.20.tsv,109428594,36071068,8,265626925561,1945611248
dMean__B_3_r_all/OPTIM_pcs/base_output/base/Cis_eqtls_independent.tsv,52457,22239,8,265662996761,33413402
dMean__B_3_r_all/OPTIM_pcs/base_output/base/cis_nominal1.cis_qtl_pairs.12.tsv,233941064,75787610,8,265663019124,763855432
dMean__B_3_r_all/OPTIM_pcs/base_output/base/cis_nominal1.cis_qtl_pairs.18.tsv,66588637,21853813,8,265738806866,2351833872
dMean__B_3_r_all/OPTIM_pcs/base_output/base/cis_nominal1.cis_qtl_pairs.13.tsv,79722355,25951016,8,265760660811,1514306139
dMean__Myeloid_11_ti_all/OPTIM_pcs/base_output/base/cis_nominal1.cis_qtl_pairs.3.tsv,218092038,64104638,8,265786611959,4120359722
dMean__Myeloid_11_ti_all/OPTIM_pcs/base_output/base/cis_nominal1.cis_qtl_pairs.15.tsv,113933541,34454135,8,265850716736,2932594016
dMean__Myeloid_11_ti_all/OPTIM_pcs/base_output/base/cis_nominal1.cis_qtl_pairs.16.tsv,164054159,50368598,8,265885171011,2736050407
dMean__Myeloid_11_ti_all/OPTIM_pcs/base_output/base/cis_nominal1.cis_qtl_pairs.4.tsv,159101366,46573580,8,265935539749,1530069323
dMean__Myeloid_11_ti_all/OPTIM_pcs/base_output/base/cis_nominal1.cis_qtl_pairs.21.tsv,44391244,13449542,8,265982113468,662258095
dMean__Myeloid_11_ti_all/OPTIM_pcs/base_output/base/cis_nominal1.cis_qtl_pairs.7.tsv,189707967,56706869,8,265995563150,1245538481
dMean__Myeloid_11_ti_all/OPTIM_pcs/base_output/base/cis_nominal1.cis_qtl_pairs.22.tsv,85725093,25941344,8,266052270158,784750653
dMean__Myeloid_11_ti_all/OPTIM_pcs/base_output/base/cis_nominal1.cis_qtl_pairs.11.tsv,204673608,60162118,8,266078211642,3887604674
dMean__Myeloid_11_ti_all/OPTIM_pcs/base_output/base/cis_nominal1.cis_qtl_pairs.6.tsv,297652005,77629678,8,266138373900,2319118720
dMean__Myeloid_11_ti_all/OPTIM_pcs/base_output/base/cis_nominal1.cis_qtl_pairs.2.tsv,254677729,75988400,8,266216003717,1142996009
dMean__Myeloid_11_ti_all/OPTIM_pcs/base_output/base/cis_nominal1.cis_qtl_pairs.17.tsv,220922503,67003061,8,266291992256,2941581065
dMean__Myeloid_11_ti_all/OPTIM_pcs/base_output/base/Cis_eqtls_qval.tsv,2426852,998472,8,266358995457,3445667148
dMean__Myeloid_11_ti_all/OPTIM_pcs/base_output/base/cis_nominal1.cis_qtl_pairs.5.tsv,168697929,50031815,8,266359994054,409363807
dMean__Myeloid_11_ti_all/OPTIM_pcs/base_output/base/cis_nominal1.cis_qtl_pairs.9.tsv,152135299,46266206,8,266410026008,865900970
dMean__Myeloid_11_ti_all/OPTIM_pcs/base_output/base/cis_nominal1.cis_qtl_pairs.19.tsv,316431062,95916871,8,266456292353,3470240058
dMean__Myeloid_11_ti_all/OPTIM_pcs/base_output/base/cis_nominal1.cis_qtl_pairs.10.tsv,155791564,45153401,8,266552209364,3083685233
dMean__Myeloid_11_ti_all/OPTIM_pcs/base_output/base/cis_nominal1.cis_qtl_pairs.8.tsv,125619163,37469694,8,266597362905,636781313
dMean__Myeloid_11_ti_all/OPTIM_pcs/base_output/base/cis_nominal1.cis_qtl_pairs.14.tsv,141463519,42192290,8,266634832738,3238699088
dMean__Myeloid_11_ti_all/OPTIM_pcs/base_output/base/cis_nominal1.cis_qtl_pairs.1.tsv,340198886,100701924,8,266677025168,121264531
dMean__Myeloid_11_ti_all/OPTIM_pcs/base_output/base/cis_nominal1.cis_qtl_pairs.20.tsv,107330302,32232105,8,266777727231,2800468604
dMean__Myeloid_11_ti_all/OPTIM_pcs/base_output/base/Cis_eqtls_independent.tsv,1028,551,8,266809959476,2560980472
dMean__Myeloid_11_ti_all/OPTIM_pcs/base_output/base/cis_nominal1.cis_qtl_pairs.12.tsv,211428819,61900362,8,266809960159,2196125992
dMean__Myeloid_11_ti_all/OPTIM_pcs/base_output/base/cis_nominal1.cis_qtl_pairs.18.tsv,68632049,20635684,8,266871860661,3197916696
dMean__Myeloid_11_ti_all/OPTIM_pcs/base_output/base/cis_nominal1.cis_qtl_pairs.13.tsv,73927528,21794956,8,266892496485,641758223
dMean__Secretory_r_all/OPTIM_pcs/base_output/base/cis_nominal1.cis_qtl_pairs.3.tsv,388404605,127603963,8,266914291581,2476182968
dMean__Secretory_r_all/OPTIM_pcs/base_output/base/cis_nominal1.cis_qtl_pairs.15.tsv,232050795,76873254,8,267041895681,619143063
dMean__Secretory_r_all/OPTIM_pcs/base_output/base/cis_nominal1.cis_qtl_pairs.16.tsv,322614085,108225280,8,267118769073,913727359
dMean__Secretory_r_all/OPTIM_pcs/base_output/base/cis_nominal1.cis_qtl_pairs.4.tsv,291384742,95362392,8,267226994491,3315283888
dMean__Secretory_r_all/OPTIM_pcs/base_output/base/cis_nominal1.cis_qtl_pairs.21.tsv,86515741,28640979,8,267322357020,1219703843
dMean__Secretory_r_all/OPTIM_pcs/base_output/base/cis_nominal1.cis_qtl_pairs.7.tsv,349662992,115740536,8,267350998137,3453737293
dMean__Secretory_r_all/OPTIM_pcs/base_output/base/cis_nominal1.cis_qtl_pairs.22.tsv,163435484,54208863,8,267466738810,2536624851
dMean__Secretory_r_all/OPTIM_pcs/base_output/base/cis_nominal1.cis_qtl_pairs.11.tsv,380987629,125011643,8,267520947811,1291630013
dMean__Secretory_r_all/OPTIM_pcs/base_output/base/cis_nominal1.cis_qtl_pairs.6.tsv,474452502,147732642,8,267645959592,3368605474
dMean__Secretory_r_all/OPTIM_pcs/base_output/base/cis_nominal1.cis_qtl_pairs.2.tsv,475818417,157071728,8,267793692371,215395840
dMean__Secretory_r_all/OPTIM_pcs/base_output/base/cis_nominal1.cis_qtl_pairs.17.tsv,400007039,132640056,8,267950764236,3814619938
dMean__Secretory_r_all/OPTIM_pcs/base_output/base/Cis_eqtls_qval.tsv,4348618,1876870,8,268083404430,3156017093
dMean__Secretory_r_all/OPTIM_pcs/base_output/base/cis_nominal1.cis_qtl_pairs.5.tsv,321977239,105973033,8,268085281423,1766388008
dMean__Secretory_r_all/OPTIM_pcs/base_output/base/cis_nominal1.cis_qtl_pairs.9.tsv,277491471,92446702,8,268191254593,3741724414
dMean__Secretory_r_all/OPTIM_pcs/base_output/base/cis_nominal1.cis_qtl_pairs.19.tsv,532321399,176718090,8,268283701432,265562246
dMean__Secretory_r_all/OPTIM_pcs/base_output/base/cis_nominal1.cis_qtl_pairs.10.tsv,281641509,91692496,8,268460419660,2884894326
dMean__Secretory_r_all/OPTIM_pcs/base_output/base/cis_nominal1.cis_qtl_pairs.8.tsv,268260973,88747220,8,268552112294,3676679936
dMean__Secretory_r_all/OPTIM_pcs/base_output/base/cis_nominal1.cis_qtl_pairs.14.tsv,251679977,82758008,8,268640859651,1684124708
dMean__Secretory_r_all/OPTIM_pcs/base_output/base/cis_nominal1.cis_qtl_pairs.1.tsv,631898441,208168663,8,268723617797,46663206
dMean__Secretory_r_all/OPTIM_pcs/base_output/base/cis_nominal1.cis_qtl_pairs.20.tsv,186816911,61940370,8,268931786597,2026546802
dMean__Secretory_r_all/OPTIM_pcs/base_output/base/Cis_eqtls_independent.tsv,1379104,563844,8,268993727105,993985391
dMean__Secretory_r_all/OPTIM_pcs/base_output/base/cis_nominal1.cis_qtl_pairs.12.tsv,376985511,122981680,8,268994291079,721549442
dMean__Secretory_r_all/OPTIM_pcs/base_output/base/cis_nominal1.cis_qtl_pairs.18.tsv,125880283,41545353,8,269117272897,3897613334
dMean__Secretory_r_all/OPTIM_pcs/base_output/base/cis_nominal1.cis_qtl_pairs.13.tsv,132111847,43284131,8,269158818388,4251816659
dMean__T_20_ti_all/OPTIM_pcs/base_output/base/cis_nominal1.cis_qtl_pairs.3.tsv,204973142,66596999,8,269202102657,4235476922
dMean__T_20_ti_all/OPTIM_pcs/base_output/base/cis_nominal1.cis_qtl_pairs.15.tsv,109116166,35798377,8,269268699789,2107208507
dMean__T_20_ti_all/OPTIM_pcs/base_output/base/cis_nominal1.cis_qtl_pairs.16.tsv,150637608,50150739,8,269304498300,1747271855
dMean__T_20_ti_all/OPTIM_pcs/base_output/base/cis_nominal1.cis_qtl_pairs.4.tsv,157625375,51030082,8,269354649173,507665108
dMean__T_20_ti_all/OPTIM_pcs/base_output/base/cis_nominal1.cis_qtl_pairs.21.tsv,44685313,14686763,8,269405679388,2440011678
dMean__T_20_ti_all/OPTIM_pcs/base_output/base/cis_nominal1.cis_qtl_pairs.7.tsv,186489305,61191933,8,269420366285,971414308
dMean__T_20_ti_all/OPTIM_pcs/base_output/base/cis_nominal1.cis_qtl_pairs.22.tsv,85987481,28268060,8,269481558351,3530361275
dMean__T_20_ti_all/OPTIM_pcs/base_output/base/cis_nominal1.cis_qtl_pairs.11.tsv,195106915,63168326,8,269509826545,1672285265
dMean__T_20_ti_all/OPTIM_pcs/base_output/base/cis_nominal1.cis_qtl_pairs.6.tsv,280158292,85092887,8,269572995005,3445317295
dMean__T_20_ti_all/OPTIM_pcs/base_output/base/cis_nominal1.cis_qtl_pairs.2.tsv,241175607,79020822,8,269658088025,514869345
dMean__T_20_ti_all/OPTIM_pcs/base_output/base/cis_nominal1.cis_qtl_pairs.17.tsv,198539166,65369344,8,269737108980,1519979204
dMean__T_20_ti_all/OPTIM_pcs/base_output/base/Cis_eqtls_qval.tsv,2249608,937788,8,269802478458,2470235824
dMean__T_20_ti_all/OPTIM_pcs/base_output/base/cis_nominal1.cis_qtl_pairs.5.tsv,163954830,53436103,8,269803416365,2118954788
dMean__T_20_ti_all/OPTIM_pcs/base_output/base/cis_nominal1.cis_qtl_pairs.9.tsv,140588064,46305824,8,269856852601,3001190083
dMean__T_20_ti_all/OPTIM_pcs/base_output/base/cis_nominal1.cis_qtl_pairs.19.tsv,283843645,93413537,8,269903158558,860406905
dMean__T_20_ti_all/OPTIM_pcs/base_output/base/cis_nominal1.cis_qtl_pairs.10.tsv,150490141,48562151,8,269996572229,3048593007
dMean__T_20_ti_all/OPTIM_pcs/base_output/base/cis_nominal1.cis_qtl_pairs.8.tsv,126829134,41488626,8,270045134514,2197570292
dMean__T_20_ti_all/OPTIM_pcs/base_output/base/cis_nominal1.cis_qtl_pairs.14.tsv,137096814,44680983,8,270086623273,3886606218
dMean__T_20_ti_all/OPTIM_pcs/base_output/base/cis_nominal1.cis_qtl_pairs.1.tsv,322076501,104672478,8,270131304390,3789643445
dMean__T_20_ti_all/OPTIM_pcs/base_output/base/cis_nominal1.cis_qtl_pairs.20.tsv,97811254,32060633,8,270235977001,1517091296
dMean__T_20_ti_all/OPTIM_pcs/base_output/base/Cis_eqtls_independent.tsv,12052,5354,8,270268037768,1813462963
dMean__T_20_ti_all/OPTIM_pcs/base_output/base/cis_nominal1.cis_qtl_pairs.12.tsv,205346534,66225690,8,270268043248,2009373217
dMean__T_20_ti_all/OPTIM_pcs/base_output/base/cis_nominal1.cis_qtl_pairs.18.tsv,65191007,21309767,8,270334269072,1817010770
dMean__T_20_ti_all/OPTIM_pcs/base_output/base/cis_nominal1.cis_qtl_pairs.13.tsv,74095403,23998082,8,270355578973,1139963000
dMean__Epithelial_26_r_all/OPTIM_pcs/base_output/base/cis_nominal1.cis_qtl_pairs.3.tsv,270968420,88794370,8,270379577189,2167525137
dMean__Epithelial_26_r_all/OPTIM_pcs/base_output/base/cis_nominal1.cis_qtl_pairs.15.tsv,145075724,47919655,8,270468371700,2107263771
dMean__Epithelial_26_r_all/OPTIM_pcs/base_output/base/cis_nominal1.cis_qtl_pairs.16.tsv,206427896,69177947,8,270516291497,493004648
dMean__Epithelial_26_r_all/OPTIM_pcs/base_output/base/cis_nominal1.cis_qtl_pairs.4.tsv,206564076,67438525,8,270585469586,3506360318
dMean__Epithelial_26_r_all/OPTIM_pcs/base_output/base/cis_nominal1.cis_qtl_pairs.21.tsv,53645075,17752166,8,270652908252,1457254713
dMean__Epithelial_26_r_all/OPTIM_pcs/base_output/base/cis_nominal1.cis_qtl_pairs.7.tsv,251006582,82893126,8,270670660560,245295387
dMean__Epithelial_26_r_all/OPTIM_pcs/base_output/base/cis_nominal1.cis_qtl_pairs.22.tsv,104460487,34567436,8,270753553827,2528536030
dMean__Epithelial_26_r_all/OPTIM_pcs/base_output/base/cis_nominal1.cis_qtl_pairs.11.tsv,262140177,85889558,8,270788121405,1834914229
dMean__Epithelial_26_r_all/OPTIM_pcs/base_output/base/cis_nominal1.cis_qtl_pairs.6.tsv,331343164,102710889,8,270874011105,4032937201
dMean__Epithelial_26_r_all/OPTIM_pcs/base_output/base/cis_nominal1.cis_qtl_pairs.2.tsv,324666299,107074204,8,270976722135,3997616006
dMean__Epithelial_26_r_all/OPTIM_pcs/base_output/base/cis_nominal1.cis_qtl_pairs.17.tsv,265231705,87828963,8,271083796480,3827147766
dMean__Epithelial_26_r_all/OPTIM_pcs/base_output/base/Cis_eqtls_qval.tsv,2986200,1276720,8,271171625585,1447719582
dMean__Epithelial_26_r_all/OPTIM_pcs/base_output/base/cis_nominal1.cis_qtl_pairs.5.tsv,225174232,74052796,8,271172902432,1380355613
dMean__Epithelial_26_r_all/OPTIM_pcs/base_output/base/cis_nominal1.cis_qtl_pairs.9.tsv,201901763,67170192,8,271246955369,2802712404
dMean__Epithelial_26_r_all/OPTIM_pcs/base_output/base/cis_nominal1.cis_qtl_pairs.19.tsv,363854212,120636277,8,271314125702,1097134724
dMean__Epithelial_26_r_all/OPTIM_pcs/base_output/base/cis_nominal1.cis_qtl_pairs.10.tsv,195092221,63421917,8,271434762121,230263296
dMean__Epithelial_26_r_all/OPTIM_pcs/base_output/base/cis_nominal1.cis_qtl_pairs.8.tsv,178120118,58851310,8,271498184180,3831478167
dMean__Epithelial_26_r_all/OPTIM_pcs/base_output/base/cis_nominal1.cis_qtl_pairs.14.tsv,181254537,59537696,8,271557035631,2186834873
dMean__Epithelial_26_r_all/OPTIM_pcs/base_output/base/cis_nominal1.cis_qtl_pairs.1.tsv,432405679,142141666,8,271616573469,3047116014
dMean__Epithelial_26_r_all/OPTIM_pcs/base_output/base/cis_nominal1.cis_qtl_pairs.20.tsv,133928319,44343384,8,271758715276,2968160712
dMean__Epithelial_26_r_all/OPTIM_pcs/base_output/base/Cis_eqtls_independent.tsv,97799,40801,8,271803058802,1816337608
dMean__Epithelial_26_r_all/OPTIM_pcs/base_output/base/cis_nominal1.cis_qtl_pairs.12.tsv,256936966,83661706,8,271803099737,3936906342
dMean__Epithelial_26_r_all/OPTIM_pcs/base_output/base/cis_nominal1.cis_qtl_pairs.18.tsv,78611254,25883716,8,271886761585,2297382993
dMean__Epithelial_26_r_all/OPTIM_pcs/base_output/base/cis_nominal1.cis_qtl_pairs.13.tsv,93839409,30714227,8,271912645443,846597488
dMean__Epithelial_29_ct_all/OPTIM_pcs/base_output/base/cis_nominal1.cis_qtl_pairs.3.tsv,244507661,80296448,8,271943359812,2486875019
dMean__Epithelial_29_ct_all/OPTIM_pcs/base_output/base/cis_nominal1.cis_qtl_pairs.15.tsv,144306849,47792575,8,272023656402,3864680732
dMean__Epithelial_29_ct_all/OPTIM_pcs/base_output/base/cis_nominal1.cis_qtl_pairs.16.tsv,199310896,66858325,8,272071449120,3020695024
dMean__Epithelial_29_ct_all/OPTIM_pcs/base_output/base/cis_nominal1.cis_qtl_pairs.4.tsv,195186689,63901626,8,272138307588,1449780560
dMean__Epithelial_29_ct_all/OPTIM_pcs/base_output/base/cis_nominal1.cis_qtl_pairs.21.tsv,50379904,16698131,8,272202209356,377808079
dMean__Epithelial_29_ct_all/OPTIM_pcs/base_output/base/cis_nominal1.cis_qtl_pairs.7.tsv,229704237,75981022,8,272218907630,685422672
dMean__Epithelial_29_ct_all/OPTIM_pcs/base_output/base/cis_nominal1.cis_qtl_pairs.22.tsv,97727761,32460110,8,272294888794,150478075
dMean__Epithelial_29_ct_all/OPTIM_pcs/base_output/base/cis_nominal1.cis_qtl_pairs.11.tsv,256706483,84163610,8,272327349047,960570221
dMean__Epithelial_29_ct_all/OPTIM_pcs/base_output/base/cis_nominal1.cis_qtl_pairs.6.tsv,323687461,100410075,8,272411512800,2232124177
dMean__Epithelial_29_ct_all/OPTIM_pcs/base_output/base/cis_nominal1.cis_qtl_pairs.2.tsv,293214075,96874928,8,272511923017,1913592561
dMean__Epithelial_29_ct_all/OPTIM_pcs/base_output/base/cis_nominal1.cis_qtl_pairs.17.tsv,255040577,84628446,8,272608798087,383034833
dMean__Epithelial_29_ct_all/OPTIM_pcs/base_output/base/Cis_eqtls_qval.tsv,2790032,1193590,8,272693426676,2495183055
dMean__Epithelial_29_ct_all/OPTIM_pcs/base_output/base/cis_nominal1.cis_qtl_pairs.5.tsv,199335380,65634863,8,272694620394,245624944
dMean__Epithelial_29_ct_all/OPTIM_pcs/base_output/base/cis_nominal1.cis_qtl_pairs.9.tsv,194872437,64865317,8,272760255399,1076652808
dMean__Epithelial_29_ct_all/OPTIM_pcs/base_output/base/cis_nominal1.cis_qtl_pairs.19.tsv,339427454,112758393,8,272825120858,620067162
dMean__Epithelial_29_ct_all/OPTIM_pcs/base_output/base/cis_nominal1.cis_qtl_pairs.10.tsv,190673894,62105513,8,272937879394,3998226763
dMean__Epithelial_29_ct_all/OPTIM_pcs/base_output/base/cis_nominal1.cis_qtl_pairs.8.tsv,156706112,51880737,8,272999985050,4055573942
dMean__Epithelial_29_ct_all/OPTIM_pcs/base_output/base/cis_nominal1.cis_qtl_pairs.14.tsv,168040835,55323588,8,273051865929,1805952099
dMean__Epithelial_29_ct_all/OPTIM_pcs/base_output/base/cis_nominal1.cis_qtl_pairs.1.tsv,409252218,134707821,8,273107189660,2391438789
dMean__Epithelial_29_ct_all/OPTIM_pcs/base_output/base/cis_nominal1.cis_qtl_pairs.20.tsv,120912064,40018823,8,273241897623,2534556576
dMean__Epithelial_29_ct_all/OPTIM_pcs/base_output/base/Cis_eqtls_independent.tsv,105820,44081,8,273281916589,2771041969
dMean__Epithelial_29_ct_all/OPTIM_pcs/base_output/base/cis_nominal1.cis_qtl_pairs.12.tsv,243508297,79467147,8,273281960805,4112075542
dMean__Epithelial_29_ct_all/OPTIM_pcs/base_output/base/cis_nominal1.cis_qtl_pairs.18.tsv,74413972,24550863,8,273361428095,1594137622
dMean__Epithelial_29_ct_all/OPTIM_pcs/base_output/base/cis_nominal1.cis_qtl_pairs.13.tsv,87928029,28824425,8,273385979101,1558781117
dMean__Epithelial_26_ti_all/OPTIM_pcs/base_output/base/cis_nominal1.cis_qtl_pairs.3.tsv,237923609,75134953,8,273414803669,1112365530
dMean__Epithelial_26_ti_all/OPTIM_pcs/base_output/base/cis_nominal1.cis_qtl_pairs.15.tsv,130445850,41696779,8,273489938764,1919712836
dMean__Epithelial_26_ti_all/OPTIM_pcs/base_output/base/cis_nominal1.cis_qtl_pairs.16.tsv,180748763,58907111,8,273531635686,1619239923
dMean__Epithelial_26_ti_all/OPTIM_pcs/base_output/base/cis_nominal1.cis_qtl_pairs.4.tsv,178304697,55815473,8,273590542940,2545066552
dMean__Epithelial_26_ti_all/OPTIM_pcs/base_output/base/cis_nominal1.cis_qtl_pairs.21.tsv,47584299,15247767,8,273646358555,128467875
dMean__Epithelial_26_ti_all/OPTIM_pcs/base_output/base/cis_nominal1.cis_qtl_pairs.7.tsv,215195144,68673923,8,273661606465,2616073624
dMean__Epithelial_26_ti_all/OPTIM_pcs/base_output/base/cis_nominal1.cis_qtl_pairs.22.tsv,89335788,28706085,8,273730280530,213131510
dMean__Epithelial_26_ti_all/OPTIM_pcs/base_output/base/cis_nominal1.cis_qtl_pairs.11.tsv,233982590,73716796,8,273758986758,3606123508
dMean__Epithelial_26_ti_all/OPTIM_pcs/base_output/base/cis_nominal1.cis_qtl_pairs.6.tsv,288532450,84193310,8,273832703697,786541053
dMean__Epithelial_26_ti_all/OPTIM_pcs/base_output/base/cis_nominal1.cis_qtl_pairs.2.tsv,271228671,86390678,8,273916897149,4084825004
dMean__Epithelial_26_ti_all/OPTIM_pcs/base_output/base/cis_nominal1.cis_qtl_pairs.17.tsv,228523188,73356273,8,274003287969,3679107963
dMean__Epithelial_26_ti_all/OPTIM_pcs/base_output/base/Cis_eqtls_qval.tsv,2575178,1077581,8,274076644385,3451093371
dMean__Epithelial_26_ti_all/OPTIM_pcs/base_output/base/cis_nominal1.cis_qtl_pairs.5.tsv,186899562,59134048,8,274077722094,1422036515
dMean__Epithelial_26_ti_all/OPTIM_pcs/base_output/base/cis_nominal1.cis_qtl_pairs.9.tsv,174489638,56099320,8,274136856284,577177165
dMean__Epithelial_26_ti_all/OPTIM_pcs/base_output/base/cis_nominal1.cis_qtl_pairs.19.tsv,292291506,93994170,8,274192955746,1607054284
dMean__Epithelial_26_ti_all/OPTIM_pcs/base_output/base/cis_nominal1.cis_qtl_pairs.10.tsv,173918860,54332144,8,274286950059,1675524463
dMean__Epithelial_26_ti_all/OPTIM_pcs/base_output/base/cis_nominal1.cis_qtl_pairs.8.tsv,149634649,47601868,8,274341282346,2949160221
dMean__Epithelial_26_ti_all/OPTIM_pcs/base_output/base/cis_nominal1.cis_qtl_pairs.14.tsv,153494598,48702542,8,274388884356,4086463926
dMean__Epithelial_26_ti_all/OPTIM_pcs/base_output/base/cis_nominal1.cis_qtl_pairs.1.tsv,373319671,118029160,8,274437587041,1403482068
dMean__Epithelial_26_ti_all/OPTIM_pcs/base_output/base/cis_nominal1.cis_qtl_pairs.20.tsv,119237052,38089413,8,274555616343,810214330
dMean__Epithelial_26_ti_all/OPTIM_pcs/base_output/base/Cis_eqtls_independent.tsv,7519,3398,8,274593705899,1314573605
dMean__Epithelial_26_ti_all/OPTIM_pcs/base_output/base/cis_nominal1.cis_qtl_pairs.12.tsv,221995476,69493229,8,274593709432,1063287733
dMean__Epithelial_26_ti_all/OPTIM_pcs/base_output/base/cis_nominal1.cis_qtl_pairs.18.tsv,69655329,22146142,8,274663202804,2574617216
dMean__Epithelial_26_ti_all/OPTIM_pcs/base_output/base/cis_nominal1.cis_qtl_pairs.13.tsv,83094236,26205131,8,274685349089,1699611585
dMean__B_10_blood_all/OPTIM_pcs/base_output/base/cis_nominal1.cis_qtl_pairs.3.tsv,247580669,77214000,8,274711554363,1628272133
dMean__B_10_blood_all/OPTIM_pcs/base_output/base/cis_nominal1.cis_qtl_pairs.15.tsv,134111695,42449634,8,274788768499,945516886
dMean__B_10_blood_all/OPTIM_pcs/base_output/base/cis_nominal1.cis_qtl_pairs.16.tsv,201653890,64926117,8,274831218270,81174756
dMean__B_10_blood_all/OPTIM_pcs/base_output/base/cis_nominal1.cis_qtl_pairs.4.tsv,178845590,55341982,8,274896144524,4253358914
dMean__B_10_blood_all/OPTIM_pcs/base_output/base/cis_nominal1.cis_qtl_pairs.21.tsv,51479328,16308575,8,274951486642,1788489904
dMean__B_10_blood_all/OPTIM_pcs/base_output/base/cis_nominal1.cis_qtl_pairs.7.tsv,217452726,68358286,8,274967795354,3918438231
dMean__B_10_blood_all/OPTIM_pcs/base_output/base/cis_nominal1.cis_qtl_pairs.22.tsv,107161289,34138786,8,275036153776,3827361217
dMean__B_10_blood_all/OPTIM_pcs/base_output/base/cis_nominal1.cis_qtl_pairs.11.tsv,247339027,76943336,8,275070292699,1199138817
dMean__B_10_blood_all/OPTIM_pcs/base_output/base/cis_nominal1.cis_qtl_pairs.6.tsv,352068987,99586940,8,275147236172,51429134
dMean__B_10_blood_all/OPTIM_pcs/base_output/base/cis_nominal1.cis_qtl_pairs.2.tsv,295487765,93134188,8,275246823248,589257768
dMean__B_10_blood_all/OPTIM_pcs/base_output/base/cis_nominal1.cis_qtl_pairs.17.tsv,253183555,80412032,8,275339957572,4112584064
dMean__B_10_blood_all/OPTIM_pcs/base_output/base/Cis_eqtls_qval.tsv,2801220,1185058,8,275420369741,16088724
dMean__B_10_blood_all/OPTIM_pcs/base_output/base/cis_nominal1.cis_qtl_pairs.5.tsv,201138256,62883001,8,275421554921,10701269
dMean__B_10_blood_all/OPTIM_pcs/base_output/base/cis_nominal1.cis_qtl_pairs.9.tsv,173025882,55070335,8,275484438058,3922461183
dMean__B_10_blood_all/OPTIM_pcs/base_output/base/cis_nominal1.cis_qtl_pairs.19.tsv,377784943,120161176,8,275539508529,1682969685
dMean__B_10_blood_all/OPTIM_pcs/base_output/base/cis_nominal1.cis_qtl_pairs.10.tsv,176300297,54341954,8,275659669842,777976230
dMean__B_10_blood_all/OPTIM_pcs/base_output/base/cis_nominal1.cis_qtl_pairs.8.tsv,159600867,50398040,8,275714011933,1412668513
dMean__B_10_blood_all/OPTIM_pcs/base_output/base/cis_nominal1.cis_qtl_pairs.14.tsv,167478688,52536219,8,275764410109,3713893413
dMean__B_10_blood_all/OPTIM_pcs/base_output/base/cis_nominal1.cis_qtl_pairs.1.tsv,402743583,125554938,8,275816946465,2724936816
dMean__B_10_blood_all/OPTIM_pcs/base_output/base/cis_nominal1.cis_qtl_pairs.20.tsv,122343588,38648613,8,275942501539,2980314929
dMean__B_10_blood_all/OPTIM_pcs/base_output/base/Cis_eqtls_independent.tsv,20363,8904,8,275981150289,3040030309
dMean__B_10_blood_all/OPTIM_pcs/base_output/base/cis_nominal1.cis_qtl_pairs.12.tsv,257908193,79925299,8,275981159322,2399853912
dMean__B_10_blood_all/OPTIM_pcs/base_output/base/cis_nominal1.cis_qtl_pairs.18.tsv,74120239,23368170,8,276061084758,1881122814
dMean__B_10_blood_all/OPTIM_pcs/base_output/base/cis_nominal1.cis_qtl_pairs.13.tsv,82785945,25689441,8,276084453065,365511707
dMean__T_5_ti_all/OPTIM_pcs/base_output/base/cis_nominal1.cis_qtl_pairs.3.tsv,253467234,83433700,8,276110142643,2282341964
dMean__T_5_ti_all/OPTIM_pcs/base_output/base/cis_nominal1.cis_qtl_pairs.15.tsv,144588173,47951166,8,276193576475,2973585881
dMean__T_5_ti_all/OPTIM_pcs/base_output/base/cis_nominal1.cis_qtl_pairs.16.tsv,214855935,72194868,8,276241527774,1169246052
dMean__T_5_ti_all/OPTIM_pcs/base_output/base/cis_nominal1.cis_qtl_pairs.4.tsv,190005189,62503674,8,276313722775,470536766
dMean__T_5_ti_all/OPTIM_pcs/base_output/base/cis_nominal1.cis_qtl_pairs.21.tsv,56794176,18841222,8,276376226581,2496859377
dMean__T_5_ti_all/OPTIM_pcs/base_output/base/cis_nominal1.cis_qtl_pairs.7.tsv,231124197,76639597,8,276395067936,1182422342
dMean__T_5_ti_all/OPTIM_pcs/base_output/base/cis_nominal1.cis_qtl_pairs.22.tsv,114976427,38214559,8,276471707665,3383488500
dMean__T_5_ti_all/OPTIM_pcs/base_output/base/cis_nominal1.cis_qtl_pairs.11.tsv,246344757,80916674,8,276509922357,2885223303
dMean__T_5_ti_all/OPTIM_pcs/base_output/base/cis_nominal1.cis_qtl_pairs.6.tsv,344544319,106761769,8,276590839164,1207638621
dMean__T_5_ti_all/OPTIM_pcs/base_output/base/cis_nominal1.cis_qtl_pairs.2.tsv,307670871,101914656,8,276697601065,774275554
dMean__T_5_ti_all/OPTIM_pcs/base_output/base/cis_nominal1.cis_qtl_pairs.17.tsv,273839976,91006482,8,276799515853,2316432103
dMean__T_5_ti_all/OPTIM_pcs/base_output/base/Cis_eqtls_qval.tsv,2929646,1254553,8,276890522468,1711390204
dMean__T_5_ti_all/OPTIM_pcs/base_output/base/cis_nominal1.cis_qtl_pairs.5.tsv,211605446,69860944,8,276891777139,3346761422
dMean__T_5_ti_all/OPTIM_pcs/base_output/base/cis_nominal1.cis_qtl_pairs.9.tsv,178318539,59492496,8,276961638215,361291131
dMean__T_5_ti_all/OPTIM_pcs/base_output/base/cis_nominal1.cis_qtl_pairs.19.tsv,393042185,130597580,8,277021130843,906235014
dMean__T_5_ti_all/OPTIM_pcs/base_output/base/cis_nominal1.cis_qtl_pairs.10.tsv,190056509,62108255,8,277151728556,3142421701
dMean__T_5_ti_all/OPTIM_pcs/base_output/base/cis_nominal1.cis_qtl_pairs.8.tsv,167162504,55558198,8,277213836944,2449394119
dMean__T_5_ti_all/OPTIM_pcs/base_output/base/cis_nominal1.cis_qtl_pairs.14.tsv,187857974,61997282,8,277269395274,875809762
dMean__T_5_ti_all/OPTIM_pcs/base_output/base/cis_nominal1.cis_qtl_pairs.1.tsv,431715857,142309483,8,277331392689,1606824102
dMean__T_5_ti_all/OPTIM_pcs/base_output/base/cis_nominal1.cis_qtl_pairs.20.tsv,131247036,43581858,8,277473702304,2371754606
dMean__T_5_ti_all/OPTIM_pcs/base_output/base/Cis_eqtls_independent.tsv,141100,58480,8,277517284295,3548165104
dMean__T_5_ti_all/OPTIM_pcs/base_output/base/cis_nominal1.cis_qtl_pairs.12.tsv,260833365,85340361,8,277517342900,2347772723
dMean__T_5_ti_all/OPTIM_pcs/base_output/base/cis_nominal1.cis_qtl_pairs.18.tsv,77163694,25564666,8,277602683394,3153846888
dMean__T_5_ti_all/OPTIM_pcs/base_output/base/cis_nominal1.cis_qtl_pairs.13.tsv,91497722,30029178,8,277628248193,2902197168
dMean__Epithelial_14_ti_all/OPTIM_pcs/base_output/base/cis_nominal1.cis_qtl_pairs.3.tsv,327893401,108631111,8,277658277504,2514228560
dMean__Epithelial_14_ti_all/OPTIM_pcs/base_output/base/cis_nominal1.cis_qtl_pairs.15.tsv,190500583,63514763,8,277766908757,3349740529
dMean__Epithelial_14_ti_all/OPTIM_pcs/base_output/base/cis_nominal1.cis_qtl_pairs.16.tsv,276457730,93275722,8,277830423663,2309061867
dMean__Epithelial_14_ti_all/OPTIM_pcs/base_output/base/cis_nominal1.cis_qtl_pairs.4.tsv,241692772,79725615,8,277923699528,4192772821
dMean__Epithelial_14_ti_all/OPTIM_pcs/base_output/base/cis_nominal1.cis_qtl_pairs.21.tsv,70816684,23630548,8,278003425285,364701049
dMean__Epithelial_14_ti_all/OPTIM_pcs/base_output/base/cis_nominal1.cis_qtl_pairs.7.tsv,292640718,97628025,8,278027055976,2469798975
dMean__Epithelial_14_ti_all/OPTIM_pcs/base_output/base/cis_nominal1.cis_qtl_pairs.22.tsv,132650196,44313228,8,278124684143,3605730097
dMean__Epithelial_14_ti_all/OPTIM_pcs/base_output/base/cis_nominal1.cis_qtl_pairs.11.tsv,321269017,106060632,8,278168997514,2697083340
dMean__Epithelial_14_ti_all/OPTIM_pcs/base_output/base/cis_nominal1.cis_qtl_pairs.6.tsv,427330164,133894929,8,278275058289,4071182410
dMean__Epithelial_14_ti_all/OPTIM_pcs/base_output/base/cis_nominal1.cis_qtl_pairs.2.tsv,380114416,126520062,8,278408953360,3633947261
dMean__Epithelial_14_ti_all/OPTIM_pcs/base_output/base/cis_nominal1.cis_qtl_pairs.17.tsv,336105038,112248014,8,278535473564,800559582
dMean__Epithelial_14_ti_all/OPTIM_pcs/base_output/base/Cis_eqtls_qval.tsv,3625100,1564753,8,278647721721,4055758161
dMean__Epithelial_14_ti_all/OPTIM_pcs/base_output/base/cis_nominal1.cis_qtl_pairs.5.tsv,264937383,87923419,8,278649286602,2900955070
dMean__Epithelial_14_ti_all/OPTIM_pcs/base_output/base/cis_nominal1.cis_qtl_pairs.9.tsv,237378678,79630288,8,278737210163,3226771483
dMean__Epithelial_14_ti_all/OPTIM_pcs/base_output/base/cis_nominal1.cis_qtl_pairs.19.tsv,449934002,150392862,8,278816840593,2947230525
dMean__Epithelial_14_ti_all/OPTIM_pcs/base_output/base/cis_nominal1.cis_qtl_pairs.10.tsv,235936575,77513427,8,278967233598,2669159695
dMean__Epithelial_14_ti_all/OPTIM_pcs/base_output/base/cis_nominal1.cis_qtl_pairs.8.tsv,213070694,71161663,8,279044747168,2791921982
dMean__Epithelial_14_ti_all/OPTIM_pcs/base_output/base/cis_nominal1.cis_qtl_pairs.14.tsv,213289041,70706991,8,279115908973,2403612147
dMean__Epithelial_14_ti_all/OPTIM_pcs/base_output/base/cis_nominal1.cis_qtl_pairs.1.tsv,535166645,177533973,8,279186616107,74464276
dMean__Epithelial_14_ti_all/OPTIM_pcs/base_output/base/cis_nominal1.cis_qtl_pairs.20.tsv,154367107,51473685,8,279364150222,2072323009
dMean__Epithelial_14_ti_all/OPTIM_pcs/base_output/base/Cis_eqtls_independent.tsv,664077,272523,8,279415624050,2782978251
dMean__Epithelial_14_ti_all/OPTIM_pcs/base_output/base/cis_nominal1.cis_qtl_pairs.12.tsv,307634020,101245577,8,279415896708,3819867591
dMean__Epithelial_14_ti_all/OPTIM_pcs/base_output/base/cis_nominal1.cis_qtl_pairs.18.tsv,104759359,34870438,8,279517142428,2189592113
dMean__Epithelial_14_ti_all/OPTIM_pcs/base_output/base/cis_nominal1.cis_qtl_pairs.13.tsv,109193233,36103343,8,279552013009,3217186550
dMean__Epithelial_25_ti_all/OPTIM_pcs/base_output/base/cis_nominal1.cis_qtl_pairs.3.tsv,276875701,91523191,8,279588116495,3240894891
dMean__Epithelial_25_ti_all/OPTIM_pcs/base_output/base/cis_nominal1.cis_qtl_pairs.15.tsv,158921201,52900369,8,279679639828,2994767494
dMean__Epithelial_25_ti_all/OPTIM_pcs/base_output/base/cis_nominal1.cis_qtl_pairs.16.tsv,226238083,76254896,8,279732540340,2024284275
dMean__Epithelial_25_ti_all/OPTIM_pcs/base_output/base/cis_nominal1.cis_qtl_pairs.4.tsv,213899926,70395724,8,279808795379,378544647
dMean__Epithelial_25_ti_all/OPTIM_pcs/base_output/base/cis_nominal1.cis_qtl_pairs.21.tsv,56874710,18937024,8,279879191245,3197103935
dMean__Epithelial_25_ti_all/OPTIM_pcs/base_output/base/cis_nominal1.cis_qtl_pairs.7.tsv,248526429,82860213,8,279898128412,3707316144
dMean__Epithelial_25_ti_all/OPTIM_pcs/base_output/base/cis_nominal1.cis_qtl_pairs.22.tsv,109263134,36416243,8,279980988767,3013412336
dMean__Epithelial_25_ti_all/OPTIM_pcs/base_output/base/cis_nominal1.cis_qtl_pairs.11.tsv,275631483,90855559,8,280017405153,1854460539
dMean__Epithelial_25_ti_all/OPTIM_pcs/base_output/base/cis_nominal1.cis_qtl_pairs.6.tsv,344275631,107831288,8,280108260855,2644286642
dMean__Epithelial_25_ti_all/OPTIM_pcs/base_output/base/cis_nominal1.cis_qtl_pairs.2.tsv,316846479,105306478,8,280216092285,190674842
dMean__Epithelial_25_ti_all/OPTIM_pcs/base_output/base/cis_nominal1.cis_qtl_pairs.17.tsv,269866098,89968518,8,280321398905,3644617845
dMean__Epithelial_25_ti_all/OPTIM_pcs/base_output/base/Cis_eqtls_qval.tsv,3020182,1293915,8,280411367566,454000336
dMean__Epithelial_25_ti_all/OPTIM_pcs/base_output/base/cis_nominal1.cis_qtl_pairs.5.tsv,224146676,74226054,8,280412661609,4235934977
dMean__Epithelial_25_ti_all/OPTIM_pcs/base_output/base/cis_nominal1.cis_qtl_pairs.9.tsv,202253410,67721036,8,280486887805,2455630735
dMean__Epithelial_25_ti_all/OPTIM_pcs/base_output/base/cis_nominal1.cis_qtl_pairs.19.tsv,360590152,120301938,8,280554608983,3032140040
dMean__Epithelial_25_ti_all/OPTIM_pcs/base_output/base/cis_nominal1.cis_qtl_pairs.10.tsv,206756347,67741275,8,280674911064,2736137089
dMean__Epithelial_25_ti_all/OPTIM_pcs/base_output/base/cis_nominal1.cis_qtl_pairs.8.tsv,177310410,59087887,8,280742652482,789377435
dMean__Epithelial_25_ti_all/OPTIM_pcs/base_output/base/cis_nominal1.cis_qtl_pairs.14.tsv,181214353,59975988,8,280801740511,3618017214
dMean__Epithelial_25_ti_all/OPTIM_pcs/base_output/base/cis_nominal1.cis_qtl_pairs.1.tsv,435488907,144237424,8,280861716642,2374064951
dMean__Epithelial_25_ti_all/OPTIM_pcs/base_output/base/cis_nominal1.cis_qtl_pairs.20.tsv,130223328,43362762,8,281005954208,2782921278
dMean__Epithelial_25_ti_all/OPTIM_pcs/base_output/base/Cis_eqtls_independent.tsv,131581,54585,8,281049317113,1515353897
dMean__Epithelial_25_ti_all/OPTIM_pcs/base_output/base/cis_nominal1.cis_qtl_pairs.12.tsv,256935135,84413793,8,281049371833,976240655
dMean__Epithelial_25_ti_all/OPTIM_pcs/base_output/base/cis_nominal1.cis_qtl_pairs.18.tsv,86741294,28818985,8,281133785769,4087973673
dMean__Epithelial_25_ti_all/OPTIM_pcs/base_output/base/cis_nominal1.cis_qtl_pairs.13.tsv,93191208,30750042,8,281162604897,2451560072
dMean__Epithelial_3_ct_all/OPTIM_pcs/base_output/base/cis_nominal1.cis_qtl_pairs.3.tsv,368894892,121353967,8,281193355082,1943939996
dMean__Epithelial_3_ct_all/OPTIM_pcs/base_output/base/cis_nominal1.cis_qtl_pairs.15.tsv,220503349,73121144,8,281314709190,4211353844
dMean__Epithelial_3_ct_all/OPTIM_pcs/base_output/base/cis_nominal1.cis_qtl_pairs.16.tsv,318080792,106823514,8,281387830476,2746097655
dMean__Epithelial_3_ct_all/OPTIM_pcs/base_output/base/cis_nominal1.cis_qtl_pairs.4.tsv,277019377,90774994,8,281494654132,1668407992
dMean__Epithelial_3_ct_all/OPTIM_pcs/base_output/base/cis_nominal1.cis_qtl_pairs.21.tsv,81817697,27103593,8,281585429267,1268431386
dMean__Epithelial_3_ct_all/OPTIM_pcs/base_output/base/cis_nominal1.cis_qtl_pairs.7.tsv,327592483,108525331,8,281612533002,3861807672
dMean__Epithelial_3_ct_all/OPTIM_pcs/base_output/base/cis_nominal1.cis_qtl_pairs.22.tsv,149968965,49793074,8,281721058474,2033065738
dMean__Epithelial_3_ct_all/OPTIM_pcs/base_output/base/cis_nominal1.cis_qtl_pairs.11.tsv,355641961,116866608,8,281770851690,2713847210
dMean__Epithelial_3_ct_all/OPTIM_pcs/base_output/base/cis_nominal1.cis_qtl_pairs.6.tsv,456715819,142112495,8,281887718440,1749238788
dMean__Epithelial_3_ct_all/OPTIM_pcs/base_output/base/cis_nominal1.cis_qtl_pairs.2.tsv,432083603,142837773,8,282029831076,2468455949
dMean__Epithelial_3_ct_all/OPTIM_pcs/base_output/base/cis_nominal1.cis_qtl_pairs.17.tsv,384854888,127688123,8,282172668990,2878597336
dMean__Epithelial_3_ct_all/OPTIM_pcs/base_output/base/Cis_eqtls_qval.tsv,4113527,1774899,8,282300357255,3783329478
dMean__Epithelial_3_ct_all/OPTIM_pcs/base_output/base/cis_nominal1.cis_qtl_pairs.5.tsv,304838016,100469145,8,282302132281,1617872860
dMean__Epithelial_3_ct_all/OPTIM_pcs/base_output/base/cis_nominal1.cis_qtl_pairs.9.tsv,259489751,86553312,8,282402601567,2177001893
dMean__Epithelial_3_ct_all/OPTIM_pcs/base_output/base/cis_nominal1.cis_qtl_pairs.19.tsv,515916356,171477172,8,282489155020,3170683899
dMean__Epithelial_3_ct_all/OPTIM_pcs/base_output/base/cis_nominal1.cis_qtl_pairs.10.tsv,265124570,86404363,8,282660632334,152570556
dMean__Epithelial_3_ct_all/OPTIM_pcs/base_output/base/cis_nominal1.cis_qtl_pairs.8.tsv,245342600,81434006,8,282747036839,2730937883
dMean__Epithelial_3_ct_all/OPTIM_pcs/base_output/base/cis_nominal1.cis_qtl_pairs.14.tsv,241097190,79385898,8,282828470986,1578100825
dMean__Epithelial_3_ct_all/OPTIM_pcs/base_output/base/cis_nominal1.cis_qtl_pairs.1.tsv,600065230,197864058,8,282907857026,950060174
dMean__Epithelial_3_ct_all/OPTIM_pcs/base_output/base/cis_nominal1.cis_qtl_pairs.20.tsv,173350864,57493602,8,283105721225,64402806
dMean__Epithelial_3_ct_all/OPTIM_pcs/base_output/base/Cis_eqtls_independent.tsv,1583363,647050,8,283163214969,3379015537
dMean__Epithelial_3_ct_all/OPTIM_pcs/base_output/base/cis_nominal1.cis_qtl_pairs.12.tsv,349941028,114365738,8,283163862153,3123054584
dMean__Epithelial_3_ct_all/OPTIM_pcs/base_output/base/cis_nominal1.cis_qtl_pairs.18.tsv,118260417,39050014,8,283278228033,368558578
dMean__Epithelial_3_ct_all/OPTIM_pcs/base_output/base/cis_nominal1.cis_qtl_pairs.13.tsv,125003674,40985854,8,283317278189,2917425048
dMean__Myeloid_11_blood_all/OPTIM_pcs/base_output/base/cis_nominal1.cis_qtl_pairs.3.tsv,269956097,84404209,8,283358264185,931153258
dMean__Myeloid_11_blood_all/OPTIM_pcs/base_output/base/cis_nominal1.cis_qtl_pairs.15.tsv,146643199,46549440,8,283442668536,1717423803
dMean__Myeloid_11_blood_all/OPTIM_pcs/base_output/base/cis_nominal1.cis_qtl_pairs.16.tsv,218284498,70422293,8,283489218119,2925825110
dMean__Myeloid_11_blood_all/OPTIM_pcs/base_output/base/cis_nominal1.cis_qtl_pairs.4.tsv,192315317,59684772,8,283559640555,1536252689
dMean__Myeloid_11_blood_all/OPTIM_pcs/base_output/base/cis_nominal1.cis_qtl_pairs.21.tsv,59328130,18857811,8,283619325469,4114848101
dMean__Myeloid_11_blood_all/OPTIM_pcs/base_output/base/cis_nominal1.cis_qtl_pairs.7.tsv,233358442,73623336,8,283638183423,3830682523
dMean__Myeloid_11_blood_all/OPTIM_pcs/base_output/base/cis_nominal1.cis_qtl_pairs.22.tsv,106956952,34190703,8,283711806901,4065609961
dMean__Myeloid_11_blood_all/OPTIM_pcs/base_output/base/cis_nominal1.cis_qtl_pairs.11.tsv,255990308,79990158,8,283745997747,78055567
dMean__Myeloid_11_blood_all/OPTIM_pcs/base_output/base/cis_nominal1.cis_qtl_pairs.6.tsv,358884411,101898217,8,283825988048,3433044963
dMean__Myeloid_11_blood_all/OPTIM_pcs/base_output/base/cis_nominal1.cis_qtl_pairs.2.tsv,307266458,97074971,8,283927886407,1039732797
dMean__Myeloid_11_blood_all/OPTIM_pcs/base_output/base/cis_nominal1.cis_qtl_pairs.17.tsv,276348668,88100207,8,284024961520,4007016470
dMean__Myeloid_11_blood_all/OPTIM_pcs/base_output/base/Cis_eqtls_qval.tsv,2987379,1273598,8,284113061870,1953796411
dMean__Myeloid_11_blood_all/OPTIM_pcs/base_output/base/cis_nominal1.cis_qtl_pairs.5.tsv,210814026,66150971,8,284114335596,3718569312
dMean__Myeloid_11_blood_all/OPTIM_pcs/base_output/base/cis_nominal1.cis_qtl_pairs.9.tsv,183429303,58494300,8,284180486709,3527702277
dMean__Myeloid_11_blood_all/OPTIM_pcs/base_output/base/cis_nominal1.cis_qtl_pairs.19.tsv,398809334,127285417,8,284238981151,788851524
dMean__Myeloid_11_blood_all/OPTIM_pcs/base_output/base/cis_nominal1.cis_qtl_pairs.10.tsv,192263995,59457844,8,284366266711,1499360817
dMean__Myeloid_11_blood_all/OPTIM_pcs/base_output/base/cis_nominal1.cis_qtl_pairs.8.tsv,162522391,51475943,8,284425724698,1220852716
dMean__Myeloid_11_blood_all/OPTIM_pcs/base_output/base/cis_nominal1.cis_qtl_pairs.14.tsv,180145878,56629518,8,284477200783,291039643
dMean__Myeloid_11_blood_all/OPTIM_pcs/base_output/base/cis_nominal1.cis_qtl_pairs.1.tsv,422864695,132146845,8,284533830444,2690384259
dMean__Myeloid_11_blood_all/OPTIM_pcs/base_output/base/cis_nominal1.cis_qtl_pairs.20.tsv,128469829,40636346,8,284665977431,3308410333
dMean__Myeloid_11_blood_all/OPTIM_pcs/base_output/base/Cis_eqtls_independent.tsv,62484,26387,8,284706613920,2319254988
dMean__Myeloid_11_blood_all/OPTIM_pcs/base_output/base/cis_nominal1.cis_qtl_pairs.12.tsv,261348115,81322160,8,284706640442,3122298996
dMean__Myeloid_11_blood_all/OPTIM_pcs/base_output/base/cis_nominal1.cis_qtl_pairs.18.tsv,78523758,24823430,8,284787962745,2656167187
dMean__Myeloid_11_blood_all/OPTIM_pcs/base_output/base/cis_nominal1.cis_qtl_pairs.13.tsv,88908993,27662637,8,284812786318,2868831029
dMean__Myeloid_blood_all/OPTIM_pcs/base_output/base/cis_nominal1.cis_qtl_pairs.3.tsv,408388468,127629068,8,284840449098,2380003069
dMean__Myeloid_blood_all/OPTIM_pcs/base_output/base/cis_nominal1.cis_qtl_pairs.15.tsv,233234143,74160796,8,284968078305,4108865138
dMean__Myeloid_blood_all/OPTIM_pcs/base_output/base/cis_nominal1.cis_qtl_pairs.16.tsv,352565198,113779596,8,285042239241,3374842962
dMean__Myeloid_blood_all/OPTIM_pcs/base_output/base/cis_nominal1.cis_qtl_pairs.4.tsv,295214433,91565151,8,285156018977,3015939021
dMean__Myeloid_blood_all/OPTIM_pcs/base_output/base/cis_nominal1.cis_qtl_pairs.21.tsv,92820053,29483795,8,285247584267,4261929122
dMean__Myeloid_blood_all/OPTIM_pcs/base_output/base/cis_nominal1.cis_qtl_pairs.7.tsv,343909611,108514657,8,285277068202,1219536463
dMean__Myeloid_blood_all/OPTIM_pcs/base_output/base/cis_nominal1.cis_qtl_pairs.22.tsv,179917080,57489991,8,285385582998,1383372816
dMean__Myeloid_blood_all/OPTIM_pcs/base_output/base/cis_nominal1.cis_qtl_pairs.11.tsv,397798019,124207127,8,285443073129,226328713
dMean__Myeloid_blood_all/OPTIM_pcs/base_output/base/cis_nominal1.cis_qtl_pairs.6.tsv,505195497,144829808,8,285567280396,2710548493
dMean__Myeloid_blood_all/OPTIM_pcs/base_output/base/cis_nominal1.cis_qtl_pairs.2.tsv,467469071,147682076,8,285712110343,3520813216
dMean__Myeloid_blood_all/OPTIM_pcs/base_output/base/cis_nominal1.cis_qtl_pairs.17.tsv,432629451,137894908,8,285859792558,390332515
dMean__Myeloid_blood_all/OPTIM_pcs/base_output/base/Cis_eqtls_qval.tsv,4562525,1965851,8,285997687606,3366564158
dMean__Myeloid_blood_all/OPTIM_pcs/base_output/base/cis_nominal1.cis_qtl_pairs.5.tsv,325795911,102101380,8,285999653582,2418596555
dMean__Myeloid_blood_all/OPTIM_pcs/base_output/base/cis_nominal1.cis_qtl_pairs.9.tsv,275455736,87914597,8,286101755101,1749543515
dMean__Myeloid_blood_all/OPTIM_pcs/base_output/base/cis_nominal1.cis_qtl_pairs.19.tsv,597852997,190937530,8,286189669837,1204468530
dMean__Myeloid_blood_all/OPTIM_pcs/base_output/base/cis_nominal1.cis_qtl_pairs.10.tsv,288463022,89284163,8,286380607507,2862360359
dMean__Myeloid_blood_all/OPTIM_pcs/base_output/base/cis_nominal1.cis_qtl_pairs.8.tsv,269176446,85058128,8,286469891810,2901772956
dMean__Myeloid_blood_all/OPTIM_pcs/base_output/base/cis_nominal1.cis_qtl_pairs.14.tsv,267056473,84089634,8,286554950077,555504643
dMean__Myeloid_blood_all/OPTIM_pcs/base_output/base/cis_nominal1.cis_qtl_pairs.1.tsv,660171541,206477376,8,286639039851,2175436292
dMean__Myeloid_blood_all/OPTIM_pcs/base_output/base/cis_nominal1.cis_qtl_pairs.20.tsv,188086957,59604632,8,286845517366,1418875040
dMean__Myeloid_blood_all/OPTIM_pcs/base_output/base/Cis_eqtls_independent.tsv,718030,293582,8,286905122138,385104966
dMean__Myeloid_blood_all/OPTIM_pcs/base_output/base/cis_nominal1.cis_qtl_pairs.12.tsv,416900464,129488142,8,286905415852,3698154056
dMean__Myeloid_blood_all/OPTIM_pcs/base_output/base/cis_nominal1.cis_qtl_pairs.18.tsv,135485129,42758721,8,287034904134,3747057667
dMean__Myeloid_blood_all/OPTIM_pcs/base_output/base/cis_nominal1.cis_qtl_pairs.13.tsv,135734315,42237799,8,287077662995,1338654769
dMean__Myeloid_1_blood_all/OPTIM_pcs/base_output/base/cis_nominal1.cis_qtl_pairs.3.tsv,350967985,111537790,8,287119900934,3053649279
dMean__Myeloid_1_blood_all/OPTIM_pcs/base_output/base/cis_nominal1.cis_qtl_pairs.15.tsv,201409109,64859301,8,287231438865,3058368242
dMean__Myeloid_1_blood_all/OPTIM_pcs/base_output/base/cis_nominal1.cis_qtl_pairs.16.tsv,305712228,99858542,8,287296298308,246973009
dMean__Myeloid_1_blood_all/OPTIM_pcs/base_output/base/cis_nominal1.cis_qtl_pairs.4.tsv,255334118,80760319,8,287396156992,2629130998
dMean__Myeloid_1_blood_all/OPTIM_pcs/base_output/base/cis_nominal1.cis_qtl_pairs.21.tsv,76071024,24477751,8,287476917452,1217477068
dMean__Myeloid_1_blood_all/OPTIM_pcs/base_output/base/cis_nominal1.cis_qtl_pairs.7.tsv,304042658,97450345,8,287501395345,2555413381
dMean__Myeloid_1_blood_all/OPTIM_pcs/base_output/base/cis_nominal1.cis_qtl_pairs.22.tsv,154294226,49915888,8,287598845831,2772331960
dMean__Myeloid_1_blood_all/OPTIM_pcs/base_output/base/cis_nominal1.cis_qtl_pairs.11.tsv,341658579,108359515,8,287648761861,2738107997
dMean__Myeloid_1_blood_all/OPTIM_pcs/base_output/base/cis_nominal1.cis_qtl_pairs.6.tsv,443858946,130809225,8,287757121518,499653387
dMean__Myeloid_1_blood_all/OPTIM_pcs/base_output/base/cis_nominal1.cis_qtl_pairs.2.tsv,409829936,131529293,8,287887930884,428956935
dMean__Myeloid_1_blood_all/OPTIM_pcs/base_output/base/cis_nominal1.cis_qtl_pairs.17.tsv,372893485,120446716,8,288019460318,3323951655
dMean__Myeloid_1_blood_all/OPTIM_pcs/base_output/base/Cis_eqtls_qval.tsv,3969635,1707992,8,288139907176,3561488009
dMean__Myeloid_1_blood_all/OPTIM_pcs/base_output/base/cis_nominal1.cis_qtl_pairs.5.tsv,284369408,90554832,8,288141615295,3841919675
dMean__Myeloid_1_blood_all/OPTIM_pcs/base_output/base/cis_nominal1.cis_qtl_pairs.9.tsv,238601013,77151919,8,288232170268,43952730
dMean__Myeloid_1_blood_all/OPTIM_pcs/base_output/base/cis_nominal1.cis_qtl_pairs.19.tsv,532521885,172260988,8,288309322328,1368258478
dMean__Myeloid_1_blood_all/OPTIM_pcs/base_output/base/cis_nominal1.cis_qtl_pairs.10.tsv,246679359,77639639,8,288481583458,2293948735
dMean__Myeloid_1_blood_all/OPTIM_pcs/base_output/base/cis_nominal1.cis_qtl_pairs.8.tsv,227131991,72944769,8,288559223239,3784192341
dMean__Myeloid_1_blood_all/OPTIM_pcs/base_output/base/cis_nominal1.cis_qtl_pairs.14.tsv,234028723,74746298,8,288632168149,2678818236
dMean__Myeloid_1_blood_all/OPTIM_pcs/base_output/base/cis_nominal1.cis_qtl_pairs.1.tsv,571878231,181992455,8,288706914589,4220825559
dMean__Myeloid_1_blood_all/OPTIM_pcs/base_output/base/cis_nominal1.cis_qtl_pairs.20.tsv,161991787,52066664,8,288888907185,4048440436
dMean__Myeloid_1_blood_all/OPTIM_pcs/base_output/base/Cis_eqtls_independent.tsv,445598,182292,8,288940973991,1975080416
dMean__Myeloid_1_blood_all/OPTIM_pcs/base_output/base/cis_nominal1.cis_qtl_pairs.12.tsv,357700933,112955001,8,288941156417,1571098513
dMean__Myeloid_1_blood_all/OPTIM_pcs/base_output/base/cis_nominal1.cis_qtl_pairs.18.tsv,112144894,35975753,8,289054111560,3105883364
dMean__Myeloid_1_blood_all/OPTIM_pcs/base_output/base/cis_nominal1.cis_qtl_pairs.13.tsv,115826549,36680889,8,289090087455,2222640153
dMean__Epithelial_12_ct_all/OPTIM_pcs/base_output/base/cis_nominal1.cis_qtl_pairs.3.tsv,322174010,107100060,8,289126768486,2705204041
dMean__Epithelial_12_ct_all/OPTIM_pcs/base_output/base/cis_nominal1.cis_qtl_pairs.15.tsv,188607226,63007813,8,289233868688,2298712169
dMean__Epithelial_12_ct_all/OPTIM_pcs/base_output/base/cis_nominal1.cis_qtl_pairs.16.tsv,274546994,92823596,8,289296876644,208521854
dMean__Epithelial_12_ct_all/OPTIM_pcs/base_output/base/cis_nominal1.cis_qtl_pairs.4.tsv,238315324,78872847,8,289389700383,1007671518
dMean__Epithelial_12_ct_all/OPTIM_pcs/base_output/base/cis_nominal1.cis_qtl_pairs.21.tsv,70980463,23752917,8,289468573372,984731598
dMean__Epithelial_12_ct_all/OPTIM_pcs/base_output/base/cis_nominal1.cis_qtl_pairs.7.tsv,291547559,97631570,8,289492326432,1188528482
dMean__Epithelial_12_ct_all/OPTIM_pcs/base_output/base/cis_nominal1.cis_qtl_pairs.22.tsv,131710717,44077123,8,289589958144,3818787092
dMean__Epithelial_12_ct_all/OPTIM_pcs/base_output/base/cis_nominal1.cis_qtl_pairs.11.tsv,315067689,104358526,8,289634035410,1726075806
dMean__Epithelial_12_ct_all/OPTIM_pcs/base_output/base/cis_nominal1.cis_qtl_pairs.6.tsv,416234236,131611006,8,289738394079,1416182630
dMean__Epithelial_12_ct_all/OPTIM_pcs/base_output/base/cis_nominal1.cis_qtl_pairs.2.tsv,380375318,127006406,8,289870005227,859321203
dMean__Epithelial_12_ct_all/OPTIM_pcs/base_output/base/cis_nominal1.cis_qtl_pairs.17.tsv,329402545,110356797,8,289997011775,4280610037
dMean__Epithelial_12_ct_all/OPTIM_pcs/base_output/base/Cis_eqtls_qval.tsv,3595297,1550925,8,290107368715,2005950896
dMean__Epithelial_12_ct_all/OPTIM_pcs/base_output/base/cis_nominal1.cis_qtl_pairs.5.tsv,265138674,88261528,8,290108919768,2747510300
dMean__Epithelial_12_ct_all/OPTIM_pcs/base_output/base/cis_nominal1.cis_qtl_pairs.9.tsv,235589293,79270220,8,290197181438,819602056
dMean__Epithelial_12_ct_all/OPTIM_pcs/base_output/base/cis_nominal1.cis_qtl_pairs.19.tsv,451842209,151405065,8,290276451800,981401190
dMean__Epithelial_12_ct_all/OPTIM_pcs/base_output/base/cis_nominal1.cis_qtl_pairs.10.tsv,234608454,77289937,8,290427857008,3853144965
dMean__Epithelial_12_ct_all/OPTIM_pcs/base_output/base/cis_nominal1.cis_qtl_pairs.8.tsv,211601427,70860912,8,290505147088,1702695628
dMean__Epithelial_12_ct_all/OPTIM_pcs/base_output/base/cis_nominal1.cis_qtl_pairs.14.tsv,214515409,71313169,8,290576008142,4137306833
dMean__Epithelial_12_ct_all/OPTIM_pcs/base_output/base/cis_nominal1.cis_qtl_pairs.1.tsv,531149316,176810381,8,290647321454,1365184553
dMean__Epithelial_12_ct_all/OPTIM_pcs/base_output/base/cis_nominal1.cis_qtl_pairs.20.tsv,152506926,50993575,8,290824131977,695572432
dMean__Epithelial_12_ct_all/OPTIM_pcs/base_output/base/Cis_eqtls_independent.tsv,553607,227405,8,290875125695,4223512955
dMean__Epithelial_12_ct_all/OPTIM_pcs/base_output/base/cis_nominal1.cis_qtl_pairs.12.tsv,307990609,101688351,8,290875353235,3582947050
dMean__Epithelial_12_ct_all/OPTIM_pcs/base_output/base/cis_nominal1.cis_qtl_pairs.18.tsv,101833123,34005835,8,290977041729,1731890150
dMean__Epithelial_12_ct_all/OPTIM_pcs/base_output/base/cis_nominal1.cis_qtl_pairs.13.tsv,109118272,36190743,8,291011047707,712577365
dMean__Mesenchymal_3_ct_all/OPTIM_pcs/base_output/base/cis_nominal1.cis_qtl_pairs.3.tsv,211304510,66934759,8,291047238593,1808039227
dMean__Mesenchymal_3_ct_all/OPTIM_pcs/base_output/base/cis_nominal1.cis_qtl_pairs.15.tsv,106685756,34116058,8,291114173494,3070621797
dMean__Mesenchymal_3_ct_all/OPTIM_pcs/base_output/base/cis_nominal1.cis_qtl_pairs.16.tsv,143017772,46726541,8,291148289695,1998833873
dMean__Mesenchymal_3_ct_all/OPTIM_pcs/base_output/base/cis_nominal1.cis_qtl_pairs.4.tsv,162656744,51089129,8,291195016379,3802370914
dMean__Mesenchymal_3_ct_all/OPTIM_pcs/base_output/base/cis_nominal1.cis_qtl_pairs.21.tsv,41741834,13413666,8,291246105650,1329388399
dMean__Mesenchymal_3_ct_all/OPTIM_pcs/base_output/base/cis_nominal1.cis_qtl_pairs.7.tsv,176999534,56657392,8,291259519459,234550262
dMean__Mesenchymal_3_ct_all/OPTIM_pcs/base_output/base/cis_nominal1.cis_qtl_pairs.22.tsv,75997645,24545061,8,291316176993,330812134
dMean__Mesenchymal_3_ct_all/OPTIM_pcs/base_output/base/cis_nominal1.cis_qtl_pairs.11.tsv,206705601,65125456,8,291340722197,661238191
dMean__Mesenchymal_3_ct_all/OPTIM_pcs/base_output/base/cis_nominal1.cis_qtl_pairs.6.tsv,259436588,75800627,8,291405847796,3526044792
dMean__Mesenchymal_3_ct_all/OPTIM_pcs/base_output/base/cis_nominal1.cis_qtl_pairs.2.tsv,252455786,80566907,8,291481648565,2475223541
dMean__Mesenchymal_3_ct_all/OPTIM_pcs/base_output/base/cis_nominal1.cis_qtl_pairs.17.tsv,190675911,61278429,8,291562215614,1950037992
dMean__Mesenchymal_3_ct_all/OPTIM_pcs/base_output/base/Cis_eqtls_qval.tsv,2225802,920227,8,291623494186,3662456104
dMean__Mesenchymal_3_ct_all/OPTIM_pcs/base_output/base/cis_nominal1.cis_qtl_pairs.5.tsv,172629251,54815687,8,291624414541,2700454002
dMean__Mesenchymal_3_ct_all/OPTIM_pcs/base_output/base/cis_nominal1.cis_qtl_pairs.9.tsv,144870980,46672089,8,291679230370,3033968108
dMean__Mesenchymal_3_ct_all/OPTIM_pcs/base_output/base/cis_nominal1.cis_qtl_pairs.19.tsv,249533778,80572096,8,291725902601,844081778
dMean__Mesenchymal_3_ct_all/OPTIM_pcs/base_output/base/cis_nominal1.cis_qtl_pairs.10.tsv,156091637,49022446,8,291806474840,3756571641
dMean__Mesenchymal_3_ct_all/OPTIM_pcs/base_output/base/cis_nominal1.cis_qtl_pairs.8.tsv,131653251,42015101,8,291855497429,23697019
dMean__Mesenchymal_3_ct_all/OPTIM_pcs/base_output/base/cis_nominal1.cis_qtl_pairs.14.tsv,128944570,41038604,8,291897512672,735417238
dMean__Mesenchymal_3_ct_all/OPTIM_pcs/base_output/base/cis_nominal1.cis_qtl_pairs.1.tsv,314547106,99562943,8,291938551419,3520900226
dMean__Mesenchymal_3_ct_all/OPTIM_pcs/base_output/base/cis_nominal1.cis_qtl_pairs.20.tsv,90906964,29101674,8,292038114504,4114172519
dMean__Mesenchymal_3_ct_all/OPTIM_pcs/base_output/base/Cis_eqtls_independent.tsv,812,452,8,292067216321,1209168021
dMean__Mesenchymal_3_ct_all/OPTIM_pcs/base_output/base/cis_nominal1.cis_qtl_pairs.12.tsv,194499672,61076184,8,292067216908,3707004531
dMean__Mesenchymal_3_ct_all/OPTIM_pcs/base_output/base/cis_nominal1.cis_qtl_pairs.18.tsv,59599218,19026051,8,292128293235,100674531
dMean__Mesenchymal_3_ct_all/OPTIM_pcs/base_output/base/cis_nominal1.cis_qtl_pairs.13.tsv,71180093,22470279,8,292147319429,1469724214
dMean__T_13_ct_all/OPTIM_pcs/base_output/base/cis_nominal1.cis_qtl_pairs.3.tsv,246688583,81471987,8,292169789851,2221191733
dMean__T_13_ct_all/OPTIM_pcs/base_output/base/cis_nominal1.cis_qtl_pairs.15.tsv,133528415,44397140,8,292251261971,1347635390
dMean__T_13_ct_all/OPTIM_pcs/base_output/base/cis_nominal1.cis_qtl_pairs.16.tsv,196512281,66172625,8,292295659245,1660205186
dMean__T_13_ct_all/OPTIM_pcs/base_output/base/cis_nominal1.cis_qtl_pairs.4.tsv,173982388,57371950,8,292361832004,1565781216
dMean__T_13_ct_all/OPTIM_pcs/base_output/base/cis_nominal1.cis_qtl_pairs.21.tsv,54219246,18052511,8,292419204087,4012416623
dMean__T_13_ct_all/OPTIM_pcs/base_output/base/cis_nominal1.cis_qtl_pairs.7.tsv,216713539,72089532,8,292437256732,3937202129
dMean__T_13_ct_all/OPTIM_pcs/base_output/base/cis_nominal1.cis_qtl_pairs.22.tsv,106613929,35542745,8,292509346397,604823878
dMean__T_13_ct_all/OPTIM_pcs/base_output/base/cis_nominal1.cis_qtl_pairs.11.tsv,238532255,78627618,8,292544889276,2613073461
dMean__T_13_ct_all/OPTIM_pcs/base_output/base/cis_nominal1.cis_qtl_pairs.6.tsv,335856548,104658579,8,292623517028,45221830
dMean__T_13_ct_all/OPTIM_pcs/base_output/base/cis_nominal1.cis_qtl_pairs.2.tsv,292914162,97364274,8,292728175740,1514252118
dMean__T_13_ct_all/OPTIM_pcs/base_output/base/cis_nominal1.cis_qtl_pairs.17.tsv,251108804,83711281,8,292825540147,228465372
dMean__T_13_ct_all/OPTIM_pcs/base_output/base/Cis_eqtls_qval.tsv,2752415,1172553,8,292909251562,872241308
dMean__T_13_ct_all/OPTIM_pcs/base_output/base/cis_nominal1.cis_qtl_pairs.5.tsv,203200001,67292320,8,292910424234,2182084763
dMean__T_13_ct_all/OPTIM_pcs/base_output/base/cis_nominal1.cis_qtl_pairs.9.tsv,169668581,56785883,8,292977716687,1385427040
dMean__T_13_ct_all/OPTIM_pcs/base_output/base/cis_nominal1.cis_qtl_pairs.19.tsv,373997614,124665986,8,293034502703,2531013382
dMean__T_13_ct_all/OPTIM_pcs/base_output/base/cis_nominal1.cis_qtl_pairs.10.tsv,179270832,58777826,8,293159168823,1063388327
dMean__T_13_ct_all/OPTIM_pcs/base_output/base/cis_nominal1.cis_qtl_pairs.8.tsv,151340434,50432914,8,293217946783,2412581920
dMean__T_13_ct_all/OPTIM_pcs/base_output/base/cis_nominal1.cis_qtl_pairs.14.tsv,168530059,55760173,8,293268379830,2298035711
dMean__T_13_ct_all/OPTIM_pcs/base_output/base/cis_nominal1.cis_qtl_pairs.1.tsv,402541539,133123967,8,293324140137,3231786058
dMean__T_13_ct_all/OPTIM_pcs/base_output/base/cis_nominal1.cis_qtl_pairs.20.tsv,120920869,40244487,8,293457264237,2033446552
dMean__T_13_ct_all/OPTIM_pcs/base_output/base/Cis_eqtls_independent.tsv,59875,25292,8,293497508858,834918707
dMean__T_13_ct_all/OPTIM_pcs/base_output/base/cis_nominal1.cis_qtl_pairs.12.tsv,246785356,80949671,8,293497534276,3266200734
dMean__T_13_ct_all/OPTIM_pcs/base_output/base/cis_nominal1.cis_qtl_pairs.18.tsv,75559591,25102121,8,293578484081,2617422255
dMean__T_13_ct_all/OPTIM_pcs/base_output/base/cis_nominal1.cis_qtl_pairs.13.tsv,87781415,28920049,8,293603586336,3426063611
dMean__Myeloid_2_r_all/OPTIM_pcs/base_output/base/cis_nominal1.cis_qtl_pairs.3.tsv,133529285,43199818,8,293632506519,1700830105
dMean__Myeloid_2_r_all/OPTIM_pcs/base_output/base/cis_nominal1.cis_qtl_pairs.15.tsv,65731412,21463202,8,293675706474,4144762450
dMean__Myeloid_2_r_all/OPTIM_pcs/base_output/base/cis_nominal1.cis_qtl_pairs.16.tsv,98170813,32559869,8,293697169814,1576476664
dMean__Myeloid_2_r_all/OPTIM_pcs/base_output/base/cis_nominal1.cis_qtl_pairs.4.tsv,96935578,31118284,8,293729729821,304124514
dMean__Myeloid_2_r_all/OPTIM_pcs/base_output/base/cis_nominal1.cis_qtl_pairs.21.tsv,25915567,8456861,8,293760848242,3478770561
dMean__Myeloid_2_r_all/OPTIM_pcs/base_output/base/cis_nominal1.cis_qtl_pairs.7.tsv,115170135,37614231,8,293769305241,424162949
dMean__Myeloid_2_r_all/OPTIM_pcs/base_output/base/cis_nominal1.cis_qtl_pairs.22.tsv,52376818,17153806,8,293806919609,796145629
dMean__Myeloid_2_r_all/OPTIM_pcs/base_output/base/cis_nominal1.cis_qtl_pairs.11.tsv,134923238,43648748,8,293824073553,590717161
dMean__Myeloid_2_r_all/OPTIM_pcs/base_output/base/cis_nominal1.cis_qtl_pairs.6.tsv,190317901,56861664,8,293867722439,2185187236
dMean__Myeloid_2_r_all/OPTIM_pcs/base_output/base/cis_nominal1.cis_qtl_pairs.2.tsv,159061365,51908584,8,293924584240,3321966083
dMean__Myeloid_2_r_all/OPTIM_pcs/base_output/base/cis_nominal1.cis_qtl_pairs.17.tsv,131608911,43189867,8,293976492961,4125568963
dMean__Myeloid_2_r_all/OPTIM_pcs/base_output/base/Cis_eqtls_qval.tsv,1453551,599397,8,294019682966,1483128603
dMean__Myeloid_2_r_all/OPTIM_pcs/base_output/base/cis_nominal1.cis_qtl_pairs.5.tsv,115445236,37525508,8,294020282486,1665461104
dMean__Myeloid_2_r_all/OPTIM_pcs/base_output/base/cis_nominal1.cis_qtl_pairs.9.tsv,91982957,30214901,8,294057808131,2901673918
dMean__Myeloid_2_r_all/OPTIM_pcs/base_output/base/cis_nominal1.cis_qtl_pairs.19.tsv,168279084,55552034,8,294088023169,758547078
dMean__Myeloid_2_r_all/OPTIM_pcs/base_output/base/cis_nominal1.cis_qtl_pairs.10.tsv,103383729,33172120,8,294143575341,323080986
dMean__Myeloid_2_r_all/OPTIM_pcs/base_output/base/cis_nominal1.cis_qtl_pairs.8.tsv,77288267,25178550,8,294176747599,370865597
dMean__Myeloid_2_r_all/OPTIM_pcs/base_output/base/cis_nominal1.cis_qtl_pairs.14.tsv,86177699,28009830,8,294201926286,3740171228
dMean__Myeloid_2_r_all/OPTIM_pcs/base_output/base/cis_nominal1.cis_qtl_pairs.1.tsv,211825762,68689260,8,294229936254,3628045731
dMean__Myeloid_2_r_all/OPTIM_pcs/base_output/base/cis_nominal1.cis_qtl_pairs.20.tsv,62857120,20550666,8,294298625651,196632646
dMean__Myeloid_2_r_all/OPTIM_pcs/base_output/base/Cis_eqtls_independent.tsv,3576,1658,8,294319176455,167812869
dMean__Myeloid_2_r_all/OPTIM_pcs/base_output/base/cis_nominal1.cis_qtl_pairs.12.tsv,132787617,42688307,8,294319178243,3446247075
dMean__Myeloid_2_r_all/OPTIM_pcs/base_output/base/cis_nominal1.cis_qtl_pairs.18.tsv,37707399,12255943,8,294361866688,2800822398
dMean__Myeloid_2_r_all/OPTIM_pcs/base_output/base/cis_nominal1.cis_qtl_pairs.13.tsv,48013477,15500827,8,294374122769,2749299858
dMean__Epithelial_1_ct_all/OPTIM_pcs/base_output/base/cis_nominal1.cis_qtl_pairs.3.tsv,341054766,113001955,8,294389623734,522781099
dMean__Epithelial_1_ct_all/OPTIM_pcs/base_output/base/cis_nominal1.cis_qtl_pairs.15.tsv,199554061,66564760,8,294502625830,3006357782
dMean__Epithelial_1_ct_all/OPTIM_pcs/base_output/base/cis_nominal1.cis_qtl_pairs.16.tsv,295056030,99621102,8,294569190732,2899698173
dMean__Epithelial_1_ct_all/OPTIM_pcs/base_output/base/cis_nominal1.cis_qtl_pairs.4.tsv,253686741,83851867,8,294668811976,1734545732
dMean__Epithelial_1_ct_all/OPTIM_pcs/base_output/base/cis_nominal1.cis_qtl_pairs.21.tsv,77798520,25980590,8,294752663984,483516415
dMean__Epithelial_1_ct_all/OPTIM_pcs/base_output/base/cis_nominal1.cis_qtl_pairs.7.tsv,315618087,105419722,8,294778644716,3010266705
dMean__Epithelial_1_ct_all/OPTIM_pcs/base_output/base/cis_nominal1.cis_qtl_pairs.22.tsv,140687980,46988362,8,294884064579,3625558782
dMean__Epithelial_1_ct_all/OPTIM_pcs/base_output/base/cis_nominal1.cis_qtl_pairs.11.tsv,333330973,110216717,8,294931053083,1314329430
dMean__Epithelial_1_ct_all/OPTIM_pcs/base_output/base/cis_nominal1.cis_qtl_pairs.6.tsv,453404791,142335644,8,295041269942,2815656643
dMean__Epithelial_1_ct_all/OPTIM_pcs/base_output/base/cis_nominal1.cis_qtl_pairs.2.tsv,406655711,135450929,8,295183605727,3748602437
dMean__Epithelial_1_ct_all/OPTIM_pcs/base_output/base/cis_nominal1.cis_qtl_pairs.17.tsv,367098602,122689876,8,295319056797,307699701
dMean__Epithelial_1_ct_all/OPTIM_pcs/base_output/base/Cis_eqtls_qval.tsv,3861815,1667789,8,295441746815,4222411047
dMean__Epithelial_1_ct_all/OPTIM_pcs/base_output/base/cis_nominal1.cis_qtl_pairs.5.tsv,285240988,94776801,8,295443414731,442027596
dMean__Epithelial_1_ct_all/OPTIM_pcs/base_output/base/cis_nominal1.cis_qtl_pairs.9.tsv,245860804,82552237,8,295538191673,66398559
dMean__Epithelial_1_ct_all/OPTIM_pcs/base_output/base/cis_nominal1.cis_qtl_pairs.19.tsv,478502376,160032756,8,295620744051,1011475403
dMean__Epithelial_1_ct_all/OPTIM_pcs/base_output/base/cis_nominal1.cis_qtl_pairs.10.tsv,260048729,85470768,8,295780776949,538479523
dMean__Epithelial_1_ct_all/OPTIM_pcs/base_output/base/cis_nominal1.cis_qtl_pairs.8.tsv,220245954,73655055,8,295866247859,1187805054
dMean__Epithelial_1_ct_all/OPTIM_pcs/base_output/base/cis_nominal1.cis_qtl_pairs.14.tsv,230380024,76431859,8,295939903055,1363824151
dMean__Epithelial_1_ct_all/OPTIM_pcs/base_output/base/cis_nominal1.cis_qtl_pairs.1.tsv,561936395,186552374,8,296016335056,3517730998
dMean__Epithelial_1_ct_all/OPTIM_pcs/base_output/base/cis_nominal1.cis_qtl_pairs.20.tsv,161866809,54011842,8,296202887571,2384247338
dMean__Epithelial_1_ct_all/OPTIM_pcs/base_output/base/Cis_eqtls_independent.tsv,1213267,496681,8,296256899555,1985899460
dMean__Epithelial_1_ct_all/OPTIM_pcs/base_output/base/cis_nominal1.cis_qtl_pairs.12.tsv,322336670,106169354,8,296257396370,3070246656
dMean__Epithelial_1_ct_all/OPTIM_pcs/base_output/base/cis_nominal1.cis_qtl_pairs.18.tsv,113553410,37804858,8,296363565866,3113191159
dMean__Epithelial_1_ct_all/OPTIM_pcs/base_output/base/cis_nominal1.cis_qtl_pairs.13.tsv,117559768,38903958,8,296401370866,1212501430
dMean__B_2_blood_all/OPTIM_pcs/base_output/base/cis_nominal1.cis_qtl_pairs.3.tsv,228624053,71879037,8,296440274966,3542812213
dMean__B_2_blood_all/OPTIM_pcs/base_output/base/cis_nominal1.cis_qtl_pairs.15.tsv,120864497,38497726,8,296512154138,2141170709
dMean__B_2_blood_all/OPTIM_pcs/base_output/base/cis_nominal1.cis_qtl_pairs.16.tsv,176981314,57378551,8,296550652000,3871645338
dMean__B_2_blood_all/OPTIM_pcs/base_output/base/cis_nominal1.cis_qtl_pairs.4.tsv,165629771,51710461,8,296608030687,2939914263
dMean__B_2_blood_all/OPTIM_pcs/base_output/base/cis_nominal1.cis_qtl_pairs.21.tsv,45454336,14500528,8,296659741283,3873588340
dMean__B_2_blood_all/OPTIM_pcs/base_output/base/cis_nominal1.cis_qtl_pairs.7.tsv,203321792,64524398,8,296674241947,2328005957
dMean__B_2_blood_all/OPTIM_pcs/base_output/base/cis_nominal1.cis_qtl_pairs.22.tsv,93922885,30125191,8,296738766480,1287161477
dMean__B_2_blood_all/OPTIM_pcs/base_output/base/cis_nominal1.cis_qtl_pairs.11.tsv,223405303,70086548,8,296768891807,1266013879
dMean__B_2_blood_all/OPTIM_pcs/base_output/base/cis_nominal1.cis_qtl_pairs.6.tsv,323854014,93095399,8,296838978491,3461843380
dMean__B_2_blood_all/OPTIM_pcs/base_output/base/cis_nominal1.cis_qtl_pairs.2.tsv,270017953,85805289,8,296932074025,2287335972
dMean__B_2_blood_all/OPTIM_pcs/base_output/base/cis_nominal1.cis_qtl_pairs.17.tsv,226801622,72513067,8,297017879449,1923410751
dMean__B_2_blood_all/OPTIM_pcs/base_output/base/Cis_eqtls_qval.tsv,2560050,1077345,8,297090392652,3116155448
dMean__B_2_blood_all/OPTIM_pcs/base_output/base/cis_nominal1.cis_qtl_pairs.5.tsv,186143141,58660842,8,297091470118,3314111614
dMean__B_2_blood_all/OPTIM_pcs/base_output/base/cis_nominal1.cis_qtl_pairs.9.tsv,156064679,50043496,8,297150131095,2565168373
dMean__B_2_blood_all/OPTIM_pcs/base_output/base/cis_nominal1.cis_qtl_pairs.19.tsv,339761272,108728516,8,297200174726,1123008719
dMean__B_2_blood_all/OPTIM_pcs/base_output/base/cis_nominal1.cis_qtl_pairs.10.tsv,163512994,50835333,8,297308903378,3959885515
dMean__B_2_blood_all/OPTIM_pcs/base_output/base/cis_nominal1.cis_qtl_pairs.8.tsv,144958604,46122806,8,297359738847,3204091563
dMean__B_2_blood_all/OPTIM_pcs/base_output/base/cis_nominal1.cis_qtl_pairs.14.tsv,151651657,47986200,8,297405861788,3565912025
dMean__B_2_blood_all/OPTIM_pcs/base_output/base/cis_nominal1.cis_qtl_pairs.1.tsv,372733592,117286425,8,297453848124,1063761000
dMean__B_2_blood_all/OPTIM_pcs/base_output/base/cis_nominal1.cis_qtl_pairs.20.tsv,109769157,34952045,8,297571134684,3563914878
dMean__B_2_blood_all/OPTIM_pcs/base_output/base/Cis_eqtls_independent.tsv,16975,7446,8,297606086865,3937664621
dMean__B_2_blood_all/OPTIM_pcs/base_output/base/cis_nominal1.cis_qtl_pairs.12.tsv,228138111,71332518,8,297606094439,2599563251
dMean__B_2_blood_all/OPTIM_pcs/base_output/base/cis_nominal1.cis_qtl_pairs.18.tsv,69606470,22097841,8,297677427093,3913406876
dMean__B_2_blood_all/OPTIM_pcs/base_output/base/cis_nominal1.cis_qtl_pairs.13.tsv,75803570,23784994,8,297699525070,267401413
dMean__Mesenchymal_5_ct_all/OPTIM_pcs/base_output/base/cis_nominal1.cis_qtl_pairs.3.tsv,226229363,69660937,8,297723310200,4073927602
dMean__Mesenchymal_5_ct_all/OPTIM_pcs/base_output/base/cis_nominal1.cis_qtl_pairs.15.tsv,118144167,37016422,8,297792971279,3789366818
dMean__Mesenchymal_5_ct_all/OPTIM_pcs/base_output/base/cis_nominal1.cis_qtl_pairs.16.tsv,165668477,53011554,8,297829987844,2794037606
dMean__Mesenchymal_5_ct_all/OPTIM_pcs/base_output/base/cis_nominal1.cis_qtl_pairs.4.tsv,168124042,51414593,8,297882999541,435975413
dMean__Mesenchymal_5_ct_all/OPTIM_pcs/base_output/base/cis_nominal1.cis_qtl_pairs.21.tsv,45388455,14276921,8,297934414276,2094808206
dMean__Mesenchymal_5_ct_all/OPTIM_pcs/base_output/base/cis_nominal1.cis_qtl_pairs.7.tsv,202166100,62800396,8,297948691340,324525864
dMean__Mesenchymal_5_ct_all/OPTIM_pcs/base_output/base/cis_nominal1.cis_qtl_pairs.22.tsv,90770851,28650188,8,298011491878,1437311682
dMean__Mesenchymal_5_ct_all/OPTIM_pcs/base_output/base/cis_nominal1.cis_qtl_pairs.11.tsv,224753733,69088349,8,298040142209,1565787787
dMean__Mesenchymal_5_ct_all/OPTIM_pcs/base_output/base/cis_nominal1.cis_qtl_pairs.6.tsv,293103138,82062882,8,298109230701,1462240974
dMean__Mesenchymal_5_ct_all/OPTIM_pcs/base_output/base/cis_nominal1.cis_qtl_pairs.2.tsv,270344662,84054232,8,298191293725,2574154851
dMean__Mesenchymal_5_ct_all/OPTIM_pcs/base_output/base/cis_nominal1.cis_qtl_pairs.17.tsv,218576668,68769184,8,298275348099,3283893880
dMean__Mesenchymal_5_ct_all/OPTIM_pcs/base_output/base/Cis_eqtls_qval.tsv,2237163,912185,8,298344117426,1757973275
dMean__Mesenchymal_5_ct_all/OPTIM_pcs/base_output/base/cis_nominal1.cis_qtl_pairs.5.tsv,186397214,57573018,8,298345029739,1315318638
dMean__Mesenchymal_5_ct_all/OPTIM_pcs/base_output/base/cis_nominal1.cis_qtl_pairs.9.tsv,164719977,51934678,8,298402602899,1331487111
dMean__Mesenchymal_5_ct_all/OPTIM_pcs/base_output/base/cis_nominal1.cis_qtl_pairs.19.tsv,306424848,96557073,8,298454537719,2019977168
dMean__Mesenchymal_5_ct_all/OPTIM_pcs/base_output/base/cis_nominal1.cis_qtl_pairs.10.tsv,167029466,51078735,8,298551094935,4151291156
dMean__Mesenchymal_5_ct_all/OPTIM_pcs/base_output/base/cis_nominal1.cis_qtl_pairs.8.tsv,140208960,43744565,8,298602173813,626196361
dMean__Mesenchymal_5_ct_all/OPTIM_pcs/base_output/base/cis_nominal1.cis_qtl_pairs.14.tsv,147484875,45719325,8,298645918520,3317907107
dMean__Mesenchymal_5_ct_all/OPTIM_pcs/base_output/base/cis_nominal1.cis_qtl_pairs.1.tsv,356359081,110015840,8,298691637988,1829488536
dMean__Mesenchymal_5_ct_all/OPTIM_pcs/base_output/base/cis_nominal1.cis_qtl_pairs.20.tsv,111146822,34750867,8,298801653970,1758315066
dMean__Mesenchymal_5_ct_all/OPTIM_pcs/base_output/base/cis_nominal1.cis_qtl_pairs.12.tsv,219683563,67274224,8,298836404980,4049769811
dMean__Mesenchymal_5_ct_all/OPTIM_pcs/base_output/base/cis_nominal1.cis_qtl_pairs.18.tsv,65126825,20250168,8,298903679347,545308017
dMean__Mesenchymal_5_ct_all/OPTIM_pcs/base_output/base/cis_nominal1.cis_qtl_pairs.13.tsv,78518316,24219880,8,298923929658,352926843
dMean__T_12_r_all/OPTIM_pcs/base_output/base/cis_nominal1.cis_qtl_pairs.3.tsv,209527250,68765808,8,298948149681,1808941772
dMean__T_12_r_all/OPTIM_pcs/base_output/base/cis_nominal1.cis_qtl_pairs.15.tsv,115062415,37967718,8,299016915621,2282214799
dMean__T_12_r_all/OPTIM_pcs/base_output/base/cis_nominal1.cis_qtl_pairs.16.tsv,168191449,56429388,8,299054883472,2027573064
dMean__T_12_r_all/OPTIM_pcs/base_output/base/cis_nominal1.cis_qtl_pairs.4.tsv,153084893,50168861,8,299111312993,472546912
dMean__T_12_r_all/OPTIM_pcs/base_output/base/cis_nominal1.cis_qtl_pairs.21.tsv,43222844,14296473,8,299161481986,4098102391
dMean__T_12_r_all/OPTIM_pcs/base_output/base/cis_nominal1.cis_qtl_pairs.7.tsv,193860853,64187647,8,299175778592,644792744
dMean__T_12_r_all/OPTIM_pcs/base_output/base/cis_nominal1.cis_qtl_pairs.22.tsv,92618387,30691153,8,299239966371,409228893
dMean__T_12_r_all/OPTIM_pcs/base_output/base/cis_nominal1.cis_qtl_pairs.11.tsv,200553474,65713747,8,299270657657,3750101982
dMean__T_12_r_all/OPTIM_pcs/base_output/base/cis_nominal1.cis_qtl_pairs.6.tsv,288610323,89207782,8,299336371537,3480832465
dMean__T_12_r_all/OPTIM_pcs/base_output/base/cis_nominal1.cis_qtl_pairs.2.tsv,252512034,83504085,8,299425579451,3480908758
dMean__T_12_r_all/OPTIM_pcs/base_output/base/cis_nominal1.cis_qtl_pairs.17.tsv,221395934,73269468,8,299509083668,2767506487
dMean__T_12_r_all/OPTIM_pcs/base_output/base/Cis_eqtls_qval.tsv,2368724,998118,8,299582353269,331830434
dMean__T_12_r_all/OPTIM_pcs/base_output/base/cis_nominal1.cis_qtl_pairs.5.tsv,170483758,56037247,8,299583351505,3914995050
dMean__T_12_r_all/OPTIM_pcs/base_output/base/cis_nominal1.cis_qtl_pairs.9.tsv,150403408,50041056,8,299639388884,1864448863
dMean__T_12_r_all/OPTIM_pcs/base_output/base/cis_nominal1.cis_qtl_pairs.19.tsv,311990131,103468205,8,299689430072,1132282485
dMean__T_12_r_all/OPTIM_pcs/base_output/base/cis_nominal1.cis_qtl_pairs.10.tsv,153786410,50093582,8,299792898410,3575263505
dMean__T_12_r_all/OPTIM_pcs/base_output/base/cis_nominal1.cis_qtl_pairs.8.tsv,127318716,42126236,8,299842992125,52746501
dMean__T_12_r_all/OPTIM_pcs/base_output/base/cis_nominal1.cis_qtl_pairs.14.tsv,142500194,46772667,8,299885118493,319111723
dMean__T_12_r_all/OPTIM_pcs/base_output/base/cis_nominal1.cis_qtl_pairs.1.tsv,340911413,112119328,8,299931891293,2288661824
dMean__T_12_r_all/OPTIM_pcs/base_output/base/cis_nominal1.cis_qtl_pairs.20.tsv,106513025,35298456,8,300044010753,3058353903
dMean__T_12_r_all/OPTIM_pcs/base_output/base/Cis_eqtls_independent.tsv,28575,12385,8,300079309342,2991055055
dMean__T_12_r_all/OPTIM_pcs/base_output/base/cis_nominal1.cis_qtl_pairs.12.tsv,213617814,69559163,8,300079321852,793250593
dMean__T_12_r_all/OPTIM_pcs/base_output/base/cis_nominal1.cis_qtl_pairs.18.tsv,61933298,20444015,8,300148881148,3548390187
dMean__T_12_r_all/OPTIM_pcs/base_output/base/cis_nominal1.cis_qtl_pairs.13.tsv,75687025,24778177,8,300169325296,479134990
dMean__Epithelial_31_ti_all/OPTIM_pcs/base_output/base/cis_nominal1.cis_qtl_pairs.3.tsv,263108366,85831432,8,300194103606,4015225091
dMean__Epithelial_31_ti_all/OPTIM_pcs/base_output/base/cis_nominal1.cis_qtl_pairs.15.tsv,146394084,48195437,8,300279935180,1787872106
dMean__Epithelial_31_ti_all/OPTIM_pcs/base_output/base/cis_nominal1.cis_qtl_pairs.16.tsv,206352226,68868867,8,300328130760,1009640685
dMean__Epithelial_31_ti_all/OPTIM_pcs/base_output/base/cis_nominal1.cis_qtl_pairs.4.tsv,198771381,64527710,8,300396999770,217467153
dMean__Epithelial_31_ti_all/OPTIM_pcs/base_output/base/cis_nominal1.cis_qtl_pairs.21.tsv,53936345,17780008,8,300461527622,1034959949
dMean__Epithelial_31_ti_all/OPTIM_pcs/base_output/base/cis_nominal1.cis_qtl_pairs.7.tsv,237378565,78219853,8,300479307773,4240199527
dMean__Epithelial_31_ti_all/OPTIM_pcs/base_output/base/cis_nominal1.cis_qtl_pairs.22.tsv,105907712,34937811,8,300557527768,453379362
dMean__Epithelial_31_ti_all/OPTIM_pcs/base_output/base/cis_nominal1.cis_qtl_pairs.11.tsv,265731496,86599310,8,300592465722,3484729895
dMean__Epithelial_31_ti_all/OPTIM_pcs/base_output/base/cis_nominal1.cis_qtl_pairs.6.tsv,328934106,100910946,8,300679065175,3965845165
dMean__Epithelial_31_ti_all/OPTIM_pcs/base_output/base/cis_nominal1.cis_qtl_pairs.2.tsv,306003153,100526432,8,300779976263,2130398995
dMean__Epithelial_31_ti_all/OPTIM_pcs/base_output/base/cis_nominal1.cis_qtl_pairs.17.tsv,261197297,86208472,8,300880502837,2355504434
dMean__Epithelial_31_ti_all/OPTIM_pcs/base_output/base/Cis_eqtls_qval.tsv,2888352,1224339,8,300966711452,3540182110
dMean__Epithelial_31_ti_all/OPTIM_pcs/base_output/base/cis_nominal1.cis_qtl_pairs.5.tsv,213737502,69905336,8,300967935919,2080465783
dMean__Epithelial_31_ti_all/OPTIM_pcs/base_output/base/cis_nominal1.cis_qtl_pairs.9.tsv,194563293,64406285,8,301037841397,3532849041
dMean__Epithelial_31_ti_all/OPTIM_pcs/base_output/base/cis_nominal1.cis_qtl_pairs.19.tsv,348981577,115429402,8,301102247824,3742482686
dMean__Epithelial_31_ti_all/OPTIM_pcs/base_output/base/cis_nominal1.cis_qtl_pairs.10.tsv,189167242,61185544,8,301217677369,4090808418
dMean__Epithelial_31_ti_all/OPTIM_pcs/base_output/base/cis_nominal1.cis_qtl_pairs.8.tsv,166942017,54953969,8,301278863056,3832577356
dMean__Epithelial_31_ti_all/OPTIM_pcs/base_output/base/cis_nominal1.cis_qtl_pairs.14.tsv,172633441,56429478,8,301333817167,3889240715
dMean__Epithelial_31_ti_all/OPTIM_pcs/base_output/base/cis_nominal1.cis_qtl_pairs.1.tsv,430084301,140667050,8,301390246788,1904254286
dMean__Epithelial_31_ti_all/OPTIM_pcs/base_output/base/cis_nominal1.cis_qtl_pairs.20.tsv,130198258,42920982,8,301530913980,3403273139
dMean__Epithelial_31_ti_all/OPTIM_pcs/base_output/base/Cis_eqtls_independent.tsv,32188,13968,8,301573835105,3346290934
dMean__Epithelial_31_ti_all/OPTIM_pcs/base_output/base/cis_nominal1.cis_qtl_pairs.12.tsv,249068553,80777739,8,301573849208,300817784
dMean__Epithelial_31_ti_all/OPTIM_pcs/base_output/base/cis_nominal1.cis_qtl_pairs.18.tsv,77172164,25302212,8,301654627090,2421290951
dMean__Epithelial_31_ti_all/OPTIM_pcs/base_output/base/cis_nominal1.cis_qtl_pairs.13.tsv,89443038,29120653,8,301679929445,3499685993
dMean__Myeloid_0_ct_all/OPTIM_pcs/base_output/base/cis_nominal1.cis_qtl_pairs.3.tsv,348060185,111419129,8,301709050241,578932054
dMean__Myeloid_0_ct_all/OPTIM_pcs/base_output/base/cis_nominal1.cis_qtl_pairs.15.tsv,200749281,65024762,8,301820469508,3120461005
dMean__Myeloid_0_ct_all/OPTIM_pcs/base_output/base/cis_nominal1.cis_qtl_pairs.16.tsv,297505334,97740145,8,301885494409,1687968590
dMean__Myeloid_0_ct_all/OPTIM_pcs/base_output/base/cis_nominal1.cis_qtl_pairs.4.tsv,252424283,80463897,8,301983234693,1442294631
dMean__Myeloid_0_ct_all/OPTIM_pcs/base_output/base/cis_nominal1.cis_qtl_pairs.21.tsv,79046370,25610831,8,302063698728,1940142878
dMean__Myeloid_0_ct_all/OPTIM_pcs/base_output/base/cis_nominal1.cis_qtl_pairs.7.tsv,304722444,98340549,8,302089309698,564750940
dMean__Myeloid_0_ct_all/OPTIM_pcs/base_output/base/cis_nominal1.cis_qtl_pairs.22.tsv,154564569,50248249,8,302187650385,258625057
dMean__Myeloid_0_ct_all/OPTIM_pcs/base_output/base/cis_nominal1.cis_qtl_pairs.11.tsv,335821367,107285215,8,302237898773,3548355402
dMean__Myeloid_0_ct_all/OPTIM_pcs/base_output/base/cis_nominal1.cis_qtl_pairs.6.tsv,439709282,131250327,8,302345184127,3898331197
dMean__Myeloid_0_ct_all/OPTIM_pcs/base_output/base/cis_nominal1.cis_qtl_pairs.2.tsv,396495967,128112190,8,302476434592,232845455
dMean__Myeloid_0_ct_all/OPTIM_pcs/base_output/base/cis_nominal1.cis_qtl_pairs.17.tsv,376642059,122428048,8,302604546920,2457360280
dMean__Myeloid_0_ct_all/OPTIM_pcs/base_output/base/Cis_eqtls_qval.tsv,3917110,1687526,8,302726975107,3815487644
dMean__Myeloid_0_ct_all/OPTIM_pcs/base_output/base/cis_nominal1.cis_qtl_pairs.5.tsv,285461614,91584464,8,302728662757,2977143599
dMean__Myeloid_0_ct_all/OPTIM_pcs/base_output/base/cis_nominal1.cis_qtl_pairs.9.tsv,239145840,77839014,8,302820247359,513289540
dMean__Myeloid_0_ct_all/OPTIM_pcs/base_output/base/cis_nominal1.cis_qtl_pairs.19.tsv,519717070,169024079,8,302898086511,3062781639
dMean__Myeloid_0_ct_all/OPTIM_pcs/base_output/base/cis_nominal1.cis_qtl_pairs.10.tsv,245725207,78051052,8,303067110729,2887525764
dMean__Myeloid_0_ct_all/OPTIM_pcs/base_output/base/cis_nominal1.cis_qtl_pairs.8.tsv,224623483,72720490,8,303145161920,361075335
dMean__Myeloid_0_ct_all/OPTIM_pcs/base_output/base/cis_nominal1.cis_qtl_pairs.14.tsv,231642793,74461504,8,303217882548,1456972204
dMean__Myeloid_0_ct_all/OPTIM_pcs/base_output/base/cis_nominal1.cis_qtl_pairs.1.tsv,561897030,180198401,8,303292344191,2125802899
dMean__Myeloid_0_ct_all/OPTIM_pcs/base_output/base/cis_nominal1.cis_qtl_pairs.20.tsv,164488828,53196806,8,303472542730,163018652
dMean__Myeloid_0_ct_all/OPTIM_pcs/base_output/base/Cis_eqtls_independent.tsv,460743,188650,8,303525739675,2306917214
dMean__Myeloid_0_ct_all/OPTIM_pcs/base_output/base/cis_nominal1.cis_qtl_pairs.12.tsv,349066845,111137290,8,303525928456,3866888528
dMean__Myeloid_0_ct_all/OPTIM_pcs/base_output/base/cis_nominal1.cis_qtl_pairs.18.tsv,104432173,33692757,8,303637065885,73740910
dMean__Myeloid_0_ct_all/OPTIM_pcs/base_output/base/cis_nominal1.cis_qtl_pairs.13.tsv,110336018,35222402,8,303670758781,2794911037
dMean__Mesenchymal_4_ct_all/OPTIM_pcs/base_output/base/cis_nominal1.cis_qtl_pairs.3.tsv,221559879,69638331,8,303705981322,749623303
dMean__Mesenchymal_4_ct_all/OPTIM_pcs/base_output/base/cis_nominal1.cis_qtl_pairs.15.tsv,114023382,36349754,8,303775619795,2961453284
dMean__Mesenchymal_4_ct_all/OPTIM_pcs/base_output/base/cis_nominal1.cis_qtl_pairs.16.tsv,156791652,50872115,8,303811969692,3388540753
dMean__Mesenchymal_4_ct_all/OPTIM_pcs/base_output/base/cis_nominal1.cis_qtl_pairs.4.tsv,165216203,51709568,8,303862841950,2473104387
dMean__Mesenchymal_4_ct_all/OPTIM_pcs/base_output/base/cis_nominal1.cis_qtl_pairs.21.tsv,42932534,13720630,8,303914551660,1130425685
dMean__Mesenchymal_4_ct_all/OPTIM_pcs/base_output/base/cis_nominal1.cis_qtl_pairs.7.tsv,197001347,62596323,8,303928272433,3951863859
dMean__Mesenchymal_4_ct_all/OPTIM_pcs/base_output/base/cis_nominal1.cis_qtl_pairs.22.tsv,86196456,27701501,8,303990868898,978150184
dMean__Mesenchymal_4_ct_all/OPTIM_pcs/base_output/base/cis_nominal1.cis_qtl_pairs.11.tsv,216591533,68033826,8,304018570542,3690309644
dMean__Mesenchymal_4_ct_all/OPTIM_pcs/base_output/base/cis_nominal1.cis_qtl_pairs.6.tsv,276847094,79970961,8,304086604511,1426322458
dMean__Mesenchymal_4_ct_all/OPTIM_pcs/base_output/base/cis_nominal1.cis_qtl_pairs.2.tsv,254444980,80893505,8,304166575614,691447575
dMean__Mesenchymal_4_ct_all/OPTIM_pcs/base_output/base/cis_nominal1.cis_qtl_pairs.17.tsv,214354776,68473751,8,304247469261,2087220276
dMean__Mesenchymal_4_ct_all/OPTIM_pcs/base_output/base/Cis_eqtls_qval.tsv,2387040,987250,8,304315943155,1221616116
dMean__Mesenchymal_4_ct_all/OPTIM_pcs/base_output/base/cis_nominal1.cis_qtl_pairs.5.tsv,179362133,56592472,8,304316930533,2895269545
dMean__Mesenchymal_4_ct_all/OPTIM_pcs/base_output/base/cis_nominal1.cis_qtl_pairs.9.tsv,156840356,50284883,8,304373523147,3468887602
dMean__Mesenchymal_4_ct_all/OPTIM_pcs/base_output/base/cis_nominal1.cis_qtl_pairs.19.tsv,290851907,92958957,8,304423808172,4235572540
dMean__Mesenchymal_4_ct_all/OPTIM_pcs/base_output/base/cis_nominal1.cis_qtl_pairs.10.tsv,160143097,50122330,8,304516767272,1662469815
dMean__Mesenchymal_4_ct_all/OPTIM_pcs/base_output/base/cis_nominal1.cis_qtl_pairs.8.tsv,137234814,43612736,8,304566889745,2295857452
dMean__Mesenchymal_4_ct_all/OPTIM_pcs/base_output/base/cis_nominal1.cis_qtl_pairs.14.tsv,139427712,44113287,8,304610502623,3511056576
dMean__Mesenchymal_4_ct_all/OPTIM_pcs/base_output/base/cis_nominal1.cis_qtl_pairs.1.tsv,340487123,107166273,8,304654616053,3571117132
dMean__Mesenchymal_4_ct_all/OPTIM_pcs/base_output/base/cis_nominal1.cis_qtl_pairs.20.tsv,106420268,33986196,8,304761782468,1309354961
dMean__Mesenchymal_4_ct_all/OPTIM_pcs/base_output/base/Cis_eqtls_independent.tsv,4166,1939,8,304795768807,2740182671
dMean__Mesenchymal_4_ct_all/OPTIM_pcs/base_output/base/cis_nominal1.cis_qtl_pairs.12.tsv,205273168,64150049,8,304795770881,3562537294
dMean__Mesenchymal_4_ct_all/OPTIM_pcs/base_output/base/cis_nominal1.cis_qtl_pairs.18.tsv,67162410,21267673,8,304859921073,1969704799
dMean__Mesenchymal_4_ct_all/OPTIM_pcs/base_output/base/cis_nominal1.cis_qtl_pairs.13.tsv,78607444,24678742,8,304881188889,2501561996
dMean__Epithelial_2_ti_all/OPTIM_pcs/base_output/base/cis_nominal1.cis_qtl_pairs.3.tsv,355068669,118128881,8,304905867774,3064785288
dMean__Epithelial_2_ti_all/OPTIM_pcs/base_output/base/cis_nominal1.cis_qtl_pairs.15.tsv,213128621,71287564,8,305023996796,3001503812
dMean__Epithelial_2_ti_all/OPTIM_pcs/base_output/base/cis_nominal1.cis_qtl_pairs.16.tsv,312013306,105590795,8,305095284502,2108734427
dMean__Epithelial_2_ti_all/OPTIM_pcs/base_output/base/cis_nominal1.cis_qtl_pairs.4.tsv,267467496,88704161,8,305200875439,3379456920
dMean__Epithelial_2_ti_all/OPTIM_pcs/base_output/base/cis_nominal1.cis_qtl_pairs.21.tsv,82747706,27697516,8,305289579741,1630878142
dMean__Epithelial_2_ti_all/OPTIM_pcs/base_output/base/cis_nominal1.cis_qtl_pairs.7.tsv,327584336,109766119,8,305317277399,3464820322
dMean__Epithelial_2_ti_all/OPTIM_pcs/base_output/base/cis_nominal1.cis_qtl_pairs.22.tsv,147134594,49297879,8,305427043659,1683368896
dMean__Epithelial_2_ti_all/OPTIM_pcs/base_output/base/cis_nominal1.cis_qtl_pairs.11.tsv,348925646,115689154,8,305476341680,3461626117
dMean__Epithelial_2_ti_all/OPTIM_pcs/base_output/base/cis_nominal1.cis_qtl_pairs.6.tsv,462489216,146675124,8,305592030976,854205818
dMean__Epithelial_2_ti_all/OPTIM_pcs/base_output/base/cis_nominal1.cis_qtl_pairs.2.tsv,424802413,141957699,8,305738706241,2520153973
dMean__Epithelial_2_ti_all/OPTIM_pcs/base_output/base/cis_nominal1.cis_qtl_pairs.17.tsv,379826979,127250364,8,305880664081,2795074983
dMean__Epithelial_2_ti_all/OPTIM_pcs/base_output/base/Cis_eqtls_qval.tsv,4029940,1740755,8,306007914587,2453560738
dMean__Epithelial_2_ti_all/OPTIM_pcs/base_output/base/cis_nominal1.cis_qtl_pairs.5.tsv,299545114,99796460,8,306009655469,1676982574
dMean__Epithelial_2_ti_all/OPTIM_pcs/base_output/base/cis_nominal1.cis_qtl_pairs.9.tsv,258302666,86982353,8,306109452070,1858588524
dMean__Epithelial_2_ti_all/OPTIM_pcs/base_output/base/cis_nominal1.cis_qtl_pairs.19.tsv,491574709,164924742,8,306196434564,718808341
dMean__Epithelial_2_ti_all/OPTIM_pcs/base_output/base/cis_nominal1.cis_qtl_pairs.10.tsv,265086751,87468793,8,306361359448,1164394668
dMean__Epithelial_2_ti_all/OPTIM_pcs/base_output/base/cis_nominal1.cis_qtl_pairs.8.tsv,233211561,78198568,8,306448828383,1936863728
dMean__Epithelial_2_ti_all/OPTIM_pcs/base_output/base/cis_nominal1.cis_qtl_pairs.14.tsv,238991957,79540814,8,306527027092,2036037515
dMean__Epithelial_2_ti_all/OPTIM_pcs/base_output/base/cis_nominal1.cis_qtl_pairs.1.tsv,595000801,198250811,8,306606568048,4272705507
dMean__Epithelial_2_ti_all/OPTIM_pcs/base_output/base/cis_nominal1.cis_qtl_pairs.20.tsv,169526578,56719899,8,306804819000,1083485444
dMean__Epithelial_2_ti_all/OPTIM_pcs/base_output/base/Cis_eqtls_independent.tsv,1509107,617873,8,306861539041,521484090
dMean__Epithelial_2_ti_all/OPTIM_pcs/base_output/base/cis_nominal1.cis_qtl_pairs.12.tsv,344787213,113956583,8,306862157048,3075218822
dMean__Epithelial_2_ti_all/OPTIM_pcs/base_output/base/cis_nominal1.cis_qtl_pairs.18.tsv,120117225,40131882,8,306976113773,1431772507
dMean__Epithelial_2_ti_all/OPTIM_pcs/base_output/base/cis_nominal1.cis_qtl_pairs.13.tsv,122722141,40748216,8,307016245797,2657603223
dMean__Epithelial_23_ct_all/OPTIM_pcs/base_output/base/cis_nominal1.cis_qtl_pairs.3.tsv,303285798,100812707,8,307056994155,458973275
dMean__Epithelial_23_ct_all/OPTIM_pcs/base_output/base/cis_nominal1.cis_qtl_pairs.15.tsv,172457139,57633480,8,307157807004,1075830166
dMean__Epithelial_23_ct_all/OPTIM_pcs/base_output/base/cis_nominal1.cis_qtl_pairs.16.tsv,239980708,81205274,8,307215440627,2281663058
dMean__Epithelial_23_ct_all/OPTIM_pcs/base_output/base/cis_nominal1.cis_qtl_pairs.4.tsv,222973577,73888009,8,307296646044,4290332057
dMean__Epithelial_23_ct_all/OPTIM_pcs/base_output/base/cis_nominal1.cis_qtl_pairs.21.tsv,62878607,21049420,8,307370534195,361196443
dMean__Epithelial_23_ct_all/OPTIM_pcs/base_output/base/cis_nominal1.cis_qtl_pairs.7.tsv,278862377,93367907,8,307391583758,3174825522
dMean__Epithelial_23_ct_all/OPTIM_pcs/base_output/base/cis_nominal1.cis_qtl_pairs.22.tsv,121386088,40636202,8,307484951807,4073697683
dMean__Epithelial_23_ct_all/OPTIM_pcs/base_output/base/cis_nominal1.cis_qtl_pairs.11.tsv,304079522,100845195,8,307525588152,1039302714
dMean__Epithelial_23_ct_all/OPTIM_pcs/base_output/base/cis_nominal1.cis_qtl_pairs.6.tsv,385592782,121912905,8,307626433490,2516243906
dMean__Epithelial_23_ct_all/OPTIM_pcs/base_output/base/cis_nominal1.cis_qtl_pairs.2.tsv,366776529,122450370,8,307748346537,1057678577
dMean__Epithelial_23_ct_all/OPTIM_pcs/base_output/base/cis_nominal1.cis_qtl_pairs.17.tsv,310405312,103998735,8,307870797049,3949191993
dMean__Epithelial_23_ct_all/OPTIM_pcs/base_output/base/Cis_eqtls_qval.tsv,3383824,1454614,8,307974795927,3184250676
dMean__Epithelial_23_ct_all/OPTIM_pcs/base_output/base/cis_nominal1.cis_qtl_pairs.5.tsv,251568752,83804387,8,307976250669,1458454589
dMean__Epithelial_23_ct_all/OPTIM_pcs/base_output/base/cis_nominal1.cis_qtl_pairs.9.tsv,223624488,75245663,8,308060055198,3514077443
dMean__Epithelial_23_ct_all/OPTIM_pcs/base_output/base/cis_nominal1.cis_qtl_pairs.19.tsv,415358455,139281807,8,308135301003,3340038957
dMean__Epithelial_23_ct_all/OPTIM_pcs/base_output/base/cis_nominal1.cis_qtl_pairs.10.tsv,226074572,74507830,8,308274582953,9546460
dMean__Epithelial_23_ct_all/OPTIM_pcs/base_output/base/cis_nominal1.cis_qtl_pairs.8.tsv,208462047,69797273,8,308349090926,3360175548
dMean__Epithelial_23_ct_all/OPTIM_pcs/base_output/base/cis_nominal1.cis_qtl_pairs.14.tsv,204612432,68041367,8,308418888341,3622772253
dMean__Epithelial_23_ct_all/OPTIM_pcs/base_output/base/cis_nominal1.cis_qtl_pairs.1.tsv,502012267,167111451,8,308486929851,2924544568
dMean__Epithelial_23_ct_all/OPTIM_pcs/base_output/base/cis_nominal1.cis_qtl_pairs.20.tsv,151653969,50747759,8,308654041444,370717609
dMean__Epithelial_23_ct_all/OPTIM_pcs/base_output/base/Cis_eqtls_independent.tsv,219709,90822,8,308704789346,3408048943
dMean__Epithelial_23_ct_all/OPTIM_pcs/base_output/base/cis_nominal1.cis_qtl_pairs.12.tsv,289835524,95633422,8,308704880303,2611738059
dMean__Epithelial_23_ct_all/OPTIM_pcs/base_output/base/cis_nominal1.cis_qtl_pairs.18.tsv,92498836,30846988,8,308800513868,155807310
dMean__Epithelial_23_ct_all/OPTIM_pcs/base_output/base/cis_nominal1.cis_qtl_pairs.13.tsv,105186057,34829116,8,308831360999,4195513039
dMean__Myeloid_7_ct_all/OPTIM_pcs/base_output/base/cis_nominal1.cis_qtl_pairs.3.tsv,145214776,46264710,8,308866190258,1587619804
dMean__Myeloid_7_ct_all/OPTIM_pcs/base_output/base/cis_nominal1.cis_qtl_pairs.15.tsv,77092827,24831671,8,308912455106,2472040279
dMean__Myeloid_7_ct_all/OPTIM_pcs/base_output/base/cis_nominal1.cis_qtl_pairs.16.tsv,112379190,36733179,8,308937286916,2499728711
dMean__Myeloid_7_ct_all/OPTIM_pcs/base_output/base/cis_nominal1.cis_qtl_pairs.4.tsv,113289853,35867749,8,308974020234,1149645275
dMean__Myeloid_7_ct_all/OPTIM_pcs/base_output/base/cis_nominal1.cis_qtl_pairs.21.tsv,28365880,9164763,8,309009888121,1508381150
dMean__Myeloid_7_ct_all/OPTIM_pcs/base_output/base/cis_nominal1.cis_qtl_pairs.7.tsv,132044345,42394617,8,309019053023,281978350
dMean__Myeloid_7_ct_all/OPTIM_pcs/base_output/base/cis_nominal1.cis_qtl_pairs.22.tsv,59015726,19079210,8,309061447778,437767487
dMean__Myeloid_7_ct_all/OPTIM_pcs/base_output/base/cis_nominal1.cis_qtl_pairs.11.tsv,139361212,44326102,8,309080527127,1486792987
dMean__Myeloid_7_ct_all/OPTIM_pcs/base_output/base/cis_nominal1.cis_qtl_pairs.6.tsv,208246959,60899085,8,309124853368,4124566726
dMean__Myeloid_7_ct_all/OPTIM_pcs/base_output/base/cis_nominal1.cis_qtl_pairs.2.tsv,186057302,59836678,8,309185752591,3418878321
dMean__Myeloid_7_ct_all/OPTIM_pcs/base_output/base/cis_nominal1.cis_qtl_pairs.17.tsv,145660157,47116690,8,309245589407,1762523574
dMean__Myeloid_7_ct_all/OPTIM_pcs/base_output/base/Cis_eqtls_qval.tsv,1650648,692923,8,309292706236,4139474123
dMean__Myeloid_7_ct_all/OPTIM_pcs/base_output/base/cis_nominal1.cis_qtl_pairs.5.tsv,124888807,39941094,8,309293399283,1092241829
dMean__Myeloid_7_ct_all/OPTIM_pcs/base_output/base/cis_nominal1.cis_qtl_pairs.9.tsv,96499783,31147848,8,309333340515,2055770165
dMean__Myeloid_7_ct_all/OPTIM_pcs/base_output/base/cis_nominal1.cis_qtl_pairs.19.tsv,196112142,63491742,8,309364488501,2471657492
dMean__Myeloid_7_ct_all/OPTIM_pcs/base_output/base/cis_nominal1.cis_qtl_pairs.10.tsv,111326574,35044314,8,309427980382,1100323740
dMean__Myeloid_7_ct_all/OPTIM_pcs/base_output/base/cis_nominal1.cis_qtl_pairs.8.tsv,90923120,29186520,8,309463024835,317179115
dMean__Myeloid_7_ct_all/OPTIM_pcs/base_output/base/cis_nominal1.cis_qtl_pairs.14.tsv,97934008,31255776,8,309492211493,1783109410
dMean__Myeloid_7_ct_all/OPTIM_pcs/base_output/base/cis_nominal1.cis_qtl_pairs.1.tsv,252043091,80143844,8,309523467408,96164399
dMean__Myeloid_7_ct_all/OPTIM_pcs/base_output/base/cis_nominal1.cis_qtl_pairs.20.tsv,75492713,24324605,8,309603611390,978019282
dMean__Myeloid_7_ct_all/OPTIM_pcs/base_output/base/Cis_eqtls_independent.tsv,6717,3042,8,309627936134,944286234
dMean__Myeloid_7_ct_all/OPTIM_pcs/base_output/base/cis_nominal1.cis_qtl_pairs.12.tsv,148424531,46746063,8,309627939307,542005317
dMean__Myeloid_7_ct_all/OPTIM_pcs/base_output/base/cis_nominal1.cis_qtl_pairs.18.tsv,44247227,14187048,8,309674685509,2713327694
dMean__Myeloid_7_ct_all/OPTIM_pcs/base_output/base/cis_nominal1.cis_qtl_pairs.13.tsv,53069088,16811194,8,309688872696,351602883
dMean__Epithelial_16_ti_all/OPTIM_pcs/base_output/base/cis_nominal1.cis_qtl_pairs.3.tsv,330819728,109643417,8,309705684029,924800551
dMean__Epithelial_16_ti_all/OPTIM_pcs/base_output/base/cis_nominal1.cis_qtl_pairs.15.tsv,197523324,65891728,8,309815327588,1710518751
dMean__Epithelial_16_ti_all/OPTIM_pcs/base_output/base/cis_nominal1.cis_qtl_pairs.16.tsv,279578527,94322142,8,309881219459,2918005973
dMean__Epithelial_16_ti_all/OPTIM_pcs/base_output/base/cis_nominal1.cis_qtl_pairs.4.tsv,251930992,83232803,8,309975541744,2488364162
dMean__Epithelial_16_ti_all/OPTIM_pcs/base_output/base/cis_nominal1.cis_qtl_pairs.21.tsv,71044736,23716491,8,310058774689,299767543
dMean__Epithelial_16_ti_all/OPTIM_pcs/base_output/base/cis_nominal1.cis_qtl_pairs.7.tsv,299153431,99895941,8,310082491323,1336618137
dMean__Epithelial_16_ti_all/OPTIM_pcs/base_output/base/cis_nominal1.cis_qtl_pairs.22.tsv,141960511,47422938,8,310182387406,4095385135
dMean__Epithelial_16_ti_all/OPTIM_pcs/base_output/base/cis_nominal1.cis_qtl_pairs.11.tsv,330673890,109322809,8,310229810487,3270430012
dMean__Epithelial_16_ti_all/OPTIM_pcs/base_output/base/cis_nominal1.cis_qtl_pairs.6.tsv,435779520,137470875,8,310339133439,2924560555
dMean__Epithelial_16_ti_all/OPTIM_pcs/base_output/base/cis_nominal1.cis_qtl_pairs.2.tsv,389783711,129829203,8,310476604456,2008166652
dMean__Epithelial_16_ti_all/OPTIM_pcs/base_output/base/cis_nominal1.cis_qtl_pairs.17.tsv,350601249,117107470,8,310606433801,1708295195
dMean__Epithelial_16_ti_all/OPTIM_pcs/base_output/base/Cis_eqtls_qval.tsv,3720139,1601627,8,310723541414,27051105
dMean__Epithelial_16_ti_all/OPTIM_pcs/base_output/base/cis_nominal1.cis_qtl_pairs.5.tsv,271403278,90121673,8,310725143169,190216803
dMean__Epithelial_16_ti_all/OPTIM_pcs/base_output/base/cis_nominal1.cis_qtl_pairs.9.tsv,241475414,81069877,8,310815264984,3262484843
dMean__Epithelial_16_ti_all/OPTIM_pcs/base_output/base/cis_nominal1.cis_qtl_pairs.19.tsv,464596471,155302761,8,310896335003,1416687996
dMean__Epithelial_16_ti_all/OPTIM_pcs/base_output/base/cis_nominal1.cis_qtl_pairs.10.tsv,245135163,80557921,8,311051637907,2231391462
dMean__Epithelial_16_ti_all/OPTIM_pcs/base_output/base/cis_nominal1.cis_qtl_pairs.8.tsv,220004748,73573828,8,311132195971,2621513779
dMean__Epithelial_16_ti_all/OPTIM_pcs/base_output/base/cis_nominal1.cis_qtl_pairs.14.tsv,222751927,73890217,8,311205769941,2307097554
dMean__Epithelial_16_ti_all/OPTIM_pcs/base_output/base/cis_nominal1.cis_qtl_pairs.1.tsv,551067294,183090363,8,311279660301,2101996985
dMean__Epithelial_16_ti_all/OPTIM_pcs/base_output/base/cis_nominal1.cis_qtl_pairs.20.tsv,158825905,52995289,8,311462750806,132724701
dMean__Epithelial_16_ti_all/OPTIM_pcs/base_output/base/Cis_eqtls_independent.tsv,418910,172106,8,311515746238,1603776462
dMean__Epithelial_16_ti_all/OPTIM_pcs/base_output/base/cis_nominal1.cis_qtl_pairs.12.tsv,314316848,103518316,8,311515918479,1973014431
dMean__Epithelial_16_ti_all/OPTIM_pcs/base_output/base/cis_nominal1.cis_qtl_pairs.18.tsv,107099813,35653839,8,311619436938,1426997064
dMean__Epithelial_16_ti_all/OPTIM_pcs/base_output/base/cis_nominal1.cis_qtl_pairs.13.tsv,113660630,37621529,8,311655090920,192115045
dMean__Myeloid_8_r_all/OPTIM_pcs/base_output/base/cis_nominal1.cis_qtl_pairs.3.tsv,205830601,61111986,8,311692712592,1731640345
dMean__Myeloid_8_r_all/OPTIM_pcs/base_output/base/cis_nominal1.cis_qtl_pairs.15.tsv,110258835,33233303,8,311753824715,3094908959
dMean__Myeloid_8_r_all/OPTIM_pcs/base_output/base/cis_nominal1.cis_qtl_pairs.16.tsv,153836624,47867795,8,311787058156,1380190886
dMean__Myeloid_8_r_all/OPTIM_pcs/base_output/base/cis_nominal1.cis_qtl_pairs.4.tsv,150671754,44227029,8,311834926089,1304090996
dMean__Myeloid_8_r_all/OPTIM_pcs/base_output/base/cis_nominal1.cis_qtl_pairs.21.tsv,40939445,12502044,8,311879153255,4208469145
dMean__Myeloid_8_r_all/OPTIM_pcs/base_output/base/cis_nominal1.cis_qtl_pairs.7.tsv,183569913,55213177,8,311891655437,3761725536
dMean__Myeloid_8_r_all/OPTIM_pcs/base_output/base/cis_nominal1.cis_qtl_pairs.22.tsv,87893198,26878153,8,311946868751,4053287294
dMean__Myeloid_8_r_all/OPTIM_pcs/base_output/base/cis_nominal1.cis_qtl_pairs.11.tsv,200820586,59815615,8,311973747042,3783392378
dMean__Myeloid_8_r_all/OPTIM_pcs/base_output/base/cis_nominal1.cis_qtl_pairs.6.tsv,280594747,73970697,8,312033562795,2914053210
dMean__Myeloid_8_r_all/OPTIM_pcs/base_output/base/cis_nominal1.cis_qtl_pairs.2.tsv,243416485,73257949,8,312107533629,3576868898
dMean__Myeloid_8_r_all/OPTIM_pcs/base_output/base/cis_nominal1.cis_qtl_pairs.17.tsv,207319881,63206048,8,312180791715,1213122187
dMean__Myeloid_8_r_all/OPTIM_pcs/base_output/base/Cis_eqtls_qval.tsv,2318640,945784,8,312243997901,985710665
dMean__Myeloid_8_r_all/OPTIM_pcs/base_output/base/cis_nominal1.cis_qtl_pairs.5.tsv,162775583,48505226,8,312244943808,4205642756
dMean__Myeloid_8_r_all/OPTIM_pcs/base_output/base/cis_nominal1.cis_qtl_pairs.9.tsv,143673150,43710646,8,312293449171,1249621451
dMean__Myeloid_8_r_all/OPTIM_pcs/base_output/base/cis_nominal1.cis_qtl_pairs.19.tsv,293633238,89696834,8,312337159954,3993822701
dMean__Myeloid_8_r_all/OPTIM_pcs/base_output/base/cis_nominal1.cis_qtl_pairs.10.tsv,155104843,45485334,8,312426856926,713514082
dMean__Myeloid_8_r_all/OPTIM_pcs/base_output/base/cis_nominal1.cis_qtl_pairs.8.tsv,121521143,36446005,8,312472342398,746756667
dMean__Myeloid_8_r_all/OPTIM_pcs/base_output/base/cis_nominal1.cis_qtl_pairs.14.tsv,131205048,39309732,8,312508788540,4010605522
dMean__Myeloid_8_r_all/OPTIM_pcs/base_output/base/cis_nominal1.cis_qtl_pairs.1.tsv,328025424,97443824,8,312548098410,661154121
dMean__Myeloid_8_r_all/OPTIM_pcs/base_output/base/cis_nominal1.cis_qtl_pairs.20.tsv,98866502,29893049,8,312645542371,2896199729
dMean__Myeloid_8_r_all/OPTIM_pcs/base_output/base/Cis_eqtls_independent.tsv,1026,541,8,312675435558,2971200138
dMean__Myeloid_8_r_all/OPTIM_pcs/base_output/base/cis_nominal1.cis_qtl_pairs.12.tsv,201703302,59580865,8,312675436229,3761044384
dMean__Myeloid_8_r_all/OPTIM_pcs/base_output/base/cis_nominal1.cis_qtl_pairs.18.tsv,64124583,19242585,8,312735017232,773072969
dMean__Myeloid_8_r_all/OPTIM_pcs/base_output/base/cis_nominal1.cis_qtl_pairs.13.tsv,72936032,21687993,8,312754259955,1349113877
dMean__Epithelial_1_ti_all/OPTIM_pcs/base_output/base/cis_nominal1.cis_qtl_pairs.3.tsv,341052574,113004802,8,312775948086,1221495226
dMean__Epithelial_1_ti_all/OPTIM_pcs/base_output/base/cis_nominal1.cis_qtl_pairs.15.tsv,199553435,66566325,8,312888953029,1198426961
dMean__Epithelial_1_ti_all/OPTIM_pcs/base_output/base/cis_nominal1.cis_qtl_pairs.16.tsv,294852842,99553273,8,312955519496,2144739836
dMean__Epithelial_1_ti_all/OPTIM_pcs/base_output/base/cis_nominal1.cis_qtl_pairs.4.tsv,253680307,83851782,8,313055072911,2976732061
dMean__Epithelial_1_ti_all/OPTIM_pcs/base_output/base/cis_nominal1.cis_qtl_pairs.21.tsv,77794510,25978912,8,313138924834,2541752246
dMean__Epithelial_1_ti_all/OPTIM_pcs/base_output/base/cis_nominal1.cis_qtl_pairs.7.tsv,315939725,105531517,8,313164903888,3662527852
dMean__Epithelial_1_ti_all/OPTIM_pcs/base_output/base/cis_nominal1.cis_qtl_pairs.22.tsv,140693905,46989959,8,313270435546,2263580446
dMean__Epithelial_1_ti_all/OPTIM_pcs/base_output/base/cis_nominal1.cis_qtl_pairs.11.tsv,333479297,110259300,8,313317425647,3258850183
dMean__Epithelial_1_ti_all/OPTIM_pcs/base_output/base/cis_nominal1.cis_qtl_pairs.6.tsv,453607397,142414258,8,313427685089,1436940432
dMean__Epithelial_1_ti_all/OPTIM_pcs/base_output/base/cis_nominal1.cis_qtl_pairs.2.tsv,406654513,135454771,8,313570099488,1789095418
dMean__Epithelial_1_ti_all/OPTIM_pcs/base_output/base/cis_nominal1.cis_qtl_pairs.17.tsv,367422998,122801906,8,313705554400,2856100625
dMean__Epithelial_1_ti_all/OPTIM_pcs/base_output/base/Cis_eqtls_qval.tsv,3861289,1667606,8,313828356448,1859700025
dMean__Epithelial_1_ti_all/OPTIM_pcs/base_output/base/cis_nominal1.cis_qtl_pairs.5.tsv,285244463,94774745,8,313830024181,2300695362
dMean__Epithelial_1_ti_all/OPTIM_pcs/base_output/base/cis_nominal1.cis_qtl_pairs.9.tsv,245861690,82547379,8,313924799067,1053884718
dMean__Epithelial_1_ti_all/OPTIM_pcs/base_output/base/cis_nominal1.cis_qtl_pairs.19.tsv,478504836,160037463,8,314007346587,2731623953
dMean__Epithelial_1_ti_all/OPTIM_pcs/base_output/base/cis_nominal1.cis_qtl_pairs.10.tsv,259552532,85309170,8,314167384192,1834554779
dMean__Epithelial_1_ti_all/OPTIM_pcs/base_output/base/cis_nominal1.cis_qtl_pairs.8.tsv,220254545,73655772,8,314252693504,3497453907
dMean__Epithelial_1_ti_all/OPTIM_pcs/base_output/base/cis_nominal1.cis_qtl_pairs.14.tsv,230062666,76321437,8,314326349417,2760817103
dMean__Epithelial_1_ti_all/OPTIM_pcs/base_output/base/cis_nominal1.cis_qtl_pairs.1.tsv,562126672,186608186,8,314402670996,3205997264
dMean__Epithelial_1_ti_all/OPTIM_pcs/base_output/base/cis_nominal1.cis_qtl_pairs.20.tsv,161867367,54016402,8,314589279323,2279140291
dMean__Epithelial_1_ti_all/OPTIM_pcs/base_output/base/Cis_eqtls_independent.tsv,1214087,497420,8,314643295867,3507383146
dMean__Epithelial_1_ti_all/OPTIM_pcs/base_output/base/cis_nominal1.cis_qtl_pairs.12.tsv,321863096,106007683,8,314643793421,333534526
dMean__Epithelial_1_ti_all/OPTIM_pcs/base_output/base/cis_nominal1.cis_qtl_pairs.18.tsv,113560263,37810726,8,314749801246,1051014765
dMean__Epithelial_1_ti_all/OPTIM_pcs/base_output/base/cis_nominal1.cis_qtl_pairs.13.tsv,117563456,38904087,8,314787612114,3011040557
dMean__T_ti_all/OPTIM_pcs/base_output/base/cis_nominal1.cis_qtl_pairs.3.tsv,349778113,116267971,8,314826516343,3435257510
dMean__T_ti_all/OPTIM_pcs/base_output/base/cis_nominal1.cis_qtl_pairs.15.tsv,203511193,68013950,8,314942784444,3212867292
dMean__T_ti_all/OPTIM_pcs/base_output/base/cis_nominal1.cis_qtl_pairs.16.tsv,311220367,105278678,8,315010798525,1614328359
dMean__T_ti_all/OPTIM_pcs/base_output/base/cis_nominal1.cis_qtl_pairs.4.tsv,261352580,86753509,8,315116077334,3369385216
dMean__T_ti_all/OPTIM_pcs/base_output/base/cis_nominal1.cis_qtl_pairs.21.tsv,85753387,28703741,8,315202830973,3893876593
dMean__T_ti_all/OPTIM_pcs/base_output/base/cis_nominal1.cis_qtl_pairs.7.tsv,324659834,108587867,8,315231534845,1455194765
dMean__T_ti_all/OPTIM_pcs/base_output/base/cis_nominal1.cis_qtl_pairs.22.tsv,162068392,54299601,8,315340122842,2311531727
dMean__T_ti_all/OPTIM_pcs/base_output/base/cis_nominal1.cis_qtl_pairs.11.tsv,346706269,114909147,8,315394422574,2319325624
dMean__T_ti_all/OPTIM_pcs/base_output/base/cis_nominal1.cis_qtl_pairs.6.tsv,477380110,150985449,8,315509331852,3499494592
dMean__T_ti_all/OPTIM_pcs/base_output/base/cis_nominal1.cis_qtl_pairs.2.tsv,421223712,140668215,8,315660317431,4059949266
dMean__T_ti_all/OPTIM_pcs/base_output/base/cis_nominal1.cis_qtl_pairs.17.tsv,387590942,129795407,8,315800985776,2065061411
dMean__T_ti_all/OPTIM_pcs/base_output/base/Cis_eqtls_qval.tsv,4074956,1760837,8,315930781314,298767133
dMean__T_ti_all/OPTIM_pcs/base_output/base/cis_nominal1.cis_qtl_pairs.5.tsv,289419146,96336287,8,315932542267,3472731679
dMean__T_ti_all/OPTIM_pcs/base_output/base/cis_nominal1.cis_qtl_pairs.9.tsv,241916473,81399728,8,316028878684,2857548181
dMean__T_ti_all/OPTIM_pcs/base_output/base/cis_nominal1.cis_qtl_pairs.19.tsv,541657416,181533454,8,316110278542,4142323002
dMean__T_ti_all/OPTIM_pcs/base_output/base/cis_nominal1.cis_qtl_pairs.10.tsv,258813607,85402920,8,316291812127,3800218363
dMean__T_ti_all/OPTIM_pcs/base_output/base/cis_nominal1.cis_qtl_pairs.8.tsv,238587652,79926856,8,316377215178,3824372387
dMean__T_ti_all/OPTIM_pcs/base_output/base/cis_nominal1.cis_qtl_pairs.14.tsv,278852754,92802276,8,316457142164,68713655
dMean__T_ti_all/OPTIM_pcs/base_output/base/cis_nominal1.cis_qtl_pairs.1.tsv,589876635,196337210,8,316549944571,2956751921
dMean__T_ti_all/OPTIM_pcs/base_output/base/cis_nominal1.cis_qtl_pairs.20.tsv,176249149,58998625,8,316746281911,675716223
dMean__T_ti_all/OPTIM_pcs/base_output/base/Cis_eqtls_independent.tsv,1024366,419844,8,316805280667,1929902463
dMean__T_ti_all/OPTIM_pcs/base_output/base/cis_nominal1.cis_qtl_pairs.12.tsv,372373187,122987488,8,316805700634,2140666067
dMean__T_ti_all/OPTIM_pcs/base_output/base/cis_nominal1.cis_qtl_pairs.18.tsv,111860960,37383736,8,316928688253,2736010477
dMean__T_ti_all/OPTIM_pcs/base_output/base/cis_nominal1.cis_qtl_pairs.13.tsv,127988589,42444332,8,316966072120,3182543481
dMean__T_5_ct_all/OPTIM_pcs/base_output/base/cis_nominal1.cis_qtl_pairs.3.tsv,265747669,88440483,8,317008516583,4273132483
dMean__T_5_ct_all/OPTIM_pcs/base_output/base/cis_nominal1.cis_qtl_pairs.15.tsv,146228888,48914449,8,317096957198,2284356667
dMean__T_5_ct_all/OPTIM_pcs/base_output/base/cis_nominal1.cis_qtl_pairs.16.tsv,219982519,74558897,8,317145871780,781728702
dMean__T_5_ct_all/OPTIM_pcs/base_output/base/cis_nominal1.cis_qtl_pairs.4.tsv,191400726,63663773,8,317220430810,4002621294
dMean__T_5_ct_all/OPTIM_pcs/base_output/base/cis_nominal1.cis_qtl_pairs.21.tsv,59512198,19944959,8,317284094715,3951215346
dMean__T_5_ct_all/OPTIM_pcs/base_output/base/cis_nominal1.cis_qtl_pairs.7.tsv,238328943,79826373,8,317304039807,751020465
dMean__T_5_ct_all/OPTIM_pcs/base_output/base/cis_nominal1.cis_qtl_pairs.22.tsv,117364372,39372616,8,317383866312,953053888
dMean__T_5_ct_all/OPTIM_pcs/base_output/base/cis_nominal1.cis_qtl_pairs.11.tsv,254196699,84396944,8,317423239061,2073437894
dMean__T_5_ct_all/OPTIM_pcs/base_output/base/cis_nominal1.cis_qtl_pairs.6.tsv,353484892,111945158,8,317507636138,2821220698
dMean__T_5_ct_all/OPTIM_pcs/base_output/base/cis_nominal1.cis_qtl_pairs.2.tsv,320056439,107084882,8,317619581428,1843518742
dMean__T_5_ct_all/OPTIM_pcs/base_output/base/cis_nominal1.cis_qtl_pairs.17.tsv,282240854,94607794,8,317726666442,2882825085
dMean__T_5_ct_all/OPTIM_pcs/base_output/base/Cis_eqtls_qval.tsv,3020585,1297362,8,317821274369,51619608
dMean__T_5_ct_all/OPTIM_pcs/base_output/base/cis_nominal1.cis_qtl_pairs.5.tsv,216784519,72310201,8,317822571849,886916201
dMean__T_5_ct_all/OPTIM_pcs/base_output/base/cis_nominal1.cis_qtl_pairs.9.tsv,186070931,62701768,8,317894882182,891773032
dMean__T_5_ct_all/OPTIM_pcs/base_output/base/cis_nominal1.cis_qtl_pairs.19.tsv,403755362,135431762,8,317957584082,1457715607
dMean__T_5_ct_all/OPTIM_pcs/base_output/base/cis_nominal1.cis_qtl_pairs.10.tsv,195662565,64677782,8,318093015977,3361038637
dMean__T_5_ct_all/OPTIM_pcs/base_output/base/cis_nominal1.cis_qtl_pairs.8.tsv,175200547,58834255,8,318157693892,4090511234
dMean__T_5_ct_all/OPTIM_pcs/base_output/base/cis_nominal1.cis_qtl_pairs.14.tsv,196896084,65585184,8,318216528279,847414819
dMean__T_5_ct_all/OPTIM_pcs/base_output/base/cis_nominal1.cis_qtl_pairs.1.tsv,442184937,147409107,8,318282113596,2095875268
dMean__T_5_ct_all/OPTIM_pcs/base_output/base/cis_nominal1.cis_qtl_pairs.20.tsv,136440786,45724770,8,318429522835,3247910426
dMean__T_5_ct_all/OPTIM_pcs/base_output/base/Cis_eqtls_independent.tsv,215239,88833,8,318475247738,66188587
dMean__T_5_ct_all/OPTIM_pcs/base_output/base/cis_nominal1.cis_qtl_pairs.12.tsv,269267745,89073366,8,318475336696,210353175
dMean__T_5_ct_all/OPTIM_pcs/base_output/base/cis_nominal1.cis_qtl_pairs.18.tsv,80222653,26845469,8,318564410195,3411251983
dMean__T_5_ct_all/OPTIM_pcs/base_output/base/cis_nominal1.cis_qtl_pairs.13.tsv,94564197,31414701,8,318591255797,863019450
dMean__T_10_blood_all/OPTIM_pcs/base_output/base/cis_nominal1.cis_qtl_pairs.3.tsv,285172889,90214067,8,318622670631,362847527
dMean__T_10_blood_all/OPTIM_pcs/base_output/base/cis_nominal1.cis_qtl_pairs.15.tsv,162390955,52028108,8,318712884834,1223573333
dMean__T_10_blood_all/OPTIM_pcs/base_output/base/cis_nominal1.cis_qtl_pairs.16.tsv,242253635,78812932,8,318764913079,3172240937
dMean__T_10_blood_all/OPTIM_pcs/base_output/base/cis_nominal1.cis_qtl_pairs.4.tsv,207153586,65191625,8,318843726148,1049194583
dMean__T_10_blood_all/OPTIM_pcs/base_output/base/cis_nominal1.cis_qtl_pairs.21.tsv,62653865,20103325,8,318908917909,2400405522
dMean__T_10_blood_all/OPTIM_pcs/base_output/base/cis_nominal1.cis_qtl_pairs.7.tsv,258488819,82454045,8,318929021371,2268948118
dMean__T_10_blood_all/OPTIM_pcs/base_output/base/cis_nominal1.cis_qtl_pairs.22.tsv,124801911,40252120,8,319011475552,1605281849
dMean__T_10_blood_all/OPTIM_pcs/base_output/base/cis_nominal1.cis_qtl_pairs.11.tsv,295309404,93335669,8,319051727809,1625827647
dMean__T_10_blood_all/OPTIM_pcs/base_output/base/cis_nominal1.cis_qtl_pairs.6.tsv,389747971,113832375,8,319145063615,2990219321
dMean__T_10_blood_all/OPTIM_pcs/base_output/base/cis_nominal1.cis_qtl_pairs.2.tsv,343670675,109762369,8,319258896126,2429910398
dMean__T_10_blood_all/OPTIM_pcs/base_output/base/cis_nominal1.cis_qtl_pairs.17.tsv,318055790,102245296,8,319368658631,760391080
dMean__T_10_blood_all/OPTIM_pcs/base_output/base/Cis_eqtls_qval.tsv,3354328,1429642,8,319470904064,2120565799
dMean__T_10_blood_all/OPTIM_pcs/base_output/base/cis_nominal1.cis_qtl_pairs.5.tsv,237298389,75274592,8,319472333828,272863878
dMean__T_10_blood_all/OPTIM_pcs/base_output/base/cis_nominal1.cis_qtl_pairs.9.tsv,207259031,66837019,8,319547608556,3183386577
dMean__T_10_blood_all/OPTIM_pcs/base_output/base/cis_nominal1.cis_qtl_pairs.19.tsv,447218536,143959209,8,319614445711,4008603403
dMean__T_10_blood_all/OPTIM_pcs/base_output/base/cis_nominal1.cis_qtl_pairs.10.tsv,213559965,66971571,8,319758405057,3203717484
dMean__T_10_blood_all/OPTIM_pcs/base_output/base/cis_nominal1.cis_qtl_pairs.8.tsv,186068276,59537980,8,319825376765,204038621
dMean__T_10_blood_all/OPTIM_pcs/base_output/base/cis_nominal1.cis_qtl_pairs.14.tsv,207934016,66058838,8,319884914881,2953787792
dMean__T_10_blood_all/OPTIM_pcs/base_output/base/cis_nominal1.cis_qtl_pairs.1.tsv,484918533,153678413,8,319950973856,2131119446
dMean__T_10_blood_all/OPTIM_pcs/base_output/base/cis_nominal1.cis_qtl_pairs.20.tsv,140635215,45043817,8,320104652405,552714894
dMean__T_10_blood_all/OPTIM_pcs/base_output/base/Cis_eqtls_independent.tsv,61693,26055,8,320149696359,3276693623
dMean__T_10_blood_all/OPTIM_pcs/base_output/base/cis_nominal1.cis_qtl_pairs.12.tsv,302887880,95149457,8,320149722543,2330823709
dMean__T_10_blood_all/OPTIM_pcs/base_output/base/cis_nominal1.cis_qtl_pairs.18.tsv,92609858,29571234,8,320244872137,2994980116
dMean__T_10_blood_all/OPTIM_pcs/base_output/base/cis_nominal1.cis_qtl_pairs.13.tsv,99091124,31233913,8,320274443508,3257511770
dMean__Epithelial_23_r_all/OPTIM_pcs/base_output/base/cis_nominal1.cis_qtl_pairs.3.tsv,285776283,93837000,8,320305677558,325679419
dMean__Epithelial_23_r_all/OPTIM_pcs/base_output/base/cis_nominal1.cis_qtl_pairs.15.tsv,162941242,53868177,8,320399514699,2445382595
dMean__Epithelial_23_r_all/OPTIM_pcs/base_output/base/cis_nominal1.cis_qtl_pairs.16.tsv,221906441,74457697,8,320453383018,4139369432
dMean__Epithelial_23_r_all/OPTIM_pcs/base_output/base/cis_nominal1.cis_qtl_pairs.4.tsv,217546807,71096327,8,320527840857,1500672785
dMean__Epithelial_23_r_all/OPTIM_pcs/base_output/base/cis_nominal1.cis_qtl_pairs.21.tsv,57445368,19020816,8,320598937325,2366668578
dMean__Epithelial_23_r_all/OPTIM_pcs/base_output/base/cis_nominal1.cis_qtl_pairs.7.tsv,266573644,88075821,8,320617958283,3541073778
dMean__Epithelial_23_r_all/OPTIM_pcs/base_output/base/cis_nominal1.cis_qtl_pairs.22.tsv,115160271,38156407,8,320706034245,1946468140
dMean__Epithelial_23_r_all/OPTIM_pcs/base_output/base/cis_nominal1.cis_qtl_pairs.11.tsv,289881801,95077404,8,320744190794,380511118
dMean__Epithelial_23_r_all/OPTIM_pcs/base_output/base/cis_nominal1.cis_qtl_pairs.6.tsv,361959419,112162063,8,320839268340,464007569
dMean__Epithelial_23_r_all/OPTIM_pcs/base_output/base/cis_nominal1.cis_qtl_pairs.2.tsv,349669592,115361190,8,320951430544,263993432
dMean__Epithelial_23_r_all/OPTIM_pcs/base_output/base/cis_nominal1.cis_qtl_pairs.17.tsv,292273732,96893711,8,321066791875,608343500
dMean__Epithelial_23_r_all/OPTIM_pcs/base_output/base/Cis_eqtls_qval.tsv,3211453,1375677,8,321163685728,3044047532
dMean__Epithelial_23_r_all/OPTIM_pcs/base_output/base/cis_nominal1.cis_qtl_pairs.5.tsv,237562345,78182718,8,321165061532,3409544825
dMean__Epithelial_23_r_all/OPTIM_pcs/base_output/base/cis_nominal1.cis_qtl_pairs.9.tsv,213345618,71068173,8,321243244391,80849672
dMean__Epithelial_23_r_all/OPTIM_pcs/base_output/base/cis_nominal1.cis_qtl_pairs.19.tsv,391528799,129914871,8,321314312705,2907322278
dMean__Epithelial_23_r_all/OPTIM_pcs/base_output/base/cis_nominal1.cis_qtl_pairs.10.tsv,213888765,69546232,8,321444227718,1163313088
dMean__Epithelial_23_r_all/OPTIM_pcs/base_output/base/cis_nominal1.cis_qtl_pairs.8.tsv,193480064,63960925,8,321513774092,1273340672
dMean__Epithelial_23_r_all/OPTIM_pcs/base_output/base/cis_nominal1.cis_qtl_pairs.14.tsv,194365702,63855104,8,321577735158,1878213382
dMean__Epithelial_23_r_all/OPTIM_pcs/base_output/base/cis_nominal1.cis_qtl_pairs.1.tsv,474094656,156060805,8,321641590404,3767220865
dMean__Epithelial_23_r_all/OPTIM_pcs/base_output/base/cis_nominal1.cis_qtl_pairs.20.tsv,143833478,47661991,8,321797651350,444037248
dMean__Epithelial_23_r_all/OPTIM_pcs/base_output/base/Cis_eqtls_independent.tsv,123283,51167,8,321845313483,1054126923
dMean__Epithelial_23_r_all/OPTIM_pcs/base_output/base/cis_nominal1.cis_qtl_pairs.12.tsv,278988680,90883618,8,321845364784,3872864535
dMean__Epithelial_23_r_all/OPTIM_pcs/base_output/base/cis_nominal1.cis_qtl_pairs.18.tsv,87439020,28811924,8,321936248544,2652938393
dMean__Epithelial_23_r_all/OPTIM_pcs/base_output/base/cis_nominal1.cis_qtl_pairs.13.tsv,99241531,32457054,8,321965060610,1588231822
dMean__Plasma_blood_all/OPTIM_pcs/base_output/base/cis_nominal1.cis_qtl_pairs.3.tsv,243447673,76388270,8,321997517806,436489598
dMean__Plasma_blood_all/OPTIM_pcs/base_output/base/cis_nominal1.cis_qtl_pairs.15.tsv,127791867,40688025,8,322073906214,2545964103
dMean__Plasma_blood_all/OPTIM_pcs/base_output/base/cis_nominal1.cis_qtl_pairs.16.tsv,197839794,63957529,8,322114594378,943289475
dMean__Plasma_blood_all/OPTIM_pcs/base_output/base/cis_nominal1.cis_qtl_pairs.4.tsv,175877477,54904943,8,322178552046,2529794048
dMean__Plasma_blood_all/OPTIM_pcs/base_output/base/cis_nominal1.cis_qtl_pairs.21.tsv,49519403,15798598,8,322233457127,3987902996
dMean__Plasma_blood_all/OPTIM_pcs/base_output/base/cis_nominal1.cis_qtl_pairs.7.tsv,208861167,66120896,8,322249255864,1670777290
dMean__Plasma_blood_all/OPTIM_pcs/base_output/base/cis_nominal1.cis_qtl_pairs.22.tsv,104656589,33503736,8,322315376898,2843520600
dMean__Plasma_blood_all/OPTIM_pcs/base_output/base/cis_nominal1.cis_qtl_pairs.11.tsv,229357829,71977640,8,322348880773,3655046618
dMean__Plasma_blood_all/OPTIM_pcs/base_output/base/cis_nominal1.cis_qtl_pairs.6.tsv,322823454,92454260,8,322420858552,2751162050
dMean__Plasma_blood_all/OPTIM_pcs/base_output/base/cis_nominal1.cis_qtl_pairs.2.tsv,289230302,91797561,8,322513312950,3606181746
dMean__Plasma_blood_all/OPTIM_pcs/base_output/base/cis_nominal1.cis_qtl_pairs.17.tsv,252709963,80683226,8,322605110649,3482572883
dMean__Plasma_blood_all/OPTIM_pcs/base_output/base/Cis_eqtls_qval.tsv,2712592,1130466,8,322685794014,1575680870
dMean__Plasma_blood_all/OPTIM_pcs/base_output/base/cis_nominal1.cis_qtl_pairs.5.tsv,190851943,60182147,8,322686924604,146615063
dMean__Plasma_blood_all/OPTIM_pcs/base_output/base/cis_nominal1.cis_qtl_pairs.9.tsv,166683199,53325843,8,322747106889,165709556
dMean__Plasma_blood_all/OPTIM_pcs/base_output/base/cis_nominal1.cis_qtl_pairs.19.tsv,339377051,108726000,8,322800432870,2185577118
dMean__Plasma_blood_all/OPTIM_pcs/base_output/base/cis_nominal1.cis_qtl_pairs.10.tsv,172031897,53555111,8,322909159009,117854543
dMean__Plasma_blood_all/OPTIM_pcs/base_output/base/cis_nominal1.cis_qtl_pairs.8.tsv,150278723,47682385,8,322962714259,2529220493
dMean__Plasma_blood_all/OPTIM_pcs/base_output/base/cis_nominal1.cis_qtl_pairs.14.tsv,160557126,50768836,8,323010396782,1272238353
dMean__Plasma_blood_all/OPTIM_pcs/base_output/base/cis_nominal1.cis_qtl_pairs.1.tsv,393009091,123631573,8,323061165757,3720975053
dMean__Plasma_blood_all/OPTIM_pcs/base_output/base/cis_nominal1.cis_qtl_pairs.20.tsv,119052601,37932485,8,323184797468,1278005899
dMean__Plasma_blood_all/OPTIM_pcs/base_output/base/Cis_eqtls_independent.tsv,6685,3034,8,323222730092,4151590277
dMean__Plasma_blood_all/OPTIM_pcs/base_output/base/cis_nominal1.cis_qtl_pairs.12.tsv,238349457,74511258,8,323222733257,2824786749
dMean__Plasma_blood_all/OPTIM_pcs/base_output/base/cis_nominal1.cis_qtl_pairs.18.tsv,68041613,21559332,8,323297244654,4007844041
dMean__Plasma_blood_all/OPTIM_pcs/base_output/base/cis_nominal1.cis_qtl_pairs.13.tsv,83420330,26143702,8,323318804125,1004865145
dMean__Epithelial_19_ct_all/OPTIM_pcs/base_output/base/cis_nominal1.cis_qtl_pairs.3.tsv,304914526,100413186,8,323344947966,3860017594
dMean__Epithelial_19_ct_all/OPTIM_pcs/base_output/base/cis_nominal1.cis_qtl_pairs.15.tsv,177609761,58882479,8,323445361294,1869889323
dMean__Epithelial_19_ct_all/OPTIM_pcs/base_output/base/cis_nominal1.cis_qtl_pairs.16.tsv,250132597,84008648,8,323504243916,508784342
dMean__Epithelial_19_ct_all/OPTIM_pcs/base_output/base/cis_nominal1.cis_qtl_pairs.4.tsv,228464462,74913439,8,323588252707,2964556599
dMean__Epithelial_19_ct_all/OPTIM_pcs/base_output/base/cis_nominal1.cis_qtl_pairs.21.tsv,62372886,20676963,8,323663166288,2005369543
dMean__Epithelial_19_ct_all/OPTIM_pcs/base_output/base/cis_nominal1.cis_qtl_pairs.7.tsv,268872435,89128500,8,323683843394,102233686
dMean__Epithelial_19_ct_all/OPTIM_pcs/base_output/base/cis_nominal1.cis_qtl_pairs.22.tsv,123148776,40928777,8,323772972036,906897420
dMean__Epithelial_19_ct_all/OPTIM_pcs/base_output/base/cis_nominal1.cis_qtl_pairs.11.tsv,301818448,99222220,8,323813900956,1788312687
dMean__Epithelial_19_ct_all/OPTIM_pcs/base_output/base/cis_nominal1.cis_qtl_pairs.6.tsv,380970697,118505181,8,323913123319,3438345939
dMean__Epithelial_19_ct_all/OPTIM_pcs/base_output/base/cis_nominal1.cis_qtl_pairs.2.tsv,351992920,116500702,8,324031628642,2213116408
dMean__Epithelial_19_ct_all/OPTIM_pcs/base_output/base/cis_nominal1.cis_qtl_pairs.17.tsv,302595701,100514033,8,324148129486,3140247163
dMean__Epithelial_19_ct_all/OPTIM_pcs/base_output/base/Cis_eqtls_qval.tsv,3358309,1446161,8,324248643662,1426141735
dMean__Epithelial_19_ct_all/OPTIM_pcs/base_output/base/cis_nominal1.cis_qtl_pairs.5.tsv,247496659,81641875,8,324250089951,2813686565
dMean__Epithelial_19_ct_all/OPTIM_pcs/base_output/base/cis_nominal1.cis_qtl_pairs.9.tsv,223050182,74437791,8,324331731968,174085852
dMean__Epithelial_19_ct_all/OPTIM_pcs/base_output/base/cis_nominal1.cis_qtl_pairs.19.tsv,421007203,139950966,8,324406169901,1867295401
dMean__Epithelial_19_ct_all/OPTIM_pcs/base_output/base/cis_nominal1.cis_qtl_pairs.10.tsv,221435001,72221863,8,324546121010,1706359981
dMean__Epithelial_19_ct_all/OPTIM_pcs/base_output/base/cis_nominal1.cis_qtl_pairs.8.tsv,192155540,63762935,8,324618343016,1695937233
dMean__Epithelial_19_ct_all/OPTIM_pcs/base_output/base/cis_nominal1.cis_qtl_pairs.14.tsv,204861736,67506470,8,324682106093,1614285851
dMean__Epithelial_19_ct_all/OPTIM_pcs/base_output/base/cis_nominal1.cis_qtl_pairs.1.tsv,493124242,162724730,8,324749612706,2427319736
dMean__Epithelial_19_ct_all/OPTIM_pcs/base_output/base/cis_nominal1.cis_qtl_pairs.20.tsv,148590106,49342023,8,324912337578,210007382
dMean__Epithelial_19_ct_all/OPTIM_pcs/base_output/base/Cis_eqtls_independent.tsv,401010,164701,8,324961679744,2704732970
dMean__Epithelial_19_ct_all/OPTIM_pcs/base_output/base/cis_nominal1.cis_qtl_pairs.12.tsv,281783374,92131562,8,324961844580,3682526946
dMean__Epithelial_19_ct_all/OPTIM_pcs/base_output/base/cis_nominal1.cis_qtl_pairs.18.tsv,87387124,28880907,8,325053976285,756540315
dMean__Epithelial_19_ct_all/OPTIM_pcs/base_output/base/cis_nominal1.cis_qtl_pairs.13.tsv,101180498,33201321,8,325082857335,775923542
dMean__Plasma_ti_all/OPTIM_pcs/base_output/base/cis_nominal1.cis_qtl_pairs.3.tsv,318980157,105975203,8,325116058799,378356838
dMean__Plasma_ti_all/OPTIM_pcs/base_output/base/cis_nominal1.cis_qtl_pairs.15.tsv,181898653,60786473,8,325222034137,1519619310
dMean__Plasma_ti_all/OPTIM_pcs/base_output/base/cis_nominal1.cis_qtl_pairs.16.tsv,267492641,90547910,8,325282820746,2757149827
dMean__Plasma_ti_all/OPTIM_pcs/base_output/base/cis_nominal1.cis_qtl_pairs.4.tsv,237795716,78957473,8,325373368792,401292067
dMean__Plasma_ti_all/OPTIM_pcs/base_output/base/cis_nominal1.cis_qtl_pairs.21.tsv,73932780,24742276,8,325452326400,2046963675
dMean__Plasma_ti_all/OPTIM_pcs/base_output/base/cis_nominal1.cis_qtl_pairs.7.tsv,282396395,94527794,8,325477068812,1050500093
dMean__Plasma_ti_all/OPTIM_pcs/base_output/base/cis_nominal1.cis_qtl_pairs.22.tsv,154319459,51702786,8,325571596741,2259579252
dMean__Plasma_ti_all/OPTIM_pcs/base_output/base/cis_nominal1.cis_qtl_pairs.11.tsv,316195896,104889453,8,325623299663,176518612
dMean__Plasma_ti_all/OPTIM_pcs/base_output/base/cis_nominal1.cis_qtl_pairs.6.tsv,439189518,138904516,8,325728189252,3800186347
dMean__Plasma_ti_all/OPTIM_pcs/base_output/base/cis_nominal1.cis_qtl_pairs.2.tsv,383059891,128068567,8,325867093903,4134223546
dMean__Plasma_ti_all/OPTIM_pcs/base_output/base/cis_nominal1.cis_qtl_pairs.17.tsv,332396611,111348901,8,325995162605,252045726
dMean__Plasma_ti_all/OPTIM_pcs/base_output/base/Cis_eqtls_qval.tsv,3658865,1576098,8,326106511642,2028370784
dMean__Plasma_ti_all/OPTIM_pcs/base_output/base/cis_nominal1.cis_qtl_pairs.5.tsv,267489126,89076345,8,326108087861,4288812677
dMean__Plasma_ti_all/OPTIM_pcs/base_output/base/cis_nominal1.cis_qtl_pairs.9.tsv,221598815,74594882,8,326197164341,1124183511
dMean__Plasma_ti_all/OPTIM_pcs/base_output/base/cis_nominal1.cis_qtl_pairs.19.tsv,460794228,154456180,8,326271759358,2912546384
dMean__Plasma_ti_all/OPTIM_pcs/base_output/base/cis_nominal1.cis_qtl_pairs.10.tsv,224136402,73970608,8,326426215674,1498334566
dMean__Plasma_ti_all/OPTIM_pcs/base_output/base/cis_nominal1.cis_qtl_pairs.8.tsv,219520818,73548649,8,326500186418,224633063
dMean__Plasma_ti_all/OPTIM_pcs/base_output/base/cis_nominal1.cis_qtl_pairs.14.tsv,223807081,74463586,8,326573735202,4210381090
dMean__Plasma_ti_all/OPTIM_pcs/base_output/base/cis_nominal1.cis_qtl_pairs.1.tsv,542185589,180499316,8,326648198924,2488209011
dMean__Plasma_ti_all/OPTIM_pcs/base_output/base/cis_nominal1.cis_qtl_pairs.20.tsv,163570976,54756071,8,326828698375,1861304761
dMean__Plasma_ti_all/OPTIM_pcs/base_output/base/Cis_eqtls_independent.tsv,396097,162901,8,326883454582,2679553097
dMean__Plasma_ti_all/OPTIM_pcs/base_output/base/cis_nominal1.cis_qtl_pairs.12.tsv,337094912,111358598,8,326883617611,157511930
dMean__Plasma_ti_all/OPTIM_pcs/base_output/base/cis_nominal1.cis_qtl_pairs.18.tsv,93059348,31069360,8,326994976345,149051114
dMean__Plasma_ti_all/OPTIM_pcs/base_output/base/cis_nominal1.cis_qtl_pairs.13.tsv,106710627,35381583,8,327026045841,1752130302
dMean__Epithelial_6_ct_all/OPTIM_pcs/base_output/base/cis_nominal1.cis_qtl_pairs.3.tsv,310858449,103450392,8,327061427560,3599928296
dMean__Epithelial_6_ct_all/OPTIM_pcs/base_output/base/cis_nominal1.cis_qtl_pairs.15.tsv,179871133,60224988,8,327164878093,2853228837
dMean__Epithelial_6_ct_all/OPTIM_pcs/base_output/base/cis_nominal1.cis_qtl_pairs.16.tsv,255750360,86635310,8,327225103223,2319119743
dMean__Epithelial_6_ct_all/OPTIM_pcs/base_output/base/cis_nominal1.cis_qtl_pairs.4.tsv,226470996,75146884,8,327311738675,811485831
dMean__Epithelial_6_ct_all/OPTIM_pcs/base_output/base/cis_nominal1.cis_qtl_pairs.21.tsv,66723073,22374565,8,327386885700,2441508756
dMean__Epithelial_6_ct_all/OPTIM_pcs/base_output/base/cis_nominal1.cis_qtl_pairs.7.tsv,274485600,92097546,8,327409260407,3713461870
dMean__Epithelial_6_ct_all/OPTIM_pcs/base_output/base/cis_nominal1.cis_qtl_pairs.22.tsv,124529428,41752500,8,327501358094,520870027
dMean__Epithelial_6_ct_all/OPTIM_pcs/base_output/base/cis_nominal1.cis_qtl_pairs.11.tsv,301215519,100057404,8,327543110736,3877860733
dMean__Epithelial_6_ct_all/OPTIM_pcs/base_output/base/cis_nominal1.cis_qtl_pairs.6.tsv,381587246,120885586,8,327643168282,782606010
dMean__Epithelial_6_ct_all/OPTIM_pcs/base_output/base/cis_nominal1.cis_qtl_pairs.2.tsv,359934387,120319407,8,327764054009,3860895422
dMean__Epithelial_6_ct_all/OPTIM_pcs/base_output/base/cis_nominal1.cis_qtl_pairs.17.tsv,315962196,106003867,8,327884373557,817897582
dMean__Epithelial_6_ct_all/OPTIM_pcs/base_output/base/Cis_eqtls_qval.tsv,3405745,1469387,8,327990377566,2619243482
dMean__Epithelial_6_ct_all/OPTIM_pcs/base_output/base/cis_nominal1.cis_qtl_pairs.5.tsv,250991803,83700787,8,327991847080,2084333706
dMean__Epithelial_6_ct_all/OPTIM_pcs/base_output/base/cis_nominal1.cis_qtl_pairs.9.tsv,224141398,75530111,8,328075548008,2102335457
dMean__Epithelial_6_ct_all/OPTIM_pcs/base_output/base/cis_nominal1.cis_qtl_pairs.19.tsv,421897165,141584949,8,328151078260,837932156
dMean__Epithelial_6_ct_all/OPTIM_pcs/base_output/base/cis_nominal1.cis_qtl_pairs.10.tsv,228023817,75277100,8,328292663351,1790189305
dMean__Epithelial_6_ct_all/OPTIM_pcs/base_output/base/cis_nominal1.cis_qtl_pairs.8.tsv,201674803,67664946,8,328367940593,1562634866
dMean__Epithelial_6_ct_all/OPTIM_pcs/base_output/base/cis_nominal1.cis_qtl_pairs.14.tsv,204521966,68099749,8,328435605680,1822214784
dMean__Epithelial_6_ct_all/OPTIM_pcs/base_output/base/cis_nominal1.cis_qtl_pairs.1.tsv,500668833,166882471,8,328503705571,4031131246
dMean__Epithelial_6_ct_all/OPTIM_pcs/base_output/base/cis_nominal1.cis_qtl_pairs.20.tsv,146148490,48986670,8,328670588183,4193559753
dMean__Epithelial_6_ct_all/OPTIM_pcs/base_output/base/Cis_eqtls_independent.tsv,517636,212421,8,328719574995,3380444649
dMean__Epithelial_6_ct_all/OPTIM_pcs/base_output/base/cis_nominal1.cis_qtl_pairs.12.tsv,296079863,97884960,8,328719787550,1526713321
dMean__Epithelial_6_ct_all/OPTIM_pcs/base_output/base/cis_nominal1.cis_qtl_pairs.18.tsv,97277478,32536739,8,328817672652,1634651381
dMean__Epithelial_6_ct_all/OPTIM_pcs/base_output/base/cis_nominal1.cis_qtl_pairs.13.tsv,105519441,35017172,8,328850209533,457308800
dMean__Epithelial_15_r_all/OPTIM_pcs/base_output/base/cis_nominal1.cis_qtl_pairs.3.tsv,270451308,88482096,8,328885226847,3827961870
dMean__Epithelial_15_r_all/OPTIM_pcs/base_output/base/cis_nominal1.cis_qtl_pairs.15.tsv,154867898,51079550,8,328973709084,2706630195
dMean__Epithelial_15_r_all/OPTIM_pcs/base_output/base/cis_nominal1.cis_qtl_pairs.16.tsv,213480926,71465208,8,329024788776,2789558993
dMean__Epithelial_15_r_all/OPTIM_pcs/base_output/base/cis_nominal1.cis_qtl_pairs.4.tsv,198747715,64752632,8,329096254126,3304893848
dMean__Epithelial_15_r_all/OPTIM_pcs/base_output/base/cis_nominal1.cis_qtl_pairs.21.tsv,54520921,18001953,8,329161006899,902076599
dMean__Epithelial_15_r_all/OPTIM_pcs/base_output/base/cis_nominal1.cis_qtl_pairs.7.tsv,245412178,81004456,8,329179008994,2584875351
dMean__Epithelial_15_r_all/OPTIM_pcs/base_output/base/cis_nominal1.cis_qtl_pairs.22.tsv,114603793,37905724,8,329260013591,3109757916
dMean__Epithelial_15_r_all/OPTIM_pcs/base_output/base/cis_nominal1.cis_qtl_pairs.11.tsv,271088904,88717359,8,329297919457,1176286554
dMean__Epithelial_15_r_all/OPTIM_pcs/base_output/base/cis_nominal1.cis_qtl_pairs.6.tsv,336810641,104013615,8,329386636958,4125737217
dMean__Epithelial_15_r_all/OPTIM_pcs/base_output/base/cis_nominal1.cis_qtl_pairs.2.tsv,319859016,105252899,8,329490650714,506225028
dMean__Epithelial_15_r_all/OPTIM_pcs/base_output/base/cis_nominal1.cis_qtl_pairs.17.tsv,276236363,91467439,8,329595903754,2227724280
dMean__Epithelial_15_r_all/OPTIM_pcs/base_output/base/Cis_eqtls_qval.tsv,3022767,1293492,8,329687371335,4072395670
dMean__Epithelial_15_r_all/OPTIM_pcs/base_output/base/cis_nominal1.cis_qtl_pairs.5.tsv,224232848,73600890,8,329688664954,1501396093
dMean__Epithelial_15_r_all/OPTIM_pcs/base_output/base/cis_nominal1.cis_qtl_pairs.9.tsv,198881717,66014780,8,329762265985,4031127861
dMean__Epithelial_15_r_all/OPTIM_pcs/base_output/base/cis_nominal1.cis_qtl_pairs.19.tsv,377264036,124837667,8,329828280906,2167689973
dMean__Epithelial_15_r_all/OPTIM_pcs/base_output/base/cis_nominal1.cis_qtl_pairs.10.tsv,195654347,63512095,8,329953118715,2184299997
dMean__Epithelial_15_r_all/OPTIM_pcs/base_output/base/cis_nominal1.cis_qtl_pairs.8.tsv,173095862,57147708,8,330016630952,2512070341
dMean__Epithelial_15_r_all/OPTIM_pcs/base_output/base/cis_nominal1.cis_qtl_pairs.14.tsv,180105298,59030827,8,330073778801,1085145244
dMean__Epithelial_15_r_all/OPTIM_pcs/base_output/base/cis_nominal1.cis_qtl_pairs.1.tsv,442528541,145222114,8,330132809770,1826500229
dMean__Epithelial_15_r_all/OPTIM_pcs/base_output/base/cis_nominal1.cis_qtl_pairs.20.tsv,135351658,44756181,8,330278032025,474674279
dMean__Epithelial_15_r_all/OPTIM_pcs/base_output/base/Cis_eqtls_independent.tsv,133290,55285,8,330322788348,1082050369
dMean__Epithelial_15_r_all/OPTIM_pcs/base_output/base/cis_nominal1.cis_qtl_pairs.12.tsv,257508388,83685001,8,330322843767,4241038918
dMean__Epithelial_15_r_all/OPTIM_pcs/base_output/base/cis_nominal1.cis_qtl_pairs.18.tsv,79912115,26280950,8,330406528910,2896282233
dMean__Epithelial_15_r_all/OPTIM_pcs/base_output/base/cis_nominal1.cis_qtl_pairs.13.tsv,93855344,30649872,8,330432810002,3089495302
dMean__Myeloid_2_ct_all/OPTIM_pcs/base_output/base/cis_nominal1.cis_qtl_pairs.3.tsv,194984287,64808080,8,330463460016,2543981189
dMean__Myeloid_2_ct_all/OPTIM_pcs/base_output/base/cis_nominal1.cis_qtl_pairs.15.tsv,98600517,32936330,8,330528268234,3422973346
dMean__Myeloid_2_ct_all/OPTIM_pcs/base_output/base/cis_nominal1.cis_qtl_pairs.16.tsv,154388605,52275517,8,330561204703,4014423356
dMean__Myeloid_2_ct_all/OPTIM_pcs/base_output/base/cis_nominal1.cis_qtl_pairs.4.tsv,149428074,49531418,8,330613480359,123258415
dMean__Myeloid_2_ct_all/OPTIM_pcs/base_output/base/cis_nominal1.cis_qtl_pairs.21.tsv,38570301,12920421,8,330663011915,4168049736
dMean__Myeloid_2_ct_all/OPTIM_pcs/base_output/base/cis_nominal1.cis_qtl_pairs.7.tsv,176753278,59251316,8,330675932475,2826388630
dMean__Myeloid_2_ct_all/OPTIM_pcs/base_output/base/cis_nominal1.cis_qtl_pairs.22.tsv,84655029,28363216,8,330735183929,3013296095
dMean__Myeloid_2_ct_all/OPTIM_pcs/base_output/base/cis_nominal1.cis_qtl_pairs.11.tsv,193246524,64106988,8,330763547284,2541992293
dMean__Myeloid_2_ct_all/OPTIM_pcs/base_output/base/cis_nominal1.cis_qtl_pairs.6.tsv,273278489,85703958,8,330827654411,1212986261
dMean__Myeloid_2_ct_all/OPTIM_pcs/base_output/base/cis_nominal1.cis_qtl_pairs.2.tsv,232845031,77899824,8,330913358507,868003151
dMean__Myeloid_2_ct_all/OPTIM_pcs/base_output/base/cis_nominal1.cis_qtl_pairs.17.tsv,203412455,68212796,8,330991258469,2503979579
dMean__Myeloid_2_ct_all/OPTIM_pcs/base_output/base/Cis_eqtls_qval.tsv,2179097,924685,8,331059471404,883978076
dMean__Myeloid_2_ct_all/OPTIM_pcs/base_output/base/cis_nominal1.cis_qtl_pairs.5.tsv,158911453,52958907,8,331060396213,3829466409
dMean__Myeloid_2_ct_all/OPTIM_pcs/base_output/base/cis_nominal1.cis_qtl_pairs.9.tsv,140121941,47139213,8,331113355258,4250872641
dMean__Myeloid_2_ct_all/OPTIM_pcs/base_output/base/cis_nominal1.cis_qtl_pairs.19.tsv,274116868,92130187,8,331160494609,3236138880
dMean__Myeloid_2_ct_all/OPTIM_pcs/base_output/base/cis_nominal1.cis_qtl_pairs.10.tsv,151069836,49822190,8,331252624935,2524611240
dMean__Myeloid_2_ct_all/OPTIM_pcs/base_output/base/cis_nominal1.cis_qtl_pairs.8.tsv,118273172,39608870,8,331302447264,2538686563
dMean__Myeloid_2_ct_all/OPTIM_pcs/base_output/base/cis_nominal1.cis_qtl_pairs.14.tsv,131676914,43803628,8,331342056272,1157155416
dMean__Myeloid_2_ct_all/OPTIM_pcs/base_output/base/cis_nominal1.cis_qtl_pairs.1.tsv,324656325,107962051,8,331385860039,1531230512
dMean__Myeloid_2_ct_all/OPTIM_pcs/base_output/base/cis_nominal1.cis_qtl_pairs.20.tsv,95653160,31986489,8,331493822228,3038751784
dMean__Myeloid_2_ct_all/OPTIM_pcs/base_output/base/Cis_eqtls_independent.tsv,38605,16541,8,331525808856,953280419
dMean__Myeloid_2_ct_all/OPTIM_pcs/base_output/base/cis_nominal1.cis_qtl_pairs.12.tsv,197021072,65045673,8,331525825528,3203634153
dMean__Myeloid_2_ct_all/OPTIM_pcs/base_output/base/cis_nominal1.cis_qtl_pairs.18.tsv,59001818,19682554,8,331590871340,819837089
dMean__Myeloid_2_ct_all/OPTIM_pcs/base_output/base/cis_nominal1.cis_qtl_pairs.13.tsv,72947570,24171285,8,331610554033,3812426469
dMean__Epithelial_2_ct_all/OPTIM_pcs/base_output/base/cis_nominal1.cis_qtl_pairs.3.tsv,354985994,118034900,8,331634725457,3110083622
dMean__Epithelial_2_ct_all/OPTIM_pcs/base_output/base/cis_nominal1.cis_qtl_pairs.15.tsv,212790808,71154609,8,331752760498,1217406791
dMean__Epithelial_2_ct_all/OPTIM_pcs/base_output/base/cis_nominal1.cis_qtl_pairs.16.tsv,312402179,105680490,8,331823915249,1670028026
dMean__Epithelial_2_ct_all/OPTIM_pcs/base_output/base/cis_nominal1.cis_qtl_pairs.4.tsv,267971895,88792416,8,331929595881,2931401996
dMean__Epithelial_2_ct_all/OPTIM_pcs/base_output/base/cis_nominal1.cis_qtl_pairs.21.tsv,82194360,27508597,8,332018388438,93538416
dMean__Epithelial_2_ct_all/OPTIM_pcs/base_output/base/cis_nominal1.cis_qtl_pairs.7.tsv,327024920,109527633,8,332045897177,2283489215
dMean__Epithelial_2_ct_all/OPTIM_pcs/base_output/base/cis_nominal1.cis_qtl_pairs.22.tsv,147257443,49314485,8,332155424951,2492853204
dMean__Epithelial_2_ct_all/OPTIM_pcs/base_output/base/cis_nominal1.cis_qtl_pairs.11.tsv,349748481,115883390,8,332204739578,3760846802
dMean__Epithelial_2_ct_all/OPTIM_pcs/base_output/base/cis_nominal1.cis_qtl_pairs.6.tsv,464612557,146947997,8,332320623110,977197303
dMean__Epithelial_2_ct_all/OPTIM_pcs/base_output/base/cis_nominal1.cis_qtl_pairs.2.tsv,423385577,141394339,8,332467571248,3476105079
dMean__Epithelial_2_ct_all/OPTIM_pcs/base_output/base/cis_nominal1.cis_qtl_pairs.17.tsv,379959861,127237512,8,332608965728,1539259635
dMean__Epithelial_2_ct_all/OPTIM_pcs/base_output/base/Cis_eqtls_qval.tsv,4030811,1740878,8,332736203382,76314257
dMean__Epithelial_2_ct_all/OPTIM_pcs/base_output/base/cis_nominal1.cis_qtl_pairs.5.tsv,299607485,99755111,8,332737944387,4079791291
dMean__Epithelial_2_ct_all/OPTIM_pcs/base_output/base/cis_nominal1.cis_qtl_pairs.9.tsv,257983168,86832014,8,332837699639,2715880977
dMean__Epithelial_2_ct_all/OPTIM_pcs/base_output/base/cis_nominal1.cis_qtl_pairs.19.tsv,492102971,165012322,8,332924531794,4114639686
dMean__Epithelial_2_ct_all/OPTIM_pcs/base_output/base/cis_nominal1.cis_qtl_pairs.10.tsv,266058522,87742508,8,333089544258,2215148741
dMean__Epithelial_2_ct_all/OPTIM_pcs/base_output/base/cis_nominal1.cis_qtl_pairs.8.tsv,234439982,78571213,8,333177286908,3553009894
dMean__Epithelial_2_ct_all/OPTIM_pcs/base_output/base/cis_nominal1.cis_qtl_pairs.14.tsv,238275124,79263688,8,333255858262,548021223
dMean__Epithelial_2_ct_all/OPTIM_pcs/base_output/base/cis_nominal1.cis_qtl_pairs.1.tsv,596076726,198446731,8,333335122092,4093674284
dMean__Epithelial_2_ct_all/OPTIM_pcs/base_output/base/cis_nominal1.cis_qtl_pairs.20.tsv,169570922,56705787,8,333533568964,4138378988
dMean__Epithelial_2_ct_all/OPTIM_pcs/base_output/base/Cis_eqtls_independent.tsv,1507614,617207,8,333590274893,1113408347
dMean__Epithelial_2_ct_all/OPTIM_pcs/base_output/base/cis_nominal1.cis_qtl_pairs.12.tsv,345480979,114118457,8,333590892234,4035474816
dMean__Epithelial_2_ct_all/OPTIM_pcs/base_output/base/cis_nominal1.cis_qtl_pairs.18.tsv,119996957,40064686,8,333705010833,2048262134
dMean__Epithelial_2_ct_all/OPTIM_pcs/base_output/base/cis_nominal1.cis_qtl_pairs.13.tsv,122694078,40712563,8,333745075661,2291667938
dMean__B_8_r_all/OPTIM_pcs/base_output/base/cis_nominal1.cis_qtl_pairs.3.tsv,259187164,81734043,8,333785788366,2371909970
dMean__B_8_r_all/OPTIM_pcs/base_output/base/cis_nominal1.cis_qtl_pairs.15.tsv,143522331,45737426,8,333867522540,1670954916
dMean__B_8_r_all/OPTIM_pcs/base_output/base/cis_nominal1.cis_qtl_pairs.16.tsv,214924463,69642553,8,333913260098,2892964870
dMean__B_8_r_all/OPTIM_pcs/base_output/base/cis_nominal1.cis_qtl_pairs.4.tsv,181881221,57075553,8,333982902783,1039528753
dMean__B_8_r_all/OPTIM_pcs/base_output/base/cis_nominal1.cis_qtl_pairs.21.tsv,53526212,17190358,8,334039978467,3478563619
dMean__B_8_r_all/OPTIM_pcs/base_output/base/cis_nominal1.cis_qtl_pairs.7.tsv,219713757,69870494,8,334057168957,1255616427
dMean__B_8_r_all/OPTIM_pcs/base_output/base/cis_nominal1.cis_qtl_pairs.22.tsv,113213927,36298421,8,334127039582,2560150439
dMean__B_8_r_all/OPTIM_pcs/base_output/base/cis_nominal1.cis_qtl_pairs.11.tsv,246498943,77597601,8,334163338135,4276862782
dMean__B_8_r_all/OPTIM_pcs/base_output/base/cis_nominal1.cis_qtl_pairs.6.tsv,358217723,103308088,8,334240935868,3723109362
dMean__B_8_r_all/OPTIM_pcs/base_output/base/cis_nominal1.cis_qtl_pairs.2.tsv,309909751,98512365,8,334344244087,707820887
dMean__B_8_r_all/OPTIM_pcs/base_output/base/cis_nominal1.cis_qtl_pairs.17.tsv,255218822,81671394,8,334442756583,3824355071
dMean__B_8_r_all/OPTIM_pcs/base_output/base/Cis_eqtls_qval.tsv,2896127,1215322,8,334524428109,4291151181
dMean__B_8_r_all/OPTIM_pcs/base_output/base/cis_nominal1.cis_qtl_pairs.5.tsv,202940629,64177141,8,334525643548,1403249477
dMean__B_8_r_all/OPTIM_pcs/base_output/base/cis_nominal1.cis_qtl_pairs.9.tsv,178075966,57133746,8,334589820820,313915262
dMean__B_8_r_all/OPTIM_pcs/base_output/base/cis_nominal1.cis_qtl_pairs.19.tsv,375004371,120078028,8,334646954697,2455969880
dMean__B_8_r_all/OPTIM_pcs/base_output/base/cis_nominal1.cis_qtl_pairs.10.tsv,180802128,56213236,8,334767032857,4082285928
dMean__B_8_r_all/OPTIM_pcs/base_output/base/cis_nominal1.cis_qtl_pairs.8.tsv,162853608,51805099,8,334823246225,2334766810
dMean__B_8_r_all/OPTIM_pcs/base_output/base/cis_nominal1.cis_qtl_pairs.14.tsv,166746917,52827113,8,334875051455,989506029
dMean__B_8_r_all/OPTIM_pcs/base_output/base/cis_nominal1.cis_qtl_pairs.1.tsv,410364818,129335465,8,334927878700,2483510333
dMean__B_8_r_all/OPTIM_pcs/base_output/base/cis_nominal1.cis_qtl_pairs.20.tsv,117922878,37808450,8,335057214296,567944493
dMean__B_8_r_all/OPTIM_pcs/base_output/base/Cis_eqtls_independent.tsv,5229,2381,8,335095022878,1758239153
dMean__B_8_r_all/OPTIM_pcs/base_output/base/cis_nominal1.cis_qtl_pairs.12.tsv,250873720,78378786,8,335095025383,2192600948
dMean__B_8_r_all/OPTIM_pcs/base_output/base/cis_nominal1.cis_qtl_pairs.18.tsv,71732188,22700553,8,335173404301,4155207459
dMean__B_8_r_all/OPTIM_pcs/base_output/base/cis_nominal1.cis_qtl_pairs.13.tsv,88887243,27926280,8,335196104986,3660254811
dMean__B_0_blood_all/OPTIM_pcs/base_output/base/cis_nominal1.cis_qtl_pairs.3.tsv,307892709,97065622,8,335224031398,4287302279
dMean__B_0_blood_all/OPTIM_pcs/base_output/base/cis_nominal1.cis_qtl_pairs.15.tsv,170059414,54387513,8,335321097155,2030412846
dMean__B_0_blood_all/OPTIM_pcs/base_output/base/cis_nominal1.cis_qtl_pairs.16.tsv,255287044,82812499,8,335375484804,2856152355
dMean__B_0_blood_all/OPTIM_pcs/base_output/base/cis_nominal1.cis_qtl_pairs.4.tsv,233558433,73006258,8,335458297439,1260878603
dMean__B_0_blood_all/OPTIM_pcs/base_output/base/cis_nominal1.cis_qtl_pairs.21.tsv,70714630,22614533,8,335531303832,2309959996
dMean__B_0_blood_all/OPTIM_pcs/base_output/base/cis_nominal1.cis_qtl_pairs.7.tsv,273957166,87068203,8,335553918501,3391821669
dMean__B_0_blood_all/OPTIM_pcs/base_output/base/cis_nominal1.cis_qtl_pairs.22.tsv,135166689,43416368,8,335640986839,324166082
dMean__B_0_blood_all/OPTIM_pcs/base_output/base/cis_nominal1.cis_qtl_pairs.11.tsv,302516686,95147481,8,335684403343,2615880196
dMean__B_0_blood_all/OPTIM_pcs/base_output/base/cis_nominal1.cis_qtl_pairs.6.tsv,419530866,121487700,8,335779550960,1102755607
dMean__B_0_blood_all/OPTIM_pcs/base_output/base/cis_nominal1.cis_qtl_pairs.2.tsv,365762786,116387645,8,335901038795,603045409
dMean__B_0_blood_all/OPTIM_pcs/base_output/base/cis_nominal1.cis_qtl_pairs.17.tsv,319458103,102390325,8,336017426575,3171512353
dMean__B_0_blood_all/OPTIM_pcs/base_output/base/Cis_eqtls_qval.tsv,3503669,1499524,8,336119817036,3186262401
dMean__B_0_blood_all/OPTIM_pcs/base_output/base/cis_nominal1.cis_qtl_pairs.5.tsv,251666140,79480446,8,336121316681,1721612443
dMean__B_0_blood_all/OPTIM_pcs/base_output/base/cis_nominal1.cis_qtl_pairs.9.tsv,215794603,69314761,8,336200797262,1728513369
dMean__B_0_blood_all/OPTIM_pcs/base_output/base/cis_nominal1.cis_qtl_pairs.19.tsv,466344484,149677256,8,336270112158,2620962370
dMean__B_0_blood_all/OPTIM_pcs/base_output/base/cis_nominal1.cis_qtl_pairs.10.tsv,219190378,68323111,8,336419789550,525609473
dMean__B_0_blood_all/OPTIM_pcs/base_output/base/cis_nominal1.cis_qtl_pairs.8.tsv,206657864,65928576,8,336488112797,4110709640
dMean__B_0_blood_all/OPTIM_pcs/base_output/base/cis_nominal1.cis_qtl_pairs.14.tsv,208858640,66211378,8,336554041508,3263020710
dMean__B_0_blood_all/OPTIM_pcs/base_output/base/cis_nominal1.cis_qtl_pairs.1.tsv,507781705,160030465,8,336620253022,3651278376
dMean__B_0_blood_all/OPTIM_pcs/base_output/base/cis_nominal1.cis_qtl_pairs.20.tsv,145093675,46281567,8,336780283622,1223328050
dMean__B_0_blood_all/OPTIM_pcs/base_output/base/Cis_eqtls_independent.tsv,119899,49639,8,336826565325,1763988381
dMean__B_0_blood_all/OPTIM_pcs/base_output/base/cis_nominal1.cis_qtl_pairs.12.tsv,317598997,99435212,8,336826615092,1090162961
dMean__B_0_blood_all/OPTIM_pcs/base_output/base/cis_nominal1.cis_qtl_pairs.18.tsv,96261738,30626404,8,336926050440,464485218
dMean__B_0_blood_all/OPTIM_pcs/base_output/base/cis_nominal1.cis_qtl_pairs.13.tsv,103524966,32498146,8,336956676980,869376079
dMean__Myeloid_10_ct_all/OPTIM_pcs/base_output/base/cis_nominal1.cis_qtl_pairs.3.tsv,225309770,68506224,8,336989175262,2214656002
dMean__Myeloid_10_ct_all/OPTIM_pcs/base_output/base/cis_nominal1.cis_qtl_pairs.15.tsv,115132978,35624162,8,337057681625,3450216687
dMean__Myeloid_10_ct_all/OPTIM_pcs/base_output/base/cis_nominal1.cis_qtl_pairs.16.tsv,181884382,57367765,8,337093305927,2733046704
dMean__Myeloid_10_ct_all/OPTIM_pcs/base_output/base/cis_nominal1.cis_qtl_pairs.4.tsv,167542969,50499868,8,337150673832,1225970919
dMean__Myeloid_10_ct_all/OPTIM_pcs/base_output/base/cis_nominal1.cis_qtl_pairs.21.tsv,47603650,14794566,8,337201173839,3514678590
dMean__Myeloid_10_ct_all/OPTIM_pcs/base_output/base/cis_nominal1.cis_qtl_pairs.7.tsv,203488636,62529906,8,337215968545,3440773826
dMean__Myeloid_10_ct_all/OPTIM_pcs/base_output/base/cis_nominal1.cis_qtl_pairs.22.tsv,95492052,29761353,8,337278498590,372671866
dMean__Myeloid_10_ct_all/OPTIM_pcs/base_output/base/cis_nominal1.cis_qtl_pairs.11.tsv,222430383,67698986,8,337308260083,3871722138
dMean__Myeloid_10_ct_all/OPTIM_pcs/base_output/base/cis_nominal1.cis_qtl_pairs.6.tsv,296251970,80753397,8,337375959209,1481062692
dMean__Myeloid_10_ct_all/OPTIM_pcs/base_output/base/cis_nominal1.cis_qtl_pairs.2.tsv,261859897,80646203,8,337456712745,3612708790
dMean__Myeloid_10_ct_all/OPTIM_pcs/base_output/base/cis_nominal1.cis_qtl_pairs.17.tsv,236468138,73838879,8,337537359087,2213341970
dMean__Myeloid_10_ct_all/OPTIM_pcs/base_output/base/Cis_eqtls_qval.tsv,2516681,1053252,8,337611198106,2468983997
dMean__Myeloid_10_ct_all/OPTIM_pcs/base_output/base/cis_nominal1.cis_qtl_pairs.5.tsv,180449620,55049738,8,337612251483,3153277882
dMean__Myeloid_10_ct_all/OPTIM_pcs/base_output/base/cis_nominal1.cis_qtl_pairs.9.tsv,161978551,50360225,8,337667301360,1859382820
dMean__Myeloid_10_ct_all/OPTIM_pcs/base_output/base/cis_nominal1.cis_qtl_pairs.19.tsv,335729022,104413441,8,337717661724,1565677250
dMean__Myeloid_10_ct_all/OPTIM_pcs/base_output/base/cis_nominal1.cis_qtl_pairs.10.tsv,161441038,48469796,8,337822075305,1608369809
dMean__Myeloid_10_ct_all/OPTIM_pcs/base_output/base/cis_nominal1.cis_qtl_pairs.8.tsv,135821627,41648324,8,337870545241,1784479594
dMean__Myeloid_10_ct_all/OPTIM_pcs/base_output/base/cis_nominal1.cis_qtl_pairs.14.tsv,146373616,44745296,8,337912193704,728683670
dMean__Myeloid_10_ct_all/OPTIM_pcs/base_output/base/cis_nominal1.cis_qtl_pairs.1.tsv,369144002,112204498,8,337956939140,3121180161
dMean__Myeloid_10_ct_all/OPTIM_pcs/base_output/base/cis_nominal1.cis_qtl_pairs.20.tsv,113435251,35095895,8,338069143777,2411951489
dMean__Myeloid_10_ct_all/OPTIM_pcs/base_output/base/Cis_eqtls_independent.tsv,4402,2032,8,338104239812,3003437504
dMean__Myeloid_10_ct_all/OPTIM_pcs/base_output/base/cis_nominal1.cis_qtl_pairs.12.tsv,223841653,67481321,8,338104241976,4281658549
dMean__Myeloid_10_ct_all/OPTIM_pcs/base_output/base/cis_nominal1.cis_qtl_pairs.18.tsv,66652379,20518430,8,338171723437,180344113
dMean__Myeloid_10_ct_all/OPTIM_pcs/base_output/base/cis_nominal1.cis_qtl_pairs.13.tsv,79957144,24223925,8,338192242007,4231182080
dMean__Enterocyte_ti_all/OPTIM_pcs/base_output/base/cis_nominal1.cis_qtl_pairs.3.tsv,391343774,129622070,8,338216466072,3487371914
dMean__Enterocyte_ti_all/OPTIM_pcs/base_output/base/cis_nominal1.cis_qtl_pairs.15.tsv,234803503,78302437,8,338346088281,3501073556
dMean__Enterocyte_ti_all/OPTIM_pcs/base_output/base/cis_nominal1.cis_qtl_pairs.16.tsv,339593309,114558703,8,338424390858,3416306397
dMean__Enterocyte_ti_all/OPTIM_pcs/base_output/base/cis_nominal1.cis_qtl_pairs.4.tsv,295316327,97489193,8,338538949701,3507670986
dMean__Enterocyte_ti_all/OPTIM_pcs/base_output/base/cis_nominal1.cis_qtl_pairs.21.tsv,92548226,30900588,8,338636439033,3832632860
dMean__Enterocyte_ti_all/OPTIM_pcs/base_output/base/cis_nominal1.cis_qtl_pairs.7.tsv,358537996,119672295,8,338667339761,2478787537
dMean__Enterocyte_ti_all/OPTIM_pcs/base_output/base/cis_nominal1.cis_qtl_pairs.22.tsv,163694215,54671147,8,338787012195,1903917576
dMean__Enterocyte_ti_all/OPTIM_pcs/base_output/base/cis_nominal1.cis_qtl_pairs.11.tsv,388097754,128150638,8,338841683482,3307719048
dMean__Enterocyte_ti_all/OPTIM_pcs/base_output/base/cis_nominal1.cis_qtl_pairs.6.tsv,509989722,160185323,8,338969834260,2561148310
dMean__Enterocyte_ti_all/OPTIM_pcs/base_output/base/cis_nominal1.cis_qtl_pairs.2.tsv,462273375,153878125,8,339130019722,1571589019
dMean__Enterocyte_ti_all/OPTIM_pcs/base_output/base/cis_nominal1.cis_qtl_pairs.17.tsv,417557105,139402432,8,339283897986,3212216300
dMean__Enterocyte_ti_all/OPTIM_pcs/base_output/base/Cis_eqtls_qval.tsv,4436067,1913996,8,339423300558,1268516576
dMean__Enterocyte_ti_all/OPTIM_pcs/base_output/base/cis_nominal1.cis_qtl_pairs.5.tsv,332051744,110202915,8,339425214679,3811673606
dMean__Enterocyte_ti_all/OPTIM_pcs/base_output/base/cis_nominal1.cis_qtl_pairs.9.tsv,277081447,92960749,8,339535417733,1646463208
dMean__Enterocyte_ti_all/OPTIM_pcs/base_output/base/cis_nominal1.cis_qtl_pairs.19.tsv,542788209,181517271,8,339628378621,1190086621
dMean__Enterocyte_ti_all/OPTIM_pcs/base_output/base/cis_nominal1.cis_qtl_pairs.10.tsv,292140788,95961974,8,339809896032,3975918119
dMean__Enterocyte_ti_all/OPTIM_pcs/base_output/base/cis_nominal1.cis_qtl_pairs.8.tsv,266280855,88935626,8,339905858146,987897416
dMean__Enterocyte_ti_all/OPTIM_pcs/base_output/base/cis_nominal1.cis_qtl_pairs.14.tsv,261138081,86569691,8,339994793911,4103205236
dMean__Enterocyte_ti_all/OPTIM_pcs/base_output/base/cis_nominal1.cis_qtl_pairs.1.tsv,647819265,214943394,8,340081363742,4129006597
dMean__Enterocyte_ti_all/OPTIM_pcs/base_output/base/cis_nominal1.cis_qtl_pairs.20.tsv,183036013,61031270,8,340296307275,3883587690
dMean__Enterocyte_ti_all/OPTIM_pcs/base_output/base/Cis_eqtls_independent.tsv,2069137,846187,8,340357338685,4129478259
dMean__Enterocyte_ti_all/OPTIM_pcs/base_output/base/cis_nominal1.cis_qtl_pairs.12.tsv,385932970,127022654,8,340358185004,253013579
dMean__Enterocyte_ti_all/OPTIM_pcs/base_output/base/cis_nominal1.cis_qtl_pairs.18.tsv,132835944,44200341,8,340485207798,2952052317
dMean__Enterocyte_ti_all/OPTIM_pcs/base_output/base/cis_nominal1.cis_qtl_pairs.13.tsv,136475211,45122027,8,340529408279,2138058255
dMean__T_0_ti_all/OPTIM_pcs/base_output/base/cis_nominal1.cis_qtl_pairs.3.tsv,238941543,77559052,8,340574530446,1483944743
dMean__T_0_ti_all/OPTIM_pcs/base_output/base/cis_nominal1.cis_qtl_pairs.15.tsv,132293560,43383611,8,340652089630,554211205
dMean__T_0_ti_all/OPTIM_pcs/base_output/base/cis_nominal1.cis_qtl_pairs.16.tsv,201763039,67107624,8,340695473374,1949535109
dMean__T_0_ti_all/OPTIM_pcs/base_output/base/cis_nominal1.cis_qtl_pairs.4.tsv,165564369,53595287,8,340762581131,2558189418
dMean__T_0_ti_all/OPTIM_pcs/base_output/base/cis_nominal1.cis_qtl_pairs.21.tsv,54774920,17979775,8,340816176550,1348239098
dMean__T_0_ti_all/OPTIM_pcs/base_output/base/cis_nominal1.cis_qtl_pairs.7.tsv,217231646,71111799,8,340834156458,2788704846
dMean__T_0_ti_all/OPTIM_pcs/base_output/base/cis_nominal1.cis_qtl_pairs.22.tsv,105593959,34701290,8,340905268389,536799592
dMean__T_0_ti_all/OPTIM_pcs/base_output/base/cis_nominal1.cis_qtl_pairs.11.tsv,245284576,79463628,8,340939969812,2861961132
dMean__T_0_ti_all/OPTIM_pcs/base_output/base/cis_nominal1.cis_qtl_pairs.6.tsv,325515428,98446992,8,341019433573,1530550500
dMean__T_0_ti_all/OPTIM_pcs/base_output/base/cis_nominal1.cis_qtl_pairs.2.tsv,290074268,94806799,8,341117880697,3387527226
dMean__T_0_ti_all/OPTIM_pcs/base_output/base/cis_nominal1.cis_qtl_pairs.17.tsv,262048570,86059707,8,341212687628,3980100538
dMean__T_0_ti_all/OPTIM_pcs/base_output/base/Cis_eqtls_qval.tsv,2748481,1173160,8,341298747468,3406280476
dMean__T_0_ti_all/OPTIM_pcs/base_output/base/cis_nominal1.cis_qtl_pairs.5.tsv,196640989,64033336,8,341299920746,3074273007
dMean__T_0_ti_all/OPTIM_pcs/base_output/base/cis_nominal1.cis_qtl_pairs.9.tsv,167288217,55133332,8,341363954214,2385642974
dMean__T_0_ti_all/OPTIM_pcs/base_output/base/cis_nominal1.cis_qtl_pairs.19.tsv,374779740,123092578,8,341419087678,2683955256
dMean__T_0_ti_all/OPTIM_pcs/base_output/base/cis_nominal1.cis_qtl_pairs.10.tsv,177653932,57204051,8,341542180389,492810593
dMean__T_0_ti_all/OPTIM_pcs/base_output/base/cis_nominal1.cis_qtl_pairs.8.tsv,149010000,48834967,8,341599384573,2633593505
dMean__T_0_ti_all/OPTIM_pcs/base_output/base/cis_nominal1.cis_qtl_pairs.14.tsv,172835638,56228623,8,341648219672,1836602475
dMean__T_0_ti_all/OPTIM_pcs/base_output/base/cis_nominal1.cis_qtl_pairs.1.tsv,395292780,128567352,8,341704448428,2136183909
dMean__T_0_ti_all/OPTIM_pcs/base_output/base/cis_nominal1.cis_qtl_pairs.20.tsv,123229566,40456059,8,341833015912,2030416312
dMean__T_0_ti_all/OPTIM_pcs/base_output/base/Cis_eqtls_independent.tsv,62630,26516,8,341873472104,2626193428
dMean__T_0_ti_all/OPTIM_pcs/base_output/base/cis_nominal1.cis_qtl_pairs.12.tsv,246793149,79554974,8,341873498745,1897425059
dMean__T_0_ti_all/OPTIM_pcs/base_output/base/cis_nominal1.cis_qtl_pairs.18.tsv,72869640,23791649,8,341953053852,3523145166
dMean__T_0_ti_all/OPTIM_pcs/base_output/base/cis_nominal1.cis_qtl_pairs.13.tsv,87008134,28171760,8,341976845634,2455799565
dMean__T_16_r_all/OPTIM_pcs/base_output/base/cis_nominal1.cis_qtl_pairs.3.tsv,175940613,56414487,8,342005017527,2086064164
dMean__T_16_r_all/OPTIM_pcs/base_output/base/cis_nominal1.cis_qtl_pairs.15.tsv,96109741,31107313,8,342061432146,57916560
dMean__T_16_r_all/OPTIM_pcs/base_output/base/cis_nominal1.cis_qtl_pairs.16.tsv,124629472,41142807,8,342092539592,1242451146
dMean__T_16_r_all/OPTIM_pcs/base_output/base/cis_nominal1.cis_qtl_pairs.4.tsv,127195878,40644951,8,342133682532,2424509815
dMean__T_16_r_all/OPTIM_pcs/base_output/base/cis_nominal1.cis_qtl_pairs.21.tsv,37343513,12142527,8,342174327615,3022933284
dMean__T_16_r_all/OPTIM_pcs/base_output/base/cis_nominal1.cis_qtl_pairs.7.tsv,153103390,49629102,8,342186470275,1271080914
dMean__T_16_r_all/OPTIM_pcs/base_output/base/cis_nominal1.cis_qtl_pairs.22.tsv,70391821,22921808,8,342236099509,3471600230
dMean__T_16_r_all/OPTIM_pcs/base_output/base/cis_nominal1.cis_qtl_pairs.11.tsv,164130645,52660201,8,342259021450,2583949899
dMean__T_16_r_all/OPTIM_pcs/base_output/base/cis_nominal1.cis_qtl_pairs.6.tsv,235957753,71020243,8,342311681784,2898233049
dMean__T_16_r_all/OPTIM_pcs/base_output/base/cis_nominal1.cis_qtl_pairs.2.tsv,215414380,69783238,8,342382702159,1738449978
dMean__T_16_r_all/OPTIM_pcs/base_output/base/cis_nominal1.cis_qtl_pairs.17.tsv,166003228,53957419,8,342452485529,4046638289
dMean__T_16_r_all/OPTIM_pcs/base_output/base/Cis_eqtls_qval.tsv,1917430,791605,8,342506443081,1938856140
dMean__T_16_r_all/OPTIM_pcs/base_output/base/cis_nominal1.cis_qtl_pairs.5.tsv,144962272,46640382,8,342507234804,378783575
dMean__T_16_r_all/OPTIM_pcs/base_output/base/cis_nominal1.cis_qtl_pairs.9.tsv,121885585,39805105,8,342553875318,2526309481
dMean__T_16_r_all/OPTIM_pcs/base_output/base/cis_nominal1.cis_qtl_pairs.19.tsv,222804993,72474919,8,342593680555,3572887029
dMean__T_16_r_all/OPTIM_pcs/base_output/base/cis_nominal1.cis_qtl_pairs.10.tsv,130361158,41514101,8,342666155607,3184269376
dMean__T_16_r_all/OPTIM_pcs/base_output/base/cis_nominal1.cis_qtl_pairs.8.tsv,104448355,33767664,8,342707669841,2542730287
dMean__T_16_r_all/OPTIM_pcs/base_output/base/cis_nominal1.cis_qtl_pairs.14.tsv,117274277,37767331,8,342741437637,4248429115
dMean__T_16_r_all/OPTIM_pcs/base_output/base/cis_nominal1.cis_qtl_pairs.1.tsv,284314813,91385882,8,342779205101,2480970139
dMean__T_16_r_all/OPTIM_pcs/base_output/base/cis_nominal1.cis_qtl_pairs.20.tsv,84727410,27537139,8,342870591115,2116362469
dMean__T_16_r_all/OPTIM_pcs/base_output/base/Cis_eqtls_independent.tsv,4814,2208,8,342898128387,2551933641
dMean__T_16_r_all/OPTIM_pcs/base_output/base/cis_nominal1.cis_qtl_pairs.12.tsv,171432015,54623610,8,342898130720,4158306932
dMean__T_16_r_all/OPTIM_pcs/base_output/base/cis_nominal1.cis_qtl_pairs.18.tsv,52674971,17014335,8,342952754463,4161021691
dMean__T_16_r_all/OPTIM_pcs/base_output/base/cis_nominal1.cis_qtl_pairs.13.tsv,65374545,20918003,8,342969768931,4002195269
dMean__T_4_ct_all/OPTIM_pcs/base_output/base/cis_nominal1.cis_qtl_pairs.3.tsv,255798787,85225050,8,342990687067,1209207458
dMean__T_4_ct_all/OPTIM_pcs/base_output/base/cis_nominal1.cis_qtl_pairs.15.tsv,141742898,47466578,8,343075912249,2642741220
dMean__T_4_ct_all/OPTIM_pcs/base_output/base/cis_nominal1.cis_qtl_pairs.16.tsv,204377335,69331062,8,343123378960,3749203888
dMean__T_4_ct_all/OPTIM_pcs/base_output/base/cis_nominal1.cis_qtl_pairs.4.tsv,184368243,61466083,8,343192710155,146565580
dMean__T_4_ct_all/OPTIM_pcs/base_output/base/cis_nominal1.cis_qtl_pairs.21.tsv,54789565,18373951,8,343254176370,3722095581
dMean__T_4_ct_all/OPTIM_pcs/base_output/base/cis_nominal1.cis_qtl_pairs.7.tsv,228163431,76539889,8,343272550454,1531000320
dMean__T_4_ct_all/OPTIM_pcs/base_output/base/cis_nominal1.cis_qtl_pairs.22.tsv,112488867,37789849,8,343349090475,1165495343
dMean__T_4_ct_all/OPTIM_pcs/base_output/base/cis_nominal1.cis_qtl_pairs.11.tsv,253340987,84253700,8,343386880457,2710275035
dMean__T_4_ct_all/OPTIM_pcs/base_output/base/cis_nominal1.cis_qtl_pairs.6.tsv,352769472,111926280,8,343471134290,3727651696
dMean__T_4_ct_all/OPTIM_pcs/base_output/base/cis_nominal1.cis_qtl_pairs.2.tsv,304814636,102167763,8,343583060702,827380306
dMean__T_4_ct_all/OPTIM_pcs/base_output/base/cis_nominal1.cis_qtl_pairs.17.tsv,276698330,92856495,8,343685228597,3807924119
dMean__T_4_ct_all/OPTIM_pcs/base_output/base/Cis_eqtls_qval.tsv,2900348,1243553,8,343778085225,1906848724
dMean__T_4_ct_all/OPTIM_pcs/base_output/base/cis_nominal1.cis_qtl_pairs.5.tsv,213229044,71231004,8,343779328896,628372303
dMean__T_4_ct_all/OPTIM_pcs/base_output/base/cis_nominal1.cis_qtl_pairs.9.tsv,176563893,59600893,8,343850560032,19228155
dMean__T_4_ct_all/OPTIM_pcs/base_output/base/cis_nominal1.cis_qtl_pairs.19.tsv,382410280,128444397,8,343910161057,1151148659
dMean__T_4_ct_all/OPTIM_pcs/base_output/base/cis_nominal1.cis_qtl_pairs.10.tsv,185753341,61471694,8,344038605587,4107850551
dMean__T_4_ct_all/OPTIM_pcs/base_output/base/cis_nominal1.cis_qtl_pairs.8.tsv,158560803,53262207,8,344100077414,1928619319
dMean__T_4_ct_all/OPTIM_pcs/base_output/base/cis_nominal1.cis_qtl_pairs.14.tsv,177351762,59184096,8,344153339753,487100950
dMean__T_4_ct_all/OPTIM_pcs/base_output/base/cis_nominal1.cis_qtl_pairs.1.tsv,424301074,141691292,8,344212523982,12489803
dMean__T_4_ct_all/OPTIM_pcs/base_output/base/cis_nominal1.cis_qtl_pairs.20.tsv,125368306,42059040,8,344354215406,1148774874
dMean__T_4_ct_all/OPTIM_pcs/base_output/base/Cis_eqtls_independent.tsv,133907,55585,8,344396274579,2161889491
dMean__T_4_ct_all/OPTIM_pcs/base_output/base/cis_nominal1.cis_qtl_pairs.12.tsv,270877795,89666783,8,344396330289,1508942685
dMean__T_4_ct_all/OPTIM_pcs/base_output/base/cis_nominal1.cis_qtl_pairs.18.tsv,78559380,26331829,8,344485997205,481750133
dMean__T_4_ct_all/OPTIM_pcs/base_output/base/cis_nominal1.cis_qtl_pairs.13.tsv,89661893,29840974,8,344512329167,2883090024
dMean__Epithelial_24_r_all/OPTIM_pcs/base_output/base/cis_nominal1.cis_qtl_pairs.3.tsv,265034261,87264678,8,344542170274,2476879773
dMean__Epithelial_24_r_all/OPTIM_pcs/base_output/base/cis_nominal1.cis_qtl_pairs.15.tsv,152455213,50551623,8,344629435093,545206586
dMean__Epithelial_24_r_all/OPTIM_pcs/base_output/base/cis_nominal1.cis_qtl_pairs.16.tsv,218434829,73457627,8,344679986858,2270178911
dMean__Epithelial_24_r_all/OPTIM_pcs/base_output/base/cis_nominal1.cis_qtl_pairs.4.tsv,205855980,67492445,8,344753444627,2177077949
dMean__Epithelial_24_r_all/OPTIM_pcs/base_output/base/cis_nominal1.cis_qtl_pairs.21.tsv,53541061,17766210,8,344820937213,2515934666
dMean__Epithelial_24_r_all/OPTIM_pcs/base_output/base/cis_nominal1.cis_qtl_pairs.7.tsv,239597000,79513094,8,344838703565,1938112216
dMean__Epithelial_24_r_all/OPTIM_pcs/base_output/base/cis_nominal1.cis_qtl_pairs.22.tsv,105458634,35057458,8,344918216800,1593468979
dMean__Epithelial_24_r_all/OPTIM_pcs/base_output/base/cis_nominal1.cis_qtl_pairs.11.tsv,267356940,88012652,8,344953274400,276387219
dMean__Epithelial_24_r_all/OPTIM_pcs/base_output/base/cis_nominal1.cis_qtl_pairs.6.tsv,334878613,104387712,8,345041287194,2706082895
dMean__Epithelial_24_r_all/OPTIM_pcs/base_output/base/cis_nominal1.cis_qtl_pairs.2.tsv,312848157,103611667,8,345145675047,1639247734
dMean__Epithelial_24_r_all/OPTIM_pcs/base_output/base/cis_nominal1.cis_qtl_pairs.17.tsv,272831489,90718005,8,345249286855,320481698
dMean__Epithelial_24_r_all/OPTIM_pcs/base_output/base/Cis_eqtls_qval.tsv,2962758,1271590,8,345340005002,1677448953
dMean__Epithelial_24_r_all/OPTIM_pcs/base_output/base/cis_nominal1.cis_qtl_pairs.5.tsv,210437494,69475580,8,345341276719,1810186239
dMean__Epithelial_24_r_all/OPTIM_pcs/base_output/base/cis_nominal1.cis_qtl_pairs.9.tsv,195325489,65228866,8,345410752440,3576761337
dMean__Epithelial_24_r_all/OPTIM_pcs/base_output/base/cis_nominal1.cis_qtl_pairs.19.tsv,368246939,122444280,8,345475981447,2458837727
dMean__Epithelial_24_r_all/OPTIM_pcs/base_output/base/cis_nominal1.cis_qtl_pairs.10.tsv,194433644,63450151,8,345598425869,167936033
dMean__Epithelial_24_r_all/OPTIM_pcs/base_output/base/cis_nominal1.cis_qtl_pairs.8.tsv,168992595,56114379,8,345661876162,3845998772
dMean__Epithelial_24_r_all/OPTIM_pcs/base_output/base/cis_nominal1.cis_qtl_pairs.14.tsv,183120809,60362620,8,345717990682,2955485030
dMean__Epithelial_24_r_all/OPTIM_pcs/base_output/base/cis_nominal1.cis_qtl_pairs.1.tsv,436059544,144064073,8,345778353444,132515687
dMean__Epithelial_24_r_all/OPTIM_pcs/base_output/base/cis_nominal1.cis_qtl_pairs.20.tsv,131672795,43755954,8,345922417658,3483123399
dMean__Epithelial_24_r_all/OPTIM_pcs/base_output/base/Cis_eqtls_independent.tsv,214224,88566,8,345966173754,4292861896
dMean__Epithelial_24_r_all/OPTIM_pcs/base_output/base/cis_nominal1.cis_qtl_pairs.12.tsv,246298008,80573676,8,345966262454,3558098224
dMean__Epithelial_24_r_all/OPTIM_pcs/base_output/base/cis_nominal1.cis_qtl_pairs.18.tsv,73431998,24305865,8,346046836272,2949064548
dMean__Epithelial_24_r_all/OPTIM_pcs/base_output/base/cis_nominal1.cis_qtl_pairs.13.tsv,92471622,30413607,8,346071142279,1915188084
dMean__B_1_ti_all/OPTIM_pcs/base_output/base/cis_nominal1.cis_qtl_pairs.3.tsv,301200838,100048114,8,346101556028,43125421
dMean__B_1_ti_all/OPTIM_pcs/base_output/base/cis_nominal1.cis_qtl_pairs.15.tsv,164584254,54992469,8,346201604274,1285678413
dMean__B_1_ti_all/OPTIM_pcs/base_output/base/cis_nominal1.cis_qtl_pairs.16.tsv,247537073,83803507,8,346256596876,2303915721
dMean__B_1_ti_all/OPTIM_pcs/base_output/base/cis_nominal1.cis_qtl_pairs.4.tsv,219856409,73039165,8,346340400516,1917620005
dMean__B_1_ti_all/OPTIM_pcs/base_output/base/cis_nominal1.cis_qtl_pairs.21.tsv,68938637,23073765,8,346413439813,3418677208
dMean__B_1_ti_all/OPTIM_pcs/base_output/base/cis_nominal1.cis_qtl_pairs.7.tsv,265383000,88823902,8,346436513711,2641888344
dMean__B_1_ti_all/OPTIM_pcs/base_output/base/cis_nominal1.cis_qtl_pairs.22.tsv,142391764,47709214,8,346525337745,3972458624
dMean__B_1_ti_all/OPTIM_pcs/base_output/base/cis_nominal1.cis_qtl_pairs.11.tsv,290986888,96526576,8,346573047092,4136239388
dMean__B_1_ti_all/OPTIM_pcs/base_output/base/cis_nominal1.cis_qtl_pairs.6.tsv,399682784,126785246,8,346669573801,1037344293
dMean__B_1_ti_all/OPTIM_pcs/base_output/base/cis_nominal1.cis_qtl_pairs.2.tsv,352176640,117776522,8,346796359179,1810970682
dMean__B_1_ti_all/OPTIM_pcs/base_output/base/cis_nominal1.cis_qtl_pairs.17.tsv,310793259,104081328,8,346914135833,1745503604
dMean__B_1_ti_all/OPTIM_pcs/base_output/base/Cis_eqtls_qval.tsv,3388730,1458879,8,347018217294,2617476842
dMean__B_1_ti_all/OPTIM_pcs/base_output/base/cis_nominal1.cis_qtl_pairs.5.tsv,250328464,83404199,8,347019676291,3772241833
dMean__B_1_ti_all/OPTIM_pcs/base_output/base/cis_nominal1.cis_qtl_pairs.9.tsv,210084006,70725382,8,347103080622,2457371959
dMean__B_1_ti_all/OPTIM_pcs/base_output/base/cis_nominal1.cis_qtl_pairs.19.tsv,430724480,144448465,8,347173806136,3307350480
dMean__B_1_ti_all/OPTIM_pcs/base_output/base/cis_nominal1.cis_qtl_pairs.10.tsv,207694664,68565202,8,347318254734,210643988
dMean__B_1_ti_all/OPTIM_pcs/base_output/base/cis_nominal1.cis_qtl_pairs.8.tsv,192944661,64620914,8,347386820069,775701581
dMean__B_1_ti_all/OPTIM_pcs/base_output/base/cis_nominal1.cis_qtl_pairs.14.tsv,209361429,69656321,8,347451441115,1676125880
dMean__B_1_ti_all/OPTIM_pcs/base_output/base/cis_nominal1.cis_qtl_pairs.1.tsv,495858534,165099287,8,347521097569,1052173645
dMean__B_1_ti_all/OPTIM_pcs/base_output/base/cis_nominal1.cis_qtl_pairs.20.tsv,146987808,49213180,8,347686196988,1584938926
dMean__B_1_ti_all/OPTIM_pcs/base_output/base/Cis_eqtls_independent.tsv,352429,145018,8,347735410301,2270079093
dMean__B_1_ti_all/OPTIM_pcs/base_output/base/cis_nominal1.cis_qtl_pairs.12.tsv,317991002,105072380,8,347735555444,3575986281
dMean__B_1_ti_all/OPTIM_pcs/base_output/base/cis_nominal1.cis_qtl_pairs.18.tsv,84019611,28027867,8,347840627957,2115742657
dMean__B_1_ti_all/OPTIM_pcs/base_output/base/cis_nominal1.cis_qtl_pairs.13.tsv,98376569,32620680,8,347868655957,1577766246
dMean__T_13_r_all/OPTIM_pcs/base_output/base/cis_nominal1.cis_qtl_pairs.3.tsv,168974662,52501198,8,347901276770,2806692138
dMean__T_13_r_all/OPTIM_pcs/base_output/base/cis_nominal1.cis_qtl_pairs.15.tsv,83674628,26416500,8,347953778100,1400843024
dMean__T_13_r_all/OPTIM_pcs/base_output/base/cis_nominal1.cis_qtl_pairs.16.tsv,109780387,35331472,8,347980194733,414767345
dMean__T_13_r_all/OPTIM_pcs/base_output/base/cis_nominal1.cis_qtl_pairs.4.tsv,121872607,37646242,8,348015526338,1040899964
dMean__T_13_r_all/OPTIM_pcs/base_output/base/cis_nominal1.cis_qtl_pairs.21.tsv,34258271,10863024,8,348053172712,1198142392
dMean__T_13_r_all/OPTIM_pcs/base_output/base/cis_nominal1.cis_qtl_pairs.7.tsv,143359076,45042007,8,348064035869,1270567133
dMean__T_13_r_all/OPTIM_pcs/base_output/base/cis_nominal1.cis_qtl_pairs.22.tsv,63197791,20098347,8,348109078008,4103294908
dMean__T_13_r_all/OPTIM_pcs/base_output/base/cis_nominal1.cis_qtl_pairs.11.tsv,151397811,47171699,8,348129176488,2186108911
dMean__T_13_r_all/OPTIM_pcs/base_output/base/cis_nominal1.cis_qtl_pairs.6.tsv,216686572,61913262,8,348176348320,4263034789
dMean__T_13_r_all/OPTIM_pcs/base_output/base/cis_nominal1.cis_qtl_pairs.2.tsv,200465763,63129590,8,348238261714,2452677207
dMean__T_13_r_all/OPTIM_pcs/base_output/base/cis_nominal1.cis_qtl_pairs.17.tsv,146219671,46415488,8,348301391436,3182343921
dMean__T_13_r_all/OPTIM_pcs/base_output/base/Cis_eqtls_qval.tsv,1765996,720358,8,348347807057,2500052240
dMean__T_13_r_all/OPTIM_pcs/base_output/base/cis_nominal1.cis_qtl_pairs.5.tsv,137328192,42862016,8,348348527533,1729530400
dMean__T_13_r_all/OPTIM_pcs/base_output/base/cis_nominal1.cis_qtl_pairs.9.tsv,110564605,35089489,8,348391389681,2961821864
dMean__T_13_r_all/OPTIM_pcs/base_output/base/cis_nominal1.cis_qtl_pairs.19.tsv,200419419,63383200,8,348426479302,3646822912
dMean__T_13_r_all/OPTIM_pcs/base_output/base/cis_nominal1.cis_qtl_pairs.10.tsv,125480765,38693078,8,348489862635,2360238082
dMean__T_13_r_all/OPTIM_pcs/base_output/base/cis_nominal1.cis_qtl_pairs.8.tsv,96472415,30348200,8,348528555846,2212747519
dMean__T_13_r_all/OPTIM_pcs/base_output/base/cis_nominal1.cis_qtl_pairs.14.tsv,110005998,34312781,8,348558904178,2088760462
dMean__T_13_r_all/OPTIM_pcs/base_output/base/cis_nominal1.cis_qtl_pairs.1.tsv,253861634,79091083,8,348593217092,3926041839
dMean__T_13_r_all/OPTIM_pcs/base_output/base/cis_nominal1.cis_qtl_pairs.20.tsv,76111865,24162942,8,348672308307,2346204498
dMean__T_13_r_all/OPTIM_pcs/base_output/base/Cis_eqtls_independent.tsv,809,449,8,348696471382,616279016
dMean__T_13_r_all/OPTIM_pcs/base_output/base/cis_nominal1.cis_qtl_pairs.12.tsv,157788271,48567531,8,348696471956,3834955622
dMean__T_13_r_all/OPTIM_pcs/base_output/base/cis_nominal1.cis_qtl_pairs.18.tsv,49935903,15715548,8,348745039620,4270279539
dMean__T_13_r_all/OPTIM_pcs/base_output/base/cis_nominal1.cis_qtl_pairs.13.tsv,63594563,19789933,8,348760755301,3679612130
dMean__B_blood_all/OPTIM_pcs/base_output/base/cis_nominal1.cis_qtl_pairs.3.tsv,334267079,105902005,8,348780545367,1929606459
dMean__B_blood_all/OPTIM_pcs/base_output/base/cis_nominal1.cis_qtl_pairs.15.tsv,189614650,60923103,8,348886447505,1904114241
dMean__B_blood_all/OPTIM_pcs/base_output/base/cis_nominal1.cis_qtl_pairs.16.tsv,287633701,93714150,8,348947370742,2185703362
dMean__B_blood_all/OPTIM_pcs/base_output/base/cis_nominal1.cis_qtl_pairs.4.tsv,248463450,78134914,8,349041085026,2606999907
dMean__B_blood_all/OPTIM_pcs/base_output/base/cis_nominal1.cis_qtl_pairs.21.tsv,75562128,24278379,8,349119220073,509885130
dMean__B_blood_all/OPTIM_pcs/base_output/base/cis_nominal1.cis_qtl_pairs.7.tsv,293015388,93652909,8,349143498586,216976340
dMean__B_blood_all/OPTIM_pcs/base_output/base/cis_nominal1.cis_qtl_pairs.22.tsv,147814471,47681518,8,349237151628,1204889249
dMean__B_blood_all/OPTIM_pcs/base_output/base/cis_nominal1.cis_qtl_pairs.11.tsv,325797398,103081902,8,349284833280,93948387
dMean__B_blood_all/OPTIM_pcs/base_output/base/cis_nominal1.cis_qtl_pairs.6.tsv,451415080,132192393,8,349387915316,3071616806
dMean__B_blood_all/OPTIM_pcs/base_output/base/cis_nominal1.cis_qtl_pairs.2.tsv,391128638,125133552,8,349520107842,1638352356
dMean__B_blood_all/OPTIM_pcs/base_output/base/cis_nominal1.cis_qtl_pairs.17.tsv,347208775,111856755,8,349645241527,3903141407
dMean__B_blood_all/OPTIM_pcs/base_output/base/Cis_eqtls_qval.tsv,3840474,1646964,8,349757098416,1458704392
dMean__B_blood_all/OPTIM_pcs/base_output/base/cis_nominal1.cis_qtl_pairs.5.tsv,283195192,89994930,8,349758745499,3277113462
dMean__B_blood_all/OPTIM_pcs/base_output/base/cis_nominal1.cis_qtl_pairs.9.tsv,229670824,74199132,8,349848740562,3698481343
dMean__B_blood_all/OPTIM_pcs/base_output/base/cis_nominal1.cis_qtl_pairs.19.tsv,514010354,165773383,8,349922939827,4164720317
dMean__B_blood_all/OPTIM_pcs/base_output/base/cis_nominal1.cis_qtl_pairs.10.tsv,234912780,73696406,8,350088713344,1262362259
dMean__B_blood_all/OPTIM_pcs/base_output/base/cis_nominal1.cis_qtl_pairs.8.tsv,224236672,71853616,8,350162409884,2719692534
dMean__B_blood_all/OPTIM_pcs/base_output/base/cis_nominal1.cis_qtl_pairs.14.tsv,234640662,74840770,8,350234263633,2459464544
dMean__B_blood_all/OPTIM_pcs/base_output/base/cis_nominal1.cis_qtl_pairs.1.tsv,554955753,175978539,8,350309104537,1474179391
dMean__B_blood_all/OPTIM_pcs/base_output/base/cis_nominal1.cis_qtl_pairs.20.tsv,154105808,49427664,8,350485083209,318604631
dMean__B_blood_all/OPTIM_pcs/base_output/base/Cis_eqtls_independent.tsv,191005,78713,8,350534511007,2992547881
dMean__B_blood_all/OPTIM_pcs/base_output/base/cis_nominal1.cis_qtl_pairs.12.tsv,342571244,107952595,8,350534589846,1950554422
dMean__B_blood_all/OPTIM_pcs/base_output/base/cis_nominal1.cis_qtl_pairs.18.tsv,104957367,33567897,8,350642542575,1043443173
dMean__B_blood_all/OPTIM_pcs/base_output/base/cis_nominal1.cis_qtl_pairs.13.tsv,112465838,35485208,8,350676110606,4240021444
dMean__B_0_r_all/OPTIM_pcs/base_output/base/cis_nominal1.cis_qtl_pairs.3.tsv,236133470,76843295,8,350711595948,3940513537
dMean__B_0_r_all/OPTIM_pcs/base_output/base/cis_nominal1.cis_qtl_pairs.15.tsv,130385618,42760452,8,350788439374,721258258
dMean__B_0_r_all/OPTIM_pcs/base_output/base/cis_nominal1.cis_qtl_pairs.16.tsv,191382032,63768562,8,350831199958,3458877638
dMean__B_0_r_all/OPTIM_pcs/base_output/base/cis_nominal1.cis_qtl_pairs.4.tsv,174314757,56515924,8,350894968652,2230056187
dMean__B_0_r_all/OPTIM_pcs/base_output/base/cis_nominal1.cis_qtl_pairs.21.tsv,52019262,17093049,8,350951484707,392128843
dMean__B_0_r_all/OPTIM_pcs/base_output/base/cis_nominal1.cis_qtl_pairs.7.tsv,212504263,69696725,8,350968577888,1963367236
dMean__B_0_r_all/OPTIM_pcs/base_output/base/cis_nominal1.cis_qtl_pairs.22.tsv,105430949,34691018,8,351038274744,1178595486
dMean__B_0_r_all/OPTIM_pcs/base_output/base/cis_nominal1.cis_qtl_pairs.11.tsv,234742846,76247664,8,351072965894,1476951227
dMean__B_0_r_all/OPTIM_pcs/base_output/base/cis_nominal1.cis_qtl_pairs.6.tsv,344968146,104113130,8,351149213690,2043516485
dMean__B_0_r_all/OPTIM_pcs/base_output/base/cis_nominal1.cis_qtl_pairs.2.tsv,286012361,93775309,8,351253326951,2093233692
dMean__B_0_r_all/OPTIM_pcs/base_output/base/cis_nominal1.cis_qtl_pairs.17.tsv,237591777,78119673,8,351347102391,505198910
dMean__B_0_r_all/OPTIM_pcs/base_output/base/Cis_eqtls_qval.tsv,2698062,1154383,8,351425222196,3560290304
dMean__B_0_r_all/OPTIM_pcs/base_output/base/cis_nominal1.cis_qtl_pairs.5.tsv,193793913,63181820,8,351426376696,283469714
dMean__B_0_r_all/OPTIM_pcs/base_output/base/cis_nominal1.cis_qtl_pairs.9.tsv,166535888,55002970,8,351489558647,824560962
dMean__B_0_r_all/OPTIM_pcs/base_output/base/cis_nominal1.cis_qtl_pairs.19.tsv,369516013,121496758,8,351544561748,4272838293
dMean__B_0_r_all/OPTIM_pcs/base_output/base/cis_nominal1.cis_qtl_pairs.10.tsv,172189213,55489281,8,351666058638,2032882733
dMean__B_0_r_all/OPTIM_pcs/base_output/base/cis_nominal1.cis_qtl_pairs.8.tsv,153157791,50228258,8,351721548051,2220607259
dMean__B_0_r_all/OPTIM_pcs/base_output/base/cis_nominal1.cis_qtl_pairs.14.tsv,162150147,52826177,8,351771776440,1751565991
dMean__B_0_r_all/OPTIM_pcs/base_output/base/cis_nominal1.cis_qtl_pairs.1.tsv,391373340,127464473,8,351824602749,2902907005
dMean__B_0_r_all/OPTIM_pcs/base_output/base/cis_nominal1.cis_qtl_pairs.20.tsv,115797112,38074209,8,351952067353,3489960098
dMean__B_0_r_all/OPTIM_pcs/base_output/base/Cis_eqtls_independent.tsv,71729,30159,8,351990141694,2842849882
dMean__B_0_r_all/OPTIM_pcs/base_output/base/cis_nominal1.cis_qtl_pairs.12.tsv,246200312,79478030,8,351990171977,545516001
dMean__B_0_r_all/OPTIM_pcs/base_output/base/cis_nominal1.cis_qtl_pairs.18.tsv,72389612,23679869,8,352069650139,1894336349
dMean__B_0_r_all/OPTIM_pcs/base_output/base/cis_nominal1.cis_qtl_pairs.13.tsv,84052036,27270861,8,352093330140,3635761969
dMean__Myeloid_10_ti_all/OPTIM_pcs/base_output/base/cis_nominal1.cis_qtl_pairs.3.tsv,226004353,68354086,8,352120601133,2671166169
dMean__Myeloid_10_ti_all/OPTIM_pcs/base_output/base/cis_nominal1.cis_qtl_pairs.15.tsv,116831492,35982760,8,352188955358,3995457815
dMean__Myeloid_10_ti_all/OPTIM_pcs/base_output/base/cis_nominal1.cis_qtl_pairs.16.tsv,182712926,57385959,8,352224938258,3969171123
dMean__Myeloid_10_ti_all/OPTIM_pcs/base_output/base/cis_nominal1.cis_qtl_pairs.4.tsv,167122012,50086790,8,352282324357,1581785677
dMean__Myeloid_10_ti_all/OPTIM_pcs/base_output/base/cis_nominal1.cis_qtl_pairs.21.tsv,49442642,15265591,8,352332411286,2512004883
dMean__Myeloid_10_ti_all/OPTIM_pcs/base_output/base/cis_nominal1.cis_qtl_pairs.7.tsv,204178451,62466371,8,352347677017,536232881
dMean__Myeloid_10_ti_all/OPTIM_pcs/base_output/base/cis_nominal1.cis_qtl_pairs.22.tsv,96062124,29800158,8,352410143527,3813656656
dMean__Myeloid_10_ti_all/OPTIM_pcs/base_output/base/cis_nominal1.cis_qtl_pairs.11.tsv,226248421,68483990,8,352439943825,244327209
dMean__Myeloid_10_ti_all/OPTIM_pcs/base_output/base/cis_nominal1.cis_qtl_pairs.6.tsv,299619468,81092835,8,352508427955,2986746123
dMean__Myeloid_10_ti_all/OPTIM_pcs/base_output/base/cis_nominal1.cis_qtl_pairs.2.tsv,267427175,81909906,8,352589520929,1630714370
dMean__Myeloid_10_ti_all/OPTIM_pcs/base_output/base/cis_nominal1.cis_qtl_pairs.17.tsv,239391519,74323150,8,352671430974,2802437102
dMean__Myeloid_10_ti_all/OPTIM_pcs/base_output/base/Cis_eqtls_qval.tsv,2549159,1065166,8,352745754264,2896594726
dMean__Myeloid_10_ti_all/OPTIM_pcs/base_output/base/cis_nominal1.cis_qtl_pairs.5.tsv,181883647,55262304,8,352746819555,3050006622
dMean__Myeloid_10_ti_all/OPTIM_pcs/base_output/base/cis_nominal1.cis_qtl_pairs.9.tsv,162283390,50251982,8,352802081998,1136916686
dMean__Myeloid_10_ti_all/OPTIM_pcs/base_output/base/cis_nominal1.cis_qtl_pairs.19.tsv,336544847,104365662,8,352852334119,791139719
dMean__Myeloid_10_ti_all/OPTIM_pcs/base_output/base/cis_nominal1.cis_qtl_pairs.10.tsv,164471045,49142862,8,352956699921,3741970118
dMean__Myeloid_10_ti_all/OPTIM_pcs/base_output/base/cis_nominal1.cis_qtl_pairs.8.tsv,136690492,41753328,8,353005842923,1402989539
dMean__Myeloid_10_ti_all/OPTIM_pcs/base_output/base/cis_nominal1.cis_qtl_pairs.14.tsv,148722205,45249804,8,353047596390,3392468463
dMean__Myeloid_10_ti_all/OPTIM_pcs/base_output/base/cis_nominal1.cis_qtl_pairs.1.tsv,372660059,112697975,8,353092846334,3267075096
dMean__Myeloid_10_ti_all/OPTIM_pcs/base_output/base/cis_nominal1.cis_qtl_pairs.20.tsv,113750223,35005114,8,353205544448,713016099
dMean__Myeloid_10_ti_all/OPTIM_pcs/base_output/base/Cis_eqtls_independent.tsv,4385,2002,8,353240549702,867152167
dMean__Myeloid_10_ti_all/OPTIM_pcs/base_output/base/cis_nominal1.cis_qtl_pairs.12.tsv,224381186,67309130,8,353240551836,2491816594
dMean__Myeloid_10_ti_all/OPTIM_pcs/base_output/base/cis_nominal1.cis_qtl_pairs.18.tsv,67424562,20702773,8,353307861106,2295694020
dMean__Myeloid_10_ti_all/OPTIM_pcs/base_output/base/cis_nominal1.cis_qtl_pairs.13.tsv,80766735,24348406,8,353328564019,2262904438
dMean__T_2_ti_all/OPTIM_pcs/base_output/base/cis_nominal1.cis_qtl_pairs.3.tsv,277444541,91934781,8,353352912565,651599213
dMean__T_2_ti_all/OPTIM_pcs/base_output/base/cis_nominal1.cis_qtl_pairs.15.tsv,160357854,53467067,8,353444847478,3989693253
dMean__T_2_ti_all/OPTIM_pcs/base_output/base/cis_nominal1.cis_qtl_pairs.16.tsv,233796007,78977600,8,353498314678,2419095234
dMean__T_2_ti_all/OPTIM_pcs/base_output/base/cis_nominal1.cis_qtl_pairs.4.tsv,204187895,67568227,8,353577292411,3086483706
dMean__T_2_ti_all/OPTIM_pcs/base_output/base/cis_nominal1.cis_qtl_pairs.21.tsv,63162354,21090516,8,353644860770,3579087864
dMean__T_2_ti_all/OPTIM_pcs/base_output/base/cis_nominal1.cis_qtl_pairs.7.tsv,250869022,83736053,8,353665951419,1912494925
dMean__T_2_ti_all/OPTIM_pcs/base_output/base/cis_nominal1.cis_qtl_pairs.22.tsv,124977812,41777250,8,353749687604,2762080022
dMean__T_2_ti_all/OPTIM_pcs/base_output/base/cis_nominal1.cis_qtl_pairs.11.tsv,277359472,91697010,8,353791464987,2945435737
dMean__T_2_ti_all/OPTIM_pcs/base_output/base/cis_nominal1.cis_qtl_pairs.6.tsv,380736466,119292186,8,353883162130,3706887257
dMean__T_2_ti_all/OPTIM_pcs/base_output/base/cis_nominal1.cis_qtl_pairs.2.tsv,331562523,110519032,8,354002454448,2920648408
dMean__T_2_ti_all/OPTIM_pcs/base_output/base/cis_nominal1.cis_qtl_pairs.17.tsv,311039718,103918157,8,354112973612,216614969
dMean__T_2_ti_all/OPTIM_pcs/base_output/base/Cis_eqtls_qval.tsv,3222029,1388173,8,354216891902,2707345934
dMean__T_2_ti_all/OPTIM_pcs/base_output/base/cis_nominal1.cis_qtl_pairs.5.tsv,225461605,74857243,8,354218280193,389681556
dMean__T_2_ti_all/OPTIM_pcs/base_output/base/cis_nominal1.cis_qtl_pairs.9.tsv,193778779,65014191,8,354293137568,2822502914
dMean__T_2_ti_all/OPTIM_pcs/base_output/base/cis_nominal1.cis_qtl_pairs.19.tsv,431483760,144262133,8,354358151891,1626035245
dMean__T_2_ti_all/OPTIM_pcs/base_output/base/cis_nominal1.cis_qtl_pairs.10.tsv,206684282,67991641,8,354502414157,1200887451
dMean__T_2_ti_all/OPTIM_pcs/base_output/base/cis_nominal1.cis_qtl_pairs.8.tsv,176819742,59096947,8,354570405931,2156564916
dMean__T_2_ti_all/OPTIM_pcs/base_output/base/cis_nominal1.cis_qtl_pairs.14.tsv,210618149,69862384,8,354629503010,886554583
dMean__T_2_ti_all/OPTIM_pcs/base_output/base/cis_nominal1.cis_qtl_pairs.1.tsv,474643589,157557969,8,354699365527,107715155
dMean__T_2_ti_all/OPTIM_pcs/base_output/base/cis_nominal1.cis_qtl_pairs.20.tsv,139338296,46520709,8,354856923628,1644586173
dMean__T_2_ti_all/OPTIM_pcs/base_output/base/Cis_eqtls_independent.tsv,394875,162064,8,354903444470,2347448557
dMean__T_2_ti_all/OPTIM_pcs/base_output/base/cis_nominal1.cis_qtl_pairs.12.tsv,301942801,99408180,8,354903606659,1493585825
dMean__T_2_ti_all/OPTIM_pcs/base_output/base/cis_nominal1.cis_qtl_pairs.18.tsv,86635602,28873542,8,355003014972,573028802
dMean__T_2_ti_all/OPTIM_pcs/base_output/base/cis_nominal1.cis_qtl_pairs.13.tsv,97013762,32078407,8,355031888647,1443026268
dMean__B_10_r_all/OPTIM_pcs/base_output/base/cis_nominal1.cis_qtl_pairs.3.tsv,199493887,58333429,8,355063967187,1696227431
dMean__B_10_r_all/OPTIM_pcs/base_output/base/cis_nominal1.cis_qtl_pairs.15.tsv,109014663,32252203,8,355122300748,752374416
dMean__B_10_r_all/OPTIM_pcs/base_output/base/cis_nominal1.cis_qtl_pairs.16.tsv,154936266,47092785,8,355154553084,3875630126
dMean__B_10_r_all/OPTIM_pcs/base_output/base/cis_nominal1.cis_qtl_pairs.4.tsv,143653462,41752069,8,355201646002,2708642610
dMean__B_10_r_all/OPTIM_pcs/base_output/base/cis_nominal1.cis_qtl_pairs.21.tsv,38715044,11694873,8,355243398203,3333536870
dMean__B_10_r_all/OPTIM_pcs/base_output/base/cis_nominal1.cis_qtl_pairs.7.tsv,175520518,51803496,8,355255093209,577543998
dMean__B_10_r_all/OPTIM_pcs/base_output/base/cis_nominal1.cis_qtl_pairs.22.tsv,87195789,26166324,8,355306896837,690726137
dMean__B_10_r_all/OPTIM_pcs/base_output/base/cis_nominal1.cis_qtl_pairs.11.tsv,189911658,55206796,8,355333063294,4119593171
dMean__B_10_r_all/OPTIM_pcs/base_output/base/cis_nominal1.cis_qtl_pairs.6.tsv,285835026,74067753,8,355388270223,2725856517
dMean__B_10_r_all/OPTIM_pcs/base_output/base/cis_nominal1.cis_qtl_pairs.2.tsv,239271589,70965036,8,355462338108,293962816
dMean__B_10_r_all/OPTIM_pcs/base_output/base/cis_nominal1.cis_qtl_pairs.17.tsv,191675607,57538565,8,355533303276,1794214237
dMean__B_10_r_all/OPTIM_pcs/base_output/base/Cis_eqtls_qval.tsv,2222555,908596,8,355590841974,2205246589
dMean__B_10_r_all/OPTIM_pcs/base_output/base/cis_nominal1.cis_qtl_pairs.5.tsv,163617253,48092879,8,355591750688,2651478066
dMean__B_10_r_all/OPTIM_pcs/base_output/base/cis_nominal1.cis_qtl_pairs.9.tsv,138626700,41503483,8,355639843699,3006545924
dMean__B_10_r_all/OPTIM_pcs/base_output/base/cis_nominal1.cis_qtl_pairs.19.tsv,291522494,87667041,8,355681347314,2160708404
dMean__B_10_r_all/OPTIM_pcs/base_output/base/cis_nominal1.cis_qtl_pairs.10.tsv,142641706,41106786,8,355769014488,1260552839
dMean__B_10_r_all/OPTIM_pcs/base_output/base/cis_nominal1.cis_qtl_pairs.8.tsv,119450842,35339769,8,355810121407,1872795605
dMean__B_10_r_all/OPTIM_pcs/base_output/base/cis_nominal1.cis_qtl_pairs.14.tsv,132014652,39165695,8,355845461308,2545425386
dMean__B_10_r_all/OPTIM_pcs/base_output/base/cis_nominal1.cis_qtl_pairs.1.tsv,321072797,93708054,8,355884627136,825938951
dMean__B_10_r_all/OPTIM_pcs/base_output/base/cis_nominal1.cis_qtl_pairs.20.tsv,97974509,29311485,8,355978335322,1232404775
dMean__B_10_r_all/OPTIM_pcs/base_output/base/Cis_eqtls_independent.tsv,606,354,8,356007646940,2995290583
dMean__B_10_r_all/OPTIM_pcs/base_output/base/cis_nominal1.cis_qtl_pairs.12.tsv,201337862,58585170,8,356007647419,3319630763
dMean__B_10_r_all/OPTIM_pcs/base_output/base/cis_nominal1.cis_qtl_pairs.18.tsv,59429968,17585232,8,356066232722,3035558185
dMean__B_10_r_all/OPTIM_pcs/base_output/base/cis_nominal1.cis_qtl_pairs.13.tsv,70822764,20797256,8,356083818087,2725791789
dMean__B_5_ti_all/OPTIM_pcs/base_output/base/cis_nominal1.cis_qtl_pairs.3.tsv,238687301,78576177,8,356104615476,2540581920
dMean__B_5_ti_all/OPTIM_pcs/base_output/base/cis_nominal1.cis_qtl_pairs.15.tsv,126313776,41889834,8,356183191785,1257268982
dMean__B_5_ti_all/OPTIM_pcs/base_output/base/cis_nominal1.cis_qtl_pairs.16.tsv,178919529,60169745,8,356225081752,2619971504
dMean__B_5_ti_all/OPTIM_pcs/base_output/base/cis_nominal1.cis_qtl_pairs.4.tsv,180443367,59297372,8,356285251630,603447465
dMean__B_5_ti_all/OPTIM_pcs/base_output/base/cis_nominal1.cis_qtl_pairs.21.tsv,51153250,16993608,8,356344549134,2506542299
dMean__B_5_ti_all/OPTIM_pcs/base_output/base/cis_nominal1.cis_qtl_pairs.7.tsv,207438287,68913093,8,356361542875,3296848044
dMean__B_5_ti_all/OPTIM_pcs/base_output/base/cis_nominal1.cis_qtl_pairs.22.tsv,102097599,33952576,8,356430456100,2546029782
dMean__B_5_ti_all/OPTIM_pcs/base_output/base/cis_nominal1.cis_qtl_pairs.11.tsv,226655680,74530783,8,356464408809,75079745
dMean__B_5_ti_all/OPTIM_pcs/base_output/base/cis_nominal1.cis_qtl_pairs.6.tsv,315933114,97962255,8,356538939725,2766146307
dMean__B_5_ti_all/OPTIM_pcs/base_output/base/cis_nominal1.cis_qtl_pairs.2.tsv,289505632,96026534,8,356636902112,1643430014
dMean__B_5_ti_all/OPTIM_pcs/base_output/base/cis_nominal1.cis_qtl_pairs.17.tsv,231669016,77030894,8,356732928778,3064902848
dMean__B_5_ti_all/OPTIM_pcs/base_output/base/Cis_eqtls_qval.tsv,2602661,1095072,8,356809959805,2263695167
dMean__B_5_ti_all/OPTIM_pcs/base_output/base/cis_nominal1.cis_qtl_pairs.5.tsv,187376672,61839082,8,356811054995,3350366665
dMean__B_5_ti_all/OPTIM_pcs/base_output/base/cis_nominal1.cis_qtl_pairs.9.tsv,166733509,55696493,8,356872894209,1819886135
dMean__B_5_ti_all/OPTIM_pcs/base_output/base/cis_nominal1.cis_qtl_pairs.19.tsv,303046622,100959836,8,356928590834,3922209012
dMean__B_5_ti_all/OPTIM_pcs/base_output/base/cis_nominal1.cis_qtl_pairs.10.tsv,167806550,54802205,8,357029550803,2012999758
dMean__B_5_ti_all/OPTIM_pcs/base_output/base/cis_nominal1.cis_qtl_pairs.8.tsv,146642603,48619721,8,357084353141,3106928858
dMean__B_5_ti_all/OPTIM_pcs/base_output/base/cis_nominal1.cis_qtl_pairs.14.tsv,160659981,53041370,8,357132972994,1639589401
dMean__B_5_ti_all/OPTIM_pcs/base_output/base/cis_nominal1.cis_qtl_pairs.1.tsv,388929058,128177374,8,357186014497,256825679
dMean__B_5_ti_all/OPTIM_pcs/base_output/base/cis_nominal1.cis_qtl_pairs.20.tsv,113081556,37548470,8,357314192003,2102796848
dMean__B_5_ti_all/OPTIM_pcs/base_output/base/Cis_eqtls_independent.tsv,11662,5198,8,357351740606,3298427643
dMean__B_5_ti_all/OPTIM_pcs/base_output/base/cis_nominal1.cis_qtl_pairs.12.tsv,237285505,77642811,8,357351745929,1604838423
dMean__B_5_ti_all/OPTIM_pcs/base_output/base/cis_nominal1.cis_qtl_pairs.18.tsv,66691857,22080525,8,357429388873,2997664878
dMean__B_5_ti_all/OPTIM_pcs/base_output/base/cis_nominal1.cis_qtl_pairs.13.tsv,82597528,27139213,8,357451469531,3081870272
dMean__T_20_ct_all/OPTIM_pcs/base_output/base/cis_nominal1.cis_qtl_pairs.3.tsv,223843231,74370423,8,357478608877,11163781
dMean__T_20_ct_all/OPTIM_pcs/base_output/base/cis_nominal1.cis_qtl_pairs.15.tsv,118203001,39458671,8,357552979433,2764797233
dMean__T_20_ct_all/OPTIM_pcs/base_output/base/cis_nominal1.cis_qtl_pairs.16.tsv,173553434,58733854,8,357592438238,393657945
dMean__T_20_ct_all/OPTIM_pcs/base_output/base/cis_nominal1.cis_qtl_pairs.4.tsv,169152544,56146934,8,357651172226,2203546789
dMean__T_20_ct_all/OPTIM_pcs/base_output/base/cis_nominal1.cis_qtl_pairs.21.tsv,49935720,16703198,8,357707319293,3311001161
dMean__T_20_ct_all/OPTIM_pcs/base_output/base/cis_nominal1.cis_qtl_pairs.7.tsv,205106828,68656317,8,357724022625,749042832
dMean__T_20_ct_all/OPTIM_pcs/base_output/base/cis_nominal1.cis_qtl_pairs.22.tsv,94524721,31639579,8,357792679075,2453462589
dMean__T_20_ct_all/OPTIM_pcs/base_output/base/cis_nominal1.cis_qtl_pairs.11.tsv,217971645,72247222,8,357824318788,974002436
dMean__T_20_ct_all/OPTIM_pcs/base_output/base/cis_nominal1.cis_qtl_pairs.6.tsv,307767993,97263530,8,357896566144,1088740844
dMean__T_20_ct_all/OPTIM_pcs/base_output/base/cis_nominal1.cis_qtl_pairs.2.tsv,267640698,89451877,8,357993829807,1440381695
dMean__T_20_ct_all/OPTIM_pcs/base_output/base/cis_nominal1.cis_qtl_pairs.17.tsv,222351077,74397343,8,358083281817,1649123573
dMean__T_20_ct_all/OPTIM_pcs/base_output/base/Cis_eqtls_qval.tsv,2491824,1053163,8,358157679294,1871519893
dMean__T_20_ct_all/OPTIM_pcs/base_output/base/cis_nominal1.cis_qtl_pairs.5.tsv,175785907,58513067,8,358158732576,3808465553
dMean__T_20_ct_all/OPTIM_pcs/base_output/base/cis_nominal1.cis_qtl_pairs.9.tsv,155332083,52237270,8,358217245776,4083467141
dMean__T_20_ct_all/OPTIM_pcs/base_output/base/cis_nominal1.cis_qtl_pairs.19.tsv,319127483,106957671,8,358269483179,2458273458
dMean__T_20_ct_all/OPTIM_pcs/base_output/base/cis_nominal1.cis_qtl_pairs.10.tsv,165672831,54658162,8,358376440984,1065949671
dMean__T_20_ct_all/OPTIM_pcs/base_output/base/cis_nominal1.cis_qtl_pairs.8.tsv,138168219,46213908,8,358431099280,3986152984
dMean__T_20_ct_all/OPTIM_pcs/base_output/base/cis_nominal1.cis_qtl_pairs.14.tsv,150105256,49925584,8,358477313321,193548630
dMean__T_20_ct_all/OPTIM_pcs/base_output/base/cis_nominal1.cis_qtl_pairs.1.tsv,361977864,120362684,8,358527239039,3420907058
dMean__T_20_ct_all/OPTIM_pcs/base_output/base/cis_nominal1.cis_qtl_pairs.20.tsv,109540116,36634566,8,358647601856,2103437637
dMean__T_20_ct_all/OPTIM_pcs/base_output/base/Cis_eqtls_independent.tsv,32701,14162,8,358684236556,91688481
dMean__T_20_ct_all/OPTIM_pcs/base_output/base/cis_nominal1.cis_qtl_pairs.12.tsv,226770000,74792058,8,358684250844,297272943
dMean__T_20_ct_all/OPTIM_pcs/base_output/base/cis_nominal1.cis_qtl_pairs.18.tsv,70184100,23423382,8,358759043036,3725378550
dMean__T_20_ct_all/OPTIM_pcs/base_output/base/cis_nominal1.cis_qtl_pairs.13.tsv,82281593,27257047,8,358782466552,1140062446
dMean__unannotated_ct_all/OPTIM_pcs/base_output/base/cis_nominal1.cis_qtl_pairs.3.tsv,477210010,158432257,8,358809723733,430209782
dMean__unannotated_ct_all/OPTIM_pcs/base_output/base/cis_nominal1.cis_qtl_pairs.15.tsv,286512804,95828410,8,358968156130,2746272303
dMean__unannotated_ct_all/OPTIM_pcs/base_output/base/cis_nominal1.cis_qtl_pairs.16.tsv,416830405,140978198,8,359063984681,3237375560
dMean__unannotated_ct_all/OPTIM_pcs/base_output/base/cis_nominal1.cis_qtl_pairs.4.tsv,360583587,119286516,8,359204963020,3096160745
dMean__unannotated_ct_all/OPTIM_pcs/base_output/base/cis_nominal1.cis_qtl_pairs.21.tsv,111592567,37329741,8,359324249676,3271054008
dMean__unannotated_ct_all/OPTIM_pcs/base_output/base/cis_nominal1.cis_qtl_pairs.7.tsv,422929987,141477526,8,359361579558,2693973741
dMean__unannotated_ct_all/OPTIM_pcs/base_output/base/cis_nominal1.cis_qtl_pairs.22.tsv,209321553,70106185,8,359503057224,3754101939
dMean__unannotated_ct_all/OPTIM_pcs/base_output/base/cis_nominal1.cis_qtl_pairs.11.tsv,478334971,158486214,8,359573163550,3234560010
dMean__unannotated_ct_all/OPTIM_pcs/base_output/base/cis_nominal1.cis_qtl_pairs.6.tsv,608243455,192197453,8,359731649905,2159026662
dMean__unannotated_ct_all/OPTIM_pcs/base_output/base/cis_nominal1.cis_qtl_pairs.2.tsv,569405182,190023631,8,359923847498,3335060890
dMean__unannotated_ct_all/OPTIM_pcs/base_output/base/cis_nominal1.cis_qtl_pairs.17.tsv,514154997,172137708,8,360113871269,1849250266
dMean__unannotated_ct_all/OPTIM_pcs/base_output/base/Cis_eqtls_qval.tsv,5401654,2329050,8,360286009118,2736386559
dMean__unannotated_ct_all/OPTIM_pcs/base_output/base/cis_nominal1.cis_qtl_pairs.5.tsv,402586105,133971748,8,360288338294,1084237315
dMean__unannotated_ct_all/OPTIM_pcs/base_output/base/cis_nominal1.cis_qtl_pairs.9.tsv,324926420,109322614,8,360422310182,3536358048
dMean__unannotated_ct_all/OPTIM_pcs/base_output/base/cis_nominal1.cis_qtl_pairs.19.tsv,671574490,225052704,8,360531632936,1923369569
dMean__unannotated_ct_all/OPTIM_pcs/base_output/base/cis_nominal1.cis_qtl_pairs.10.tsv,344922497,113653593,8,360756685781,1901898959
dMean__unannotated_ct_all/OPTIM_pcs/base_output/base/cis_nominal1.cis_qtl_pairs.8.tsv,340696880,114047819,8,360870339515,539984618
dMean__unannotated_ct_all/OPTIM_pcs/base_output/base/cis_nominal1.cis_qtl_pairs.14.tsv,330237486,109796275,8,360984387474,4167565788
dMean__unannotated_ct_all/OPTIM_pcs/base_output/base/cis_nominal1.cis_qtl_pairs.1.tsv,790162092,262715789,8,361094183890,1297082441
dMean__unannotated_ct_all/OPTIM_pcs/base_output/base/cis_nominal1.cis_qtl_pairs.20.tsv,232963989,77923419,8,361356899819,1713905563
dMean__unannotated_ct_all/OPTIM_pcs/base_output/base/Cis_eqtls_independent.tsv,4185288,1708559,8,361434823379,3609030301
dMean__unannotated_ct_all/OPTIM_pcs/base_output/base/cis_nominal1.cis_qtl_pairs.12.tsv,485627029,160240935,8,361436532071,3800722989
dMean__unannotated_ct_all/OPTIM_pcs/base_output/base/cis_nominal1.cis_qtl_pairs.18.tsv,163574548,54593569,8,361596773147,201128488
dMean__unannotated_ct_all/OPTIM_pcs/base_output/base/cis_nominal1.cis_qtl_pairs.13.tsv,163035718,54019531,8,361651366857,99403870
dMean__T_12_ct_all/OPTIM_pcs/base_output/base/cis_nominal1.cis_qtl_pairs.3.tsv,239521469,79537079,8,361705386529,3932144240
dMean__T_12_ct_all/OPTIM_pcs/base_output/base/cis_nominal1.cis_qtl_pairs.15.tsv,135821591,45357482,8,361784923741,351219390
dMean__T_12_ct_all/OPTIM_pcs/base_output/base/cis_nominal1.cis_qtl_pairs.16.tsv,199024630,67373610,8,361830281357,1098205293
dMean__T_12_ct_all/OPTIM_pcs/base_output/base/cis_nominal1.cis_qtl_pairs.4.tsv,179270588,59552930,8,361897655101,2851278251
dMean__T_12_ct_all/OPTIM_pcs/base_output/base/cis_nominal1.cis_qtl_pairs.21.tsv,52617586,17602018,8,361957208164,366092514
dMean__T_12_ct_all/OPTIM_pcs/base_output/base/cis_nominal1.cis_qtl_pairs.7.tsv,219731539,73510509,8,361974810316,2081610427
dMean__T_12_ct_all/OPTIM_pcs/base_output/base/cis_nominal1.cis_qtl_pairs.22.tsv,108698458,36449836,8,362048320958,1054021539
dMean__T_12_ct_all/OPTIM_pcs/base_output/base/cis_nominal1.cis_qtl_pairs.11.tsv,238227255,78974262,8,362084770928,4057364039
dMean__T_12_ct_all/OPTIM_pcs/base_output/base/cis_nominal1.cis_qtl_pairs.6.tsv,332771592,104416208,8,362163745324,1609056372
dMean__T_12_ct_all/OPTIM_pcs/base_output/base/cis_nominal1.cis_qtl_pairs.2.tsv,283169756,94667169,8,362268161665,2777798214
dMean__T_12_ct_all/OPTIM_pcs/base_output/base/cis_nominal1.cis_qtl_pairs.17.tsv,265246887,88804869,8,362362828967,461950107
dMean__T_12_ct_all/OPTIM_pcs/base_output/base/Cis_eqtls_qval.tsv,2771760,1189137,8,362451633970,3529704488
dMean__T_12_ct_all/OPTIM_pcs/base_output/base/cis_nominal1.cis_qtl_pairs.5.tsv,198658041,66139067,8,362452823226,500430695
dMean__T_12_ct_all/OPTIM_pcs/base_output/base/cis_nominal1.cis_qtl_pairs.9.tsv,174713703,58745011,8,362518962426,1034288503
dMean__T_12_ct_all/OPTIM_pcs/base_output/base/cis_nominal1.cis_qtl_pairs.19.tsv,380056441,127256213,8,362577707570,1774532656
dMean__T_12_ct_all/OPTIM_pcs/base_output/base/cis_nominal1.cis_qtl_pairs.10.tsv,178139290,58737277,8,362704963917,2795163
dMean__T_12_ct_all/OPTIM_pcs/base_output/base/cis_nominal1.cis_qtl_pairs.8.tsv,148057762,49652135,8,362763701328,3127849687
dMean__T_12_ct_all/OPTIM_pcs/base_output/base/cis_nominal1.cis_qtl_pairs.14.tsv,171784624,57078274,8,362813353596,2646197609
dMean__T_12_ct_all/OPTIM_pcs/base_output/base/cis_nominal1.cis_qtl_pairs.1.tsv,406745196,135294500,8,362870432004,1298227029
dMean__T_12_ct_all/OPTIM_pcs/base_output/base/cis_nominal1.cis_qtl_pairs.20.tsv,122610250,41051574,8,363005726637,912960612
dMean__T_12_ct_all/OPTIM_pcs/base_output/base/Cis_eqtls_independent.tsv,156755,65049,8,363046778345,199530360
dMean__T_12_ct_all/OPTIM_pcs/base_output/base/cis_nominal1.cis_qtl_pairs.12.tsv,252565851,83339236,8,363046843520,2997958023
dMean__T_12_ct_all/OPTIM_pcs/base_output/base/cis_nominal1.cis_qtl_pairs.18.tsv,72034147,24072151,8,363130182890,2570049720
dMean__T_12_ct_all/OPTIM_pcs/base_output/base/cis_nominal1.cis_qtl_pairs.13.tsv,86061414,28524784,8,363154255175,618795466
dMean__B_3_blood_all/OPTIM_pcs/base_output/base/cis_nominal1.cis_qtl_pairs.3.tsv,245226437,76992458,8,363182780093,1553650504
dMean__B_3_blood_all/OPTIM_pcs/base_output/base/cis_nominal1.cis_qtl_pairs.15.tsv,129715749,41251375,8,363259772686,2343682629
dMean__B_3_blood_all/OPTIM_pcs/base_output/base/cis_nominal1.cis_qtl_pairs.16.tsv,194105418,62815336,8,363301024197,3349865407
dMean__B_3_blood_all/OPTIM_pcs/base_output/base/cis_nominal1.cis_qtl_pairs.4.tsv,176443578,54995241,8,363363839669,3599960411
dMean__B_3_blood_all/OPTIM_pcs/base_output/base/cis_nominal1.cis_qtl_pairs.21.tsv,50260259,16015968,8,363418835045,1928523617
dMean__B_3_blood_all/OPTIM_pcs/base_output/base/cis_nominal1.cis_qtl_pairs.7.tsv,216816214,68663445,8,363434851149,1918208932
dMean__B_3_blood_all/OPTIM_pcs/base_output/base/cis_nominal1.cis_qtl_pairs.22.tsv,106210713,34027434,8,363503514729,686076357
dMean__B_3_blood_all/OPTIM_pcs/base_output/base/cis_nominal1.cis_qtl_pairs.11.tsv,241001007,75556093,8,363537542299,4040903343
dMean__B_3_blood_all/OPTIM_pcs/base_output/base/cis_nominal1.cis_qtl_pairs.6.tsv,348401426,100042624,8,363613098528,2726139617
dMean__B_3_blood_all/OPTIM_pcs/base_output/base/cis_nominal1.cis_qtl_pairs.2.tsv,291160060,92408862,8,363713141287,459704865
dMean__B_3_blood_all/OPTIM_pcs/base_output/base/cis_nominal1.cis_qtl_pairs.17.tsv,248445961,79471062,8,363805550284,591268499
dMean__B_3_blood_all/OPTIM_pcs/base_output/base/Cis_eqtls_qval.tsv,2759213,1169161,8,363885021482,334236891
dMean__B_3_blood_all/OPTIM_pcs/base_output/base/cis_nominal1.cis_qtl_pairs.5.tsv,198520639,62503227,8,363886190764,917635117
dMean__B_3_blood_all/OPTIM_pcs/base_output/base/cis_nominal1.cis_qtl_pairs.9.tsv,170248299,54490768,8,363948694126,3956296118
dMean__B_3_blood_all/OPTIM_pcs/base_output/base/cis_nominal1.cis_qtl_pairs.19.tsv,361299433,115598089,8,364003185029,1260013337
dMean__B_3_blood_all/OPTIM_pcs/base_output/base/cis_nominal1.cis_qtl_pairs.10.tsv,175123819,54402497,8,364118783254,3174799715
dMean__B_3_blood_all/OPTIM_pcs/base_output/base/cis_nominal1.cis_qtl_pairs.8.tsv,155859669,49524990,8,364173185887,42359986
dMean__B_3_blood_all/OPTIM_pcs/base_output/base/cis_nominal1.cis_qtl_pairs.14.tsv,165805287,52373952,8,364222711012,1475073080
dMean__B_3_blood_all/OPTIM_pcs/base_output/base/cis_nominal1.cis_qtl_pairs.1.tsv,397522712,124949383,8,364275085100,2007063560
dMean__B_3_blood_all/OPTIM_pcs/base_output/base/cis_nominal1.cis_qtl_pairs.20.tsv,120796866,38405158,8,364400034618,2121018121
dMean__B_3_blood_all/OPTIM_pcs/base_output/base/Cis_eqtls_independent.tsv,22700,9848,8,364438439912,3752762502
dMean__B_3_blood_all/OPTIM_pcs/base_output/base/cis_nominal1.cis_qtl_pairs.12.tsv,248656118,77668285,8,364438449888,4102719075
dMean__B_3_blood_all/OPTIM_pcs/base_output/base/cis_nominal1.cis_qtl_pairs.18.tsv,71301671,22603802,8,364516118309,1285256292
dMean__B_3_blood_all/OPTIM_pcs/base_output/base/cis_nominal1.cis_qtl_pairs.13.tsv,83107626,25998482,8,364538722247,909597045
dMean__Epithelial_26_ct_all/OPTIM_pcs/base_output/base/cis_nominal1.cis_qtl_pairs.3.tsv,274551885,90725823,8,364564720865,2370707147
dMean__Epithelial_26_ct_all/OPTIM_pcs/base_output/base/cis_nominal1.cis_qtl_pairs.15.tsv,149980440,49861898,8,364655446830,1288905601
dMean__Epithelial_26_ct_all/OPTIM_pcs/base_output/base/cis_nominal1.cis_qtl_pairs.16.tsv,208995323,70441689,8,364705308871,2989722544
dMean__Epithelial_26_ct_all/OPTIM_pcs/base_output/base/cis_nominal1.cis_qtl_pairs.4.tsv,207553972,68387204,8,364775750703,2988112448
dMean__Epithelial_26_ct_all/OPTIM_pcs/base_output/base/cis_nominal1.cis_qtl_pairs.21.tsv,54432131,18135816,8,364844138049,1149343592
dMean__Epithelial_26_ct_all/OPTIM_pcs/base_output/base/cis_nominal1.cis_qtl_pairs.7.tsv,253710611,84528138,8,364862274008,1866839275
dMean__Epithelial_26_ct_all/OPTIM_pcs/base_output/base/cis_nominal1.cis_qtl_pairs.22.tsv,104583354,34855868,8,364946802288,3531803389
dMean__Epithelial_26_ct_all/OPTIM_pcs/base_output/base/cis_nominal1.cis_qtl_pairs.11.tsv,267768546,88342508,8,364981658299,2645770291
dMean__Epithelial_26_ct_all/OPTIM_pcs/base_output/base/cis_nominal1.cis_qtl_pairs.6.tsv,340740420,107078537,8,365070000950,3682666785
dMean__Epithelial_26_ct_all/OPTIM_pcs/base_output/base/cis_nominal1.cis_qtl_pairs.2.tsv,330353346,109733896,8,365177079629,3597870611
dMean__Epithelial_26_ct_all/OPTIM_pcs/base_output/base/cis_nominal1.cis_qtl_pairs.17.tsv,271852386,90612539,8,365286813667,2912770945
dMean__Epithelial_26_ct_all/OPTIM_pcs/base_output/base/Cis_eqtls_qval.tsv,3018527,1292607,8,365377426349,404019958
dMean__Epithelial_26_ct_all/OPTIM_pcs/base_output/base/cis_nominal1.cis_qtl_pairs.5.tsv,226801562,75148437,8,365378719084,3216938149
dMean__Epithelial_26_ct_all/OPTIM_pcs/base_output/base/cis_nominal1.cis_qtl_pairs.9.tsv,205405884,68749010,8,365453867663,1335911509
dMean__Epithelial_26_ct_all/OPTIM_pcs/base_output/base/cis_nominal1.cis_qtl_pairs.19.tsv,360104404,120157010,8,365522616815,581183511
dMean__Epithelial_26_ct_all/OPTIM_pcs/base_output/base/cis_nominal1.cis_qtl_pairs.10.tsv,196977450,64520359,8,365642773968,40958463
dMean__Epithelial_26_ct_all/OPTIM_pcs/base_output/base/cis_nominal1.cis_qtl_pairs.8.tsv,181482015,60408441,8,365707294470,2538560636
dMean__Epithelial_26_ct_all/OPTIM_pcs/base_output/base/cis_nominal1.cis_qtl_pairs.14.tsv,184194074,60970196,8,365767703053,3610773392
dMean__Epithelial_26_ct_all/OPTIM_pcs/base_output/base/cis_nominal1.cis_qtl_pairs.1.tsv,442559627,146555635,8,365828673392,877765740
dMean__Epithelial_26_ct_all/OPTIM_pcs/base_output/base/cis_nominal1.cis_qtl_pairs.20.tsv,135890397,45264144,8,365975229169,1195881943
dMean__Epithelial_26_ct_all/OPTIM_pcs/base_output/base/Cis_eqtls_independent.tsv,123184,51193,8,366020493456,1705691076
dMean__Epithelial_26_ct_all/OPTIM_pcs/base_output/base/cis_nominal1.cis_qtl_pairs.12.tsv,260621721,85566065,8,366020544784,2228326077
dMean__Epithelial_26_ct_all/OPTIM_pcs/base_output/base/cis_nominal1.cis_qtl_pairs.18.tsv,80097835,26567948,8,366106110992,937478118
dMean__Epithelial_26_ct_all/OPTIM_pcs/base_output/base/cis_nominal1.cis_qtl_pairs.13.tsv,94334034,31072067,8,366132679083,1550510401
dMean__Mesenchymal_5_ti_all/OPTIM_pcs/base_output/base/cis_nominal1.cis_qtl_pairs.3.tsv,224598708,69468137,8,366163751293,244257211
dMean__Mesenchymal_5_ti_all/OPTIM_pcs/base_output/base/cis_nominal1.cis_qtl_pairs.15.tsv,115202763,36088685,8,366233219572,3356277178
dMean__Mesenchymal_5_ti_all/OPTIM_pcs/base_output/base/cis_nominal1.cis_qtl_pairs.16.tsv,162989891,52130765,8,366269308400,3557176896
dMean__Mesenchymal_5_ti_all/OPTIM_pcs/base_output/base/cis_nominal1.cis_qtl_pairs.4.tsv,162587030,49944697,8,366321439308,3160071374
dMean__Mesenchymal_5_ti_all/OPTIM_pcs/base_output/base/cis_nominal1.cis_qtl_pairs.21.tsv,43407619,13740016,8,366371384147,1386360057
dMean__Mesenchymal_5_ti_all/OPTIM_pcs/base_output/base/cis_nominal1.cis_qtl_pairs.7.tsv,198187121,61799305,8,366385124306,3570252752
dMean__Mesenchymal_5_ti_all/OPTIM_pcs/base_output/base/cis_nominal1.cis_qtl_pairs.22.tsv,87823336,27795320,8,366446923753,3438984830
dMean__Mesenchymal_5_ti_all/OPTIM_pcs/base_output/base/cis_nominal1.cis_qtl_pairs.11.tsv,217151218,66630326,8,366474719216,3975209995
dMean__Mesenchymal_5_ti_all/OPTIM_pcs/base_output/base/cis_nominal1.cis_qtl_pairs.6.tsv,288145595,80694021,8,366541349685,57534312
dMean__Mesenchymal_5_ti_all/OPTIM_pcs/base_output/base/cis_nominal1.cis_qtl_pairs.2.tsv,263949266,82261689,8,366622043848,3858138867
dMean__Mesenchymal_5_ti_all/OPTIM_pcs/base_output/base/cis_nominal1.cis_qtl_pairs.17.tsv,217681481,68674983,8,366704305679,1603460739
dMean__Mesenchymal_5_ti_all/OPTIM_pcs/base_output/base/Cis_eqtls_qval.tsv,2369249,962698,8,366772980805,3840086531
dMean__Mesenchymal_5_ti_all/OPTIM_pcs/base_output/base/cis_nominal1.cis_qtl_pairs.5.tsv,185252413,57376987,8,366773943631,2255060290
dMean__Mesenchymal_5_ti_all/OPTIM_pcs/base_output/base/cis_nominal1.cis_qtl_pairs.9.tsv,163578310,51665677,8,366831320760,3263980492
dMean__Mesenchymal_5_ti_all/OPTIM_pcs/base_output/base/cis_nominal1.cis_qtl_pairs.19.tsv,304422756,96292707,8,366882986579,3017165471
dMean__Mesenchymal_5_ti_all/OPTIM_pcs/base_output/base/cis_nominal1.cis_qtl_pairs.10.tsv,169087438,51724525,8,366979279429,1000480628
dMean__Mesenchymal_5_ti_all/OPTIM_pcs/base_output/base/cis_nominal1.cis_qtl_pairs.8.tsv,136222251,42707879,8,367031004097,114863482
dMean__Mesenchymal_5_ti_all/OPTIM_pcs/base_output/base/cis_nominal1.cis_qtl_pairs.14.tsv,146069886,45418763,8,367073712118,2215953194
dMean__Mesenchymal_5_ti_all/OPTIM_pcs/base_output/base/cis_nominal1.cis_qtl_pairs.1.tsv,349752199,108459406,8,367119131024,2306369805
dMean__Mesenchymal_5_ti_all/OPTIM_pcs/base_output/base/cis_nominal1.cis_qtl_pairs.20.tsv,108172115,33818757,8,367227590572,3217384612
dMean__Mesenchymal_5_ti_all/OPTIM_pcs/base_output/base/Cis_eqtls_independent.tsv,326,208,8,367261409472,3602448605
dMean__Mesenchymal_5_ti_all/OPTIM_pcs/base_output/base/cis_nominal1.cis_qtl_pairs.12.tsv,217100890,66567702,8,367261409815,3970547315
dMean__Mesenchymal_5_ti_all/OPTIM_pcs/base_output/base/cis_nominal1.cis_qtl_pairs.18.tsv,64147518,20087253,8,367327977660,530847229
dMean__Mesenchymal_5_ti_all/OPTIM_pcs/base_output/base/cis_nominal1.cis_qtl_pairs.13.tsv,79257702,24506461,8,367348065056,3761697718
dMean__T_6_ct_all/OPTIM_pcs/base_output/base/cis_nominal1.cis_qtl_pairs.3.tsv,252146495,83825202,8,367372571660,3695980572
dMean__T_6_ct_all/OPTIM_pcs/base_output/base/cis_nominal1.cis_qtl_pairs.15.tsv,142626041,47690773,8,367456396994,1950816813
dMean__T_6_ct_all/OPTIM_pcs/base_output/base/cis_nominal1.cis_qtl_pairs.16.tsv,203845546,69065011,8,367504087900,2456900737
dMean__T_6_ct_all/OPTIM_pcs/base_output/base/cis_nominal1.cis_qtl_pairs.4.tsv,187126820,62254944,8,367573153044,274657814
dMean__T_6_ct_all/OPTIM_pcs/base_output/base/cis_nominal1.cis_qtl_pairs.21.tsv,56293695,18846676,8,367635408120,3480771514
dMean__T_6_ct_all/OPTIM_pcs/base_output/base/cis_nominal1.cis_qtl_pairs.7.tsv,225186621,75373453,8,367654254929,4212581518
dMean__T_6_ct_all/OPTIM_pcs/base_output/base/cis_nominal1.cis_qtl_pairs.22.tsv,113644953,38111642,8,367729628514,1404086911
dMean__T_6_ct_all/OPTIM_pcs/base_output/base/cis_nominal1.cis_qtl_pairs.11.tsv,248896560,82572121,8,367767740289,3657113875
dMean__T_6_ct_all/OPTIM_pcs/base_output/base/cis_nominal1.cis_qtl_pairs.6.tsv,352200815,110772590,8,367850312543,1106677047
dMean__T_6_ct_all/OPTIM_pcs/base_output/base/cis_nominal1.cis_qtl_pairs.2.tsv,301018929,100717194,8,367961085265,1774718924
dMean__T_6_ct_all/OPTIM_pcs/base_output/base/cis_nominal1.cis_qtl_pairs.17.tsv,278857452,93476334,8,368061802591,2801872880
dMean__T_6_ct_all/OPTIM_pcs/base_output/base/Cis_eqtls_qval.tsv,2875593,1235315,8,368155279058,3986626764
dMean__T_6_ct_all/OPTIM_pcs/base_output/base/cis_nominal1.cis_qtl_pairs.5.tsv,206873108,68933309,8,368156514491,1135586800
dMean__T_6_ct_all/OPTIM_pcs/base_output/base/cis_nominal1.cis_qtl_pairs.9.tsv,181345299,61048233,8,368225447932,3841878223
dMean__T_6_ct_all/OPTIM_pcs/base_output/base/cis_nominal1.cis_qtl_pairs.19.tsv,383113381,128427051,8,368286496297,4127126663
dMean__T_6_ct_all/OPTIM_pcs/base_output/base/cis_nominal1.cis_qtl_pairs.10.tsv,183196335,60459495,8,368414923481,1232570896
dMean__T_6_ct_all/OPTIM_pcs/base_output/base/cis_nominal1.cis_qtl_pairs.8.tsv,159873073,53621626,8,368475383109,364886286
dMean__T_6_ct_all/OPTIM_pcs/base_output/base/cis_nominal1.cis_qtl_pairs.14.tsv,179352208,59667555,8,368529004867,3003607212
dMean__T_6_ct_all/OPTIM_pcs/base_output/base/cis_nominal1.cis_qtl_pairs.1.tsv,414052522,137923413,8,368588672555,514879329
dMean__T_6_ct_all/OPTIM_pcs/base_output/base/cis_nominal1.cis_qtl_pairs.20.tsv,124934071,41847243,8,368726596100,2837092971
dMean__T_6_ct_all/OPTIM_pcs/base_output/base/Cis_eqtls_independent.tsv,199840,82619,8,368768443476,991878076
dMean__T_6_ct_all/OPTIM_pcs/base_output/base/cis_nominal1.cis_qtl_pairs.12.tsv,260198851,85972435,8,368768526220,2122661129
dMean__T_6_ct_all/OPTIM_pcs/base_output/base/cis_nominal1.cis_qtl_pairs.18.tsv,77652261,25976677,8,368854498788,139673861
dMean__T_6_ct_all/OPTIM_pcs/base_output/base/cis_nominal1.cis_qtl_pairs.13.tsv,87050065,28877774,8,368880475598,2275710754
dMean__Myeloid_7_blood_all/OPTIM_pcs/base_output/base/cis_nominal1.cis_qtl_pairs.3.tsv,134595216,40727083,8,368909353505,424811102
dMean__Myeloid_7_blood_all/OPTIM_pcs/base_output/base/cis_nominal1.cis_qtl_pairs.15.tsv,70683056,21689595,8,368950080729,1344202006
dMean__Myeloid_7_blood_all/OPTIM_pcs/base_output/base/cis_nominal1.cis_qtl_pairs.16.tsv,98131833,30915697,8,368971770466,2778165583
dMean__Myeloid_7_blood_all/OPTIM_pcs/base_output/base/cis_nominal1.cis_qtl_pairs.4.tsv,100092132,30051085,8,369002686305,1865749403
dMean__Myeloid_7_blood_all/OPTIM_pcs/base_output/base/cis_nominal1.cis_qtl_pairs.21.tsv,25998556,8015048,8,369032737531,1218421761
dMean__Myeloid_7_blood_all/OPTIM_pcs/base_output/base/cis_nominal1.cis_qtl_pairs.7.tsv,121247943,37091579,8,369040752721,2237938800
dMean__Myeloid_7_blood_all/OPTIM_pcs/base_output/base/cis_nominal1.cis_qtl_pairs.22.tsv,53085036,16407321,8,369077844441,2939354892
dMean__Myeloid_7_blood_all/OPTIM_pcs/base_output/base/cis_nominal1.cis_qtl_pairs.11.tsv,126743088,38397112,8,369094251904,3405178692
dMean__Myeloid_7_blood_all/OPTIM_pcs/base_output/base/cis_nominal1.cis_qtl_pairs.6.tsv,186313152,50313812,8,369132649158,742497063
dMean__Myeloid_7_blood_all/OPTIM_pcs/base_output/base/cis_nominal1.cis_qtl_pairs.2.tsv,160311728,49022157,8,369182963111,3234221816
dMean__Myeloid_7_blood_all/OPTIM_pcs/base_output/base/cis_nominal1.cis_qtl_pairs.17.tsv,134393177,41323321,8,369231985409,4265826190
dMean__Myeloid_7_blood_all/OPTIM_pcs/base_output/base/Cis_eqtls_qval.tsv,1439756,580253,8,369273308872,4101556492
dMean__Myeloid_7_blood_all/OPTIM_pcs/base_output/base/cis_nominal1.cis_qtl_pairs.5.tsv,112823202,34223434,8,369273889252,4096983056
dMean__Myeloid_7_blood_all/OPTIM_pcs/base_output/base/cis_nominal1.cis_qtl_pairs.9.tsv,93380897,28694470,8,369308112827,3851892043
dMean__Myeloid_7_blood_all/OPTIM_pcs/base_output/base/cis_nominal1.cis_qtl_pairs.19.tsv,181726888,56367148,8,369336807438,2785861057
dMean__Myeloid_7_blood_all/OPTIM_pcs/base_output/base/cis_nominal1.cis_qtl_pairs.10.tsv,101232617,30279572,8,369393174728,3027721295
dMean__Myeloid_7_blood_all/OPTIM_pcs/base_output/base/cis_nominal1.cis_qtl_pairs.8.tsv,80517845,24611360,8,369423454442,1999200968
dMean__Myeloid_7_blood_all/OPTIM_pcs/base_output/base/cis_nominal1.cis_qtl_pairs.14.tsv,93960795,28591461,8,369448065943,2128917108
dMean__Myeloid_7_blood_all/OPTIM_pcs/base_output/base/cis_nominal1.cis_qtl_pairs.1.tsv,224987315,67897784,8,369476657546,2855569919
dMean__Myeloid_7_blood_all/OPTIM_pcs/base_output/base/cis_nominal1.cis_qtl_pairs.20.tsv,69857496,21490213,8,369544555471,110773450
dMean__Myeloid_7_blood_all/OPTIM_pcs/base_output/base/Cis_eqtls_independent.tsv,331,211,8,369566045826,73096927
dMean__Myeloid_7_blood_all/OPTIM_pcs/base_output/base/cis_nominal1.cis_qtl_pairs.12.tsv,134955428,40496068,8,369566046171,2070618998
dMean__Myeloid_7_blood_all/OPTIM_pcs/base_output/base/cis_nominal1.cis_qtl_pairs.18.tsv,37942720,11659066,8,369606542381,1292282826
dMean__Myeloid_7_blood_all/OPTIM_pcs/base_output/base/cis_nominal1.cis_qtl_pairs.13.tsv,48340210,14644839,8,369618201589,3428021035
dMean__Myeloid_8_ct_all/OPTIM_pcs/base_output/base/cis_nominal1.cis_qtl_pairs.3.tsv,278601869,91868910,8,369632846570,3204850330
dMean__Myeloid_8_ct_all/OPTIM_pcs/base_output/base/cis_nominal1.cis_qtl_pairs.15.tsv,152508265,50645529,8,369724715618,2378329233
dMean__Myeloid_8_ct_all/OPTIM_pcs/base_output/base/cis_nominal1.cis_qtl_pairs.16.tsv,229307442,77149651,8,369775361286,1425043383
dMean__Myeloid_8_ct_all/OPTIM_pcs/base_output/base/cis_nominal1.cis_qtl_pairs.4.tsv,201634018,66287247,8,369852511076,2465308760
dMean__Myeloid_8_ct_all/OPTIM_pcs/base_output/base/cis_nominal1.cis_qtl_pairs.21.tsv,57283908,19048039,8,369918798461,3120905779
dMean__Myeloid_8_ct_all/OPTIM_pcs/base_output/base/cis_nominal1.cis_qtl_pairs.7.tsv,243384581,80931292,8,369937846639,914197572
dMean__Myeloid_8_ct_all/OPTIM_pcs/base_output/base/cis_nominal1.cis_qtl_pairs.22.tsv,115753970,38538693,8,370018778069,1945394512
dMean__Myeloid_8_ct_all/OPTIM_pcs/base_output/base/cis_nominal1.cis_qtl_pairs.11.tsv,276607931,90944777,8,370057316901,720822770
dMean__Myeloid_8_ct_all/OPTIM_pcs/base_output/base/cis_nominal1.cis_qtl_pairs.6.tsv,369071077,114871464,8,370148261817,1100420771
dMean__Myeloid_8_ct_all/OPTIM_pcs/base_output/base/cis_nominal1.cis_qtl_pairs.2.tsv,323009457,107263017,8,370263133419,1218763651
dMean__Myeloid_8_ct_all/OPTIM_pcs/base_output/base/cis_nominal1.cis_qtl_pairs.17.tsv,291604064,97085164,8,370370396574,2947046662
dMean__Myeloid_8_ct_all/OPTIM_pcs/base_output/base/Cis_eqtls_qval.tsv,3122041,1337722,8,370467481877,707095629
dMean__Myeloid_8_ct_all/OPTIM_pcs/base_output/base/cis_nominal1.cis_qtl_pairs.5.tsv,221953336,73388004,8,370468819723,1709498746
dMean__Myeloid_8_ct_all/OPTIM_pcs/base_output/base/cis_nominal1.cis_qtl_pairs.9.tsv,199163644,66524404,8,370542207865,3224033019
dMean__Myeloid_8_ct_all/OPTIM_pcs/base_output/base/cis_nominal1.cis_qtl_pairs.19.tsv,425928122,141878033,8,370608732407,600716777
dMean__Myeloid_8_ct_all/OPTIM_pcs/base_output/base/cis_nominal1.cis_qtl_pairs.10.tsv,209299597,68478622,8,370750610579,2502194307
dMean__Myeloid_8_ct_all/OPTIM_pcs/base_output/base/cis_nominal1.cis_qtl_pairs.8.tsv,173830055,57781588,8,370819089340,2641840498
dMean__Myeloid_8_ct_all/OPTIM_pcs/base_output/base/cis_nominal1.cis_qtl_pairs.14.tsv,186622560,61649892,8,370876871066,671705390
dMean__Myeloid_8_ct_all/OPTIM_pcs/base_output/base/cis_nominal1.cis_qtl_pairs.1.tsv,452924405,149403924,8,370938521097,4117563703
dMean__Myeloid_8_ct_all/OPTIM_pcs/base_output/base/cis_nominal1.cis_qtl_pairs.20.tsv,136936685,45505191,8,371087925159,703933332
dMean__Myeloid_8_ct_all/OPTIM_pcs/base_output/base/Cis_eqtls_independent.tsv,130796,54265,8,371133430489,717976905
dMean__Myeloid_8_ct_all/OPTIM_pcs/base_output/base/cis_nominal1.cis_qtl_pairs.12.tsv,290056822,94926197,8,371133484885,2129499640
dMean__Myeloid_8_ct_all/OPTIM_pcs/base_output/base/cis_nominal1.cis_qtl_pairs.18.tsv,81586669,27079927,8,371228411221,3231761550
dMean__Myeloid_8_ct_all/OPTIM_pcs/base_output/base/cis_nominal1.cis_qtl_pairs.13.tsv,94700686,31161044,8,371255491287,3102922471
dMean__T_blood_all/OPTIM_pcs/base_output/base/cis_nominal1.cis_qtl_pairs.3.tsv,419282103,132242590,8,371286652470,1888879463
dMean__T_blood_all/OPTIM_pcs/base_output/base/cis_nominal1.cis_qtl_pairs.15.tsv,248505079,79589402,8,371418895193,150374615
dMean__T_blood_all/OPTIM_pcs/base_output/base/cis_nominal1.cis_qtl_pairs.16.tsv,370889132,120420485,8,371498484729,704778684
dMean__T_blood_all/OPTIM_pcs/base_output/base/cis_nominal1.cis_qtl_pairs.4.tsv,314713244,98523910,8,371618905348,1959976068
dMean__T_blood_all/OPTIM_pcs/base_output/base/cis_nominal1.cis_qtl_pairs.21.tsv,96081375,30804159,8,371717429391,4139013132
dMean__T_blood_all/OPTIM_pcs/base_output/base/cis_nominal1.cis_qtl_pairs.7.tsv,371223932,118028082,8,371748233684,177000194
dMean__T_blood_all/OPTIM_pcs/base_output/base/cis_nominal1.cis_qtl_pairs.22.tsv,187816340,60425893,8,371866261899,4136946827
dMean__T_blood_all/OPTIM_pcs/base_output/base/cis_nominal1.cis_qtl_pairs.11.tsv,413898345,130537314,8,371926687926,2182196692
dMean__T_blood_all/OPTIM_pcs/base_output/base/cis_nominal1.cis_qtl_pairs.6.tsv,536244510,156318034,8,372057225374,1664123614
dMean__T_blood_all/OPTIM_pcs/base_output/base/cis_nominal1.cis_qtl_pairs.2.tsv,492448163,156904651,8,372213543541,4232024363
dMean__T_blood_all/OPTIM_pcs/base_output/base/cis_nominal1.cis_qtl_pairs.17.tsv,453748423,145723600,8,372370448325,2373956673
dMean__T_blood_all/OPTIM_pcs/base_output/base/Cis_eqtls_qval.tsv,4810204,2074137,8,372516172059,910926344
dMean__T_blood_all/OPTIM_pcs/base_output/base/cis_nominal1.cis_qtl_pairs.5.tsv,353198364,111842491,8,372518246315,911731636
dMean__T_blood_all/OPTIM_pcs/base_output/base/cis_nominal1.cis_qtl_pairs.9.tsv,280572593,90365865,8,372630088939,956349213
dMean__T_blood_all/OPTIM_pcs/base_output/base/cis_nominal1.cis_qtl_pairs.19.tsv,615306427,197957487,8,372720454937,3518426084
dMean__T_blood_all/OPTIM_pcs/base_output/base/cis_nominal1.cis_qtl_pairs.10.tsv,295897287,92501114,8,372918412558,1202653884
dMean__T_blood_all/OPTIM_pcs/base_output/base/cis_nominal1.cis_qtl_pairs.8.tsv,292111496,93209211,8,373010913806,2884372500
dMean__T_blood_all/OPTIM_pcs/base_output/base/cis_nominal1.cis_qtl_pairs.14.tsv,321040673,102035461,8,373104123150,971096896
dMean__T_blood_all/OPTIM_pcs/base_output/base/cis_nominal1.cis_qtl_pairs.1.tsv,684965493,216493616,8,373206158745,3033237142
dMean__T_blood_all/OPTIM_pcs/base_output/base/cis_nominal1.cis_qtl_pairs.20.tsv,201994315,64572143,8,373422652494,1940599655
dMean__T_blood_all/OPTIM_pcs/base_output/base/Cis_eqtls_independent.tsv,799393,326618,8,373487224771,1089329270
dMean__T_blood_all/OPTIM_pcs/base_output/base/cis_nominal1.cis_qtl_pairs.12.tsv,435652719,136580039,8,373487551515,2139460854
dMean__T_blood_all/OPTIM_pcs/base_output/base/cis_nominal1.cis_qtl_pairs.18.tsv,144023725,45966141,8,373624131688,2245015127
dMean__T_blood_all/OPTIM_pcs/base_output/base/cis_nominal1.cis_qtl_pairs.13.tsv,147765578,46468947,8,373670097963,2087763883
dMean__T_16_ct_all/OPTIM_pcs/base_output/base/cis_nominal1.cis_qtl_pairs.3.tsv,218595448,72656166,8,373716567044,1148674902
dMean__T_16_ct_all/OPTIM_pcs/base_output/base/cis_nominal1.cis_qtl_pairs.15.tsv,113113808,37764748,8,373789223343,3492463288
dMean__T_16_ct_all/OPTIM_pcs/base_output/base/cis_nominal1.cis_qtl_pairs.16.tsv,170616086,57734538,8,373826988225,3063093800
dMean__T_16_ct_all/OPTIM_pcs/base_output/base/cis_nominal1.cis_qtl_pairs.4.tsv,156990637,52135893,8,373884722897,1747667521
dMean__T_16_ct_all/OPTIM_pcs/base_output/base/cis_nominal1.cis_qtl_pairs.21.tsv,48597076,16255887,8,373936858923,931300433
dMean__T_16_ct_all/OPTIM_pcs/base_output/base/cis_nominal1.cis_qtl_pairs.7.tsv,194601264,65139673,8,373953114944,970927926
dMean__T_16_ct_all/OPTIM_pcs/base_output/base/cis_nominal1.cis_qtl_pairs.22.tsv,94627719,31695071,8,374018254750,1636001094
dMean__T_16_ct_all/OPTIM_pcs/base_output/base/cis_nominal1.cis_qtl_pairs.11.tsv,202062624,66999708,8,374049949955,3296976539
dMean__T_16_ct_all/OPTIM_pcs/base_output/base/cis_nominal1.cis_qtl_pairs.6.tsv,300173007,94555001,8,374116949797,3660850407
dMean__T_16_ct_all/OPTIM_pcs/base_output/base/cis_nominal1.cis_qtl_pairs.2.tsv,263872999,88209547,8,374211504931,2053625249
dMean__T_16_ct_all/OPTIM_pcs/base_output/base/cis_nominal1.cis_qtl_pairs.17.tsv,218494794,73116329,8,374299714611,2475608222
dMean__T_16_ct_all/OPTIM_pcs/base_output/base/Cis_eqtls_qval.tsv,2415884,1029169,8,374372831074,3350099241
dMean__T_16_ct_all/OPTIM_pcs/base_output/base/cis_nominal1.cis_qtl_pairs.5.tsv,178306181,59345088,8,374373860362,207462077
dMean__T_16_ct_all/OPTIM_pcs/base_output/base/cis_nominal1.cis_qtl_pairs.9.tsv,150925096,50808930,8,374433205583,1260497552
dMean__T_16_ct_all/OPTIM_pcs/base_output/base/cis_nominal1.cis_qtl_pairs.19.tsv,311413689,104407715,8,374484014646,3249527116
dMean__T_16_ct_all/OPTIM_pcs/base_output/base/cis_nominal1.cis_qtl_pairs.10.tsv,154943656,51127772,8,374588422495,1331339393
dMean__T_16_ct_all/OPTIM_pcs/base_output/base/cis_nominal1.cis_qtl_pairs.8.tsv,132383184,44319090,8,374639550401,1133447806
dMean__T_16_ct_all/OPTIM_pcs/base_output/base/cis_nominal1.cis_qtl_pairs.14.tsv,147036337,48938178,8,374683869624,574310584
dMean__T_16_ct_all/OPTIM_pcs/base_output/base/cis_nominal1.cis_qtl_pairs.1.tsv,351815057,117035094,8,374732807936,887084598
dMean__T_16_ct_all/OPTIM_pcs/base_output/base/cis_nominal1.cis_qtl_pairs.20.tsv,111621721,37359417,8,374849843163,2053343832
dMean__T_16_ct_all/OPTIM_pcs/base_output/base/Cis_eqtls_independent.tsv,57172,24247,8,374887202714,4014158849
dMean__T_16_ct_all/OPTIM_pcs/base_output/base/cis_nominal1.cis_qtl_pairs.12.tsv,219589719,72456628,8,374887227087,2395479236
dMean__T_16_ct_all/OPTIM_pcs/base_output/base/cis_nominal1.cis_qtl_pairs.18.tsv,67288224,22481401,8,374959683849,2088825737
dMean__T_16_ct_all/OPTIM_pcs/base_output/base/cis_nominal1.cis_qtl_pairs.13.tsv,79833830,26463475,8,374982165384,3124428840
dMean__T_4_ti_all/OPTIM_pcs/base_output/base/cis_nominal1.cis_qtl_pairs.3.tsv,209637618,69064005,8,375008628993,3678389203
dMean__T_4_ti_all/OPTIM_pcs/base_output/base/cis_nominal1.cis_qtl_pairs.15.tsv,109619301,36342154,8,375077693130,3060231312
dMean__T_4_ti_all/OPTIM_pcs/base_output/base/cis_nominal1.cis_qtl_pairs.16.tsv,163966403,55151030,8,375114035417,1037244814
dMean__T_4_ti_all/OPTIM_pcs/base_output/base/cis_nominal1.cis_qtl_pairs.4.tsv,150780080,49587938,8,375169186580,4138366656
dMean__T_4_ti_all/OPTIM_pcs/base_output/base/cis_nominal1.cis_qtl_pairs.21.tsv,44695067,14829366,8,375218774650,762651101
dMean__T_4_ti_all/OPTIM_pcs/base_output/base/cis_nominal1.cis_qtl_pairs.7.tsv,190483061,63286022,8,375233604149,1836549076
dMean__T_4_ti_all/OPTIM_pcs/base_output/base/cis_nominal1.cis_qtl_pairs.22.tsv,91684458,30510811,8,375296890303,2287559346
dMean__T_4_ti_all/OPTIM_pcs/base_output/base/cis_nominal1.cis_qtl_pairs.11.tsv,200627068,65958948,8,375327401247,774426945
dMean__T_4_ti_all/OPTIM_pcs/base_output/base/cis_nominal1.cis_qtl_pairs.6.tsv,290940418,90091696,8,375393360328,3874244275
dMean__T_4_ti_all/OPTIM_pcs/base_output/base/cis_nominal1.cis_qtl_pairs.2.tsv,255367786,84746541,8,375483452156,3081039461
dMean__T_4_ti_all/OPTIM_pcs/base_output/base/cis_nominal1.cis_qtl_pairs.17.tsv,218062506,72484706,8,375568198829,3026112653
dMean__T_4_ti_all/OPTIM_pcs/base_output/base/Cis_eqtls_qval.tsv,2347024,996780,8,375640683668,203829284
dMean__T_4_ti_all/OPTIM_pcs/base_output/base/cis_nominal1.cis_qtl_pairs.5.tsv,172120619,56825267,8,375641680566,133412314
dMean__T_4_ti_all/OPTIM_pcs/base_output/base/cis_nominal1.cis_qtl_pairs.9.tsv,144490999,48244581,8,375698505965,3606132316
dMean__T_4_ti_all/OPTIM_pcs/base_output/base/cis_nominal1.cis_qtl_pairs.19.tsv,305594731,101643447,8,375746750678,1879052477
dMean__T_4_ti_all/OPTIM_pcs/base_output/base/cis_nominal1.cis_qtl_pairs.10.tsv,153752058,50258789,8,375848394258,1118047472
dMean__T_4_ti_all/OPTIM_pcs/base_output/base/cis_nominal1.cis_qtl_pairs.8.tsv,124116320,41175496,8,375898653180,83834289
dMean__T_4_ti_all/OPTIM_pcs/base_output/base/cis_nominal1.cis_qtl_pairs.14.tsv,139266740,45961325,8,375939828808,726173984
dMean__T_4_ti_all/OPTIM_pcs/base_output/base/cis_nominal1.cis_qtl_pairs.1.tsv,345418300,113935471,8,375985790266,2735602502
dMean__T_4_ti_all/OPTIM_pcs/base_output/base/cis_nominal1.cis_qtl_pairs.20.tsv,104279453,34635744,8,376099725869,3722252135
dMean__T_4_ti_all/OPTIM_pcs/base_output/base/Cis_eqtls_independent.tsv,42823,18426,8,376134361746,3342295399
dMean__T_4_ti_all/OPTIM_pcs/base_output/base/cis_nominal1.cis_qtl_pairs.12.tsv,212721541,69591746,8,376134380297,2502923892
dMean__T_4_ti_all/OPTIM_pcs/base_output/base/cis_nominal1.cis_qtl_pairs.18.tsv,61629226,20423044,8,376203972176,608089737
dMean__T_4_ti_all/OPTIM_pcs/base_output/base/cis_nominal1.cis_qtl_pairs.13.tsv,74789361,24576310,8,376224395353,3104861179
dMean__Mesenchymal_ti_all/OPTIM_pcs/base_output/base/cis_nominal1.cis_qtl_pairs.3.tsv,284356825,93805411,8,376248971796,2249550529
dMean__Mesenchymal_ti_all/OPTIM_pcs/base_output/base/cis_nominal1.cis_qtl_pairs.15.tsv,155518116,51629170,8,376342777347,1871354483
dMean__Mesenchymal_ti_all/OPTIM_pcs/base_output/base/cis_nominal1.cis_qtl_pairs.16.tsv,212023971,71379979,8,376394406658,1877797840
dMean__Mesenchymal_ti_all/OPTIM_pcs/base_output/base/cis_nominal1.cis_qtl_pairs.4.tsv,223443512,73471258,8,376465786778,2791623072
dMean__Mesenchymal_ti_all/OPTIM_pcs/base_output/base/cis_nominal1.cis_qtl_pairs.21.tsv,59978328,19941892,8,376539258176,4159298094
dMean__Mesenchymal_ti_all/OPTIM_pcs/base_output/base/cis_nominal1.cis_qtl_pairs.7.tsv,258499646,85891836,8,376559200209,2519999462
dMean__Mesenchymal_ti_all/OPTIM_pcs/base_output/base/cis_nominal1.cis_qtl_pairs.22.tsv,113631259,37830903,8,376645092185,325116353
dMean__Mesenchymal_ti_all/OPTIM_pcs/base_output/base/cis_nominal1.cis_qtl_pairs.11.tsv,284768232,93669121,8,376682923229,4251784419
dMean__Mesenchymal_ti_all/OPTIM_pcs/base_output/base/cis_nominal1.cis_qtl_pairs.6.tsv,360143629,112254355,8,376776592491,4028459358
dMean__Mesenchymal_ti_all/OPTIM_pcs/base_output/base/cis_nominal1.cis_qtl_pairs.2.tsv,335859902,111313844,8,376888846986,2357864877
dMean__Mesenchymal_ti_all/OPTIM_pcs/base_output/base/cis_nominal1.cis_qtl_pairs.17.tsv,279438121,92943264,8,377000160970,3840874790
dMean__Mesenchymal_ti_all/OPTIM_pcs/base_output/base/Cis_eqtls_qval.tsv,3099118,1309956,8,377093104375,4190787736
dMean__Mesenchymal_ti_all/OPTIM_pcs/base_output/base/cis_nominal1.cis_qtl_pairs.5.tsv,242235803,80080737,8,377094414457,1672804677
dMean__Mesenchymal_ti_all/OPTIM_pcs/base_output/base/cis_nominal1.cis_qtl_pairs.9.tsv,210319116,70267359,8,377174495334,3403323619
dMean__Mesenchymal_ti_all/OPTIM_pcs/base_output/base/cis_nominal1.cis_qtl_pairs.19.tsv,370855268,123427114,8,377244762833,3120799257
dMean__Mesenchymal_ti_all/OPTIM_pcs/base_output/base/cis_nominal1.cis_qtl_pairs.10.tsv,209195330,68398914,8,377368190088,4177130122
dMean__Mesenchymal_ti_all/OPTIM_pcs/base_output/base/cis_nominal1.cis_qtl_pairs.8.tsv,188231546,62522387,8,377436589143,2933182837
dMean__Mesenchymal_ti_all/OPTIM_pcs/base_output/base/cis_nominal1.cis_qtl_pairs.14.tsv,187976135,62063833,8,377499111670,3568755193
dMean__Mesenchymal_ti_all/OPTIM_pcs/base_output/base/cis_nominal1.cis_qtl_pairs.1.tsv,440396474,145334226,8,377561175644,233090600
dMean__Mesenchymal_ti_all/OPTIM_pcs/base_output/base/cis_nominal1.cis_qtl_pairs.20.tsv,134655030,44714826,8,377706510010,2909678278
dMean__Mesenchymal_ti_all/OPTIM_pcs/base_output/base/Cis_eqtls_independent.tsv,29297,12751,8,377751224977,1501853334
dMean__Mesenchymal_ti_all/OPTIM_pcs/base_output/base/cis_nominal1.cis_qtl_pairs.12.tsv,277632773,90882670,8,377751237861,340919813
dMean__Mesenchymal_ti_all/OPTIM_pcs/base_output/base/cis_nominal1.cis_qtl_pairs.18.tsv,82786467,27452317,8,377842120672,3913794204
dMean__Mesenchymal_ti_all/OPTIM_pcs/base_output/base/cis_nominal1.cis_qtl_pairs.13.tsv,96222952,31632704,8,377869573130,2059846893
dMean__Epithelial_3_r_all/OPTIM_pcs/base_output/base/cis_nominal1.cis_qtl_pairs.3.tsv,368935690,121234973,8,377901205975,1929677376
dMean__Epithelial_3_r_all/OPTIM_pcs/base_output/base/cis_nominal1.cis_qtl_pairs.15.tsv,220120939,72902873,8,378022441088,3114360515
dMean__Epithelial_3_r_all/OPTIM_pcs/base_output/base/cis_nominal1.cis_qtl_pairs.16.tsv,319999492,107361603,8,378095344102,2228416245
dMean__Epithelial_3_r_all/OPTIM_pcs/base_output/base/cis_nominal1.cis_qtl_pairs.4.tsv,280220427,91760266,8,378202705846,3041716381
dMean__Epithelial_3_r_all/OPTIM_pcs/base_output/base/cis_nominal1.cis_qtl_pairs.21.tsv,81084179,26830302,8,378294466252,1758357868
dMean__Epithelial_3_r_all/OPTIM_pcs/base_output/base/cis_nominal1.cis_qtl_pairs.7.tsv,330402565,109455991,8,378321296695,2578205348
dMean__Epithelial_3_r_all/OPTIM_pcs/base_output/base/cis_nominal1.cis_qtl_pairs.22.tsv,151912119,50390810,8,378430752826,1895993209
dMean__Epithelial_3_r_all/OPTIM_pcs/base_output/base/cis_nominal1.cis_qtl_pairs.11.tsv,355033624,116555575,8,378481143777,2847195676
dMean__Epithelial_3_r_all/OPTIM_pcs/base_output/base/cis_nominal1.cis_qtl_pairs.6.tsv,453918552,141042650,8,378597699493,3065864318
dMean__Epithelial_3_r_all/OPTIM_pcs/base_output/base/cis_nominal1.cis_qtl_pairs.2.tsv,439487161,145151896,8,378738742283,2468541972
dMean__Epithelial_3_r_all/OPTIM_pcs/base_output/base/cis_nominal1.cis_qtl_pairs.17.tsv,382143265,126713597,8,378883894319,1708959550
dMean__Epithelial_3_r_all/OPTIM_pcs/base_output/base/Cis_eqtls_qval.tsv,4131856,1782713,8,379010608057,349394680
dMean__Epithelial_3_r_all/OPTIM_pcs/base_output/base/cis_nominal1.cis_qtl_pairs.5.tsv,302351890,99528274,8,379012390896,195920313
dMean__Epithelial_3_r_all/OPTIM_pcs/base_output/base/cis_nominal1.cis_qtl_pairs.9.tsv,260547528,86816129,8,379111919310,1944631805
dMean__Epithelial_3_r_all/OPTIM_pcs/base_output/base/cis_nominal1.cis_qtl_pairs.19.tsv,513480968,170445981,8,379198735579,18074148
dMean__Epithelial_3_r_all/OPTIM_pcs/base_output/base/cis_nominal1.cis_qtl_pairs.10.tsv,265745452,86467744,8,379369181701,2225149061
dMean__Epithelial_3_r_all/OPTIM_pcs/base_output/base/cis_nominal1.cis_qtl_pairs.8.tsv,248117090,82197729,8,379455649586,1608020531
dMean__Epithelial_3_r_all/OPTIM_pcs/base_output/base/cis_nominal1.cis_qtl_pairs.14.tsv,244074125,80270501,8,379537847455,1620970867
dMean__Epithelial_3_r_all/OPTIM_pcs/base_output/base/cis_nominal1.cis_qtl_pairs.1.tsv,601988160,198273362,8,379618118097,1613625392
dMean__Epithelial_3_r_all/OPTIM_pcs/base_output/base/cis_nominal1.cis_qtl_pairs.20.tsv,173674880,57546571,8,379816391599,447020913
dMean__Epithelial_3_r_all/OPTIM_pcs/base_output/base/Cis_eqtls_independent.tsv,1628782,665536,8,379873938311,3597541358
dMean__Epithelial_3_r_all/OPTIM_pcs/base_output/base/cis_nominal1.cis_qtl_pairs.12.tsv,351776470,114801094,8,379874603980,1267617735
dMean__Epithelial_3_r_all/OPTIM_pcs/base_output/base/cis_nominal1.cis_qtl_pairs.18.tsv,120446944,39724269,8,379989405215,3271786203
dMean__Epithelial_3_r_all/OPTIM_pcs/base_output/base/cis_nominal1.cis_qtl_pairs.13.tsv,125586624,41184084,8,380029129625,1268953033
dMean__T_1_r_all/OPTIM_pcs/base_output/base/cis_nominal1.cis_qtl_pairs.3.tsv,172930929,54473922,8,380070313850,2360767319
dMean__T_1_r_all/OPTIM_pcs/base_output/base/cis_nominal1.cis_qtl_pairs.15.tsv,87927641,27958144,8,380124787903,1830275046
dMean__T_1_r_all/OPTIM_pcs/base_output/base/cis_nominal1.cis_qtl_pairs.16.tsv,123753240,40133102,8,380152746179,2329475929
dMean__T_1_r_all/OPTIM_pcs/base_output/base/cis_nominal1.cis_qtl_pairs.4.tsv,130237095,40738250,8,380192879413,3951538244
dMean__T_1_r_all/OPTIM_pcs/base_output/base/cis_nominal1.cis_qtl_pairs.21.tsv,33654105,10732305,8,380233617794,1073405899
dMean__T_1_r_all/OPTIM_pcs/base_output/base/cis_nominal1.cis_qtl_pairs.7.tsv,153267818,48693161,8,380244350231,1755630466
dMean__T_1_r_all/OPTIM_pcs/base_output/base/cis_nominal1.cis_qtl_pairs.22.tsv,68314414,21996408,8,380293043523,1623915418
dMean__T_1_r_all/OPTIM_pcs/base_output/base/cis_nominal1.cis_qtl_pairs.11.tsv,161490819,50946689,8,380315040063,3183928973
dMean__T_1_r_all/OPTIM_pcs/base_output/base/cis_nominal1.cis_qtl_pairs.6.tsv,231234028,67055294,8,380365986884,779203205
dMean__T_1_r_all/OPTIM_pcs/base_output/base/cis_nominal1.cis_qtl_pairs.2.tsv,210059196,66824500,8,380433042309,1445056277
dMean__T_1_r_all/OPTIM_pcs/base_output/base/cis_nominal1.cis_qtl_pairs.17.tsv,167299630,53528804,8,380499866940,938941349
dMean__T_1_r_all/OPTIM_pcs/base_output/base/Cis_eqtls_qval.tsv,1917929,783613,8,380553395876,1393530379
dMean__T_1_r_all/OPTIM_pcs/base_output/base/cis_nominal1.cis_qtl_pairs.5.tsv,146858491,46357442,8,380554179606,3461026801
dMean__T_1_r_all/OPTIM_pcs/base_output/base/cis_nominal1.cis_qtl_pairs.9.tsv,118230865,37932682,8,380600537179,1815059797
dMean__T_1_r_all/OPTIM_pcs/base_output/base/cis_nominal1.cis_qtl_pairs.19.tsv,217886857,69818955,8,380638469992,1376525748
dMean__T_1_r_all/OPTIM_pcs/base_output/base/cis_nominal1.cis_qtl_pairs.10.tsv,128189058,40197228,8,380708289079,3865524417
dMean__T_1_r_all/OPTIM_pcs/base_output/base/cis_nominal1.cis_qtl_pairs.8.tsv,105038195,33376563,8,380748486439,3680140227
dMean__T_1_r_all/OPTIM_pcs/base_output/base/cis_nominal1.cis_qtl_pairs.14.tsv,116230498,36743676,8,380781863133,2797045471
dMean__T_1_r_all/OPTIM_pcs/base_output/base/cis_nominal1.cis_qtl_pairs.1.tsv,281062051,88702926,8,380818606941,1672507331
dMean__T_1_r_all/OPTIM_pcs/base_output/base/cis_nominal1.cis_qtl_pairs.20.tsv,85563791,27326474,8,380907309998,3951149330
dMean__T_1_r_all/OPTIM_pcs/base_output/base/Cis_eqtls_independent.tsv,1239,647,8,380934636604,2374130180
dMean__T_1_r_all/OPTIM_pcs/base_output/base/cis_nominal1.cis_qtl_pairs.12.tsv,169671120,53029924,8,380934637375,3743703572
dMean__T_1_r_all/OPTIM_pcs/base_output/base/cis_nominal1.cis_qtl_pairs.18.tsv,51889026,16478352,8,380987667431,1294350679
dMean__T_1_r_all/OPTIM_pcs/base_output/base/cis_nominal1.cis_qtl_pairs.13.tsv,65714745,20656043,8,381004145915,2779361168
dMean__Mesenchymal_4_r_all/OPTIM_pcs/base_output/base/cis_nominal1.cis_qtl_pairs.3.tsv,215960172,64557851,8,381024802090,1825201246
dMean__Mesenchymal_4_r_all/OPTIM_pcs/base_output/base/cis_nominal1.cis_qtl_pairs.15.tsv,111463163,33878353,8,381089360082,1902246368
dMean__Mesenchymal_4_r_all/OPTIM_pcs/base_output/base/cis_nominal1.cis_qtl_pairs.16.tsv,153320713,47739638,8,381123238577,2641201977
dMean__Mesenchymal_4_r_all/OPTIM_pcs/base_output/base/cis_nominal1.cis_qtl_pairs.4.tsv,161973569,47963377,8,381170978357,1998499739
dMean__Mesenchymal_4_r_all/OPTIM_pcs/base_output/base/cis_nominal1.cis_qtl_pairs.21.tsv,43116611,13195179,8,381218941875,1326103960
dMean__Mesenchymal_4_r_all/OPTIM_pcs/base_output/base/cis_nominal1.cis_qtl_pairs.7.tsv,195703415,58665438,8,381232137196,3865875891
dMean__Mesenchymal_4_r_all/OPTIM_pcs/base_output/base/cis_nominal1.cis_qtl_pairs.22.tsv,83997265,25795865,8,381290802775,1110944176
dMean__Mesenchymal_4_r_all/OPTIM_pcs/base_output/base/cis_nominal1.cis_qtl_pairs.11.tsv,211522757,63344700,8,381316598782,1764920521
dMean__Mesenchymal_4_r_all/OPTIM_pcs/base_output/base/cis_nominal1.cis_qtl_pairs.6.tsv,272416948,72877043,8,381379943624,3857285906
dMean__Mesenchymal_4_r_all/OPTIM_pcs/base_output/base/cis_nominal1.cis_qtl_pairs.2.tsv,248410548,75304567,8,381452820808,1960422396
dMean__Mesenchymal_4_r_all/OPTIM_pcs/base_output/base/cis_nominal1.cis_qtl_pairs.17.tsv,207395058,63499539,8,381528125516,1083003262
dMean__Mesenchymal_4_r_all/OPTIM_pcs/base_output/base/Cis_eqtls_qval.tsv,2353176,968659,8,381591625197,851106916
dMean__Mesenchymal_4_r_all/OPTIM_pcs/base_output/base/cis_nominal1.cis_qtl_pairs.5.tsv,174281507,52373732,8,381592593983,4033234446
dMean__Mesenchymal_4_r_all/OPTIM_pcs/base_output/base/cis_nominal1.cis_qtl_pairs.9.tsv,154142938,47169202,8,381644967856,4118516973
dMean__Mesenchymal_4_r_all/OPTIM_pcs/base_output/base/cis_nominal1.cis_qtl_pairs.19.tsv,280012436,85469180,8,381692137199,1588638287
dMean__Mesenchymal_4_r_all/OPTIM_pcs/base_output/base/cis_nominal1.cis_qtl_pairs.10.tsv,159651618,47513267,8,381777606521,4159630877
dMean__Mesenchymal_4_r_all/OPTIM_pcs/base_output/base/cis_nominal1.cis_qtl_pairs.8.tsv,135270715,40845482,8,381825119930,3951863251
dMean__Mesenchymal_4_r_all/OPTIM_pcs/base_output/base/cis_nominal1.cis_qtl_pairs.14.tsv,136931569,41223379,8,381865965553,181640246
dMean__Mesenchymal_4_r_all/OPTIM_pcs/base_output/base/cis_nominal1.cis_qtl_pairs.1.tsv,333097861,99327842,8,381907189074,851432881
dMean__Mesenchymal_4_r_all/OPTIM_pcs/base_output/base/cis_nominal1.cis_qtl_pairs.20.tsv,103067823,31573017,8,382006517057,2474354451
dMean__Mesenchymal_4_r_all/OPTIM_pcs/base_output/base/Cis_eqtls_independent.tsv,604,356,8,382038090216,314613687
dMean__Mesenchymal_4_r_all/OPTIM_pcs/base_output/base/cis_nominal1.cis_qtl_pairs.12.tsv,201430123,59803496,8,382038090706,1024897616
dMean__Mesenchymal_4_r_all/OPTIM_pcs/base_output/base/cis_nominal1.cis_qtl_pairs.18.tsv,64178096,19383321,8,382097894344,1619246024
dMean__Mesenchymal_4_r_all/OPTIM_pcs/base_output/base/cis_nominal1.cis_qtl_pairs.13.tsv,76670912,22927463,8,382117277807,213372100
dMean__T_0_ct_all/OPTIM_pcs/base_output/base/cis_nominal1.cis_qtl_pairs.3.tsv,292289965,96897482,8,382140205412,1885423576
dMean__T_0_ct_all/OPTIM_pcs/base_output/base/cis_nominal1.cis_qtl_pairs.15.tsv,164745576,54954495,8,382237103026,3749968319
dMean__T_0_ct_all/OPTIM_pcs/base_output/base/cis_nominal1.cis_qtl_pairs.16.tsv,252550564,85250439,8,382292057654,3556810358
dMean__T_0_ct_all/OPTIM_pcs/base_output/base/cis_nominal1.cis_qtl_pairs.4.tsv,212030951,70243150,8,382377308226,281164666
dMean__T_0_ct_all/OPTIM_pcs/base_output/base/cis_nominal1.cis_qtl_pairs.21.tsv,70490558,23528352,8,382447551508,1717064534
dMean__T_0_ct_all/OPTIM_pcs/base_output/base/cis_nominal1.cis_qtl_pairs.7.tsv,269158687,89737885,8,382471079993,3579279512
dMean__T_0_ct_all/OPTIM_pcs/base_output/base/cis_nominal1.cis_qtl_pairs.22.tsv,131791803,44035706,8,382560818010,1444976664
dMean__T_0_ct_all/OPTIM_pcs/base_output/base/cis_nominal1.cis_qtl_pairs.11.tsv,293108591,96935473,8,382604853849,3427866585
dMean__T_0_ct_all/OPTIM_pcs/base_output/base/cis_nominal1.cis_qtl_pairs.6.tsv,396278860,124977624,8,382701789455,67705752
dMean__T_0_ct_all/OPTIM_pcs/base_output/base/cis_nominal1.cis_qtl_pairs.2.tsv,355815019,118607598,8,382826767211,3552007051
dMean__T_0_ct_all/OPTIM_pcs/base_output/base/cis_nominal1.cis_qtl_pairs.17.tsv,316361073,105605825,8,382945374941,2475220613
dMean__T_0_ct_all/OPTIM_pcs/base_output/base/Cis_eqtls_qval.tsv,3381072,1453144,8,383050980899,3684672541
dMean__T_0_ct_all/OPTIM_pcs/base_output/base/cis_nominal1.cis_qtl_pairs.5.tsv,242542984,80580933,8,383052434161,2173465986
dMean__T_0_ct_all/OPTIM_pcs/base_output/base/cis_nominal1.cis_qtl_pairs.9.tsv,200882575,67400597,8,383133015226,2624803645
dMean__T_0_ct_all/OPTIM_pcs/base_output/base/cis_nominal1.cis_qtl_pairs.19.tsv,463234601,154936732,8,383200415955,1668012184
dMean__T_0_ct_all/OPTIM_pcs/base_output/base/cis_nominal1.cis_qtl_pairs.10.tsv,217118174,71421759,8,383355352820,1353183480
dMean__T_0_ct_all/OPTIM_pcs/base_output/base/cis_nominal1.cis_qtl_pairs.8.tsv,193843207,64850897,8,383426774712,2781428414
dMean__T_0_ct_all/OPTIM_pcs/base_output/base/cis_nominal1.cis_qtl_pairs.14.tsv,224898505,74659129,8,383491625741,2616161956
dMean__T_0_ct_all/OPTIM_pcs/base_output/base/cis_nominal1.cis_qtl_pairs.1.tsv,484882707,161072610,8,383566285003,2737203814
dMean__T_0_ct_all/OPTIM_pcs/base_output/base/cis_nominal1.cis_qtl_pairs.20.tsv,149683410,50011501,8,383727357745,396658812
dMean__T_0_ct_all/OPTIM_pcs/base_output/base/Cis_eqtls_independent.tsv,242047,99660,8,383777369379,2973155142
dMean__T_0_ct_all/OPTIM_pcs/base_output/base/cis_nominal1.cis_qtl_pairs.12.tsv,306885299,101009324,8,383777469164,797025175
dMean__T_0_ct_all/OPTIM_pcs/base_output/base/cis_nominal1.cis_qtl_pairs.18.tsv,94348807,31430084,8,383878478621,3127069688
dMean__T_0_ct_all/OPTIM_pcs/base_output/base/cis_nominal1.cis_qtl_pairs.13.tsv,102452050,33884852,8,383909908838,2003239599
dMean__Epithelial_0_r_all/OPTIM_pcs/base_output/base/cis_nominal1.cis_qtl_pairs.3.tsv,375336010,123324948,8,383943793823,3187732454
dMean__Epithelial_0_r_all/OPTIM_pcs/base_output/base/cis_nominal1.cis_qtl_pairs.15.tsv,229649179,76073420,8,384067118911,174386032
dMean__Epithelial_0_r_all/OPTIM_pcs/base_output/base/cis_nominal1.cis_qtl_pairs.16.tsv,324669024,108921936,8,384143192472,3251803699
dMean__Epithelial_0_r_all/OPTIM_pcs/base_output/base/cis_nominal1.cis_qtl_pairs.4.tsv,288326409,94329772,8,384252114549,3542865249
dMean__Epithelial_0_r_all/OPTIM_pcs/base_output/base/cis_nominal1.cis_qtl_pairs.21.tsv,86719203,28691048,8,384346444461,2723187045
dMean__Epithelial_0_r_all/OPTIM_pcs/base_output/base/cis_nominal1.cis_qtl_pairs.7.tsv,341622408,113163307,8,384375135650,392272437
dMean__Epithelial_0_r_all/OPTIM_pcs/base_output/base/cis_nominal1.cis_qtl_pairs.22.tsv,156732104,51999239,8,384488299097,648712112
dMean__Epithelial_0_r_all/OPTIM_pcs/base_output/base/cis_nominal1.cis_qtl_pairs.11.tsv,374676419,122973780,8,384540298477,414963416
dMean__Epithelial_0_r_all/OPTIM_pcs/base_output/base/cis_nominal1.cis_qtl_pairs.6.tsv,463711692,144131994,8,384663272398,4145214748
dMean__Epithelial_0_r_all/OPTIM_pcs/base_output/base/cis_nominal1.cis_qtl_pairs.2.tsv,455377750,150379355,8,384807404532,1474111338
dMean__Epithelial_0_r_all/OPTIM_pcs/base_output/base/cis_nominal1.cis_qtl_pairs.17.tsv,399869946,132655113,8,384957784027,3818103947
dMean__Epithelial_0_r_all/OPTIM_pcs/base_output/base/Cis_eqtls_qval.tsv,4261080,1838016,8,385090439281,139801831
dMean__Epithelial_0_r_all/OPTIM_pcs/base_output/base/cis_nominal1.cis_qtl_pairs.5.tsv,312528144,102834935,8,385092277423,298909794
dMean__Epithelial_0_r_all/OPTIM_pcs/base_output/base/cis_nominal1.cis_qtl_pairs.9.tsv,269347010,89754762,8,385195112498,3777291696
dMean__Epithelial_0_r_all/OPTIM_pcs/base_output/base/cis_nominal1.cis_qtl_pairs.19.tsv,534929231,177567600,8,385284867400,2850524118
dMean__Epithelial_0_r_all/OPTIM_pcs/base_output/base/cis_nominal1.cis_qtl_pairs.10.tsv,267713512,87115036,8,385462435141,4135792760
dMean__Epithelial_0_r_all/OPTIM_pcs/base_output/base/cis_nominal1.cis_qtl_pairs.8.tsv,253494763,83915790,8,385549550318,2919739620
dMean__Epithelial_0_r_all/OPTIM_pcs/base_output/base/cis_nominal1.cis_qtl_pairs.14.tsv,252107505,82913421,8,385633466248,420719599
dMean__Epithelial_0_r_all/OPTIM_pcs/base_output/base/cis_nominal1.cis_qtl_pairs.1.tsv,619153559,203971312,8,385716379810,2405637801
dMean__Epithelial_0_r_all/OPTIM_pcs/base_output/base/cis_nominal1.cis_qtl_pairs.20.tsv,178773073,59253839,8,385920351262,3742620752
dMean__Epithelial_0_r_all/OPTIM_pcs/base_output/base/Cis_eqtls_independent.tsv,1812137,740257,8,385979605242,2873714277
dMean__Epithelial_0_r_all/OPTIM_pcs/base_output/base/cis_nominal1.cis_qtl_pairs.12.tsv,360126075,117529703,8,385980345632,349280587
dMean__Epithelial_0_r_all/OPTIM_pcs/base_output/base/cis_nominal1.cis_qtl_pairs.18.tsv,124246012,40979304,8,386097875476,1807130673
dMean__Epithelial_0_r_all/OPTIM_pcs/base_output/base/cis_nominal1.cis_qtl_pairs.13.tsv,127097819,41657190,8,386138854921,477463607
dMean__Mesenchymal_4_ti_all/OPTIM_pcs/base_output/base/cis_nominal1.cis_qtl_pairs.3.tsv,226818446,68307692,8,386180512252,2829853092
dMean__Mesenchymal_4_ti_all/OPTIM_pcs/base_output/base/cis_nominal1.cis_qtl_pairs.15.tsv,117622481,36004828,8,386248820086,3161936573
dMean__Mesenchymal_4_ti_all/OPTIM_pcs/base_output/base/cis_nominal1.cis_qtl_pairs.16.tsv,160991847,50395449,8,386284825057,758355569
dMean__Mesenchymal_4_ti_all/OPTIM_pcs/base_output/base/cis_nominal1.cis_qtl_pairs.4.tsv,172442871,51631703,8,386335220649,3993283474
dMean__Mesenchymal_4_ti_all/OPTIM_pcs/base_output/base/cis_nominal1.cis_qtl_pairs.21.tsv,44799115,13875601,8,386386852494,3160916318
dMean__Mesenchymal_4_ti_all/OPTIM_pcs/base_output/base/cis_nominal1.cis_qtl_pairs.7.tsv,204368899,62358754,8,386400728238,286192750
dMean__Mesenchymal_4_ti_all/OPTIM_pcs/base_output/base/cis_nominal1.cis_qtl_pairs.22.tsv,90814057,28179360,8,386463087134,2056764035
dMean__Mesenchymal_4_ti_all/OPTIM_pcs/base_output/base/cis_nominal1.cis_qtl_pairs.11.tsv,221163041,66290480,8,386491266637,351174509
dMean__Mesenchymal_4_ti_all/OPTIM_pcs/base_output/base/cis_nominal1.cis_qtl_pairs.6.tsv,294358069,80135362,8,386557557260,1573522614
dMean__Mesenchymal_4_ti_all/OPTIM_pcs/base_output/base/cis_nominal1.cis_qtl_pairs.2.tsv,265022807,80853140,8,386637692764,3009308684
dMean__Mesenchymal_4_ti_all/OPTIM_pcs/base_output/base/cis_nominal1.cis_qtl_pairs.17.tsv,221507745,68111619,8,386718546046,1685382822
dMean__Mesenchymal_4_ti_all/OPTIM_pcs/base_output/base/Cis_eqtls_qval.tsv,2429873,994642,8,386786657808,2261536748
dMean__Mesenchymal_4_ti_all/OPTIM_pcs/base_output/base/cis_nominal1.cis_qtl_pairs.5.tsv,191116480,57774675,8,386787652578,1571496127
dMean__Mesenchymal_4_ti_all/OPTIM_pcs/base_output/base/cis_nominal1.cis_qtl_pairs.9.tsv,162295106,50285183,8,386845427395,3450800518
dMean__Mesenchymal_4_ti_all/OPTIM_pcs/base_output/base/cis_nominal1.cis_qtl_pairs.19.tsv,303986018,93996445,8,386895712720,1811251229
dMean__Mesenchymal_4_ti_all/OPTIM_pcs/base_output/base/cis_nominal1.cis_qtl_pairs.10.tsv,161589081,48372887,8,386989709308,810381649
dMean__Mesenchymal_4_ti_all/OPTIM_pcs/base_output/base/cis_nominal1.cis_qtl_pairs.8.tsv,137398750,42086926,8,387038082338,3421687585
dMean__Mesenchymal_4_ti_all/OPTIM_pcs/base_output/base/cis_nominal1.cis_qtl_pairs.14.tsv,146553696,44596987,8,387080169406,605387130
dMean__Mesenchymal_4_ti_all/OPTIM_pcs/base_output/base/cis_nominal1.cis_qtl_pairs.1.tsv,353551794,106958667,8,387124766536,1562733173
dMean__Mesenchymal_4_ti_all/OPTIM_pcs/base_output/base/cis_nominal1.cis_qtl_pairs.20.tsv,108693154,33284304,8,387231725345,1660536129
dMean__Mesenchymal_4_ti_all/OPTIM_pcs/base_output/base/Cis_eqtls_independent.tsv,391,252,8,387265009792,1020750213
dMean__Mesenchymal_4_ti_all/OPTIM_pcs/base_output/base/cis_nominal1.cis_qtl_pairs.12.tsv,212978399,64061961,8,387265010179,1618962349
dMean__Mesenchymal_4_ti_all/OPTIM_pcs/base_output/base/cis_nominal1.cis_qtl_pairs.18.tsv,68766544,21059752,8,387329072283,2346514351
dMean__Mesenchymal_4_ti_all/OPTIM_pcs/base_output/base/cis_nominal1.cis_qtl_pairs.13.tsv,82126148,24757811,8,387350132178,3747617609
dMean__T_1_ct_all/OPTIM_pcs/base_output/base/cis_nominal1.cis_qtl_pairs.3.tsv,317504091,104881359,8,387374890132,3447786137
dMean__T_1_ct_all/OPTIM_pcs/base_output/base/cis_nominal1.cis_qtl_pairs.15.tsv,177864036,59133728,8,387479771623,1645212262
dMean__T_1_ct_all/OPTIM_pcs/base_output/base/cis_nominal1.cis_qtl_pairs.16.tsv,258943689,87171948,8,387538905484,1348629824
dMean__T_1_ct_all/OPTIM_pcs/base_output/base/cis_nominal1.cis_qtl_pairs.4.tsv,224840713,74200354,8,387626077565,1697579578
dMean__T_1_ct_all/OPTIM_pcs/base_output/base/cis_nominal1.cis_qtl_pairs.21.tsv,70038075,23335608,8,387700278051,1180245461
dMean__T_1_ct_all/OPTIM_pcs/base_output/base/cis_nominal1.cis_qtl_pairs.7.tsv,284499579,94590868,8,387723613792,1591629446
dMean__T_1_ct_all/OPTIM_pcs/base_output/base/cis_nominal1.cis_qtl_pairs.22.tsv,136820212,45605516,8,387818204792,4095455940
dMean__T_1_ct_all/OPTIM_pcs/base_output/base/cis_nominal1.cis_qtl_pairs.11.tsv,308582366,101836251,8,387863810441,287467211
dMean__T_1_ct_all/OPTIM_pcs/base_output/base/cis_nominal1.cis_qtl_pairs.6.tsv,416997405,130679440,8,387965646825,1755090905
dMean__T_1_ct_all/OPTIM_pcs/base_output/base/cis_nominal1.cis_qtl_pairs.2.tsv,380862076,126617399,8,388096326397,2932925074
dMean__T_1_ct_all/OPTIM_pcs/base_output/base/cis_nominal1.cis_qtl_pairs.17.tsv,332962519,110924033,8,388222943928,1687815331
dMean__T_1_ct_all/OPTIM_pcs/base_output/base/Cis_eqtls_qval.tsv,3585083,1535216,8,388333868094,696108046
dMean__T_1_ct_all/OPTIM_pcs/base_output/base/cis_nominal1.cis_qtl_pairs.5.tsv,258903058,85706611,8,388335403428,1741102109
dMean__T_1_ct_all/OPTIM_pcs/base_output/base/cis_nominal1.cis_qtl_pairs.9.tsv,216105401,72376767,8,388421110171,3073446277
dMean__T_1_ct_all/OPTIM_pcs/base_output/base/cis_nominal1.cis_qtl_pairs.19.tsv,470899796,156969261,8,388493487070,1930134564
dMean__T_1_ct_all/OPTIM_pcs/base_output/base/cis_nominal1.cis_qtl_pairs.10.tsv,238175196,78113695,8,388650456464,541678538
dMean__T_1_ct_all/OPTIM_pcs/base_output/base/cis_nominal1.cis_qtl_pairs.8.tsv,215722381,71814773,8,388728570292,1456054279
dMean__T_1_ct_all/OPTIM_pcs/base_output/base/cis_nominal1.cis_qtl_pairs.14.tsv,234700970,77664793,8,388800385197,1569231563
dMean__T_1_ct_all/OPTIM_pcs/base_output/base/cis_nominal1.cis_qtl_pairs.1.tsv,518006787,171432725,8,388878050123,1305010534
dMean__T_1_ct_all/OPTIM_pcs/base_output/base/cis_nominal1.cis_qtl_pairs.20.tsv,153919747,51257666,8,389049482980,1574576583
dMean__T_1_ct_all/OPTIM_pcs/base_output/base/Cis_eqtls_independent.tsv,113196,46973,8,389100740779,2748474600
dMean__T_1_ct_all/OPTIM_pcs/base_output/base/cis_nominal1.cis_qtl_pairs.12.tsv,319026034,104649856,8,389100787877,3109426542
dMean__T_1_ct_all/OPTIM_pcs/base_output/base/cis_nominal1.cis_qtl_pairs.18.tsv,99757889,33111646,8,389205437866,3427268934
dMean__T_1_ct_all/OPTIM_pcs/base_output/base/cis_nominal1.cis_qtl_pairs.13.tsv,110008305,36215408,8,389238549645,978409231
dMean__Epithelial_32_ct_all/OPTIM_pcs/base_output/base/cis_nominal1.cis_qtl_pairs.3.tsv,196767041,63551921,8,389274765186,2874519684
dMean__Epithelial_32_ct_all/OPTIM_pcs/base_output/base/cis_nominal1.cis_qtl_pairs.15.tsv,109885674,35911848,8,389338317249,3539620914
dMean__Epithelial_32_ct_all/OPTIM_pcs/base_output/base/cis_nominal1.cis_qtl_pairs.16.tsv,144772062,47960946,8,389374229240,3347708630
dMean__Epithelial_32_ct_all/OPTIM_pcs/base_output/base/cis_nominal1.cis_qtl_pairs.4.tsv,152060872,48730839,8,389422190329,4215378770
dMean__Epithelial_32_ct_all/OPTIM_pcs/base_output/base/cis_nominal1.cis_qtl_pairs.21.tsv,39742100,13002099,8,389470921310,643447735
dMean__Epithelial_32_ct_all/OPTIM_pcs/base_output/base/cis_nominal1.cis_qtl_pairs.7.tsv,169877153,55427089,8,389483923552,3948464314
dMean__Epithelial_32_ct_all/OPTIM_pcs/base_output/base/cis_nominal1.cis_qtl_pairs.22.tsv,77659429,25403931,8,389539350783,1854791248
dMean__Epithelial_32_ct_all/OPTIM_pcs/base_output/base/cis_nominal1.cis_qtl_pairs.11.tsv,201170899,65064406,8,389564754857,1908813447
dMean__Epithelial_32_ct_all/OPTIM_pcs/base_output/base/cis_nominal1.cis_qtl_pairs.6.tsv,247428239,74870033,8,389629819406,1247882499
dMean__Epithelial_32_ct_all/OPTIM_pcs/base_output/base/cis_nominal1.cis_qtl_pairs.2.tsv,236672294,76968019,8,389704689581,1826997097
dMean__Epithelial_32_ct_all/OPTIM_pcs/base_output/base/cis_nominal1.cis_qtl_pairs.17.tsv,195090101,63771067,8,389781657742,3174759135
dMean__Epithelial_32_ct_all/OPTIM_pcs/base_output/base/Cis_eqtls_qval.tsv,2161323,906905,8,389845428952,589669067
dMean__Epithelial_32_ct_all/OPTIM_pcs/base_output/base/cis_nominal1.cis_qtl_pairs.5.tsv,150123020,48656186,8,389846335985,434907121
dMean__Epithelial_32_ct_all/OPTIM_pcs/base_output/base/cis_nominal1.cis_qtl_pairs.9.tsv,147703936,48498373,8,389894992313,563000574
dMean__Epithelial_32_ct_all/OPTIM_pcs/base_output/base/cis_nominal1.cis_qtl_pairs.19.tsv,243193138,79928789,8,389943490828,4292773950
dMean__Epithelial_32_ct_all/OPTIM_pcs/base_output/base/cis_nominal1.cis_qtl_pairs.10.tsv,144653405,46326535,8,390023419760,3333312336
dMean__Epithelial_32_ct_all/OPTIM_pcs/base_output/base/cis_nominal1.cis_qtl_pairs.8.tsv,120237122,39222064,8,390069746438,1031527167
dMean__Epithelial_32_ct_all/OPTIM_pcs/base_output/base/cis_nominal1.cis_qtl_pairs.14.tsv,128909037,41701871,8,390108968644,3315829050
dMean__Epithelial_32_ct_all/OPTIM_pcs/base_output/base/cis_nominal1.cis_qtl_pairs.1.tsv,326747513,105943700,8,390150670658,3560150817
dMean__Epithelial_32_ct_all/OPTIM_pcs/base_output/base/cis_nominal1.cis_qtl_pairs.20.tsv,93009363,30415863,8,390256614500,4195120669
dMean__Epithelial_32_ct_all/OPTIM_pcs/base_output/base/Cis_eqtls_independent.tsv,14090,6203,8,390287030506,1436771308
dMean__Epithelial_32_ct_all/OPTIM_pcs/base_output/base/cis_nominal1.cis_qtl_pairs.12.tsv,181408653,58198909,8,390287036844,879046598
dMean__Epithelial_32_ct_all/OPTIM_pcs/base_output/base/cis_nominal1.cis_qtl_pairs.18.tsv,62371320,20325348,8,390345235896,2882391618
dMean__Epithelial_32_ct_all/OPTIM_pcs/base_output/base/cis_nominal1.cis_qtl_pairs.13.tsv,65304205,21100768,8,390365561387,537389627
dMean__Myeloid_4_ti_all/OPTIM_pcs/base_output/base/cis_nominal1.cis_qtl_pairs.3.tsv,274566254,90790288,8,390386662298,1969004304
dMean__Myeloid_4_ti_all/OPTIM_pcs/base_output/base/cis_nominal1.cis_qtl_pairs.15.tsv,151532011,50432282,8,390477452724,1551331723
dMean__Myeloid_4_ti_all/OPTIM_pcs/base_output/base/cis_nominal1.cis_qtl_pairs.16.tsv,230426157,77671925,8,390527885145,3914164701
dMean__Myeloid_4_ti_all/OPTIM_pcs/base_output/base/cis_nominal1.cis_qtl_pairs.4.tsv,199026087,65703266,8,390605557209,4051801755
dMean__Myeloid_4_ti_all/OPTIM_pcs/base_output/base/cis_nominal1.cis_qtl_pairs.21.tsv,58652167,19554640,8,390671260613,2435131451
dMean__Myeloid_4_ti_all/OPTIM_pcs/base_output/base/cis_nominal1.cis_qtl_pairs.7.tsv,246870069,82316458,8,390690815392,2967879420
dMean__Myeloid_4_ti_all/OPTIM_pcs/base_output/base/cis_nominal1.cis_qtl_pairs.22.tsv,117505855,39197160,8,390773131988,2018600809
dMean__Myeloid_4_ti_all/OPTIM_pcs/base_output/base/cis_nominal1.cis_qtl_pairs.11.tsv,281156560,92760693,8,390812329287,2544646416
dMean__Myeloid_4_ti_all/OPTIM_pcs/base_output/base/cis_nominal1.cis_qtl_pairs.6.tsv,363648928,113401694,8,390905090119,1557417753
dMean__Myeloid_4_ti_all/OPTIM_pcs/base_output/base/cis_nominal1.cis_qtl_pairs.2.tsv,326012625,108466066,8,391018491951,3650577115
dMean__Myeloid_4_ti_all/OPTIM_pcs/base_output/base/cis_nominal1.cis_qtl_pairs.17.tsv,295915643,98797508,8,391126958155,1543107660
dMean__Myeloid_4_ti_all/OPTIM_pcs/base_output/base/Cis_eqtls_qval.tsv,3123852,1341466,8,391225755802,3084491843
dMean__Myeloid_4_ti_all/OPTIM_pcs/base_output/base/cis_nominal1.cis_qtl_pairs.5.tsv,222006210,73550467,8,391227097392,3415980235
dMean__Myeloid_4_ti_all/OPTIM_pcs/base_output/base/cis_nominal1.cis_qtl_pairs.9.tsv,201990279,67646758,8,391300647997,3127965993
dMean__Myeloid_4_ti_all/OPTIM_pcs/base_output/base/cis_nominal1.cis_qtl_pairs.19.tsv,423885854,141442449,8,391368294893,3886368795
dMean__Myeloid_4_ti_all/OPTIM_pcs/base_output/base/cis_nominal1.cis_qtl_pairs.10.tsv,212180328,69592949,8,391509737481,3203043600
dMean__Myeloid_4_ti_all/OPTIM_pcs/base_output/base/cis_nominal1.cis_qtl_pairs.8.tsv,176695515,58915763,8,391579330569,1191488959
dMean__Myeloid_4_ti_all/OPTIM_pcs/base_output/base/cis_nominal1.cis_qtl_pairs.14.tsv,191205137,63287879,8,391638246470,3076130987
dMean__Myeloid_4_ti_all/OPTIM_pcs/base_output/base/cis_nominal1.cis_qtl_pairs.1.tsv,454657409,150448856,8,391701534488,3114214643
dMean__Myeloid_4_ti_all/OPTIM_pcs/base_output/base/cis_nominal1.cis_qtl_pairs.20.tsv,132823682,44224178,8,391851983482,3113813607
dMean__Myeloid_4_ti_all/OPTIM_pcs/base_output/base/Cis_eqtls_independent.tsv,214574,88476,8,391896207799,2426832741
dMean__Myeloid_4_ti_all/OPTIM_pcs/base_output/base/cis_nominal1.cis_qtl_pairs.12.tsv,278952524,91661894,8,391896296406,2151475696
dMean__Myeloid_4_ti_all/OPTIM_pcs/base_output/base/cis_nominal1.cis_qtl_pairs.18.tsv,84909631,28243664,8,391987958439,100323689
dMean__Myeloid_4_ti_all/OPTIM_pcs/base_output/base/cis_nominal1.cis_qtl_pairs.13.tsv,92221018,30420260,8,392016202242,2112739197
dMean__B_5_r_all/OPTIM_pcs/base_output/base/cis_nominal1.cis_qtl_pairs.3.tsv,181249552,57538519,8,392046622641,3750017019
dMean__B_5_r_all/OPTIM_pcs/base_output/base/cis_nominal1.cis_qtl_pairs.15.tsv,98185074,31635516,8,392104161291,241225968
dMean__B_5_r_all/OPTIM_pcs/base_output/base/cis_nominal1.cis_qtl_pairs.16.tsv,138165516,45259519,8,392135796939,3598767798
dMean__B_5_r_all/OPTIM_pcs/base_output/base/cis_nominal1.cis_qtl_pairs.4.tsv,145803749,46126941,8,392181056590,4124582632
dMean__B_5_r_all/OPTIM_pcs/base_output/base/cis_nominal1.cis_qtl_pairs.21.tsv,38563087,12433252,8,392227183662,2076904231
dMean__B_5_r_all/OPTIM_pcs/base_output/base/cis_nominal1.cis_qtl_pairs.7.tsv,154474682,49621760,8,392239617046,1536513446
dMean__B_5_r_all/OPTIM_pcs/base_output/base/cis_nominal1.cis_qtl_pairs.22.tsv,77101353,24939660,8,392289238937,1155866651
dMean__B_5_r_all/OPTIM_pcs/base_output/base/cis_nominal1.cis_qtl_pairs.11.tsv,173089957,55130225,8,392314178729,1069356885
dMean__B_5_r_all/OPTIM_pcs/base_output/base/cis_nominal1.cis_qtl_pairs.6.tsv,240063273,71325050,8,392369309086,2153237880
dMean__B_5_r_all/OPTIM_pcs/base_output/base/cis_nominal1.cis_qtl_pairs.2.tsv,232288824,74683823,8,392440634267,709058886
dMean__B_5_r_all/OPTIM_pcs/base_output/base/cis_nominal1.cis_qtl_pairs.17.tsv,174255551,56149360,8,392515318221,13694951
dMean__B_5_r_all/OPTIM_pcs/base_output/base/Cis_eqtls_qval.tsv,2027853,835408,8,392571467713,2036463392
dMean__B_5_r_all/OPTIM_pcs/base_output/base/cis_nominal1.cis_qtl_pairs.5.tsv,153706744,49063022,8,392572303238,54061175
dMean__B_5_r_all/OPTIM_pcs/base_output/base/cis_nominal1.cis_qtl_pairs.9.tsv,127781936,41391736,8,392621366391,3794909504
dMean__B_5_r_all/OPTIM_pcs/base_output/base/cis_nominal1.cis_qtl_pairs.19.tsv,211202620,68426289,8,392662758258,3484590198
dMean__B_5_r_all/OPTIM_pcs/base_output/base/cis_nominal1.cis_qtl_pairs.10.tsv,139316368,43942585,8,392731184679,1272702871
dMean__B_5_r_all/OPTIM_pcs/base_output/base/cis_nominal1.cis_qtl_pairs.8.tsv,111607793,35723505,8,392775127396,549660116
dMean__B_5_r_all/OPTIM_pcs/base_output/base/cis_nominal1.cis_qtl_pairs.14.tsv,124482896,39860133,8,392810851032,44475456
dMean__B_5_r_all/OPTIM_pcs/base_output/base/cis_nominal1.cis_qtl_pairs.1.tsv,289888515,92556435,8,392850711297,4168889718
dMean__B_5_r_all/OPTIM_pcs/base_output/base/cis_nominal1.cis_qtl_pairs.20.tsv,89903500,28921332,8,392943267863,571623984
dMean__B_5_r_all/OPTIM_pcs/base_output/base/Cis_eqtls_independent.tsv,813,446,8,392972189327,767409813
dMean__B_5_r_all/OPTIM_pcs/base_output/base/cis_nominal1.cis_qtl_pairs.12.tsv,187051524,59137584,8,392972189897,4038034221
dMean__B_5_r_all/OPTIM_pcs/base_output/base/cis_nominal1.cis_qtl_pairs.18.tsv,54078833,17329940,8,393031327613,2557761928
dMean__B_5_r_all/OPTIM_pcs/base_output/base/cis_nominal1.cis_qtl_pairs.13.tsv,69593487,22118875,8,393048657685,1198359730
