program_id,official_program_name,msigdb_systematic_id,exact_source_id,msigdb_version,reactome_release,source_species,source_member_index,source_value,source_identifier_namespace,published_ncbi_gene_id,original_source_ids,original_source_id_namespace,original_source_row_indices,original_source_id_count,published_direction,membership_weight,mapping_authority,membership_json_sha256,source_id_table_html_sha256
reactome_ecm_organization,REACTOME_EXTRACELLULAR_MATRIX_ORGANIZATION,M610,R-HSA-1474244,2026.1.Hs,95,Homo sapiens,1,A2M,MSigDB_geneSymbols,2,ENSG00000175899,Human_Ensembl_Gene_ID,275,1,UNSIGNED,1,MSigDB_published_projection_not_independently_reconciled,2046e084f1c36c74cf107c8448d19bb4f47bb2bf37b45b2388fd3d1b837b6540,0bce8c070ad8e24961cd22fabd57da8cf26161f7ece5d3da49715812ac1895a6
reactome_ecm_organization,REACTOME_EXTRACELLULAR_MATRIX_ORGANIZATION,M610,R-HSA-1474244,2026.1.Hs,95,Homo sapiens,2,ACAN,MSigDB_geneSymbols,176,ENSG00000157766,Human_Ensembl_Gene_ID,211,1,UNSIGNED,1,MSigDB_published_projection_not_independently_reconciled,2046e084f1c36c74cf107c8448d19bb4f47bb2bf37b45b2388fd3d1b837b6540,0bce8c070ad8e24961cd22fabd57da8cf26161f7ece5d3da49715812ac1895a6
reactome_ecm_organization,REACTOME_EXTRACELLULAR_MATRIX_ORGANIZATION,M610,R-HSA-1474244,2026.1.Hs,95,Homo sapiens,3,ACTA1,MSigDB_geneSymbols,58,ENSG00000143632,Human_Ensembl_Gene_ID,181,1,UNSIGNED,1,MSigDB_published_projection_not_independently_reconciled,2046e084f1c36c74cf107c8448d19bb4f47bb2bf37b45b2388fd3d1b837b6540,0bce8c070ad8e24961cd22fabd57da8cf26161f7ece5d3da49715812ac1895a6
reactome_ecm_organization,REACTOME_EXTRACELLULAR_MATRIX_ORGANIZATION,M610,R-HSA-1474244,2026.1.Hs,95,Homo sapiens,4,ACTA2,MSigDB_geneSymbols,59,ENSG00000107796,Human_Ensembl_Gene_ID,80,1,UNSIGNED,1,MSigDB_published_projection_not_independently_reconciled,2046e084f1c36c74cf107c8448d19bb4f47bb2bf37b45b2388fd3d1b837b6540,0bce8c070ad8e24961cd22fabd57da8cf26161f7ece5d3da49715812ac1895a6
reactome_ecm_organization,REACTOME_EXTRACELLULAR_MATRIX_ORGANIZATION,M610,R-HSA-1474244,2026.1.Hs,95,Homo sapiens,5,ACTB,MSigDB_geneSymbols,60,ENSG00000075624,Human_Ensembl_Gene_ID,28,1,UNSIGNED,1,MSigDB_published_projection_not_independently_reconciled,2046e084f1c36c74cf107c8448d19bb4f47bb2bf37b45b2388fd3d1b837b6540,0bce8c070ad8e24961cd22fabd57da8cf26161f7ece5d3da49715812ac1895a6
reactome_ecm_organization,REACTOME_EXTRACELLULAR_MATRIX_ORGANIZATION,M610,R-HSA-1474244,2026.1.Hs,95,Homo sapiens,6,ACTC1,MSigDB_geneSymbols,70,ENSG00000159251,Human_Ensembl_Gene_ID,214,1,UNSIGNED,1,MSigDB_published_projection_not_independently_reconciled,2046e084f1c36c74cf107c8448d19bb4f47bb2bf37b45b2388fd3d1b837b6540,0bce8c070ad8e24961cd22fabd57da8cf26161f7ece5d3da49715812ac1895a6
reactome_ecm_organization,REACTOME_EXTRACELLULAR_MATRIX_ORGANIZATION,M610,R-HSA-1474244,2026.1.Hs,95,Homo sapiens,7,ACTG1,MSigDB_geneSymbols,71,ENSG00000184009;ENSG00000291420,Human_Ensembl_Gene_ID,283;338,2,UNSIGNED,1,MSigDB_published_projection_not_independently_reconciled,2046e084f1c36c74cf107c8448d19bb4f47bb2bf37b45b2388fd3d1b837b6540,0bce8c070ad8e24961cd22fabd57da8cf26161f7ece5d3da49715812ac1895a6
reactome_ecm_organization,REACTOME_EXTRACELLULAR_MATRIX_ORGANIZATION,M610,R-HSA-1474244,2026.1.Hs,95,Homo sapiens,8,ACTG2,MSigDB_geneSymbols,72,ENSG00000163017,Human_Ensembl_Gene_ID,226,1,UNSIGNED,1,MSigDB_published_projection_not_independently_reconciled,2046e084f1c36c74cf107c8448d19bb4f47bb2bf37b45b2388fd3d1b837b6540,0bce8c070ad8e24961cd22fabd57da8cf26161f7ece5d3da49715812ac1895a6
reactome_ecm_organization,REACTOME_EXTRACELLULAR_MATRIX_ORGANIZATION,M610,R-HSA-1474244,2026.1.Hs,95,Homo sapiens,9,ACTN1,MSigDB_geneSymbols,87,ENSG00000072110,Human_Ensembl_Gene_ID,25,1,UNSIGNED,1,MSigDB_published_projection_not_independently_reconciled,2046e084f1c36c74cf107c8448d19bb4f47bb2bf37b45b2388fd3d1b837b6540,0bce8c070ad8e24961cd22fabd57da8cf26161f7ece5d3da49715812ac1895a6
reactome_ecm_organization,REACTOME_EXTRACELLULAR_MATRIX_ORGANIZATION,M610,R-HSA-1474244,2026.1.Hs,95,Homo sapiens,10,ADAM10,MSigDB_geneSymbols,102,ENSG00000137845,Human_Ensembl_Gene_ID,157,1,UNSIGNED,1,MSigDB_published_projection_not_independently_reconciled,2046e084f1c36c74cf107c8448d19bb4f47bb2bf37b45b2388fd3d1b837b6540,0bce8c070ad8e24961cd22fabd57da8cf26161f7ece5d3da49715812ac1895a6
reactome_ecm_organization,REACTOME_EXTRACELLULAR_MATRIX_ORGANIZATION,M610,R-HSA-1474244,2026.1.Hs,95,Homo sapiens,11,ADAM12,MSigDB_geneSymbols,8038,ENSG00000148848,Human_Ensembl_Gene_ID,188,1,UNSIGNED,1,MSigDB_published_projection_not_independently_reconciled,2046e084f1c36c74cf107c8448d19bb4f47bb2bf37b45b2388fd3d1b837b6540,0bce8c070ad8e24961cd22fabd57da8cf26161f7ece5d3da49715812ac1895a6
reactome_ecm_organization,REACTOME_EXTRACELLULAR_MATRIX_ORGANIZATION,M610,R-HSA-1474244,2026.1.Hs,95,Homo sapiens,12,ADAM15,MSigDB_geneSymbols,8751,ENSG00000143537,Human_Ensembl_Gene_ID,180,1,UNSIGNED,1,MSigDB_published_projection_not_independently_reconciled,2046e084f1c36c74cf107c8448d19bb4f47bb2bf37b45b2388fd3d1b837b6540,0bce8c070ad8e24961cd22fabd57da8cf26161f7ece5d3da49715812ac1895a6
reactome_ecm_organization,REACTOME_EXTRACELLULAR_MATRIX_ORGANIZATION,M610,R-HSA-1474244,2026.1.Hs,95,Homo sapiens,13,ADAM17,MSigDB_geneSymbols,6868,ENSG00000151694,Human_Ensembl_Gene_ID,196,1,UNSIGNED,1,MSigDB_published_projection_not_independently_reconciled,2046e084f1c36c74cf107c8448d19bb4f47bb2bf37b45b2388fd3d1b837b6540,0bce8c070ad8e24961cd22fabd57da8cf26161f7ece5d3da49715812ac1895a6
reactome_ecm_organization,REACTOME_EXTRACELLULAR_MATRIX_ORGANIZATION,M610,R-HSA-1474244,2026.1.Hs,95,Homo sapiens,14,ADAM19,MSigDB_geneSymbols,8728,ENSG00000135074,Human_Ensembl_Gene_ID,145,1,UNSIGNED,1,MSigDB_published_projection_not_independently_reconciled,2046e084f1c36c74cf107c8448d19bb4f47bb2bf37b45b2388fd3d1b837b6540,0bce8c070ad8e24961cd22fabd57da8cf26161f7ece5d3da49715812ac1895a6
reactome_ecm_organization,REACTOME_EXTRACELLULAR_MATRIX_ORGANIZATION,M610,R-HSA-1474244,2026.1.Hs,95,Homo sapiens,15,ADAM8,MSigDB_geneSymbols,101,ENSG00000151651,Human_Ensembl_Gene_ID,195,1,UNSIGNED,1,MSigDB_published_projection_not_independently_reconciled,2046e084f1c36c74cf107c8448d19bb4f47bb2bf37b45b2388fd3d1b837b6540,0bce8c070ad8e24961cd22fabd57da8cf26161f7ece5d3da49715812ac1895a6
reactome_ecm_organization,REACTOME_EXTRACELLULAR_MATRIX_ORGANIZATION,M610,R-HSA-1474244,2026.1.Hs,95,Homo sapiens,16,ADAM9,MSigDB_geneSymbols,8754,ENSG00000168615,Human_Ensembl_Gene_ID,250,1,UNSIGNED,1,MSigDB_published_projection_not_independently_reconciled,2046e084f1c36c74cf107c8448d19bb4f47bb2bf37b45b2388fd3d1b837b6540,0bce8c070ad8e24961cd22fabd57da8cf26161f7ece5d3da49715812ac1895a6
reactome_ecm_organization,REACTOME_EXTRACELLULAR_MATRIX_ORGANIZATION,M610,R-HSA-1474244,2026.1.Hs,95,Homo sapiens,17,ADAMTS1,MSigDB_geneSymbols,9510,ENSG00000154734,Human_Ensembl_Gene_ID,205,1,UNSIGNED,1,MSigDB_published_projection_not_independently_reconciled,2046e084f1c36c74cf107c8448d19bb4f47bb2bf37b45b2388fd3d1b837b6540,0bce8c070ad8e24961cd22fabd57da8cf26161f7ece5d3da49715812ac1895a6
reactome_ecm_organization,REACTOME_EXTRACELLULAR_MATRIX_ORGANIZATION,M610,R-HSA-1474244,2026.1.Hs,95,Homo sapiens,18,ADAMTS14,MSigDB_geneSymbols,140766,ENSG00000138316,Human_Ensembl_Gene_ID,161,1,UNSIGNED,1,MSigDB_published_projection_not_independently_reconciled,2046e084f1c36c74cf107c8448d19bb4f47bb2bf37b45b2388fd3d1b837b6540,0bce8c070ad8e24961cd22fabd57da8cf26161f7ece5d3da49715812ac1895a6
reactome_ecm_organization,REACTOME_EXTRACELLULAR_MATRIX_ORGANIZATION,M610,R-HSA-1474244,2026.1.Hs,95,Homo sapiens,19,ADAMTS16,MSigDB_geneSymbols,170690,ENSG00000145536,Human_Ensembl_Gene_ID,184,1,UNSIGNED,1,MSigDB_published_projection_not_independently_reconciled,2046e084f1c36c74cf107c8448d19bb4f47bb2bf37b45b2388fd3d1b837b6540,0bce8c070ad8e24961cd22fabd57da8cf26161f7ece5d3da49715812ac1895a6
reactome_ecm_organization,REACTOME_EXTRACELLULAR_MATRIX_ORGANIZATION,M610,R-HSA-1474244,2026.1.Hs,95,Homo sapiens,20,ADAMTS18,MSigDB_geneSymbols,170692,ENSG00000140873,Human_Ensembl_Gene_ID,171,1,UNSIGNED,1,MSigDB_published_projection_not_independently_reconciled,2046e084f1c36c74cf107c8448d19bb4f47bb2bf37b45b2388fd3d1b837b6540,0bce8c070ad8e24961cd22fabd57da8cf26161f7ece5d3da49715812ac1895a6
reactome_ecm_organization,REACTOME_EXTRACELLULAR_MATRIX_ORGANIZATION,M610,R-HSA-1474244,2026.1.Hs,95,Homo sapiens,21,ADAMTS2,MSigDB_geneSymbols,9509,ENSG00000087116,Human_Ensembl_Gene_ID,43,1,UNSIGNED,1,MSigDB_published_projection_not_independently_reconciled,2046e084f1c36c74cf107c8448d19bb4f47bb2bf37b45b2388fd3d1b837b6540,0bce8c070ad8e24961cd22fabd57da8cf26161f7ece5d3da49715812ac1895a6
reactome_ecm_organization,REACTOME_EXTRACELLULAR_MATRIX_ORGANIZATION,M610,R-HSA-1474244,2026.1.Hs,95,Homo sapiens,22,ADAMTS3,MSigDB_geneSymbols,9508,ENSG00000156140,Human_Ensembl_Gene_ID,208,1,UNSIGNED,1,MSigDB_published_projection_not_independently_reconciled,2046e084f1c36c74cf107c8448d19bb4f47bb2bf37b45b2388fd3d1b837b6540,0bce8c070ad8e24961cd22fabd57da8cf26161f7ece5d3da49715812ac1895a6
reactome_ecm_organization,REACTOME_EXTRACELLULAR_MATRIX_ORGANIZATION,M610,R-HSA-1474244,2026.1.Hs,95,Homo sapiens,23,ADAMTS4,MSigDB_geneSymbols,9507,ENSG00000158859,Human_Ensembl_Gene_ID,213,1,UNSIGNED,1,MSigDB_published_projection_not_independently_reconciled,2046e084f1c36c74cf107c8448d19bb4f47bb2bf37b45b2388fd3d1b837b6540,0bce8c070ad8e24961cd22fabd57da8cf26161f7ece5d3da49715812ac1895a6
reactome_ecm_organization,REACTOME_EXTRACELLULAR_MATRIX_ORGANIZATION,M610,R-HSA-1474244,2026.1.Hs,95,Homo sapiens,24,ADAMTS5,MSigDB_geneSymbols,11096,ENSG00000154736,Human_Ensembl_Gene_ID,206,1,UNSIGNED,1,MSigDB_published_projection_not_independently_reconciled,2046e084f1c36c74cf107c8448d19bb4f47bb2bf37b45b2388fd3d1b837b6540,0bce8c070ad8e24961cd22fabd57da8cf26161f7ece5d3da49715812ac1895a6
reactome_ecm_organization,REACTOME_EXTRACELLULAR_MATRIX_ORGANIZATION,M610,R-HSA-1474244,2026.1.Hs,95,Homo sapiens,25,ADAMTS8,MSigDB_geneSymbols,11095,ENSG00000134917,Human_Ensembl_Gene_ID,143,1,UNSIGNED,1,MSigDB_published_projection_not_independently_reconciled,2046e084f1c36c74cf107c8448d19bb4f47bb2bf37b45b2388fd3d1b837b6540,0bce8c070ad8e24961cd22fabd57da8cf26161f7ece5d3da49715812ac1895a6
reactome_ecm_organization,REACTOME_EXTRACELLULAR_MATRIX_ORGANIZATION,M610,R-HSA-1474244,2026.1.Hs,95,Homo sapiens,26,ADAMTS9,MSigDB_geneSymbols,56999,ENSG00000163638,Human_Ensembl_Gene_ID,232,1,UNSIGNED,1,MSigDB_published_projection_not_independently_reconciled,2046e084f1c36c74cf107c8448d19bb4f47bb2bf37b45b2388fd3d1b837b6540,0bce8c070ad8e24961cd22fabd57da8cf26161f7ece5d3da49715812ac1895a6
reactome_ecm_organization,REACTOME_EXTRACELLULAR_MATRIX_ORGANIZATION,M610,R-HSA-1474244,2026.1.Hs,95,Homo sapiens,27,AGRN,MSigDB_geneSymbols,375790,ENSG00000188157,Human_Ensembl_Gene_ID,290,1,UNSIGNED,1,MSigDB_published_projection_not_independently_reconciled,2046e084f1c36c74cf107c8448d19bb4f47bb2bf37b45b2388fd3d1b837b6540,0bce8c070ad8e24961cd22fabd57da8cf26161f7ece5d3da49715812ac1895a6
reactome_ecm_organization,REACTOME_EXTRACELLULAR_MATRIX_ORGANIZATION,M610,R-HSA-1474244,2026.1.Hs,95,Homo sapiens,28,APP,MSigDB_geneSymbols,351,ENSG00000142192,Human_Ensembl_Gene_ID,174,1,UNSIGNED,1,MSigDB_published_projection_not_independently_reconciled,2046e084f1c36c74cf107c8448d19bb4f47bb2bf37b45b2388fd3d1b837b6540,0bce8c070ad8e24961cd22fabd57da8cf26161f7ece5d3da49715812ac1895a6
reactome_ecm_organization,REACTOME_EXTRACELLULAR_MATRIX_ORGANIZATION,M610,R-HSA-1474244,2026.1.Hs,95,Homo sapiens,29,ASPN,MSigDB_geneSymbols,54829,ENSG00000106819,Human_Ensembl_Gene_ID,79,1,UNSIGNED,1,MSigDB_published_projection_not_independently_reconciled,2046e084f1c36c74cf107c8448d19bb4f47bb2bf37b45b2388fd3d1b837b6540,0bce8c070ad8e24961cd22fabd57da8cf26161f7ece5d3da49715812ac1895a6
reactome_ecm_organization,REACTOME_EXTRACELLULAR_MATRIX_ORGANIZATION,M610,R-HSA-1474244,2026.1.Hs,95,Homo sapiens,30,BCAN,MSigDB_geneSymbols,63827,ENSG00000132692,Human_Ensembl_Gene_ID,138,1,UNSIGNED,1,MSigDB_published_projection_not_independently_reconciled,2046e084f1c36c74cf107c8448d19bb4f47bb2bf37b45b2388fd3d1b837b6540,0bce8c070ad8e24961cd22fabd57da8cf26161f7ece5d3da49715812ac1895a6
reactome_ecm_organization,REACTOME_EXTRACELLULAR_MATRIX_ORGANIZATION,M610,R-HSA-1474244,2026.1.Hs,95,Homo sapiens,31,BGN,MSigDB_geneSymbols,633,ENSG00000182492,Human_Ensembl_Gene_ID,280,1,UNSIGNED,1,MSigDB_published_projection_not_independently_reconciled,2046e084f1c36c74cf107c8448d19bb4f47bb2bf37b45b2388fd3d1b837b6540,0bce8c070ad8e24961cd22fabd57da8cf26161f7ece5d3da49715812ac1895a6
reactome_ecm_organization,REACTOME_EXTRACELLULAR_MATRIX_ORGANIZATION,M610,R-HSA-1474244,2026.1.Hs,95,Homo sapiens,32,BMP1,MSigDB_geneSymbols,649,ENSG00000168487,Human_Ensembl_Gene_ID,248,1,UNSIGNED,1,MSigDB_published_projection_not_independently_reconciled,2046e084f1c36c74cf107c8448d19bb4f47bb2bf37b45b2388fd3d1b837b6540,0bce8c070ad8e24961cd22fabd57da8cf26161f7ece5d3da49715812ac1895a6
reactome_ecm_organization,REACTOME_EXTRACELLULAR_MATRIX_ORGANIZATION,M610,R-HSA-1474244,2026.1.Hs,95,Homo sapiens,33,BMP10,MSigDB_geneSymbols,27302,ENSG00000163217,Human_Ensembl_Gene_ID,229,1,UNSIGNED,1,MSigDB_published_projection_not_independently_reconciled,2046e084f1c36c74cf107c8448d19bb4f47bb2bf37b45b2388fd3d1b837b6540,0bce8c070ad8e24961cd22fabd57da8cf26161f7ece5d3da49715812ac1895a6
reactome_ecm_organization,REACTOME_EXTRACELLULAR_MATRIX_ORGANIZATION,M610,R-HSA-1474244,2026.1.Hs,95,Homo sapiens,34,BMP2,MSigDB_geneSymbols,650,ENSG00000125845,Human_Ensembl_Gene_ID,122,1,UNSIGNED,1,MSigDB_published_projection_not_independently_reconciled,2046e084f1c36c74cf107c8448d19bb4f47bb2bf37b45b2388fd3d1b837b6540,0bce8c070ad8e24961cd22fabd57da8cf26161f7ece5d3da49715812ac1895a6
reactome_ecm_organization,REACTOME_EXTRACELLULAR_MATRIX_ORGANIZATION,M610,R-HSA-1474244,2026.1.Hs,95,Homo sapiens,35,BMP4,MSigDB_geneSymbols,652,ENSG00000125378,Human_Ensembl_Gene_ID,121,1,UNSIGNED,1,MSigDB_published_projection_not_independently_reconciled,2046e084f1c36c74cf107c8448d19bb4f47bb2bf37b45b2388fd3d1b837b6540,0bce8c070ad8e24961cd22fabd57da8cf26161f7ece5d3da49715812ac1895a6
reactome_ecm_organization,REACTOME_EXTRACELLULAR_MATRIX_ORGANIZATION,M610,R-HSA-1474244,2026.1.Hs,95,Homo sapiens,36,BMP7,MSigDB_geneSymbols,655,ENSG00000101144,Human_Ensembl_Gene_ID,61,1,UNSIGNED,1,MSigDB_published_projection_not_independently_reconciled,2046e084f1c36c74cf107c8448d19bb4f47bb2bf37b45b2388fd3d1b837b6540,0bce8c070ad8e24961cd22fabd57da8cf26161f7ece5d3da49715812ac1895a6
reactome_ecm_organization,REACTOME_EXTRACELLULAR_MATRIX_ORGANIZATION,M610,R-HSA-1474244,2026.1.Hs,95,Homo sapiens,37,BSG,MSigDB_geneSymbols,682,ENSG00000172270,Human_Ensembl_Gene_ID,269,1,UNSIGNED,1,MSigDB_published_projection_not_independently_reconciled,2046e084f1c36c74cf107c8448d19bb4f47bb2bf37b45b2388fd3d1b837b6540,0bce8c070ad8e24961cd22fabd57da8cf26161f7ece5d3da49715812ac1895a6
reactome_ecm_organization,REACTOME_EXTRACELLULAR_MATRIX_ORGANIZATION,M610,R-HSA-1474244,2026.1.Hs,95,Homo sapiens,38,CAPN1,MSigDB_geneSymbols,823,ENSG00000014216,Human_Ensembl_Gene_ID,6,1,UNSIGNED,1,MSigDB_published_projection_not_independently_reconciled,2046e084f1c36c74cf107c8448d19bb4f47bb2bf37b45b2388fd3d1b837b6540,0bce8c070ad8e24961cd22fabd57da8cf26161f7ece5d3da49715812ac1895a6
reactome_ecm_organization,REACTOME_EXTRACELLULAR_MATRIX_ORGANIZATION,M610,R-HSA-1474244,2026.1.Hs,95,Homo sapiens,39,CAPN10,MSigDB_geneSymbols,11132,ENSG00000142330,Human_Ensembl_Gene_ID,175,1,UNSIGNED,1,MSigDB_published_projection_not_independently_reconciled,2046e084f1c36c74cf107c8448d19bb4f47bb2bf37b45b2388fd3d1b837b6540,0bce8c070ad8e24961cd22fabd57da8cf26161f7ece5d3da49715812ac1895a6
reactome_ecm_organization,REACTOME_EXTRACELLULAR_MATRIX_ORGANIZATION,M610,R-HSA-1474244,2026.1.Hs,95,Homo sapiens,40,CAPN11,MSigDB_geneSymbols,11131,ENSG00000137225,Human_Ensembl_Gene_ID,150,1,UNSIGNED,1,MSigDB_published_projection_not_independently_reconciled,2046e084f1c36c74cf107c8448d19bb4f47bb2bf37b45b2388fd3d1b837b6540,0bce8c070ad8e24961cd22fabd57da8cf26161f7ece5d3da49715812ac1895a6
reactome_ecm_organization,REACTOME_EXTRACELLULAR_MATRIX_ORGANIZATION,M610,R-HSA-1474244,2026.1.Hs,95,Homo sapiens,41,CAPN12,MSigDB_geneSymbols,147968,ENSG00000182472,Human_Ensembl_Gene_ID,279,1,UNSIGNED,1,MSigDB_published_projection_not_independently_reconciled,2046e084f1c36c74cf107c8448d19bb4f47bb2bf37b45b2388fd3d1b837b6540,0bce8c070ad8e24961cd22fabd57da8cf26161f7ece5d3da49715812ac1895a6
reactome_ecm_organization,REACTOME_EXTRACELLULAR_MATRIX_ORGANIZATION,M610,R-HSA-1474244,2026.1.Hs,95,Homo sapiens,42,CAPN13,MSigDB_geneSymbols,92291,ENSG00000162949,Human_Ensembl_Gene_ID,225,1,UNSIGNED,1,MSigDB_published_projection_not_independently_reconciled,2046e084f1c36c74cf107c8448d19bb4f47bb2bf37b45b2388fd3d1b837b6540,0bce8c070ad8e24961cd22fabd57da8cf26161f7ece5d3da49715812ac1895a6
reactome_ecm_organization,REACTOME_EXTRACELLULAR_MATRIX_ORGANIZATION,M610,R-HSA-1474244,2026.1.Hs,95,Homo sapiens,43,CAPN14,MSigDB_geneSymbols,440854,ENSG00000214711,Human_Ensembl_Gene_ID,317,1,UNSIGNED,1,MSigDB_published_projection_not_independently_reconciled,2046e084f1c36c74cf107c8448d19bb4f47bb2bf37b45b2388fd3d1b837b6540,0bce8c070ad8e24961cd22fabd57da8cf26161f7ece5d3da49715812ac1895a6
reactome_ecm_organization,REACTOME_EXTRACELLULAR_MATRIX_ORGANIZATION,M610,R-HSA-1474244,2026.1.Hs,95,Homo sapiens,44,CAPN15,MSigDB_geneSymbols,6650,ENSG00000103326,Human_Ensembl_Gene_ID,69,1,UNSIGNED,1,MSigDB_published_projection_not_independently_reconciled,2046e084f1c36c74cf107c8448d19bb4f47bb2bf37b45b2388fd3d1b837b6540,0bce8c070ad8e24961cd22fabd57da8cf26161f7ece5d3da49715812ac1895a6
reactome_ecm_organization,REACTOME_EXTRACELLULAR_MATRIX_ORGANIZATION,M610,R-HSA-1474244,2026.1.Hs,95,Homo sapiens,45,CAPN2,MSigDB_geneSymbols,824,ENSG00000162909,Human_Ensembl_Gene_ID,224,1,UNSIGNED,1,MSigDB_published_projection_not_independently_reconciled,2046e084f1c36c74cf107c8448d19bb4f47bb2bf37b45b2388fd3d1b837b6540,0bce8c070ad8e24961cd22fabd57da8cf26161f7ece5d3da49715812ac1895a6
reactome_ecm_organization,REACTOME_EXTRACELLULAR_MATRIX_ORGANIZATION,M610,R-HSA-1474244,2026.1.Hs,95,Homo sapiens,46,CAPN3,MSigDB_geneSymbols,825,ENSG00000092529,Human_Ensembl_Gene_ID,52,1,UNSIGNED,1,MSigDB_published_projection_not_independently_reconciled,2046e084f1c36c74cf107c8448d19bb4f47bb2bf37b45b2388fd3d1b837b6540,0bce8c070ad8e24961cd22fabd57da8cf26161f7ece5d3da49715812ac1895a6
reactome_ecm_organization,REACTOME_EXTRACELLULAR_MATRIX_ORGANIZATION,M610,R-HSA-1474244,2026.1.Hs,95,Homo sapiens,47,CAPN5,MSigDB_geneSymbols,726,ENSG00000149260,Human_Ensembl_Gene_ID,190,1,UNSIGNED,1,MSigDB_published_projection_not_independently_reconciled,2046e084f1c36c74cf107c8448d19bb4f47bb2bf37b45b2388fd3d1b837b6540,0bce8c070ad8e24961cd22fabd57da8cf26161f7ece5d3da49715812ac1895a6
reactome_ecm_organization,REACTOME_EXTRACELLULAR_MATRIX_ORGANIZATION,M610,R-HSA-1474244,2026.1.Hs,95,Homo sapiens,48,CAPN6,MSigDB_geneSymbols,827,ENSG00000077274,Human_Ensembl_Gene_ID,30,1,UNSIGNED,1,MSigDB_published_projection_not_independently_reconciled,2046e084f1c36c74cf107c8448d19bb4f47bb2bf37b45b2388fd3d1b837b6540,0bce8c070ad8e24961cd22fabd57da8cf26161f7ece5d3da49715812ac1895a6
reactome_ecm_organization,REACTOME_EXTRACELLULAR_MATRIX_ORGANIZATION,M610,R-HSA-1474244,2026.1.Hs,95,Homo sapiens,49,CAPN7,MSigDB_geneSymbols,23473,ENSG00000131375,Human_Ensembl_Gene_ID,134,1,UNSIGNED,1,MSigDB_published_projection_not_independently_reconciled,2046e084f1c36c74cf107c8448d19bb4f47bb2bf37b45b2388fd3d1b837b6540,0bce8c070ad8e24961cd22fabd57da8cf26161f7ece5d3da49715812ac1895a6
reactome_ecm_organization,REACTOME_EXTRACELLULAR_MATRIX_ORGANIZATION,M610,R-HSA-1474244,2026.1.Hs,95,Homo sapiens,50,CAPN8,MSigDB_geneSymbols,388743,ENSG00000203697,Human_Ensembl_Gene_ID,308,1,UNSIGNED,1,MSigDB_published_projection_not_independently_reconciled,2046e084f1c36c74cf107c8448d19bb4f47bb2bf37b45b2388fd3d1b837b6540,0bce8c070ad8e24961cd22fabd57da8cf26161f7ece5d3da49715812ac1895a6
reactome_ecm_organization,REACTOME_EXTRACELLULAR_MATRIX_ORGANIZATION,M610,R-HSA-1474244,2026.1.Hs,95,Homo sapiens,51,CAPN9,MSigDB_geneSymbols,10753,ENSG00000135773,Human_Ensembl_Gene_ID,147,1,UNSIGNED,1,MSigDB_published_projection_not_independently_reconciled,2046e084f1c36c74cf107c8448d19bb4f47bb2bf37b45b2388fd3d1b837b6540,0bce8c070ad8e24961cd22fabd57da8cf26161f7ece5d3da49715812ac1895a6
reactome_ecm_organization,REACTOME_EXTRACELLULAR_MATRIX_ORGANIZATION,M610,R-HSA-1474244,2026.1.Hs,95,Homo sapiens,52,CAPNS1,MSigDB_geneSymbols,826,ENSG00000126247,Human_Ensembl_Gene_ID,125,1,UNSIGNED,1,MSigDB_published_projection_not_independently_reconciled,2046e084f1c36c74cf107c8448d19bb4f47bb2bf37b45b2388fd3d1b837b6540,0bce8c070ad8e24961cd22fabd57da8cf26161f7ece5d3da49715812ac1895a6
reactome_ecm_organization,REACTOME_EXTRACELLULAR_MATRIX_ORGANIZATION,M610,R-HSA-1474244,2026.1.Hs,95,Homo sapiens,53,CAPNS2,MSigDB_geneSymbols,84290,ENSG00000256812,Human_Ensembl_Gene_ID,327,1,UNSIGNED,1,MSigDB_published_projection_not_independently_reconciled,2046e084f1c36c74cf107c8448d19bb4f47bb2bf37b45b2388fd3d1b837b6540,0bce8c070ad8e24961cd22fabd57da8cf26161f7ece5d3da49715812ac1895a6
reactome_ecm_organization,REACTOME_EXTRACELLULAR_MATRIX_ORGANIZATION,M610,R-HSA-1474244,2026.1.Hs,95,Homo sapiens,54,CASK,MSigDB_geneSymbols,8573,ENSG00000147044,Human_Ensembl_Gene_ID,187,1,UNSIGNED,1,MSigDB_published_projection_not_independently_reconciled,2046e084f1c36c74cf107c8448d19bb4f47bb2bf37b45b2388fd3d1b837b6540,0bce8c070ad8e24961cd22fabd57da8cf26161f7ece5d3da49715812ac1895a6
reactome_ecm_organization,REACTOME_EXTRACELLULAR_MATRIX_ORGANIZATION,M610,R-HSA-1474244,2026.1.Hs,95,Homo sapiens,55,CASP3,MSigDB_geneSymbols,836,ENSG00000164305,Human_Ensembl_Gene_ID,235,1,UNSIGNED,1,MSigDB_published_projection_not_independently_reconciled,2046e084f1c36c74cf107c8448d19bb4f47bb2bf37b45b2388fd3d1b837b6540,0bce8c070ad8e24961cd22fabd57da8cf26161f7ece5d3da49715812ac1895a6
reactome_ecm_organization,REACTOME_EXTRACELLULAR_MATRIX_ORGANIZATION,M610,R-HSA-1474244,2026.1.Hs,95,Homo sapiens,56,CAST,MSigDB_geneSymbols,831,ENSG00000153113;ENSG00000310517,Human_Ensembl_Gene_ID,202;340,2,UNSIGNED,1,MSigDB_published_projection_not_independently_reconciled,2046e084f1c36c74cf107c8448d19bb4f47bb2bf37b45b2388fd3d1b837b6540,0bce8c070ad8e24961cd22fabd57da8cf26161f7ece5d3da49715812ac1895a6
reactome_ecm_organization,REACTOME_EXTRACELLULAR_MATRIX_ORGANIZATION,M610,R-HSA-1474244,2026.1.Hs,95,Homo sapiens,57,CD151,MSigDB_geneSymbols,977,ENSG00000177697,Human_Ensembl_Gene_ID,276,1,UNSIGNED,1,MSigDB_published_projection_not_independently_reconciled,2046e084f1c36c74cf107c8448d19bb4f47bb2bf37b45b2388fd3d1b837b6540,0bce8c070ad8e24961cd22fabd57da8cf26161f7ece5d3da49715812ac1895a6
reactome_ecm_organization,REACTOME_EXTRACELLULAR_MATRIX_ORGANIZATION,M610,R-HSA-1474244,2026.1.Hs,95,Homo sapiens,58,CD44,MSigDB_geneSymbols,960,ENSG00000026508,Human_Ensembl_Gene_ID,7,1,UNSIGNED,1,MSigDB_published_projection_not_independently_reconciled,2046e084f1c36c74cf107c8448d19bb4f47bb2bf37b45b2388fd3d1b837b6540,0bce8c070ad8e24961cd22fabd57da8cf26161f7ece5d3da49715812ac1895a6
reactome_ecm_organization,REACTOME_EXTRACELLULAR_MATRIX_ORGANIZATION,M610,R-HSA-1474244,2026.1.Hs,95,Homo sapiens,59,CD47,MSigDB_geneSymbols,961,ENSG00000196776,Human_Ensembl_Gene_ID,298,1,UNSIGNED,1,MSigDB_published_projection_not_independently_reconciled,2046e084f1c36c74cf107c8448d19bb4f47bb2bf37b45b2388fd3d1b837b6540,0bce8c070ad8e24961cd22fabd57da8cf26161f7ece5d3da49715812ac1895a6
reactome_ecm_organization,REACTOME_EXTRACELLULAR_MATRIX_ORGANIZATION,M610,R-HSA-1474244,2026.1.Hs,95,Homo sapiens,60,CDH1,MSigDB_geneSymbols,999,ENSG00000039068,Human_Ensembl_Gene_ID,14,1,UNSIGNED,1,MSigDB_published_projection_not_independently_reconciled,2046e084f1c36c74cf107c8448d19bb4f47bb2bf37b45b2388fd3d1b837b6540,0bce8c070ad8e24961cd22fabd57da8cf26161f7ece5d3da49715812ac1895a6
reactome_ecm_organization,REACTOME_EXTRACELLULAR_MATRIX_ORGANIZATION,M610,R-HSA-1474244,2026.1.Hs,95,Homo sapiens,61,CEACAM1,MSigDB_geneSymbols,634,ENSG00000079385,Human_Ensembl_Gene_ID,33,1,UNSIGNED,1,MSigDB_published_projection_not_independently_reconciled,2046e084f1c36c74cf107c8448d19bb4f47bb2bf37b45b2388fd3d1b837b6540,0bce8c070ad8e24961cd22fabd57da8cf26161f7ece5d3da49715812ac1895a6
reactome_ecm_organization,REACTOME_EXTRACELLULAR_MATRIX_ORGANIZATION,M610,R-HSA-1474244,2026.1.Hs,95,Homo sapiens,62,CEACAM6,MSigDB_geneSymbols,4680,ENSG00000086548,Human_Ensembl_Gene_ID,42,1,UNSIGNED,1,MSigDB_published_projection_not_independently_reconciled,2046e084f1c36c74cf107c8448d19bb4f47bb2bf37b45b2388fd3d1b837b6540,0bce8c070ad8e24961cd22fabd57da8cf26161f7ece5d3da49715812ac1895a6
reactome_ecm_organization,REACTOME_EXTRACELLULAR_MATRIX_ORGANIZATION,M610,R-HSA-1474244,2026.1.Hs,95,Homo sapiens,63,CEACAM8,MSigDB_geneSymbols,1088,ENSG00000124469,Human_Ensembl_Gene_ID,119,1,UNSIGNED,1,MSigDB_published_projection_not_independently_reconciled,2046e084f1c36c74cf107c8448d19bb4f47bb2bf37b45b2388fd3d1b837b6540,0bce8c070ad8e24961cd22fabd57da8cf26161f7ece5d3da49715812ac1895a6
reactome_ecm_organization,REACTOME_EXTRACELLULAR_MATRIX_ORGANIZATION,M610,R-HSA-1474244,2026.1.Hs,95,Homo sapiens,64,CMA1,MSigDB_geneSymbols,1215,ENSG00000092009,Human_Ensembl_Gene_ID,51,1,UNSIGNED,1,MSigDB_published_projection_not_independently_reconciled,2046e084f1c36c74cf107c8448d19bb4f47bb2bf37b45b2388fd3d1b837b6540,0bce8c070ad8e24961cd22fabd57da8cf26161f7ece5d3da49715812ac1895a6
reactome_ecm_organization,REACTOME_EXTRACELLULAR_MATRIX_ORGANIZATION,M610,R-HSA-1474244,2026.1.Hs,95,Homo sapiens,65,COL10A1,MSigDB_geneSymbols,1300,ENSG00000123500,Human_Ensembl_Gene_ID,116,1,UNSIGNED,1,MSigDB_published_projection_not_independently_reconciled,2046e084f1c36c74cf107c8448d19bb4f47bb2bf37b45b2388fd3d1b837b6540,0bce8c070ad8e24961cd22fabd57da8cf26161f7ece5d3da49715812ac1895a6
reactome_ecm_organization,REACTOME_EXTRACELLULAR_MATRIX_ORGANIZATION,M610,R-HSA-1474244,2026.1.Hs,95,Homo sapiens,66,COL11A1,MSigDB_geneSymbols,1301,ENSG00000060718,Human_Ensembl_Gene_ID,23,1,UNSIGNED,1,MSigDB_published_projection_not_independently_reconciled,2046e084f1c36c74cf107c8448d19bb4f47bb2bf37b45b2388fd3d1b837b6540,0bce8c070ad8e24961cd22fabd57da8cf26161f7ece5d3da49715812ac1895a6
reactome_ecm_organization,REACTOME_EXTRACELLULAR_MATRIX_ORGANIZATION,M610,R-HSA-1474244,2026.1.Hs,95,Homo sapiens,67,COL11A2,MSigDB_geneSymbols,1302,ENSG00000204248;ENSG00000206290;ENSG00000227801;ENSG00000230930;ENSG00000235708,Human_Ensembl_Gene_ID,309;314;320;323;325,5,UNSIGNED,1,MSigDB_published_projection_not_independently_reconciled,2046e084f1c36c74cf107c8448d19bb4f47bb2bf37b45b2388fd3d1b837b6540,0bce8c070ad8e24961cd22fabd57da8cf26161f7ece5d3da49715812ac1895a6
reactome_ecm_organization,REACTOME_EXTRACELLULAR_MATRIX_ORGANIZATION,M610,R-HSA-1474244,2026.1.Hs,95,Homo sapiens,68,COL12A1,MSigDB_geneSymbols,1303,ENSG00000111799,Human_Ensembl_Gene_ID,88,1,UNSIGNED,1,MSigDB_published_projection_not_independently_reconciled,2046e084f1c36c74cf107c8448d19bb4f47bb2bf37b45b2388fd3d1b837b6540,0bce8c070ad8e24961cd22fabd57da8cf26161f7ece5d3da49715812ac1895a6
reactome_ecm_organization,REACTOME_EXTRACELLULAR_MATRIX_ORGANIZATION,M610,R-HSA-1474244,2026.1.Hs,95,Homo sapiens,69,COL13A1,MSigDB_geneSymbols,1305,ENSG00000197467,Human_Ensembl_Gene_ID,301,1,UNSIGNED,1,MSigDB_published_projection_not_independently_reconciled,2046e084f1c36c74cf107c8448d19bb4f47bb2bf37b45b2388fd3d1b837b6540,0bce8c070ad8e24961cd22fabd57da8cf26161f7ece5d3da49715812ac1895a6
reactome_ecm_organization,REACTOME_EXTRACELLULAR_MATRIX_ORGANIZATION,M610,R-HSA-1474244,2026.1.Hs,95,Homo sapiens,70,COL14A1,MSigDB_geneSymbols,7373,ENSG00000187955,Human_Ensembl_Gene_ID,288,1,UNSIGNED,1,MSigDB_published_projection_not_independently_reconciled,2046e084f1c36c74cf107c8448d19bb4f47bb2bf37b45b2388fd3d1b837b6540,0bce8c070ad8e24961cd22fabd57da8cf26161f7ece5d3da49715812ac1895a6
reactome_ecm_organization,REACTOME_EXTRACELLULAR_MATRIX_ORGANIZATION,M610,R-HSA-1474244,2026.1.Hs,95,Homo sapiens,71,COL15A1,MSigDB_geneSymbols,1306,ENSG00000204291,Human_Ensembl_Gene_ID,311,1,UNSIGNED,1,MSigDB_published_projection_not_independently_reconciled,2046e084f1c36c74cf107c8448d19bb4f47bb2bf37b45b2388fd3d1b837b6540,0bce8c070ad8e24961cd22fabd57da8cf26161f7ece5d3da49715812ac1895a6
reactome_ecm_organization,REACTOME_EXTRACELLULAR_MATRIX_ORGANIZATION,M610,R-HSA-1474244,2026.1.Hs,95,Homo sapiens,72,COL16A1,MSigDB_geneSymbols,1307,ENSG00000084636,Human_Ensembl_Gene_ID,41,1,UNSIGNED,1,MSigDB_published_projection_not_independently_reconciled,2046e084f1c36c74cf107c8448d19bb4f47bb2bf37b45b2388fd3d1b837b6540,0bce8c070ad8e24961cd22fabd57da8cf26161f7ece5d3da49715812ac1895a6
reactome_ecm_organization,REACTOME_EXTRACELLULAR_MATRIX_ORGANIZATION,M610,R-HSA-1474244,2026.1.Hs,95,Homo sapiens,73,COL17A1,MSigDB_geneSymbols,1308,ENSG00000065618,Human_Ensembl_Gene_ID,24,1,UNSIGNED,1,MSigDB_published_projection_not_independently_reconciled,2046e084f1c36c74cf107c8448d19bb4f47bb2bf37b45b2388fd3d1b837b6540,0bce8c070ad8e24961cd22fabd57da8cf26161f7ece5d3da49715812ac1895a6
reactome_ecm_organization,REACTOME_EXTRACELLULAR_MATRIX_ORGANIZATION,M610,R-HSA-1474244,2026.1.Hs,95,Homo sapiens,74,COL18A1,MSigDB_geneSymbols,80781,ENSG00000182871,Human_Ensembl_Gene_ID,281,1,UNSIGNED,1,MSigDB_published_projection_not_independently_reconciled,2046e084f1c36c74cf107c8448d19bb4f47bb2bf37b45b2388fd3d1b837b6540,0bce8c070ad8e24961cd22fabd57da8cf26161f7ece5d3da49715812ac1895a6
reactome_ecm_organization,REACTOME_EXTRACELLULAR_MATRIX_ORGANIZATION,M610,R-HSA-1474244,2026.1.Hs,95,Homo sapiens,75,COL19A1,MSigDB_geneSymbols,1310,ENSG00000082293,Human_Ensembl_Gene_ID,37,1,UNSIGNED,1,MSigDB_published_projection_not_independently_reconciled,2046e084f1c36c74cf107c8448d19bb4f47bb2bf37b45b2388fd3d1b837b6540,0bce8c070ad8e24961cd22fabd57da8cf26161f7ece5d3da49715812ac1895a6
reactome_ecm_organization,REACTOME_EXTRACELLULAR_MATRIX_ORGANIZATION,M610,R-HSA-1474244,2026.1.Hs,95,Homo sapiens,76,COL1A1,MSigDB_geneSymbols,1277,ENSG00000108821,Human_Ensembl_Gene_ID,83,1,UNSIGNED,1,MSigDB_published_projection_not_independently_reconciled,2046e084f1c36c74cf107c8448d19bb4f47bb2bf37b45b2388fd3d1b837b6540,0bce8c070ad8e24961cd22fabd57da8cf26161f7ece5d3da49715812ac1895a6
reactome_ecm_organization,REACTOME_EXTRACELLULAR_MATRIX_ORGANIZATION,M610,R-HSA-1474244,2026.1.Hs,95,Homo sapiens,77,COL1A2,MSigDB_geneSymbols,1278,ENSG00000164692,Human_Ensembl_Gene_ID,237,1,UNSIGNED,1,MSigDB_published_projection_not_independently_reconciled,2046e084f1c36c74cf107c8448d19bb4f47bb2bf37b45b2388fd3d1b837b6540,0bce8c070ad8e24961cd22fabd57da8cf26161f7ece5d3da49715812ac1895a6
reactome_ecm_organization,REACTOME_EXTRACELLULAR_MATRIX_ORGANIZATION,M610,R-HSA-1474244,2026.1.Hs,95,Homo sapiens,78,COL20A1,MSigDB_geneSymbols,57642,ENSG00000101203,Human_Ensembl_Gene_ID,62,1,UNSIGNED,1,MSigDB_published_projection_not_independently_reconciled,2046e084f1c36c74cf107c8448d19bb4f47bb2bf37b45b2388fd3d1b837b6540,0bce8c070ad8e24961cd22fabd57da8cf26161f7ece5d3da49715812ac1895a6
reactome_ecm_organization,REACTOME_EXTRACELLULAR_MATRIX_ORGANIZATION,M610,R-HSA-1474244,2026.1.Hs,95,Homo sapiens,79,COL21A1,MSigDB_geneSymbols,81578,ENSG00000124749,Human_Ensembl_Gene_ID,120,1,UNSIGNED,1,MSigDB_published_projection_not_independently_reconciled,2046e084f1c36c74cf107c8448d19bb4f47bb2bf37b45b2388fd3d1b837b6540,0bce8c070ad8e24961cd22fabd57da8cf26161f7ece5d3da49715812ac1895a6
reactome_ecm_organization,REACTOME_EXTRACELLULAR_MATRIX_ORGANIZATION,M610,R-HSA-1474244,2026.1.Hs,95,Homo sapiens,80,COL22A1,MSigDB_geneSymbols,169044,ENSG00000169436,Human_Ensembl_Gene_ID,256,1,UNSIGNED,1,MSigDB_published_projection_not_independently_reconciled,2046e084f1c36c74cf107c8448d19bb4f47bb2bf37b45b2388fd3d1b837b6540,0bce8c070ad8e24961cd22fabd57da8cf26161f7ece5d3da49715812ac1895a6
reactome_ecm_organization,REACTOME_EXTRACELLULAR_MATRIX_ORGANIZATION,M610,R-HSA-1474244,2026.1.Hs,95,Homo sapiens,81,COL23A1,MSigDB_geneSymbols,91522,ENSG00000050767,Human_Ensembl_Gene_ID,20,1,UNSIGNED,1,MSigDB_published_projection_not_independently_reconciled,2046e084f1c36c74cf107c8448d19bb4f47bb2bf37b45b2388fd3d1b837b6540,0bce8c070ad8e24961cd22fabd57da8cf26161f7ece5d3da49715812ac1895a6
reactome_ecm_organization,REACTOME_EXTRACELLULAR_MATRIX_ORGANIZATION,M610,R-HSA-1474244,2026.1.Hs,95,Homo sapiens,82,COL24A1,MSigDB_geneSymbols,255631,ENSG00000171502,Human_Ensembl_Gene_ID,261,1,UNSIGNED,1,MSigDB_published_projection_not_independently_reconciled,2046e084f1c36c74cf107c8448d19bb4f47bb2bf37b45b2388fd3d1b837b6540,0bce8c070ad8e24961cd22fabd57da8cf26161f7ece5d3da49715812ac1895a6
reactome_ecm_organization,REACTOME_EXTRACELLULAR_MATRIX_ORGANIZATION,M610,R-HSA-1474244,2026.1.Hs,95,Homo sapiens,83,COL25A1,MSigDB_geneSymbols,84570,ENSG00000188517,Human_Ensembl_Gene_ID,291,1,UNSIGNED,1,MSigDB_published_projection_not_independently_reconciled,2046e084f1c36c74cf107c8448d19bb4f47bb2bf37b45b2388fd3d1b837b6540,0bce8c070ad8e24961cd22fabd57da8cf26161f7ece5d3da49715812ac1895a6
reactome_ecm_organization,REACTOME_EXTRACELLULAR_MATRIX_ORGANIZATION,M610,R-HSA-1474244,2026.1.Hs,95,Homo sapiens,84,COL26A1,MSigDB_geneSymbols,136227,ENSG00000160963,Human_Ensembl_Gene_ID,217,1,UNSIGNED,1,MSigDB_published_projection_not_independently_reconciled,2046e084f1c36c74cf107c8448d19bb4f47bb2bf37b45b2388fd3d1b837b6540,0bce8c070ad8e24961cd22fabd57da8cf26161f7ece5d3da49715812ac1895a6
reactome_ecm_organization,REACTOME_EXTRACELLULAR_MATRIX_ORGANIZATION,M610,R-HSA-1474244,2026.1.Hs,95,Homo sapiens,85,COL27A1,MSigDB_geneSymbols,85301,ENSG00000196739,Human_Ensembl_Gene_ID,297,1,UNSIGNED,1,MSigDB_published_projection_not_independently_reconciled,2046e084f1c36c74cf107c8448d19bb4f47bb2bf37b45b2388fd3d1b837b6540,0bce8c070ad8e24961cd22fabd57da8cf26161f7ece5d3da49715812ac1895a6
reactome_ecm_organization,REACTOME_EXTRACELLULAR_MATRIX_ORGANIZATION,M610,R-HSA-1474244,2026.1.Hs,95,Homo sapiens,86,COL28A1,MSigDB_geneSymbols,340267,ENSG00000215018,Human_Ensembl_Gene_ID,318,1,UNSIGNED,1,MSigDB_published_projection_not_independently_reconciled,2046e084f1c36c74cf107c8448d19bb4f47bb2bf37b45b2388fd3d1b837b6540,0bce8c070ad8e24961cd22fabd57da8cf26161f7ece5d3da49715812ac1895a6
reactome_ecm_organization,REACTOME_EXTRACELLULAR_MATRIX_ORGANIZATION,M610,R-HSA-1474244,2026.1.Hs,95,Homo sapiens,87,COL2A1,MSigDB_geneSymbols,1280,ENSG00000139219,Human_Ensembl_Gene_ID,165,1,UNSIGNED,1,MSigDB_published_projection_not_independently_reconciled,2046e084f1c36c74cf107c8448d19bb4f47bb2bf37b45b2388fd3d1b837b6540,0bce8c070ad8e24961cd22fabd57da8cf26161f7ece5d3da49715812ac1895a6
reactome_ecm_organization,REACTOME_EXTRACELLULAR_MATRIX_ORGANIZATION,M610,R-HSA-1474244,2026.1.Hs,95,Homo sapiens,88,COL3A1,MSigDB_geneSymbols,1281,ENSG00000168542,Human_Ensembl_Gene_ID,249,1,UNSIGNED,1,MSigDB_published_projection_not_independently_reconciled,2046e084f1c36c74cf107c8448d19bb4f47bb2bf37b45b2388fd3d1b837b6540,0bce8c070ad8e24961cd22fabd57da8cf26161f7ece5d3da49715812ac1895a6
reactome_ecm_organization,REACTOME_EXTRACELLULAR_MATRIX_ORGANIZATION,M610,R-HSA-1474244,2026.1.Hs,95,Homo sapiens,89,COL4A1,MSigDB_geneSymbols,1282,ENSG00000187498,Human_Ensembl_Gene_ID,287,1,UNSIGNED,1,MSigDB_published_projection_not_independently_reconciled,2046e084f1c36c74cf107c8448d19bb4f47bb2bf37b45b2388fd3d1b837b6540,0bce8c070ad8e24961cd22fabd57da8cf26161f7ece5d3da49715812ac1895a6
reactome_ecm_organization,REACTOME_EXTRACELLULAR_MATRIX_ORGANIZATION,M610,R-HSA-1474244,2026.1.Hs,95,Homo sapiens,90,COL4A2,MSigDB_geneSymbols,1284,ENSG00000134871,Human_Ensembl_Gene_ID,142,1,UNSIGNED,1,MSigDB_published_projection_not_independently_reconciled,2046e084f1c36c74cf107c8448d19bb4f47bb2bf37b45b2388fd3d1b837b6540,0bce8c070ad8e24961cd22fabd57da8cf26161f7ece5d3da49715812ac1895a6
reactome_ecm_organization,REACTOME_EXTRACELLULAR_MATRIX_ORGANIZATION,M610,R-HSA-1474244,2026.1.Hs,95,Homo sapiens,91,COL4A3,MSigDB_geneSymbols,1285,ENSG00000169031,Human_Ensembl_Gene_ID,254,1,UNSIGNED,1,MSigDB_published_projection_not_independently_reconciled,2046e084f1c36c74cf107c8448d19bb4f47bb2bf37b45b2388fd3d1b837b6540,0bce8c070ad8e24961cd22fabd57da8cf26161f7ece5d3da49715812ac1895a6
reactome_ecm_organization,REACTOME_EXTRACELLULAR_MATRIX_ORGANIZATION,M610,R-HSA-1474244,2026.1.Hs,95,Homo sapiens,92,COL4A4,MSigDB_geneSymbols,1286,ENSG00000081052,Human_Ensembl_Gene_ID,36,1,UNSIGNED,1,MSigDB_published_projection_not_independently_reconciled,2046e084f1c36c74cf107c8448d19bb4f47bb2bf37b45b2388fd3d1b837b6540,0bce8c070ad8e24961cd22fabd57da8cf26161f7ece5d3da49715812ac1895a6
reactome_ecm_organization,REACTOME_EXTRACELLULAR_MATRIX_ORGANIZATION,M610,R-HSA-1474244,2026.1.Hs,95,Homo sapiens,93,COL4A5,MSigDB_geneSymbols,1287,ENSG00000188153,Human_Ensembl_Gene_ID,289,1,UNSIGNED,1,MSigDB_published_projection_not_independently_reconciled,2046e084f1c36c74cf107c8448d19bb4f47bb2bf37b45b2388fd3d1b837b6540,0bce8c070ad8e24961cd22fabd57da8cf26161f7ece5d3da49715812ac1895a6
reactome_ecm_organization,REACTOME_EXTRACELLULAR_MATRIX_ORGANIZATION,M610,R-HSA-1474244,2026.1.Hs,95,Homo sapiens,94,COL4A6,MSigDB_geneSymbols,1288,ENSG00000197565,Human_Ensembl_Gene_ID,303,1,UNSIGNED,1,MSigDB_published_projection_not_independently_reconciled,2046e084f1c36c74cf107c8448d19bb4f47bb2bf37b45b2388fd3d1b837b6540,0bce8c070ad8e24961cd22fabd57da8cf26161f7ece5d3da49715812ac1895a6
reactome_ecm_organization,REACTOME_EXTRACELLULAR_MATRIX_ORGANIZATION,M610,R-HSA-1474244,2026.1.Hs,95,Homo sapiens,95,COL5A1,MSigDB_geneSymbols,1289,ENSG00000130635,Human_Ensembl_Gene_ID,132,1,UNSIGNED,1,MSigDB_published_projection_not_independently_reconciled,2046e084f1c36c74cf107c8448d19bb4f47bb2bf37b45b2388fd3d1b837b6540,0bce8c070ad8e24961cd22fabd57da8cf26161f7ece5d3da49715812ac1895a6
reactome_ecm_organization,REACTOME_EXTRACELLULAR_MATRIX_ORGANIZATION,M610,R-HSA-1474244,2026.1.Hs,95,Homo sapiens,96,COL5A2,MSigDB_geneSymbols,1290,ENSG00000204262,Human_Ensembl_Gene_ID,310,1,UNSIGNED,1,MSigDB_published_projection_not_independently_reconciled,2046e084f1c36c74cf107c8448d19bb4f47bb2bf37b45b2388fd3d1b837b6540,0bce8c070ad8e24961cd22fabd57da8cf26161f7ece5d3da49715812ac1895a6
reactome_ecm_organization,REACTOME_EXTRACELLULAR_MATRIX_ORGANIZATION,M610,R-HSA-1474244,2026.1.Hs,95,Homo sapiens,97,COL5A3,MSigDB_geneSymbols,50509,ENSG00000080573,Human_Ensembl_Gene_ID,34,1,UNSIGNED,1,MSigDB_published_projection_not_independently_reconciled,2046e084f1c36c74cf107c8448d19bb4f47bb2bf37b45b2388fd3d1b837b6540,0bce8c070ad8e24961cd22fabd57da8cf26161f7ece5d3da49715812ac1895a6
reactome_ecm_organization,REACTOME_EXTRACELLULAR_MATRIX_ORGANIZATION,M610,R-HSA-1474244,2026.1.Hs,95,Homo sapiens,98,COL6A1,MSigDB_geneSymbols,1291,ENSG00000142156,Human_Ensembl_Gene_ID,172,1,UNSIGNED,1,MSigDB_published_projection_not_independently_reconciled,2046e084f1c36c74cf107c8448d19bb4f47bb2bf37b45b2388fd3d1b837b6540,0bce8c070ad8e24961cd22fabd57da8cf26161f7ece5d3da49715812ac1895a6
reactome_ecm_organization,REACTOME_EXTRACELLULAR_MATRIX_ORGANIZATION,M610,R-HSA-1474244,2026.1.Hs,95,Homo sapiens,99,COL6A2,MSigDB_geneSymbols,1292,ENSG00000142173,Human_Ensembl_Gene_ID,173,1,UNSIGNED,1,MSigDB_published_projection_not_independently_reconciled,2046e084f1c36c74cf107c8448d19bb4f47bb2bf37b45b2388fd3d1b837b6540,0bce8c070ad8e24961cd22fabd57da8cf26161f7ece5d3da49715812ac1895a6
reactome_ecm_organization,REACTOME_EXTRACELLULAR_MATRIX_ORGANIZATION,M610,R-HSA-1474244,2026.1.Hs,95,Homo sapiens,100,COL6A3,MSigDB_geneSymbols,1293,ENSG00000163359,Human_Ensembl_Gene_ID,230,1,UNSIGNED,1,MSigDB_published_projection_not_independently_reconciled,2046e084f1c36c74cf107c8448d19bb4f47bb2bf37b45b2388fd3d1b837b6540,0bce8c070ad8e24961cd22fabd57da8cf26161f7ece5d3da49715812ac1895a6
reactome_ecm_organization,REACTOME_EXTRACELLULAR_MATRIX_ORGANIZATION,M610,R-HSA-1474244,2026.1.Hs,95,Homo sapiens,101,COL6A5,MSigDB_geneSymbols,256076,ENSG00000172752,Human_Ensembl_Gene_ID,272,1,UNSIGNED,1,MSigDB_published_projection_not_independently_reconciled,2046e084f1c36c74cf107c8448d19bb4f47bb2bf37b45b2388fd3d1b837b6540,0bce8c070ad8e24961cd22fabd57da8cf26161f7ece5d3da49715812ac1895a6
reactome_ecm_organization,REACTOME_EXTRACELLULAR_MATRIX_ORGANIZATION,M610,R-HSA-1474244,2026.1.Hs,95,Homo sapiens,102,COL6A6,MSigDB_geneSymbols,131873,ENSG00000206384,Human_Ensembl_Gene_ID,315,1,UNSIGNED,1,MSigDB_published_projection_not_independently_reconciled,2046e084f1c36c74cf107c8448d19bb4f47bb2bf37b45b2388fd3d1b837b6540,0bce8c070ad8e24961cd22fabd57da8cf26161f7ece5d3da49715812ac1895a6
reactome_ecm_organization,REACTOME_EXTRACELLULAR_MATRIX_ORGANIZATION,M610,R-HSA-1474244,2026.1.Hs,95,Homo sapiens,103,COL7A1,MSigDB_geneSymbols,1294,ENSG00000114270,Human_Ensembl_Gene_ID,93,1,UNSIGNED,1,MSigDB_published_projection_not_independently_reconciled,2046e084f1c36c74cf107c8448d19bb4f47bb2bf37b45b2388fd3d1b837b6540,0bce8c070ad8e24961cd22fabd57da8cf26161f7ece5d3da49715812ac1895a6
reactome_ecm_organization,REACTOME_EXTRACELLULAR_MATRIX_ORGANIZATION,M610,R-HSA-1474244,2026.1.Hs,95,Homo sapiens,104,COL8A1,MSigDB_geneSymbols,1295,ENSG00000144810,Human_Ensembl_Gene_ID,183,1,UNSIGNED,1,MSigDB_published_projection_not_independently_reconciled,2046e084f1c36c74cf107c8448d19bb4f47bb2bf37b45b2388fd3d1b837b6540,0bce8c070ad8e24961cd22fabd57da8cf26161f7ece5d3da49715812ac1895a6
reactome_ecm_organization,REACTOME_EXTRACELLULAR_MATRIX_ORGANIZATION,M610,R-HSA-1474244,2026.1.Hs,95,Homo sapiens,105,COL8A2,MSigDB_geneSymbols,1296,ENSG00000171812,Human_Ensembl_Gene_ID,265,1,UNSIGNED,1,MSigDB_published_projection_not_independently_reconciled,2046e084f1c36c74cf107c8448d19bb4f47bb2bf37b45b2388fd3d1b837b6540,0bce8c070ad8e24961cd22fabd57da8cf26161f7ece5d3da49715812ac1895a6
reactome_ecm_organization,REACTOME_EXTRACELLULAR_MATRIX_ORGANIZATION,M610,R-HSA-1474244,2026.1.Hs,95,Homo sapiens,106,COL9A1,MSigDB_geneSymbols,1297,ENSG00000112280,Human_Ensembl_Gene_ID,89,1,UNSIGNED,1,MSigDB_published_projection_not_independently_reconciled,2046e084f1c36c74cf107c8448d19bb4f47bb2bf37b45b2388fd3d1b837b6540,0bce8c070ad8e24961cd22fabd57da8cf26161f7ece5d3da49715812ac1895a6
reactome_ecm_organization,REACTOME_EXTRACELLULAR_MATRIX_ORGANIZATION,M610,R-HSA-1474244,2026.1.Hs,95,Homo sapiens,107,COL9A2,MSigDB_geneSymbols,1298,ENSG00000049089,Human_Ensembl_Gene_ID,16,1,UNSIGNED,1,MSigDB_published_projection_not_independently_reconciled,2046e084f1c36c74cf107c8448d19bb4f47bb2bf37b45b2388fd3d1b837b6540,0bce8c070ad8e24961cd22fabd57da8cf26161f7ece5d3da49715812ac1895a6
reactome_ecm_organization,REACTOME_EXTRACELLULAR_MATRIX_ORGANIZATION,M610,R-HSA-1474244,2026.1.Hs,95,Homo sapiens,108,COL9A3,MSigDB_geneSymbols,1299,ENSG00000092758,Human_Ensembl_Gene_ID,53,1,UNSIGNED,1,MSigDB_published_projection_not_independently_reconciled,2046e084f1c36c74cf107c8448d19bb4f47bb2bf37b45b2388fd3d1b837b6540,0bce8c070ad8e24961cd22fabd57da8cf26161f7ece5d3da49715812ac1895a6
reactome_ecm_organization,REACTOME_EXTRACELLULAR_MATRIX_ORGANIZATION,M610,R-HSA-1474244,2026.1.Hs,95,Homo sapiens,109,COLGALT1,MSigDB_geneSymbols,79709,ENSG00000130309,Human_Ensembl_Gene_ID,130,1,UNSIGNED,1,MSigDB_published_projection_not_independently_reconciled,2046e084f1c36c74cf107c8448d19bb4f47bb2bf37b45b2388fd3d1b837b6540,0bce8c070ad8e24961cd22fabd57da8cf26161f7ece5d3da49715812ac1895a6
reactome_ecm_organization,REACTOME_EXTRACELLULAR_MATRIX_ORGANIZATION,M610,R-HSA-1474244,2026.1.Hs,95,Homo sapiens,110,COLGALT2,MSigDB_geneSymbols,23127,ENSG00000198756,Human_Ensembl_Gene_ID,306,1,UNSIGNED,1,MSigDB_published_projection_not_independently_reconciled,2046e084f1c36c74cf107c8448d19bb4f47bb2bf37b45b2388fd3d1b837b6540,0bce8c070ad8e24961cd22fabd57da8cf26161f7ece5d3da49715812ac1895a6
reactome_ecm_organization,REACTOME_EXTRACELLULAR_MATRIX_ORGANIZATION,M610,R-HSA-1474244,2026.1.Hs,95,Homo sapiens,111,COMP,MSigDB_geneSymbols,1311,ENSG00000105664,Human_Ensembl_Gene_ID,74,1,UNSIGNED,1,MSigDB_published_projection_not_independently_reconciled,2046e084f1c36c74cf107c8448d19bb4f47bb2bf37b45b2388fd3d1b837b6540,0bce8c070ad8e24961cd22fabd57da8cf26161f7ece5d3da49715812ac1895a6
reactome_ecm_organization,REACTOME_EXTRACELLULAR_MATRIX_ORGANIZATION,M610,R-HSA-1474244,2026.1.Hs,95,Homo sapiens,112,CRTAP,MSigDB_geneSymbols,10491,ENSG00000170275,Human_Ensembl_Gene_ID,259,1,UNSIGNED,1,MSigDB_published_projection_not_independently_reconciled,2046e084f1c36c74cf107c8448d19bb4f47bb2bf37b45b2388fd3d1b837b6540,0bce8c070ad8e24961cd22fabd57da8cf26161f7ece5d3da49715812ac1895a6
reactome_ecm_organization,REACTOME_EXTRACELLULAR_MATRIX_ORGANIZATION,M610,R-HSA-1474244,2026.1.Hs,95,Homo sapiens,113,CTRB1,MSigDB_geneSymbols,1504,ENSG00000168925,Human_Ensembl_Gene_ID,252,1,UNSIGNED,1,MSigDB_published_projection_not_independently_reconciled,2046e084f1c36c74cf107c8448d19bb4f47bb2bf37b45b2388fd3d1b837b6540,0bce8c070ad8e24961cd22fabd57da8cf26161f7ece5d3da49715812ac1895a6
reactome_ecm_organization,REACTOME_EXTRACELLULAR_MATRIX_ORGANIZATION,M610,R-HSA-1474244,2026.1.Hs,95,Homo sapiens,114,CTRB2,MSigDB_geneSymbols,440387,ENSG00000168928,Human_Ensembl_Gene_ID,253,1,UNSIGNED,1,MSigDB_published_projection_not_independently_reconciled,2046e084f1c36c74cf107c8448d19bb4f47bb2bf37b45b2388fd3d1b837b6540,0bce8c070ad8e24961cd22fabd57da8cf26161f7ece5d3da49715812ac1895a6
reactome_ecm_organization,REACTOME_EXTRACELLULAR_MATRIX_ORGANIZATION,M610,R-HSA-1474244,2026.1.Hs,95,Homo sapiens,115,CTSB,MSigDB_geneSymbols,1508,ENSG00000164733;ENSG00000285132,Human_Ensembl_Gene_ID,238;337,2,UNSIGNED,1,MSigDB_published_projection_not_independently_reconciled,2046e084f1c36c74cf107c8448d19bb4f47bb2bf37b45b2388fd3d1b837b6540,0bce8c070ad8e24961cd22fabd57da8cf26161f7ece5d3da49715812ac1895a6
reactome_ecm_organization,REACTOME_EXTRACELLULAR_MATRIX_ORGANIZATION,M610,R-HSA-1474244,2026.1.Hs,95,Homo sapiens,116,CTSD,MSigDB_geneSymbols,1509,ENSG00000117984,Human_Ensembl_Gene_ID,104,1,UNSIGNED,1,MSigDB_published_projection_not_independently_reconciled,2046e084f1c36c74cf107c8448d19bb4f47bb2bf37b45b2388fd3d1b837b6540,0bce8c070ad8e24961cd22fabd57da8cf26161f7ece5d3da49715812ac1895a6
reactome_ecm_organization,REACTOME_EXTRACELLULAR_MATRIX_ORGANIZATION,M610,R-HSA-1474244,2026.1.Hs,95,Homo sapiens,117,CTSG,MSigDB_geneSymbols,1511,ENSG00000100448,Human_Ensembl_Gene_ID,59,1,UNSIGNED,1,MSigDB_published_projection_not_independently_reconciled,2046e084f1c36c74cf107c8448d19bb4f47bb2bf37b45b2388fd3d1b837b6540,0bce8c070ad8e24961cd22fabd57da8cf26161f7ece5d3da49715812ac1895a6
reactome_ecm_organization,REACTOME_EXTRACELLULAR_MATRIX_ORGANIZATION,M610,R-HSA-1474244,2026.1.Hs,95,Homo sapiens,118,CTSK,MSigDB_geneSymbols,1513,ENSG00000143387,Human_Ensembl_Gene_ID,179,1,UNSIGNED,1,MSigDB_published_projection_not_independently_reconciled,2046e084f1c36c74cf107c8448d19bb4f47bb2bf37b45b2388fd3d1b837b6540,0bce8c070ad8e24961cd22fabd57da8cf26161f7ece5d3da49715812ac1895a6
reactome_ecm_organization,REACTOME_EXTRACELLULAR_MATRIX_ORGANIZATION,M610,R-HSA-1474244,2026.1.Hs,95,Homo sapiens,119,CTSL,MSigDB_geneSymbols,1514,ENSG00000135047,Human_Ensembl_Gene_ID,144,1,UNSIGNED,1,MSigDB_published_projection_not_independently_reconciled,2046e084f1c36c74cf107c8448d19bb4f47bb2bf37b45b2388fd3d1b837b6540,0bce8c070ad8e24961cd22fabd57da8cf26161f7ece5d3da49715812ac1895a6
reactome_ecm_organization,REACTOME_EXTRACELLULAR_MATRIX_ORGANIZATION,M610,R-HSA-1474244,2026.1.Hs,95,Homo sapiens,120,CTSS,MSigDB_geneSymbols,1520,ENSG00000163131,Human_Ensembl_Gene_ID,228,1,UNSIGNED,1,MSigDB_published_projection_not_independently_reconciled,2046e084f1c36c74cf107c8448d19bb4f47bb2bf37b45b2388fd3d1b837b6540,0bce8c070ad8e24961cd22fabd57da8cf26161f7ece5d3da49715812ac1895a6
reactome_ecm_organization,REACTOME_EXTRACELLULAR_MATRIX_ORGANIZATION,M610,R-HSA-1474244,2026.1.Hs,95,Homo sapiens,121,CTSV,MSigDB_geneSymbols,1515,ENSG00000136943,Human_Ensembl_Gene_ID,149,1,UNSIGNED,1,MSigDB_published_projection_not_independently_reconciled,2046e084f1c36c74cf107c8448d19bb4f47bb2bf37b45b2388fd3d1b837b6540,0bce8c070ad8e24961cd22fabd57da8cf26161f7ece5d3da49715812ac1895a6
reactome_ecm_organization,REACTOME_EXTRACELLULAR_MATRIX_ORGANIZATION,M610,R-HSA-1474244,2026.1.Hs,95,Homo sapiens,122,DAG1,MSigDB_geneSymbols,1605,ENSG00000173402,Human_Ensembl_Gene_ID,273,1,UNSIGNED,1,MSigDB_published_projection_not_independently_reconciled,2046e084f1c36c74cf107c8448d19bb4f47bb2bf37b45b2388fd3d1b837b6540,0bce8c070ad8e24961cd22fabd57da8cf26161f7ece5d3da49715812ac1895a6
reactome_ecm_organization,REACTOME_EXTRACELLULAR_MATRIX_ORGANIZATION,M610,R-HSA-1474244,2026.1.Hs,95,Homo sapiens,123,DCN,MSigDB_geneSymbols,1634,ENSG00000011465,Human_Ensembl_Gene_ID,5,1,UNSIGNED,1,MSigDB_published_projection_not_independently_reconciled,2046e084f1c36c74cf107c8448d19bb4f47bb2bf37b45b2388fd3d1b837b6540,0bce8c070ad8e24961cd22fabd57da8cf26161f7ece5d3da49715812ac1895a6
reactome_ecm_organization,REACTOME_EXTRACELLULAR_MATRIX_ORGANIZATION,M610,R-HSA-1474244,2026.1.Hs,95,Homo sapiens,124,DDR1,MSigDB_geneSymbols,780,ENSG00000137332;ENSG00000204580;ENSG00000215522;ENSG00000230456;ENSG00000234078,Human_Ensembl_Gene_ID,151;312;319;322;324,5,UNSIGNED,1,MSigDB_published_projection_not_independently_reconciled,2046e084f1c36c74cf107c8448d19bb4f47bb2bf37b45b2388fd3d1b837b6540,0bce8c070ad8e24961cd22fabd57da8cf26161f7ece5d3da49715812ac1895a6
reactome_ecm_organization,REACTOME_EXTRACELLULAR_MATRIX_ORGANIZATION,M610,R-HSA-1474244,2026.1.Hs,95,Homo sapiens,125,DDR2,MSigDB_geneSymbols,4921,ENSG00000162733,Human_Ensembl_Gene_ID,222,1,UNSIGNED,1,MSigDB_published_projection_not_independently_reconciled,2046e084f1c36c74cf107c8448d19bb4f47bb2bf37b45b2388fd3d1b837b6540,0bce8c070ad8e24961cd22fabd57da8cf26161f7ece5d3da49715812ac1895a6
reactome_ecm_organization,REACTOME_EXTRACELLULAR_MATRIX_ORGANIZATION,M610,R-HSA-1474244,2026.1.Hs,95,Homo sapiens,126,DMD,MSigDB_geneSymbols,1756,ENSG00000198947,Human_Ensembl_Gene_ID,307,1,UNSIGNED,1,MSigDB_published_projection_not_independently_reconciled,2046e084f1c36c74cf107c8448d19bb4f47bb2bf37b45b2388fd3d1b837b6540,0bce8c070ad8e24961cd22fabd57da8cf26161f7ece5d3da49715812ac1895a6
reactome_ecm_organization,REACTOME_EXTRACELLULAR_MATRIX_ORGANIZATION,M610,R-HSA-1474244,2026.1.Hs,95,Homo sapiens,127,DMP1,MSigDB_geneSymbols,1758,ENSG00000152592,Human_Ensembl_Gene_ID,199,1,UNSIGNED,1,MSigDB_published_projection_not_independently_reconciled,2046e084f1c36c74cf107c8448d19bb4f47bb2bf37b45b2388fd3d1b837b6540,0bce8c070ad8e24961cd22fabd57da8cf26161f7ece5d3da49715812ac1895a6
reactome_ecm_organization,REACTOME_EXTRACELLULAR_MATRIX_ORGANIZATION,M610,R-HSA-1474244,2026.1.Hs,95,Homo sapiens,128,DRP2,MSigDB_geneSymbols,1821,ENSG00000102385,Human_Ensembl_Gene_ID,66,1,UNSIGNED,1,MSigDB_published_projection_not_independently_reconciled,2046e084f1c36c74cf107c8448d19bb4f47bb2bf37b45b2388fd3d1b837b6540,0bce8c070ad8e24961cd22fabd57da8cf26161f7ece5d3da49715812ac1895a6
reactome_ecm_organization,REACTOME_EXTRACELLULAR_MATRIX_ORGANIZATION,M610,R-HSA-1474244,2026.1.Hs,95,Homo sapiens,129,DSPP,MSigDB_geneSymbols,1834,ENSG00000152591,Human_Ensembl_Gene_ID,198,1,UNSIGNED,1,MSigDB_published_projection_not_independently_reconciled,2046e084f1c36c74cf107c8448d19bb4f47bb2bf37b45b2388fd3d1b837b6540,0bce8c070ad8e24961cd22fabd57da8cf26161f7ece5d3da49715812ac1895a6
reactome_ecm_organization,REACTOME_EXTRACELLULAR_MATRIX_ORGANIZATION,M610,R-HSA-1474244,2026.1.Hs,95,Homo sapiens,130,DST,MSigDB_geneSymbols,667,ENSG00000151914,Human_Ensembl_Gene_ID,197,1,UNSIGNED,1,MSigDB_published_projection_not_independently_reconciled,2046e084f1c36c74cf107c8448d19bb4f47bb2bf37b45b2388fd3d1b837b6540,0bce8c070ad8e24961cd22fabd57da8cf26161f7ece5d3da49715812ac1895a6
reactome_ecm_organization,REACTOME_EXTRACELLULAR_MATRIX_ORGANIZATION,M610,R-HSA-1474244,2026.1.Hs,95,Homo sapiens,131,DTNA,MSigDB_geneSymbols,1837,ENSG00000134769,Human_Ensembl_Gene_ID,141,1,UNSIGNED,1,MSigDB_published_projection_not_independently_reconciled,2046e084f1c36c74cf107c8448d19bb4f47bb2bf37b45b2388fd3d1b837b6540,0bce8c070ad8e24961cd22fabd57da8cf26161f7ece5d3da49715812ac1895a6
reactome_ecm_organization,REACTOME_EXTRACELLULAR_MATRIX_ORGANIZATION,M610,R-HSA-1474244,2026.1.Hs,95,Homo sapiens,132,DTNB,MSigDB_geneSymbols,1838,ENSG00000138101,Human_Ensembl_Gene_ID,159,1,UNSIGNED,1,MSigDB_published_projection_not_independently_reconciled,2046e084f1c36c74cf107c8448d19bb4f47bb2bf37b45b2388fd3d1b837b6540,0bce8c070ad8e24961cd22fabd57da8cf26161f7ece5d3da49715812ac1895a6
reactome_ecm_organization,REACTOME_EXTRACELLULAR_MATRIX_ORGANIZATION,M610,R-HSA-1474244,2026.1.Hs,95,Homo sapiens,133,EFEMP1,MSigDB_geneSymbols,2202,ENSG00000115380,Human_Ensembl_Gene_ID,97,1,UNSIGNED,1,MSigDB_published_projection_not_independently_reconciled,2046e084f1c36c74cf107c8448d19bb4f47bb2bf37b45b2388fd3d1b837b6540,0bce8c070ad8e24961cd22fabd57da8cf26161f7ece5d3da49715812ac1895a6
reactome_ecm_organization,REACTOME_EXTRACELLULAR_MATRIX_ORGANIZATION,M610,R-HSA-1474244,2026.1.Hs,95,Homo sapiens,134,EFEMP2,MSigDB_geneSymbols,30008,ENSG00000172638,Human_Ensembl_Gene_ID,271,1,UNSIGNED,1,MSigDB_published_projection_not_independently_reconciled,2046e084f1c36c74cf107c8448d19bb4f47bb2bf37b45b2388fd3d1b837b6540,0bce8c070ad8e24961cd22fabd57da8cf26161f7ece5d3da49715812ac1895a6
reactome_ecm_organization,REACTOME_EXTRACELLULAR_MATRIX_ORGANIZATION,M610,R-HSA-1474244,2026.1.Hs,95,Homo sapiens,135,ELANE,MSigDB_geneSymbols,1991,ENSG00000197561;ENSG00000277571,Human_Ensembl_Gene_ID,302;334,2,UNSIGNED,1,MSigDB_published_projection_not_independently_reconciled,2046e084f1c36c74cf107c8448d19bb4f47bb2bf37b45b2388fd3d1b837b6540,0bce8c070ad8e24961cd22fabd57da8cf26161f7ece5d3da49715812ac1895a6
reactome_ecm_organization,REACTOME_EXTRACELLULAR_MATRIX_ORGANIZATION,M610,R-HSA-1474244,2026.1.Hs,95,Homo sapiens,136,ELN,MSigDB_geneSymbols,2006,ENSG00000049540,Human_Ensembl_Gene_ID,18,1,UNSIGNED,1,MSigDB_published_projection_not_independently_reconciled,2046e084f1c36c74cf107c8448d19bb4f47bb2bf37b45b2388fd3d1b837b6540,0bce8c070ad8e24961cd22fabd57da8cf26161f7ece5d3da49715812ac1895a6
reactome_ecm_organization,REACTOME_EXTRACELLULAR_MATRIX_ORGANIZATION,M610,R-HSA-1474244,2026.1.Hs,95,Homo sapiens,137,EMILIN1,MSigDB_geneSymbols,11117,ENSG00000138080,Human_Ensembl_Gene_ID,158,1,UNSIGNED,1,MSigDB_published_projection_not_independently_reconciled,2046e084f1c36c74cf107c8448d19bb4f47bb2bf37b45b2388fd3d1b837b6540,0bce8c070ad8e24961cd22fabd57da8cf26161f7ece5d3da49715812ac1895a6
reactome_ecm_organization,REACTOME_EXTRACELLULAR_MATRIX_ORGANIZATION,M610,R-HSA-1474244,2026.1.Hs,95,Homo sapiens,138,EMILIN2,MSigDB_geneSymbols,84034,ENSG00000132205,Human_Ensembl_Gene_ID,136,1,UNSIGNED,1,MSigDB_published_projection_not_independently_reconciled,2046e084f1c36c74cf107c8448d19bb4f47bb2bf37b45b2388fd3d1b837b6540,0bce8c070ad8e24961cd22fabd57da8cf26161f7ece5d3da49715812ac1895a6
reactome_ecm_organization,REACTOME_EXTRACELLULAR_MATRIX_ORGANIZATION,M610,R-HSA-1474244,2026.1.Hs,95,Homo sapiens,139,EMILIN3,MSigDB_geneSymbols,90187,ENSG00000183798,Human_Ensembl_Gene_ID,282,1,UNSIGNED,1,MSigDB_published_projection_not_independently_reconciled,2046e084f1c36c74cf107c8448d19bb4f47bb2bf37b45b2388fd3d1b837b6540,0bce8c070ad8e24961cd22fabd57da8cf26161f7ece5d3da49715812ac1895a6
reactome_ecm_organization,REACTOME_EXTRACELLULAR_MATRIX_ORGANIZATION,M610,R-HSA-1474244,2026.1.Hs,95,Homo sapiens,140,F11R,MSigDB_geneSymbols,50848,ENSG00000158769,Human_Ensembl_Gene_ID,212,1,UNSIGNED,1,MSigDB_published_projection_not_independently_reconciled,2046e084f1c36c74cf107c8448d19bb4f47bb2bf37b45b2388fd3d1b837b6540,0bce8c070ad8e24961cd22fabd57da8cf26161f7ece5d3da49715812ac1895a6
reactome_ecm_organization,REACTOME_EXTRACELLULAR_MATRIX_ORGANIZATION,M610,R-HSA-1474244,2026.1.Hs,95,Homo sapiens,141,FBLN1,MSigDB_geneSymbols,2192,ENSG00000077942,Human_Ensembl_Gene_ID,31,1,UNSIGNED,1,MSigDB_published_projection_not_independently_reconciled,2046e084f1c36c74cf107c8448d19bb4f47bb2bf37b45b2388fd3d1b837b6540,0bce8c070ad8e24961cd22fabd57da8cf26161f7ece5d3da49715812ac1895a6
reactome_ecm_organization,REACTOME_EXTRACELLULAR_MATRIX_ORGANIZATION,M610,R-HSA-1474244,2026.1.Hs,95,Homo sapiens,142,FBLN2,MSigDB_geneSymbols,2199,ENSG00000163520,Human_Ensembl_Gene_ID,231,1,UNSIGNED,1,MSigDB_published_projection_not_independently_reconciled,2046e084f1c36c74cf107c8448d19bb4f47bb2bf37b45b2388fd3d1b837b6540,0bce8c070ad8e24961cd22fabd57da8cf26161f7ece5d3da49715812ac1895a6
reactome_ecm_organization,REACTOME_EXTRACELLULAR_MATRIX_ORGANIZATION,M610,R-HSA-1474244,2026.1.Hs,95,Homo sapiens,143,FBLN5,MSigDB_geneSymbols,10516,ENSG00000140092,Human_Ensembl_Gene_ID,168,1,UNSIGNED,1,MSigDB_published_projection_not_independently_reconciled,2046e084f1c36c74cf107c8448d19bb4f47bb2bf37b45b2388fd3d1b837b6540,0bce8c070ad8e24961cd22fabd57da8cf26161f7ece5d3da49715812ac1895a6
reactome_ecm_organization,REACTOME_EXTRACELLULAR_MATRIX_ORGANIZATION,M610,R-HSA-1474244,2026.1.Hs,95,Homo sapiens,144,FBN1,MSigDB_geneSymbols,2200,ENSG00000166147,Human_Ensembl_Gene_ID,241,1,UNSIGNED,1,MSigDB_published_projection_not_independently_reconciled,2046e084f1c36c74cf107c8448d19bb4f47bb2bf37b45b2388fd3d1b837b6540,0bce8c070ad8e24961cd22fabd57da8cf26161f7ece5d3da49715812ac1895a6
reactome_ecm_organization,REACTOME_EXTRACELLULAR_MATRIX_ORGANIZATION,M610,R-HSA-1474244,2026.1.Hs,95,Homo sapiens,145,FBN2,MSigDB_geneSymbols,2201,ENSG00000138829,Human_Ensembl_Gene_ID,164,1,UNSIGNED,1,MSigDB_published_projection_not_independently_reconciled,2046e084f1c36c74cf107c8448d19bb4f47bb2bf37b45b2388fd3d1b837b6540,0bce8c070ad8e24961cd22fabd57da8cf26161f7ece5d3da49715812ac1895a6
reactome_ecm_organization,REACTOME_EXTRACELLULAR_MATRIX_ORGANIZATION,M610,R-HSA-1474244,2026.1.Hs,95,Homo sapiens,146,FBN3,MSigDB_geneSymbols,84467,ENSG00000142449,Human_Ensembl_Gene_ID,176,1,UNSIGNED,1,MSigDB_published_projection_not_independently_reconciled,2046e084f1c36c74cf107c8448d19bb4f47bb2bf37b45b2388fd3d1b837b6540,0bce8c070ad8e24961cd22fabd57da8cf26161f7ece5d3da49715812ac1895a6
reactome_ecm_organization,REACTOME_EXTRACELLULAR_MATRIX_ORGANIZATION,M610,R-HSA-1474244,2026.1.Hs,95,Homo sapiens,147,FGA,MSigDB_geneSymbols,2243,ENSG00000171560,Human_Ensembl_Gene_ID,263,1,UNSIGNED,1,MSigDB_published_projection_not_independently_reconciled,2046e084f1c36c74cf107c8448d19bb4f47bb2bf37b45b2388fd3d1b837b6540,0bce8c070ad8e24961cd22fabd57da8cf26161f7ece5d3da49715812ac1895a6
reactome_ecm_organization,REACTOME_EXTRACELLULAR_MATRIX_ORGANIZATION,M610,R-HSA-1474244,2026.1.Hs,95,Homo sapiens,148,FGB,MSigDB_geneSymbols,2244,ENSG00000171564,Human_Ensembl_Gene_ID,264,1,UNSIGNED,1,MSigDB_published_projection_not_independently_reconciled,2046e084f1c36c74cf107c8448d19bb4f47bb2bf37b45b2388fd3d1b837b6540,0bce8c070ad8e24961cd22fabd57da8cf26161f7ece5d3da49715812ac1895a6
reactome_ecm_organization,REACTOME_EXTRACELLULAR_MATRIX_ORGANIZATION,M610,R-HSA-1474244,2026.1.Hs,95,Homo sapiens,149,FGF2,MSigDB_geneSymbols,2247,ENSG00000138685,Human_Ensembl_Gene_ID,163,1,UNSIGNED,1,MSigDB_published_projection_not_independently_reconciled,2046e084f1c36c74cf107c8448d19bb4f47bb2bf37b45b2388fd3d1b837b6540,0bce8c070ad8e24961cd22fabd57da8cf26161f7ece5d3da49715812ac1895a6
reactome_ecm_organization,REACTOME_EXTRACELLULAR_MATRIX_ORGANIZATION,M610,R-HSA-1474244,2026.1.Hs,95,Homo sapiens,150,FGG,MSigDB_geneSymbols,2266,ENSG00000171557,Human_Ensembl_Gene_ID,262,1,UNSIGNED,1,MSigDB_published_projection_not_independently_reconciled,2046e084f1c36c74cf107c8448d19bb4f47bb2bf37b45b2388fd3d1b837b6540,0bce8c070ad8e24961cd22fabd57da8cf26161f7ece5d3da49715812ac1895a6
reactome_ecm_organization,REACTOME_EXTRACELLULAR_MATRIX_ORGANIZATION,M610,R-HSA-1474244,2026.1.Hs,95,Homo sapiens,151,FMOD,MSigDB_geneSymbols,2331,ENSG00000122176,Human_Ensembl_Gene_ID,111,1,UNSIGNED,1,MSigDB_published_projection_not_independently_reconciled,2046e084f1c36c74cf107c8448d19bb4f47bb2bf37b45b2388fd3d1b837b6540,0bce8c070ad8e24961cd22fabd57da8cf26161f7ece5d3da49715812ac1895a6
reactome_ecm_organization,REACTOME_EXTRACELLULAR_MATRIX_ORGANIZATION,M610,R-HSA-1474244,2026.1.Hs,95,Homo sapiens,152,FN1,MSigDB_geneSymbols,2335,ENSG00000115414,Human_Ensembl_Gene_ID,98,1,UNSIGNED,1,MSigDB_published_projection_not_independently_reconciled,2046e084f1c36c74cf107c8448d19bb4f47bb2bf37b45b2388fd3d1b837b6540,0bce8c070ad8e24961cd22fabd57da8cf26161f7ece5d3da49715812ac1895a6
reactome_ecm_organization,REACTOME_EXTRACELLULAR_MATRIX_ORGANIZATION,M610,R-HSA-1474244,2026.1.Hs,95,Homo sapiens,153,FURIN,MSigDB_geneSymbols,5045,ENSG00000140564,Human_Ensembl_Gene_ID,169,1,UNSIGNED,1,MSigDB_published_projection_not_independently_reconciled,2046e084f1c36c74cf107c8448d19bb4f47bb2bf37b45b2388fd3d1b837b6540,0bce8c070ad8e24961cd22fabd57da8cf26161f7ece5d3da49715812ac1895a6
reactome_ecm_organization,REACTOME_EXTRACELLULAR_MATRIX_ORGANIZATION,M610,R-HSA-1474244,2026.1.Hs,95,Homo sapiens,154,GDF5,MSigDB_geneSymbols,8200,ENSG00000125965,Human_Ensembl_Gene_ID,123,1,UNSIGNED,1,MSigDB_published_projection_not_independently_reconciled,2046e084f1c36c74cf107c8448d19bb4f47bb2bf37b45b2388fd3d1b837b6540,0bce8c070ad8e24961cd22fabd57da8cf26161f7ece5d3da49715812ac1895a6
reactome_ecm_organization,REACTOME_EXTRACELLULAR_MATRIX_ORGANIZATION,M610,R-HSA-1474244,2026.1.Hs,95,Homo sapiens,155,HAPLN1,MSigDB_geneSymbols,1404,ENSG00000145681,Human_Ensembl_Gene_ID,185,1,UNSIGNED,1,MSigDB_published_projection_not_independently_reconciled,2046e084f1c36c74cf107c8448d19bb4f47bb2bf37b45b2388fd3d1b837b6540,0bce8c070ad8e24961cd22fabd57da8cf26161f7ece5d3da49715812ac1895a6
reactome_ecm_organization,REACTOME_EXTRACELLULAR_MATRIX_ORGANIZATION,M610,R-HSA-1474244,2026.1.Hs,95,Homo sapiens,156,HSPG2,MSigDB_geneSymbols,3339,ENSG00000142798,Human_Ensembl_Gene_ID,177,1,UNSIGNED,1,MSigDB_published_projection_not_independently_reconciled,2046e084f1c36c74cf107c8448d19bb4f47bb2bf37b45b2388fd3d1b837b6540,0bce8c070ad8e24961cd22fabd57da8cf26161f7ece5d3da49715812ac1895a6
reactome_ecm_organization,REACTOME_EXTRACELLULAR_MATRIX_ORGANIZATION,M610,R-HSA-1474244,2026.1.Hs,95,Homo sapiens,157,HTRA1,MSigDB_geneSymbols,5654,ENSG00000166033,Human_Ensembl_Gene_ID,239,1,UNSIGNED,1,MSigDB_published_projection_not_independently_reconciled,2046e084f1c36c74cf107c8448d19bb4f47bb2bf37b45b2388fd3d1b837b6540,0bce8c070ad8e24961cd22fabd57da8cf26161f7ece5d3da49715812ac1895a6
reactome_ecm_organization,REACTOME_EXTRACELLULAR_MATRIX_ORGANIZATION,M610,R-HSA-1474244,2026.1.Hs,95,Homo sapiens,158,IBSP,MSigDB_geneSymbols,3381,ENSG00000029559,Human_Ensembl_Gene_ID,8,1,UNSIGNED,1,MSigDB_published_projection_not_independently_reconciled,2046e084f1c36c74cf107c8448d19bb4f47bb2bf37b45b2388fd3d1b837b6540,0bce8c070ad8e24961cd22fabd57da8cf26161f7ece5d3da49715812ac1895a6
reactome_ecm_organization,REACTOME_EXTRACELLULAR_MATRIX_ORGANIZATION,M610,R-HSA-1474244,2026.1.Hs,95,Homo sapiens,159,ICAM1,MSigDB_geneSymbols,3383,ENSG00000090339,Human_Ensembl_Gene_ID,47,1,UNSIGNED,1,MSigDB_published_projection_not_independently_reconciled,2046e084f1c36c74cf107c8448d19bb4f47bb2bf37b45b2388fd3d1b837b6540,0bce8c070ad8e24961cd22fabd57da8cf26161f7ece5d3da49715812ac1895a6
reactome_ecm_organization,REACTOME_EXTRACELLULAR_MATRIX_ORGANIZATION,M610,R-HSA-1474244,2026.1.Hs,95,Homo sapiens,160,ICAM2,MSigDB_geneSymbols,3384,ENSG00000108622,Human_Ensembl_Gene_ID,82,1,UNSIGNED,1,MSigDB_published_projection_not_independently_reconciled,2046e084f1c36c74cf107c8448d19bb4f47bb2bf37b45b2388fd3d1b837b6540,0bce8c070ad8e24961cd22fabd57da8cf26161f7ece5d3da49715812ac1895a6
reactome_ecm_organization,REACTOME_EXTRACELLULAR_MATRIX_ORGANIZATION,M610,R-HSA-1474244,2026.1.Hs,95,Homo sapiens,161,ICAM3,MSigDB_geneSymbols,3385,ENSG00000076662,Human_Ensembl_Gene_ID,29,1,UNSIGNED,1,MSigDB_published_projection_not_independently_reconciled,2046e084f1c36c74cf107c8448d19bb4f47bb2bf37b45b2388fd3d1b837b6540,0bce8c070ad8e24961cd22fabd57da8cf26161f7ece5d3da49715812ac1895a6
reactome_ecm_organization,REACTOME_EXTRACELLULAR_MATRIX_ORGANIZATION,M610,R-HSA-1474244,2026.1.Hs,95,Homo sapiens,162,ICAM4,MSigDB_geneSymbols,3386,ENSG00000105371,Human_Ensembl_Gene_ID,71,1,UNSIGNED,1,MSigDB_published_projection_not_independently_reconciled,2046e084f1c36c74cf107c8448d19bb4f47bb2bf37b45b2388fd3d1b837b6540,0bce8c070ad8e24961cd22fabd57da8cf26161f7ece5d3da49715812ac1895a6
reactome_ecm_organization,REACTOME_EXTRACELLULAR_MATRIX_ORGANIZATION,M610,R-HSA-1474244,2026.1.Hs,95,Homo sapiens,163,ICAM5,MSigDB_geneSymbols,7087,ENSG00000105376,Human_Ensembl_Gene_ID,72,1,UNSIGNED,1,MSigDB_published_projection_not_independently_reconciled,2046e084f1c36c74cf107c8448d19bb4f47bb2bf37b45b2388fd3d1b837b6540,0bce8c070ad8e24961cd22fabd57da8cf26161f7ece5d3da49715812ac1895a6
reactome_ecm_organization,REACTOME_EXTRACELLULAR_MATRIX_ORGANIZATION,M610,R-HSA-1474244,2026.1.Hs,95,Homo sapiens,164,ITGA1,MSigDB_geneSymbols,3672,ENSG00000213949,Human_Ensembl_Gene_ID,316,1,UNSIGNED,1,MSigDB_published_projection_not_independently_reconciled,2046e084f1c36c74cf107c8448d19bb4f47bb2bf37b45b2388fd3d1b837b6540,0bce8c070ad8e24961cd22fabd57da8cf26161f7ece5d3da49715812ac1895a6
reactome_ecm_organization,REACTOME_EXTRACELLULAR_MATRIX_ORGANIZATION,M610,R-HSA-1474244,2026.1.Hs,95,Homo sapiens,165,ITGA10,MSigDB_geneSymbols,8515,ENSG00000143127,Human_Ensembl_Gene_ID,178,1,UNSIGNED,1,MSigDB_published_projection_not_independently_reconciled,2046e084f1c36c74cf107c8448d19bb4f47bb2bf37b45b2388fd3d1b837b6540,0bce8c070ad8e24961cd22fabd57da8cf26161f7ece5d3da49715812ac1895a6
reactome_ecm_organization,REACTOME_EXTRACELLULAR_MATRIX_ORGANIZATION,M610,R-HSA-1474244,2026.1.Hs,95,Homo sapiens,166,ITGA11,MSigDB_geneSymbols,22801,ENSG00000137809,Human_Ensembl_Gene_ID,156,1,UNSIGNED,1,MSigDB_published_projection_not_independently_reconciled,2046e084f1c36c74cf107c8448d19bb4f47bb2bf37b45b2388fd3d1b837b6540,0bce8c070ad8e24961cd22fabd57da8cf26161f7ece5d3da49715812ac1895a6
reactome_ecm_organization,REACTOME_EXTRACELLULAR_MATRIX_ORGANIZATION,M610,R-HSA-1474244,2026.1.Hs,95,Homo sapiens,167,ITGA2,MSigDB_geneSymbols,3673,ENSG00000164171,Human_Ensembl_Gene_ID,234,1,UNSIGNED,1,MSigDB_published_projection_not_independently_reconciled,2046e084f1c36c74cf107c8448d19bb4f47bb2bf37b45b2388fd3d1b837b6540,0bce8c070ad8e24961cd22fabd57da8cf26161f7ece5d3da49715812ac1895a6
reactome_ecm_organization,REACTOME_EXTRACELLULAR_MATRIX_ORGANIZATION,M610,R-HSA-1474244,2026.1.Hs,95,Homo sapiens,168,ITGA2B,MSigDB_geneSymbols,3674,ENSG00000005961,Human_Ensembl_Gene_ID,3,1,UNSIGNED,1,MSigDB_published_projection_not_independently_reconciled,2046e084f1c36c74cf107c8448d19bb4f47bb2bf37b45b2388fd3d1b837b6540,0bce8c070ad8e24961cd22fabd57da8cf26161f7ece5d3da49715812ac1895a6
reactome_ecm_organization,REACTOME_EXTRACELLULAR_MATRIX_ORGANIZATION,M610,R-HSA-1474244,2026.1.Hs,95,Homo sapiens,169,ITGA3,MSigDB_geneSymbols,3675,ENSG00000005884,Human_Ensembl_Gene_ID,2,1,UNSIGNED,1,MSigDB_published_projection_not_independently_reconciled,2046e084f1c36c74cf107c8448d19bb4f47bb2bf37b45b2388fd3d1b837b6540,0bce8c070ad8e24961cd22fabd57da8cf26161f7ece5d3da49715812ac1895a6
reactome_ecm_organization,REACTOME_EXTRACELLULAR_MATRIX_ORGANIZATION,M610,R-HSA-1474244,2026.1.Hs,95,Homo sapiens,170,ITGA4,MSigDB_geneSymbols,3676,ENSG00000115232,Human_Ensembl_Gene_ID,95,1,UNSIGNED,1,MSigDB_published_projection_not_independently_reconciled,2046e084f1c36c74cf107c8448d19bb4f47bb2bf37b45b2388fd3d1b837b6540,0bce8c070ad8e24961cd22fabd57da8cf26161f7ece5d3da49715812ac1895a6
reactome_ecm_organization,REACTOME_EXTRACELLULAR_MATRIX_ORGANIZATION,M610,R-HSA-1474244,2026.1.Hs,95,Homo sapiens,171,ITGA5,MSigDB_geneSymbols,3678,ENSG00000161638,Human_Ensembl_Gene_ID,218,1,UNSIGNED,1,MSigDB_published_projection_not_independently_reconciled,2046e084f1c36c74cf107c8448d19bb4f47bb2bf37b45b2388fd3d1b837b6540,0bce8c070ad8e24961cd22fabd57da8cf26161f7ece5d3da49715812ac1895a6
reactome_ecm_organization,REACTOME_EXTRACELLULAR_MATRIX_ORGANIZATION,M610,R-HSA-1474244,2026.1.Hs,95,Homo sapiens,172,ITGA6,MSigDB_geneSymbols,3655,ENSG00000091409,Human_Ensembl_Gene_ID,50,1,UNSIGNED,1,MSigDB_published_projection_not_independently_reconciled,2046e084f1c36c74cf107c8448d19bb4f47bb2bf37b45b2388fd3d1b837b6540,0bce8c070ad8e24961cd22fabd57da8cf26161f7ece5d3da49715812ac1895a6
reactome_ecm_organization,REACTOME_EXTRACELLULAR_MATRIX_ORGANIZATION,M610,R-HSA-1474244,2026.1.Hs,95,Homo sapiens,173,ITGA7,MSigDB_geneSymbols,3679,ENSG00000135424,Human_Ensembl_Gene_ID,146,1,UNSIGNED,1,MSigDB_published_projection_not_independently_reconciled,2046e084f1c36c74cf107c8448d19bb4f47bb2bf37b45b2388fd3d1b837b6540,0bce8c070ad8e24961cd22fabd57da8cf26161f7ece5d3da49715812ac1895a6
reactome_ecm_organization,REACTOME_EXTRACELLULAR_MATRIX_ORGANIZATION,M610,R-HSA-1474244,2026.1.Hs,95,Homo sapiens,174,ITGA8,MSigDB_geneSymbols,8516,ENSG00000077943,Human_Ensembl_Gene_ID,32,1,UNSIGNED,1,MSigDB_published_projection_not_independently_reconciled,2046e084f1c36c74cf107c8448d19bb4f47bb2bf37b45b2388fd3d1b837b6540,0bce8c070ad8e24961cd22fabd57da8cf26161f7ece5d3da49715812ac1895a6
reactome_ecm_organization,REACTOME_EXTRACELLULAR_MATRIX_ORGANIZATION,M610,R-HSA-1474244,2026.1.Hs,95,Homo sapiens,175,ITGA9,MSigDB_geneSymbols,3680,ENSG00000144668;ENSG00000291488,Human_Ensembl_Gene_ID,182;339,2,UNSIGNED,1,MSigDB_published_projection_not_independently_reconciled,2046e084f1c36c74cf107c8448d19bb4f47bb2bf37b45b2388fd3d1b837b6540,0bce8c070ad8e24961cd22fabd57da8cf26161f7ece5d3da49715812ac1895a6
reactome_ecm_organization,REACTOME_EXTRACELLULAR_MATRIX_ORGANIZATION,M610,R-HSA-1474244,2026.1.Hs,95,Homo sapiens,176,ITGAD,MSigDB_geneSymbols,3681,ENSG00000156886,Human_Ensembl_Gene_ID,209,1,UNSIGNED,1,MSigDB_published_projection_not_independently_reconciled,2046e084f1c36c74cf107c8448d19bb4f47bb2bf37b45b2388fd3d1b837b6540,0bce8c070ad8e24961cd22fabd57da8cf26161f7ece5d3da49715812ac1895a6
reactome_ecm_organization,REACTOME_EXTRACELLULAR_MATRIX_ORGANIZATION,M610,R-HSA-1474244,2026.1.Hs,95,Homo sapiens,177,ITGAE,MSigDB_geneSymbols,3682,ENSG00000083457,Human_Ensembl_Gene_ID,40,1,UNSIGNED,1,MSigDB_published_projection_not_independently_reconciled,2046e084f1c36c74cf107c8448d19bb4f47bb2bf37b45b2388fd3d1b837b6540,0bce8c070ad8e24961cd22fabd57da8cf26161f7ece5d3da49715812ac1895a6
reactome_ecm_organization,REACTOME_EXTRACELLULAR_MATRIX_ORGANIZATION,M610,R-HSA-1474244,2026.1.Hs,95,Homo sapiens,178,ITGAL,MSigDB_geneSymbols,3683,ENSG00000005844,Human_Ensembl_Gene_ID,1,1,UNSIGNED,1,MSigDB_published_projection_not_independently_reconciled,2046e084f1c36c74cf107c8448d19bb4f47bb2bf37b45b2388fd3d1b837b6540,0bce8c070ad8e24961cd22fabd57da8cf26161f7ece5d3da49715812ac1895a6
reactome_ecm_organization,REACTOME_EXTRACELLULAR_MATRIX_ORGANIZATION,M610,R-HSA-1474244,2026.1.Hs,95,Homo sapiens,179,ITGAM,MSigDB_geneSymbols,3684,ENSG00000169896,Human_Ensembl_Gene_ID,258,1,UNSIGNED,1,MSigDB_published_projection_not_independently_reconciled,2046e084f1c36c74cf107c8448d19bb4f47bb2bf37b45b2388fd3d1b837b6540,0bce8c070ad8e24961cd22fabd57da8cf26161f7ece5d3da49715812ac1895a6
reactome_ecm_organization,REACTOME_EXTRACELLULAR_MATRIX_ORGANIZATION,M610,R-HSA-1474244,2026.1.Hs,95,Homo sapiens,180,ITGAV,MSigDB_geneSymbols,3685,ENSG00000138448,Human_Ensembl_Gene_ID,162,1,UNSIGNED,1,MSigDB_published_projection_not_independently_reconciled,2046e084f1c36c74cf107c8448d19bb4f47bb2bf37b45b2388fd3d1b837b6540,0bce8c070ad8e24961cd22fabd57da8cf26161f7ece5d3da49715812ac1895a6
reactome_ecm_organization,REACTOME_EXTRACELLULAR_MATRIX_ORGANIZATION,M610,R-HSA-1474244,2026.1.Hs,95,Homo sapiens,181,ITGAX,MSigDB_geneSymbols,3687,ENSG00000140678,Human_Ensembl_Gene_ID,170,1,UNSIGNED,1,MSigDB_published_projection_not_independently_reconciled,2046e084f1c36c74cf107c8448d19bb4f47bb2bf37b45b2388fd3d1b837b6540,0bce8c070ad8e24961cd22fabd57da8cf26161f7ece5d3da49715812ac1895a6
reactome_ecm_organization,REACTOME_EXTRACELLULAR_MATRIX_ORGANIZATION,M610,R-HSA-1474244,2026.1.Hs,95,Homo sapiens,182,ITGB1,MSigDB_geneSymbols,3688,ENSG00000150093,Human_Ensembl_Gene_ID,194,1,UNSIGNED,1,MSigDB_published_projection_not_independently_reconciled,2046e084f1c36c74cf107c8448d19bb4f47bb2bf37b45b2388fd3d1b837b6540,0bce8c070ad8e24961cd22fabd57da8cf26161f7ece5d3da49715812ac1895a6
reactome_ecm_organization,REACTOME_EXTRACELLULAR_MATRIX_ORGANIZATION,M610,R-HSA-1474244,2026.1.Hs,95,Homo sapiens,183,ITGB2,MSigDB_geneSymbols,3689,ENSG00000160255,Human_Ensembl_Gene_ID,216,1,UNSIGNED,1,MSigDB_published_projection_not_independently_reconciled,2046e084f1c36c74cf107c8448d19bb4f47bb2bf37b45b2388fd3d1b837b6540,0bce8c070ad8e24961cd22fabd57da8cf26161f7ece5d3da49715812ac1895a6
reactome_ecm_organization,REACTOME_EXTRACELLULAR_MATRIX_ORGANIZATION,M610,R-HSA-1474244,2026.1.Hs,95,Homo sapiens,184,ITGB3,MSigDB_geneSymbols,3690,ENSG00000259207,Human_Ensembl_Gene_ID,328,1,UNSIGNED,1,MSigDB_published_projection_not_independently_reconciled,2046e084f1c36c74cf107c8448d19bb4f47bb2bf37b45b2388fd3d1b837b6540,0bce8c070ad8e24961cd22fabd57da8cf26161f7ece5d3da49715812ac1895a6
reactome_ecm_organization,REACTOME_EXTRACELLULAR_MATRIX_ORGANIZATION,M610,R-HSA-1474244,2026.1.Hs,95,Homo sapiens,185,ITGB4,MSigDB_geneSymbols,3691,ENSG00000132470,Human_Ensembl_Gene_ID,137,1,UNSIGNED,1,MSigDB_published_projection_not_independently_reconciled,2046e084f1c36c74cf107c8448d19bb4f47bb2bf37b45b2388fd3d1b837b6540,0bce8c070ad8e24961cd22fabd57da8cf26161f7ece5d3da49715812ac1895a6
reactome_ecm_organization,REACTOME_EXTRACELLULAR_MATRIX_ORGANIZATION,M610,R-HSA-1474244,2026.1.Hs,95,Homo sapiens,186,ITGB5,MSigDB_geneSymbols,3693,ENSG00000082781,Human_Ensembl_Gene_ID,38,1,UNSIGNED,1,MSigDB_published_projection_not_independently_reconciled,2046e084f1c36c74cf107c8448d19bb4f47bb2bf37b45b2388fd3d1b837b6540,0bce8c070ad8e24961cd22fabd57da8cf26161f7ece5d3da49715812ac1895a6
reactome_ecm_organization,REACTOME_EXTRACELLULAR_MATRIX_ORGANIZATION,M610,R-HSA-1474244,2026.1.Hs,95,Homo sapiens,187,ITGB6,MSigDB_geneSymbols,3694,ENSG00000115221,Human_Ensembl_Gene_ID,94,1,UNSIGNED,1,MSigDB_published_projection_not_independently_reconciled,2046e084f1c36c74cf107c8448d19bb4f47bb2bf37b45b2388fd3d1b837b6540,0bce8c070ad8e24961cd22fabd57da8cf26161f7ece5d3da49715812ac1895a6
reactome_ecm_organization,REACTOME_EXTRACELLULAR_MATRIX_ORGANIZATION,M610,R-HSA-1474244,2026.1.Hs,95,Homo sapiens,188,ITGB7,MSigDB_geneSymbols,3695,ENSG00000139626,Human_Ensembl_Gene_ID,167,1,UNSIGNED,1,MSigDB_published_projection_not_independently_reconciled,2046e084f1c36c74cf107c8448d19bb4f47bb2bf37b45b2388fd3d1b837b6540,0bce8c070ad8e24961cd22fabd57da8cf26161f7ece5d3da49715812ac1895a6
reactome_ecm_organization,REACTOME_EXTRACELLULAR_MATRIX_ORGANIZATION,M610,R-HSA-1474244,2026.1.Hs,95,Homo sapiens,189,ITGB8,MSigDB_geneSymbols,3696,ENSG00000105855,Human_Ensembl_Gene_ID,75,1,UNSIGNED,1,MSigDB_published_projection_not_independently_reconciled,2046e084f1c36c74cf107c8448d19bb4f47bb2bf37b45b2388fd3d1b837b6540,0bce8c070ad8e24961cd22fabd57da8cf26161f7ece5d3da49715812ac1895a6
reactome_ecm_organization,REACTOME_EXTRACELLULAR_MATRIX_ORGANIZATION,M610,R-HSA-1474244,2026.1.Hs,95,Homo sapiens,190,JAM2,MSigDB_geneSymbols,58494,ENSG00000154721,Human_Ensembl_Gene_ID,204,1,UNSIGNED,1,MSigDB_published_projection_not_independently_reconciled,2046e084f1c36c74cf107c8448d19bb4f47bb2bf37b45b2388fd3d1b837b6540,0bce8c070ad8e24961cd22fabd57da8cf26161f7ece5d3da49715812ac1895a6
reactome_ecm_organization,REACTOME_EXTRACELLULAR_MATRIX_ORGANIZATION,M610,R-HSA-1474244,2026.1.Hs,95,Homo sapiens,191,JAM3,MSigDB_geneSymbols,83700,ENSG00000166086,Human_Ensembl_Gene_ID,240,1,UNSIGNED,1,MSigDB_published_projection_not_independently_reconciled,2046e084f1c36c74cf107c8448d19bb4f47bb2bf37b45b2388fd3d1b837b6540,0bce8c070ad8e24961cd22fabd57da8cf26161f7ece5d3da49715812ac1895a6
reactome_ecm_organization,REACTOME_EXTRACELLULAR_MATRIX_ORGANIZATION,M610,R-HSA-1474244,2026.1.Hs,95,Homo sapiens,192,KDR,MSigDB_geneSymbols,3791,ENSG00000128052,Human_Ensembl_Gene_ID,127,1,UNSIGNED,1,MSigDB_published_projection_not_independently_reconciled,2046e084f1c36c74cf107c8448d19bb4f47bb2bf37b45b2388fd3d1b837b6540,0bce8c070ad8e24961cd22fabd57da8cf26161f7ece5d3da49715812ac1895a6
reactome_ecm_organization,REACTOME_EXTRACELLULAR_MATRIX_ORGANIZATION,M610,R-HSA-1474244,2026.1.Hs,95,Homo sapiens,193,KLK2,MSigDB_geneSymbols,3817,ENSG00000167751,Human_Ensembl_Gene_ID,245,1,UNSIGNED,1,MSigDB_published_projection_not_independently_reconciled,2046e084f1c36c74cf107c8448d19bb4f47bb2bf37b45b2388fd3d1b837b6540,0bce8c070ad8e24961cd22fabd57da8cf26161f7ece5d3da49715812ac1895a6
reactome_ecm_organization,REACTOME_EXTRACELLULAR_MATRIX_ORGANIZATION,M610,R-HSA-1474244,2026.1.Hs,95,Homo sapiens,194,KLK7,MSigDB_geneSymbols,5650,ENSG00000169035,Human_Ensembl_Gene_ID,255,1,UNSIGNED,1,MSigDB_published_projection_not_independently_reconciled,2046e084f1c36c74cf107c8448d19bb4f47bb2bf37b45b2388fd3d1b837b6540,0bce8c070ad8e24961cd22fabd57da8cf26161f7ece5d3da49715812ac1895a6
reactome_ecm_organization,REACTOME_EXTRACELLULAR_MATRIX_ORGANIZATION,M610,R-HSA-1474244,2026.1.Hs,95,Homo sapiens,195,KLKB1,MSigDB_geneSymbols,3818,ENSG00000164344,Human_Ensembl_Gene_ID,236,1,UNSIGNED,1,MSigDB_published_projection_not_independently_reconciled,2046e084f1c36c74cf107c8448d19bb4f47bb2bf37b45b2388fd3d1b837b6540,0bce8c070ad8e24961cd22fabd57da8cf26161f7ece5d3da49715812ac1895a6
reactome_ecm_organization,REACTOME_EXTRACELLULAR_MATRIX_ORGANIZATION,M610,R-HSA-1474244,2026.1.Hs,95,Homo sapiens,196,LAMA1,MSigDB_geneSymbols,284217,ENSG00000101680,Human_Ensembl_Gene_ID,64,1,UNSIGNED,1,MSigDB_published_projection_not_independently_reconciled,2046e084f1c36c74cf107c8448d19bb4f47bb2bf37b45b2388fd3d1b837b6540,0bce8c070ad8e24961cd22fabd57da8cf26161f7ece5d3da49715812ac1895a6
reactome_ecm_organization,REACTOME_EXTRACELLULAR_MATRIX_ORGANIZATION,M610,R-HSA-1474244,2026.1.Hs,95,Homo sapiens,197,LAMA2,MSigDB_geneSymbols,3908,ENSG00000196569,Human_Ensembl_Gene_ID,294,1,UNSIGNED,1,MSigDB_published_projection_not_independently_reconciled,2046e084f1c36c74cf107c8448d19bb4f47bb2bf37b45b2388fd3d1b837b6540,0bce8c070ad8e24961cd22fabd57da8cf26161f7ece5d3da49715812ac1895a6
reactome_ecm_organization,REACTOME_EXTRACELLULAR_MATRIX_ORGANIZATION,M610,R-HSA-1474244,2026.1.Hs,95,Homo sapiens,198,LAMA3,MSigDB_geneSymbols,3909,ENSG00000053747,Human_Ensembl_Gene_ID,21,1,UNSIGNED,1,MSigDB_published_projection_not_independently_reconciled,2046e084f1c36c74cf107c8448d19bb4f47bb2bf37b45b2388fd3d1b837b6540,0bce8c070ad8e24961cd22fabd57da8cf26161f7ece5d3da49715812ac1895a6
reactome_ecm_organization,REACTOME_EXTRACELLULAR_MATRIX_ORGANIZATION,M610,R-HSA-1474244,2026.1.Hs,95,Homo sapiens,199,LAMA4,MSigDB_geneSymbols,3910,ENSG00000112769,Human_Ensembl_Gene_ID,90,1,UNSIGNED,1,MSigDB_published_projection_not_independently_reconciled,2046e084f1c36c74cf107c8448d19bb4f47bb2bf37b45b2388fd3d1b837b6540,0bce8c070ad8e24961cd22fabd57da8cf26161f7ece5d3da49715812ac1895a6
reactome_ecm_organization,REACTOME_EXTRACELLULAR_MATRIX_ORGANIZATION,M610,R-HSA-1474244,2026.1.Hs,95,Homo sapiens,200,LAMA5,MSigDB_geneSymbols,3911,ENSG00000130702,Human_Ensembl_Gene_ID,133,1,UNSIGNED,1,MSigDB_published_projection_not_independently_reconciled,2046e084f1c36c74cf107c8448d19bb4f47bb2bf37b45b2388fd3d1b837b6540,0bce8c070ad8e24961cd22fabd57da8cf26161f7ece5d3da49715812ac1895a6
reactome_ecm_organization,REACTOME_EXTRACELLULAR_MATRIX_ORGANIZATION,M610,R-HSA-1474244,2026.1.Hs,95,Homo sapiens,201,LAMB1,MSigDB_geneSymbols,3912,ENSG00000091136,Human_Ensembl_Gene_ID,49,1,UNSIGNED,1,MSigDB_published_projection_not_independently_reconciled,2046e084f1c36c74cf107c8448d19bb4f47bb2bf37b45b2388fd3d1b837b6540,0bce8c070ad8e24961cd22fabd57da8cf26161f7ece5d3da49715812ac1895a6
reactome_ecm_organization,REACTOME_EXTRACELLULAR_MATRIX_ORGANIZATION,M610,R-HSA-1474244,2026.1.Hs,95,Homo sapiens,202,LAMB2,MSigDB_geneSymbols,3913,ENSG00000172037,Human_Ensembl_Gene_ID,266,1,UNSIGNED,1,MSigDB_published_projection_not_independently_reconciled,2046e084f1c36c74cf107c8448d19bb4f47bb2bf37b45b2388fd3d1b837b6540,0bce8c070ad8e24961cd22fabd57da8cf26161f7ece5d3da49715812ac1895a6
reactome_ecm_organization,REACTOME_EXTRACELLULAR_MATRIX_ORGANIZATION,M610,R-HSA-1474244,2026.1.Hs,95,Homo sapiens,203,LAMB3,MSigDB_geneSymbols,3914,ENSG00000196878,Human_Ensembl_Gene_ID,299,1,UNSIGNED,1,MSigDB_published_projection_not_independently_reconciled,2046e084f1c36c74cf107c8448d19bb4f47bb2bf37b45b2388fd3d1b837b6540,0bce8c070ad8e24961cd22fabd57da8cf26161f7ece5d3da49715812ac1895a6
reactome_ecm_organization,REACTOME_EXTRACELLULAR_MATRIX_ORGANIZATION,M610,R-HSA-1474244,2026.1.Hs,95,Homo sapiens,204,LAMC1,MSigDB_geneSymbols,3915,ENSG00000135862,Human_Ensembl_Gene_ID,148,1,UNSIGNED,1,MSigDB_published_projection_not_independently_reconciled,2046e084f1c36c74cf107c8448d19bb4f47bb2bf37b45b2388fd3d1b837b6540,0bce8c070ad8e24961cd22fabd57da8cf26161f7ece5d3da49715812ac1895a6
reactome_ecm_organization,REACTOME_EXTRACELLULAR_MATRIX_ORGANIZATION,M610,R-HSA-1474244,2026.1.Hs,95,Homo sapiens,205,LAMC2,MSigDB_geneSymbols,3918,ENSG00000058085,Human_Ensembl_Gene_ID,22,1,UNSIGNED,1,MSigDB_published_projection_not_independently_reconciled,2046e084f1c36c74cf107c8448d19bb4f47bb2bf37b45b2388fd3d1b837b6540,0bce8c070ad8e24961cd22fabd57da8cf26161f7ece5d3da49715812ac1895a6
reactome_ecm_organization,REACTOME_EXTRACELLULAR_MATRIX_ORGANIZATION,M610,R-HSA-1474244,2026.1.Hs,95,Homo sapiens,206,LAMC3,MSigDB_geneSymbols,10319,ENSG00000050555,Human_Ensembl_Gene_ID,19,1,UNSIGNED,1,MSigDB_published_projection_not_independently_reconciled,2046e084f1c36c74cf107c8448d19bb4f47bb2bf37b45b2388fd3d1b837b6540,0bce8c070ad8e24961cd22fabd57da8cf26161f7ece5d3da49715812ac1895a6
reactome_ecm_organization,REACTOME_EXTRACELLULAR_MATRIX_ORGANIZATION,M610,R-HSA-1474244,2026.1.Hs,95,Homo sapiens,207,LOX,MSigDB_geneSymbols,4015,ENSG00000113083,Human_Ensembl_Gene_ID,91,1,UNSIGNED,1,MSigDB_published_projection_not_independently_reconciled,2046e084f1c36c74cf107c8448d19bb4f47bb2bf37b45b2388fd3d1b837b6540,0bce8c070ad8e24961cd22fabd57da8cf26161f7ece5d3da49715812ac1895a6
reactome_ecm_organization,REACTOME_EXTRACELLULAR_MATRIX_ORGANIZATION,M610,R-HSA-1474244,2026.1.Hs,95,Homo sapiens,208,LOXL1,MSigDB_geneSymbols,4016,ENSG00000129038,Human_Ensembl_Gene_ID,128,1,UNSIGNED,1,MSigDB_published_projection_not_independently_reconciled,2046e084f1c36c74cf107c8448d19bb4f47bb2bf37b45b2388fd3d1b837b6540,0bce8c070ad8e24961cd22fabd57da8cf26161f7ece5d3da49715812ac1895a6
reactome_ecm_organization,REACTOME_EXTRACELLULAR_MATRIX_ORGANIZATION,M610,R-HSA-1474244,2026.1.Hs,95,Homo sapiens,209,LOXL2,MSigDB_geneSymbols,4017,ENSG00000134013,Human_Ensembl_Gene_ID,139,1,UNSIGNED,1,MSigDB_published_projection_not_independently_reconciled,2046e084f1c36c74cf107c8448d19bb4f47bb2bf37b45b2388fd3d1b837b6540,0bce8c070ad8e24961cd22fabd57da8cf26161f7ece5d3da49715812ac1895a6
reactome_ecm_organization,REACTOME_EXTRACELLULAR_MATRIX_ORGANIZATION,M610,R-HSA-1474244,2026.1.Hs,95,Homo sapiens,210,LOXL3,MSigDB_geneSymbols,84695,ENSG00000115318,Human_Ensembl_Gene_ID,96,1,UNSIGNED,1,MSigDB_published_projection_not_independently_reconciled,2046e084f1c36c74cf107c8448d19bb4f47bb2bf37b45b2388fd3d1b837b6540,0bce8c070ad8e24961cd22fabd57da8cf26161f7ece5d3da49715812ac1895a6
reactome_ecm_organization,REACTOME_EXTRACELLULAR_MATRIX_ORGANIZATION,M610,R-HSA-1474244,2026.1.Hs,95,Homo sapiens,211,LOXL4,MSigDB_geneSymbols,84171,ENSG00000138131,Human_Ensembl_Gene_ID,160,1,UNSIGNED,1,MSigDB_published_projection_not_independently_reconciled,2046e084f1c36c74cf107c8448d19bb4f47bb2bf37b45b2388fd3d1b837b6540,0bce8c070ad8e24961cd22fabd57da8cf26161f7ece5d3da49715812ac1895a6
reactome_ecm_organization,REACTOME_EXTRACELLULAR_MATRIX_ORGANIZATION,M610,R-HSA-1474244,2026.1.Hs,95,Homo sapiens,212,LRP4,MSigDB_geneSymbols,4038,ENSG00000134569,Human_Ensembl_Gene_ID,140,1,UNSIGNED,1,MSigDB_published_projection_not_independently_reconciled,2046e084f1c36c74cf107c8448d19bb4f47bb2bf37b45b2388fd3d1b837b6540,0bce8c070ad8e24961cd22fabd57da8cf26161f7ece5d3da49715812ac1895a6
reactome_ecm_organization,REACTOME_EXTRACELLULAR_MATRIX_ORGANIZATION,M610,R-HSA-1474244,2026.1.Hs,95,Homo sapiens,213,LTBP1,MSigDB_geneSymbols,4052,ENSG00000049323,Human_Ensembl_Gene_ID,17,1,UNSIGNED,1,MSigDB_published_projection_not_independently_reconciled,2046e084f1c36c74cf107c8448d19bb4f47bb2bf37b45b2388fd3d1b837b6540,0bce8c070ad8e24961cd22fabd57da8cf26161f7ece5d3da49715812ac1895a6
reactome_ecm_organization,REACTOME_EXTRACELLULAR_MATRIX_ORGANIZATION,M610,R-HSA-1474244,2026.1.Hs,95,Homo sapiens,214,LTBP2,MSigDB_geneSymbols,4053,ENSG00000119681,Human_Ensembl_Gene_ID,108,1,UNSIGNED,1,MSigDB_published_projection_not_independently_reconciled,2046e084f1c36c74cf107c8448d19bb4f47bb2bf37b45b2388fd3d1b837b6540,0bce8c070ad8e24961cd22fabd57da8cf26161f7ece5d3da49715812ac1895a6
reactome_ecm_organization,REACTOME_EXTRACELLULAR_MATRIX_ORGANIZATION,M610,R-HSA-1474244,2026.1.Hs,95,Homo sapiens,215,LTBP3,MSigDB_geneSymbols,4054,ENSG00000168056,Human_Ensembl_Gene_ID,246,1,UNSIGNED,1,MSigDB_published_projection_not_independently_reconciled,2046e084f1c36c74cf107c8448d19bb4f47bb2bf37b45b2388fd3d1b837b6540,0bce8c070ad8e24961cd22fabd57da8cf26161f7ece5d3da49715812ac1895a6
reactome_ecm_organization,REACTOME_EXTRACELLULAR_MATRIX_ORGANIZATION,M610,R-HSA-1474244,2026.1.Hs,95,Homo sapiens,216,LTBP4,MSigDB_geneSymbols,8425,ENSG00000090006,Human_Ensembl_Gene_ID,46,1,UNSIGNED,1,MSigDB_published_projection_not_independently_reconciled,2046e084f1c36c74cf107c8448d19bb4f47bb2bf37b45b2388fd3d1b837b6540,0bce8c070ad8e24961cd22fabd57da8cf26161f7ece5d3da49715812ac1895a6
reactome_ecm_organization,REACTOME_EXTRACELLULAR_MATRIX_ORGANIZATION,M610,R-HSA-1474244,2026.1.Hs,95,Homo sapiens,217,LUM,MSigDB_geneSymbols,4060,ENSG00000139329,Human_Ensembl_Gene_ID,166,1,UNSIGNED,1,MSigDB_published_projection_not_independently_reconciled,2046e084f1c36c74cf107c8448d19bb4f47bb2bf37b45b2388fd3d1b837b6540,0bce8c070ad8e24961cd22fabd57da8cf26161f7ece5d3da49715812ac1895a6
reactome_ecm_organization,REACTOME_EXTRACELLULAR_MATRIX_ORGANIZATION,M610,R-HSA-1474244,2026.1.Hs,95,Homo sapiens,218,MADCAM1,MSigDB_geneSymbols,8174,ENSG00000099866,Human_Ensembl_Gene_ID,56,1,UNSIGNED,1,MSigDB_published_projection_not_independently_reconciled,2046e084f1c36c74cf107c8448d19bb4f47bb2bf37b45b2388fd3d1b837b6540,0bce8c070ad8e24961cd22fabd57da8cf26161f7ece5d3da49715812ac1895a6
reactome_ecm_organization,REACTOME_EXTRACELLULAR_MATRIX_ORGANIZATION,M610,R-HSA-1474244,2026.1.Hs,95,Homo sapiens,219,MATN1,MSigDB_geneSymbols,4146,ENSG00000162510,Human_Ensembl_Gene_ID,219,1,UNSIGNED,1,MSigDB_published_projection_not_independently_reconciled,2046e084f1c36c74cf107c8448d19bb4f47bb2bf37b45b2388fd3d1b837b6540,0bce8c070ad8e24961cd22fabd57da8cf26161f7ece5d3da49715812ac1895a6
reactome_ecm_organization,REACTOME_EXTRACELLULAR_MATRIX_ORGANIZATION,M610,R-HSA-1474244,2026.1.Hs,95,Homo sapiens,220,MATN3,MSigDB_geneSymbols,4148,ENSG00000132031,Human_Ensembl_Gene_ID,135,1,UNSIGNED,1,MSigDB_published_projection_not_independently_reconciled,2046e084f1c36c74cf107c8448d19bb4f47bb2bf37b45b2388fd3d1b837b6540,0bce8c070ad8e24961cd22fabd57da8cf26161f7ece5d3da49715812ac1895a6
reactome_ecm_organization,REACTOME_EXTRACELLULAR_MATRIX_ORGANIZATION,M610,R-HSA-1474244,2026.1.Hs,95,Homo sapiens,221,MATN4,MSigDB_geneSymbols,8785,ENSG00000124159,Human_Ensembl_Gene_ID,118,1,UNSIGNED,1,MSigDB_published_projection_not_independently_reconciled,2046e084f1c36c74cf107c8448d19bb4f47bb2bf37b45b2388fd3d1b837b6540,0bce8c070ad8e24961cd22fabd57da8cf26161f7ece5d3da49715812ac1895a6
reactome_ecm_organization,REACTOME_EXTRACELLULAR_MATRIX_ORGANIZATION,M610,R-HSA-1474244,2026.1.Hs,95,Homo sapiens,222,MFAP2,MSigDB_geneSymbols,4237,ENSG00000117122,Human_Ensembl_Gene_ID,102,1,UNSIGNED,1,MSigDB_published_projection_not_independently_reconciled,2046e084f1c36c74cf107c8448d19bb4f47bb2bf37b45b2388fd3d1b837b6540,0bce8c070ad8e24961cd22fabd57da8cf26161f7ece5d3da49715812ac1895a6
reactome_ecm_organization,REACTOME_EXTRACELLULAR_MATRIX_ORGANIZATION,M610,R-HSA-1474244,2026.1.Hs,95,Homo sapiens,223,MFAP3,MSigDB_geneSymbols,4238,ENSG00000037749,Human_Ensembl_Gene_ID,11,1,UNSIGNED,1,MSigDB_published_projection_not_independently_reconciled,2046e084f1c36c74cf107c8448d19bb4f47bb2bf37b45b2388fd3d1b837b6540,0bce8c070ad8e24961cd22fabd57da8cf26161f7ece5d3da49715812ac1895a6
reactome_ecm_organization,REACTOME_EXTRACELLULAR_MATRIX_ORGANIZATION,M610,R-HSA-1474244,2026.1.Hs,95,Homo sapiens,224,MFAP4,MSigDB_geneSymbols,4239,ENSG00000166482,Human_Ensembl_Gene_ID,242,1,UNSIGNED,1,MSigDB_published_projection_not_independently_reconciled,2046e084f1c36c74cf107c8448d19bb4f47bb2bf37b45b2388fd3d1b837b6540,0bce8c070ad8e24961cd22fabd57da8cf26161f7ece5d3da49715812ac1895a6
reactome_ecm_organization,REACTOME_EXTRACELLULAR_MATRIX_ORGANIZATION,M610,R-HSA-1474244,2026.1.Hs,95,Homo sapiens,225,MFAP5,MSigDB_geneSymbols,8076,ENSG00000197614,Human_Ensembl_Gene_ID,304,1,UNSIGNED,1,MSigDB_published_projection_not_independently_reconciled,2046e084f1c36c74cf107c8448d19bb4f47bb2bf37b45b2388fd3d1b837b6540,0bce8c070ad8e24961cd22fabd57da8cf26161f7ece5d3da49715812ac1895a6
reactome_ecm_organization,REACTOME_EXTRACELLULAR_MATRIX_ORGANIZATION,M610,R-HSA-1474244,2026.1.Hs,95,Homo sapiens,226,MMP1,MSigDB_geneSymbols,4312,ENSG00000196611,Human_Ensembl_Gene_ID,295,1,UNSIGNED,1,MSigDB_published_projection_not_independently_reconciled,2046e084f1c36c74cf107c8448d19bb4f47bb2bf37b45b2388fd3d1b837b6540,0bce8c070ad8e24961cd22fabd57da8cf26161f7ece5d3da49715812ac1895a6
reactome_ecm_organization,REACTOME_EXTRACELLULAR_MATRIX_ORGANIZATION,M610,R-HSA-1474244,2026.1.Hs,95,Homo sapiens,227,MMP10,MSigDB_geneSymbols,4319,ENSG00000166670,Human_Ensembl_Gene_ID,243,1,UNSIGNED,1,MSigDB_published_projection_not_independently_reconciled,2046e084f1c36c74cf107c8448d19bb4f47bb2bf37b45b2388fd3d1b837b6540,0bce8c070ad8e24961cd22fabd57da8cf26161f7ece5d3da49715812ac1895a6
reactome_ecm_organization,REACTOME_EXTRACELLULAR_MATRIX_ORGANIZATION,M610,R-HSA-1474244,2026.1.Hs,95,Homo sapiens,228,MMP11,MSigDB_geneSymbols,4320,ENSG00000099953;ENSG00000275365,Human_Ensembl_Gene_ID,57;332,2,UNSIGNED,1,MSigDB_published_projection_not_independently_reconciled,2046e084f1c36c74cf107c8448d19bb4f47bb2bf37b45b2388fd3d1b837b6540,0bce8c070ad8e24961cd22fabd57da8cf26161f7ece5d3da49715812ac1895a6
reactome_ecm_organization,REACTOME_EXTRACELLULAR_MATRIX_ORGANIZATION,M610,R-HSA-1474244,2026.1.Hs,95,Homo sapiens,229,MMP12,MSigDB_geneSymbols,4321,ENSG00000262406,Human_Ensembl_Gene_ID,330,1,UNSIGNED,1,MSigDB_published_projection_not_independently_reconciled,2046e084f1c36c74cf107c8448d19bb4f47bb2bf37b45b2388fd3d1b837b6540,0bce8c070ad8e24961cd22fabd57da8cf26161f7ece5d3da49715812ac1895a6
reactome_ecm_organization,REACTOME_EXTRACELLULAR_MATRIX_ORGANIZATION,M610,R-HSA-1474244,2026.1.Hs,95,Homo sapiens,230,MMP13,MSigDB_geneSymbols,4322,ENSG00000137745,Human_Ensembl_Gene_ID,154,1,UNSIGNED,1,MSigDB_published_projection_not_independently_reconciled,2046e084f1c36c74cf107c8448d19bb4f47bb2bf37b45b2388fd3d1b837b6540,0bce8c070ad8e24961cd22fabd57da8cf26161f7ece5d3da49715812ac1895a6
reactome_ecm_organization,REACTOME_EXTRACELLULAR_MATRIX_ORGANIZATION,M610,R-HSA-1474244,2026.1.Hs,95,Homo sapiens,231,MMP14,MSigDB_geneSymbols,4323,ENSG00000157227,Human_Ensembl_Gene_ID,210,1,UNSIGNED,1,MSigDB_published_projection_not_independently_reconciled,2046e084f1c36c74cf107c8448d19bb4f47bb2bf37b45b2388fd3d1b837b6540,0bce8c070ad8e24961cd22fabd57da8cf26161f7ece5d3da49715812ac1895a6
reactome_ecm_organization,REACTOME_EXTRACELLULAR_MATRIX_ORGANIZATION,M610,R-HSA-1474244,2026.1.Hs,95,Homo sapiens,232,MMP15,MSigDB_geneSymbols,4324,ENSG00000102996,Human_Ensembl_Gene_ID,68,1,UNSIGNED,1,MSigDB_published_projection_not_independently_reconciled,2046e084f1c36c74cf107c8448d19bb4f47bb2bf37b45b2388fd3d1b837b6540,0bce8c070ad8e24961cd22fabd57da8cf26161f7ece5d3da49715812ac1895a6
reactome_ecm_organization,REACTOME_EXTRACELLULAR_MATRIX_ORGANIZATION,M610,R-HSA-1474244,2026.1.Hs,95,Homo sapiens,233,MMP16,MSigDB_geneSymbols,4325,ENSG00000156103,Human_Ensembl_Gene_ID,207,1,UNSIGNED,1,MSigDB_published_projection_not_independently_reconciled,2046e084f1c36c74cf107c8448d19bb4f47bb2bf37b45b2388fd3d1b837b6540,0bce8c070ad8e24961cd22fabd57da8cf26161f7ece5d3da49715812ac1895a6
reactome_ecm_organization,REACTOME_EXTRACELLULAR_MATRIX_ORGANIZATION,M610,R-HSA-1474244,2026.1.Hs,95,Homo sapiens,234,MMP17,MSigDB_geneSymbols,4326,ENSG00000198598,Human_Ensembl_Gene_ID,305,1,UNSIGNED,1,MSigDB_published_projection_not_independently_reconciled,2046e084f1c36c74cf107c8448d19bb4f47bb2bf37b45b2388fd3d1b837b6540,0bce8c070ad8e24961cd22fabd57da8cf26161f7ece5d3da49715812ac1895a6
reactome_ecm_organization,REACTOME_EXTRACELLULAR_MATRIX_ORGANIZATION,M610,R-HSA-1474244,2026.1.Hs,95,Homo sapiens,235,MMP19,MSigDB_geneSymbols,4327,ENSG00000123342,Human_Ensembl_Gene_ID,115,1,UNSIGNED,1,MSigDB_published_projection_not_independently_reconciled,2046e084f1c36c74cf107c8448d19bb4f47bb2bf37b45b2388fd3d1b837b6540,0bce8c070ad8e24961cd22fabd57da8cf26161f7ece5d3da49715812ac1895a6
reactome_ecm_organization,REACTOME_EXTRACELLULAR_MATRIX_ORGANIZATION,M610,R-HSA-1474244,2026.1.Hs,95,Homo sapiens,236,MMP2,MSigDB_geneSymbols,4313,ENSG00000087245,Human_Ensembl_Gene_ID,44,1,UNSIGNED,1,MSigDB_published_projection_not_independently_reconciled,2046e084f1c36c74cf107c8448d19bb4f47bb2bf37b45b2388fd3d1b837b6540,0bce8c070ad8e24961cd22fabd57da8cf26161f7ece5d3da49715812ac1895a6
reactome_ecm_organization,REACTOME_EXTRACELLULAR_MATRIX_ORGANIZATION,M610,R-HSA-1474244,2026.1.Hs,95,Homo sapiens,237,MMP20,MSigDB_geneSymbols,9313,ENSG00000137674,Human_Ensembl_Gene_ID,153,1,UNSIGNED,1,MSigDB_published_projection_not_independently_reconciled,2046e084f1c36c74cf107c8448d19bb4f47bb2bf37b45b2388fd3d1b837b6540,0bce8c070ad8e24961cd22fabd57da8cf26161f7ece5d3da49715812ac1895a6
reactome_ecm_organization,REACTOME_EXTRACELLULAR_MATRIX_ORGANIZATION,M610,R-HSA-1474244,2026.1.Hs,95,Homo sapiens,238,MMP24,MSigDB_geneSymbols,10893,ENSG00000125966,Human_Ensembl_Gene_ID,124,1,UNSIGNED,1,MSigDB_published_projection_not_independently_reconciled,2046e084f1c36c74cf107c8448d19bb4f47bb2bf37b45b2388fd3d1b837b6540,0bce8c070ad8e24961cd22fabd57da8cf26161f7ece5d3da49715812ac1895a6
reactome_ecm_organization,REACTOME_EXTRACELLULAR_MATRIX_ORGANIZATION,M610,R-HSA-1474244,2026.1.Hs,95,Homo sapiens,239,MMP25,MSigDB_geneSymbols,64386,ENSG00000008516,Human_Ensembl_Gene_ID,4,1,UNSIGNED,1,MSigDB_published_projection_not_independently_reconciled,2046e084f1c36c74cf107c8448d19bb4f47bb2bf37b45b2388fd3d1b837b6540,0bce8c070ad8e24961cd22fabd57da8cf26161f7ece5d3da49715812ac1895a6
reactome_ecm_organization,REACTOME_EXTRACELLULAR_MATRIX_ORGANIZATION,M610,R-HSA-1474244,2026.1.Hs,95,Homo sapiens,240,MMP3,MSigDB_geneSymbols,4314,ENSG00000149968,Human_Ensembl_Gene_ID,193,1,UNSIGNED,1,MSigDB_published_projection_not_independently_reconciled,2046e084f1c36c74cf107c8448d19bb4f47bb2bf37b45b2388fd3d1b837b6540,0bce8c070ad8e24961cd22fabd57da8cf26161f7ece5d3da49715812ac1895a6
reactome_ecm_organization,REACTOME_EXTRACELLULAR_MATRIX_ORGANIZATION,M610,R-HSA-1474244,2026.1.Hs,95,Homo sapiens,241,MMP7,MSigDB_geneSymbols,4316,ENSG00000137673,Human_Ensembl_Gene_ID,152,1,UNSIGNED,1,MSigDB_published_projection_not_independently_reconciled,2046e084f1c36c74cf107c8448d19bb4f47bb2bf37b45b2388fd3d1b837b6540,0bce8c070ad8e24961cd22fabd57da8cf26161f7ece5d3da49715812ac1895a6
reactome_ecm_organization,REACTOME_EXTRACELLULAR_MATRIX_ORGANIZATION,M610,R-HSA-1474244,2026.1.Hs,95,Homo sapiens,242,MMP8,MSigDB_geneSymbols,4317,ENSG00000118113,Human_Ensembl_Gene_ID,105,1,UNSIGNED,1,MSigDB_published_projection_not_independently_reconciled,2046e084f1c36c74cf107c8448d19bb4f47bb2bf37b45b2388fd3d1b837b6540,0bce8c070ad8e24961cd22fabd57da8cf26161f7ece5d3da49715812ac1895a6
reactome_ecm_organization,REACTOME_EXTRACELLULAR_MATRIX_ORGANIZATION,M610,R-HSA-1474244,2026.1.Hs,95,Homo sapiens,243,MMP9,MSigDB_geneSymbols,4318,ENSG00000100985,Human_Ensembl_Gene_ID,60,1,UNSIGNED,1,MSigDB_published_projection_not_independently_reconciled,2046e084f1c36c74cf107c8448d19bb4f47bb2bf37b45b2388fd3d1b837b6540,0bce8c070ad8e24961cd22fabd57da8cf26161f7ece5d3da49715812ac1895a6
reactome_ecm_organization,REACTOME_EXTRACELLULAR_MATRIX_ORGANIZATION,M610,R-HSA-1474244,2026.1.Hs,95,Homo sapiens,244,MUSK,MSigDB_geneSymbols,4593,ENSG00000030304,Human_Ensembl_Gene_ID,9,1,UNSIGNED,1,MSigDB_published_projection_not_independently_reconciled,2046e084f1c36c74cf107c8448d19bb4f47bb2bf37b45b2388fd3d1b837b6540,0bce8c070ad8e24961cd22fabd57da8cf26161f7ece5d3da49715812ac1895a6
reactome_ecm_organization,REACTOME_EXTRACELLULAR_MATRIX_ORGANIZATION,M610,R-HSA-1474244,2026.1.Hs,95,Homo sapiens,245,NCAM1,MSigDB_geneSymbols,4684,ENSG00000149294,Human_Ensembl_Gene_ID,191,1,UNSIGNED,1,MSigDB_published_projection_not_independently_reconciled,2046e084f1c36c74cf107c8448d19bb4f47bb2bf37b45b2388fd3d1b837b6540,0bce8c070ad8e24961cd22fabd57da8cf26161f7ece5d3da49715812ac1895a6
reactome_ecm_organization,REACTOME_EXTRACELLULAR_MATRIX_ORGANIZATION,M610,R-HSA-1474244,2026.1.Hs,95,Homo sapiens,246,NCAN,MSigDB_geneSymbols,1463,ENSG00000130287,Human_Ensembl_Gene_ID,129,1,UNSIGNED,1,MSigDB_published_projection_not_independently_reconciled,2046e084f1c36c74cf107c8448d19bb4f47bb2bf37b45b2388fd3d1b837b6540,0bce8c070ad8e24961cd22fabd57da8cf26161f7ece5d3da49715812ac1895a6
reactome_ecm_organization,REACTOME_EXTRACELLULAR_MATRIX_ORGANIZATION,M610,R-HSA-1474244,2026.1.Hs,95,Homo sapiens,247,NCSTN,MSigDB_geneSymbols,23385,ENSG00000162736,Human_Ensembl_Gene_ID,223,1,UNSIGNED,1,MSigDB_published_projection_not_independently_reconciled,2046e084f1c36c74cf107c8448d19bb4f47bb2bf37b45b2388fd3d1b837b6540,0bce8c070ad8e24961cd22fabd57da8cf26161f7ece5d3da49715812ac1895a6
reactome_ecm_organization,REACTOME_EXTRACELLULAR_MATRIX_ORGANIZATION,M610,R-HSA-1474244,2026.1.Hs,95,Homo sapiens,248,NID1,MSigDB_geneSymbols,4811,ENSG00000116962,Human_Ensembl_Gene_ID,101,1,UNSIGNED,1,MSigDB_published_projection_not_independently_reconciled,2046e084f1c36c74cf107c8448d19bb4f47bb2bf37b45b2388fd3d1b837b6540,0bce8c070ad8e24961cd22fabd57da8cf26161f7ece5d3da49715812ac1895a6
reactome_ecm_organization,REACTOME_EXTRACELLULAR_MATRIX_ORGANIZATION,M610,R-HSA-1474244,2026.1.Hs,95,Homo sapiens,249,NID2,MSigDB_geneSymbols,22795,ENSG00000087303,Human_Ensembl_Gene_ID,45,1,UNSIGNED,1,MSigDB_published_projection_not_independently_reconciled,2046e084f1c36c74cf107c8448d19bb4f47bb2bf37b45b2388fd3d1b837b6540,0bce8c070ad8e24961cd22fabd57da8cf26161f7ece5d3da49715812ac1895a6
reactome_ecm_organization,REACTOME_EXTRACELLULAR_MATRIX_ORGANIZATION,M610,R-HSA-1474244,2026.1.Hs,95,Homo sapiens,250,NRXN1,MSigDB_geneSymbols,9378,ENSG00000179915,Human_Ensembl_Gene_ID,278,1,UNSIGNED,1,MSigDB_published_projection_not_independently_reconciled,2046e084f1c36c74cf107c8448d19bb4f47bb2bf37b45b2388fd3d1b837b6540,0bce8c070ad8e24961cd22fabd57da8cf26161f7ece5d3da49715812ac1895a6
reactome_ecm_organization,REACTOME_EXTRACELLULAR_MATRIX_ORGANIZATION,M610,R-HSA-1474244,2026.1.Hs,95,Homo sapiens,251,NTN4,MSigDB_geneSymbols,59277,ENSG00000074527,Human_Ensembl_Gene_ID,27,1,UNSIGNED,1,MSigDB_published_projection_not_independently_reconciled,2046e084f1c36c74cf107c8448d19bb4f47bb2bf37b45b2388fd3d1b837b6540,0bce8c070ad8e24961cd22fabd57da8cf26161f7ece5d3da49715812ac1895a6
reactome_ecm_organization,REACTOME_EXTRACELLULAR_MATRIX_ORGANIZATION,M610,R-HSA-1474244,2026.1.Hs,95,Homo sapiens,252,OPTC,MSigDB_geneSymbols,26254,ENSG00000188770,Human_Ensembl_Gene_ID,292,1,UNSIGNED,1,MSigDB_published_projection_not_independently_reconciled,2046e084f1c36c74cf107c8448d19bb4f47bb2bf37b45b2388fd3d1b837b6540,0bce8c070ad8e24961cd22fabd57da8cf26161f7ece5d3da49715812ac1895a6
reactome_ecm_organization,REACTOME_EXTRACELLULAR_MATRIX_ORGANIZATION,M610,R-HSA-1474244,2026.1.Hs,95,Homo sapiens,253,P3H1,MSigDB_geneSymbols,64175,ENSG00000117385,Human_Ensembl_Gene_ID,103,1,UNSIGNED,1,MSigDB_published_projection_not_independently_reconciled,2046e084f1c36c74cf107c8448d19bb4f47bb2bf37b45b2388fd3d1b837b6540,0bce8c070ad8e24961cd22fabd57da8cf26161f7ece5d3da49715812ac1895a6
reactome_ecm_organization,REACTOME_EXTRACELLULAR_MATRIX_ORGANIZATION,M610,R-HSA-1474244,2026.1.Hs,95,Homo sapiens,254,P3H2,MSigDB_geneSymbols,55214,ENSG00000090530,Human_Ensembl_Gene_ID,48,1,UNSIGNED,1,MSigDB_published_projection_not_independently_reconciled,2046e084f1c36c74cf107c8448d19bb4f47bb2bf37b45b2388fd3d1b837b6540,0bce8c070ad8e24961cd22fabd57da8cf26161f7ece5d3da49715812ac1895a6
reactome_ecm_organization,REACTOME_EXTRACELLULAR_MATRIX_ORGANIZATION,M610,R-HSA-1474244,2026.1.Hs,95,Homo sapiens,255,P3H3,MSigDB_geneSymbols,10536,ENSG00000110811,Human_Ensembl_Gene_ID,87,1,UNSIGNED,1,MSigDB_published_projection_not_independently_reconciled,2046e084f1c36c74cf107c8448d19bb4f47bb2bf37b45b2388fd3d1b837b6540,0bce8c070ad8e24961cd22fabd57da8cf26161f7ece5d3da49715812ac1895a6
reactome_ecm_organization,REACTOME_EXTRACELLULAR_MATRIX_ORGANIZATION,M610,R-HSA-1474244,2026.1.Hs,95,Homo sapiens,256,P4HA1,MSigDB_geneSymbols,5033,ENSG00000122884,Human_Ensembl_Gene_ID,113,1,UNSIGNED,1,MSigDB_published_projection_not_independently_reconciled,2046e084f1c36c74cf107c8448d19bb4f47bb2bf37b45b2388fd3d1b837b6540,0bce8c070ad8e24961cd22fabd57da8cf26161f7ece5d3da49715812ac1895a6
reactome_ecm_organization,REACTOME_EXTRACELLULAR_MATRIX_ORGANIZATION,M610,R-HSA-1474244,2026.1.Hs,95,Homo sapiens,257,P4HA2,MSigDB_geneSymbols,8974,ENSG00000072682,Human_Ensembl_Gene_ID,26,1,UNSIGNED,1,MSigDB_published_projection_not_independently_reconciled,2046e084f1c36c74cf107c8448d19bb4f47bb2bf37b45b2388fd3d1b837b6540,0bce8c070ad8e24961cd22fabd57da8cf26161f7ece5d3da49715812ac1895a6
reactome_ecm_organization,REACTOME_EXTRACELLULAR_MATRIX_ORGANIZATION,M610,R-HSA-1474244,2026.1.Hs,95,Homo sapiens,258,P4HA3,MSigDB_geneSymbols,283208,ENSG00000149380,Human_Ensembl_Gene_ID,192,1,UNSIGNED,1,MSigDB_published_projection_not_independently_reconciled,2046e084f1c36c74cf107c8448d19bb4f47bb2bf37b45b2388fd3d1b837b6540,0bce8c070ad8e24961cd22fabd57da8cf26161f7ece5d3da49715812ac1895a6
reactome_ecm_organization,REACTOME_EXTRACELLULAR_MATRIX_ORGANIZATION,M610,R-HSA-1474244,2026.1.Hs,95,Homo sapiens,259,P4HB,MSigDB_geneSymbols,5034,ENSG00000185624,Human_Ensembl_Gene_ID,285,1,UNSIGNED,1,MSigDB_published_projection_not_independently_reconciled,2046e084f1c36c74cf107c8448d19bb4f47bb2bf37b45b2388fd3d1b837b6540,0bce8c070ad8e24961cd22fabd57da8cf26161f7ece5d3da49715812ac1895a6
reactome_ecm_organization,REACTOME_EXTRACELLULAR_MATRIX_ORGANIZATION,M610,R-HSA-1474244,2026.1.Hs,95,Homo sapiens,260,PCOLCE,MSigDB_geneSymbols,5118,ENSG00000106333,Human_Ensembl_Gene_ID,76,1,UNSIGNED,1,MSigDB_published_projection_not_independently_reconciled,2046e084f1c36c74cf107c8448d19bb4f47bb2bf37b45b2388fd3d1b837b6540,0bce8c070ad8e24961cd22fabd57da8cf26161f7ece5d3da49715812ac1895a6
reactome_ecm_organization,REACTOME_EXTRACELLULAR_MATRIX_ORGANIZATION,M610,R-HSA-1474244,2026.1.Hs,95,Homo sapiens,261,PCOLCE2,MSigDB_geneSymbols,26577,ENSG00000163710,Human_Ensembl_Gene_ID,233,1,UNSIGNED,1,MSigDB_published_projection_not_independently_reconciled,2046e084f1c36c74cf107c8448d19bb4f47bb2bf37b45b2388fd3d1b837b6540,0bce8c070ad8e24961cd22fabd57da8cf26161f7ece5d3da49715812ac1895a6
reactome_ecm_organization,REACTOME_EXTRACELLULAR_MATRIX_ORGANIZATION,M610,R-HSA-1474244,2026.1.Hs,95,Homo sapiens,262,PDGFA,MSigDB_geneSymbols,5154,ENSG00000197461,Human_Ensembl_Gene_ID,300,1,UNSIGNED,1,MSigDB_published_projection_not_independently_reconciled,2046e084f1c36c74cf107c8448d19bb4f47bb2bf37b45b2388fd3d1b837b6540,0bce8c070ad8e24961cd22fabd57da8cf26161f7ece5d3da49715812ac1895a6
reactome_ecm_organization,REACTOME_EXTRACELLULAR_MATRIX_ORGANIZATION,M610,R-HSA-1474244,2026.1.Hs,95,Homo sapiens,263,PDGFB,MSigDB_geneSymbols,5155,ENSG00000100311,Human_Ensembl_Gene_ID,58,1,UNSIGNED,1,MSigDB_published_projection_not_independently_reconciled,2046e084f1c36c74cf107c8448d19bb4f47bb2bf37b45b2388fd3d1b837b6540,0bce8c070ad8e24961cd22fabd57da8cf26161f7ece5d3da49715812ac1895a6
reactome_ecm_organization,REACTOME_EXTRACELLULAR_MATRIX_ORGANIZATION,M610,R-HSA-1474244,2026.1.Hs,95,Homo sapiens,264,PECAM1,MSigDB_geneSymbols,5175,ENSG00000261371,Human_Ensembl_Gene_ID,329,1,UNSIGNED,1,MSigDB_published_projection_not_independently_reconciled,2046e084f1c36c74cf107c8448d19bb4f47bb2bf37b45b2388fd3d1b837b6540,0bce8c070ad8e24961cd22fabd57da8cf26161f7ece5d3da49715812ac1895a6
reactome_ecm_organization,REACTOME_EXTRACELLULAR_MATRIX_ORGANIZATION,M610,R-HSA-1474244,2026.1.Hs,95,Homo sapiens,265,PHYKPL,MSigDB_geneSymbols,85007,ENSG00000175309,Human_Ensembl_Gene_ID,274,1,UNSIGNED,1,MSigDB_published_projection_not_independently_reconciled,2046e084f1c36c74cf107c8448d19bb4f47bb2bf37b45b2388fd3d1b837b6540,0bce8c070ad8e24961cd22fabd57da8cf26161f7ece5d3da49715812ac1895a6
reactome_ecm_organization,REACTOME_EXTRACELLULAR_MATRIX_ORGANIZATION,M610,R-HSA-1474244,2026.1.Hs,95,Homo sapiens,266,PLEC,MSigDB_geneSymbols,5339,ENSG00000178209,Human_Ensembl_Gene_ID,277,1,UNSIGNED,1,MSigDB_published_projection_not_independently_reconciled,2046e084f1c36c74cf107c8448d19bb4f47bb2bf37b45b2388fd3d1b837b6540,0bce8c070ad8e24961cd22fabd57da8cf26161f7ece5d3da49715812ac1895a6
reactome_ecm_organization,REACTOME_EXTRACELLULAR_MATRIX_ORGANIZATION,M610,R-HSA-1474244,2026.1.Hs,95,Homo sapiens,267,PLG,MSigDB_geneSymbols,5340,ENSG00000122194,Human_Ensembl_Gene_ID,112,1,UNSIGNED,1,MSigDB_published_projection_not_independently_reconciled,2046e084f1c36c74cf107c8448d19bb4f47bb2bf37b45b2388fd3d1b837b6540,0bce8c070ad8e24961cd22fabd57da8cf26161f7ece5d3da49715812ac1895a6
reactome_ecm_organization,REACTOME_EXTRACELLULAR_MATRIX_ORGANIZATION,M610,R-HSA-1474244,2026.1.Hs,95,Homo sapiens,268,PLOD1,MSigDB_geneSymbols,5351,ENSG00000083444,Human_Ensembl_Gene_ID,39,1,UNSIGNED,1,MSigDB_published_projection_not_independently_reconciled,2046e084f1c36c74cf107c8448d19bb4f47bb2bf37b45b2388fd3d1b837b6540,0bce8c070ad8e24961cd22fabd57da8cf26161f7ece5d3da49715812ac1895a6
reactome_ecm_organization,REACTOME_EXTRACELLULAR_MATRIX_ORGANIZATION,M610,R-HSA-1474244,2026.1.Hs,95,Homo sapiens,269,PLOD2,MSigDB_geneSymbols,5352,ENSG00000152952,Human_Ensembl_Gene_ID,201,1,UNSIGNED,1,MSigDB_published_projection_not_independently_reconciled,2046e084f1c36c74cf107c8448d19bb4f47bb2bf37b45b2388fd3d1b837b6540,0bce8c070ad8e24961cd22fabd57da8cf26161f7ece5d3da49715812ac1895a6
reactome_ecm_organization,REACTOME_EXTRACELLULAR_MATRIX_ORGANIZATION,M610,R-HSA-1474244,2026.1.Hs,95,Homo sapiens,270,PLOD3,MSigDB_geneSymbols,8985,ENSG00000106397,Human_Ensembl_Gene_ID,78,1,UNSIGNED,1,MSigDB_published_projection_not_independently_reconciled,2046e084f1c36c74cf107c8448d19bb4f47bb2bf37b45b2388fd3d1b837b6540,0bce8c070ad8e24961cd22fabd57da8cf26161f7ece5d3da49715812ac1895a6
reactome_ecm_organization,REACTOME_EXTRACELLULAR_MATRIX_ORGANIZATION,M610,R-HSA-1474244,2026.1.Hs,95,Homo sapiens,271,PPIB,MSigDB_geneSymbols,5479,ENSG00000166794,Human_Ensembl_Gene_ID,244,1,UNSIGNED,1,MSigDB_published_projection_not_independently_reconciled,2046e084f1c36c74cf107c8448d19bb4f47bb2bf37b45b2388fd3d1b837b6540,0bce8c070ad8e24961cd22fabd57da8cf26161f7ece5d3da49715812ac1895a6
reactome_ecm_organization,REACTOME_EXTRACELLULAR_MATRIX_ORGANIZATION,M610,R-HSA-1474244,2026.1.Hs,95,Homo sapiens,272,PRKCA,MSigDB_geneSymbols,5578,ENSG00000154229,Human_Ensembl_Gene_ID,203,1,UNSIGNED,1,MSigDB_published_projection_not_independently_reconciled,2046e084f1c36c74cf107c8448d19bb4f47bb2bf37b45b2388fd3d1b837b6540,0bce8c070ad8e24961cd22fabd57da8cf26161f7ece5d3da49715812ac1895a6
reactome_ecm_organization,REACTOME_EXTRACELLULAR_MATRIX_ORGANIZATION,M610,R-HSA-1474244,2026.1.Hs,95,Homo sapiens,273,PRSS1,MSigDB_geneSymbols,5644,ENSG00000204983;ENSG00000274247,Human_Ensembl_Gene_ID,313;331,2,UNSIGNED,1,MSigDB_published_projection_not_independently_reconciled,2046e084f1c36c74cf107c8448d19bb4f47bb2bf37b45b2388fd3d1b837b6540,0bce8c070ad8e24961cd22fabd57da8cf26161f7ece5d3da49715812ac1895a6
reactome_ecm_organization,REACTOME_EXTRACELLULAR_MATRIX_ORGANIZATION,M610,R-HSA-1474244,2026.1.Hs,95,Homo sapiens,274,PRSS2,MSigDB_geneSymbols,5645,ENSG00000275896;ENSG00000282049,Human_Ensembl_Gene_ID,333;336,2,UNSIGNED,1,MSigDB_published_projection_not_independently_reconciled,2046e084f1c36c74cf107c8448d19bb4f47bb2bf37b45b2388fd3d1b837b6540,0bce8c070ad8e24961cd22fabd57da8cf26161f7ece5d3da49715812ac1895a6
reactome_ecm_organization,REACTOME_EXTRACELLULAR_MATRIX_ORGANIZATION,M610,R-HSA-1474244,2026.1.Hs,95,Homo sapiens,275,PSEN1,MSigDB_geneSymbols,5663,ENSG00000080815,Human_Ensembl_Gene_ID,35,1,UNSIGNED,1,MSigDB_published_projection_not_independently_reconciled,2046e084f1c36c74cf107c8448d19bb4f47bb2bf37b45b2388fd3d1b837b6540,0bce8c070ad8e24961cd22fabd57da8cf26161f7ece5d3da49715812ac1895a6
reactome_ecm_organization,REACTOME_EXTRACELLULAR_MATRIX_ORGANIZATION,M610,R-HSA-1474244,2026.1.Hs,95,Homo sapiens,276,PTPRS,MSigDB_geneSymbols,5802,ENSG00000105426,Human_Ensembl_Gene_ID,73,1,UNSIGNED,1,MSigDB_published_projection_not_independently_reconciled,2046e084f1c36c74cf107c8448d19bb4f47bb2bf37b45b2388fd3d1b837b6540,0bce8c070ad8e24961cd22fabd57da8cf26161f7ece5d3da49715812ac1895a6
reactome_ecm_organization,REACTOME_EXTRACELLULAR_MATRIX_ORGANIZATION,M610,R-HSA-1474244,2026.1.Hs,95,Homo sapiens,277,PXDN,MSigDB_geneSymbols,7837,ENSG00000130508,Human_Ensembl_Gene_ID,131,1,UNSIGNED,1,MSigDB_published_projection_not_independently_reconciled,2046e084f1c36c74cf107c8448d19bb4f47bb2bf37b45b2388fd3d1b837b6540,0bce8c070ad8e24961cd22fabd57da8cf26161f7ece5d3da49715812ac1895a6
reactome_ecm_organization,REACTOME_EXTRACELLULAR_MATRIX_ORGANIZATION,M610,R-HSA-1474244,2026.1.Hs,95,Homo sapiens,278,SCUBE1,MSigDB_geneSymbols,80274,ENSG00000159307,Human_Ensembl_Gene_ID,215,1,UNSIGNED,1,MSigDB_published_projection_not_independently_reconciled,2046e084f1c36c74cf107c8448d19bb4f47bb2bf37b45b2388fd3d1b837b6540,0bce8c070ad8e24961cd22fabd57da8cf26161f7ece5d3da49715812ac1895a6
reactome_ecm_organization,REACTOME_EXTRACELLULAR_MATRIX_ORGANIZATION,M610,R-HSA-1474244,2026.1.Hs,95,Homo sapiens,279,SCUBE3,MSigDB_geneSymbols,222663,ENSG00000146197,Human_Ensembl_Gene_ID,186,1,UNSIGNED,1,MSigDB_published_projection_not_independently_reconciled,2046e084f1c36c74cf107c8448d19bb4f47bb2bf37b45b2388fd3d1b837b6540,0bce8c070ad8e24961cd22fabd57da8cf26161f7ece5d3da49715812ac1895a6
reactome_ecm_organization,REACTOME_EXTRACELLULAR_MATRIX_ORGANIZATION,M610,R-HSA-1474244,2026.1.Hs,95,Homo sapiens,280,SDC1,MSigDB_geneSymbols,6382,ENSG00000115884,Human_Ensembl_Gene_ID,99,1,UNSIGNED,1,MSigDB_published_projection_not_independently_reconciled,2046e084f1c36c74cf107c8448d19bb4f47bb2bf37b45b2388fd3d1b837b6540,0bce8c070ad8e24961cd22fabd57da8cf26161f7ece5d3da49715812ac1895a6
reactome_ecm_organization,REACTOME_EXTRACELLULAR_MATRIX_ORGANIZATION,M610,R-HSA-1474244,2026.1.Hs,95,Homo sapiens,281,SDC2,MSigDB_geneSymbols,6383,ENSG00000169439,Human_Ensembl_Gene_ID,257,1,UNSIGNED,1,MSigDB_published_projection_not_independently_reconciled,2046e084f1c36c74cf107c8448d19bb4f47bb2bf37b45b2388fd3d1b837b6540,0bce8c070ad8e24961cd22fabd57da8cf26161f7ece5d3da49715812ac1895a6
reactome_ecm_organization,REACTOME_EXTRACELLULAR_MATRIX_ORGANIZATION,M610,R-HSA-1474244,2026.1.Hs,95,Homo sapiens,282,SDC3,MSigDB_geneSymbols,9672,ENSG00000162512,Human_Ensembl_Gene_ID,220,1,UNSIGNED,1,MSigDB_published_projection_not_independently_reconciled,2046e084f1c36c74cf107c8448d19bb4f47bb2bf37b45b2388fd3d1b837b6540,0bce8c070ad8e24961cd22fabd57da8cf26161f7ece5d3da49715812ac1895a6
reactome_ecm_organization,REACTOME_EXTRACELLULAR_MATRIX_ORGANIZATION,M610,R-HSA-1474244,2026.1.Hs,95,Homo sapiens,283,SDC4,MSigDB_geneSymbols,6385,ENSG00000124145,Human_Ensembl_Gene_ID,117,1,UNSIGNED,1,MSigDB_published_projection_not_independently_reconciled,2046e084f1c36c74cf107c8448d19bb4f47bb2bf37b45b2388fd3d1b837b6540,0bce8c070ad8e24961cd22fabd57da8cf26161f7ece5d3da49715812ac1895a6
reactome_ecm_organization,REACTOME_EXTRACELLULAR_MATRIX_ORGANIZATION,M610,R-HSA-1474244,2026.1.Hs,95,Homo sapiens,284,SERPINE1,MSigDB_geneSymbols,5054,ENSG00000106366,Human_Ensembl_Gene_ID,77,1,UNSIGNED,1,MSigDB_published_projection_not_independently_reconciled,2046e084f1c36c74cf107c8448d19bb4f47bb2bf37b45b2388fd3d1b837b6540,0bce8c070ad8e24961cd22fabd57da8cf26161f7ece5d3da49715812ac1895a6
reactome_ecm_organization,REACTOME_EXTRACELLULAR_MATRIX_ORGANIZATION,M610,R-HSA-1474244,2026.1.Hs,95,Homo sapiens,285,SERPINH1,MSigDB_geneSymbols,871,ENSG00000149257,Human_Ensembl_Gene_ID,189,1,UNSIGNED,1,MSigDB_published_projection_not_independently_reconciled,2046e084f1c36c74cf107c8448d19bb4f47bb2bf37b45b2388fd3d1b837b6540,0bce8c070ad8e24961cd22fabd57da8cf26161f7ece5d3da49715812ac1895a6
reactome_ecm_organization,REACTOME_EXTRACELLULAR_MATRIX_ORGANIZATION,M610,R-HSA-1474244,2026.1.Hs,95,Homo sapiens,286,SGCA,MSigDB_geneSymbols,6442,ENSG00000108823,Human_Ensembl_Gene_ID,84,1,UNSIGNED,1,MSigDB_published_projection_not_independently_reconciled,2046e084f1c36c74cf107c8448d19bb4f47bb2bf37b45b2388fd3d1b837b6540,0bce8c070ad8e24961cd22fabd57da8cf26161f7ece5d3da49715812ac1895a6
reactome_ecm_organization,REACTOME_EXTRACELLULAR_MATRIX_ORGANIZATION,M610,R-HSA-1474244,2026.1.Hs,95,Homo sapiens,287,SGCB,MSigDB_geneSymbols,6443,ENSG00000163069,Human_Ensembl_Gene_ID,227,1,UNSIGNED,1,MSigDB_published_projection_not_independently_reconciled,2046e084f1c36c74cf107c8448d19bb4f47bb2bf37b45b2388fd3d1b837b6540,0bce8c070ad8e24961cd22fabd57da8cf26161f7ece5d3da49715812ac1895a6
reactome_ecm_organization,REACTOME_EXTRACELLULAR_MATRIX_ORGANIZATION,M610,R-HSA-1474244,2026.1.Hs,95,Homo sapiens,288,SGCD,MSigDB_geneSymbols,6444,ENSG00000170624,Human_Ensembl_Gene_ID,260,1,UNSIGNED,1,MSigDB_published_projection_not_independently_reconciled,2046e084f1c36c74cf107c8448d19bb4f47bb2bf37b45b2388fd3d1b837b6540,0bce8c070ad8e24961cd22fabd57da8cf26161f7ece5d3da49715812ac1895a6
reactome_ecm_organization,REACTOME_EXTRACELLULAR_MATRIX_ORGANIZATION,M610,R-HSA-1474244,2026.1.Hs,95,Homo sapiens,289,SGCE,MSigDB_geneSymbols,8910,ENSG00000127990,Human_Ensembl_Gene_ID,126,1,UNSIGNED,1,MSigDB_published_projection_not_independently_reconciled,2046e084f1c36c74cf107c8448d19bb4f47bb2bf37b45b2388fd3d1b837b6540,0bce8c070ad8e24961cd22fabd57da8cf26161f7ece5d3da49715812ac1895a6
reactome_ecm_organization,REACTOME_EXTRACELLULAR_MATRIX_ORGANIZATION,M610,R-HSA-1474244,2026.1.Hs,95,Homo sapiens,290,SGCG,MSigDB_geneSymbols,6445,ENSG00000102683,Human_Ensembl_Gene_ID,67,1,UNSIGNED,1,MSigDB_published_projection_not_independently_reconciled,2046e084f1c36c74cf107c8448d19bb4f47bb2bf37b45b2388fd3d1b837b6540,0bce8c070ad8e24961cd22fabd57da8cf26161f7ece5d3da49715812ac1895a6
reactome_ecm_organization,REACTOME_EXTRACELLULAR_MATRIX_ORGANIZATION,M610,R-HSA-1474244,2026.1.Hs,95,Homo sapiens,291,SGCZ,MSigDB_geneSymbols,137868,ENSG00000185053,Human_Ensembl_Gene_ID,284,1,UNSIGNED,1,MSigDB_published_projection_not_independently_reconciled,2046e084f1c36c74cf107c8448d19bb4f47bb2bf37b45b2388fd3d1b837b6540,0bce8c070ad8e24961cd22fabd57da8cf26161f7ece5d3da49715812ac1895a6
reactome_ecm_organization,REACTOME_EXTRACELLULAR_MATRIX_ORGANIZATION,M610,R-HSA-1474244,2026.1.Hs,95,Homo sapiens,292,SH3PXD2A,MSigDB_geneSymbols,9644,ENSG00000107957,Human_Ensembl_Gene_ID,81,1,UNSIGNED,1,MSigDB_published_projection_not_independently_reconciled,2046e084f1c36c74cf107c8448d19bb4f47bb2bf37b45b2388fd3d1b837b6540,0bce8c070ad8e24961cd22fabd57da8cf26161f7ece5d3da49715812ac1895a6
reactome_ecm_organization,REACTOME_EXTRACELLULAR_MATRIX_ORGANIZATION,M610,R-HSA-1474244,2026.1.Hs,95,Homo sapiens,293,SNTA1,MSigDB_geneSymbols,6640,ENSG00000101400,Human_Ensembl_Gene_ID,63,1,UNSIGNED,1,MSigDB_published_projection_not_independently_reconciled,2046e084f1c36c74cf107c8448d19bb4f47bb2bf37b45b2388fd3d1b837b6540,0bce8c070ad8e24961cd22fabd57da8cf26161f7ece5d3da49715812ac1895a6
reactome_ecm_organization,REACTOME_EXTRACELLULAR_MATRIX_ORGANIZATION,M610,R-HSA-1474244,2026.1.Hs,95,Homo sapiens,294,SNTB1,MSigDB_geneSymbols,6641,ENSG00000172164,Human_Ensembl_Gene_ID,267,1,UNSIGNED,1,MSigDB_published_projection_not_independently_reconciled,2046e084f1c36c74cf107c8448d19bb4f47bb2bf37b45b2388fd3d1b837b6540,0bce8c070ad8e24961cd22fabd57da8cf26161f7ece5d3da49715812ac1895a6
reactome_ecm_organization,REACTOME_EXTRACELLULAR_MATRIX_ORGANIZATION,M610,R-HSA-1474244,2026.1.Hs,95,Homo sapiens,295,SNTB2,MSigDB_geneSymbols,6645,ENSG00000168807,Human_Ensembl_Gene_ID,251,1,UNSIGNED,1,MSigDB_published_projection_not_independently_reconciled,2046e084f1c36c74cf107c8448d19bb4f47bb2bf37b45b2388fd3d1b837b6540,0bce8c070ad8e24961cd22fabd57da8cf26161f7ece5d3da49715812ac1895a6
reactome_ecm_organization,REACTOME_EXTRACELLULAR_MATRIX_ORGANIZATION,M610,R-HSA-1474244,2026.1.Hs,95,Homo sapiens,296,SNTG2,MSigDB_geneSymbols,54221,ENSG00000172554,Human_Ensembl_Gene_ID,270,1,UNSIGNED,1,MSigDB_published_projection_not_independently_reconciled,2046e084f1c36c74cf107c8448d19bb4f47bb2bf37b45b2388fd3d1b837b6540,0bce8c070ad8e24961cd22fabd57da8cf26161f7ece5d3da49715812ac1895a6
reactome_ecm_organization,REACTOME_EXTRACELLULAR_MATRIX_ORGANIZATION,M610,R-HSA-1474244,2026.1.Hs,95,Homo sapiens,297,SPARC,MSigDB_geneSymbols,6678,ENSG00000113140,Human_Ensembl_Gene_ID,92,1,UNSIGNED,1,MSigDB_published_projection_not_independently_reconciled,2046e084f1c36c74cf107c8448d19bb4f47bb2bf37b45b2388fd3d1b837b6540,0bce8c070ad8e24961cd22fabd57da8cf26161f7ece5d3da49715812ac1895a6
reactome_ecm_organization,REACTOME_EXTRACELLULAR_MATRIX_ORGANIZATION,M610,R-HSA-1474244,2026.1.Hs,95,Homo sapiens,298,SPOCK3,MSigDB_geneSymbols,50859,ENSG00000196104,Human_Ensembl_Gene_ID,293,1,UNSIGNED,1,MSigDB_published_projection_not_independently_reconciled,2046e084f1c36c74cf107c8448d19bb4f47bb2bf37b45b2388fd3d1b837b6540,0bce8c070ad8e24961cd22fabd57da8cf26161f7ece5d3da49715812ac1895a6
reactome_ecm_organization,REACTOME_EXTRACELLULAR_MATRIX_ORGANIZATION,M610,R-HSA-1474244,2026.1.Hs,95,Homo sapiens,299,SPP1,MSigDB_geneSymbols,6696,ENSG00000118785,Human_Ensembl_Gene_ID,107,1,UNSIGNED,1,MSigDB_published_projection_not_independently_reconciled,2046e084f1c36c74cf107c8448d19bb4f47bb2bf37b45b2388fd3d1b837b6540,0bce8c070ad8e24961cd22fabd57da8cf26161f7ece5d3da49715812ac1895a6
reactome_ecm_organization,REACTOME_EXTRACELLULAR_MATRIX_ORGANIZATION,M610,R-HSA-1474244,2026.1.Hs,95,Homo sapiens,300,SSPN,MSigDB_geneSymbols,8082,ENSG00000123096,Human_Ensembl_Gene_ID,114,1,UNSIGNED,1,MSigDB_published_projection_not_independently_reconciled,2046e084f1c36c74cf107c8448d19bb4f47bb2bf37b45b2388fd3d1b837b6540,0bce8c070ad8e24961cd22fabd57da8cf26161f7ece5d3da49715812ac1895a6
reactome_ecm_organization,REACTOME_EXTRACELLULAR_MATRIX_ORGANIZATION,M610,R-HSA-1474244,2026.1.Hs,95,Homo sapiens,301,TGFB1,MSigDB_geneSymbols,7040,ENSG00000105329,Human_Ensembl_Gene_ID,70,1,UNSIGNED,1,MSigDB_published_projection_not_independently_reconciled,2046e084f1c36c74cf107c8448d19bb4f47bb2bf37b45b2388fd3d1b837b6540,0bce8c070ad8e24961cd22fabd57da8cf26161f7ece5d3da49715812ac1895a6
reactome_ecm_organization,REACTOME_EXTRACELLULAR_MATRIX_ORGANIZATION,M610,R-HSA-1474244,2026.1.Hs,95,Homo sapiens,302,TGFB2,MSigDB_geneSymbols,7042,ENSG00000092969,Human_Ensembl_Gene_ID,54,1,UNSIGNED,1,MSigDB_published_projection_not_independently_reconciled,2046e084f1c36c74cf107c8448d19bb4f47bb2bf37b45b2388fd3d1b837b6540,0bce8c070ad8e24961cd22fabd57da8cf26161f7ece5d3da49715812ac1895a6
reactome_ecm_organization,REACTOME_EXTRACELLULAR_MATRIX_ORGANIZATION,M610,R-HSA-1474244,2026.1.Hs,95,Homo sapiens,303,TGFB3,MSigDB_geneSymbols,7043,ENSG00000119699,Human_Ensembl_Gene_ID,109,1,UNSIGNED,1,MSigDB_published_projection_not_independently_reconciled,2046e084f1c36c74cf107c8448d19bb4f47bb2bf37b45b2388fd3d1b837b6540,0bce8c070ad8e24961cd22fabd57da8cf26161f7ece5d3da49715812ac1895a6
reactome_ecm_organization,REACTOME_EXTRACELLULAR_MATRIX_ORGANIZATION,M610,R-HSA-1474244,2026.1.Hs,95,Homo sapiens,304,THBS1,MSigDB_geneSymbols,7057,ENSG00000137801,Human_Ensembl_Gene_ID,155,1,UNSIGNED,1,MSigDB_published_projection_not_independently_reconciled,2046e084f1c36c74cf107c8448d19bb4f47bb2bf37b45b2388fd3d1b837b6540,0bce8c070ad8e24961cd22fabd57da8cf26161f7ece5d3da49715812ac1895a6
reactome_ecm_organization,REACTOME_EXTRACELLULAR_MATRIX_ORGANIZATION,M610,R-HSA-1474244,2026.1.Hs,95,Homo sapiens,305,TIMP1,MSigDB_geneSymbols,7076,ENSG00000102265,Human_Ensembl_Gene_ID,65,1,UNSIGNED,1,MSigDB_published_projection_not_independently_reconciled,2046e084f1c36c74cf107c8448d19bb4f47bb2bf37b45b2388fd3d1b837b6540,0bce8c070ad8e24961cd22fabd57da8cf26161f7ece5d3da49715812ac1895a6
reactome_ecm_organization,REACTOME_EXTRACELLULAR_MATRIX_ORGANIZATION,M610,R-HSA-1474244,2026.1.Hs,95,Homo sapiens,306,TIMP2,MSigDB_geneSymbols,7077,ENSG00000035862,Human_Ensembl_Gene_ID,10,1,UNSIGNED,1,MSigDB_published_projection_not_independently_reconciled,2046e084f1c36c74cf107c8448d19bb4f47bb2bf37b45b2388fd3d1b837b6540,0bce8c070ad8e24961cd22fabd57da8cf26161f7ece5d3da49715812ac1895a6
reactome_ecm_organization,REACTOME_EXTRACELLULAR_MATRIX_ORGANIZATION,M610,R-HSA-1474244,2026.1.Hs,95,Homo sapiens,307,TLL1,MSigDB_geneSymbols,7092,ENSG00000038295,Human_Ensembl_Gene_ID,12,1,UNSIGNED,1,MSigDB_published_projection_not_independently_reconciled,2046e084f1c36c74cf107c8448d19bb4f47bb2bf37b45b2388fd3d1b837b6540,0bce8c070ad8e24961cd22fabd57da8cf26161f7ece5d3da49715812ac1895a6
reactome_ecm_organization,REACTOME_EXTRACELLULAR_MATRIX_ORGANIZATION,M610,R-HSA-1474244,2026.1.Hs,95,Homo sapiens,308,TLL2,MSigDB_geneSymbols,7093,ENSG00000095587,Human_Ensembl_Gene_ID,55,1,UNSIGNED,1,MSigDB_published_projection_not_independently_reconciled,2046e084f1c36c74cf107c8448d19bb4f47bb2bf37b45b2388fd3d1b837b6540,0bce8c070ad8e24961cd22fabd57da8cf26161f7ece5d3da49715812ac1895a6
reactome_ecm_organization,REACTOME_EXTRACELLULAR_MATRIX_ORGANIZATION,M610,R-HSA-1474244,2026.1.Hs,95,Homo sapiens,309,TMPRSS6,MSigDB_geneSymbols,164656,ENSG00000187045,Human_Ensembl_Gene_ID,286,1,UNSIGNED,1,MSigDB_published_projection_not_independently_reconciled,2046e084f1c36c74cf107c8448d19bb4f47bb2bf37b45b2388fd3d1b837b6540,0bce8c070ad8e24961cd22fabd57da8cf26161f7ece5d3da49715812ac1895a6
reactome_ecm_organization,REACTOME_EXTRACELLULAR_MATRIX_ORGANIZATION,M610,R-HSA-1474244,2026.1.Hs,95,Homo sapiens,310,TNC,MSigDB_geneSymbols,3371,ENSG00000041982,Human_Ensembl_Gene_ID,15,1,UNSIGNED,1,MSigDB_published_projection_not_independently_reconciled,2046e084f1c36c74cf107c8448d19bb4f47bb2bf37b45b2388fd3d1b837b6540,0bce8c070ad8e24961cd22fabd57da8cf26161f7ece5d3da49715812ac1895a6
reactome_ecm_organization,REACTOME_EXTRACELLULAR_MATRIX_ORGANIZATION,M610,R-HSA-1474244,2026.1.Hs,95,Homo sapiens,311,TNN,MSigDB_geneSymbols,63923,ENSG00000120332,Human_Ensembl_Gene_ID,110,1,UNSIGNED,1,MSigDB_published_projection_not_independently_reconciled,2046e084f1c36c74cf107c8448d19bb4f47bb2bf37b45b2388fd3d1b837b6540,0bce8c070ad8e24961cd22fabd57da8cf26161f7ece5d3da49715812ac1895a6
reactome_ecm_organization,REACTOME_EXTRACELLULAR_MATRIX_ORGANIZATION,M610,R-HSA-1474244,2026.1.Hs,95,Homo sapiens,312,TNR,MSigDB_geneSymbols,7143,ENSG00000116147,Human_Ensembl_Gene_ID,100,1,UNSIGNED,1,MSigDB_published_projection_not_independently_reconciled,2046e084f1c36c74cf107c8448d19bb4f47bb2bf37b45b2388fd3d1b837b6540,0bce8c070ad8e24961cd22fabd57da8cf26161f7ece5d3da49715812ac1895a6
reactome_ecm_organization,REACTOME_EXTRACELLULAR_MATRIX_ORGANIZATION,M610,R-HSA-1474244,2026.1.Hs,95,Homo sapiens,313,TNXB,MSigDB_geneSymbols,7148,ENSG00000168477;ENSG00000229353;ENSG00000236236,Human_Ensembl_Gene_ID,247;321;326,3,UNSIGNED,1,MSigDB_published_projection_not_independently_reconciled,2046e084f1c36c74cf107c8448d19bb4f47bb2bf37b45b2388fd3d1b837b6540,0bce8c070ad8e24961cd22fabd57da8cf26161f7ece5d3da49715812ac1895a6
reactome_ecm_organization,REACTOME_EXTRACELLULAR_MATRIX_ORGANIZATION,M610,R-HSA-1474244,2026.1.Hs,95,Homo sapiens,314,TPSAB1,MSigDB_geneSymbols,7177,ENSG00000172236,Human_Ensembl_Gene_ID,268,1,UNSIGNED,1,MSigDB_published_projection_not_independently_reconciled,2046e084f1c36c74cf107c8448d19bb4f47bb2bf37b45b2388fd3d1b837b6540,0bce8c070ad8e24961cd22fabd57da8cf26161f7ece5d3da49715812ac1895a6
reactome_ecm_organization,REACTOME_EXTRACELLULAR_MATRIX_ORGANIZATION,M610,R-HSA-1474244,2026.1.Hs,95,Homo sapiens,315,TRAPPC4,MSigDB_geneSymbols,51399,ENSG00000196655;ENSG00000280495,Human_Ensembl_Gene_ID,296;335,2,UNSIGNED,1,MSigDB_published_projection_not_independently_reconciled,2046e084f1c36c74cf107c8448d19bb4f47bb2bf37b45b2388fd3d1b837b6540,0bce8c070ad8e24961cd22fabd57da8cf26161f7ece5d3da49715812ac1895a6
reactome_ecm_organization,REACTOME_EXTRACELLULAR_MATRIX_ORGANIZATION,M610,R-HSA-1474244,2026.1.Hs,95,Homo sapiens,316,TTR,MSigDB_geneSymbols,7276,ENSG00000118271,Human_Ensembl_Gene_ID,106,1,UNSIGNED,1,MSigDB_published_projection_not_independently_reconciled,2046e084f1c36c74cf107c8448d19bb4f47bb2bf37b45b2388fd3d1b837b6540,0bce8c070ad8e24961cd22fabd57da8cf26161f7ece5d3da49715812ac1895a6
reactome_ecm_organization,REACTOME_EXTRACELLULAR_MATRIX_ORGANIZATION,M610,R-HSA-1474244,2026.1.Hs,95,Homo sapiens,317,UTRN,MSigDB_geneSymbols,7402,ENSG00000152818,Human_Ensembl_Gene_ID,200,1,UNSIGNED,1,MSigDB_published_projection_not_independently_reconciled,2046e084f1c36c74cf107c8448d19bb4f47bb2bf37b45b2388fd3d1b837b6540,0bce8c070ad8e24961cd22fabd57da8cf26161f7ece5d3da49715812ac1895a6
reactome_ecm_organization,REACTOME_EXTRACELLULAR_MATRIX_ORGANIZATION,M610,R-HSA-1474244,2026.1.Hs,95,Homo sapiens,318,VCAM1,MSigDB_geneSymbols,7412,ENSG00000162692,Human_Ensembl_Gene_ID,221,1,UNSIGNED,1,MSigDB_published_projection_not_independently_reconciled,2046e084f1c36c74cf107c8448d19bb4f47bb2bf37b45b2388fd3d1b837b6540,0bce8c070ad8e24961cd22fabd57da8cf26161f7ece5d3da49715812ac1895a6
reactome_ecm_organization,REACTOME_EXTRACELLULAR_MATRIX_ORGANIZATION,M610,R-HSA-1474244,2026.1.Hs,95,Homo sapiens,319,VCAN,MSigDB_geneSymbols,1462,ENSG00000038427,Human_Ensembl_Gene_ID,13,1,UNSIGNED,1,MSigDB_published_projection_not_independently_reconciled,2046e084f1c36c74cf107c8448d19bb4f47bb2bf37b45b2388fd3d1b837b6540,0bce8c070ad8e24961cd22fabd57da8cf26161f7ece5d3da49715812ac1895a6
reactome_ecm_organization,REACTOME_EXTRACELLULAR_MATRIX_ORGANIZATION,M610,R-HSA-1474244,2026.1.Hs,95,Homo sapiens,320,VTN,MSigDB_geneSymbols,7448,ENSG00000109072,Human_Ensembl_Gene_ID,85,1,UNSIGNED,1,MSigDB_published_projection_not_independently_reconciled,2046e084f1c36c74cf107c8448d19bb4f47bb2bf37b45b2388fd3d1b837b6540,0bce8c070ad8e24961cd22fabd57da8cf26161f7ece5d3da49715812ac1895a6
reactome_ecm_organization,REACTOME_EXTRACELLULAR_MATRIX_ORGANIZATION,M610,R-HSA-1474244,2026.1.Hs,95,Homo sapiens,321,VWF,MSigDB_geneSymbols,7450,ENSG00000110799,Human_Ensembl_Gene_ID,86,1,UNSIGNED,1,MSigDB_published_projection_not_independently_reconciled,2046e084f1c36c74cf107c8448d19bb4f47bb2bf37b45b2388fd3d1b837b6540,0bce8c070ad8e24961cd22fabd57da8cf26161f7ece5d3da49715812ac1895a6
