"entrez_gene_id","contributing_probe_count"
"1",1
"10",1
"100",2
"1000",2
"10000",7
"100009676",2
"10001",3
"10002",2
"10003",5
"10004",2
"100048912",1
"100049716",2
"10005",2
"10006",3
"10007",1
"10008",3
"10009",2
"100093698",1
"1001",1
"10010",4
"100101266",1
"100101267",1
"100101467",5
"100101938",1
"10011",2
"100113403",1
"100113407",1
"100124700",1
"100125288",1
"100126784",3
"100126791",2
"100126793",2
"100127886",1
"100127888",1
"100127940",1
"100127950",1
"100127972",1
"100127974",1
"100127983",2
"100128025",2
"100128046",1
"100128071",2
"100128079",2
"100128081",1
"100128098",1
"100128108",1
"100128124",1
"100128126",1
"100128139",1
"100128164",1
"100128175",1
"100128176",2
"100128185",1
"100128191",1
"100128198",2
"100128236",1
"100128239",1
"100128252",1
"100128262",1
"100128281",2
"100128285",1
"100128288",1
"100128292",2
"100128298",1
"100128325",1
"100128327",1
"100128329",1
"100128343",1
"100128420",1
"100128496",1
"100128511",1
"100128554",1
"100128590",2
"100128594",1
"100128640",1
"100128644",1
"100128653",1
"100128731",1
"100128750",1
"100128751",1
"100128782",1
"100128788",1
"100128822",1
"100128830",1
"100128840",1
"100128881",1
"100128893",1
"100128922",1
"100128927",1
"100128946",1
"100128977",3
"100128988",1
"100128993",1
"100128998",1
"100129034",2
"100129069",1
"100129098",1
"100129112",1
"100129128",1
"100129129",2
"100129175",1
"100129195",3
"100129196",2
"100129198",1
"100129250",2
"100129271",2
"100129361",3
"100129380",1
"100129387",6
"100129406",1
"100129427",1
"100129447",1
"100129449",1
"100129455",1
"100129460",1
"100129461",1
"100129476",1
"100129482",3
"100129503",1
"100129516",1
"100129528",2
"100129550",1
"100129583",1
"100129597",1
"100129603",1
"100129620",1
"100129654",1
"100129662",1
"100129716",1
"100129722",2
"100129726",1
"100129792",2
"100129794",1
"100129827",1
"100129845",1
"100129858",2
"100129884",1
"100129917",1
"100129935",1
"100129961",1
"100129973",1
"10013",3
"100130078",1
"100130111",2
"100130155",3
"100130219",1
"100130232",1
"100130249",1
"100130264",1
"100130275",2
"100130278",1
"100130285",1
"100130322",1
"100130331",1
"100130348",1
"100130357",1
"100130370",2
"100130417",2
"100130418",1
"100130428",1
"100130429",1
"100130449",1
"100130452",1
"100130456",1
"100130458",1
"100130460",1
"100130476",1
"100130502",3
"100130519",2
"100130522",2
"100130548",1
"100130557",1
"100130581",2
"100130609",1
"100130613",1
"100130642",1
"100130654",1
"100130691",1
"100130700",1
"100130705",1
"100130717",1
"100130741",1
"100130742",1
"100130744",1
"100130776",1
"100130815",1
"100130855",1
"100130872",1
"100130889",1
"100130894",1
"100130933",1
"100130934",1
"100130938",1
"100130950",2
"100130958",2
"100130964",1
"100130967",1
"100130987",1
"100130992",1
"100131017",2
"100131043",1
"100131053",1
"100131067",2
"100131077",1
"100131096",3
"100131117",1
"100131138",1
"100131170",1
"100131176",1
"100131180",1
"100131187",1
"100131211",1
"100131213",4
"100131227",1
"100131262",1
"100131275",1
"100131303",1
"100131347",1
"100131366",1
"100131434",1
"100131454",1
"100131496",1
"100131508",1
"100131510",1
"100131532",1
"100131541",1
"100131551",1
"100131561",1
"100131564",2
"100131581",1
"100131655",1
"100131662",1
"100131691",1
"100131733",1
"100131755",5
"100131756",1
"100131763",1
"100131766",1
"100131801",1
"100131814",1
"100131816",1
"100131825",1
"100131827",2
"100131860",1
"100131864",1
"100131980",1
"100131998",1
"100132005",1
"100132057",2
"100132074",1
"100132077",1
"100132078",1
"100132101",2
"100132116",1
"100132167",1
"100132169",1
"100132207",1
"100132234",1
"100132285",1
"100132319",1
"100132341",3
"100132352",1
"100132354",1
"100132356",1
"100132386",1
"100132464",1
"100132476",1
"100132618",1
"100132661",1
"100132677",1
"100132686",1
"100132707",2
"100132708",1
"100132735",1
"100132815",4
"100132891",1
"100132911",1
"100132923",1
"100132987",1
"100133039",1
"100133089",1
"100133130",1
"100133131",1
"100133190",1
"100133205",1
"100133308",2
"100133311",1
"100133315",1
"100133319",1
"100133461",1
"100133612",2
"100133669",1
"100133790",2
"100133920",1
"100133941",6
"100133985",1
"100133991",1
"100134040",1
"100134229",1
"100134259",1
"100134368",1
"100134445",1
"100134713",1
"100134822",1
"100134937",1
"10014",2
"100141515",1
"100144596",1
"100144597",2
"100144602",1
"100144603",2
"100144604",1
"100144748",1
"100147773",1
"10015",2
"10016",3
"100169752",1
"100169890",1
"100169989",1
"10017",2
"100170229",1
"100170765",1
"100170841",1
"10018",7
"100188953",1
"100189589",1
"10019",1
"100190938",2
"100190939",5
"100190986",2
"100192378",2
"100192379",1
"100192386",1
"1002",4
"10020",1
"10021",2
"100216545",1
"100216546",3
"10022",1
"10023",1
"100233209",1
"10024",2
"100240728",2
"100240734",1
"10025",5
"10026",3
"100268168",1
"100270679",1
"100270680",1
"100270804",1
"100271715",1
"100271722",2
"100271832",1
"100271840",1
"100272147",2
"100272216",1
"100272217",2
"100272228",4
"100286844",2
"100286922",1
"100286925",1
"100286938",1
"100286989",1
"100287015",2
"100287098",1
"100287114",1
"100287177",2
"100287210",1
"100287216",1
"100287221",1
"100287227",1
"100287290",2
"100287366",1
"100287387",1
"100287482",1
"100287497",1
"100287525",1
"100287569",2
"100287590",1
"100287616",1
"100287704",1
"100287765",2
"100287808",1
"100287814",1
"100287877",1
"100287896",1
"100287902",1
"100287932",1
"100288079",1
"100288122",1
"100288123",1
"100288139",2
"100288142",2
"100288152",1
"100288175",1
"100288181",1
"100288198",2
"100288238",1
"100288310",1
"100288413",1
"100288432",2
"100288490",2
"100288570",1
"100288675",1
"100288721",1
"100288730",1
"100288797",2
"100288798",1
"100288805",1
"100288860",1
"100288893",1
"100288911",2
"100288966",1
"100289019",1
"100289045",1
"100289058",1
"100289061",1
"100289090",2
"100289092",1
"100289094",1
"100289098",1
"100289187",1
"100289211",1
"100289230",1
"100289255",2
"100289274",2
"100289283",1
"100289333",1
"100289341",1
"100289361",1
"100289373",2
"100289410",1
"100289473",1
"100289495",1
"100289509",1
"100289635",2
"100289678",2
"100289683",1
"100290481",1
"100291323",1
"100291666",1
"100292680",2
"100293211",2
"100293516",1
"100294145",1
"100294362",1
"100294720",1
"1003",1
"100302522",1
"100302640",1
"100302650",1
"100302691",2
"100302692",1
"100302740",1
"100303728",2
"100303755",2
"100306951",1
"100309464",1
"100310756",1
"100316868",3
"100329135",1
"100359394",1
"10036",4
"100379174",1
"100379224",1
"100379345",1
"100379661",1
"10038",3
"100381270",2
"10039",1
"1004",6
"10040",2
"10042",2
"100422212",1
"100422737",2
"100422781",1
"100422872",1
"100423035",1
"100423041",1
"100423062",1
"10043",1
"10044",3
"10045",2
"10046",1
"100462953",1
"10047",1
"10048",4
"10049",1
"100498859",1
"100499171",1
"100499177",1
"100499194",1
"100499227",1
"100499466",4
"100499467",1
"100499489",2
"1005",2
"10050",2
"100500849",1
"100500850",1
"100505474",1
"100505478",1
"100505483",3
"100505494",2
"100505495",1
"100505498",2
"100505501",1
"100505515",1
"100505518",1
"100505530",1
"100505534",1
"100505536",1
"100505538",2
"100505540",1
"100505545",1
"100505547",1
"100505549",2
"100505564",1
"100505570",1
"100505573",2
"100505576",1
"100505583",1
"100505592",1
"100505601",1
"100505609",2
"100505619",1
"100505621",1
"100505622",1
"100505624",2
"100505633",2
"100505635",1
"100505641",2
"100505648",2
"100505658",1
"100505659",1
"100505664",1
"100505666",1
"100505676",1
"100505679",1
"100505681",2
"100505683",1
"100505685",1
"100505687",2
"100505696",1
"100505702",1
"100505710",1
"100505711",1
"100505715",1
"100505716",1
"100505718",1
"100505727",2
"100505741",1
"100505746",2
"100505758",1
"100505761",2
"100505768",1
"100505774",1
"100505776",1
"100505782",1
"100505783",3
"100505784",1
"100505797",1
"100505806",1
"100505811",1
"100505812",2
"100505817",1
"100505824",1
"100505826",1
"100505832",1
"100505835",1
"100505839",1
"100505841",1
"100505851",2
"100505853",1
"100505854",2
"100505865",1
"100505874",1
"100505875",3
"100505876",3
"100505877",1
"100505878",1
"100505879",3
"100505881",3
"100505890",1
"100505893",1
"100505894",2
"100505902",1
"100505912",1
"100505915",1
"100505918",1
"100505920",1
"100505929",1
"100505933",3
"100505938",1
"100505942",1
"100505964",1
"100505967",1
"100505975",1
"100505978",1
"100505985",1
"100505989",1
"100505996",1
"100506012",2
"100506013",1
"100506014",1
"100506016",1
"100506022",1
"100506025",2
"100506033",2
"100506046",1
"100506047",1
"100506049",1
"100506054",1
"100506068",1
"100506070",2
"100506071",1
"100506082",1
"100506083",1
"100506098",1
"100506100",1
"100506107",1
"100506108",1
"100506113",1
"100506114",1
"100506115",1
"100506119",1
"100506122",1
"100506125",1
"100506126",1
"100506127",2
"100506142",2
"100506161",1
"100506172",2
"100506175",1
"100506190",2
"100506195",4
"100506207",2
"100506211",2
"100506215",2
"100506229",1
"100506233",2
"100506235",2
"100506236",1
"100506237",1
"100506243",1
"100506258",2
"100506271",1
"100506272",1
"100506274",2
"100506275",1
"100506282",2
"100506286",1
"100506289",1
"100506299",2
"100506302",1
"100506305",1
"100506311",3
"100506314",2
"100506319",1
"100506325",1
"100506328",1
"100506331",1
"100506343",1
"100506351",1
"100506365",2
"100506368",1
"100506371",1
"100506374",1
"100506377",1
"100506379",3
"100506385",1
"100506388",1
"100506392",3
"100506405",1
"100506406",1
"100506409",1
"100506411",2
"100506413",1
"100506421",1
"100506428",2
"100506433",1
"100506436",2
"100506443",1
"100506446",1
"100506451",2
"100506457",3
"100506459",1
"100506462",1
"100506465",2
"100506469",2
"100506470",1
"100506472",2
"100506473",1
"100506475",2
"100506476",1
"100506489",1
"100506492",1
"100506497",2
"100506498",1
"100506504",1
"100506513",2
"100506526",1
"100506527",1
"100506530",1
"100506538",1
"100506540",2
"100506542",1
"100506555",1
"100506557",1
"100506563",1
"100506571",1
"100506581",3
"100506585",1
"100506599",2
"100506603",1
"100506606",1
"100506621",1
"100506622",1
"100506639",1
"100506649",1
"100506655",2
"100506658",4
"100506660",1
"100506667",1
"100506668",2
"100506675",2
"100506677",1
"100506679",1
"100506680",2
"100506681",1
"100506686",1
"100506691",1
"100506696",1
"100506697",1
"100506699",1
"100506710",3
"100506713",2
"100506714",1
"100506724",1
"100506725",1
"100506730",2
"100506731",1
"100506733",3
"100506742",1
"100506757",1
"100506759",1
"100506765",1
"100506769",1
"100506776",1
"100506779",2
"100506783",1
"100506790",1
"100506791",1
"100506795",1
"100506797",1
"100506813",1
"100506815",1
"100506826",1
"100506827",1
"100506834",2
"100506840",1
"100506844",2
"100506851",1
"100506858",1
"100506860",2
"100506863",1
"100506866",2
"100506874",1
"100506885",1
"100506895",1
"100506897",1
"100506898",2
"100506907",3
"100506915",1
"100506922",1
"100506929",1
"100506930",4
"100506939",1
"100506963",1
"100506965",2
"100506990",2
"100506994",1
"100506999",1
"100507006",1
"100507008",1
"100507027",1
"100507032",2
"100507033",1
"100507034",1
"100507040",1
"100507043",1
"100507050",1
"100507053",2
"100507054",1
"100507057",3
"100507058",1
"100507059",1
"100507062",2
"100507064",3
"100507065",1
"100507066",1
"100507073",1
"100507086",1
"100507098",5
"100507099",1
"100507114",1
"100507117",1
"100507135",1
"100507140",1
"100507143",1
"100507156",1
"100507165",1
"100507171",2
"100507173",1
"100507178",1
"100507194",1
"100507201",1
"100507203",2
"100507206",1
"100507217",4
"100507218",1
"100507221",1
"100507240",2
"100507244",2
"100507249",1
"100507250",1
"100507254",2
"100507257",1
"100507261",1
"100507266",1
"100507267",2
"100507274",3
"100507277",1
"100507283",2
"100507290",2
"100507291",1
"100507297",1
"100507299",1
"100507300",2
"100507303",1
"100507311",1
"100507316",3
"100507321",3
"100507330",1
"100507336",1
"100507351",1
"100507362",1
"100507377",1
"100507384",1
"100507388",1
"100507389",2
"100507391",1
"100507392",1
"100507395",1
"100507398",2
"100507403",1
"100507410",1
"100507419",1
"100507421",3
"100507423",1
"100507428",3
"100507431",2
"100507433",1
"100507435",1
"100507436",1
"100507443",1
"100507458",1
"100507459",1
"100507461",1
"100507462",1
"100507463",2
"100507466",1
"100507468",1
"100507470",1
"100507475",1
"100507477",2
"100507480",1
"100507494",2
"100507495",2
"100507501",1
"100507506",1
"100507507",3
"100507513",1
"100507516",1
"100507520",3
"100507524",1
"100507527",1
"100507530",1
"100507533",1
"100507534",1
"100507535",1
"100507537",1
"100507540",1
"100507557",1
"100507560",1
"100507562",1
"100507564",1
"100507567",2
"100507584",4
"100507600",1
"100507602",2
"100507605",1
"100507616",1
"100507629",1
"100507630",1
"100507632",1
"100507634",2
"100507642",1
"100507650",1
"100507654",3
"100507656",1
"100507670",1
"100508120",3
"100508631",1
"100509303",1
"100509814",1
"10051",3
"10052",4
"100526820",1
"100526833",2
"100527964",1
"10053",2
"100533106",1
"100533178",1
"100533182",1
"10054",2
"10055",3
"10056",3
"10057",3
"10058",2
"10059",3
"1006",4
"10060",5
"10061",5
"100616104",1
"100616434",1
"100616446",1
"100616497",1
"100616668",2
"10062",1
"100628307",1
"100628315",2
"10063",1
"100630918",1
"100630923",2
"100631378",2
"100642175",1
"100652730",1
"100652740",1
"100652748",1
"100652768",1
"100652770",3
"100652772",1
"100652791",1
"100652824",1
"100652853",1
"100652856",2
"100652857",1
"100652911",1
"100652929",1
"100652988",1
"100652999",1
"100653005",1
"100653022",1
"100653086",1
"10066",2
"10067",1
"10068",3
"100689073",2
"100689074",1
"10069",1
"1007",1
"10071",2
"10072",2
"10073",1
"10075",5
"10076",1
"10077",2
"10078",1
"10079",2
"1008",1
"10081",2
"10082",2
"100820829",1
"10083",3
"10084",3
"100847004",1
"10085",3
"100852405",1
"100852407",1
"100852408",1
"100852409",1
"100856811",1
"100859921",1
"100859930",1
"10086",2
"100861523",1
"100861532",2
"100861540",1
"100861541",2
"100861543",1
"100861544",1
"100861545",1
"100861546",1
"100861547",1
"100861548",1
"100861551",1
"100861552",1
"100861553",1
"100861554",1
"100861555",1
"100861573",1
"100862662",1
"100862679",1
"100862680",1
"100862697",1
"100862704",2
"10087",4
"100873930",1
"100873942",1
"100873949",1
"100873954",1
"100873964",1
"100873979",1
"100873985",1
"100874012",1
"100874014",1
"100874016",1
"100874018",1
"100874021",1
"100874032",1
"100874034",1
"100874035",1
"100874038",1
"100874051",1
"100874058",1
"100874063",1
"100874068",1
"100874069",1
"100874074",1
"100874107",1
"100874110",1
"100874114",1
"100874143",1
"100874167",1
"100874178",1
"100874182",2
"100874187",1
"100874194",1
"100874195",3
"100874205",3
"100874238",1
"100874239",1
"100874241",2
"100874243",1
"100874251",1
"100874253",1
"100874291",1
"100874292",1
"100874305",1
"100874314",1
"100874362",2
"100874365",1
"100874371",1
"100874375",1
"100874392",2
"100874433",1
"100885775",1
"100885778",1
"100885781",1
"100885798",1
"100885848",1
"10089",3
"1009",4
"10090",2
"10092",3
"10093",2
"10094",1
"10095",1
"10096",5
"10097",7
"10098",3
"10099",5
"100996246",1
"100996251",1
"100996255",1
"100996263",1
"100996279",1
"100996280",1
"100996286",1
"100996295",1
"100996301",1
"100996307",1
"100996325",1
"100996342",1
"100996345",1
"100996385",2
"100996404",1
"100996412",1
"100996419",2
"100996425",1
"100996455",1
"100996457",1
"100996485",1
"100996490",2
"100996492",3
"100996506",2
"100996511",2
"100996539",1
"100996542",1
"100996549",1
"100996570",3
"100996579",2
"100996583",1
"100996590",2
"100996597",1
"100996624",1
"100996634",1
"100996654",1
"100996665",1
"100996671",1
"100996681",1
"100996694",1
"100996702",1
"100996724",1
"100996740",1
"100996756",1
"100996760",1
"100996843",1
"100996902",1
"100996930",1
"101",2
"1010",1
"10100",3
"10101",1
"10102",3
"10103",1
"10105",2
"101055625",1
"101056700",1
"101059948",1
"10106",2
"101060004",1
"101060019",1
"101060091",1
"101060200",1
"101060264",1
"101060391",1
"101060400",2
"101060424",1
"101060510",1
"101060544",1
"101060553",1
"101060609",1
"101060691",2
"10107",4
"10109",3
"10110",2
"10111",3
"10112",1
"10113",1
"10114",4
"10116",3
"10117",2
"1012",1
"10120",1
"10121",2
"10123",4
"10124",1
"101241892",1
"10125",1
"10126",1
"10128",4
"10129",4
"1013",2
"10130",4
"10131",2
"10133",2
"10134",1
"10135",4
"10136",2
"101362076",1
"10137",2
"10138",2
"10139",2
"1014",1
"10140",1
"10141",1
"101410533",1
"101410535",1
"101410538",4
"10142",3
"10143",1
"10144",5
"10146",7
"10147",5
"10148",1
"10149",1
"1015",1
"10150",5
"10151",1
"10152",8
"10153",1
"10154",4
"10155",1
"101559451",1
"10157",2
"10158",2
"10159",3
"101593348",1
"1016",1
"10160",5
"10161",2
"10162",2
"10163",3
"10164",1
"10165",3
"10166",2
"101669762",1
"101669764",1
"10168",2
"1017",3
"10170",3
"10171",3
"10172",1
"10174",2
"10175",2
"101752400",1
"10178",2
"10179",2
"10180",3
"10181",4
"10184",1
"10186",2
"10188",4
"10189",2
"1019",1
"10190",3
"101926888",1
"101926890",1
"101926892",1
"101926903",1
"101926906",1
"101926907",1
"101926912",1
"101926913",2
"101926915",1
"101926916",1
"101926918",1
"101926928",1
"101926934",1
"101926942",1
"101926943",1
"101926944",1
"101926959",1
"101926960",1
"101926962",1
"101926963",1
"101926967",1
"101926975",1
"101926978",1
"101926987",1
"101926996",1
"101927003",1
"101927007",1
"101927017",1
"101927018",1
"101927020",1
"101927021",1
"101927027",4
"101927034",1
"101927038",1
"101927040",1
"101927043",2
"101927044",1
"101927049",2
"101927051",3
"101927058",1
"101927059",1
"101927060",1
"101927066",1
"101927067",1
"101927069",1
"101927071",1
"101927074",1
"101927075",1
"101927081",1
"101927084",1
"101927085",2
"101927086",1
"101927089",1
"101927093",1
"101927095",1
"101927096",1
"101927098",1
"101927111",3
"101927112",1
"101927115",2
"101927117",1
"101927121",2
"101927122",2
"101927123",1
"101927124",1
"101927125",1
"101927126",1
"101927129",1
"101927131",1
"101927133",1
"101927138",1
"101927143",1
"101927150",1
"101927151",1
"101927152",1
"101927157",1
"101927159",1
"101927164",1
"101927166",2
"101927176",1
"101927181",1
"101927193",1
"101927195",1
"101927196",1
"101927204",2
"101927206",1
"101927210",1
"101927211",1
"101927219",1
"101927220",1
"101927221",1
"101927224",1
"101927228",1
"101927237",1
"101927244",1
"101927247",1
"101927248",1
"101927249",1
"101927253",1
"101927254",1
"101927256",1
"101927257",1
"101927263",1
"101927272",1
"101927273",1
"101927274",1
"101927275",2
"101927278",1
"101927279",1
"101927282",1
"101927286",1
"101927287",1
"101927292",1
"101927295",3
"101927305",1
"101927310",1
"101927313",1
"101927314",1
"101927320",1
"101927330",1
"101927331",1
"101927340",1
"101927342",1
"101927346",1
"101927348",1
"101927350",1
"101927358",1
"101927359",1
"101927360",1
"101927362",1
"101927363",1
"101927365",1
"101927377",2
"101927379",1
"101927380",1
"101927391",1
"101927396",1
"101927406",1
"101927410",1
"101927411",1
"101927416",1
"101927417",1
"101927420",1
"101927422",1
"101927433",1
"101927438",1
"101927447",1
"101927449",1
"101927450",1
"101927451",1
"101927455",1
"101927460",1
"101927465",1
"101927479",1
"101927482",1
"101927490",1
"101927494",1
"101927495",1
"101927498",2
"101927499",1
"101927502",1
"101927503",1
"101927507",1
"101927508",1
"101927513",1
"101927523",1
"101927526",1
"101927528",1
"101927531",1
"101927534",1
"101927537",1
"101927539",1
"101927543",1
"101927547",1
"101927550",1
"101927552",1
"101927553",1
"101927565",1
"101927574",1
"101927581",1
"101927582",1
"101927586",1
"101927588",1
"101927591",1
"101927592",1
"101927597",1
"101927599",1
"101927603",1
"101927604",1
"101927606",2
"101927608",1
"101927609",1
"101927612",1
"101927616",1
"101927620",1
"101927623",1
"101927640",1
"101927641",1
"101927648",1
"101927650",1
"101927651",1
"101927653",1
"101927657",1
"101927659",1
"101927660",1
"101927667",1
"101927668",2
"101927675",1
"101927682",1
"101927690",1
"101927699",2
"101927701",1
"101927702",1
"101927703",1
"101927704",1
"101927709",1
"101927710",1
"101927715",1
"101927719",1
"101927720",1
"101927722",1
"101927723",1
"101927734",1
"101927735",1
"101927746",1
"101927752",1
"101927760",2
"101927761",2
"101927766",1
"101927769",1
"101927770",1
"101927774",2
"101927783",1
"101927787",1
"101927792",1
"101927798",2
"101927808",1
"101927809",1
"101927811",1
"101927813",1
"101927814",2
"101927815",1
"101927820",1
"101927821",1
"101927824",1
"101927828",1
"101927829",1
"101927839",1
"101927841",1
"101927843",1
"101927849",1
"101927861",1
"101927865",1
"101927869",1
"101927870",2
"101927876",1
"101927877",1
"101927884",1
"101927886",1
"101927889",1
"101927900",1
"101927901",1
"101927907",1
"101927914",1
"101927929",1
"101927934",1
"101927943",1
"101927944",2
"101927948",1
"101927950",1
"101927953",1
"101927967",1
"101927972",1
"101927974",1
"101927980",1
"101927988",1
"101927990",1
"101927992",1
"101927994",1
"101928000",2
"101928001",2
"101928002",1
"101928009",1
"101928012",1
"101928014",1
"101928017",1
"101928020",1
"101928022",1
"101928031",1
"101928035",1
"101928040",1
"101928043",1
"101928045",1
"101928047",1
"101928052",1
"101928054",1
"101928068",2
"101928069",2
"101928076",1
"101928079",1
"101928087",1
"101928098",1
"101928099",1
"101928100",1
"101928101",1
"101928104",1
"101928107",1
"101928111",1
"101928123",2
"101928132",1
"101928134",1
"101928135",1
"101928139",1
"101928140",1
"101928144",1
"101928152",1
"101928153",1
"101928157",1
"101928158",1
"101928161",1
"101928162",1
"101928165",1
"101928167",1
"101928173",1
"101928185",1
"101928190",1
"101928191",1
"101928196",1
"101928200",1
"101928201",1
"101928205",1
"101928207",1
"101928211",1
"101928221",1
"101928222",1
"101928230",1
"101928231",1
"101928243",1
"101928245",1
"101928251",1
"101928255",1
"101928259",1
"101928269",1
"101928271",1
"101928273",1
"101928276",1
"101928278",1
"101928283",1
"101928284",1
"101928288",1
"101928298",1
"101928303",1
"101928304",1
"101928306",1
"101928314",2
"101928323",1
"101928326",1
"101928327",2
"101928333",1
"101928335",1
"101928343",2
"101928370",1
"101928371",1
"101928376",1
"101928378",3
"101928386",1
"101928388",2
"101928389",1
"101928399",1
"101928401",1
"101928403",1
"101928405",1
"101928409",1
"101928417",1
"101928418",1
"101928419",1
"101928420",1
"101928424",1
"101928429",1
"101928433",1
"101928435",1
"101928443",1
"101928446",1
"101928449",1
"101928457",2
"101928460",1
"101928461",1
"101928464",1
"101928475",1
"101928476",1
"101928483",1
"101928487",1
"101928491",1
"101928495",1
"101928496",1
"101928504",1
"101928505",1
"101928513",1
"101928516",1
"101928519",1
"101928521",1
"101928525",1
"101928535",2
"101928537",1
"101928539",1
"101928545",1
"101928551",3
"101928553",1
"101928554",1
"101928555",1
"101928557",1
"101928559",1
"101928560",1
"101928565",1
"101928571",1
"101928578",1
"101928580",1
"101928583",2
"101928590",1
"101928597",1
"101928604",1
"101928607",1
"101928612",1
"101928614",1
"101928616",2
"101928618",1
"101928622",1
"101928626",1
"101928635",1
"101928646",1
"101928647",1
"101928649",2
"101928651",3
"101928661",1
"101928663",1
"101928666",1
"101928668",1
"101928682",2
"101928684",1
"101928687",1
"101928689",1
"101928694",1
"101928697",1
"101928700",1
"101928702",1
"101928707",1
"101928708",1
"101928710",1
"101928716",1
"101928725",1
"101928728",3
"101928729",1
"101928730",1
"101928731",1
"101928739",1
"101928748",1
"101928751",1
"101928762",1
"101928767",1
"101928770",1
"101928773",1
"101928778",1
"101928779",1
"101928781",2
"101928784",2
"101928787",1
"101928790",1
"101928795",1
"101928797",1
"101928806",1
"101928809",1
"101928813",1
"101928817",2
"101928820",1
"101928823",1
"101928833",1
"101928834",1
"101928837",1
"101928844",1
"101928845",1
"101928846",2
"101928847",1
"101928850",1
"101928851",1
"101928857",1
"101928858",1
"101928861",1
"101928865",1
"101928869",1
"101928877",1
"101928881",1
"101928886",1
"101928893",1
"101928894",1
"101928896",2
"101928907",2
"101928909",1
"101928917",1
"101928921",1
"101928922",1
"101928937",1
"101928940",1
"101928943",1
"101928954",1
"101928955",2
"101928961",1
"101928963",1
"101928968",1
"101928973",2
"101928978",1
"101928988",1
"101928989",1
"101928995",1
"101928999",1
"101929002",1
"101929004",1
"101929007",1
"101929019",1
"101929025",1
"101929027",1
"101929034",1
"101929040",1
"101929050",1
"101929052",1
"101929064",1
"101929073",1
"101929076",1
"101929078",1
"101929081",1
"101929082",1
"101929083",1
"101929084",1
"101929093",1
"101929109",1
"101929110",1
"101929111",1
"101929112",1
"101929114",1
"101929116",1
"101929118",1
"101929120",1
"101929122",1
"101929123",1
"101929125",1
"101929132",1
"101929133",1
"101929143",1
"101929144",1
"101929145",2
"101929147",2
"101929148",2
"101929153",1
"101929154",1
"101929164",1
"101929167",1
"101929172",1
"101929176",1
"101929177",1
"101929180",1
"101929181",1
"101929196",1
"101929198",1
"101929210",1
"101929212",1
"101929224",1
"101929225",1
"101929229",1
"101929239",2
"101929241",1
"101929243",1
"101929247",1
"101929248",1
"101929255",1
"101929260",1
"101929261",1
"101929265",1
"101929268",1
"101929269",1
"101929272",1
"101929279",1
"101929280",1
"101929284",1
"101929288",1
"101929289",1
"101929297",1
"101929312",1
"101929315",1
"101929319",1
"101929325",1
"101929328",1
"101929335",2
"101929340",1
"101929341",1
"101929372",1
"101929378",1
"101929384",1
"101929402",1
"101929406",1
"101929410",1
"101929413",1
"101929423",1
"101929437",1
"101929441",1
"101929450",2
"101929454",1
"101929456",1
"101929459",1
"101929460",1
"101929464",1
"101929465",1
"101929472",1
"101929473",1
"101929475",1
"101929478",1
"101929480",1
"101929486",1
"101929488",1
"101929495",1
"101929497",2
"101929504",1
"101929505",1
"101929511",1
"101929512",1
"101929517",1
"101929520",1
"101929524",1
"101929526",1
"101929528",1
"101929529",1
"101929538",1
"101929549",1
"101929550",1
"101929552",1
"101929557",1
"101929570",1
"101929582",1
"101929584",1
"101929586",1
"101929591",2
"101929592",1
"101929607",2
"101929609",1
"101929620",1
"101929622",1
"101929623",1
"101929628",1
"101929631",1
"101929645",1
"101929648",1
"101929651",1
"101929655",1
"101929657",1
"101929660",1
"101929662",1
"101929668",1
"101929681",1
"101929683",1
"101929684",1
"101929687",1
"101929690",1
"101929693",1
"101929694",1
"101929705",1
"101929709",1
"101929715",1
"101929717",1
"101929718",1
"101929719",1
"101929726",1
"101929730",2
"101929734",1
"101929741",1
"101929745",1
"101929747",2
"101929752",1
"101929757",1
"101929759",1
"101929760",1
"101929761",1
"101929762",1
"101929765",1
"101929774",1
"101929787",1
"101929897",1
"101929926",1
"101929949",1
"101929964",1
"101929988",1
"10193",3
"101930026",1
"101930067",1
"101930097",1
"101930114",1
"101930405",1
"101930415",1
"101930421",1
"101930541",1
"101930657",1
"10194",2
"10195",1
"101954204",1
"10196",1
"10197",4
"101978719",1
"10198",4
"10199",1
"102",3
"1020",1
"10200",2
"10201",1
"10202",2
"10203",3
"10205",3
"10206",4
"102060282",1
"10207",6
"10208",2
"10209",7
"1021",7
"10210",1
"10211",4
"10212",1
"10213",1
"10214",3
"10215",2
"102157402",1
"10216",1
"10217",5
"10218",1
"10219",1
"1022",1
"10220",5
"10221",3
"10223",1
"10224",3
"10225",2
"10226",1
"10227",1
"10228",5
"10229",3
"10230",2
"10231",1
"10232",1
"10233",1
"10234",2
"10235",4
"10236",3
"10237",1
"10238",7
"1024",3
"10240",3
"10241",4
"10242",2
"10243",3
"10244",2
"10245",2
"10246",1
"102467079",1
"10247",2
"10248",1
"10249",3
"1025",3
"10250",2
"10251",1
"10252",2
"10253",1
"10254",5
"102546226",1
"102546294",1
"102546299",3
"10255",1
"10256",1
"10257",4
"1026",1
"10260",2
"102606465",2
"10261",2
"10262",1
"10263",1
"10265",1
"102659288",1
"10266",1
"10267",1
"10268",1
"102682016",1
"10269",1
"1027",1
"10270",2
"10272",1
"102723099",1
"102723165",1
"102723166",1
"102723167",1
"102723380",1
"102723390",1
"102723448",1
"102723479",1
"102723493",1
"102723526",1
"102723542",1
"102723559",1
"102723620",1
"102723645",1
"102723661",1
"102723684",1
"102723692",1
"102723697",1
"102723704",1
"102723721",1
"102723742",1
"102723757",1
"102723775",1
"102723779",1
"102723809",1
"102723831",1
"102723845",1
"102723847",1
"102723864",1
"102723886",1
"102723918",1
"102723927",1
"102723932",1
"102723954",1
"102724009",1
"102724017",1
"102724021",1
"102724030",1
"102724094",1
"102724156",1
"102724162",1
"102724165",1
"102724201",1
"102724275",1
"102724312",2
"102724316",1
"102724323",1
"102724356",1
"102724362",1
"102724368",1
"102724386",1
"102724387",1
"102724487",1
"102724508",1
"102724511",1
"102724537",1
"102724561",1
"102724587",1
"102724611",1
"102724612",1
"102724640",1
"102724689",1
"102724718",1
"102724782",1
"102724809",1
"102724814",2
"102724827",1
"102724842",1
"102724870",1
"102724880",1
"102724891",1
"102724905",1
"102724927",1
"102724938",1
"102724965",1
"102724967",1
"102724975",1
"102725017",1
"102725022",2
"102725116",1
"102725343",1
"102725345",1
"102725382",1
"102725383",1
"102725408",1
"102725438",1
"102725454",1
"10273",3
"10274",3
"10276",2
"10277",5
"10278",2
"10279",1
"1028",4
"10280",2
"102800310",1
"102800316",1
"10281",1
"10282",1
"10283",2
"10284",3
"10285",1
"10286",1
"10287",1
"10288",2
"10289",2
"1029",3
"10291",4
"10293",1
"10294",2
"10295",1
"10297",2
"10298",3
"10299",6
"103",1
"1030",2
"10300",3
"10301",1
"10302",3
"10308",1
"10309",1
"103091864",1
"103091865",1
"1031",2
"10311",2
"10312",1
"10313",2
"10314",2
"10316",1
"10317",3
"10318",2
"10319",2
"1032",2
"10320",9
"10321",1
"10322",1
"10324",2
"10325",1
"10326",3
"10327",1
"10328",3
"103283057",1
"10329",2
"1033",2
"10330",4
"10331",1
"10332",2
"10333",2
"103344718",1
"103344928",1
"103344929",1
"103344931",1
"10335",3
"103352539",2
"103352670",1
"10336",3
"10342",4
"10343",1
"10344",1
"10345",3
"103456507",1
"10346",1
"10347",1
"10350",3
"10351",3
"10352",3
"1036",2
"10360",1
"10361",1
"10362",3
"10363",1
"10365",2
"10367",1
"10368",1
"10369",2
"10370",3
"10371",3
"10376",6
"10379",1
"1038",1
"10380",3
"10381",2
"10382",1
"10383",2
"10384",2
"10385",3
"10388",2
"10389",1
"10390",3
"10391",1
"103910",1
"10392",2
"10393",2
"10394",1
"10395",5
"10396",3
"10397",1
"10398",2
"104",5
"1040",4
"10400",1
"10401",1
"10402",4
"10403",1
"10404",2
"10406",3
"10408",2
"10409",2
"1041",2
"10410",1
"10411",2
"10412",1
"10413",3
"10418",5
"10419",3
"10420",1
"10421",2
"10422",1
"10423",1
"10424",2
"10425",5
"10426",3
"10427",1
"10428",2
"1043",2
"10430",1
"10432",3
"10434",2
"10435",2
"10436",1
"10438",1
"10439",3
"1044",1
"10440",4
"10443",7
"10444",4
"10445",1
"10446",2
"10447",3
"10449",3
"1045",1
"10450",3
"10451",3
"10452",1
"10454",1
"10455",1
"10456",2
"10457",2
"10458",4
"10459",1
"1046",1
"10460",1
"10461",3
"10462",1
"10463",2
"10464",1
"10465",1
"10466",3
"10467",1
"10468",3
"10469",2
"1047",1
"10472",2
"10473",3
"10474",2
"10475",4
"10476",2
"10477",1
"10478",2
"10479",1
"1048",2
"10480",5
"10481",2
"10482",1
"10483",3
"10484",2
"10485",4
"10486",2
"10487",2
"10488",1
"10489",4
"10490",3
"10491",5
"10492",7
"10493",1
"10494",1
"10495",4
"10497",1
"10498",1
"10499",4
"105",2
"1050",1
"10500",1
"10501",3
"10505",3
"10507",2
"10509",1
"1051",1
"10512",2
"10513",4
"10514",2
"10516",1
"10518",3
"10519",1
"1052",2
"10520",1
"10521",5
"10522",2
"10523",3
"10524",3
"10525",1
"10526",2
"10527",4
"10529",6
"1053",1
"10531",2
"10533",4
"10534",1
"10535",1
"10536",1
"10538",1
"10539",4
"1054",2
"10540",3
"10541",2
"10542",2
"10544",1
"10548",2
"10549",1
"10550",2
"10551",2
"10552",1
"10553",4
"10554",2
"10555",2
"10556",4
"10557",1
"10558",3
"10559",1
"1056",2
"10560",1
"10561",2
"10562",1
"10563",1
"10564",4
"10565",3
"10566",1
"10567",1
"10568",1
"10569",2
"1057",1
"10570",3
"10572",3
"10573",1
"10574",1
"10575",2
"10576",2
"10577",1
"10578",2
"10579",4
"1058",1
"10580",5
"10581",1
"10584",1
"10585",1
"10586",2
"10587",2
"10589",1
"1059",1
"10590",1
"10591",3
"10592",2
"10594",1
"10595",2
"10598",1
"10599",1
"1060",1
"10600",3
"10602",4
"10603",1
"10605",5
"10606",3
"10607",2
"10609",1
"10610",1
"10611",10
"10612",4
"10613",2
"10614",2
"10615",1
"10616",2
"10617",3
"10618",5
"1062",1
"10620",1
"10621",1
"10622",3
"10623",2
"10625",4
"10626",1
"10627",4
"10628",3
"10629",5
"1063",3
"10630",4
"10631",4
"10632",4
"10633",1
"10634",3
"10635",1
"10636",3
"10637",1
"10640",5
"10641",2
"10642",3
"10643",4
"10644",2
"10645",4
"10647",1
"10648",1
"10650",1
"10651",1
"10652",2
"10653",1
"10654",1
"10655",2
"10656",2
"10657",3
"10658",7
"10659",7
"10660",1
"10661",1
"10663",2
"10664",1
"10665",1
"10666",1
"10667",3
"10668",1
"10669",1
"10670",1
"10671",1
"10672",3
"10673",2
"10675",2
"10677",3
"10678",3
"1068",1
"10681",5
"10682",4
"10683",4
"10686",1
"10687",2
"1069",1
"10690",3
"10691",4
"10692",1
"10693",1
"10694",2
"10695",4
"10699",3
"107",5
"1070",1
"1071",1
"10712",2
"10713",1
"10714",2
"10716",1
"10717",3
"10718",1
"1072",4
"10721",2
"10723",1
"10724",5
"10725",3
"10726",3
"10728",1
"1073",3
"10730",20
"10732",2
"10733",3
"10734",1
"10735",3
"10736",2
"10737",1
"10738",1
"10739",1
"10740",1
"10741",4
"10742",1
"10743",3
"10744",1
"10745",4
"10746",7
"10747",3
"10748",1
"10749",2
"1075",4
"10750",2
"10752",2
"10753",2
"10755",1
"10758",2
"10761",1
"10762",6
"10763",2
"10765",5
"10766",3
"10767",4
"10768",4
"10769",1
"10771",4
"10772",5
"10773",1
"10775",2
"10776",3
"10777",6
"10778",3
"10780",2
"10781",1
"10782",2
"10783",5
"10785",3
"10786",1
"10787",2
"10788",2
"10791",2
"10793",1
"10794",3
"10795",3
"10797",2
"10798",1
"10799",1
"108",3
"1080",5
"10800",3
"10801",4
"10802",3
"10803",1
"10804",1
"10806",4
"10807",3
"10808",3
"10809",3
"1081",2
"10810",1
"10811",1
"10813",2
"10814",2
"10815",1
"10816",1
"10817",1
"10818",3
"10819",1
"10821",1
"10824",2
"10825",4
"10826",3
"10827",2
"10838",2
"1084",3
"10840",2
"10841",6
"10842",2
"10844",3
"10845",2
"10846",3
"10847",4
"10848",1
"10849",1
"10850",1
"10855",2
"10856",3
"10857",2
"10858",1
"10859",2
"10861",3
"10863",4
"10864",5
"10865",1
"10866",1
"10867",2
"10868",1
"10869",2
"1087",3
"10870",1
"10871",1
"10873",2
"10874",1
"10875",2
"10876",3
"10877",1
"10878",2
"10879",1
"1088",1
"10880",1
"10881",1
"10882",2
"10884",3
"10885",2
"10886",1
"10888",1
"1089",1
"10890",2
"10891",2
"10892",3
"10893",2
"10894",2
"10895",1
"10896",1
"10897",1
"10898",1
"10899",3
"109",2
"10900",2
"10902",3
"10903",2
"10904",1
"10905",6
"10906",4
"10907",3
"10908",1
"10910",5
"10911",2
"10912",1
"10913",1
"10914",6
"10915",3
"10916",2
"10917",1
"10919",3
"10920",6
"10921",2
"10922",3
"10923",6
"10924",2
"10926",1
"10927",2
"10928",3
"10929",4
"10930",1
"10933",3
"10935",2
"10936",1
"10938",5
"10939",3
"10940",1
"10942",1
"10943",3
"10944",5
"10945",2
"10946",1
"10947",2
"10948",1
"10949",3
"10950",4
"10951",1
"10952",2
"10953",1
"10955",4
"10956",2
"10957",1
"10959",3
"10960",2
"10961",1
"10962",1
"10963",2
"10964",1
"10966",3
"10970",3
"10971",3
"10972",3
"10973",2
"10974",1
"10975",2
"10978",2
"10979",3
"10980",2
"10981",2
"10982",3
"10983",3
"10985",2
"10987",1
"10988",3
"10989",1
"10990",1
"10991",1
"10992",2
"10993",2
"10994",3
"10998",2
"10999",1
"11000",1
"11001",2
"11004",2
"11005",1
"11006",2
"11007",3
"11009",1
"1101",1
"11010",5
"11011",4
"11012",1
"11014",3
"11015",3
"11016",5
"11017",2
"11018",1
"11019",1
"1102",2
"11020",3
"11021",3
"11022",3
"11024",2
"11025",4
"11026",1
"11027",4
"1103",1
"11030",6
"11031",3
"11033",2
"11034",3
"11035",1
"11036",1
"11037",2
"11039",2
"1104",2
"11040",1
"11041",2
"11043",2
"11044",1
"11045",1
"11046",4
"11047",1
"11049",1
"1105",2
"11051",3
"11052",3
"11054",4
"11055",1
"11056",4
"11057",6
"11059",2
"1106",6
"11060",4
"11061",1
"11062",2
"11063",1
"11064",2
"11065",1
"11066",1
"11067",2
"11068",2
"11069",1
"1107",2
"11070",1
"11072",1
"11073",1
"11074",3
"11075",2
"11076",4
"11077",1
"11078",5
"11079",3
"1108",3
"11080",2
"11081",1
"11082",1
"11083",4
"11085",2
"1109",1
"11091",2
"11092",2
"11093",2
"11094",2
"11095",3
"11096",4
"11097",1
"11098",4
"11099",5
"111",2
"11100",2
"11101",4
"11102",3
"11103",6
"11104",1
"11105",1
"11107",3
"11108",2
"1111",4
"11112",3
"11116",5
"11117",1
"11118",2
"11119",2
"1112",7
"11120",4
"11122",1
"11123",3
"11124",5
"11126",1
"11127",2
"11128",3
"11129",1
"1113",1
"11130",1
"11131",1
"11132",2
"11133",1
"11135",1
"11136",1
"11137",3
"11138",2
"1114",1
"11140",1
"11141",2
"11142",1
"11143",1
"11144",2
"11145",2
"11146",1
"11147",3
"11148",2
"11149",2
"11151",1
"11152",2
"11153",1
"11154",4
"11155",5
"11156",3
"11157",1
"1116",3
"11160",3
"11161",3
"11162",2
"11163",3
"11164",2
"11165",5
"11166",1
"11167",2
"11168",4
"11169",3
"1117",1
"11170",2
"11171",2
"11172",1
"11173",3
"11174",3
"11176",4
"11177",2
"11178",7
"11179",4
"1118",1
"11180",2
"11181",1
"11182",1
"11183",3
"11184",3
"11185",1
"11186",1
"11187",2
"11188",2
"11189",2
"1119",2
"11190",3
"11193",3
"11194",2
"11196",4
"11197",1
"11198",2
"11199",1
"112",1
"1120",1
"11200",1
"11201",2
"11202",2
"1121",3
"11211",1
"11212",5
"11213",3
"11214",9
"11215",2
"11216",4
"11218",2
"1122",6
"11221",2
"11222",1
"11223",2
"11224",1
"11226",2
"11227",5
"11228",4
"1123",1
"11230",1
"11231",5
"11232",1
"11234",1
"11235",1
"11236",1
"11237",4
"11238",2
"112398",1
"112399",2
"1124",3
"11240",3
"11243",1
"11244",2
"11245",2
"112464",1
"11247",1
"112476",1
"112479",3
"11248",2
"112483",1
"112487",2
"11249",3
"112495",1
"11250",1
"11251",2
"11252",3
"11253",2
"11254",1
"11255",4
"11257",3
"112574",2
"11258",1
"11259",3
"11260",2
"112609",1
"11261",2
"112611",2
"112616",2
"11264",3
"11266",1
"11267",1
"11269",1
"11270",1
"112703",1
"112724",4
"11273",2
"11274",1
"112744",1
"11275",1
"112752",3
"112755",1
"11276",6
"112770",3
"11278",8
"11279",2
"1128",1
"11280",3
"112802",1
"11281",1
"112812",1
"112817",1
"11282",2
"11283",1
"11284",1
"112840",3
"112849",1
"11285",2
"112858",2
"112869",2
"112885",2
"1129",1
"112936",2
"112937",2
"112939",2
"112942",1
"112950",3
"113",2
"1130",4
"113000",1
"113026",2
"11309",3
"113091",1
"1131",6
"11311",2
"113115",3
"11313",4
"113130",1
"11314",3
"113146",2
"11315",1
"11316",2
"11317",1
"113174",1
"113177",2
"113178",2
"113179",2
"11318",2
"113189",1
"11319",1
"1132",1
"11320",4
"113201",3
"11321",1
"11322",2
"113220",1
"113235",4
"113246",1
"11325",3
"113251",5
"11326",1
"113263",5
"113277",4
"113278",2
"11328",1
"11329",5
"1133",1
"11330",1
"11331",1
"11332",2
"11333",2
"11334",2
"11335",4
"11336",2
"11337",1
"11338",4
"11339",1
"1134",2
"11340",1
"113402",5
"11341",2
"113419",2
"11342",2
"11343",2
"11344",1
"113444",2
"11345",1
"113451",2
"113452",1
"11346",3
"1135",1
"113510",5
"113540",2
"1136",3
"113612",4
"113622",2
"113655",1
"113675",1
"113691",1
"1137",4
"113730",2
"113746",2
"113763",1
"113791",3
"1138",1
"113802",1
"113828",1
"113829",1
"113835",1
"114",1
"1140",1
"114026",1
"114034",1
"114036",1
"114038",2
"114041",2
"114042",3
"114043",2
"114044",3
"114049",2
"114088",2
"1141",2
"114131",1
"114132",2
"114134",5
"1142",2
"114224",1
"114294",3
"114299",1
"1143",1
"114327",3
"1144",1
"1145",2
"114548",3
"114569",1
"114571",1
"1146",1
"114609",4
"114625",1
"1147",1
"114757",3
"114758",1
"114769",2
"114770",1
"114771",1
"114780",4
"114781",4
"114783",1
"114784",3
"114785",3
"114786",1
"114787",2
"114788",1
"114789",1
"114790",1
"114791",2
"114792",1
"114793",3
"114794",4
"114795",3
"114796",1
"114798",1
"114799",3
"114800",2
"114801",1
"114803",3
"114804",2
"114805",3
"114814",1
"114815",2
"114817",1
"114818",4
"114819",2
"114821",1
"114822",2
"114823",1
"114825",4
"114826",1
"114827",6
"114836",1
"114876",3
"114879",2
"114880",3
"114881",3
"114882",4
"114883",1
"114884",5
"114885",2
"114897",2
"114898",1
"114899",2
"1149",1
"114900",1
"114904",2
"114905",2
"114907",7
"114908",1
"114915",2
"114926",1
"114932",1
"114960",1
"114971",2
"114984",1
"114987",2
"114990",1
"114991",3
"115",3
"115004",3
"115019",1
"115024",1
"115098",2
"115106",1
"115111",3
"115123",2
"115196",2
"1152",1
"115201",1
"115207",2
"115209",1
"115265",1
"115273",1
"115286",1
"115290",1
"115294",5
"1153",5
"115330",1
"115350",2
"115352",2
"115353",1
"115361",2
"115362",2
"115399",1
"1154",3
"115416",4
"115426",1
"1155",3
"115509",2
"115548",2
"115557",1
"115560",1
"115572",1
"115584",1
"115650",1
"115653",1
"115677",1
"115701",1
"115703",3
"115704",4
"115708",3
"115727",2
"115749",1
"115752",1
"115761",2
"115795",1
"1158",1
"115811",1
"115817",1
"115825",4
"115827",4
"115861",1
"115908",1
"115939",4
"115948",1
"115950",2
"115992",1
"116",2
"1160",1
"116028",1
"116039",1
"116064",2
"116068",1
"116071",1
"116085",1
"116092",2
"116093",1
"1161",4
"116113",2
"116115",1
"116123",1
"116135",1
"116138",2
"116143",1
"116150",2
"116151",2
"116154",1
"116159",2
"116173",1
"116179",1
"116224",3
"116225",1
"116228",3
"116236",1
"116238",1
"116254",1
"116255",1
"116285",2
"1163",1
"116328",2
"116337",1
"116349",1
"116362",1
"116369",1
"116372",1
"116379",1
"1164",1
"116412",2
"116441",2
"116442",2
"116443",2
"116444",1
"116447",2
"116448",1
"116449",3
"116461",3
"116496",2
"116511",1
"116519",2
"116535",1
"116541",1
"116729",1
"116828",1
"116832",1
"116835",2
"116840",4
"116842",1
"116843",1
"116844",1
"116931",2
"116933",1
"116966",2
"116969",1
"116983",2
"116985",3
"116986",3
"116987",3
"116988",3
"117",2
"117143",2
"117144",1
"117145",3
"117153",1
"117154",1
"117156",1
"117157",2
"117159",1
"117166",1
"117177",7
"117178",6
"117194",1
"117195",1
"117196",1
"117245",2
"117246",1
"117247",3
"117248",3
"117283",1
"117285",1
"117286",2
"117289",5
"1173",1
"1174",3
"1175",3
"117531",1
"117532",1
"117579",1
"117581",2
"117583",5
"117584",3
"1176",1
"117608",1
"1178",1
"117852",1
"117854",1
"1179",1
"118",4
"1180",1
"1181",1
"1182",4
"1183",5
"1184",5
"118421",2
"118424",4
"118425",2
"118426",2
"118427",2
"118429",4
"118430",1
"118442",1
"118460",3
"118461",1
"118471",1
"118472",1
"118487",1
"118490",1
"118491",3
"1185",1
"1186",3
"118611",3
"118663",1
"118670",1
"118672",2
"118738",1
"118788",2
"1188",3
"118812",2
"118813",1
"118856",1
"118881",1
"118924",3
"118932",2
"118980",2
"118987",4
"119",6
"119016",1
"119032",1
"1191",4
"1192",1
"1193",1
"119369",1
"119385",2
"119391",2
"119392",2
"119395",1
"119467",1
"1195",1
"119504",4
"119548",1
"119559",4
"119587",3
"1196",1
"119710",1
"1198",2
"12",1
"120",4
"1200",4
"120065",1
"120066",1
"120071",1
"1201",2
"120103",2
"120114",3
"120224",2
"120227",3
"1203",3
"120376",1
"120379",1
"120400",2
"120425",1
"120526",2
"120534",1
"1207",2
"1208",1
"120863",2
"120892",1
"1209",2
"120935",1
"120939",1
"121006",2
"121053",1
"1211",6
"1212",4
"121214",1
"121227",1
"121256",1
"121260",3
"121268",2
"121273",3
"121274",4
"121278",1
"1213",3
"121340",1
"121355",1
"121391",2
"121441",3
"121457",3
"1215",1
"121506",1
"121512",3
"121536",2
"121551",2
"121599",1
"121601",3
"121642",1
"121643",3
"121665",5
"121793",1
"121838",1
"121952",1
"122042",1
"122046",1
"122060",1
"122258",1
"122402",1
"122416",3
"122481",4
"122509",1
"122525",2
"122553",1
"122616",1
"122618",2
"122622",2
"122651",1
"122664",2
"122704",2
"122769",2
"122773",2
"122786",2
"122809",2
"122830",4
"122876",1
"122945",1
"122953",2
"122961",1
"122970",1
"123",2
"1230",2
"123016",1
"123036",3
"123041",3
"123096",4
"123099",1
"123169",1
"1232",1
"123207",2
"123228",2
"123263",1
"123264",1
"123283",2
"1233",1
"123355",4
"1234",1
"1235",1
"123591",1
"1236",1
"123606",2
"123624",1
"123688",1
"1237",1
"123720",1
"123722",1
"123775",2
"1238",3
"123803",2
"123811",2
"123872",2
"123876",2
"123879",2
"123920",3
"123970",1
"124",1
"1240",3
"124044",1
"124045",2
"124056",1
"124093",1
"1241",3
"124152",4
"124220",1
"124221",1
"124222",1
"124245",2
"124359",2
"1244",1
"124401",1
"124402",3
"124404",1
"124446",2
"124454",4
"124460",3
"124491",3
"124512",1
"124535",1
"124538",1
"124540",9
"124565",7
"124583",3
"124590",1
"124599",2
"124602",2
"124626",1
"124637",2
"124739",1
"124751",1
"124773",1
"124783",2
"124790",1
"124801",2
"124808",1
"124817",1
"124842",1
"124857",2
"124872",1
"124912",1
"124923",2
"124925",2
"124930",1
"124935",2
"124936",1
"124961",1
"124975",1
"124976",1
"124989",5
"124995",1
"124997",1
"125",4
"125058",5
"125061",1
"125111",2
"125113",2
"125115",2
"125150",2
"125170",1
"125206",1
"125228",3
"125336",1
"125476",2
"125488",3
"125704",1
"1258",3
"125875",1
"1259",1
"125919",1
"125950",1
"125965",1
"125972",1
"125981",1
"125988",1
"125997",1
"126",1
"126003",1
"126006",1
"126014",1
"126017",1
"126068",2
"126069",1
"126070",3
"126074",1
"126075",1
"1261",1
"126119",1
"126123",1
"126129",1
"126133",1
"126147",2
"1262",1
"126204",1
"126205",1
"126206",1
"126208",2
"126231",2
"126248",2
"126259",1
"126272",1
"126282",1
"126295",1
"126298",6
"126299",2
"1263",3
"126306",1
"126308",2
"126321",2
"126326",2
"126328",3
"126353",1
"126364",1
"126370",1
"126374",1
"126375",1
"126382",1
"126393",2
"1264",1
"126402",1
"126410",1
"126433",1
"1265",1
"126520",1
"126526",2
"126536",2
"126549",1
"126567",1
"1266",1
"126626",1
"126638",1
"126661",2
"126668",1
"126669",2
"126695",1
"1267",2
"126731",4
"126755",1
"126789",1
"126792",3
"1268",4
"126820",1
"126823",1
"126859",2
"126868",1
"1269",1
"126917",1
"126969",1
"127",4
"1270",1
"127002",1
"127003",1
"127018",2
"1271",1
"127124",1
"1272",4
"127247",1
"127253",1
"127254",2
"127255",2
"127262",1
"127281",1
"127294",2
"127343",1
"127391",1
"127396",2
"127428",2
"127435",2
"127495",2
"127534",1
"127540",1
"127544",2
"127579",1
"127602",4
"127670",1
"127687",1
"1277",5
"127700",1
"127703",1
"127707",2
"127731",2
"127733",3
"127795",1
"1278",3
"127829",1
"127833",1
"127841",2
"127845",1
"127933",4
"127943",1
"128",2
"1280",2
"128025",1
"128061",1
"128077",2
"1281",4
"128153",2
"128178",1
"1282",2
"128209",1
"128218",1
"128229",1
"128239",4
"128240",1
"128272",1
"128308",2
"128338",2
"128344",1
"128346",1
"128387",2
"1284",2
"128408",1
"128414",4
"128434",1
"128486",3
"128488",1
"128497",1
"1285",7
"128553",6
"1286",3
"128602",1
"128611",2
"128637",2
"128646",1
"128653",1
"128674",1
"1287",2
"128710",2
"1288",3
"128817",1
"128821",1
"128822",1
"128826",1
"128853",1
"128854",2
"128859",1
"128861",1
"128864",1
"128866",2
"128869",1
"128872",1
"128876",2
"1289",3
"128954",1
"128977",2
"128989",1
"1290",2
"129025",1
"129049",3
"129080",2
"1291",8
"129138",2
"1292",2
"129285",2
"129293",2
"1293",1
"129303",1
"1294",2
"129401",1
"129446",1
"129450",3
"1295",3
"129530",1
"129531",1
"129563",4
"1296",2
"129607",1
"129642",2
"129684",2
"129685",5
"1297",2
"129787",2
"129790",1
"1298",2
"129804",1
"129807",1
"129831",2
"129852",1
"129880",1
"129881",1
"1299",1
"13",1
"130",2
"1300",2
"130013",1
"130026",4
"130074",2
"1301",3
"130106",1
"130120",1
"130132",2
"130162",1
"1302",2
"130271",3
"1303",5
"130340",5
"130355",1
"130367",2
"130399",2
"130497",1
"1305",3
"130502",1
"130507",4
"130535",2
"130540",2
"130557",1
"130560",1
"130574",3
"130576",1
"130589",2
"1306",1
"130612",2
"130617",1
"1307",1
"130733",1
"130749",1
"130752",2
"1308",1
"130813",1
"130814",2
"130827",4
"130872",4
"130888",2
"130916",4
"130940",2
"130951",4
"131",1
"1310",1
"131034",2
"131076",1
"131096",1
"1311",1
"131118",2
"131177",1
"1312",4
"131368",2
"131375",1
"131377",1
"1314",4
"131405",1
"131408",3
"131450",2
"131474",1
"1315",3
"131540",2
"131544",1
"131566",3
"131578",2
"131583",2
"1316",5
"131601",1
"131616",1
"131669",1
"1317",3
"1318",1
"131831",1
"131870",4
"131873",2
"131890",1
"131920",1
"131965",4
"132",2
"132001",3
"132014",2
"132112",2
"132141",2
"132158",2
"132160",1
"132200",1
"132203",1
"132204",1
"132228",1
"132241",3
"132243",1
"132299",1
"132321",3
"132332",1
"132430",1
"1325",1
"1326",2
"132612",2
"132625",3
"132660",1
"132671",2
"1327",4
"132720",2
"132724",1
"132789",1
"132851",1
"132864",3
"132884",2
"1329",4
"132946",1
"132949",2
"132954",1
"132989",1
"133",1
"133015",4
"133022",1
"133121",1
"133308",2
"133383",2
"133396",3
"133418",2
"133482",1
"133491",2
"133522",4
"133558",3
"133584",1
"133619",2
"133686",3
"133688",3
"133690",1
"1337",2
"133746",2
"133874",3
"1339",1
"133923",1
"133957",2
"134",2
"1340",1
"134111",2
"134121",1
"134145",2
"134147",3
"134187",1
"134218",7
"134265",2
"134266",2
"134285",2
"134288",3
"134353",4
"134359",1
"134429",1
"134430",2
"134466",1
"134492",3
"1345",1
"134510",2
"134526",1
"134548",1
"134549",3
"134553",6
"1346",1
"134637",2
"1347",1
"134701",1
"134728",2
"134829",1
"134860",1
"134864",1
"1349",2
"134957",3
"1350",3
"1351",1
"135112",3
"135114",3
"135138",2
"135152",2
"135154",1
"1352",1
"135228",3
"135250",1
"135293",3
"135295",2
"1353",3
"135398",2
"135458",2
"1355",4
"1356",4
"135644",1
"135656",2
"1357",1
"1358",1
"135886",1
"135892",3
"1359",1
"135927",2
"135932",2
"135935",1
"135946",1
"135948",1
"136",1
"1360",1
"136051",1
"1361",1
"1362",5
"136227",2
"136242",1
"136259",2
"136263",2
"136288",1
"1363",2
"136306",1
"136319",1
"136332",1
"136371",3
"1364",2
"1365",2
"136541",1
"1366",1
"136647",1
"1368",6
"136853",1
"136895",1
"1369",1
"136991",1
"1370",1
"137075",3
"1371",1
"137196",1
"137209",1
"1373",2
"137362",2
"137392",3
"1374",4
"137492",2
"1376",2
"137695",2
"137735",2
"1378",5
"137835",1
"137868",1
"137872",1
"137886",2
"1379",1
"137902",1
"137964",3
"137970",1
"137994",2
"1380",2
"138009",2
"138046",1
"138050",5
"138065",1
"1381",2
"138151",2
"138162",2
"138199",2
"1382",1
"138240",1
"138241",3
"138255",2
"138307",2
"138311",4
"1384",2
"138428",2
"138429",1
"138474",1
"1385",7
"1386",3
"138639",2
"138649",1
"1387",4
"138716",1
"138724",1
"1388",3
"138804",2
"1389",3
"138948",1
"1390",6
"139065",2
"139081",1
"139105",1
"139135",1
"139170",1
"139189",1
"1392",2
"139212",1
"139221",1
"139231",3
"139285",1
"1393",1
"139322",4
"139324",1
"139341",1
"139378",1
"1394",3
"139411",2
"139420",1
"1395",2
"139538",2
"139596",1
"139599",1
"1396",1
"139628",1
"139629",1
"1397",1
"139716",2
"139728",1
"139735",1
"1398",3
"139818",2
"139886",1
"1399",2
"14",1
"140",2
"1400",1
"1401",2
"140258",1
"140290",2
"1404",4
"140453",2
"140456",1
"140458",1
"140459",2
"140460",2
"140461",2
"140462",1
"140465",1
"140467",2
"140469",3
"140545",3
"140564",1
"140576",1
"140578",1
"140597",1
"1406",2
"140606",1
"140609",1
"140612",4
"140625",1
"140628",2
"140679",1
"140680",1
"140683",1
"140685",3
"140686",1
"140687",2
"140688",6
"140689",2
"140690",1
"140691",3
"140699",2
"1407",1
"140700",2
"140701",1
"140706",2
"140707",1
"140710",4
"140711",1
"140730",2
"140731",1
"140732",4
"140733",4
"140735",3
"140738",4
"140739",4
"140766",1
"140767",1
"140771",1
"140775",5
"1408",1
"140801",1
"140803",4
"140807",1
"140809",1
"140823",1
"140825",1
"140828",1
"140831",1
"140832",1
"140834",3
"140836",1
"140838",1
"140846",1
"140849",1
"140850",1
"140856",1
"140862",2
"140870",1
"140873",1
"140875",1
"140876",2
"140880",2
"140881",1
"140883",3
"140885",3
"140886",1
"140890",6
"140893",1
"140894",3
"1409",1
"140901",4
"140902",1
"141",3
"1410",1
"1411",1
"1412",1
"1413",1
"1414",1
"1415",1
"1416",3
"1417",1
"1418",1
"1419",1
"142",1
"1420",1
"1421",1
"142678",5
"142679",3
"142680",2
"142684",1
"142685",1
"142686",2
"142689",1
"1427",2
"1428",1
"142891",2
"1429",1
"142910",3
"142937",1
"142940",5
"143",1
"143098",4
"1431",1
"143187",5
"1432",4
"143241",1
"143279",4
"143282",1
"143379",1
"143384",5
"1434",4
"143425",4
"143458",1
"143471",1
"1435",4
"143501",1
"143503",1
"143570",2
"1436",1
"143630",1
"143662",2
"143678",1
"143684",4
"143686",7
"143689",1
"1437",2
"1438",4
"143872",3
"143879",1
"143884",4
"143888",1
"1439",1
"143903",3
"143941",1
"1440",1
"144097",1
"1441",2
"144100",1
"144108",2
"144110",3
"144124",1
"144132",4
"144165",4
"144193",1
"1442",1
"144233",1
"144348",4
"144360",1
"144363",1
"1444",5
"144402",3
"144404",2
"144406",3
"144423",1
"144453",3
"144455",2
"144481",1
"144486",1
"1445",1
"144501",1
"144535",1
"144568",2
"144571",1
"144577",3
"1446",1
"144608",2
"144699",3
"1447",1
"144715",2
"144717",1
"144742",1
"144766",1
"144776",1
"1448",1
"144809",1
"144811",3
"144817",1
"144920",1
"145173",2
"1452",13
"145226",1
"145258",1
"145264",1
"145270",1
"145282",4
"1453",3
"145376",1
"145389",1
"1454",2
"145407",1
"145438",1
"145474",1
"145482",1
"145483",2
"145497",2
"1455",2
"145501",1
"145508",5
"145567",1
"145581",1
"1456",3
"145645",1
"145678",1
"145694",1
"1457",4
"145741",1
"145748",1
"145773",2
"145788",1
"145820",1
"145837",2
"145845",1
"145853",1
"145858",1
"145864",1
"145873",2
"1459",2
"145942",3
"145945",1
"145946",1
"145957",1
"145978",1
"146",2
"1460",1
"146050",1
"146057",7
"146059",2
"146177",2
"146198",3
"1462",5
"146206",2
"146212",1
"146223",3
"146225",1
"146227",1
"146279",2
"1463",1
"146310",1
"146325",1
"146330",2
"146336",1
"146378",1
"146395",1
"1464",2
"146429",1
"146433",1
"146434",2
"146439",1
"146456",1
"1465",1
"146512",1
"146513",1
"146540",3
"146542",5
"146547",1
"146556",1
"146562",1
"1466",2
"146664",2
"146691",3
"146705",4
"146712",2
"146713",2
"146722",1
"146723",1
"146754",2
"146760",1
"146771",1
"146795",1
"1468",1
"146802",1
"146822",1
"146845",2
"146849",1
"146850",1
"146852",2
"146853",1
"146857",2
"146861",1
"146862",1
"146880",2
"146894",4
"1469",1
"146909",1
"146923",2
"146956",2
"147",1
"1470",1
"147004",1
"147011",2
"147015",1
"147040",1
"1471",3
"147111",1
"147138",3
"147172",1
"147179",4
"147183",1
"147184",1
"1472",1
"147276",1
"1473",1
"147323",1
"147339",4
"147372",3
"147381",1
"1474",2
"147409",1
"147429",2
"147463",2
"147495",1
"1475",1
"147525",1
"1476",2
"147645",1
"147646",1
"147650",2
"147657",1
"147660",2
"147664",1
"147670",1
"147685",1
"147686",1
"147687",1
"147694",3
"147699",2
"1477",2
"147700",3
"147719",2
"147727",1
"147741",1
"147744",1
"147746",1
"147791",1
"147798",1
"1478",2
"147807",1
"147808",1
"147837",1
"147841",2
"147872",1
"1479",3
"147906",2
"147912",2
"147920",1
"147923",2
"147929",1
"147945",1
"147947",2
"147948",1
"147949",2
"147965",1
"147968",1
"147991",1
"148",4
"148014",2
"148022",1
"148046",2
"148066",1
"148103",4
"148109",1
"148113",2
"148137",2
"148145",1
"148156",1
"148170",1
"148189",5
"1482",1
"148203",2
"148213",2
"148223",2
"148229",3
"148231",1
"148252",2
"148254",4
"148266",2
"148268",2
"148281",1
"148304",2
"148327",1
"148345",1
"148362",3
"148398",1
"148413",1
"148418",1
"148423",2
"148479",1
"148523",1
"148534",2
"148545",1
"148581",2
"1486",2
"148641",2
"148645",1
"148696",1
"1487",4
"148709",1
"148738",1
"148741",1
"148753",1
"148789",4
"1488",6
"148808",4
"148811",1
"148823",1
"148824",1
"148867",3
"148870",1
"148898",1
"1489",1
"148930",1
"148932",2
"148979",1
"1490",1
"149018",1
"149041",3
"149047",1
"149069",1
"149076",3
"149086",2
"149095",1
"1491",2
"149111",2
"149134",1
"149175",1
"149233",2
"149297",2
"1493",5
"149345",1
"149351",1
"149371",1
"149373",1
"149420",1
"149428",1
"149461",3
"149465",1
"149466",1
"149473",1
"149478",2
"149483",1
"149499",1
"1495",5
"149563",1
"1496",1
"149603",5
"149620",1
"149628",2
"149643",1
"149647",3
"149650",1
"149685",2
"149699",2
"1497",3
"149703",1
"149708",1
"149773",3
"149775",1
"149830",1
"149837",1
"149840",4
"1499",3
"149951",2
"149954",1
"149986",5
"149992",1
"149998",1
"15",1
"150",1
"150000",4
"150005",2
"150051",1
"150082",1
"150084",1
"150094",2
"1501",3
"150135",1
"150142",1
"150147",1
"150160",1
"150185",1
"150197",1
"150209",1
"150223",1
"150244",1
"150248",2
"150274",1
"150275",2
"150280",2
"150290",2
"150291",1
"150297",2
"1503",1
"150350",2
"150353",1
"150356",1
"150365",3
"150368",1
"150372",2
"150379",1
"150381",1
"150383",1
"150384",1
"150465",4
"150468",1
"150538",2
"150568",1
"150572",2
"150577",1
"150590",1
"150596",2
"1506",1
"150622",3
"150677",1
"150678",2
"150684",1
"150696",5
"150709",2
"150737",2
"150759",3
"150763",1
"150771",1
"1508",5
"150864",3
"1509",1
"150946",2
"150962",3
"150967",1
"150992",1
"151",1
"1510",1
"151011",2
"151050",5
"151056",2
"1511",1
"151112",1
"151121",1
"151126",3
"151171",1
"151174",1
"151176",1
"151188",3
"151194",3
"151195",2
"1512",1
"151230",1
"151242",2
"151246",2
"151254",6
"151258",1
"151278",1
"151295",2
"1513",1
"151300",2
"151306",1
"151354",5
"151393",3
"1514",1
"151473",1
"151477",1
"151484",1
"1515",1
"151516",1
"151525",1
"151531",2
"151534",1
"151556",3
"151613",3
"151636",1
"151647",1
"151648",2
"151649",1
"151651",2
"151657",1
"151658",1
"151742",6
"151760",2
"151790",2
"1518",1
"151827",2
"151835",1
"151871",1
"151877",1
"151887",3
"151888",1
"1519",1
"151903",1
"151963",1
"151987",3
"152",1
"1520",3
"152002",1
"152006",2
"152007",2
"152015",1
"152024",1
"152048",1
"152065",1
"152078",2
"152098",1
"1521",1
"152100",1
"152110",1
"152118",1
"152137",5
"152185",2
"152189",1
"152195",2
"1522",2
"152206",4
"152217",1
"152225",1
"152273",2
"152274",1
"1523",5
"152302",1
"152330",2
"1524",2
"152404",1
"152405",1
"152485",5
"1525",4
"152503",2
"152518",1
"152559",2
"152573",1
"152578",1
"152579",2
"152586",1
"152641",1
"152687",2
"1527",1
"152742",1
"152756",2
"152789",1
"1528",4
"152815",4
"152816",1
"152831",2
"152877",2
"152926",5
"152940",1
"152992",3
"153",3
"153020",2
"153090",3
"153129",2
"153163",2
"153218",1
"153222",5
"153241",2
"153328",2
"153339",2
"153364",2
"153396",4
"1534",5
"153443",1
"153469",1
"153478",2
"1535",2
"153527",1
"153546",1
"153562",2
"153572",2
"153577",1
"153579",5
"1536",4
"153642",3
"153643",1
"153657",2
"153682",1
"153684",1
"1537",1
"153733",1
"153745",3
"153768",2
"153769",4
"153770",1
"1538",3
"153830",3
"1539",1
"153910",1
"153918",1
"154",1
"1540",7
"154007",2
"154043",4
"154075",2
"154089",2
"154091",2
"154092",1
"154141",1
"154150",1
"154197",1
"154214",3
"154215",2
"154288",1
"1543",1
"154313",1
"154386",1
"1544",2
"154442",1
"154467",1
"1545",4
"154661",2
"154664",3
"154743",1
"154754",1
"154761",1
"154790",1
"154791",1
"154796",1
"1548",4
"154807",2
"154810",4
"154822",5
"154865",1
"154872",1
"1549",1
"155",2
"1550",2
"155006",2
"155038",2
"155051",1
"155054",2
"155060",1
"155061",2
"155066",1
"155185",2
"1553",1
"155368",1
"155382",1
"155400",2
"155435",7
"155465",1
"1555",2
"1556",1
"1557",1
"1558",2
"1559",7
"156",3
"1562",2
"1565",2
"157",3
"1571",3
"1572",1
"157273",1
"157285",1
"1573",1
"157310",1
"157313",2
"157378",2
"157381",2
"157506",4
"157556",2
"157562",1
"157567",1
"157570",4
"157574",1
"1576",5
"157638",2
"157657",1
"157680",4
"157695",3
"157697",9
"1577",4
"157724",1
"157739",3
"157740",1
"157753",3
"157769",2
"157773",1
"157777",2
"157807",1
"157848",2
"157855",1
"157860",1
"157869",3
"1579",2
"157922",7
"157927",1
"157931",1
"157983",2
"158",2
"1580",2
"158035",4
"158038",1
"158046",1
"158055",1
"158056",1
"158062",1
"158067",2
"1581",1
"158131",2
"158135",3
"158158",5
"158160",1
"1582",1
"158219",3
"158228",2
"158234",2
"158248",1
"158257",1
"158263",1
"158293",4
"158295",1
"158297",1
"1583",1
"158314",3
"158326",2
"158358",4
"158376",1
"158381",2
"158399",3
"1584",2
"158401",2
"158402",3
"158405",2
"158427",1
"158431",1
"158434",1
"158471",3
"1585",1
"158506",1
"158521",1
"158572",1
"158584",1
"158586",2
"1586",2
"158696",1
"1587",1
"158724",1
"158747",2
"158763",1
"158787",2
"158798",3
"1588",7
"158800",1
"158801",1
"158809",1
"158830",1
"158833",1
"158866",1
"158880",2
"158960",1
"159",2
"159013",2
"159090",3
"159091",4
"1591",1
"159195",1
"1592",1
"159296",1
"1593",1
"159371",3
"1594",1
"159686",2
"159963",3
"159989",4
"16",1
"160",4
"1600",2
"160065",2
"1601",1
"160140",1
"1602",3
"160287",1
"160298",1
"1603",1
"160313",1
"160335",2
"160364",3
"160365",2
"1604",3
"160418",3
"160419",1
"160428",3
"160492",1
"1605",2
"160518",5
"1606",2
"160622",1
"1607",2
"160728",1
"160760",3
"160762",1
"160777",1
"1608",2
"160824",1
"160851",5
"160857",1
"160897",6
"1609",2
"161",4
"1610",1
"161003",1
"1611",1
"161142",1
"161145",3
"161176",1
"161198",1
"1612",2
"161247",1
"161253",1
"161291",2
"1613",1
"161357",2
"161394",3
"161424",2
"161436",2
"1615",2
"161502",1
"161514",1
"161582",1
"1616",2
"161635",1
"161725",3
"161742",3
"161753",1
"161779",1
"1618",1
"161823",3
"161829",1
"161835",1
"161882",2
"161931",1
"162",1
"1620",2
"162073",6
"162083",1
"1621",2
"162137",1
"1622",3
"162239",3
"162282",3
"162333",2
"162387",1
"162394",6
"162417",1
"162427",1
"162461",2
"162466",1
"162494",4
"162514",2
"162515",2
"162517",1
"162540",1
"162655",3
"162681",5
"1627",2
"1628",2
"1629",6
"162962",2
"162963",1
"162966",1
"162967",2
"162968",1
"162972",2
"162979",1
"162989",1
"162998",1
"163",2
"1630",3
"163033",1
"163049",3
"163050",1
"163051",5
"163071",2
"163081",4
"163087",1
"163115",2
"163126",1
"163131",4
"163154",2
"163175",2
"163183",1
"1632",1
"163227",1
"163255",2
"163259",2
"1633",1
"163351",2
"1634",7
"163404",2
"163479",1
"163486",6
"1635",3
"163589",1
"163590",8
"1636",2
"163688",1
"163702",2
"163720",1
"163732",1
"163742",1
"163747",1
"163778",1
"163782",1
"163786",1
"1638",4
"163859",2
"163882",4
"1639",1
"163933",1
"164",3
"164045",2
"164091",1
"1641",2
"164127",1
"164153",1
"1642",1
"164237",1
"164284",1
"1643",1
"164312",2
"164380",1
"164395",3
"1644",2
"1645",5
"164592",1
"164633",2
"164656",3
"164684",1
"1647",1
"164781",1
"164832",2
"1649",1
"165",1
"1650",2
"165055",2
"165082",2
"165100",1
"165140",1
"165186",1
"165215",3
"1653",1
"165324",2
"1654",6
"1655",1
"165530",1
"165545",1
"1656",3
"165631",2
"165679",1
"1657",2
"165721",1
"165829",2
"1659",3
"165904",1
"165918",2
"166",1
"1660",3
"166012",2
"1662",2
"1663",4
"166336",1
"166348",1
"166378",3
"166379",1
"1665",2
"1666",1
"166614",3
"166647",3
"166752",1
"166785",5
"166793",1
"166815",1
"166824",3
"166863",2
"1669",1
"166929",3
"166968",5
"166979",5
"167",2
"1670",1
"1671",1
"167153",3
"1672",1
"167227",4
"167359",1
"1674",2
"167410",2
"167465",1
"1675",1
"1676",3
"167681",1
"167691",3
"1677",1
"1678",2
"167826",1
"167838",1
"168002",1
"168090",2
"168374",3
"168391",1
"168400",1
"168433",1
"168448",1
"168451",2
"168455",4
"168507",2
"168537",1
"168544",2
"168667",1
"1687",1
"168741",2
"168850",2
"168975",2
"1690",3
"169026",2
"169044",3
"169166",1
"169200",3
"169270",1
"169355",1
"169436",2
"169522",1
"169611",1
"169693",1
"169714",2
"169792",2
"169834",1
"169841",3
"169966",1
"169981",4
"170062",1
"170063",1
"170082",3
"170261",1
"170302",2
"170370",1
"170371",2
"170384",2
"170392",1
"170393",1
"170394",3
"170425",1
"170463",3
"170482",2
"170487",1
"170506",4
"170572",1
"170575",5
"170589",1
"170591",1
"170622",2
"170626",1
"170679",1
"170680",1
"170685",2
"170689",2
"170690",1
"170691",3
"170692",2
"170712",1
"170825",1
"170850",2
"170954",1
"170959",3
"170960",2
"170961",3
"171017",2
"171019",2
"171023",6
"171024",7
"171169",1
"171177",1
"171220",1
"171389",1
"171391",1
"171392",1
"171425",3
"171482",1
"171483",2
"171484",1
"171546",2
"171558",3
"171568",3
"171586",1
"1716",3
"1717",2
"1718",1
"1719",4
"172",3
"1720",1
"1723",3
"1725",3
"1727",2
"1728",3
"1729",4
"173",1
"1730",3
"1731",1
"1733",1
"1734",5
"1735",1
"1737",3
"1738",2
"1739",7
"174",1
"1740",2
"1741",4
"1742",2
"1743",1
"1745",2
"1746",2
"1747",1
"1748",2
"1749",1
"175",3
"1750",3
"1755",1
"1756",4
"1757",6
"1758",2
"1759",1
"176",4
"1760",2
"1761",1
"1762",3
"1763",1
"1767",2
"1768",8
"1769",1
"177",2
"1770",3
"1773",7
"1774",1
"1775",1
"1776",2
"1777",2
"1778",7
"178",1
"1780",2
"1781",3
"1783",4
"1785",3
"1786",1
"1787",3
"1788",3
"1789",1
"1791",3
"1793",5
"1794",2
"1795",1
"1796",2
"1797",3
"1798",1
"18",3
"1800",1
"1802",1
"1803",3
"1804",3
"1805",3
"1806",3
"1807",1
"1808",1
"1809",3
"181",1
"1810",8
"1811",2
"1812",1
"1813",4
"1814",2
"1815",1
"1816",1
"1819",2
"182",5
"1820",2
"1821",3
"1822",4
"1823",1
"1824",4
"1825",3
"1826",3
"1827",3
"1828",1
"1829",2
"183",1
"1830",2
"1831",3
"1832",1
"1833",1
"1834",1
"1836",3
"1837",8
"1838",2
"1839",4
"1840",1
"1841",5
"1842",2
"1843",3
"1844",1
"1845",3
"1846",3
"1847",1
"1848",3
"1849",2
"185",2
"1852",1
"1854",3
"1855",1
"1856",2
"1857",2
"1859",5
"186",3
"1861",3
"1869",2
"187",1
"1870",3
"1871",2
"1874",2
"1875",1
"1876",1
"1877",1
"1879",4
"1880",1
"1889",2
"189",3
"1890",2
"1891",1
"1892",1
"1893",1
"1894",3
"1896",6
"19",4
"190",2
"1901",1
"1902",3
"1903",2
"1906",3
"1907",1
"1908",2
"1909",3
"191",1
"1910",3
"1911",2
"1912",2
"1915",6
"191585",3
"1917",1
"192111",2
"192134",2
"192286",2
"192666",1
"192668",1
"192669",4
"192670",4
"192683",3
"1936",4
"193629",1
"1938",2
"1939",1
"1942",1
"1943",3
"1944",1
"1945",1
"1946",4
"1947",1
"1948",2
"1949",2
"1950",1
"1951",2
"1952",2
"1953",2
"1954",2
"1955",2
"1956",9
"1958",3
"195814",1
"195827",1
"195828",1
"1959",1
"196",1
"1960",1
"196047",2
"196051",1
"196074",7
"1961",3
"1962",1
"196264",3
"196294",2
"196374",2
"196383",1
"196385",3
"196394",1
"1964",4
"196403",5
"196410",1
"196415",1
"196441",2
"196446",1
"196463",2
"196472",1
"196475",3
"196477",1
"196483",1
"1965",3
"196500",2
"196513",1
"196527",2
"196528",3
"196541",1
"1967",1
"196740",6
"196743",4
"196792",1
"1968",3
"196872",1
"196883",1
"1969",1
"196913",1
"196951",2
"196968",1
"196993",1
"196996",1
"197",2
"197003",1
"197021",1
"197131",2
"197135",1
"197187",2
"197196",1
"197257",1
"197258",1
"197259",1
"197320",1
"197322",3
"197335",3
"197342",3
"197350",1
"197358",1
"197370",1
"1974",1
"197407",1
"1975",3
"1977",5
"1978",1
"1979",5
"1981",2
"1982",3
"1983",5
"1984",3
"198437",1
"199",4
"1990",1
"1991",1
"1992",4
"199221",1
"199223",2
"1993",2
"1994",4
"1995",3
"1996",4
"199675",1
"199692",2
"199699",1
"1997",2
"199704",4
"199713",1
"199720",2
"199731",5
"199745",1
"199746",1
"199777",3
"199786",3
"1998",3
"199800",1
"199857",2
"199870",2
"199899",1
"1999",3
"199920",2
"199953",2
"199964",1
"199974",1
"199990",9
"2",2
"20",3
"2000",2
"200010",2
"200014",2
"200035",2
"200081",2
"2001",2
"200132",1
"200150",2
"200159",1
"200162",1
"200172",2
"200185",2
"200186",1
"200197",2
"2002",3
"200205",4
"200261",1
"200298",1
"2003",1
"200312",1
"200316",2
"200373",4
"2004",2
"200403",5
"200407",2
"200420",1
"200424",3
"2005",6
"200504",1
"200523",1
"200539",1
"200558",2
"200576",3
"2006",2
"200609",1
"200634",1
"200728",1
"200734",3
"200765",1
"200772",1
"200830",1
"200844",1
"200845",2
"200879",2
"200894",1
"200895",2
"2009",2
"200916",1
"200931",1
"200933",3
"200942",1
"200958",4
"200959",1
"2010",1
"2011",2
"201134",3
"201140",1
"201158",1
"201161",3
"201163",4
"201164",1
"201176",5
"201181",1
"201191",5
"2012",6
"201229",2
"201243",1
"201254",1
"201255",1
"201266",1
"201283",1
"201292",2
"201294",3
"201299",1
"2013",4
"201305",1
"2014",1
"201456",1
"201475",3
"201477",1
"2015",1
"201501",2
"201514",1
"201516",2
"201562",2
"201595",1
"2016",1
"201617",1
"201625",2
"201626",4
"201627",1
"201633",1
"201651",1
"2017",5
"201725",2
"201780",1
"201798",3
"201799",1
"2018",1
"201895",5
"2019",1
"201931",1
"201965",1
"201973",1
"202",1
"2020",1
"202018",6
"202020",1
"202025",1
"202051",2
"202052",3
"2021",1
"202151",1
"202181",2
"2022",2
"202243",2
"202299",1
"2023",4
"202309",1
"202333",2
"202374",4
"202459",1
"202500",1
"202559",1
"2026",1
"2027",2
"202781",1
"2028",2
"202865",1
"2029",5
"202915",2
"203",2
"2030",2
"203054",1
"203062",3
"203068",3
"203069",2
"203074",1
"203076",2
"203100",1
"203102",1
"203111",2
"203190",1
"203197",1
"203228",3
"203238",7
"203245",2
"203259",1
"203260",1
"203274",3
"203286",4
"2033",2
"203328",2
"2034",2
"203413",1
"203414",1
"203427",1
"203430",1
"203447",2
"2035",4
"203522",1
"203523",2
"203547",3
"203562",1
"2036",3
"2037",3
"2038",1
"203859",1
"2039",1
"204",6
"2040",3
"2041",3
"2042",3
"204219",2
"2043",5
"2044",3
"204474",1
"2045",4
"2046",2
"2047",3
"2048",4
"204801",1
"204851",4
"2049",2
"204962",4
"2050",2
"2051",1
"205147",3
"2052",1
"205251",1
"2053",1
"205327",2
"2054",2
"205428",3
"2055",5
"205564",3
"2056",2
"2057",5
"205717",5
"2058",3
"205860",1
"2059",1
"2060",2
"2063",3
"206338",1
"206358",2
"2064",3
"206412",2
"2065",5
"2066",4
"2067",3
"2068",2
"2069",2
"207",1
"2070",3
"207063",2
"2071",1
"207107",1
"207147",1
"2072",2
"2073",1
"2074",2
"2077",2
"2078",4
"2079",1
"208",6
"2081",3
"2086",1
"2091",1
"2098",4
"2099",9
"21",1
"210",2
"2100",6
"2101",2
"2103",3
"2104",2
"2107",2
"2108",1
"2109",1
"211",1
"2110",2
"2113",3
"2114",3
"2115",5
"2116",1
"2117",3
"2118",2
"2119",5
"212",2
"2120",4
"2121",3
"2122",5
"2123",1
"2124",1
"2125",1
"2128",2
"213",4
"2130",4
"2131",3
"2132",2
"2134",1
"2135",1
"2137",2
"2138",1
"2139",1
"214",3
"2140",4
"2145",5
"2146",1
"2147",1
"2149",2
"215",1
"2150",2
"2151",2
"2152",1
"2153",3
"2155",2
"2157",1
"2158",1
"2159",1
"216",1
"2160",4
"2161",2
"2162",1
"2165",1
"2166",1
"2167",2
"2168",2
"2169",1
"217",1
"2170",2
"2171",1
"2172",3
"2173",3
"2175",4
"2176",3
"2177",4
"2178",1
"218",1
"2180",2
"2181",3
"2182",3
"2184",2
"2185",2
"2186",5
"2187",4
"2188",2
"2189",1
"219",2
"2191",1
"2192",5
"219285",3
"219287",3
"219293",1
"2193",2
"219333",2
"219347",1
"219348",2
"2194",2
"219402",2
"219409",2
"2195",1
"219525",2
"219527",1
"219537",1
"219539",1
"219541",2
"219557",1
"219578",1
"219595",1
"2196",1
"219621",1
"219623",1
"219654",2
"219670",1
"219681",1
"219688",1
"219690",1
"219699",3
"2197",1
"219731",2
"219736",2
"219738",1
"219743",4
"219749",2
"219770",1
"219771",5
"219790",2
"219793",1
"219833",1
"219844",1
"219854",3
"219855",1
"219899",3
"2199",1
"219902",3
"219927",1
"219931",5
"219938",2
"219970",1
"219972",2
"219988",5
"219990",1
"219995",1
"22",1
"220",2
"2200",3
"220001",1
"220002",1
"220004",1
"220042",1
"220047",1
"220064",2
"220070",1
"220074",2
"220077",2
"220082",2
"2201",3
"220107",1
"220108",5
"220134",1
"220136",2
"220164",3
"2202",3
"220202",2
"220213",3
"2203",1
"220323",2
"220359",1
"220382",3
"220388",1
"2204",5
"220416",1
"220441",2
"2205",2
"220594",2
"2206",2
"2207",2
"2208",2
"2209",1
"220906",1
"220929",2
"220930",1
"220963",1
"220965",2
"220972",3
"220979",1
"220980",1
"220988",3
"220992",1
"221",3
"2210",1
"221002",2
"221035",2
"221037",6
"221044",1
"221061",1
"221074",1
"221078",3
"221079",2
"221091",1
"221092",2
"221120",1
"221122",2
"221143",1
"221150",1
"221154",1
"221178",4
"221184",1
"221188",2
"221191",1
"2212",2
"221223",1
"221241",1
"221264",3
"221272",1
"221294",4
"2213",1
"221301",1
"221302",1
"221303",1
"221322",2
"221336",2
"221391",2
"221393",2
"221395",2
"221400",1
"221409",1
"221416",2
"221421",1
"221424",1
"221438",1
"221442",2
"221443",2
"221458",5
"221468",1
"221472",7
"221476",1
"221477",5
"221481",1
"221491",1
"221496",1
"2215",1
"221504",1
"221527",1
"221545",2
"221584",1
"221656",2
"221662",1
"221687",1
"221692",3
"2217",1
"221710",3
"221711",1
"221718",2
"221749",2
"221756",1
"221785",2
"221786",2
"2218",1
"221806",2
"221814",1
"221823",1
"221830",2
"221833",2
"221883",2
"221895",2
"2219",1
"221908",1
"221914",1
"221927",1
"221935",2
"221937",4
"221938",2
"221946",1
"221955",4
"221960",1
"221981",4
"222",2
"2220",3
"222008",3
"222029",1
"222068",5
"222161",1
"222166",2
"222171",1
"222183",3
"222194",4
"2222",3
"222223",2
"222234",2
"222235",2
"222236",5
"222255",4
"222256",2
"222389",3
"2224",1
"222484",1
"222487",2
"222537",1
"222545",1
"222546",1
"222553",1
"222584",2
"222611",1
"222642",1
"222643",1
"222658",3
"222659",1
"222662",1
"222663",4
"222696",2
"222698",2
"222826",2
"222865",1
"222894",1
"222950",1
"222962",2
"223",1
"2230",3
"223075",2
"223082",2
"223117",2
"2232",1
"2235",3
"2237",2
"2239",2
"224",3
"2241",3
"2242",1
"2243",3
"2244",2
"2245",1
"2246",3
"2247",2
"2248",1
"2249",2
"225",1
"2250",3
"2251",1
"2252",3
"2253",1
"2254",2
"2255",1
"2256",2
"225689",2
"2257",3
"2258",1
"2259",5
"226",3
"2260",7
"2261",2
"2262",1
"2263",11
"2264",4
"2266",1
"2267",1
"2268",1
"2271",3
"2272",1
"2273",5
"2274",1
"2275",1
"22795",1
"22796",2
"22797",3
"22798",3
"228",1
"22800",3
"22801",3
"22802",1
"22803",2
"22806",3
"22807",3
"22808",2
"22809",4
"2281",1
"22818",2
"22820",1
"22821",3
"22822",6
"22823",5
"22824",2
"22826",3
"22827",1
"22828",1
"22829",2
"22832",2
"22834",4
"22835",1
"22836",6
"22837",5
"22838",1
"22839",5
"22841",2
"22843",2
"22844",1
"22845",1
"22846",5
"22847",3
"22848",7
"22849",4
"22850",2
"22852",2
"22853",3
"22854",2
"22856",1
"22858",2
"22859",3
"2286",1
"22861",5
"22862",4
"22863",1
"22864",1
"22865",1
"22866",3
"22868",3
"22869",1
"2287",2
"22870",1
"22871",2
"22872",2
"22873",2
"22874",2
"22875",2
"22876",3
"22877",4
"22878",1
"22879",3
"2288",4
"22880",3
"22881",2
"22882",2
"22883",1
"22884",3
"22885",1
"22887",2
"22888",2
"22889",2
"2289",3
"22890",3
"22891",2
"22893",1
"22894",5
"22895",1
"22897",3
"22898",2
"22899",2
"229",9
"2290",2
"22900",4
"22901",2
"22902",7
"22903",1
"22904",2
"22906",5
"22907",6
"22908",1
"22909",3
"22911",1
"22913",1
"22915",1
"22916",2
"22917",1
"22918",2
"22919",2
"22920",1
"22921",3
"22924",4
"22925",4
"22926",4
"22927",4
"22928",1
"22929",3
"22930",4
"22931",6
"22932",1
"22933",2
"22934",1
"22936",4
"22937",1
"22938",2
"2294",1
"22941",6
"22943",1
"22944",3
"22948",2
"22949",3
"2295",1
"22950",2
"22953",4
"22954",2
"22955",1
"2296",2
"2297",1
"22973",1
"22974",1
"22976",1
"22977",2
"22978",1
"22979",3
"22980",3
"22981",1
"22982",3
"22983",1
"22984",2
"22985",1
"22986",1
"22987",2
"22989",1
"2299",1
"22990",7
"22992",3
"22993",2
"22994",1
"22995",5
"22996",3
"22997",2
"22998",4
"22999",3
"23",1
"230",1
"2300",2
"23001",4
"23002",5
"23005",2
"23007",3
"23008",5
"2301",1
"23011",4
"23012",2
"23013",4
"23014",3
"23015",2
"23016",2
"23017",2
"23019",3
"2302",1
"23020",1
"23022",4
"23023",7
"23024",2
"23025",2
"23026",2
"23028",1
"23029",1
"2303",2
"23030",7
"23031",1
"23032",3
"23033",4
"23034",4
"23035",2
"23036",3
"23037",3
"23038",3
"23039",3
"2304",2
"23040",4
"23041",3
"23042",5
"23043",4
"23046",1
"23047",6
"23048",4
"2305",1
"23051",2
"23052",2
"23053",2
"23054",2
"23057",4
"23059",3
"2306",1
"23060",3
"23061",4
"23062",8
"23063",4
"23064",3
"23065",5
"23066",2
"23067",1
"2307",1
"23070",1
"23071",3
"23072",3
"23074",4
"23075",3
"23076",2
"23077",3
"23078",2
"2308",3
"23080",6
"23081",4
"23082",1
"23085",6
"23086",3
"23087",1
"23089",2
"2309",4
"23090",1
"23091",3
"23092",4
"23093",7
"23094",4
"23095",4
"23096",3
"23097",4
"23098",3
"23099",5
"231",1
"23101",1
"23102",3
"23105",3
"23107",2
"23108",1
"23109",1
"23111",4
"23112",7
"23113",2
"23114",4
"23116",1
"23118",2
"23119",4
"2312",1
"23120",2
"23122",6
"23125",1
"23126",2
"23127",2
"23129",3
"2313",4
"23130",1
"23131",2
"23132",3
"23133",3
"23135",5
"23136",3
"23137",3
"23138",1
"23139",4
"2314",3
"23140",3
"23141",3
"23142",3
"23143",3
"23144",2
"23145",1
"23148",1
"23149",1
"2315",2
"23150",3
"23151",2
"23152",1
"23154",3
"23155",3
"23157",5
"23158",2
"2316",3
"23160",1
"23161",5
"23162",5
"23163",2
"23164",6
"23165",2
"23166",4
"23167",2
"23168",3
"23169",3
"2317",2
"23170",2
"23171",1
"23172",2
"23173",1
"23174",3
"23175",3
"23176",3
"23177",5
"23178",3
"23179",1
"2318",1
"23180",2
"23181",8
"23184",3
"23185",6
"23186",2
"23187",1
"23189",3
"2319",2
"23190",4
"23191",1
"23192",3
"23193",2
"23194",1
"23195",3
"23196",9
"23197",2
"23198",3
"23199",3
"23200",6
"23201",2
"23203",1
"23204",1
"23205",2
"23207",1
"23208",3
"23209",1
"2321",6
"23210",4
"23211",2
"23212",1
"23213",3
"23214",2
"23215",6
"23216",5
"23217",2
"23218",2
"23219",5
"2322",1
"23220",1
"23221",2
"23223",5
"23224",5
"23225",5
"23228",3
"23229",2
"2323",2
"23230",6
"23231",4
"23232",2
"23233",2
"23234",3
"23235",4
"23236",3
"23237",1
"23239",2
"2324",3
"23240",1
"23241",4
"23242",2
"23243",4
"23244",4
"23245",3
"23247",1
"23248",3
"23250",6
"23251",1
"23252",1
"23253",4
"23254",4
"23255",1
"23256",2
"23258",1
"23259",1
"2326",1
"23261",6
"23262",1
"23263",8
"23264",5
"23265",5
"23268",1
"23269",3
"2327",2
"23270",1
"23271",3
"23272",3
"23274",2
"23275",4
"23276",3
"23277",1
"23279",3
"2328",2
"23281",3
"23283",2
"23284",4
"23285",2
"23286",7
"23287",2
"23288",2
"2329",1
"23291",2
"23293",2
"23294",1
"23295",1
"23299",4
"2330",3
"23300",3
"23301",2
"23303",1
"23304",4
"23305",5
"23306",2
"23307",6
"23308",5
"23309",3
"2331",1
"23310",1
"23312",2
"23313",3
"23314",2
"23315",1
"23316",2
"23317",3
"23318",2
"2332",2
"23321",6
"23322",2
"23324",1
"23325",3
"23326",4
"23327",4
"23328",3
"23329",3
"23331",3
"23332",2
"23333",5
"23334",4
"23335",2
"23336",1
"23338",3
"23339",1
"2334",3
"23341",3
"23344",1
"23345",5
"23347",6
"23348",5
"23349",2
"2335",7
"23350",5
"23351",2
"23352",5
"23353",4
"23354",3
"23355",3
"23357",3
"23358",3
"23359",1
"23360",4
"23361",1
"23362",3
"23363",7
"23365",13
"23366",1
"23367",4
"23368",1
"23369",3
"23370",1
"23371",1
"23373",2
"23376",3
"23378",3
"23379",1
"23380",2
"23381",2
"23382",2
"23383",5
"23384",1
"23385",2
"23386",3
"23387",6
"23389",5
"2339",3
"23390",2
"23392",4
"23394",2
"23395",2
"23396",1
"23397",1
"23398",2
"23399",1
"23400",1
"23401",1
"23403",1
"23404",3
"23405",6
"23406",3
"23408",6
"23409",2
"23410",3
"23411",1
"23412",1
"23413",5
"23414",1
"23415",1
"23416",1
"23417",2
"23418",2
"2342",1
"23421",1
"23423",4
"23424",1
"23426",2
"23428",5
"23429",4
"23430",1
"23431",4
"23432",6
"23433",6
"23434",1
"23435",2
"23436",1
"23438",1
"23439",2
"23440",2
"23443",3
"23446",6
"23450",2
"23451",5
"23452",3
"23456",1
"23457",3
"2346",1
"23460",1
"23461",2
"23462",2
"23463",3
"23464",2
"23466",2
"23467",2
"23468",6
"23469",5
"23471",3
"23473",2
"23474",1
"23475",1
"23476",7
"23478",2
"23479",1
"2348",1
"23480",1
"23481",2
"23483",2
"23484",2
"23491",2
"23492",1
"23493",2
"23495",1
"23498",1
"23499",8
"2350",2
"23500",1
"23503",2
"23504",3
"23505",2
"23506",2
"23507",3
"23508",2
"23509",2
"23510",2
"23511",3
"23512",3
"23513",1
"23514",4
"23515",1
"23516",3
"23517",3
"23518",2
"23519",1
"2352",1
"23520",1
"23522",5
"23523",2
"23524",4
"23526",2
"23527",3
"23528",3
"23529",1
"2353",1
"23530",4
"23531",2
"23532",1
"23533",3
"23534",3
"23536",1
"23538",1
"23539",1
"2354",1
"23541",3
"23542",2
"23543",4
"23544",6
"23545",5
"23546",1
"23547",1
"23548",2
"23549",3
"2355",5
"23550",3
"23551",1
"23552",1
"23553",1
"23554",3
"23555",1
"23556",2
"23557",1
"23558",1
"2356",1
"23560",3
"23562",1
"23563",2
"23564",3
"23566",2
"23567",3
"23568",1
"23569",3
"2357",2
"23576",4
"2358",2
"23580",3
"23581",1
"23582",1
"23583",3
"23584",2
"23585",2
"23586",3
"23587",2
"23588",1
"23589",4
"2359",2
"23590",2
"23591",1
"23592",1
"23593",2
"23594",1
"23595",1
"23596",2
"23597",1
"23598",6
"23600",3
"23601",1
"23603",2
"23604",2
"23607",2
"23608",2
"23609",3
"23612",1
"23613",5
"23614",1
"23615",1
"23616",1
"23617",2
"23620",1
"23621",4
"23623",1
"23624",2
"23625",2
"23626",1
"23627",2
"23629",2
"23630",1
"23632",1
"23633",4
"23635",6
"23636",3
"23637",3
"23639",2
"23640",1
"23641",1
"23643",1
"23644",1
"23645",2
"23646",1
"23647",1
"23648",3
"23649",3
"23650",3
"23654",2
"23657",3
"23658",3
"23659",1
"23660",2
"23670",1
"23671",3
"23673",2
"23676",1
"23677",2
"23682",1
"23683",5
"23704",3
"23705",5
"23708",1
"23710",2
"23729",1
"23731",5
"23732",3
"23741",3
"23742",1
"23743",3
"23746",2
"23753",1
"23759",6
"23760",1
"23762",3
"23764",2
"23765",4
"23766",1
"23767",2
"23769",1
"23770",3
"23774",2
"23780",2
"23786",5
"23787",1
"23788",2
"238",2
"239",1
"2395",2
"24",2
"240",4
"241",1
"24137",1
"24138",2
"24139",4
"24140",2
"24141",1
"24142",1
"24144",2
"24145",4
"24146",2
"24147",1
"24148",2
"24149",2
"242",1
"243469",1
"2444",2
"245",1
"245711",1
"245802",1
"245806",1
"245812",2
"245911",1
"245928",1
"245932",2
"245934",1
"245935",1
"245936",1
"245937",2
"245938",1
"245972",3
"245973",2
"246",1
"246119",1
"246122",1
"246126",5
"246175",5
"246176",1
"246184",1
"246213",1
"246243",3
"246269",2
"246312",2
"246318",1
"246329",1
"246330",1
"246704",1
"246705",1
"246721",1
"246734",1
"246744",1
"246777",1
"246778",1
"247",2
"2475",2
"248",2
"2487",4
"2488",1
"249",2
"2491",4
"2492",1
"2494",4
"2495",2
"25",1
"250",1
"2509",1
"251",2
"2512",2
"2515",1
"2516",1
"2517",2
"2519",1
"2520",1
"2521",6
"2523",1
"2524",2
"2525",2
"2526",2
"2527",1
"2528",7
"252839",2
"252884",5
"2529",2
"252969",1
"252983",4
"252995",3
"2530",2
"253012",1
"253017",1
"253018",1
"253039",4
"253044",1
"2531",4
"253128",1
"253143",4
"253152",1
"253190",2
"2532",1
"253260",4
"253264",1
"2533",5
"2534",3
"253430",2
"253461",5
"2535",2
"253512",4
"253558",1
"253559",5
"253573",1
"253635",2
"253639",1
"253650",2
"2537",1
"253724",2
"253738",3
"253769",5
"253782",4
"2538",2
"253805",1
"253827",5
"253832",2
"253868",2
"2539",1
"253943",2
"253959",5
"253962",1
"253970",1
"253980",2
"253982",2
"254013",5
"254028",1
"254042",4
"254048",5
"254050",3
"254057",1
"254065",3
"254099",1
"254100",1
"254102",4
"254122",2
"254128",2
"254158",1
"254170",2
"254173",3
"254187",1
"2542",2
"254225",1
"254228",2
"254240",1
"254251",3
"254263",1
"254268",3
"254272",1
"254295",1
"2543",1
"254312",1
"254359",3
"254394",3
"254427",2
"254428",1
"254439",1
"254531",5
"254559",2
"2547",2
"254773",1
"254778",3
"2548",1
"254827",1
"254863",1
"254887",1
"2549",7
"254956",1
"254958",1
"2550",2
"255022",1
"255025",1
"255027",2
"255031",5
"255043",1
"255057",4
"255082",5
"2551",2
"255101",3
"255104",2
"255119",1
"255130",1
"255167",1
"255177",1
"255189",1
"255193",1
"255220",1
"255231",2
"255252",2
"255275",1
"2553",2
"255330",1
"255374",1
"255394",7
"2554",2
"255403",2
"255411",1
"255426",1
"255480",4
"255488",4
"2555",3
"255512",1
"255520",4
"2556",1
"255626",1
"255631",1
"255654",1
"2557",2
"255738",1
"255743",2
"255758",1
"255762",1
"255783",1
"255798",1
"2558",3
"255877",4
"2559",1
"255919",1
"255926",2
"255928",1
"255967",1
"2560",2
"256006",1
"256021",1
"256051",1
"256076",2
"2561",3
"256126",1
"256130",2
"256158",4
"2562",5
"256223",1
"256227",1
"256236",2
"256281",2
"2563",2
"256302",2
"256309",1
"256329",1
"256356",3
"256364",3
"256369",3
"256380",5
"256435",1
"256471",3
"256472",1
"2565",2
"256536",1
"256586",1
"2566",2
"256643",1
"256646",2
"256691",1
"2567",2
"256710",1
"256714",1
"256764",4
"2568",1
"256815",3
"2569",1
"256933",1
"256949",1
"256957",1
"256979",1
"256987",1
"257",1
"2570",1
"257000",3
"257019",3
"257044",2
"257062",1
"257068",2
"2571",3
"257101",1
"257106",2
"257144",1
"257152",1
"257160",1
"257169",1
"257177",1
"257194",4
"2572",5
"257203",1
"257218",1
"257236",1
"257240",2
"257313",1
"257358",2
"257364",2
"257396",1
"257397",4
"257407",3
"2575",1
"25758",3
"25759",1
"257629",1
"25763",1
"25764",1
"25766",1
"25769",2
"25770",1
"25771",3
"25774",1
"25775",1
"25776",2
"25777",1
"25778",4
"25780",2
"25782",1
"25784",2
"25786",1
"25787",1
"25788",1
"25789",1
"25790",1
"25791",2
"25792",4
"25793",3
"25794",1
"25796",4
"25797",1
"25798",2
"25799",1
"258",1
"2580",2
"25800",4
"25801",1
"258010",4
"25802",2
"25803",5
"25804",3
"25805",1
"25806",1
"25807",2
"25809",1
"2581",2
"25813",4
"25814",2
"25816",3
"25817",3
"25818",1
"25819",2
"2582",3
"25820",6
"25821",5
"25822",2
"25823",1
"25824",2
"25825",3
"25827",1
"25828",2
"25829",1
"2583",2
"25830",1
"25831",6
"25833",2
"25834",1
"25836",5
"25837",2
"25839",1
"2584",2
"25840",4
"25841",2
"25842",2
"25843",1
"25844",1
"25845",1
"25847",2
"25849",2
"2585",3
"25850",2
"25851",3
"25852",6
"25853",1
"25854",3
"25855",1
"25858",1
"25859",3
"25861",2
"25862",7
"25865",3
"2587",1
"25870",1
"25871",2
"25873",1
"25874",2
"25875",1
"25876",1
"25878",1
"25879",4
"2588",2
"25880",1
"25884",1
"25885",2
"25886",2
"25888",2
"2589",4
"25890",3
"25891",1
"25893",2
"25894",1
"25895",1
"25896",3
"25897",2
"25898",4
"259",2
"2590",4
"25900",2
"25901",1
"25902",1
"25903",1
"25904",1
"25906",1
"25907",1
"25909",2
"2591",2
"25911",2
"25912",3
"25913",2
"25914",3
"25915",1
"25917",4
"259173",3
"259197",3
"2592",3
"25920",1
"25921",2
"259217",2
"25923",3
"259230",1
"259232",3
"259234",2
"259236",2
"259239",1
"25924",2
"259240",2
"259249",1
"25925",2
"25926",1
"259266",3
"25927",1
"25928",1
"259282",3
"259283",2
"259285",1
"259286",1
"259287",1
"25929",1
"259291",1
"259294",1
"259296",1
"2593",3
"25930",2
"259307",1
"259308",1
"25932",3
"25934",1
"25936",4
"25937",3
"25938",1
"25939",6
"25940",2
"25941",7
"25942",4
"25943",2
"25945",1
"25946",1
"25948",3
"25949",2
"2595",3
"25950",1
"25953",3
"25956",1
"25957",6
"25959",3
"2596",3
"25960",2
"25961",1
"25962",3
"25963",4
"25966",1
"2597",6
"25970",2
"25972",1
"25973",1
"25974",1
"25975",1
"25976",1
"25977",1
"25978",3
"25979",1
"25980",1
"25981",13
"25983",2
"25984",1
"25987",1
"25988",1
"25989",1
"25992",4
"25994",3
"25996",4
"25998",2
"25999",2
"26",1
"26000",1
"26001",1
"26002",3
"26003",3
"26005",4
"26007",2
"26009",2
"26010",4
"26011",1
"26012",1
"26013",6
"26015",1
"26017",1
"26018",4
"26019",1
"26020",3
"26022",1
"26027",4
"260293",1
"26030",4
"26031",2
"26032",1
"26033",3
"26034",1
"26035",1
"26036",5
"26037",3
"26038",2
"26039",1
"26040",2
"260425",3
"260429",2
"26043",2
"260434",1
"260436",1
"26045",1
"26046",3
"26047",4
"26048",3
"26049",2
"26050",2
"26051",3
"26052",3
"26053",3
"26054",3
"26056",1
"26057",2
"26058",4
"26059",1
"26060",2
"26061",1
"26062",1
"26063",1
"26064",1
"26065",3
"26070",2
"26071",1
"26073",2
"26074",3
"26077",1
"26080",1
"26082",3
"26083",1
"26084",3
"26085",3
"26086",2
"26088",5
"26090",3
"26091",6
"26092",5
"26093",1
"26094",2
"26095",1
"26097",3
"26098",3
"26099",4
"26100",5
"26102",2
"26103",1
"26108",3
"26112",2
"26115",3
"26118",5
"26119",2
"26121",3
"26122",1
"26123",2
"26127",7
"26128",1
"26130",4
"26133",1
"26135",7
"26136",3
"26137",12
"26138",1
"26140",3
"26145",1
"26146",2
"26147",3
"26148",3
"26149",1
"2615",1
"26150",1
"26151",1
"26152",2
"26153",2
"26154",1
"26155",2
"26156",3
"26157",1
"26160",1
"26164",5
"26166",1
"26167",1
"26168",2
"2617",1
"261726",4
"261729",1
"26173",2
"261734",2
"26175",1
"2618",9
"26184",1
"26188",2
"26189",1
"2619",2
"26190",5
"26191",4
"262",2
"2620",1
"26205",2
"26206",2
"26207",5
"2621",2
"26211",1
"26212",1
"26219",2
"2622",1
"26220",2
"26222",1
"26223",3
"26224",2
"26226",1
"26227",1
"26228",2
"26229",2
"2623",2
"26230",3
"26231",1
"26232",2
"26233",2
"26234",2
"26235",3
"26238",2
"26239",1
"2624",3
"26240",1
"26242",1
"26245",2
"26246",3
"26247",2
"26248",2
"26249",2
"2625",3
"26251",1
"26253",2
"26254",1
"26255",1
"26256",2
"26257",1
"26258",3
"26259",1
"2626",5
"26260",1
"26261",2
"26262",2
"26263",5
"26266",1
"26267",4
"26268",9
"26269",2
"2627",2
"26270",1
"26271",2
"26272",3
"26273",6
"26275",2
"26276",2
"26277",3
"26278",1
"26279",1
"2628",7
"26280",1
"26281",1
"26284",1
"26285",1
"26286",1
"26287",1
"26289",2
"26290",1
"26291",1
"26297",3
"26298",6
"2630",1
"26301",1
"2631",1
"2632",1
"2633",4
"26330",1
"26333",1
"26338",2
"26339",1
"2634",2
"26341",2
"26343",1
"2635",1
"26353",2
"26354",1
"26355",5
"2636",1
"2637",1
"2638",1
"2639",2
"2641",1
"2642",1
"2643",1
"2644",1
"2645",1
"2646",1
"26468",2
"26469",3
"2647",1
"26470",5
"26471",1
"26472",1
"26476",1
"2648",1
"2649",7
"26492",2
"26493",1
"26494",1
"26495",2
"26496",2
"26497",2
"26499",1
"265",1
"2650",2
"26502",2
"26503",2
"26504",1
"26505",1
"26507",1
"26508",2
"26509",3
"2651",2
"26511",1
"26512",4
"26515",2
"26517",2
"26519",2
"26520",1
"26521",2
"26523",4
"26524",4
"26525",1
"26526",3
"26528",3
"26529",1
"26531",1
"26532",1
"26538",1
"26539",1
"26541",2
"26548",1
"26574",1
"26575",1
"26576",1
"26577",1
"26578",1
"26579",1
"2658",1
"26584",1
"26585",2
"26586",3
"26589",1
"26595",1
"266",1
"2660",1
"26608",2
"2661",1
"26610",1
"2662",1
"26628",1
"2664",1
"26648",1
"2665",2
"26651",1
"266553",11
"26658",1
"26659",1
"266621",2
"266629",3
"26664",1
"266655",1
"266671",1
"266675",1
"266695",1
"266722",4
"266727",3
"266743",2
"266747",1
"2668",2
"266811",1
"266812",2
"26689",2
"2669",1
"266917",2
"266918",1
"266919",1
"26692",1
"266977",4
"267",2
"2670",2
"267002",2
"267012",2
"26707",2
"2671",2
"26716",5
"2672",1
"2673",4
"2674",3
"26740",2
"26747",3
"2675",2
"26750",1
"26751",2
"2676",2
"26762",1
"2677",5
"26775",1
"26776",1
"26777",2
"2678",1
"26780",1
"26783",1
"2681",1
"26821",3
"2683",6
"2686",3
"2687",1
"26872",1
"26873",1
"2688",4
"2689",2
"269",1
"2690",1
"2691",1
"2692",3
"2693",3
"2694",1
"2695",1
"26952",1
"26953",1
"26958",2
"26959",3
"2696",2
"26960",2
"2697",1
"26973",2
"26984",2
"26985",2
"26986",2
"26993",5
"26994",1
"26995",1
"26996",1
"26998",1
"26999",2
"27",3
"270",1
"2700",2
"27000",2
"27004",6
"27005",3
"27006",3
"2701",2
"27010",2
"27012",2
"27013",2
"27018",1
"27019",2
"2702",2
"27020",1
"27022",3
"27023",1
"2703",1
"27030",3
"27031",3
"27032",4
"27033",1
"27034",1
"27035",4
"27036",3
"27037",1
"27039",2
"27040",2
"27042",4
"27043",1
"27044",1
"2705",1
"2706",1
"27063",1
"27065",3
"27067",3
"27068",5
"27069",3
"2707",3
"27071",4
"27072",3
"27074",1
"27075",1
"27076",1
"27077",3
"27079",1
"27085",4
"27086",8
"27087",1
"27089",1
"2709",1
"27090",4
"27091",2
"27092",3
"27094",1
"27095",2
"27097",2
"27098",1
"27099",1
"271",1
"2710",4
"27101",4
"27102",2
"27106",1
"27107",2
"27109",7
"27112",1
"27115",3
"2712",1
"27120",1
"27121",1
"27122",5
"27123",2
"27124",1
"27125",8
"27127",1
"27128",3
"27129",2
"2713",1
"27130",3
"27131",6
"27132",1
"27133",3
"27134",2
"27136",1
"27141",1
"27143",1
"27145",4
"27146",1
"27147",3
"27148",3
"27151",1
"27152",1
"27153",4
"27154",3
"27156",2
"27158",4
"27159",1
"27160",1
"27161",1
"27163",4
"27164",4
"27165",4
"27166",2
"2717",1
"27173",1
"27175",1
"27177",2
"27178",2
"27179",1
"27180",1
"27181",3
"27183",1
"27185",3
"27189",1
"2719",2
"27190",1
"27197",3
"27198",1
"27199",1
"272",1
"27201",1
"27202",1
"27229",2
"27230",1
"27231",1
"27232",1
"27233",1
"27235",2
"27236",2
"27237",1
"27238",1
"27239",1
"27240",1
"27241",5
"27242",2
"27243",1
"27244",1
"27245",3
"27246",3
"27247",1
"27248",3
"27249",1
"27250",1
"27252",4
"27253",3
"27254",1
"27255",1
"27257",1
"27258",2
"27283",3
"27284",1
"27285",1
"27286",2
"27287",1
"27288",2
"27289",1
"2729",3
"27290",1
"27291",2
"27292",4
"27293",2
"27294",1
"27295",3
"27296",2
"27297",2
"27299",1
"273",1
"2730",3
"27300",2
"27301",2
"27302",1
"27303",7
"27304",1
"27306",1
"27309",2
"2731",1
"27314",5
"27315",2
"27319",2
"27324",4
"27327",6
"27328",1
"27329",3
"2733",3
"27330",4
"27332",2
"27333",3
"27334",2
"27335",4
"27336",2
"27338",1
"27339",1
"2734",4
"27340",1
"27341",3
"27342",1
"27343",1
"27344",1
"27345",3
"27346",4
"27347",1
"27348",1
"27349",1
"2735",1
"27350",1
"27351",2
"27352",3
"2736",3
"2737",3
"2738",2
"2739",1
"274",5
"2740",5
"2741",1
"2742",1
"27429",2
"2743",3
"27430",2
"27433",2
"27434",1
"27436",6
"27439",1
"2744",8
"27440",1
"27442",1
"27443",3
"27445",3
"2745",2
"2746",2
"2747",2
"275",1
"2752",4
"2760",7
"2762",3
"2764",2
"2765",1
"2766",1
"2767",6
"2768",2
"2769",1
"2770",2
"2771",1
"2773",3
"2774",4
"2775",4
"2776",5
"2778",12
"2779",2
"2780",1
"2781",1
"2782",3
"2783",1
"2784",1
"2785",1
"2786",4
"2787",1
"2788",3
"2790",1
"2791",2
"2792",1
"2793",1
"2794",5
"2796",2
"2797",1
"2798",3
"2799",3
"28",2
"2800",2
"2801",4
"2802",3
"2803",2
"2804",2
"2805",1
"2806",1
"280636",6
"280664",1
"280665",1
"2810",3
"2811",1
"2813",4
"2814",2
"2815",1
"2817",2
"2819",4
"2820",3
"2821",1
"2822",6
"2823",3
"28231",2
"28232",4
"28234",1
"2824",4
"2825",1
"282566",1
"2826",1
"282616",1
"282618",1
"282679",1
"2827",1
"282706",1
"282763",2
"282775",2
"2828",2
"282808",1
"282809",1
"282890",2
"2829",2
"282966",2
"282969",1
"282973",1
"282974",1
"282980",1
"282991",1
"282996",1
"282997",1
"283",1
"2830",2
"283011",1
"283025",1
"283033",1
"283038",1
"283045",2
"283050",1
"283070",2
"283075",2
"283078",3
"283080",1
"283089",2
"2831",1
"283104",2
"283112",1
"283129",1
"283130",2
"283143",2
"283149",2
"283150",1
"283152",1
"283159",1
"28316",1
"283160",1
"283165",1
"283171",1
"283177",2
"283194",1
"283197",3
"2832",1
"283208",2
"283209",5
"283212",3
"283214",1
"283218",1
"283219",1
"283229",1
"283232",3
"283234",1
"283237",2
"283238",1
"283248",1
"283254",1
"283267",1
"283284",1
"283297",1
"283298",1
"2833",2
"283303",1
"283310",1
"283314",2
"283316",1
"283335",1
"283337",3
"283349",3
"283352",2
"283357",1
"283358",3
"283373",1
"283375",2
"283377",1
"283383",1
"283385",1
"283387",1
"283392",2
"2834",1
"283403",2
"283404",1
"283416",1
"283417",2
"283431",2
"283432",1
"283435",1
"283446",1
"283450",6
"283454",1
"283455",2
"283459",2
"283461",2
"283463",1
"283464",2
"283471",1
"283480",1
"283481",2
"283482",1
"283483",1
"283484",2
"283485",2
"283486",1
"283489",1
"283491",1
"2835",2
"283507",2
"283514",1
"283516",1
"283518",1
"283521",1
"283537",1
"283547",1
"283551",2
"283554",1
"283571",1
"283576",2
"283578",3
"283579",1
"283585",1
"283587",1
"283588",1
"283592",1
"283596",1
"283600",1
"283601",1
"283624",1
"283629",1
"283638",1
"283643",1
"283651",1
"283659",3
"283663",2
"283665",1
"283673",1
"283674",2
"283677",1
"283682",1
"283685",1
"283687",1
"283688",2
"283692",1
"283693",3
"2837",1
"283726",1
"283731",1
"283737",1
"283738",1
"283742",3
"283745",2
"283748",1
"283761",1
"283777",1
"28378",1
"283788",6
"2838",1
"283807",1
"283847",1
"283848",1
"283849",2
"283854",1
"283856",1
"283860",3
"283861",1
"283867",1
"283869",1
"28387",1
"283870",1
"283871",2
"283875",1
"283887",2
"283888",1
"283897",1
"283899",1
"283902",1
"283914",1
"283927",2
"283932",1
"283933",2
"283948",1
"283951",1
"283953",1
"283981",1
"283987",2
"283989",3
"283991",2
"283994",1
"283999",1
"284",3
"2840",2
"284001",5
"284004",2
"284013",2
"284014",1
"284018",1
"284021",1
"284023",1
"284029",1
"284058",2
"284067",1
"284069",1
"284071",5
"284076",1
"284080",2
"284083",1
"284086",2
"284098",1
"284099",1
"2841",1
"284100",2
"284106",2
"284111",1
"284114",1
"284119",3
"284129",1
"284131",4
"284161",3
"284184",2
"284185",1
"284186",1
"2842",1
"284207",1
"284217",2
"284219",1
"284240",1
"284242",1
"284252",4
"284257",1
"284260",3
"284263",1
"284266",1
"284273",7
"284274",2
"284276",3
"284294",1
"284297",1
"2843",1
"284306",2
"284307",2
"284309",1
"284312",1
"284323",2
"284325",1
"284338",1
"284339",1
"284340",1
"284346",1
"284348",1
"284349",1
"284352",3
"284353",1
"284358",1
"284359",1
"284361",2
"284365",1
"284367",1
"284369",1
"284370",1
"284373",1
"284379",1
"284382",1
"284385",1
"284390",2
"284391",2
"284395",1
"2844",1
"284402",1
"284403",3
"284406",2
"284408",2
"284415",1
"284417",1
"284418",2
"284422",1
"284424",2
"284427",1
"284439",4
"284440",3
"284443",4
"284451",1
"284459",3
"284485",1
"284486",1
"284498",1
"2845",2
"284513",1
"284521",1
"284525",2
"284551",1
"284561",2
"284576",2
"284578",1
"2846",1
"284600",1
"28461",1
"284611",1
"284612",1
"284613",1
"284615",1
"284618",2
"284632",1
"284648",1
"284649",2
"284654",1
"284656",3
"284661",2
"284669",2
"284677",1
"284680",1
"284688",1
"284695",4
"284697",1
"2847",3
"284702",1
"284716",4
"284723",2
"284739",1
"284749",1
"284751",1
"284756",1
"284757",1
"284759",1
"284788",1
"284798",1
"2848",1
"284801",1
"284802",2
"284805",2
"284808",1
"284825",1
"284835",1
"284836",1
"284837",1
"284865",1
"284889",1
"284898",1
"2849",3
"284900",3
"284904",2
"284926",1
"284930",2
"284933",1
"284950",1
"284958",3
"284992",3
"284996",1
"284998",1
"285",4
"2850",2
"285000",1
"285016",1
"285025",2
"285033",1
"285043",1
"285045",3
"285051",1
"285084",1
"285093",1
"285095",1
"285097",2
"285103",1
"28511",2
"28512",1
"285126",1
"28513",3
"28514",2
"285147",2
"285148",3
"285150",1
"285154",2
"28516",2
"285172",4
"285175",3
"285178",1
"285181",1
"285191",1
"285193",1
"285194",2
"285195",2
"2852",2
"285203",1
"285205",1
"285220",2
"285224",1
"285231",2
"285237",4
"285266",1
"285267",1
"285268",3
"285282",3
"285286",1
"2853",1
"285300",1
"285311",1
"285313",2
"285315",1
"285326",2
"285331",2
"285343",5
"285346",1
"285349",1
"285352",1
"285362",1
"285367",5
"285368",1
"285370",2
"285375",1
"285381",2
"285382",2
"285386",1
"2854",1
"285401",1
"285419",1
"285422",1
"285423",1
"285429",1
"285440",4
"285441",1
"285456",1
"285463",1
"285464",2
"285492",1
"285498",2
"285500",1
"285501",1
"285512",2
"285513",5
"285521",2
"285527",6
"285533",1
"285540",1
"285547",1
"285548",1
"285550",3
"285555",1
"285556",1
"285577",1
"285590",2
"285593",2
"285596",1
"285598",4
"28560",1
"285600",2
"285601",1
"285605",1
"285613",1
"285627",1
"285636",2
"285638",1
"285668",1
"285671",3
"285672",4
"285692",2
"285696",1
"2857",1
"285704",4
"285708",3
"285735",1
"285736",1
"285740",2
"285753",4
"285755",3
"285758",1
"285759",1
"285761",2
"285766",1
"285768",1
"285778",1
"285780",3
"285782",1
"285796",1
"285800",1
"285812",1
"285819",1
"285830",2
"285834",1
"285847",3
"285848",1
"285852",3
"285855",1
"285857",1
"285877",2
"285888",1
"285889",1
"2859",1
"285905",1
"285908",1
"285941",1
"285943",3
"285954",2
"285957",1
"285961",1
"285962",1
"285965",2
"285971",4
"285972",1
"285973",2
"285987",1
"285989",4
"286",7
"286002",1
"286006",2
"286009",1
"286023",2
"286042",4
"286046",4
"286052",1
"286053",1
"286058",1
"286059",2
"286068",1
"286071",1
"286076",1
"286077",2
"286083",1
"286087",1
"286097",1
"2861",1
"286101",4
"286103",1
"286109",1
"286114",2
"286121",1
"286122",1
"286128",3
"286133",3
"286135",1
"286144",5
"286148",3
"286151",1
"286161",1
"286177",1
"286178",1
"286183",1
"286184",1
"286189",1
"286190",1
"2862",1
"286204",1
"286205",3
"286207",3
"286223",2
"286234",2
"286238",1
"286256",1
"286257",1
"286262",1
"286272",1
"2863",3
"286319",1
"286343",1
"286359",2
"286367",1
"286370",1
"286382",1
"28639",3
"2864",2
"286410",2
"286411",1
"286436",1
"286437",1
"286442",1
"286451",4
"286464",1
"286467",1
"286499",2
"286514",1
"286527",1
"286530",1
"286554",1
"286676",2
"2867",1
"28673",1
"286753",1
"286756",1
"2868",4
"286826",3
"286827",1
"286828",1
"28683",1
"2869",4
"286967",1
"287",4
"2870",4
"287015",3
"2872",2
"2873",1
"2874",1
"2875",1
"28755",2
"2876",1
"2877",2
"28778",1
"2878",2
"2879",1
"288",5
"2880",2
"2882",1
"28823",5
"28831",4
"2885",3
"2886",1
"2887",4
"2888",1
"2889",3
"2890",2
"2891",3
"2892",5
"2893",3
"2894",3
"2895",1
"28951",2
"28952",2
"28954",1
"28955",1
"28956",1
"28957",1
"28958",2
"28959",2
"2896",3
"28960",1
"28962",4
"28964",1
"28965",1
"28966",5
"28968",2
"28969",1
"2897",2
"28970",3
"28971",3
"28972",1
"28973",2
"28974",1
"28976",1
"28977",3
"28978",1
"2898",6
"28981",2
"28982",2
"28983",1
"28984",2
"28985",3
"28986",1
"28987",1
"28989",3
"2899",2
"28990",1
"28991",2
"28992",2
"28994",1
"28996",10
"28998",1
"28999",2
"29",2
"290",3
"2900",1
"2901",3
"29013",1
"29015",2
"29018",1
"2902",5
"29028",4
"2903",3
"29034",1
"29035",3
"2904",3
"29044",1
"2905",3
"29058",2
"2906",2
"29062",3
"29063",3
"29065",1
"29066",2
"29068",5
"2907",1
"29070",1
"29071",2
"29072",3
"29074",1
"29075",1
"29078",2
"29079",2
"2908",5
"29080",2
"29081",2
"29083",3
"29085",2
"29086",1
"29087",2
"29088",1
"29089",1
"2909",5
"29090",2
"29091",4
"29092",1
"29093",1
"29094",2
"29095",1
"29097",6
"29098",2
"29099",1
"291",2
"29100",1
"29101",3
"29102",1
"29103",3
"29104",3
"29105",1
"29106",1
"29107",1
"29108",1
"29109",1
"2911",3
"29110",1
"29113",1
"29114",1
"29115",2
"29116",6
"29117",4
"29118",1
"29119",4
"2912",2
"29121",4
"29122",1
"29123",6
"29124",1
"29125",2
"29126",2
"29127",1
"29128",1
"2913",1
"2914",1
"2915",3
"2916",1
"2918",3
"2919",1
"292",1
"2920",3
"2921",1
"2922",1
"2923",3
"2925",1
"2926",4
"2928",1
"293",2
"2931",2
"2932",5
"2934",6
"2935",6
"2936",2
"2937",2
"2938",2
"2940",1
"2941",2
"2944",2
"2946",1
"2947",2
"2948",2
"2949",1
"2950",1
"2952",2
"2953",1
"2954",1
"2956",3
"2957",2
"2958",3
"2959",1
"2960",1
"2961",1
"2962",3
"2963",1
"2965",3
"2967",2
"2968",1
"2969",1
"2971",3
"2972",4
"2974",1
"2975",2
"2976",3
"29760",1
"29761",5
"29763",1
"29766",4
"29767",2
"2977",6
"29774",2
"29775",3
"29777",1
"2978",3
"29780",6
"29781",5
"29785",1
"29789",2
"2979",2
"29796",2
"29797",1
"29798",2
"29799",3
"2980",1
"29800",2
"29801",2
"29802",1
"29803",3
"2981",1
"2982",4
"2983",2
"2984",1
"29841",2
"29842",3
"29843",2
"29844",1
"29850",1
"29851",1
"29855",2
"2986",1
"2987",2
"29880",3
"29881",3
"29882",1
"29883",4
"29886",1
"29887",1
"29888",1
"29889",1
"29890",2
"29893",2
"29894",1
"29895",1
"29896",5
"29899",4
"2990",2
"29901",1
"29902",1
"29903",1
"29906",3
"29907",1
"29909",1
"29911",1
"29914",3
"29915",2
"29916",2
"29919",3
"2992",2
"29922",2
"29923",2
"29924",2
"29926",1
"29927",2
"29928",3
"29929",1
"2993",5
"29930",1
"29931",2
"29933",2
"29934",2
"29935",1
"29937",6
"2994",4
"29940",3
"29941",1
"29942",2
"29943",2
"29944",2
"29945",2
"29946",1
"29947",1
"29948",1
"29949",1
"2995",1
"29950",1
"29951",1
"29952",3
"29953",1
"29954",2
"29956",1
"29957",2
"29958",2
"29959",1
"2996",3
"29960",2
"29965",2
"29966",2
"29967",3
"29968",2
"29969",3
"2997",1
"29974",2
"29978",2
"29979",3
"2998",1
"29980",1
"29982",2
"29984",2
"29985",3
"29986",1
"29988",2
"29989",1
"2999",1
"29991",3
"29992",2
"29993",2
"29994",1
"29995",3
"29997",1
"29998",1
"29999",1
"3",1
"30",2
"3000",1
"30000",5
"30001",3
"30008",2
"30009",1
"3001",1
"30010",1
"30011",3
"30012",1
"3002",1
"3003",1
"3004",1
"3005",1
"3006",1
"30061",2
"30062",1
"3007",1
"3008",1
"3009",1
"301",2
"3010",2
"3012",1
"3014",4
"3015",2
"3017",2
"3018",1
"302",4
"3020",1
"3024",1
"3026",1
"3028",1
"3029",1
"303",1
"3030",3
"3032",1
"3033",3
"3034",3
"3036",1
"3037",2
"3038",2
"304",1
"3042",1
"3043",4
"3044",1
"3045",1
"3046",2
"3049",1
"305",1
"3050",1
"3052",2
"3053",1
"3054",3
"3055",1
"3059",1
"306",1
"3060",1
"3061",1
"3062",1
"3064",2
"3065",1
"3066",2
"3067",1
"3068",1
"3069",6
"307",2
"3070",5
"3071",3
"3073",4
"3074",1
"3075",1
"3077",15
"308",1
"3080",1
"3081",4
"30811",2
"30812",1
"30813",4
"30814",1
"30815",1
"30816",2
"30817",2
"30818",5
"30819",4
"3082",5
"30820",1
"30827",2
"3083",1
"30832",2
"30833",2
"30834",6
"30835",3
"30836",1
"30837",3
"3084",6
"30844",7
"30845",3
"30846",3
"30847",2
"30848",2
"30849",3
"30850",1
"3087",2
"309",2
"3090",2
"3091",1
"3092",4
"3093",3
"3094",5
"3096",2
"30968",1
"3097",3
"3098",1
"3099",3
"31",2
"310",2
"3101",1
"3104",1
"3105",2
"3106",3
"3107",4
"3108",1
"3109",1
"311",3
"3110",1
"3111",5
"3112",2
"3113",3
"3115",2
"3116",1
"3117",1
"3119",3
"312",1
"3120",1
"3122",2
"3123",1
"3126",2
"3128",2
"313",1
"3131",3
"3133",3
"3134",3
"3135",4
"3137",1
"314",1
"3140",6
"3141",2
"3142",1
"3145",1
"3146",5
"3148",2
"3149",2
"3150",1
"3151",1
"3155",1
"3156",2
"3157",2
"3158",2
"3159",2
"316",2
"3161",2
"3162",1
"3163",2
"3164",3
"3166",1
"3167",1
"3169",2
"317",3
"3170",3
"3171",1
"3172",6
"3174",2
"3175",1
"3176",6
"317648",3
"317649",4
"317662",4
"317671",2
"3177",5
"317701",1
"317702",1
"317703",1
"317705",1
"317716",1
"317719",2
"317761",1
"317762",2
"317781",3
"3178",3
"318",1
"3181",4
"3182",1
"3183",7
"3184",8
"3185",1
"3187",3
"3189",4
"319",1
"3190",2
"319085",2
"319089",3
"3191",2
"319101",2
"319103",2
"3192",5
"3195",1
"3196",2
"3198",1
"3199",1
"32",6
"320",2
"3200",2
"3201",1
"3202",1
"3203",1
"3204",2
"3206",2
"3207",2
"3208",1
"3209",3
"321",2
"3211",2
"3212",1
"3213",2
"3214",1
"3215",2
"3216",2
"3217",3
"3218",2
"3219",2
"322",1
"3221",1
"3222",1
"3223",1
"3224",1
"3225",1
"3226",1
"3227",1
"3228",1
"3229",1
"323",7
"3231",2
"3233",1
"3234",1
"3235",2
"3236",3
"3237",1
"3238",1
"3239",3
"324",5
"3240",1
"3241",2
"3242",1
"3248",4
"3249",1
"325",1
"3250",1
"3251",2
"3257",5
"326",1
"3263",2
"326340",2
"3265",1
"326624",1
"326625",3
"3267",5
"3268",6
"3269",2
"327",2
"3270",1
"3273",2
"3274",1
"3275",6
"3276",2
"327657",1
"328",1
"3280",3
"3281",2
"3283",2
"3284",1
"329",1
"3290",1
"3291",1
"3292",2
"3293",1
"3294",1
"3295",2
"3297",2
"3298",2
"3299",1
"33",2
"330",2
"3300",1
"3301",2
"3305",2
"3306",1
"3308",4
"3309",2
"331",7
"3310",2
"3313",4
"3315",1
"3316",1
"332",4
"3320",4
"3321",4
"3326",3
"3329",5
"333",1
"3336",1
"3337",2
"3338",5
"3339",2
"333926",1
"333929",1
"334",8
"3340",3
"3344",2
"3346",1
"3347",1
"335",2
"3350",1
"3351",1
"3352",1
"3354",1
"3355",1
"3356",3
"3357",1
"3358",2
"3359",2
"336",2
"3360",3
"3361",1
"3362",2
"3363",3
"3364",3
"337",1
"3371",3
"3373",1
"3375",1
"3376",1
"337867",1
"337876",1
"337878",1
"337879",1
"337880",1
"337882",1
"337970",1
"338",2
"338004",2
"338005",1
"338069",1
"338094",1
"3381",2
"3382",6
"3383",3
"338321",1
"338322",1
"338323",1
"338324",2
"338328",1
"338339",2
"338376",1
"338382",2
"3384",2
"338440",1
"3385",1
"338557",1
"338579",3
"338588",1
"3386",1
"338620",1
"338645",1
"338651",2
"338653",1
"338657",1
"338661",1
"338667",1
"338692",3
"338694",1
"338707",2
"338739",1
"338758",1
"338773",1
"338785",1
"338799",3
"338809",1
"338811",1
"338817",1
"338862",1
"338864",1
"338963",1
"339",1
"339044",1
"339105",1
"339122",1
"339123",1
"339168",1
"339201",1
"339210",1
"339221",1
"339229",2
"339230",1
"339231",1
"339240",1
"339263",4
"339287",3
"339290",4
"339298",1
"339324",2
"339327",1
"339344",1
"339345",1
"339366",1
"339390",1
"3394",1
"339400",2
"339416",1
"339442",1
"339448",2
"339451",2
"339456",1
"339468",1
"339476",1
"339479",1
"339483",2
"339487",1
"339488",1
"339500",4
"339505",1
"339512",1
"339524",2
"339535",1
"339539",1
"339541",5
"339559",1
"339568",1
"339593",1
"3396",1
"339622",1
"339666",1
"339669",1
"339685",1
"3397",1
"339745",2
"339751",1
"339761",1
"339766",2
"339768",2
"339778",1
"339779",1
"339788",1
"339789",1
"3398",2
"339803",2
"339807",1
"339822",1
"339834",3
"339855",4
"339862",1
"339874",2
"339883",1
"339894",1
"339896",1
"3399",1
"339929",1
"339965",2
"339975",1
"339976",1
"339977",1
"339978",1
"339983",2
"339988",2
"34",1
"3400",5
"340017",1
"340024",3
"340037",1
"340061",2
"340069",1
"340074",1
"340075",1
"340085",1
"340090",1
"340094",2
"340107",2
"340146",1
"340152",1
"340156",3
"340168",1
"340178",1
"340184",1
"340205",1
"340206",2
"340252",1
"340267",2
"340273",4
"340277",1
"340340",1
"340348",1
"340351",3
"340357",1
"340385",1
"340390",1
"340419",1
"340481",9
"340526",1
"340527",1
"340533",3
"340542",1
"340544",2
"340547",2
"340554",2
"340578",1
"340581",1
"340591",2
"340596",1
"340602",1
"340719",1
"340895",1
"341",2
"341032",1
"341405",1
"341567",3
"3416",3
"341640",1
"341676",2
"3417",3
"3418",2
"341880",1
"3419",3
"341947",1
"3420",3
"342035",2
"342096",1
"3421",2
"342184",3
"3422",3
"3423",10
"342357",1
"342371",2
"3425",3
"342527",1
"342538",1
"342574",1
"3426",2
"342667",1
"3428",3
"342892",1
"342898",1
"3429",1
"342908",1
"342909",1
"342918",1
"342926",4
"342945",1
"342977",1
"342979",1
"343",1
"3430",1
"343035",1
"343071",1
"343099",3
"3431",5
"3433",2
"3434",1
"343450",2
"343637",1
"343641",1
"3437",2
"343702",1
"3439",1
"343990",3
"344",2
"3440",1
"344018",1
"3441",1
"344148",1
"3442",1
"3444",1
"344405",1
"344454",1
"3445",1
"344558",1
"344595",2
"3446",1
"344752",1
"3448",1
"344838",2
"344887",1
"3449",1
"344905",2
"345",2
"3451",1
"3452",1
"345222",1
"3454",4
"345462",1
"3455",3
"345557",2
"3456",1
"345611",1
"345630",2
"345757",1
"345778",2
"3458",1
"345895",1
"3459",3
"3460",1
"346007",1
"346157",4
"346171",1
"346389",3
"346562",1
"346606",1
"346653",1
"346689",2
"3467",1
"347",1
"347088",1
"347240",1
"347252",1
"347273",1
"347344",5
"347365",1
"347404",1
"347475",1
"3475",3
"3476",1
"347689",1
"347730",1
"347732",1
"347733",1
"347735",4
"347736",1
"347744",3
"347853",2
"347862",1
"3479",5
"347902",1
"347918",3
"348",3
"3480",5
"348013",1
"348035",2
"348093",1
"348094",2
"348110",3
"348158",1
"348180",4
"3482",2
"348235",2
"348254",1
"348262",1
"3483",1
"348327",1
"348378",2
"3484",2
"348487",1
"3485",1
"3486",2
"348645",2
"348654",2
"3487",1
"348751",2
"348761",1
"348793",1
"3488",6
"348801",1
"348807",2
"348808",2
"348825",1
"3489",1
"348932",1
"348938",1
"348980",2
"348995",2
"3490",3
"349075",1
"3491",2
"349136",2
"349152",1
"349196",1
"3492",4
"349408",1
"3495",5
"349565",2
"349667",1
"35",1
"350",2
"3500",3
"3507",5
"3508",3
"351",3
"3512",1
"3514",8
"3516",3
"352909",1
"352954",2
"352961",1
"352990",1
"352999",2
"353",2
"353088",1
"353116",1
"353132",1
"353135",2
"353174",1
"353189",2
"353219",1
"353274",2
"353299",1
"353322",2
"353324",1
"353355",2
"353497",2
"353500",3
"353514",4
"3537",9
"354",3
"3543",1
"3547",2
"3549",2
"355",4
"3550",1
"3551",3
"3552",2
"3553",2
"3554",2
"3556",2
"3557",5
"3558",1
"3559",2
"356",2
"3560",1
"3561",1
"3562",1
"3563",1
"3565",2
"3566",1
"3567",1
"3568",4
"3569",1
"357",1
"3570",3
"3572",7
"3574",1
"3575",2
"3576",2
"3577",1
"3578",1
"3579",1
"358",2
"3581",2
"3586",1
"3587",1
"3588",1
"3589",2
"359",3
"3590",2
"3592",1
"3593",1
"3594",3
"3595",1
"3596",1
"3597",4
"3598",1
"359845",2
"359948",5
"36",2
"360",3
"3600",2
"360023",1
"3601",1
"3603",3
"3604",3
"3605",2
"3606",1
"3607",7
"3608",1
"3609",5
"361",5
"3611",1
"3612",1
"3613",1
"3614",1
"3615",1
"3617",1
"3619",1
"362",1
"3620",1
"3621",4
"3622",2
"3623",1
"3624",3
"362495",1
"3625",1
"3626",1
"3627",1
"3628",1
"363",2
"3630",1
"3631",6
"3632",2
"3633",3
"3635",3
"3636",1
"3638",3
"3640",3
"3641",1
"3642",1
"3643",5
"3645",1
"3646",2
"3651",3
"3652",5
"3654",2
"3655",2
"3656",3
"3658",4
"3659",2
"366",1
"3660",1
"3661",1
"3662",3
"3663",3
"3664",3
"3665",1
"3667",3
"3669",2
"367",4
"3670",1
"3671",1
"3672",3
"3673",2
"3674",4
"3675",1
"3676",3
"3678",1
"3679",2
"3680",4
"3681",1
"3682",1
"3683",2
"3684",1
"3685",1
"3687",2
"3688",7
"3689",3
"369",2
"3690",7
"3691",5
"3692",1
"3693",4
"3695",1
"3696",5
"3697",1
"3698",1
"3699",1
"37",1
"3700",4
"3702",1
"3703",1
"3704",1
"3705",3
"3706",1
"3707",5
"3708",4
"3709",4
"3710",4
"3712",4
"3713",1
"3714",2
"3716",5
"3717",3
"3718",4
"372",1
"3720",3
"3725",4
"3726",1
"3727",4
"3728",1
"373",3
"3730",2
"373156",1
"3732",2
"3735",2
"3736",2
"3737",2
"3738",1
"373861",1
"373863",2
"3739",1
"374",3
"3741",1
"3742",1
"374286",3
"374291",2
"3743",1
"374354",4
"374355",1
"374378",2
"374383",1
"374387",1
"374393",2
"3744",1
"374403",1
"374407",1
"374443",3
"374454",1
"374470",2
"374491",1
"3745",4
"374569",2
"3746",2
"374618",4
"374654",1
"374655",5
"374659",1
"3747",2
"374739",1
"374768",1
"374786",2
"3748",3
"374819",3
"374860",2
"374864",1
"374868",6
"374875",2
"374877",2
"374882",1
"374887",1
"374890",1
"374897",1
"374899",2
"3749",3
"374900",5
"374907",1
"374918",1
"374920",1
"374946",3
"374955",2
"374969",1
"374973",1
"374977",1
"374986",2
"374987",1
"375",1
"3750",1
"375033",1
"375035",2
"375056",3
"375057",2
"3751",1
"375189",2
"375190",1
"375196",1
"3752",4
"375248",2
"375287",2
"375295",1
"3753",2
"375323",1
"375341",1
"375346",2
"375387",1
"3754",1
"375444",1
"375449",7
"375484",1
"3755",2
"375567",1
"3756",1
"375607",2
"375612",1
"375616",3
"375686",1
"3757",2
"375704",1
"375743",3
"375748",4
"375757",1
"375759",1
"375775",2
"375790",4
"375791",1
"3758",2
"3759",1
"3760",3
"3761",2
"3762",6
"376267",2
"3763",2
"3764",2
"376412",1
"376497",1
"3765",2
"3766",2
"376693",1
"3767",1
"3769",2
"376940",2
"377",3
"3770",1
"3772",5
"3773",2
"3775",4
"3776",1
"3777",3
"3778",4
"3779",2
"378",2
"3780",1
"3781",1
"3782",4
"3783",1
"3784",2
"3785",3
"3786",3
"3787",1
"3788",3
"378805",2
"378825",1
"378828",1
"378832",1
"378925",1
"378938",12
"379",2
"3790",1
"379025",3
"379034",1
"3791",1
"3792",1
"3795",2
"3796",2
"3797",2
"3798",3
"3799",3
"38",3
"3800",3
"3801",2
"3802",1
"3803",1
"3804",1
"3805",3
"3806",2
"3808",1
"3809",1
"381",1
"3810",1
"3811",1
"3813",1
"3814",1
"3815",1
"3816",1
"3817",4
"3818",1
"382",3
"3820",1
"3823",1
"3824",3
"3827",3
"383",4
"3831",4
"3832",1
"3833",1
"3834",2
"3835",2
"3836",6
"3837",6
"3838",2
"3839",2
"384",2
"3840",5
"3841",3
"3842",10
"3843",5
"3845",5
"3846",1
"3848",1
"3849",1
"3850",1
"3851",2
"3852",1
"3853",1
"3854",2
"3855",4
"3856",1
"3857",1
"3858",3
"3859",1
"3860",1
"3861",1
"386597",3
"3866",1
"386618",2
"386678",1
"386753",1
"386758",2
"3868",1
"387",3
"387032",1
"387036",1
"387082",1
"387103",1
"387119",2
"387263",2
"387316",1
"387338",4
"387357",2
"387486",2
"387496",1
"3875",1
"387509",2
"387535",2
"387590",2
"387597",2
"387601",2
"387638",1
"387640",2
"387644",1
"387694",1
"387695",2
"387707",1
"387718",1
"387723",1
"387751",2
"387755",1
"387758",2
"387763",1
"387837",2
"387856",1
"387882",1
"387885",2
"387893",4
"387895",4
"387914",1
"387921",3
"387923",6
"387978",1
"388",5
"3880",2
"388011",3
"388021",1
"3881",1
"388115",1
"388121",1
"388125",2
"388135",2
"388182",1
"3882",1
"388228",2
"388272",2
"388284",1
"3883",1
"388323",1
"388325",1
"388327",1
"388335",1
"388336",1
"388341",1
"388381",1
"388387",2
"388394",1
"3884",1
"388403",3
"388407",1
"388419",1
"388439",1
"388456",1
"388503",1
"388507",1
"388531",1
"388533",1
"388552",2
"388558",1
"388564",1
"388566",1
"388567",1
"388569",2
"388581",1
"388585",1
"388588",1
"388591",6
"3886",1
"388610",2
"388630",3
"388650",3
"388662",2
"388677",1
"388685",3
"388692",2
"388695",1
"388698",1
"388699",2
"3887",1
"388714",1
"388722",2
"388743",1
"388753",1
"388780",1
"388789",1
"388796",2
"388799",1
"3888",1
"388815",3
"388882",1
"388886",2
"3889",1
"388906",1
"388939",1
"388942",1
"388948",1
"388951",1
"388962",1
"388963",1
"388969",4
"389",2
"3890",1
"389023",1
"389043",2
"389058",1
"389072",2
"389073",1
"389084",2
"3891",1
"389114",1
"389119",1
"389123",1
"389124",1
"389136",2
"389161",3
"389170",2
"389177",1
"389199",1
"389203",1
"389206",2
"389247",1
"389289",1
"389320",1
"389332",1
"389336",1
"389337",2
"389362",5
"389376",1
"389421",1
"389432",3
"389434",1
"389458",1
"3895",3
"389524",1
"389541",1
"389634",2
"389641",1
"389677",2
"3897",2
"389715",2
"389741",2
"389765",1
"389792",2
"3898",2
"389812",1
"389813",1
"389831",2
"389834",4
"389840",1
"389856",2
"389874",1
"389895",1
"389898",1
"3899",6
"389906",4
"389932",1
"39",1
"390",1
"390035",1
"390058",1
"390059",1
"390063",1
"390064",1
"390066",1
"3902",1
"390205",1
"3903",2
"3904",1
"390502",1
"390595",2
"3906",1
"390616",1
"390637",1
"390705",2
"390790",1
"3908",4
"390874",1
"390892",1
"3909",6
"390916",1
"390927",1
"390940",1
"390963",2
"390980",3
"390999",1
"391",1
"3910",5
"391059",1
"3911",1
"3912",2
"391267",1
"3913",1
"391356",1
"3914",1
"3915",2
"3916",4
"391712",2
"3918",2
"392",4
"3920",4
"392307",1
"392459",1
"392465",2
"3925",2
"392617",1
"3927",1
"3929",2
"393",1
"3930",1
"3931",2
"3932",2
"3933",1
"3934",1
"3936",1
"3937",6
"3938",1
"3939",1
"394",5
"394261",1
"3945",2
"3948",1
"3949",5
"395",2
"3950",1
"3952",1
"3953",1
"3954",3
"3955",2
"3956",1
"3957",1
"3958",2
"3959",1
"396",4
"3960",1
"3964",6
"3965",1
"397",3
"3973",1
"3975",1
"3976",1
"3977",5
"3978",1
"398",1
"3980",6
"3981",2
"3982",1
"3983",2
"3984",3
"3985",3
"3987",2
"3988",1
"399",2
"3990",1
"3991",2
"3993",2
"399473",1
"399474",1
"399491",1
"3995",2
"399512",2
"3996",3
"399664",3
"399665",2
"399668",1
"399670",1
"399671",1
"399693",2
"399694",2
"399716",1
"399717",2
"399726",3
"399761",2
"3998",3
"399806",1
"399818",3
"399821",3
"399833",1
"399876",1
"399879",1
"399884",1
"399900",2
"399909",1
"399947",3
"399948",2
"399949",1
"399959",1
"399967",1
"399972",1
"399979",4
"40",1
"400",3
"4000",6
"400027",3
"400043",1
"400073",2
"400084",1
"4001",1
"400120",1
"400128",1
"400236",2
"400238",3
"400242",2
"400258",2
"400360",1
"4004",1
"400410",2
"400451",2
"400456",1
"4005",2
"400500",1
"400506",3
"400512",2
"400541",1
"400548",1
"400550",2
"400566",1
"400568",1
"400569",1
"400579",2
"400581",4
"400590",2
"400604",1
"400617",1
"400618",2
"400620",2
"400622",1
"400627",1
"400629",1
"400643",1
"400654",1
"400655",2
"400657",1
"400680",3
"400684",1
"400692",1
"4007",1
"400709",1
"400710",1
"400713",2
"400745",1
"400748",1
"400752",1
"400756",1
"400759",1
"400761",1
"400768",1
"400793",1
"400794",3
"400798",1
"4008",4
"400830",1
"400831",2
"400891",1
"4009",1
"400916",1
"400926",1
"400931",1
"400940",3
"400941",1
"400946",1
"400949",4
"400952",1
"400954",2
"400955",2
"400958",1
"400960",7
"400961",1
"400965",1
"400986",1
"401",1
"4010",1
"401014",1
"401022",3
"401024",1
"401052",1
"401067",1
"401068",1
"401074",3
"401081",1
"401093",2
"401097",1
"401098",1
"401106",2
"401114",1
"401115",1
"401124",1
"401134",2
"401145",1
"401152",3
"401172",1
"401176",1
"401190",1
"4012",5
"401207",4
"401220",1
"401233",1
"401237",4
"401260",1
"401261",2
"401262",1
"401264",1
"401265",2
"401282",1
"401288",1
"4013",2
"401312",2
"401320",1
"401321",3
"401324",1
"401387",1
"401397",1
"4014",1
"401431",1
"401442",1
"401463",2
"401466",3
"401474",2
"401494",2
"401497",1
"4015",3
"401505",2
"401546",1
"401548",1
"401550",1
"401551",2
"401562",2
"401565",2
"401577",1
"401585",1
"401588",1
"4016",1
"401612",2
"401630",1
"401647",1
"4017",4
"4018",1
"401884",1
"402",1
"402055",2
"402160",1
"4023",2
"402381",1
"402415",1
"402483",2
"4025",1
"402573",1
"4026",8
"402665",1
"402682",1
"402778",3
"402779",1
"403",3
"403150",1
"4033",2
"403312",1
"403313",1
"403314",1
"403323",2
"403340",1
"403341",1
"4034",3
"4035",4
"4036",2
"4037",2
"4038",1
"4040",3
"404037",1
"404093",2
"4041",2
"404201",3
"404203",1
"404216",1
"404217",1
"404220",1
"404266",5
"4043",3
"4045",6
"404550",1
"4046",1
"404636",2
"404672",4
"4047",3
"404744",2
"4049",1
"405",6
"4050",2
"4051",1
"4052",2
"4053",2
"4054",3
"4055",4
"4056",1
"4057",1
"405753",1
"405754",1
"4058",2
"4059",2
"406",2
"4060",2
"4061",1
"4062",1
"4063",3
"4064",1
"4065",1
"4066",1
"4067",3
"4068",4
"406886",1
"4069",2
"406902",1
"406934",2
"406938",1
"406970",2
"406988",1
"407",1
"4070",4
"407040",1
"4071",5
"4072",1
"4074",1
"4076",8
"4077",4
"407738",1
"407975",1
"408",7
"408050",1
"4082",5
"408263",1
"4084",3
"4085",3
"4086",3
"4087",6
"4088",4
"4089",5
"409",1
"4090",5
"4091",4
"4092",1
"4093",2
"4094",5
"4097",2
"4099",2
"41",2
"410",2
"4100",1
"4103",1
"4105",1
"4107",1
"4109",1
"411",4
"4110",1
"4111",1
"4112",1
"4113",1
"4114",1
"4115",2
"4117",2
"4118",1
"412",4
"4121",2
"4122",2
"4123",3
"4124",3
"4125",1
"4126",1
"4128",3
"4129",3
"4130",3
"4131",3
"4133",2
"4134",7
"4135",4
"4137",6
"4139",3
"414",8
"4140",3
"414157",1
"414189",2
"414194",1
"414196",1
"4142",1
"414201",2
"414235",2
"414236",1
"414243",1
"414245",1
"414260",1
"4143",1
"414300",1
"414301",1
"414319",1
"414328",2
"414332",1
"4144",2
"4145",1
"4146",2
"414771",2
"414777",10
"4148",1
"414899",1
"4149",5
"414918",3
"414919",1
"414926",2
"414927",1
"415",1
"4150",2
"415056",2
"4151",1
"415116",1
"415117",1
"4152",5
"4153",1
"4154",7
"4155",8
"4157",1
"4158",3
"4159",1
"416",1
"4160",1
"4161",1
"4162",1
"4163",2
"4166",1
"4168",4
"417",3
"4170",6
"4171",1
"4172",1
"4173",5
"4174",2
"4175",2
"4176",2
"4179",3
"4184",1
"4185",2
"4188",1
"4189",3
"419",1
"4190",1
"4191",2
"4192",1
"4193",10
"4194",6
"4199",3
"420",2
"4200",3
"4201",1
"4204",3
"4205",4
"4208",3
"4209",3
"421",3
"4210",1
"4211",2
"4212",1
"4213",1
"4214",2
"4215",3
"4216",2
"4217",2
"4218",1
"4221",1
"4222",1
"4223",2
"4224",1
"4225",1
"4232",1
"4233",4
"4234",1
"4236",1
"4237",1
"4238",3
"4239",1
"4240",1
"4241",4
"4242",3
"4245",1
"4246",1
"4247",3
"4248",3
"4249",2
"4250",1
"4253",3
"4254",3
"4255",1
"4256",2
"4257",5
"4258",1
"4259",3
"4261",3
"4267",2
"427",5
"4277",1
"4281",3
"4282",1
"4283",1
"4284",1
"4285",2
"4286",3
"4287",7
"4288",4
"4289",6
"429",4
"4291",2
"4292",1
"4293",2
"4294",1
"4295",1
"4296",2
"4297",10
"4298",2
"4299",3
"43",3
"430",2
"4300",3
"4301",7
"4302",3
"4303",1
"4306",1
"4308",3
"4311",2
"4312",1
"4313",3
"4314",1
"4316",1
"4317",2
"431707",1
"4318",1
"4319",1
"432",1
"4320",3
"4321",1
"4322",1
"4323",4
"4324",2
"4325",5
"4326",1
"4327",2
"4329",5
"433",1
"4330",1
"4331",1
"4332",1
"4335",2
"4336",5
"4337",3
"4338",2
"434",1
"4340",4
"4342",1
"4343",2
"4345",2
"435",1
"4350",1
"4351",2
"4352",3
"4353",2
"4354",1
"4355",2
"4356",1
"4357",1
"4358",1
"4359",1
"4360",1
"4361",3
"4363",2
"438",2
"43847",1
"43849",3
"439",1
"439911",1
"439916",1
"439921",3
"439927",1
"439931",2
"439933",2
"439936",1
"439938",1
"439941",1
"439949",3
"439951",1
"439990",1
"440",2
"440021",1
"440026",2
"440028",2
"440072",1
"440073",4
"440087",1
"440101",1
"440104",2
"440117",1
"440119",2
"440131",1
"440132",1
"440137",1
"440145",2
"440149",1
"440173",1
"440184",1
"440193",3
"440200",1
"440253",1
"440275",2
"440279",4
"440288",2
"440299",1
"440307",1
"440330",1
"440335",1
"440346",1
"440348",1
"440352",2
"440356",1
"440387",1
"440416",4
"440423",1
"440432",1
"440434",2
"440465",5
"440482",1
"440498",1
"440503",6
"440508",1
"440515",3
"440556",4
"440560",1
"440570",1
"440574",2
"440584",1
"440590",1
"440602",1
"440603",3
"440699",1
"440704",1
"440730",1
"440738",1
"440757",1
"440792",2
"440823",3
"440829",1
"440836",5
"440854",1
"440888",1
"440900",3
"440915",1
"440918",1
"440934",2
"440944",4
"440952",3
"440956",1
"440957",5
"440993",2
"441009",1
"441024",7
"441025",1
"441027",2
"441046",1
"441052",1
"441054",2
"441058",1
"441061",1
"441072",1
"441081",1
"441086",1
"441094",3
"441108",4
"441124",1
"441150",1
"441151",4
"441161",1
"441168",4
"441178",2
"441179",1
"441204",4
"441208",1
"441212",3
"441242",1
"441263",2
"441273",1
"441355",1
"441394",2
"441441",1
"441454",1
"441459",1
"441461",2
"441476",1
"441478",1
"441528",2
"441549",1
"441601",1
"441631",1
"441666",2
"441733",3
"441869",2
"441951",4
"442075",1
"442117",1
"442184",1
"442186",1
"442191",1
"442194",1
"442213",1
"442240",1
"442421",1
"442444",1
"442523",1
"442524",1
"442578",1
"442721",1
"442894",1
"443",2
"4430",3
"4435",1
"4436",1
"4437",2
"4438",1
"444",9
"4440",1
"445",1
"445341",1
"445347",2
"4477",2
"4478",2
"4481",4
"4482",2
"4485",2
"4486",1
"4487",2
"4488",3
"4493",2
"4494",2
"4495",2
"4496",1
"4499",1
"4501",2
"4502",1
"4504",1
"4507",6
"4508",2
"4512",1
"4513",2
"4515",1
"4520",3
"4521",1
"4522",2
"4524",5
"4528",1
"4534",2
"4536",1
"4538",2
"4541",1
"4542",1
"4543",1
"4544",1
"4547",1
"4548",2
"4552",2
"4580",1
"4582",3
"4583",1
"4585",5
"4586",3
"4588",2
"4589",2
"4591",2
"4593",3
"4594",2
"4595",1
"4597",1
"4598",4
"4599",1
"460",1
"4600",1
"4601",1
"4602",2
"4603",2
"4604",1
"4605",1
"4606",1
"4607",1
"4608",1
"4609",1
"4610",2
"4613",5
"4615",1
"4616",4
"4617",1
"4618",1
"4619",1
"462",2
"4620",1
"4621",1
"4622",1
"4624",1
"4625",1
"4626",2
"4627",1
"4628",2
"4629",7
"463",6
"4632",1
"4633",1
"4634",1
"4635",4
"4636",1
"4637",2
"4638",5
"4640",1
"4641",3
"4642",2
"4643",1
"4644",4
"4645",3
"4646",3
"4647",4
"4648",3
"4649",3
"4650",3
"4651",5
"4653",1
"4654",1
"4656",1
"4659",3
"466",3
"4660",4
"4661",3
"4664",4
"4665",2
"4666",3
"4668",3
"4669",2
"467",3
"4670",6
"4671",3
"4673",7
"4674",1
"4675",1
"4676",5
"4677",1
"4678",3
"468",1
"4680",2
"4681",1
"4682",1
"4683",5
"4684",7
"4685",2
"4686",2
"4688",1
"4689",2
"4690",4
"4691",2
"4692",1
"4693",1
"4694",1
"4695",3
"4696",1
"4697",1
"4698",2
"47",3
"4700",2
"4701",2
"4702",1
"4703",2
"4704",1
"4705",5
"4706",1
"4707",2
"4708",3
"4709",1
"471",1
"4710",2
"4711",1
"4712",2
"4713",2
"4714",3
"4715",1
"4716",2
"4717",2
"4719",5
"472",6
"4720",1
"4722",1
"4723",2
"4724",2
"4726",1
"4729",1
"473",5
"4731",2
"4733",1
"4734",1
"4735",5
"4736",2
"4738",1
"4739",5
"474",1
"4741",2
"474170",3
"474171",1
"474344",2
"474354",1
"4744",2
"4745",2
"4747",3
"475",1
"4750",5
"4751",2
"4752",2
"4753",1
"4756",3
"4758",1
"4759",1
"476",1
"4760",2
"4761",2
"4762",1
"4763",1
"477",2
"4771",8
"4772",4
"4773",4
"4774",7
"4775",6
"4776",3
"4778",1
"4779",3
"4780",3
"4781",8
"4782",4
"4783",1
"4784",4
"479",1
"4790",1
"4791",3
"4792",2
"4793",3
"4794",1
"4795",1
"4796",3
"4798",4
"4799",5
"48",2
"480",3
"4800",6
"4801",4
"4802",6
"4803",1
"4804",1
"4807",1
"4808",2
"4809",2
"481",2
"4810",2
"4811",3
"4814",1
"4815",1
"4817",2
"4818",1
"482",1
"4820",8
"4821",1
"4824",3
"4825",1
"4826",1
"4828",1
"4829",1
"483",3
"4830",1
"4832",1
"4833",1
"4835",2
"4836",3
"4837",1
"4838",2
"4839",1
"4841",3
"4842",6
"4843",1
"4846",2
"4848",4
"4849",3
"4850",5
"4851",2
"4852",1
"4853",4
"4854",2
"4855",2
"4856",2
"4857",3
"4858",4
"486",2
"4860",1
"4861",2
"4862",5
"4863",3
"4864",4
"4867",3
"4868",1
"4869",3
"487",2
"4878",1
"4879",1
"488",4
"4880",1
"4881",2
"4882",2
"4883",3
"4884",1
"4885",1
"4886",1
"4887",3
"4888",2
"4889",1
"489",5
"4891",5
"4892",3
"4893",2
"4897",2
"4898",2
"4899",5
"49",1
"490",3
"4900",1
"4901",2
"4902",1
"4904",3
"4905",2
"4907",4
"4908",1
"491",6
"4913",1
"4914",1
"4915",6
"4916",9
"4917",1
"4919",3
"492",4
"4920",1
"4921",4
"4922",1
"4923",1
"492307",1
"492311",2
"4924",2
"4925",2
"4926",5
"4927",2
"4928",3
"4929",3
"493",3
"4931",1
"4935",1
"493753",2
"4938",2
"493812",2
"493829",1
"493856",3
"493861",1
"493869",2
"4939",3
"493911",1
"4940",2
"494115",1
"494143",1
"494150",1
"4942",1
"4943",2
"494470",3
"494513",1
"494514",1
"494558",1
"4946",2
"4947",2
"4948",1
"495",1
"4951",1
"4952",2
"4953",1
"4956",1
"4957",2
"4958",2
"496",3
"4967",3
"4968",3
"4969",2
"497049",1
"497189",1
"497256",1
"497258",2
"497259",2
"4973",1
"4975",1
"4976",4
"497634",1
"4978",2
"498",2
"4982",2
"4983",1
"4985",1
"49854",2
"49855",3
"49856",3
"4986",2
"49860",1
"49861",1
"4987",2
"4988",3
"4990",1
"4991",1
"4992",1
"4993",1
"4994",1
"4995",1
"4998",1
"4999",2
"50",2
"5000",2
"5001",3
"5002",1
"5003",1
"5004",1
"5007",3
"5008",2
"5009",1
"501",3
"5010",3
"5013",1
"5015",2
"5016",1
"5017",2
"5018",1
"5019",1
"5020",1
"5021",1
"5023",1
"5024",1
"5025",1
"5026",1
"5027",2
"5028",1
"5029",1
"5030",1
"5031",1
"5033",2
"5034",3
"503519",1
"503538",1
"503542",1
"503569",1
"5036",2
"503639",2
"503693",1
"5037",3
"5042",1
"5045",1
"5046",4
"5047",1
"5048",4
"50484",1
"50485",1
"50486",1
"50487",1
"50488",4
"50489",1
"5049",3
"5050",1
"50506",1
"50507",2
"50508",1
"50509",2
"5051",2
"50511",2
"50512",1
"50514",1
"50515",3
"5052",1
"5054",3
"5055",1
"5058",4
"506",1
"50604",1
"50613",1
"50614",1
"50615",3
"50616",2
"50617",1
"50618",3
"50619",2
"5062",6
"50624",1
"50626",4
"50628",2
"5063",2
"50632",1
"50636",1
"5064",1
"50640",3
"50649",1
"50650",1
"50651",1
"50652",2
"5066",3
"5067",1
"50674",1
"5068",2
"5069",11
"50700",1
"5071",3
"50717",9
"5073",1
"5074",7
"5075",3
"5076",2
"5077",4
"5078",2
"5079",2
"5080",2
"50801",1
"50802",1
"50804",6
"50805",1
"50807",5
"50808",2
"50809",4
"5081",2
"50810",8
"50813",1
"50814",2
"5082",2
"5083",2
"50831",1
"50832",1
"50833",1
"50834",1
"50835",1
"50836",1
"50837",1
"50838",1
"50839",1
"50840",3
"50846",1
"50848",4
"50852",1
"50853",1
"50854",1
"50855",1
"50856",2
"50859",4
"50861",2
"50862",4
"50863",1
"50865",1
"5087",3
"5089",4
"509",4
"5090",1
"5091",1
"5092",1
"5093",1
"50937",3
"50939",2
"5094",6
"50940",4
"50943",3
"50944",1
"50945",1
"5095",3
"5096",2
"50964",1
"5097",2
"5098",2
"5099",5
"50999",6
"51",5
"5100",1
"51000",2
"51001",1
"51002",1
"51003",3
"51004",1
"51006",3
"51008",2
"51009",2
"5101",4
"51010",6
"51011",4
"51012",3
"51013",3
"51015",1
"51016",1
"51018",2
"51019",1
"51020",2
"51021",2
"51022",1
"51023",3
"51024",1
"51025",1
"51026",2
"51027",1
"51028",2
"51029",5
"51030",1
"51031",1
"51032",1
"51035",2
"5104",1
"51042",1
"51043",2
"51046",3
"5105",1
"51050",2
"51052",1
"51053",1
"51054",1
"51056",1
"51057",2
"51058",1
"51059",3
"5106",1
"51060",1
"51061",1
"51062",1
"51063",2
"51065",3
"51066",1
"51067",1
"51068",3
"51069",2
"51070",1
"51071",1
"51073",3
"51074",2
"51075",1
"51076",1
"51077",3
"51078",2
"51079",1
"5108",6
"51081",1
"51082",3
"51083",2
"51084",1
"51085",1
"51086",1
"51087",1
"51088",4
"51090",1
"51091",5
"51092",2
"51093",1
"51094",1
"51095",3
"51096",2
"51097",2
"51098",2
"51099",4
"5110",3
"51100",3
"51101",3
"51102",1
"51103",1
"51104",3
"51105",7
"51106",4
"51107",3
"51108",4
"51109",4
"5111",1
"51110",2
"51111",3
"51112",1
"51114",2
"51115",3
"51116",1
"51117",2
"51118",2
"51121",1
"51122",2
"51123",2
"51124",2
"51125",2
"51126",1
"51127",1
"51128",5
"51129",2
"51130",1
"51131",2
"51132",2
"51133",1
"51134",2
"51135",1
"51136",2
"51138",2
"51141",1
"51142",1
"51143",2
"51144",4
"51145",1
"51146",1
"51147",2
"51148",2
"51149",1
"51150",4
"51151",2
"51152",1
"51154",2
"51155",2
"51156",1
"51157",1
"5116",2
"51160",1
"51161",1
"51162",1
"51163",2
"51164",3
"51166",1
"51167",2
"51168",1
"51170",1
"51171",4
"51172",1
"51174",3
"51175",2
"51176",3
"51177",1
"51179",2
"5118",1
"51181",1
"51182",3
"51184",1
"51185",2
"51186",1
"51187",2
"51188",1
"5119",1
"51191",1
"51192",2
"51193",3
"51194",1
"51195",1
"51196",5
"51198",1
"51199",6
"51200",1
"51201",4
"51203",2
"51204",2
"51205",2
"51206",1
"51207",1
"51208",4
"51209",1
"5121",1
"51213",1
"51214",1
"51218",1
"5122",1
"51222",2
"51224",1
"51225",1
"51226",2
"51227",1
"51228",2
"51230",5
"51231",6
"51232",1
"51233",2
"51234",2
"51236",2
"51237",2
"51239",1
"51241",1
"51244",3
"51246",1
"51247",3
"51248",1
"51249",1
"5125",3
"51250",1
"51251",1
"51252",1
"51253",1
"51255",1
"51256",2
"51257",1
"51258",1
"51259",1
"5126",2
"51260",2
"51263",5
"51264",1
"51265",4
"51266",1
"51267",1
"51268",1
"5127",3
"51270",1
"51271",2
"51272",2
"51274",4
"51275",4
"51276",1
"51277",4
"51278",1
"51279",2
"5128",2
"51280",2
"51281",3
"51282",3
"51283",1
"51284",2
"51285",1
"51286",1
"51287",1
"51289",1
"5129",1
"51290",4
"51291",2
"51292",1
"51293",1
"51294",1
"51295",1
"51296",1
"51297",1
"51298",1
"51299",1
"513",2
"5130",3
"51300",1
"51301",1
"51302",3
"51303",3
"51304",4
"51305",2
"51306",1
"51307",1
"51308",1
"51309",1
"51310",2
"51311",2
"51312",10
"51313",2
"51314",1
"51315",3
"51316",1
"51317",4
"51318",3
"51319",3
"5132",1
"51320",5
"51321",1
"51322",6
"51324",2
"51327",1
"51329",2
"5133",1
"51330",1
"51332",1
"51333",5
"51334",2
"51335",3
"51337",1
"51338",3
"51339",1
"5134",5
"51340",1
"51341",6
"51343",4
"51347",2
"51348",1
"51350",1
"51351",4
"51352",1
"51359",1
"5136",7
"51360",3
"51361",2
"51362",2
"51363",2
"51364",2
"51365",1
"51366",3
"51367",1
"51368",2
"5137",6
"51371",2
"51372",1
"51373",1
"51374",1
"51375",1
"51377",4
"51378",1
"51379",1
"5138",1
"51380",3
"51382",4
"51384",2
"51385",4
"51386",1
"51388",2
"51389",2
"5139",4
"51390",3
"51393",2
"51397",3
"51398",1
"514",2
"5140",3
"51400",3
"51406",3
"51409",4
"5141",5
"51411",1
"51412",2
"5142",3
"51421",1
"51422",5
"51426",3
"51427",3
"51428",1
"51429",2
"51430",1
"51433",6
"51434",2
"51435",3
"51438",2
"51439",1
"5144",6
"51440",2
"51441",2
"51442",3
"51444",2
"51447",2
"51449",2
"5145",1
"51450",1
"51451",1
"51454",5
"51455",4
"51458",1
"5146",1
"51460",2
"51465",6
"51466",2
"5147",3
"51471",1
"51473",2
"51474",3
"51475",1
"51477",4
"51478",1
"51479",4
"5148",1
"51480",2
"5149",1
"51490",2
"51491",4
"51493",1
"51495",4
"51496",4
"51497",4
"51499",1
"515",2
"5150",6
"51501",2
"51503",1
"51504",1
"51506",1
"51507",5
"5151",4
"51510",2
"51512",5
"51513",2
"51514",2
"51517",3
"5152",2
"51520",4
"51522",1
"51523",3
"51524",1
"51526",2
"51527",1
"51528",2
"51529",2
"5153",1
"51530",1
"51531",3
"51533",3
"51534",4
"51535",5
"51537",1
"51538",2
"5154",2
"51540",3
"51542",3
"51545",1
"51547",1
"51548",2
"5155",4
"51550",3
"51552",3
"51554",1
"51555",4
"51557",1
"51559",2
"5156",4
"51560",3
"51561",4
"51562",1
"51564",2
"51566",2
"51567",1
"51569",3
"5157",1
"51571",3
"51573",2
"51574",3
"51575",2
"5158",2
"51581",4
"51582",2
"51585",2
"51586",1
"51588",2
"5159",1
"51592",4
"51593",5
"51594",3
"51596",1
"51599",1
"516",1
"5160",3
"51601",1
"51602",1
"51603",3
"51604",2
"51605",2
"51606",3
"51608",3
"5161",1
"51611",5
"51614",3
"51616",5
"51617",1
"51619",5
"5162",2
"51621",3
"51622",1
"51626",4
"51629",1
"5163",3
"51631",2
"51633",1
"51634",2
"51635",3
"51637",1
"51639",2
"5164",2
"51642",1
"51643",4
"51645",1
"51646",2
"51647",1
"51649",2
"5165",5
"51650",1
"51651",1
"51654",1
"51655",1
"51657",5
"51659",3
"5166",3
"51660",2
"51661",3
"51663",4
"51665",3
"51666",6
"51667",5
"51668",3
"51669",1
"5167",4
"51673",1
"51676",2
"51678",2
"5168",2
"51684",4
"51686",2
"5169",2
"51690",1
"51691",4
"51692",1
"51693",3
"51696",3
"51699",2
"517",2
"5170",1
"51700",1
"51701",3
"51702",1
"51703",2
"51704",4
"51705",3
"51706",2
"51710",2
"51714",2
"51715",3
"51716",1
"51719",2
"5172",1
"51720",1
"51725",2
"51726",1
"51727",3
"51728",2
"51729",3
"5173",1
"51733",4
"51734",1
"51735",4
"51738",2
"5174",1
"51741",5
"51742",4
"51744",2
"51747",6
"5175",5
"51750",2
"51751",1
"51752",5
"51754",2
"51755",8
"51759",1
"5176",1
"51760",2
"51761",3
"51762",3
"51763",2
"51764",1
"51765",2
"51768",3
"51773",6
"51776",7
"51778",3
"5178",2
"51780",2
"5179",2
"518",3
"51802",1
"51804",2
"51805",2
"51806",1
"51807",1
"51808",3
"51809",2
"51816",1
"5184",1
"5188",1
"5189",2
"5190",2
"5191",2
"5192",2
"5193",1
"5194",5
"5195",3
"5196",1
"5197",1
"5198",1
"5199",1
"52",4
"5201",1
"5202",1
"5203",3
"5204",2
"5205",2
"5207",3
"5208",4
"5209",1
"521",2
"5210",2
"5211",2
"5212",1
"5213",1
"5214",2
"5216",1
"5217",1
"5218",3
"522",1
"5223",1
"5224",1
"5225",2
"5226",3
"5228",2
"5229",3
"523",2
"5230",6
"5232",1
"5236",1
"5238",2
"5239",3
"5241",2
"5243",2
"5244",2
"5245",2
"525",2
"5250",2
"5251",2
"5252",2
"5253",2
"5255",2
"5256",3
"5257",4
"526",1
"5260",2
"5261",3
"5264",1
"5265",4
"5266",2
"5267",1
"5268",2
"5269",4
"527",2
"5270",2
"5271",2
"5272",3
"5273",1
"5274",1
"5275",6
"5276",1
"5277",1
"5279",3
"528",4
"5281",2
"5283",1
"5284",2
"5286",7
"5287",1
"5288",1
"5289",7
"529",1
"5290",3
"5291",2
"5292",1
"5293",2
"5294",3
"5295",3
"5296",3
"5297",1
"5298",3
"53",1
"5300",1
"5301",1
"5303",4
"5304",1
"5305",3
"5306",3
"5307",2
"5308",1
"5309",1
"5311",1
"5313",3
"5314",3
"5315",2
"5316",5
"5317",2
"5318",2
"5319",1
"5320",1
"5321",1
"5322",3
"5324",1
"5325",3
"5326",2
"5327",1
"5328",2
"5329",3
"533",1
"5330",2
"5331",1
"5332",2
"5333",1
"53335",4
"53336",2
"53339",1
"5334",2
"53340",1
"53342",1
"53343",1
"53344",3
"53345",3
"53346",1
"53347",1
"53349",2
"5335",2
"53353",1
"53354",1
"53358",3
"5336",4
"5337",7
"53371",3
"53373",3
"5338",1
"5339",2
"534",1
"5340",3
"53405",5
"53407",1
"5341",2
"5342",1
"5345",1
"5346",1
"5347",1
"5348",1
"5349",2
"535",2
"5350",3
"5351",1
"5352",2
"5354",1
"5355",1
"5356",2
"5357",1
"5358",1
"5359",3
"5360",1
"5361",3
"53615",3
"53616",8
"5362",3
"53630",1
"53632",1
"53635",1
"53637",3
"5364",2
"5365",1
"5366",2
"5367",1
"5368",1
"5369",4
"537",1
"5370",2
"5371",10
"5372",1
"5373",1
"5375",2
"5376",4
"5378",5
"5379",4
"538",2
"5380",1
"5382",1
"53820",1
"53822",1
"53826",1
"53827",2
"53828",1
"53829",1
"5383",1
"53831",1
"53832",3
"53833",1
"53834",2
"53836",1
"53838",2
"53841",3
"53844",1
"5387",4
"539",3
"53904",3
"53905",3
"53916",1
"53917",1
"53918",3
"53919",2
"5393",1
"53938",1
"5394",2
"53940",1
"53942",2
"53944",4
"53947",1
"5396",3
"53981",3
"54",1
"540",1
"54014",8
"54020",2
"54033",1
"54039",1
"54058",6
"54059",3
"5406",1
"54065",3
"54067",2
"54069",3
"5407",2
"54072",1
"5408",1
"54084",3
"54088",1
"54089",1
"5409",1
"54093",3
"54094",1
"54097",1
"54101",2
"54102",2
"54103",2
"54106",1
"54107",1
"54108",1
"5411",5
"54112",1
"5412",2
"5414",3
"54143",2
"54145",1
"541468",1
"541471",2
"541472",1
"54148",2
"54149",2
"541565",2
"541578",1
"54165",6
"54187",2
"5420",1
"54205",3
"54206",1
"54207",3
"54209",1
"54210",1
"54212",3
"5422",1
"54221",2
"5423",2
"5424",1
"5425",1
"5426",1
"5427",1
"542767",1
"5428",3
"5429",6
"5430",3
"5431",3
"5432",3
"54328",4
"54329",2
"5433",2
"54331",4
"54332",3
"5434",2
"54344",1
"54345",1
"54346",2
"5435",2
"5436",1
"54360",1
"54361",3
"54363",1
"5437",1
"5438",1
"54386",1
"5439",1
"5440",2
"54407",3
"5441",2
"54413",2
"54414",4
"5442",3
"54429",1
"5443",1
"54431",5
"54432",1
"54433",1
"54434",4
"54435",1
"54436",2
"54437",1
"54438",2
"54439",2
"5444",2
"54440",1
"54442",3
"54443",2
"5445",3
"54453",2
"54454",3
"54455",4
"54456",2
"54457",2
"54458",1
"5446",1
"54460",1
"54461",1
"54462",4
"54463",4
"54464",4
"54465",1
"54466",1
"54467",3
"54468",3
"54469",2
"5447",1
"54470",2
"54471",4
"54472",4
"54474",1
"54475",2
"54476",4
"54477",2
"54478",1
"54480",2
"54482",2
"5449",1
"54490",1
"54491",3
"54492",1
"54494",2
"54495",2
"54496",1
"54497",2
"54498",3
"54499",4
"545",3
"54502",5
"54503",2
"54504",1
"54505",1
"54507",2
"54508",1
"54509",4
"5451",4
"54510",2
"54511",3
"54512",3
"54514",1
"54516",4
"54517",1
"54518",3
"5452",7
"54520",4
"54521",2
"54522",2
"54529",1
"5453",2
"54531",3
"54532",4
"54534",3
"54535",4
"54536",3
"54537",1
"54538",2
"54539",1
"5454",2
"54540",2
"54541",1
"54542",7
"54544",1
"54545",2
"54546",1
"54549",5
"5455",3
"54550",1
"54551",1
"54552",4
"54554",1
"54555",3
"54556",4
"54557",2
"54558",4
"5456",1
"54566",6
"54567",1
"5457",2
"54578",1
"5458",1
"54581",6
"54583",4
"54584",3
"54585",4
"54586",3
"54587",1
"5459",1
"54596",2
"546",4
"54602",4
"54606",2
"54617",2
"54619",3
"5462",1
"54620",1
"54621",1
"54622",2
"54623",1
"54625",2
"54626",3
"54627",1
"54629",4
"5463",4
"5464",1
"5465",9
"54658",1
"54660",2
"54661",1
"54662",2
"54663",3
"54664",4
"54665",5
"5467",4
"54674",2
"54675",5
"54676",3
"54677",3
"5468",1
"54680",2
"54681",1
"54682",1
"5469",4
"547",3
"5470",1
"54700",1
"54704",2
"54707",2
"54708",2
"5471",2
"54714",2
"54715",3
"54716",2
"54718",1
"54726",4
"54729",1
"5473",1
"54732",2
"54733",1
"54734",1
"54737",4
"54738",1
"54739",3
"54741",4
"54742",2
"54748",2
"54749",1
"5475",1
"54751",4
"54752",1
"54753",2
"54756",2
"54757",4
"54758",4
"5476",1
"54760",1
"54762",1
"54763",3
"54764",3
"54765",3
"54766",2
"54768",1
"54769",2
"54776",3
"54777",3
"54778",1
"5478",2
"54780",4
"54784",1
"54785",2
"54788",4
"5479",2
"54790",3
"54793",1
"54795",1
"54796",6
"54798",2
"54799",3
"5480",2
"54800",5
"54801",3
"54802",1
"54805",4
"54806",5
"54807",2
"54808",3
"54809",2
"5481",2
"54810",2
"54811",2
"54812",2
"54813",3
"54814",1
"54815",6
"54819",3
"54820",5
"54821",1
"54822",5
"54823",1
"54825",1
"54826",2
"54827",1
"54828",1
"54829",2
"54830",2
"54831",1
"54832",4
"54834",2
"54836",2
"54838",1
"54839",1
"54840",3
"54841",5
"54842",2
"54843",3
"54845",2
"54847",1
"54848",1
"54849",2
"54850",2
"54851",1
"54852",2
"54853",3
"54854",1
"54855",2
"54856",4
"54857",1
"54858",4
"54859",4
"54860",1
"54861",3
"54862",4
"54863",3
"54865",5
"54866",1
"54867",1
"54868",1
"54869",5
"54870",2
"54872",4
"54873",3
"54874",1
"54875",4
"54876",3
"54877",3
"54878",3
"54879",5
"54880",4
"54881",2
"54882",1
"54883",2
"54884",1
"54885",3
"54886",2
"54887",3
"54888",1
"54890",3
"54891",6
"54892",1
"54893",2
"54894",1
"54896",3
"54897",5
"54898",2
"54899",4
"549",1
"54900",1
"54901",2
"54902",1
"54903",2
"54904",7
"54905",1
"54906",4
"54908",1
"54910",2
"54913",2
"54914",2
"54915",1
"54916",2
"54918",4
"54919",2
"54920",2
"54921",1
"54922",2
"54923",1
"54925",2
"54926",2
"54927",2
"54928",6
"54929",2
"5493",1
"54931",1
"54932",3
"54933",3
"54934",1
"54935",1
"54936",1
"54937",1
"54938",1
"54939",3
"5494",6
"54940",5
"54941",2
"54942",1
"54943",1
"54944",1
"54946",2
"54947",4
"54948",1
"54949",1
"5495",2
"54951",1
"54952",4
"54953",2
"54954",2
"54955",1
"54956",1
"54957",2
"54958",1
"54959",1
"5496",1
"54960",3
"54961",3
"54962",1
"54963",3
"54964",3
"54965",3
"54967",1
"54968",3
"54969",2
"54970",4
"54971",3
"54972",4
"54973",2
"54974",1
"54976",2
"54977",1
"54978",3
"54979",3
"5498",3
"54980",1
"54981",2
"54982",6
"54984",1
"54985",2
"54986",4
"54987",1
"54988",3
"54989",2
"5499",1
"54991",1
"54993",2
"54994",2
"54995",1
"54996",3
"54997",2
"54998",5
"55",3
"550",1
"5500",4
"55000",5
"55001",4
"55002",4
"55003",1
"55004",1
"55005",2
"55006",1
"55007",2
"55008",2
"55009",1
"5501",1
"55010",3
"55011",1
"55012",3
"55013",1
"55014",5
"55015",1
"55016",4
"55017",1
"55018",1
"5502",2
"55020",3
"55022",3
"55023",5
"55024",3
"55025",1
"55026",1
"55027",2
"55028",3
"55030",1
"55031",5
"55032",1
"55033",3
"55034",2
"55035",1
"55036",5
"55037",4
"55038",1
"55039",1
"5504",4
"55040",2
"55041",3
"55048",3
"55049",2
"55051",3
"55052",3
"55054",2
"55055",2
"55056",3
"55057",2
"5506",2
"55061",3
"55062",2
"55063",2
"550631",3
"55064",5
"550643",2
"55065",1
"55066",3
"55068",1
"55069",2
"5507",2
"55070",2
"55071",2
"55072",2
"55073",1
"55074",5
"55075",4
"55076",1
"55079",3
"55080",2
"55081",3
"55082",4
"55083",3
"55084",8
"55086",2
"55088",3
"55089",2
"5509",2
"55090",1
"55092",1
"55093",1
"55094",1
"55095",4
"55096",1
"551",1
"5510",3
"55100",1
"55101",3
"55102",4
"55103",5
"55105",5
"55106",1
"55107",2
"55108",3
"55109",4
"5511",1
"55110",2
"55112",3
"55113",1
"55114",1
"55116",1
"55117",4
"55118",2
"55119",2
"55120",1
"55122",3
"55124",3
"55125",1
"55127",5
"55128",1
"55129",1
"55130",2
"55131",1
"55132",6
"55133",1
"55135",2
"55137",4
"55138",1
"55139",1
"5514",2
"55140",2
"55142",4
"55143",1
"55144",1
"55145",1
"55146",2
"55147",1
"55148",1
"55149",4
"5515",3
"55150",1
"55151",3
"55152",2
"55153",3
"55154",2
"55156",2
"55157",1
"55159",1
"5516",2
"55160",2
"55161",5
"55163",2
"55164",2
"55165",1
"55166",1
"55167",1
"55168",2
"55170",1
"55171",1
"55172",1
"55173",3
"55174",4
"55175",1
"55176",3
"55177",1
"55178",1
"55179",1
"5518",1
"55180",5
"55181",1
"55182",1
"55184",2
"55186",5
"55187",5
"55188",2
"5519",5
"55190",1
"55191",4
"55192",1
"55193",6
"55194",3
"55195",3
"55196",2
"55197",6
"55198",1
"55199",1
"552",5
"5520",4
"55200",1
"55201",1
"55203",1
"55204",1
"55205",2
"55206",5
"55207",2
"55208",1
"55209",5
"5521",2
"55210",1
"55211",3
"55212",2
"55213",3
"55214",2
"55215",3
"55216",6
"55217",3
"55218",3
"55219",2
"5522",6
"55220",2
"55222",1
"55223",3
"55224",1
"55225",2
"55226",1
"55227",2
"55228",1
"55229",1
"5523",3
"55230",2
"55231",1
"55233",4
"55234",3
"55236",7
"55237",1
"55238",4
"55239",4
"5524",3
"55240",2
"55243",3
"55244",1
"55245",4
"55246",2
"55247",1
"55248",2
"55249",1
"5525",2
"55250",5
"55251",2
"55252",6
"55253",1
"55254",4
"55255",3
"55256",3
"55257",1
"55258",2
"55259",1
"5526",2
"55260",2
"55262",1
"55266",4
"55267",1
"55268",2
"55269",5
"5527",6
"55270",1
"55272",1
"55273",1
"55274",2
"55275",9
"55276",3
"55277",2
"55278",4
"55279",6
"5528",2
"55280",3
"55281",1
"55282",1
"55283",4
"55284",6
"55285",2
"55286",2
"55287",2
"55288",3
"552889",2
"55289",2
"5529",4
"55290",2
"552900",2
"55291",3
"55293",4
"55294",4
"55295",1
"55296",1
"55297",2
"55298",1
"55299",1
"553",1
"5530",3
"55301",3
"55303",1
"55304",3
"55308",3
"5531",1
"553103",1
"55311",2
"553115",1
"55312",2
"55313",3
"55314",4
"55315",1
"55316",1
"55317",1
"55319",1
"5532",2
"55320",3
"55321",1
"55322",3
"55323",3
"55324",1
"55325",1
"55326",2
"55327",3
"55328",2
"55329",1
"5533",4
"55330",1
"55331",6
"55332",1
"55334",4
"55335",2
"55336",1
"55337",3
"55338",4
"5534",2
"55341",3
"55342",5
"55343",2
"55344",2
"55345",4
"55346",3
"55347",2
"55349",7
"5535",2
"55350",3
"55351",1
"55352",1
"55353",4
"55354",2
"55355",1
"55356",1
"55357",1
"55359",2
"5536",2
"55361",3
"55362",1
"55363",2
"55364",2
"55365",1
"55366",3
"55367",2
"5537",4
"55370",5
"55374",1
"55379",3
"5538",1
"55384",10
"55387",2
"55388",3
"5539",1
"554",2
"55412",2
"55415",1
"554174",1
"5542",3
"554201",1
"554202",1
"554203",1
"554206",2
"554207",1
"55421",5
"55422",2
"55423",2
"554235",1
"55425",5
"554279",1
"55432",2
"55435",3
"55437",1
"5544",1
"55448",1
"55449",2
"5545",1
"55450",3
"55451",1
"55454",3
"5546",1
"55460",1
"55466",4
"5547",4
"55471",3
"55472",1
"55478",1
"55486",2
"5549",3
"5550",3
"55500",6
"55501",2
"55502",1
"55503",2
"55504",3
"55505",1
"55506",1
"55507",1
"55508",2
"55509",1
"5551",2
"55510",1
"55511",1
"55512",2
"55515",1
"5552",3
"55520",2
"55521",4
"55526",2
"55527",2
"55529",1
"5553",1
"55530",2
"55532",1
"55534",3
"55536",1
"55539",1
"55540",3
"55544",1
"55547",3
"55552",1
"55553",8
"55554",4
"55556",4
"55558",3
"55559",1
"55561",2
"55565",3
"55567",5
"55568",3
"5557",1
"55571",1
"55572",1
"55573",3
"55576",2
"55577",1
"55578",5
"5558",1
"55582",1
"55584",1
"55585",3
"55586",1
"55588",1
"55589",6
"55591",4
"55592",3
"55593",3
"55596",2
"55599",3
"55600",1
"55601",1
"55602",1
"55603",3
"55604",4
"55605",2
"55607",4
"55608",4
"55609",1
"55610",4
"55612",4
"55614",2
"55615",2
"55616",2
"55617",2
"55619",2
"5562",5
"55620",1
"55621",3
"55622",2
"55623",2
"55624",3
"55625",1
"55626",4
"55628",4
"55629",2
"5563",5
"55630",1
"55631",2
"55632",5
"55633",3
"55634",1
"55635",4
"55636",4
"55638",1
"5564",2
"55640",3
"55643",1
"55644",1
"55646",2
"55647",2
"5565",3
"55650",2
"55651",1
"55652",3
"55653",5
"55654",3
"55655",2
"55656",1
"55657",1
"55658",3
"55659",2
"5566",2
"55660",6
"55661",2
"55662",3
"55663",2
"55664",3
"55665",2
"55666",1
"55667",3
"55668",8
"55669",3
"5567",3
"55670",3
"55671",3
"55672",2
"55676",3
"55677",2
"55679",1
"5568",1
"55680",7
"55681",3
"55683",4
"55684",3
"55686",2
"55687",1
"55689",2
"5569",2
"55690",2
"55691",8
"55692",5
"55693",2
"55695",2
"55696",3
"55697",3
"55698",1
"55699",1
"5570",2
"55700",1
"55701",6
"55702",1
"55703",3
"55704",6
"55705",4
"55706",2
"55707",2
"55709",2
"5571",1
"55711",3
"55713",2
"55714",3
"55715",3
"55716",1
"55717",2
"55718",1
"55719",4
"55720",4
"55721",1
"55722",1
"55723",1
"55726",1
"55727",5
"55728",2
"55729",4
"5573",4
"55731",3
"55732",1
"55733",1
"55734",4
"55735",2
"55737",5
"55738",2
"55739",1
"55740",6
"55741",1
"55742",7
"55743",2
"55744",4
"55745",5
"55746",2
"55748",3
"55749",3
"5575",2
"55750",3
"55751",1
"55752",4
"55753",1
"55754",3
"55755",3
"55756",2
"55757",7
"55758",3
"55759",3
"5576",5
"55760",1
"55761",6
"55762",2
"55763",1
"55764",2
"55765",1
"55766",4
"55768",2
"55769",2
"5577",1
"55770",2
"55771",3
"55773",1
"55775",3
"55776",3
"55777",3
"55778",2
"55779",2
"5578",5
"55780",1
"55781",2
"55783",1
"55784",5
"55785",5
"55786",1
"55787",3
"55788",2
"55789",1
"5579",6
"55790",2
"55791",1
"55793",2
"55794",4
"55795",2
"55796",3
"55798",1
"55799",1
"558",2
"5580",1
"55800",2
"55801",1
"55802",2
"55803",2
"55805",1
"55806",3
"55808",1
"55809",3
"5581",3
"55810",2
"55811",2
"55812",2
"55813",2
"55814",3
"55815",1
"55816",2
"55818",2
"55819",6
"5582",2
"55821",1
"55823",1
"55824",3
"55825",2
"55827",3
"55829",1
"5583",3
"55830",2
"55831",3
"55832",7
"55833",2
"55835",3
"55837",1
"55839",4
"5584",3
"55840",3
"55841",2
"55844",2
"55845",2
"55846",1
"55847",1
"55848",1
"5585",1
"55850",2
"55851",1
"55852",1
"55853",1
"55854",3
"55856",1
"55857",4
"55858",6
"55859",1
"5586",3
"55860",1
"55862",4
"55863",2
"55867",1
"55869",3
"5587",2
"55870",3
"55872",1
"55876",3
"55879",2
"5588",2
"55884",1
"55885",4
"55888",2
"5589",2
"55890",2
"55891",1
"55892",6
"55893",3
"55897",3
"55898",2
"5590",1
"55900",3
"55902",1
"55904",3
"55905",3
"55906",3
"55907",2
"55908",1
"55909",2
"5591",3
"55911",1
"55914",3
"55915",3
"55916",2
"55917",3
"5592",3
"55920",1
"55922",1
"55929",1
"5593",1
"55930",1
"55937",2
"5594",7
"5595",1
"55954",1
"55957",2
"55958",4
"55959",2
"5596",3
"55964",1
"55966",4
"55967",1
"55968",6
"5597",2
"55970",3
"55971",3
"55972",2
"55973",6
"55974",1
"55975",3
"5598",2
"5599",5
"55997",2
"55998",1
"56",6
"5600",3
"56000",2
"56005",2
"56006",3
"5601",3
"5602",3
"5603",2
"56033",1
"56034",2
"5604",1
"5605",3
"56052",1
"56061",2
"56062",2
"56063",3
"5607",6
"5608",2
"5609",5
"56097",1
"56098",2
"56099",2
"5610",3
"56100",1
"56101",1
"56106",1
"56107",1
"5611",4
"56111",1
"56112",2
"56114",1
"5612",1
"56120",1
"56121",1
"56122",1
"56123",2
"56124",1
"56125",1
"56127",1
"56128",1
"56129",1
"5613",1
"56130",2
"56131",2
"56132",2
"56133",1
"56134",1
"56135",2
"56139",1
"56143",1
"56146",1
"56154",2
"56155",1
"56156",1
"56157",2
"56158",1
"56159",3
"5616",1
"56160",1
"56163",4
"56164",1
"56165",1
"56169",1
"5617",1
"56171",3
"56172",7
"5618",7
"56180",2
"56181",1
"5619",1
"5620",1
"56203",3
"56204",2
"5621",2
"5623",1
"5624",1
"56241",2
"56242",2
"56243",7
"56244",1
"56245",2
"56246",3
"56252",4
"56253",1
"56254",1
"56255",3
"56256",4
"56257",1
"56259",1
"5626",1
"56260",1
"56261",3
"56262",2
"56265",1
"56267",1
"56269",1
"5627",1
"56270",1
"56271",1
"56287",1
"56288",4
"5629",4
"563",1
"5630",1
"56300",1
"56301",1
"56302",2
"5631",2
"56311",1
"56339",3
"5634",2
"56341",2
"56344",1
"5635",2
"5636",1
"5638",1
"5639",1
"5641",1
"56413",1
"5645",2
"5646",2
"56474",2
"56475",1
"56477",3
"56478",2
"56479",2
"5648",5
"5649",1
"5650",2
"5651",2
"5652",1
"56521",3
"5653",1
"5654",1
"56547",1
"56548",1
"5655",2
"5657",1
"566",1
"5660",2
"56603",2
"56604",1
"56605",2
"56606",2
"56616",1
"5662",1
"56623",1
"5663",7
"5664",3
"56647",3
"56648",3
"56649",1
"56650",4
"56651",4
"56652",1
"56654",1
"56655",3
"56656",1
"56659",1
"56660",1
"56666",3
"56667",2
"56670",1
"56672",2
"56673",1
"56674",2
"56675",2
"56676",1
"56681",3
"56683",2
"5669",3
"567",3
"5670",1
"56704",2
"5671",1
"5672",1
"56729",1
"5673",2
"56731",4
"5675",3
"56751",1
"5676",1
"56776",4
"5678",3
"5680",1
"5681",1
"5682",3
"56829",3
"5683",2
"56832",1
"56833",2
"56834",3
"5684",3
"56848",2
"56849",1
"5685",1
"56850",1
"56851",2
"56852",4
"56853",7
"5686",2
"5688",2
"56882",4
"56884",1
"56886",5
"56888",4
"56889",5
"5689",3
"56890",2
"56891",1
"56892",1
"56893",2
"56894",6
"56895",2
"56896",2
"56897",4
"56898",2
"56899",5
"5690",4
"56900",1
"56901",1
"56902",3
"56903",2
"56904",4
"56905",3
"56906",1
"56907",4
"5691",1
"56910",1
"56911",1
"56912",1
"56913",3
"56914",1
"56915",1
"56916",1
"56917",2
"56918",1
"56919",2
"5692",3
"56920",1
"56922",1
"56923",1
"56924",2
"56925",1
"56926",3
"56928",4
"56929",1
"5693",1
"56931",2
"56934",2
"56935",1
"56936",1
"56937",3
"56938",3
"5694",1
"56940",1
"56941",2
"56942",1
"56943",3
"56944",1
"56945",4
"56946",6
"56947",4
"56948",1
"56949",1
"5695",2
"56950",3
"56951",2
"56952",1
"56953",1
"56954",1
"56955",1
"56956",4
"56957",6
"5696",1
"56961",1
"56963",2
"56964",1
"56965",3
"56967",2
"56969",1
"5697",2
"56970",1
"56971",1
"56975",4
"56977",4
"56978",2
"56979",1
"5698",1
"56980",2
"56981",5
"56983",2
"56984",1
"56985",2
"56986",6
"56987",7
"5699",1
"56990",3
"56992",1
"56993",3
"56994",3
"56995",2
"56996",3
"56997",2
"56998",1
"56999",4
"570",1
"5700",1
"57000",1
"57001",1
"57002",1
"57003",2
"57007",3
"5701",3
"57010",3
"57016",1
"57017",2
"57018",4
"57019",3
"5702",1
"57020",2
"57030",2
"57037",1
"57038",5
"5704",1
"57045",2
"57047",2
"5705",1
"57050",1
"57051",1
"57053",3
"57057",1
"5706",1
"57060",1
"57061",1
"57062",2
"5707",2
"5708",1
"57082",4
"57084",1
"57085",3
"57088",1
"57089",2
"5709",1
"57091",2
"57092",3
"57094",2
"57095",3
"57096",1
"57097",3
"57099",1
"571",3
"5710",4
"57101",2
"57102",2
"57103",1
"57104",2
"57105",1
"57106",1
"57107",2
"57109",1
"5711",2
"57110",2
"57111",1
"57113",2
"57115",1
"57117",1
"57118",2
"57120",5
"57121",2
"57122",1
"57124",1
"57125",3
"57126",1
"57127",1
"57128",2
"57129",2
"5713",1
"57130",1
"57132",2
"57134",2
"57136",1
"57139",3
"5714",1
"57140",1
"57142",4
"57143",1
"57144",2
"57146",1
"57147",3
"57148",3
"57149",1
"5715",2
"57150",3
"57151",1
"57152",1
"57153",2
"57154",3
"57156",1
"57157",5
"57158",3
"57159",1
"5716",2
"57161",2
"57162",3
"57165",2
"57167",1
"57168",2
"57169",1
"5717",2
"57171",1
"57172",2
"57175",2
"57176",1
"57178",3
"57179",1
"5718",2
"57180",2
"57181",1
"57182",3
"57184",3
"57185",5
"57186",5
"57187",4
"57188",2
"57189",3
"5719",2
"57190",1
"57191",1
"57192",1
"57194",3
"57198",2
"572",3
"5720",1
"57205",1
"57209",2
"57210",2
"57211",3
"57212",3
"57213",2
"57214",2
"57215",1
"57216",1
"57217",4
"57221",4
"57222",4
"57223",6
"57224",4
"57226",5
"57228",1
"5723",3
"57231",2
"57232",1
"57234",2
"57235",2
"5724",3
"57242",1
"5725",4
"572558",1
"5726",1
"5727",4
"5728",7
"57282",1
"5729",3
"57291",1
"57292",1
"573",3
"5730",3
"5731",3
"5732",1
"57326",3
"5733",10
"57332",1
"57333",2
"57335",3
"57336",3
"57337",2
"57338",4
"5734",2
"57343",1
"57348",1
"57369",1
"5737",2
"57379",2
"5738",2
"57380",4
"57381",7
"5739",2
"57393",1
"57396",4
"57399",1
"574",4
"5740",3
"57402",1
"574029",1
"57403",2
"574036",1
"57404",1
"57405",1
"57406",4
"57407",2
"57408",2
"57409",2
"5741",1
"57410",2
"57412",1
"57414",2
"57415",2
"57418",1
"57419",2
"5742",4
"5743",2
"5744",3
"574407",2
"574414",1
"574432",1
"57446",3
"57447",3
"57448",2
"57449",2
"5745",1
"57451",1
"57452",3
"57453",2
"574538",1
"57455",2
"57456",2
"57458",2
"57459",2
"5746",1
"57460",3
"57461",4
"57462",2
"57463",1
"57464",2
"57465",2
"57466",5
"57467",1
"57468",1
"57469",1
"5747",4
"57470",1
"57471",1
"57472",2
"57473",2
"57474",1
"57475",2
"57476",1
"57477",2
"57478",5
"57479",1
"57480",1
"57481",1
"57482",3
"57484",4
"57486",6
"57488",5
"57489",4
"57491",1
"57492",7
"57493",2
"57494",5
"57495",1
"57496",4
"57497",1
"57498",5
"575",1
"57501",2
"57502",2
"57504",2
"57505",2
"57506",4
"57507",2
"57508",1
"57509",4
"57510",3
"57511",2
"57512",1
"57513",2
"57514",2
"57515",1
"57519",1
"57520",3
"57521",1
"57522",6
"57523",1
"57524",3
"57526",1
"57528",2
"57529",1
"5753",2
"57530",2
"57531",1
"57532",4
"57533",1
"57534",4
"57535",3
"57536",2
"57537",1
"57538",2
"57539",2
"5754",2
"57540",2
"57541",3
"57542",3
"57544",1
"57545",4
"57546",2
"57547",1
"57549",1
"57551",6
"57552",1
"57553",4
"57554",4
"57555",3
"57556",5
"57558",1
"57559",4
"5756",5
"57560",4
"57561",1
"57562",3
"57563",3
"57565",3
"57567",1
"57568",3
"57569",2
"5757",2
"57570",2
"57571",1
"57572",5
"57573",3
"57574",1
"57575",4
"57576",1
"57577",1
"57578",1
"57579",3
"57580",2
"57582",3
"57583",1
"57584",2
"57585",2
"57586",2
"57587",4
"57589",4
"57590",2
"57591",5
"57592",1
"57593",1
"57594",1
"57595",1
"57596",1
"57597",3
"57599",4
"576",1
"57600",4
"57602",5
"57604",1
"57605",3
"57606",7
"57608",3
"57609",3
"57610",4
"57611",1
"57612",1
"57613",3
"57614",2
"57615",1
"57616",2
"57617",2
"57619",3
"57620",3
"57621",1
"57622",1
"57623",1
"57624",1
"57626",2
"57628",1
"5763",2
"57630",2
"57631",1
"57633",1
"57634",4
"57636",4
"57639",1
"5764",4
"57642",2
"57643",1
"57644",2
"57645",3
"57646",3
"57647",2
"57648",1
"57649",2
"57650",2
"57654",3
"57655",2
"57657",1
"57658",1
"57659",2
"57661",2
"57662",2
"57663",1
"57664",1
"57666",5
"57669",4
"57670",3
"57673",1
"57674",8
"57677",1
"57678",2
"57679",3
"5768",2
"57680",1
"57683",1
"57684",2
"57685",2
"57687",1
"57688",1
"57689",2
"57690",5
"57691",1
"57692",2
"57693",2
"57695",3
"57696",1
"57697",4
"57698",1
"57699",1
"577",2
"5770",4
"57700",2
"57701",2
"57703",1
"57704",2
"57705",2
"57706",2
"57707",5
"57708",3
"57709",2
"5771",6
"57710",1
"57711",3
"57713",2
"57715",2
"57716",2
"57717",1
"57718",3
"57719",1
"57720",4
"57721",4
"57722",1
"57724",7
"57727",2
"57728",3
"57730",1
"57731",5
"57732",3
"57733",2
"5774",2
"5775",4
"57758",1
"57761",2
"57763",1
"5777",1
"5778",2
"57786",3
"57787",2
"57794",2
"57795",1
"57796",2
"57798",4
"57799",3
"578",1
"5780",3
"57801",1
"57804",1
"57805",3
"5781",6
"57817",1
"57818",1
"57819",1
"5782",3
"57820",1
"57821",3
"57822",1
"57823",3
"57824",1
"57826",2
"57827",1
"57828",3
"57829",1
"5783",2
"57830",1
"57834",1
"57835",3
"5784",4
"5786",3
"57863",4
"57864",1
"5787",4
"57876",2
"5788",5
"5789",4
"579",1
"5790",1
"5791",3
"5792",4
"5793",4
"5794",1
"5795",3
"5796",2
"5797",2
"5798",1
"5799",3
"58",1
"580",3
"5800",3
"5801",2
"5802",3
"5803",1
"5805",1
"5806",1
"581",2
"5810",5
"5813",5
"5814",1
"58155",2
"58157",2
"58158",1
"5816",1
"58160",1
"5817",7
"5818",4
"58189",1
"5819",4
"58190",1
"58191",1
"582",3
"5822",3
"5824",2
"5825",2
"5826",2
"5827",1
"5828",3
"5829",2
"583",1
"5830",2
"5831",1
"5832",2
"5833",2
"5834",2
"5836",1
"5837",1
"58472",1
"58473",3
"58475",3
"58476",1
"58477",3
"58478",1
"58480",2
"58483",2
"58484",2
"58485",1
"58486",2
"58487",6
"58488",1
"58489",1
"58490",2
"58491",4
"58492",2
"58493",5
"58494",2
"58495",2
"58497",4
"58498",1
"58499",3
"585",2
"58500",2
"58503",1
"58504",2
"58505",1
"58506",1
"58508",6
"58509",5
"58510",2
"58511",1
"58512",1
"58513",6
"58515",1
"58516",2
"58517",7
"58524",2
"58525",4
"58526",1
"58527",1
"58528",2
"58529",1
"58531",1
"58533",2
"58538",2
"5858",1
"586",4
"5860",2
"5861",4
"5862",6
"5863",1
"5864",1
"5865",5
"5866",1
"5868",3
"5869",1
"587",2
"5870",1
"5871",1
"5872",1
"5873",5
"5874",3
"5875",1
"5876",1
"5877",2
"5878",2
"5879",4
"5880",2
"5881",1
"5883",1
"5884",3
"5885",2
"5886",2
"5887",4
"5888",2
"5889",2
"5890",4
"5891",1
"5892",2
"5893",4
"5894",2
"5896",2
"5897",1
"5898",2
"58985",1
"58986",2
"5899",2
"59",3
"590",1
"5900",2
"5901",2
"5902",3
"5903",4
"5905",3
"5906",4
"59067",1
"5908",1
"59082",1
"59084",2
"5909",2
"5910",4
"5911",5
"5912",3
"5913",1
"5914",5
"5915",5
"5916",3
"5917",1
"5918",3
"5919",1
"5920",1
"5921",2
"5922",3
"5923",4
"5924",2
"5925",2
"5926",2
"59269",5
"5927",5
"59271",1
"59272",2
"59274",2
"59277",1
"5928",6
"59283",3
"59284",1
"59285",2
"59286",1
"5929",1
"593",1
"5930",8
"59307",2
"5931",1
"5932",1
"5933",4
"59335",1
"59336",1
"59338",2
"59339",3
"5934",2
"59340",2
"59341",1
"59342",2
"59343",3
"59344",2
"59345",3
"59347",1
"59348",2
"59349",2
"5935",2
"59350",3
"59351",2
"59352",1
"59353",1
"5936",1
"5937",6
"5939",6
"594",2
"5947",2
"5948",1
"594855",2
"5949",1
"595",2
"5950",2
"595101",1
"5954",1
"5955",2
"5957",1
"5959",1
"596",4
"5961",1
"5962",4
"5965",4
"5966",5
"5967",1
"5968",1
"5969",1
"597",1
"5970",2
"5971",1
"5972",1
"5973",1
"5976",2
"5977",1
"5978",2
"5979",3
"598",4
"5980",2
"5981",2
"5982",2
"5983",3
"5984",1
"5985",3
"5986",1
"5987",3
"5988",1
"5989",2
"599",2
"5990",3
"5991",4
"5992",3
"5993",2
"5994",2
"5995",3
"5996",3
"5997",1
"5998",2
"5999",3
"60",6
"6000",2
"6001",3
"6002",10
"6003",3
"6004",3
"6005",3
"6007",3
"6009",9
"6010",2
"6011",1
"6013",1
"6014",1
"6015",2
"6016",5
"6017",1
"6018",1
"6019",1
"60312",1
"60313",3
"60314",1
"60343",2
"6035",2
"6036",1
"6037",1
"60370",1
"6038",2
"60385",2
"60386",1
"6039",1
"604",3
"60401",1
"6041",2
"60412",3
"60436",2
"60437",4
"6045",1
"6046",3
"60467",1
"60468",2
"6047",1
"6048",1
"60481",4
"60482",2
"60484",1
"60485",5
"60487",1
"60488",1
"60489",2
"6049",3
"60490",1
"60491",1
"60492",3
"60493",1
"60494",1
"60495",1
"60496",3
"605",2
"6050",2
"60506",2
"60509",3
"6051",1
"60526",3
"60528",2
"60529",1
"60558",2
"60559",3
"60560",2
"60561",1
"6059",2
"60592",2
"60598",2
"606",2
"60625",3
"606495",4
"606553",1
"60672",2
"60673",1
"60674",1
"60675",1
"60676",4
"60677",1
"60678",1
"60680",3
"60681",1
"60682",1
"60684",3
"60685",2
"60686",1
"607",1
"608",1
"6091",1
"6092",3
"6093",5
"6094",1
"6095",8
"6096",3
"6097",2
"6098",2
"610",2
"6100",2
"6101",1
"6102",2
"6103",1
"611",1
"6117",3
"6118",1
"6119",1
"6120",4
"6121",1
"6122",1
"6123",1
"6128",1
"6129",3
"613",3
"613126",1
"6132",1
"613212",2
"613266",1
"6133",1
"6135",1
"6136",2
"6138",4
"6141",2
"6143",1
"6146",5
"6147",1
"6150",2
"6152",2
"6155",1
"6156",1
"6157",1
"6159",2
"6160",3
"6161",1
"6164",1
"6165",5
"6166",1
"6167",1
"6168",3
"6169",3
"617",1
"6170",1
"6171",1
"6173",1
"6175",5
"6176",2
"6181",2
"6182",2
"6183",4
"6184",1
"6185",3
"6188",1
"6191",2
"619190",1
"6192",1
"619207",1
"619208",1
"619279",6
"6193",1
"619343",2
"619351",1
"6194",4
"619426",1
"619427",1
"619434",1
"619455",1
"6195",1
"619505",1
"619518",1
"6196",3
"6197",2
"6198",3
"6199",1
"6201",2
"6202",1
"6203",3
"6204",4
"6205",1
"6206",1
"6208",4
"6209",2
"6210",3
"6217",4
"6218",3
"622",2
"6222",1
"6223",3
"6227",2
"6228",2
"6229",2
"623",1
"6230",1
"6232",2
"6233",3
"6234",3
"6235",2
"6236",3
"6237",1
"6238",6
"6239",7
"624",1
"6240",2
"6241",2
"6242",2
"6247",2
"6249",6
"6251",5
"6252",2
"6253",2
"6256",2
"6257",3
"6258",1
"6259",3
"6261",1
"6262",2
"6263",1
"627",2
"6271",1
"6272",3
"6273",1
"6274",1
"6275",1
"6276",1
"6277",2
"6278",1
"6279",2
"6280",1
"6281",2
"6282",1
"6283",1
"6284",2
"6285",2
"6286",1
"629",2
"6290",1
"6293",1
"6294",3
"6295",1
"6296",2
"6297",1
"6299",2
"6300",3
"6301",2
"6302",2
"63027",4
"6303",3
"63035",4
"6304",3
"6305",5
"6307",1
"6309",2
"631",1
"6310",5
"6311",1
"6314",3
"6315",1
"6317",2
"6318",1
"6319",4
"6320",3
"6322",2
"6323",2
"6324",1
"6326",2
"6327",3
"6328",1
"6329",1
"633",3
"6330",1
"6331",1
"6332",2
"6334",6
"6335",2
"6336",1
"6337",3
"6338",1
"6339",1
"634",5
"6340",2
"6341",1
"6342",2
"6343",1
"6344",3
"6345",1
"6346",1
"6347",1
"635",1
"6351",1
"6352",3
"6354",1
"6355",1
"6356",1
"6357",2
"636",6
"6360",1
"6361",1
"6362",2
"6363",1
"6364",1
"6366",1
"6367",1
"6368",2
"6369",1
"637",3
"6370",1
"6372",1
"6373",2
"6374",3
"6375",2
"6376",2
"638",1
"6382",2
"63826",4
"63827",4
"6383",3
"6385",1
"6386",1
"6387",2
"63874",2
"63875",1
"63876",4
"63877",4
"6388",1
"6389",1
"63891",2
"63892",7
"63893",2
"63894",2
"63895",6
"63897",3
"63898",1
"63899",3
"639",3
"6390",2
"63901",2
"63904",1
"63905",1
"63906",1
"63908",2
"6391",7
"63910",3
"63914",1
"63916",4
"63917",1
"6392",2
"63920",1
"63922",1
"63923",1
"63924",1
"63925",3
"63926",2
"63928",1
"63929",6
"63931",2
"63932",2
"63933",2
"63934",2
"63935",3
"63939",1
"63940",2
"63941",2
"63943",1
"63946",1
"63948",1
"63950",1
"63951",1
"6396",1
"63967",4
"6397",4
"63970",4
"63971",6
"63973",1
"63974",1
"63976",2
"63977",4
"63978",1
"63979",2
"6398",1
"63982",1
"6399",2
"640",2
"6400",4
"64002",2
"64005",2
"6401",1
"6402",1
"6403",1
"6404",2
"6405",3
"6406",1
"64061",1
"64062",7
"64063",1
"64064",2
"64065",5
"64066",1
"64067",9
"6407",1
"64073",1
"64077",1
"64078",2
"64080",2
"64081",2
"64083",1
"64084",2
"64087",3
"64089",2
"64090",1
"64091",1
"64092",3
"64093",2
"64094",2
"64096",2
"64097",4
"64098",3
"641",1
"64100",1
"64101",1
"64102",1
"64105",1
"64106",1
"64108",1
"64109",1
"64110",1
"64111",1
"64112",1
"64115",2
"64116",6
"64118",1
"64121",3
"64122",1
"64123",1
"64127",1
"64129",1
"64130",2
"64131",2
"64132",2
"641339",1
"64135",3
"641364",1
"641365",1
"64137",1
"641372",1
"641384",1
"6414",2
"64145",3
"641455",1
"641467",2
"64147",4
"64149",1
"6415",2
"64150",2
"64151",2
"641515",1
"641518",2
"6416",2
"641649",1
"64167",5
"64168",1
"641700",3
"64172",2
"64174",1
"64175",1
"6418",1
"64180",1
"64184",1
"6419",3
"641928",1
"641977",4
"642",1
"64207",1
"64208",1
"6421",5
"64210",1
"64211",1
"64215",3
"64216",4
"64218",2
"64219",1
"6422",4
"64220",3
"64221",1
"64222",2
"64223",1
"642236",3
"64224",3
"64225",3
"642273",1
"642280",1
"6423",2
"64231",7
"64232",1
"642345",1
"64236",2
"642394",1
"6424",2
"64240",1
"64241",1
"642426",1
"642475",1
"6425",1
"642517",1
"642533",2
"642559",1
"642587",1
"642597",1
"6426",8
"642620",1
"642633",1
"642636",2
"642691",1
"642696",1
"642757",1
"642776",1
"6428",6
"64282",2
"642826",1
"64283",6
"64284",1
"64285",2
"642852",6
"642864",1
"64288",1
"6429",5
"642924",2
"642938",1
"642946",1
"642976",1
"642980",1
"642987",3
"643",2
"6430",3
"643008",1
"643037",1
"643072",1
"643085",1
"6431",2
"643155",1
"643160",1
"64318",1
"64319",2
"6432",4
"64320",1
"643201",3
"64321",2
"643210",1
"643224",1
"643236",2
"64324",4
"643246",1
"64326",2
"64327",6
"64328",2
"6433",4
"643314",2
"64332",2
"64333",3
"643332",1
"643338",2
"643355",1
"643365",1
"643376",1
"643382",1
"6434",4
"643401",1
"64342",4
"64343",6
"64344",7
"643529",1
"643549",1
"64359",1
"643616",1
"643641",2
"643650",1
"643659",1
"643677",3
"643699",1
"643711",3
"643714",1
"643733",2
"64374",1
"643749",5
"64375",4
"64376",2
"643763",2
"64377",1
"643783",1
"643827",1
"643836",1
"643837",6
"64386",2
"643866",1
"64388",3
"6439",4
"643911",2
"64393",5
"64395",2
"64397",2
"643977",2
"64398",2
"643988",1
"64399",4
"644",5
"6440",5
"64400",2
"64403",2
"64405",2
"64407",1
"64409",1
"644090",2
"644096",2
"6441",1
"64410",1
"64411",2
"64412",2
"644128",1
"644135",2
"644139",1
"644150",4
"644165",2
"64417",3
"64418",2
"644186",1
"64419",2
"644192",1
"6442",1
"64420",1
"64421",5
"64422",2
"64423",4
"644242",1
"644246",2
"64425",3
"64426",2
"64427",1
"64428",1
"64429",1
"6443",4
"64430",4
"64431",2
"64432",3
"64433",1
"64434",2
"644353",1
"6444",6
"64446",2
"6445",1
"644538",1
"6446",1
"644656",1
"6447",1
"644714",1
"64478",5
"644794",2
"6448",2
"644809",1
"644815",1
"644844",1
"644852",1
"644890",1
"6449",1
"644903",1
"644943",1
"644975",1
"64499",1
"644997",1
"645",1
"6450",1
"645027",1
"64506",2
"645090",1
"6451",2
"645158",1
"64518",1
"645188",1
"645191",1
"6452",5
"645212",1
"645249",1
"645261",1
"6453",8
"645321",2
"645355",1
"645369",2
"645431",2
"645485",1
"6455",1
"645513",6
"645524",1
"645566",1
"645591",3
"6456",1
"645638",1
"645644",3
"645676",1
"645682",1
"645687",1
"6457",3
"645745",1
"64577",1
"645784",3
"64579",2
"6458",1
"64581",6
"645811",1
"64582",3
"6459",3
"64593",2
"64595",1
"645961",1
"64598",1
"645984",1
"64599",3
"646",2
"64600",1
"64601",2
"646014",1
"646019",1
"646023",2
"646074",1
"6461",4
"646113",2
"646168",2
"6462",1
"646214",2
"646241",2
"646268",2
"646282",1
"646324",1
"646383",1
"6464",2
"64641",3
"64645",1
"646450",1
"646482",1
"646484",1
"64651",1
"646522",1
"646576",1
"646588",1
"646600",4
"646626",1
"646627",2
"646658",1
"646736",1
"646762",2
"646778",2
"6468",1
"646802",1
"64689",2
"6469",2
"646903",1
"64693",1
"646962",1
"646982",3
"64699",3
"6470",2
"647024",2
"647070",1
"64708",3
"647087",1
"64710",8
"647107",2
"64711",1
"647115",1
"64714",3
"64718",3
"647190",1
"6472",3
"647219",1
"647288",1
"6473",1
"647309",1
"647310",1
"647323",1
"6474",3
"64743",2
"64744",1
"64745",4
"64746",2
"64747",1
"647476",1
"64748",2
"64750",3
"64753",3
"64754",1
"64755",3
"64756",2
"64757",1
"647589",2
"64759",2
"6476",1
"64760",3
"64761",1
"64762",4
"64763",1
"64764",3
"64766",2
"64768",2
"64769",3
"6477",3
"64770",3
"64771",3
"64772",2
"64773",2
"64776",4
"64777",2
"64778",1
"64779",6
"6478",1
"64780",1
"64781",1
"64782",1
"64783",5
"64784",2
"64785",2
"64786",2
"64787",3
"64788",9
"64789",2
"64792",2
"64793",2
"64794",3
"647946",1
"64795",3
"647979",2
"64798",2
"64799",6
"6480",3
"64800",7
"64801",2
"64802",3
"64805",2
"64806",1
"64816",4
"6482",3
"6483",5
"64837",1
"64838",1
"64839",5
"6484",2
"64840",1
"64841",1
"64843",1
"64844",5
"64847",1
"64848",4
"64849",6
"64850",1
"64852",1
"64853",2
"64854",4
"64855",2
"64856",5
"64857",3
"64858",2
"64859",3
"64860",2
"64863",2
"64864",2
"64866",3
"648691",1
"6487",7
"6489",2
"64895",5
"64897",1
"648987",1
"649",7
"6490",1
"64900",1
"64901",2
"64902",1
"6491",1
"64919",3
"6492",3
"64921",3
"64922",1
"64924",5
"64925",1
"64926",1
"64927",4
"64928",1
"6493",3
"6494",1
"64940",2
"64943",3
"649446",2
"64946",1
"64949",2
"6495",3
"6496",3
"64960",4
"64963",2
"64965",1
"64968",1
"64969",4
"6497",2
"64975",5
"64976",1
"64978",2
"64979",1
"6498",5
"64981",1
"64983",1
"6499",1
"650",2
"6500",4
"65003",1
"65005",2
"65008",1
"65009",1
"65010",1
"65012",1
"65018",2
"6502",3
"6503",2
"6504",3
"6505",2
"65055",2
"65056",2
"65057",1
"65059",4
"6506",4
"65061",3
"65062",2
"65065",2
"650655",1
"650669",2
"6507",2
"65072",1
"65078",1
"650794",2
"6508",1
"65080",2
"65082",3
"65083",4
"65084",2
"6509",5
"65094",3
"65095",2
"651",1
"6510",1
"65108",1
"65109",2
"6511",3
"65110",4
"65117",2
"6512",3
"65123",2
"65124",2
"65125",7
"6513",2
"6514",1
"651430",1
"6515",3
"6517",1
"651746",1
"6518",4
"6519",2
"652",1
"6520",1
"6521",2
"65217",2
"6522",1
"65220",6
"652276",1
"6523",2
"6524",1
"65243",1
"65244",4
"65249",1
"6525",3
"65250",2
"65251",1
"65258",3
"6526",4
"65260",2
"65263",1
"65264",3
"65265",2
"65266",2
"65267",3
"65268",6
"6527",1
"6528",1
"6529",1
"652968",2
"652972",1
"652993",1
"652995",1
"653",2
"6530",8
"6531",1
"653121",1
"653140",1
"653160",1
"653190",1
"6532",3
"653238",1
"653240",1
"653275",1
"6533",5
"653308",2
"653319",1
"653361",1
"653390",1
"6534",1
"653423",1
"653464",1
"653479",1
"653483",1
"6535",3
"653581",1
"653583",3
"6536",1
"653677",1
"6538",3
"653808",1
"653857",1
"6539",1
"654",3
"6540",2
"6541",5
"6542",3
"654254",2
"6543",1
"654342",2
"654429",1
"654433",2
"654466",1
"6545",2
"6546",11
"6547",2
"654780",1
"654790",1
"6548",3
"654841",1
"6549",1
"655",4
"6550",1
"6553",3
"6554",1
"6555",1
"6556",6
"6557",2
"6558",2
"6559",3
"656",3
"6560",5
"6561",2
"6563",2
"6564",2
"6565",3
"6566",5
"6567",1
"6568",3
"6569",2
"657",5
"6570",1
"6571",2
"6572",1
"6573",2
"6574",2
"6575",1
"6576",1
"6578",1
"6579",3
"658",3
"6580",1
"6581",2
"6582",1
"6583",1
"6584",2
"6585",2
"6586",3
"6588",1
"659",5
"6590",1
"6591",1
"6594",4
"6595",7
"6596",1
"6597",9
"65975",2
"65977",3
"65979",2
"6598",2
"65980",1
"65981",2
"65982",3
"65983",2
"65985",1
"65986",7
"65988",3
"65989",1
"6599",4
"65990",1
"65991",2
"65992",1
"65993",1
"65996",3
"65997",2
"65998",2
"65999",1
"660",1
"66000",4
"66002",1
"66004",4
"66005",1
"66008",2
"6601",3
"6602",2
"6603",1
"66035",3
"66036",3
"66037",1
"6604",2
"6605",4
"6608",1
"6609",3
"661",1
"6610",1
"6611",1
"6612",2
"6614",2
"6615",1
"6616",3
"6617",1
"6618",1
"6619",4
"662",3
"6620",1
"6621",2
"6622",5
"6623",2
"6624",2
"6625",2
"6626",1
"6627",4
"6628",2
"6629",2
"663",2
"6631",1
"6632",2
"6633",1
"6634",1
"6635",3
"6636",1
"6637",1
"6638",1
"664",2
"6640",1
"6641",4
"6642",4
"6643",3
"6645",7
"6646",3
"6647",1
"664701",2
"6648",1
"6649",1
"665",2
"6650",2
"6651",5
"6652",3
"6653",3
"6654",5
"6655",6
"6656",3
"6657",4
"6658",2
"6659",6
"666",1
"6660",4
"6662",2
"6663",2
"6664",3
"6665",2
"6666",2
"6667",4
"6668",3
"667",10
"6670",5
"6671",2
"6672",6
"6674",1
"6675",1
"6676",1
"6677",3
"6678",2
"668",1
"6683",2
"6687",1
"6688",1
"6689",2
"669",1
"6690",1
"6691",1
"6692",2
"6693",1
"6694",1
"6695",1
"6696",2
"6697",1
"6698",2
"6699",1
"670",1
"6701",1
"6702",1
"6706",1
"6707",2
"6708",1
"6709",5
"6710",2
"6711",11
"6712",1
"6713",4
"6714",7
"6715",3
"6716",1
"6717",2
"6718",1
"672",2
"6720",2
"6721",3
"6722",2
"6723",1
"6725",1
"6726",1
"6727",1
"6728",1
"6729",1
"673",3
"6730",1
"6731",6
"6732",2
"6733",6
"6734",2
"6736",1
"6737",1
"6738",5
"6741",2
"6742",3
"6744",3
"6745",6
"6746",1
"6747",4
"6748",1
"6749",2
"675",2
"6750",1
"6751",2
"6752",3
"6753",2
"6754",1
"6755",1
"6756",2
"676",1
"6760",4
"6764",1
"6767",3
"6768",3
"6769",1
"677",4
"6770",1
"6772",6
"6773",3
"6774",4
"6775",1
"6776",1
"6777",5
"677766",1
"677769",1
"677778",1
"677779",1
"6778",2
"677819",1
"677824",1
"677844",1
"6779",1
"678",4
"6780",4
"6781",3
"6782",2
"6783",2
"6785",1
"6786",2
"6787",2
"6788",2
"6789",7
"6790",3
"6792",2
"6793",3
"6794",3
"6795",1
"6799",2
"680",2
"6801",10
"6804",1
"6809",3
"6810",2
"6811",1
"6812",1
"6813",2
"6814",2
"6815",4
"6817",3
"6819",4
"682",1
"6820",1
"6821",2
"6822",2
"6827",2
"6829",1
"683",1
"6830",4
"6832",1
"6833",2
"6834",2
"6835",1
"6836",3
"6837",1
"6838",1
"6839",1
"684",1
"6840",3
"6843",3
"6844",3
"6845",1
"6847",2
"685",2
"6850",4
"6853",2
"6854",5
"6855",1
"6856",2
"6857",2
"686",4
"6860",1
"6861",2
"6862",1
"6863",1
"6865",1
"6866",1
"6867",6
"6868",3
"6869",4
"687",5
"6870",1
"6871",2
"6872",3
"6873",2
"6874",2
"6875",2
"6876",3
"6877",2
"6878",1
"6879",1
"688",2
"6881",3
"6882",3
"6883",1
"6884",2
"6885",4
"6886",4
"6887",2
"6888",1
"689",4
"6890",1
"6891",4
"6892",3
"6894",1
"6895",1
"6897",2
"6898",3
"6899",5
"690",1
"6900",2
"6901",2
"6902",1
"6903",1
"6904",3
"6905",2
"6906",1
"6907",6
"6908",1
"6909",4
"6910",4
"6911",2
"6913",1
"6915",4
"6916",2
"6917",3
"6919",3
"6920",2
"6921",2
"692159",1
"692205",1
"692247",3
"6923",2
"6924",5
"6925",8
"6926",7
"6927",2
"6928",2
"6929",13
"6932",2
"693207",1
"6934",7
"6936",2
"6938",3
"6939",1
"694",3
"6940",1
"6941",1
"6942",2
"6943",2
"6944",1
"6945",5
"6947",1
"6948",1
"6949",3
"695",1
"6953",1
"6954",1
"696",1
"6975",1
"6988",1
"699",5
"6990",1
"6991",4
"6992",4
"6993",1
"6996",1
"6999",2
"70",1
"7001",4
"7003",3
"7004",2
"7005",1
"7006",1
"7007",2
"7008",3
"7009",2
"701",1
"7010",2
"7011",2
"7013",2
"7014",5
"7015",2
"7016",1
"7018",4
"7019",4
"7020",3
"7021",3
"7022",2
"7023",1
"7024",3
"7025",1
"7026",6
"7027",3
"7029",4
"7030",4
"7031",1
"7032",1
"7033",1
"7035",5
"7036",3
"7037",5
"7038",1
"7039",3
"7040",2
"7041",1
"7042",5
"7043",2
"7045",1
"7046",3
"7047",3
"7048",2
"7049",2
"705",1
"7050",3
"7051",1
"7052",4
"7053",1
"7054",1
"7056",3
"7057",7
"7058",1
"7059",1
"706",1
"7060",1
"7062",1
"7064",1
"7066",3
"7067",4
"7068",3
"7069",3
"7070",3
"7071",1
"7072",7
"7073",4
"7074",2
"7075",2
"7076",1
"7077",3
"7078",4
"7079",1
"708",2
"7080",2
"7082",2
"7083",2
"7084",4
"7086",3
"7087",1
"7088",5
"7089",2
"7090",4
"7091",5
"7092",2
"7093",3
"7094",3
"7095",5
"7096",1
"7097",1
"7098",3
"7099",4
"710",1
"7100",1
"7101",1
"7102",1
"7103",1
"7104",1
"7105",2
"7106",2
"7107",1
"7108",1
"7109",2
"711",1
"7110",6
"7111",2
"7112",5
"7113",4
"7114",1
"712",1
"7122",1
"7124",1
"7125",1
"7126",2
"7127",2
"7128",2
"713",1
"7130",2
"7132",1
"7133",1
"7134",1
"7135",1
"7136",1
"7137",1
"7138",1
"7139",2
"714",1
"7140",2
"7141",1
"7142",2
"7143",3
"7145",5
"7148",3
"715",1
"7150",2
"7152",2
"7153",3
"7155",1
"7156",3
"7157",2
"7158",4
"7159",1
"716",2
"7161",3
"7162",2
"7163",5
"7164",2
"7165",1
"7166",3
"7167",3
"7168",6
"7169",4
"717",2
"7170",5
"7171",4
"7172",3
"7173",1
"7174",4
"7175",5
"7177",5
"7179",1
"718",1
"7180",1
"7181",4
"7182",2
"7184",2
"7185",2
"7186",1
"7187",2
"7188",2
"7189",2
"719",1
"72",2
"7200",1
"7201",1
"7204",9
"7205",1
"7216",4
"722",1
"7220",3
"7221",1
"7222",2
"7223",4
"7224",1
"7225",2
"7226",1
"7227",4
"723809",1
"724087",1
"724102",1
"7247",3
"7248",1
"7249",2
"725",1
"7251",1
"7252",1
"7253",3
"7257",1
"7258",1
"7259",3
"726",2
"7260",1
"7262",3
"7263",1
"7264",2
"7265",1
"7266",2
"7268",1
"727",1
"7270",2
"7272",1
"7273",6
"7274",1
"7275",4
"7276",1
"727699",1
"7277",1
"727701",1
"727800",1
"727820",2
"727832",1
"727837",1
"727897",2
"727910",2
"727916",1
"727936",2
"727944",1
"727957",4
"728",1
"7280",1
"728012",2
"728024",1
"728039",1
"728040",1
"728061",1
"728073",1
"728081",1
"728084",1
"728095",1
"728099",2
"728114",1
"728116",1
"728175",2
"728190",1
"728192",2
"728196",1
"728215",2
"728224",1
"728264",2
"728283",1
"728294",1
"7283",1
"728353",2
"728361",1
"728392",1
"7284",2
"728411",1
"728431",1
"728445",1
"728448",2
"728450",1
"728485",2
"728489",1
"728537",1
"728558",1
"728568",2
"728591",4
"7286",1
"728606",1
"728613",2
"728621",2
"728690",1
"728695",1
"7287",1
"728716",1
"728723",4
"728730",2
"728743",2
"728769",1
"7288",1
"728805",1
"728819",1
"728841",1
"728855",1
"728868",1
"7289",2
"728927",3
"728978",1
"729",1
"7290",2
"729013",1
"729059",1
"729082",3
"729083",1
"729085",1
"7291",1
"729121",1
"729164",1
"729173",1
"729177",1
"729178",3
"7292",1
"729220",1
"729224",1
"729230",2
"729234",3
"729262",1
"729291",2
"729296",1
"729299",1
"7293",2
"729307",1
"729359",1
"7294",1
"729420",1
"729438",1
"729440",3
"7295",2
"729506",1
"729515",4
"729522",1
"729582",1
"7296",2
"729614",3
"729652",1
"729658",1
"729678",1
"729680",1
"729683",2
"7297",1
"729723",1
"729732",1
"729799",1
"7298",3
"729830",2
"729852",1
"729866",1
"729870",1
"729887",1
"7299",3
"729956",1
"729967",1
"729970",3
"729975",1
"729991",2
"729993",2
"730",2
"730051",5
"730091",1
"730092",3
"730094",1
"730098",1
"7301",2
"730101",1
"730102",2
"730112",1
"730139",1
"7302",2
"730202",1
"730227",1
"730249",1
"7305",1
"7306",1
"7307",4
"730961",1
"731",1
"7311",1
"731157",1
"731223",1
"7314",1
"731424",2
"7316",2
"731656",1
"7317",2
"731779",1
"731789",2
"7319",2
"732",1
"7320",7
"7321",3
"7322",3
"732253",1
"732275",1
"7323",6
"7324",1
"7325",1
"7326",3
"7327",4
"7328",8
"7329",5
"733",1
"7332",4
"7334",3
"7336",3
"7337",8
"734",4
"7341",3
"7342",1
"7343",5
"7345",2
"7347",1
"7348",2
"7349",1
"735",1
"7350",1
"7351",2
"7352",2
"7353",1
"7355",3
"7356",1
"7357",3
"7358",1
"7360",2
"7363",1
"7366",2
"7367",1
"7368",2
"7369",1
"7372",4
"7373",3
"7374",1
"7375",2
"7376",1
"7378",1
"7379",1
"738",1
"7380",1
"7381",4
"7384",1
"7385",3
"7386",1
"7389",3
"7390",3
"7391",1
"7392",3
"7398",2
"7399",1
"740",1
"7401",3
"7402",3
"7403",4
"7404",3
"7405",1
"7407",2
"7408",1
"7409",1
"741",3
"7410",3
"7411",1
"7412",1
"7414",2
"7415",2
"7416",3
"7417",1
"7419",3
"7421",4
"7422",4
"7423",1
"7424",1
"7425",1
"7428",2
"7429",4
"7430",5
"7431",2
"7432",1
"7433",1
"7434",3
"7436",1
"7439",3
"744",2
"7441",1
"7443",1
"7444",1
"7447",2
"745",3
"7450",2
"7453",2
"7454",2
"7455",5
"7456",4
"7458",1
"746",1
"7461",1
"7462",2
"7464",2
"7465",2
"7466",2
"7468",6
"747",1
"7471",1
"7472",1
"7474",2
"7475",4
"7476",1
"7477",2
"7478",1
"7479",1
"7480",1
"7481",1
"7482",4
"7483",2
"7484",1
"7485",1
"7486",1
"7490",2
"7494",2
"7498",2
"7499",2
"750",1
"7503",7
"7504",1
"7507",1
"7508",1
"7511",3
"7512",2
"7514",2
"7515",1
"7516",1
"7517",1
"7518",4
"751816",1
"752",2
"7520",3
"752014",1
"7525",3
"7528",6
"7529",3
"753",4
"7531",2
"7532",1
"7533",3
"7534",5
"7535",2
"7536",3
"7538",1
"7539",1
"754",1
"7541",2
"7542",3
"7543",4
"7544",2
"7545",3
"7546",1
"7547",1
"7549",1
"755",7
"7551",4
"7552",2
"7553",4
"7554",1
"7555",2
"7556",3
"7559",4
"7561",1
"7562",1
"7564",1
"7565",2
"7566",1
"7567",3
"7569",2
"757",5
"7570",2
"7571",1
"7572",5
"7574",2
"7576",1
"7577",2
"7579",3
"758",2
"7580",1
"7581",3
"7582",2
"7584",1
"7586",4
"7589",1
"759",2
"7592",3
"7593",4
"7594",1
"7596",2
"7597",1
"760",1
"761",1
"762",2
"7621",2
"7625",2
"7626",3
"7627",2
"7629",1
"763",1
"7633",3
"7634",1
"7637",2
"7638",2
"7639",2
"7643",1
"7644",4
"765",2
"7652",2
"766",1
"767",3
"7673",1
"7675",1
"767579",1
"7678",2
"767811",2
"768",1
"768096",1
"7681",1
"768206",2
"768211",2
"768239",1
"7686",1
"7691",1
"7692",2
"7693",1
"7694",2
"7695",1
"7696",1
"7697",2
"7699",1
"770",1
"7700",2
"7701",2
"7702",1
"7703",4
"7704",1
"7705",2
"7706",2
"7707",7
"7709",2
"771",7
"7710",1
"7711",1
"7712",1
"7716",3
"7718",1
"7726",1
"7727",3
"7728",2
"7732",1
"7733",2
"7737",1
"7738",1
"7739",1
"774",2
"7741",1
"7743",1
"7745",2
"7746",2
"7748",1
"775",4
"7750",6
"7752",2
"7753",2
"7754",1
"7755",1
"7756",9
"7757",2
"776",4
"7760",1
"7761",3
"7762",2
"7763",5
"7764",1
"7766",1
"7767",5
"7768",2
"7769",4
"777",6
"7770",2
"7771",1
"7772",2
"7773",3
"7775",1
"7776",2
"7779",3
"778",1
"7780",2
"7781",1
"7782",3
"7783",1
"7786",3
"7789",1
"779",1
"7791",2
"7798",5
"7799",4
"7802",2
"7803",5
"7804",3
"7805",2
"780529",1
"780776",1
"7809",3
"781",2
"7812",3
"7813",3
"7818",3
"782",3
"7827",1
"783",6
"7832",2
"7837",2
"784",2
"7840",3
"7841",1
"7844",2
"7846",1
"7849",8
"785",2
"7850",2
"7851",1
"7852",3
"7855",2
"7857",1
"786",1
"7862",1
"7866",1
"7867",2
"7869",1
"7871",4
"7873",1
"7874",4
"7879",6
"788",1
"7881",5
"7884",1
"78986",1
"78987",1
"78988",3
"78989",1
"78990",3
"78991",1
"78992",3
"78994",3
"78995",1
"78996",1
"78997",1
"78998",1
"78999",2
"790",2
"79000",2
"79001",1
"79002",2
"79003",1
"79004",1
"79006",3
"79007",1
"79009",3
"79012",1
"79015",2
"79016",3
"79017",1
"79018",2
"79019",1
"79022",2
"79023",2
"79024",2
"79025",1
"79026",4
"79027",3
"79029",3
"7903",5
"79033",1
"79034",3
"79035",1
"79036",3
"79037",1
"79038",2
"79039",3
"79041",1
"79042",1
"79047",5
"79048",2
"7905",2
"79050",1
"79053",1
"79054",2
"79056",2
"79057",2
"79058",1
"79064",3
"79065",1
"79068",1
"79070",1
"79071",3
"79072",1
"79073",1
"79074",3
"79075",2
"79077",1
"79078",1
"79080",1
"79083",1
"79084",2
"79085",2
"79086",6
"79087",1
"79088",1
"79089",1
"79090",1
"79091",2
"79092",6
"79094",1
"79095",4
"790955",1
"79096",2
"79098",3
"79100",1
"79101",1
"79102",2
"79109",4
"791115",2
"7913",1
"79132",1
"79133",3
"79134",2
"79135",1
"79136",1
"79137",4
"79139",4
"79140",2
"79142",2
"79143",2
"79144",3
"79145",2
"79147",2
"79148",5
"79149",2
"7915",2
"79150",1
"79152",2
"79153",1
"79154",1
"79155",3
"79156",1
"79157",2
"79158",3
"79159",2
"7916",3
"79160",1
"79161",1
"79165",1
"79166",1
"79168",1
"79169",1
"7917",4
"79170",1
"79171",1
"79172",2
"79173",1
"79174",1
"79175",2
"79176",1
"79177",2
"79178",1
"7918",2
"79180",2
"79183",2
"79184",4
"79187",1
"79188",4
"79191",1
"79192",1
"7920",2
"7922",1
"79228",1
"7923",1
"79230",2
"79258",1
"79269",4
"793",2
"7932",2
"79339",1
"79345",1
"79363",2
"79364",6
"79365",4
"79366",2
"79368",5
"79369",1
"79370",6
"794",1
"7940",6
"79400",2
"7941",1
"79411",1
"79412",1
"79413",1
"79414",1
"79415",1
"7942",2
"79441",1
"79442",2
"79443",2
"79444",1
"79446",1
"79447",2
"79465",1
"795",1
"79541",1
"7955",1
"79567",3
"79568",1
"7957",3
"79570",1
"79571",3
"79572",2
"79573",1
"79574",1
"79575",1
"79576",1
"79577",3
"79581",2
"79582",3
"79583",2
"79585",1
"79586",1
"79587",5
"79589",1
"79590",1
"79591",3
"79594",1
"79595",1
"79596",2
"79598",3
"796",4
"79600",2
"79602",1
"79603",1
"79605",1
"79607",3
"79608",1
"79609",2
"79611",2
"79612",2
"79613",1
"79616",1
"79618",3
"79621",4
"79622",1
"79623",1
"79624",1
"79625",1
"79626",1
"79627",3
"79628",3
"79629",1
"79630",1
"79631",1
"79632",2
"79633",1
"79634",4
"79635",1
"79637",2
"79639",2
"79640",1
"79641",1
"79642",1
"79643",1
"79644",3
"79645",3
"79646",2
"79647",3
"79648",5
"79649",3
"7965",3
"79650",3
"79651",1
"79652",3
"79654",1
"79656",2
"79657",2
"79658",1
"79659",3
"79660",3
"79663",1
"79664",4
"79665",2
"79666",2
"79667",2
"79668",2
"79669",2
"79670",5
"79671",2
"79672",1
"79673",1
"79674",3
"79675",1
"79676",3
"79677",2
"79679",1
"79682",3
"79683",4
"79684",1
"79685",6
"79689",2
"79690",1
"79691",3
"79692",2
"79693",2
"79694",4
"79695",2
"79696",1
"79697",1
"79698",1
"79699",3
"797",1
"79701",3
"79703",2
"79705",2
"79707",3
"79709",2
"79710",1
"79711",1
"79712",5
"79713",1
"79714",1
"79716",2
"79717",1
"79718",6
"79719",3
"79720",1
"79722",1
"79723",2
"79725",2
"79726",4
"79727",1
"79728",1
"79729",1
"79730",2
"79731",1
"79733",1
"79734",2
"79735",1
"79736",2
"79738",1
"79739",2
"79740",1
"79741",3
"79742",4
"79744",2
"79745",2
"79746",1
"79747",1
"79748",1
"7975",2
"79750",2
"79751",1
"79752",1
"79753",2
"79754",1
"79755",1
"79758",3
"79759",2
"7976",4
"79760",3
"79762",2
"79763",1
"79767",1
"79768",4
"79770",2
"79772",3
"79774",2
"79776",3
"79777",1
"79778",3
"7978",1
"79780",4
"79781",5
"79782",1
"79783",1
"79784",6
"79785",1
"79786",3
"79788",1
"79789",4
"7979",1
"79791",2
"79792",1
"79794",5
"79796",2
"79797",1
"79798",1
"79799",1
"7980",2
"79800",2
"79801",1
"79802",1
"79803",2
"79804",2
"79805",3
"79807",3
"79810",2
"79811",1
"79812",3
"79813",3
"79814",3
"79815",3
"79816",3
"79817",4
"79818",2
"79819",5
"79820",2
"79822",3
"79823",2
"79825",2
"79827",2
"79828",3
"79829",2
"79830",1
"79831",3
"79832",4
"79833",2
"79834",2
"79836",1
"79837",1
"79838",3
"79839",1
"7984",2
"79841",1
"79842",2
"79843",1
"79844",1
"79845",1
"79846",2
"79847",1
"79848",5
"79849",2
"79850",1
"79852",1
"79853",1
"79854",1
"79856",3
"79857",1
"79858",3
"79860",1
"79861",1
"79862",1
"79863",2
"79864",2
"79865",1
"79866",1
"79867",2
"79868",5
"79869",2
"79870",2
"79871",2
"79872",2
"79873",1
"79874",3
"79875",6
"79876",3
"79877",3
"79879",2
"7988",1
"79882",5
"79883",1
"79884",4
"79885",2
"79886",2
"79887",1
"79888",1
"79890",5
"79891",1
"79892",3
"79893",4
"79894",3
"79895",1
"79896",2
"79898",1
"79899",4
"799",2
"79901",2
"79902",1
"79903",2
"79904",1
"79905",2
"79906",4
"79908",1
"7991",5
"79912",3
"79913",2
"79915",1
"79917",5
"79918",2
"79919",1
"79921",1
"79922",1
"79923",2
"79924",1
"79925",3
"79927",1
"79929",3
"7993",1
"79930",2
"79931",1
"79932",2
"79933",2
"79934",2
"79935",1
"79937",1
"79939",6
"7994",4
"79940",2
"79943",2
"79944",3
"79946",1
"79947",2
"79948",1
"79949",2
"79953",1
"79954",2
"79955",1
"79956",2
"79957",1
"79958",1
"79959",2
"79960",4
"79961",2
"79962",3
"79963",1
"79966",4
"79968",2
"79969",2
"79970",1
"79971",3
"79973",1
"79974",2
"79977",1
"79979",2
"79980",1
"79981",1
"79982",3
"79983",3
"79986",1
"79987",7
"79989",4
"79990",2
"79991",2
"79992",1
"79993",1
"79998",2
"79999",1
"800",11
"8000",1
"80000",3
"80003",5
"80005",8
"80006",3
"80007",2
"80008",2
"8001",3
"80010",1
"80011",4
"80012",5
"80013",2
"80014",1
"80017",2
"80018",3
"80019",1
"80020",3
"80021",2
"80022",3
"80023",1
"80024",2
"80025",6
"80028",6
"80031",5
"80032",1
"80034",6
"80035",1
"80036",8
"80039",1
"80045",2
"80052",1
"80054",1
"80055",5
"80059",1
"80063",2
"80067",2
"80069",1
"80070",2
"80071",2
"80072",1
"80078",1
"80086",1
"80094",1
"80095",2
"80097",1
"80099",1
"801",1
"80108",1
"80110",3
"80111",1
"80114",2
"80115",2
"80117",1
"80119",2
"80122",2
"80124",4
"80125",2
"80127",2
"80128",2
"80129",1
"8013",3
"80131",2
"80133",1
"80135",3
"80139",1
"80142",1
"80143",5
"80144",5
"80145",1
"80146",2
"80148",2
"80150",2
"80152",2
"80153",2
"80154",2
"80155",6
"80157",2
"80161",5
"80162",1
"80164",1
"80167",3
"80168",2
"80169",3
"80173",2
"80174",4
"80176",2
"80177",2
"80178",1
"80179",3
"80183",2
"80184",3
"80185",1
"8019",3
"80194",3
"80195",2
"80196",3
"80198",1
"80199",1
"80201",4
"80204",3
"80205",7
"80206",1
"80207",3
"80208",4
"80209",2
"8021",3
"80210",5
"80212",1
"80213",2
"80215",1
"80216",4
"80217",4
"80218",3
"80219",2
"8022",1
"80221",1
"80223",3
"80224",1
"80227",2
"80228",6
"80230",4
"80231",1
"80232",5
"80233",3
"80235",1
"80237",2
"80243",4
"80254",3
"80255",3
"80256",2
"80258",2
"80262",2
"80263",2
"80264",2
"80267",3
"8027",1
"80270",1
"80271",1
"80273",2
"80274",1
"80279",1
"8028",8
"8029",1
"80298",2
"8030",2
"80301",1
"80303",1
"80304",1
"80305",3
"80306",10
"80307",2
"80308",2
"80309",1
"8031",1
"80310",2
"80311",1
"80312",1
"80313",4
"80314",4
"80315",4
"80316",1
"80317",4
"80318",3
"80319",2
"80320",1
"80321",5
"80323",1
"80324",1
"80325",5
"80326",2
"80328",2
"80329",1
"80331",3
"80332",2
"80333",2
"80335",1
"80336",3
"80339",2
"8034",3
"80341",1
"80342",4
"80343",1
"80344",2
"80345",1
"80346",1
"80347",1
"80349",5
"80350",2
"80351",4
"80352",1
"8036",1
"8038",5
"80380",2
"80381",3
"8045",2
"8048",1
"8050",1
"8061",1
"8065",4
"80704",2
"80705",4
"80709",2
"80712",1
"80714",1
"80723",2
"80724",4
"80725",3
"80726",2
"80727",1
"80728",1
"8073",4
"80731",1
"80736",2
"80737",1
"80739",1
"8074",1
"80740",1
"80741",1
"80742",1
"80745",1
"80746",2
"80757",2
"80758",1
"80759",1
"8076",3
"80760",2
"80761",1
"80762",3
"80763",2
"80764",1
"80765",1
"80772",1
"80774",1
"80775",2
"80776",1
"80777",4
"80778",1
"8078",1
"80781",2
"80789",2
"8079",1
"80790",3
"80816",4
"80817",3
"80818",2
"8082",4
"80820",4
"80821",5
"80823",1
"80824",4
"80829",2
"80830",4
"80831",1
"80832",3
"80833",1
"80834",1
"80835",2
"8085",5
"80851",1
"80852",1
"80853",2
"80854",2
"80856",3
"8086",1
"80862",3
"80868",1
"8087",6
"8089",1
"80895",1
"80896",4
"8091",9
"8092",1
"80975",1
"8099",1
"81",1
"810",2
"8100",1
"81027",2
"81029",3
"81030",2
"81031",1
"81033",3
"81034",1
"81035",1
"81037",3
"8106",1
"811",3
"8110",4
"8111",2
"81137",1
"8115",2
"8120",2
"8123",1
"8125",3
"8128",2
"81285",3
"813",5
"8131",4
"8139",2
"814",3
"8140",1
"81472",1
"8148",3
"81490",1
"81491",1
"81492",1
"81493",1
"81494",1
"815",2
"81501",1
"81502",5
"8153",2
"81532",1
"81533",5
"81537",2
"81539",4
"81542",2
"81543",1
"81544",2
"81545",3
"81550",3
"81551",2
"81552",1
"81553",3
"81554",4
"81555",4
"81556",2
"81558",1
"81559",2
"81562",1
"81563",5
"81565",2
"81566",2
"81569",1
"81570",2
"81572",1
"81573",5
"81575",1
"81576",1
"81577",2
"81578",1
"81579",4
"816",5
"81602",4
"81603",5
"81605",2
"81606",1
"81607",1
"81608",2
"81609",2
"8161",2
"81610",1
"81611",3
"81614",2
"81615",2
"81616",1
"81617",3
"81618",1
"81619",2
"81620",2
"81621",3
"81622",3
"81623",2
"81624",3
"81626",1
"81627",3
"81628",2
"81629",1
"81631",2
"8165",4
"81669",3
"81671",1
"81688",3
"81689",3
"81691",2
"81693",3
"81696",1
"81697",1
"81698",1
"817",5
"81704",4
"81706",1
"8174",1
"8175",2
"8178",3
"81786",3
"81789",1
"81790",3
"81792",2
"81793",2
"81794",2
"81796",2
"81797",1
"818",4
"81831",2
"81832",4
"81833",1
"81839",4
"81844",1
"81846",3
"81847",2
"81848",1
"81849",3
"81850",2
"81851",1
"81853",2
"81854",1
"81855",3
"81856",2
"81857",2
"81858",1
"8187",1
"81870",1
"81872",1
"81873",4
"81875",3
"81876",1
"81887",2
"81888",3
"81889",2
"8189",4
"81890",1
"81892",1
"81894",3
"819",1
"8190",1
"8192",1
"81926",1
"81928",1
"81929",2
"8193",2
"81930",1
"81931",4
"81932",1
"8195",2
"820",1
"8200",1
"8202",6
"8204",2
"8208",1
"8209",2
"821",5
"8216",1
"8218",1
"822",1
"8220",1
"8224",1
"8225",1
"8226",1
"8227",3
"8228",2
"823",2
"8233",2
"8237",1
"8239",3
"824",2
"8241",3
"8242",2
"8243",4
"825",3
"826",1
"8260",1
"8266",1
"8269",1
"827",3
"8270",1
"8273",1
"8277",2
"828",4
"8284",1
"8287",2
"8288",1
"8289",4
"829",2
"8290",1
"8291",1
"8292",1
"8295",2
"830",3
"8301",5
"8302",1
"8303",2
"8309",1
"831",5
"8310",2
"8312",1
"8313",4
"8314",2
"8315",4
"8317",1
"8318",1
"832",4
"8320",1
"8321",3
"8322",2
"8323",1
"8324",2
"8326",1
"8328",2
"833",4
"8330",2
"8331",1
"8332",1
"8334",1
"8335",1
"8336",1
"83394",2
"834",5
"8340",1
"83401",1
"8341",1
"83416",5
"83417",3
"8342",1
"83439",1
"8344",1
"83440",2
"83442",1
"83443",1
"83444",1
"83445",2
"83446",1
"83447",1
"83448",2
"83449",1
"8345",1
"83450",2
"83451",3
"83452",1
"83460",1
"83461",2
"83463",1
"83464",2
"83468",2
"8347",1
"83473",2
"83475",2
"83478",4
"83479",3
"8348",1
"83480",1
"83481",5
"83482",2
"83483",1
"8349",1
"835",7
"8350",1
"8352",1
"8353",2
"83538",1
"83539",2
"8354",1
"83540",1
"83541",1
"83543",2
"83544",3
"83546",1
"83547",1
"83548",2
"83549",2
"8355",1
"83550",1
"83551",1
"8358",1
"8359",1
"83590",1
"83591",3
"83592",3
"83593",2
"83594",2
"83595",2
"83596",1
"83597",2
"83598",1
"836",1
"8360",1
"83604",2
"83605",1
"83606",1
"83607",1
"83608",2
"8363",1
"83636",3
"83637",4
"83638",1
"83639",1
"83640",2
"83641",2
"83642",2
"83643",1
"83647",1
"83648",2
"8365",2
"83655",1
"83656",1
"83657",1
"83658",5
"83659",1
"83660",3
"83661",1
"83666",2
"83667",2
"8367",1
"8368",1
"8369",1
"83690",1
"83692",4
"83693",1
"83694",1
"83695",2
"83696",3
"83697",2
"83698",3
"83699",1
"837",2
"83700",3
"83706",1
"83707",1
"83714",1
"83715",3
"83716",2
"83719",2
"8372",1
"83729",1
"83732",1
"83733",1
"83734",4
"83737",6
"83741",1
"83742",2
"83743",1
"83744",1
"83746",2
"83755",1
"83758",1
"83759",1
"83786",4
"83787",2
"8379",1
"83795",1
"838",1
"8382",1
"8383",1
"83844",1
"83849",2
"83850",3
"83851",1
"83852",6
"83853",2
"83854",1
"83855",2
"83856",4
"83857",4
"83858",3
"8386",1
"83860",2
"83861",4
"83862",1
"83863",1
"83866",1
"83867",1
"83868",1
"8387",1
"83872",1
"83873",1
"83874",2
"83875",1
"83876",3
"83877",1
"83878",1
"83879",2
"83881",1
"83882",2
"83884",1
"83886",1
"83887",1
"83888",1
"83889",1
"83890",2
"83891",5
"83892",2
"83893",1
"83894",1
"83895",1
"83896",1
"83897",1
"839",2
"8390",1
"83900",1
"83901",1
"83902",1
"83903",1
"8392",1
"83930",1
"83931",2
"83932",1
"83933",2
"83935",1
"83937",4
"83938",1
"83939",1
"8394",3
"83940",1
"83941",5
"83942",1
"83943",2
"8395",2
"83953",1
"83955",1
"83956",1
"83957",1
"83959",2
"8396",4
"8398",3
"83982",1
"83983",3
"83985",1
"83986",1
"83987",2
"83988",2
"83989",2
"83990",2
"83992",1
"83998",3
"83999",5
"840",1
"84000",2
"84002",3
"8402",2
"8403",1
"84033",3
"84034",3
"8404",1
"8405",3
"84056",2
"84057",1
"84058",1
"84059",5
"8406",1
"84060",4
"84061",3
"84062",3
"84063",1
"84064",1
"84065",2
"84066",1
"84067",1
"84068",3
"84069",1
"8407",2
"84070",1
"84071",1
"84072",1
"84073",2
"84074",1
"84075",1
"84076",1
"84077",1
"84078",3
"84079",1
"8408",1
"84080",1
"84081",1
"84083",3
"84085",2
"8409",1
"84099",1
"841",3
"84100",2
"84101",1
"84102",3
"84103",1
"84105",3
"84106",1
"84107",2
"84108",1
"84109",1
"8411",3
"8412",1
"84124",2
"84125",1
"84128",1
"84131",3
"84132",5
"84133",1
"84134",1
"84135",2
"84138",2
"84140",4
"84141",1
"84142",2
"84144",1
"84146",2
"84148",2
"84152",1
"84153",2
"84154",1
"84159",5
"8416",2
"84162",7
"84163",2
"84164",1
"84166",1
"84167",2
"84168",6
"8417",4
"84171",2
"84172",4
"84173",1
"84174",2
"84176",1
"84179",2
"8418",4
"84181",4
"84186",3
"84188",3
"84189",3
"8419",1
"84190",1
"84191",1
"84193",2
"84196",5
"84197",1
"842",3
"84203",2
"84206",1
"84214",1
"84215",1
"84216",1
"84217",1
"84219",1
"84221",1
"84222",1
"84223",2
"84224",2
"84225",1
"84226",1
"84229",1
"84231",3
"84232",1
"84233",1
"84236",5
"84237",2
"84239",3
"8424",1
"84240",1
"84243",4
"84245",2
"84246",1
"84247",1
"84248",2
"84249",1
"8425",4
"84250",2
"84251",1
"84253",2
"84254",2
"84255",1
"84256",3
"84258",1
"84259",3
"84260",2
"84261",1
"84262",1
"84263",4
"84264",1
"84265",1
"84266",4
"84267",2
"84268",7
"84269",3
"8427",1
"84270",2
"84271",4
"84272",4
"84273",1
"84274",1
"84275",1
"84276",1
"84277",3
"84278",1
"84279",1
"8428",5
"84280",1
"84281",2
"84282",2
"84283",1
"84284",3
"84285",2
"84286",1
"84287",1
"84288",4
"84289",4
"84290",1
"84292",1
"84293",3
"84294",4
"84295",2
"84296",4
"84298",3
"84299",1
"843",4
"84300",1
"84302",2
"84303",1
"84304",2
"84305",2
"84306",1
"84307",5
"84309",1
"8431",1
"84310",3
"84311",1
"84312",2
"84313",1
"84314",5
"84315",1
"84316",2
"84317",1
"84318",1
"84319",1
"84320",1
"84322",1
"84324",2
"84326",6
"84327",2
"84328",2
"84329",1
"8433",1
"84330",2
"84331",2
"84332",1
"84333",5
"84334",2
"84335",2
"84336",1
"84337",1
"8434",5
"84340",3
"84342",2
"84343",3
"8435",1
"8436",2
"84364",2
"84365",3
"84366",1
"8437",2
"84376",5
"8438",1
"8439",5
"844",1
"8440",1
"84417",1
"84418",1
"84419",1
"8443",1
"84432",1
"84433",2
"84435",1
"84436",1
"84437",3
"84439",1
"8444",2
"84440",3
"84441",2
"84443",1
"84444",3
"84445",4
"84446",1
"84448",5
"84449",6
"8445",4
"84450",2
"84451",1
"84455",1
"84456",1
"84457",1
"84458",2
"8446",1
"84460",2
"84461",1
"84464",2
"84465",3
"84466",3
"84467",1
"8447",1
"8448",1
"8449",1
"84498",2
"845",1
"8450",4
"84501",4
"84503",2
"84504",1
"8451",4
"84513",4
"84514",1
"84515",2
"84516",5
"84517",1
"84518",1
"84519",3
"8452",3
"84520",1
"84522",1
"84524",2
"84525",3
"84527",1
"84529",3
"8453",2
"84530",3
"84532",5
"84536",3
"84539",1
"8454",2
"84541",1
"84542",2
"84545",3
"84547",1
"84548",2
"84549",1
"8455",2
"84552",3
"84553",2
"84557",3
"8456",2
"84560",1
"84561",1
"84569",1
"84570",3
"84572",1
"8458",2
"8459",1
"846",5
"8460",1
"84612",3
"84614",3
"84616",1
"84617",1
"84618",1
"84619",1
"8462",2
"84620",2
"84622",2
"84623",1
"84624",1
"84626",1
"84627",1
"84628",1
"84629",8
"8463",4
"84630",2
"84631",1
"84632",1
"84634",1
"84636",1
"84639",1
"8464",2
"84640",3
"84641",2
"84643",1
"84645",1
"84647",2
"84648",1
"84649",2
"84650",1
"84651",1
"84654",1
"84656",4
"84657",1
"84658",1
"84659",3
"84660",1
"84661",1
"84662",1
"84665",1
"84666",2
"84667",1
"84668",4
"84669",3
"8467",3
"84671",2
"84674",1
"84675",2
"84676",1
"84677",1
"84678",1
"84679",4
"8468",1
"84680",1
"84681",1
"84684",1
"84687",2
"84688",1
"84689",1
"84690",3
"84691",2
"84692",1
"84693",1
"84694",1
"84695",1
"84696",3
"84698",2
"84699",1
"847",3
"8470",7
"84700",1
"84701",1
"84705",2
"84706",1
"84707",1
"84708",2
"84709",1
"8471",1
"84717",1
"84719",1
"84720",3
"84722",1
"84725",6
"84726",3
"84727",1
"8473",6
"84733",4
"84734",1
"84735",1
"84740",2
"84747",2
"84749",2
"84750",3
"84752",1
"84757",1
"84759",2
"8476",5
"84765",2
"84766",3
"84767",1
"84769",1
"8477",1
"84771",1
"84775",1
"84777",2
"84779",1
"84786",1
"84787",2
"84789",1
"8479",2
"84790",2
"84791",2
"84792",1
"84793",2
"84795",2
"8480",3
"84803",1
"84804",3
"84807",3
"84808",1
"84809",3
"8481",2
"84811",1
"84812",1
"84814",1
"84815",3
"84816",2
"84817",2
"84818",3
"8482",2
"84820",4
"84823",1
"84824",3
"84826",2
"8483",1
"84830",2
"84833",1
"84836",1
"84837",1
"84838",5
"84839",1
"8484",1
"84842",1
"84843",1
"84844",1
"84847",1
"84849",1
"84850",1
"84851",2
"84852",2
"84856",1
"84858",4
"84859",7
"84861",5
"84864",4
"84865",1
"84866",2
"84867",3
"84868",4
"84869",3
"8487",4
"84870",1
"84871",2
"84872",3
"84873",1
"84874",1
"84875",4
"84876",1
"84878",2
"84879",2
"84881",1
"84883",2
"84885",1
"84886",1
"84888",3
"84889",1
"84890",2
"84891",2
"84892",1
"84893",2
"84894",1
"84895",1
"84896",2
"84897",6
"84898",6
"84899",3
"8490",6
"84900",3
"84901",6
"84902",6
"84904",3
"84905",3
"84909",2
"8491",1
"84910",2
"84911",2
"84912",3
"84913",3
"84914",2
"84915",1
"84916",2
"84918",1
"84919",1
"8492",2
"84920",2
"84922",2
"84923",1
"84924",1
"84925",2
"84926",1
"84928",2
"84929",2
"8493",2
"84930",1
"84931",1
"84932",1
"84933",1
"84934",2
"84935",2
"84936",1
"84937",5
"84938",1
"84939",4
"84940",1
"84941",1
"84942",1
"84944",1
"84945",2
"84946",2
"84947",2
"84948",1
"8495",1
"84950",3
"84951",2
"84953",1
"84954",1
"84955",2
"84957",1
"84958",1
"84959",5
"8496",5
"84961",5
"84962",4
"84964",1
"84966",1
"84967",1
"84968",1
"84969",1
"8497",1
"84970",1
"84971",1
"84975",1
"84976",1
"84978",2
"8498",4
"84983",1
"84984",2
"84985",4
"84986",3
"84987",1
"84988",1
"84989",1
"8499",3
"84991",4
"84993",1
"84996",1
"8500",4
"85001",2
"85003",2
"85004",2
"85007",4
"85009",1
"8501",1
"85012",1
"85013",1
"85014",1
"85015",2
"85016",2
"85019",2
"8502",5
"85021",3
"85025",1
"85026",1
"85027",1
"8503",2
"8504",3
"8505",1
"8506",1
"8507",2
"8508",2
"8509",2
"8513",1
"8514",2
"8515",1
"8516",4
"8517",2
"8518",2
"8519",1
"8520",1
"8521",1
"8522",5
"85236",1
"8525",2
"8526",5
"8527",1
"8528",2
"85280",1
"85285",1
"85289",1
"8529",1
"85290",1
"85291",1
"85293",1
"8530",1
"85300",1
"85301",5
"85302",3
"8531",4
"85313",1
"85315",2
"85320",2
"85329",1
"8533",1
"8534",2
"8535",2
"85352",2
"85358",2
"85359",1
"8536",2
"85360",4
"85363",2
"85364",3
"85365",2
"85366",1
"85367",2
"85368",2
"85369",1
"8537",1
"85371",2
"85375",1
"85377",2
"85378",2
"85379",3
"8538",1
"8539",5
"85395",2
"85397",2
"8540",4
"85403",1
"85406",2
"85407",3
"85409",1
"8541",2
"85413",2
"85414",2
"85415",1
"85416",1
"85417",1
"8542",1
"8543",5
"85437",2
"85438",1
"85439",4
"8544",1
"85440",2
"85441",4
"85442",3
"85443",1
"85444",1
"85445",4
"85446",2
"85449",2
"8545",3
"85450",2
"85451",3
"85452",3
"85453",1
"85455",1
"85456",1
"85457",1
"85458",3
"85459",4
"8546",2
"85460",3
"85461",3
"85462",1
"85463",2
"85464",4
"85465",3
"8547",1
"85476",6
"85477",3
"85478",3
"85479",2
"8548",4
"85480",1
"85481",1
"8549",2
"85495",1
"8550",1
"85509",2
"8552",1
"8553",2
"8554",3
"8555",8
"8556",5
"85569",1
"8557",1
"8558",3
"8559",2
"856",1
"8560",2
"8562",5
"8563",2
"8564",3
"8565",2
"8566",6
"8567",2
"8568",2
"8569",3
"857",2
"8570",4
"8572",5
"8573",5
"8574",2
"8575",2
"8576",2
"8578",2
"858",3
"8581",1
"85865",1
"8587",1
"859",1
"8590",1
"86",1
"860",6
"8600",2
"8601",2
"8602",1
"8603",1
"8604",2
"8605",2
"8607",1
"8608",1
"8609",5
"8611",2
"8612",1
"8613",3
"8614",2
"8615",2
"8618",6
"862",7
"8620",2
"8621",7
"8622",3
"8623",3
"8624",1
"8625",1
"8626",7
"8629",7
"863",1
"8630",2
"8631",1
"8632",2
"8633",5
"8634",2
"8635",6
"8636",1
"8638",2
"8639",1
"864",3
"8642",2
"8643",1
"8644",1
"8645",1
"8646",2
"8647",2
"8648",4
"8649",2
"865",2
"8650",1
"8651",4
"8653",4
"8654",8
"8655",1
"8658",4
"8659",2
"866",1
"8660",2
"8661",3
"8662",6
"8663",1
"8664",1
"8665",3
"8666",1
"8667",2
"8668",1
"8669",2
"867",5
"8671",5
"8672",4
"8673",1
"8674",3
"8675",4
"8676",2
"8677",1
"8678",3
"868",3
"8682",2
"8685",1
"8687",1
"8688",1
"8689",1
"869",1
"8690",2
"8692",1
"8694",1
"8697",2
"8698",1
"87",4
"8701",3
"8702",2
"8703",2
"8704",1
"8705",2
"8706",3
"8707",2
"8708",2
"871",1
"8710",1
"8711",2
"8712",1
"8714",5
"8715",2
"8717",3
"87178",1
"8718",5
"8720",2
"8721",2
"8722",1
"8723",2
"8724",4
"8725",4
"8726",2
"8727",1
"8728",2
"8729",1
"873",1
"8731",2
"8732",4
"8733",3
"8735",1
"8736",1
"8737",2
"8738",1
"8739",3
"874",1
"8740",2
"8741",1
"8743",3
"8744",1
"8745",4
"8747",2
"8748",2
"8749",2
"875",3
"8751",2
"8754",3
"8755",1
"8756",3
"8760",5
"8763",3
"8764",1
"8766",3
"8767",2
"8772",1
"8773",4
"8774",2
"8775",2
"8776",4
"87769",2
"8777",2
"8778",1
"8780",5
"8784",2
"8785",1
"8786",3
"8787",1
"8788",2
"8789",1
"8790",1
"8792",2
"8793",2
"8794",4
"8795",3
"8796",4
"8797",3
"8798",1
"8799",1
"88",4
"8800",2
"8801",3
"8802",2
"8803",1
"8804",1
"8805",3
"8807",1
"8808",1
"8809",1
"881",1
"8811",1
"8812",2
"8813",1
"8814",3
"8815",1
"8816",5
"8817",6
"8818",1
"8819",4
"8820",1
"8821",4
"8822",1
"8823",1
"8824",3
"8825",4
"8826",3
"8828",11
"8829",4
"883",3
"8831",2
"8832",8
"8833",3
"8834",1
"8835",3
"8836",1
"8837",12
"8838",2
"8839",1
"8840",4
"8841",1
"8842",1
"8843",1
"8844",4
"88455",2
"8846",2
"8847",6
"8848",4
"885",1
"8850",1
"8851",2
"8852",1
"8853",1
"8854",1
"8856",2
"8857",1
"8858",1
"8859",3
"886",2
"8861",2
"8862",1
"8863",4
"8864",2
"8867",3
"8869",1
"887",2
"8870",1
"8871",7
"8872",1
"8874",9
"88745",2
"8875",1
"8876",2
"8877",1
"8878",4
"8879",3
"8880",4
"8881",3
"8882",1
"8883",1
"8884",1
"8886",4
"8887",3
"8888",5
"889",4
"8890",2
"8891",1
"8892",1
"8893",2
"8894",2
"8895",2
"8896",2
"8897",4
"8898",3
"8899",3
"89",1
"890",2
"8900",1
"8904",1
"8905",4
"8906",2
"8907",2
"8908",3
"8909",1
"891",2
"8910",1
"8911",3
"8912",2
"89122",4
"8913",5
"8914",2
"8915",3
"892",2
"8924",1
"8925",3
"8927",1
"8928",2
"8929",1
"8930",4
"8932",4
"8933",1
"8934",3
"8935",6
"8936",1
"8938",2
"8939",2
"894",4
"8940",2
"8941",1
"8942",4
"8943",3
"8945",5
"896",2
"8968",1
"8970",1
"8971",1
"8972",1
"8973",1
"8975",3
"8976",4
"89765",1
"89766",1
"89777",1
"89778",1
"89781",3
"89782",4
"89790",2
"89792",1
"89795",5
"89796",8
"89797",6
"898",2
"89801",3
"89822",1
"89845",2
"89846",2
"89848",2
"89849",2
"8985",1
"89853",5
"89857",4
"8986",2
"89866",5
"89869",1
"8987",1
"89870",3
"89872",1
"89874",1
"89876",8
"8988",1
"89882",2
"89883",1
"89884",3
"89885",1
"89886",2
"89887",1
"8989",2
"89890",2
"89891",1
"89894",3
"899",2
"8991",1
"89910",6
"8992",7
"89927",2
"8993",1
"89932",2
"8994",5
"89941",3
"89944",1
"8995",1
"89953",2
"89958",1
"8996",4
"8997",7
"89970",3
"89978",3
"8999",2
"9",1
"90",1
"900",1
"90007",3
"9001",3
"90011",2
"90019",1
"9002",1
"90024",1
"90025",3
"90050",1
"90060",2
"90070",1
"90075",1
"901",5
"90102",5
"90113",2
"90120",1
"90121",1
"9013",2
"90133",2
"90134",2
"90135",1
"90139",2
"9014",2
"90141",2
"9015",1
"9016",2
"90161",3
"90167",1
"90187",1
"9019",6
"90196",4
"90199",3
"902",1
"9020",1
"90203",3
"90204",2
"9021",4
"9022",1
"90226",1
"9023",1
"90231",2
"90233",4
"9024",2
"90246",2
"90249",2
"9025",2
"9026",3
"90268",3
"90271",1
"90273",2
"9028",1
"90288",1
"90293",1
"9031",4
"90313",1
"90317",2
"9032",1
"90321",1
"90324",3
"90326",2
"9033",1
"90332",1
"90333",1
"90338",4
"9034",1
"90342",1
"90355",1
"90362",3
"9037",3
"90378",2
"90379",4
"9038",1
"90381",2
"9039",1
"90390",3
"904",2
"9040",1
"90407",2
"90410",1
"90411",3
"90416",3
"90417",1
"90423",1
"90427",1
"9043",5
"9044",1
"90441",1
"9045",3
"90459",2
"9046",1
"9047",1
"9048",3
"90480",3
"90485",1
"90488",1
"9049",2
"90499",1
"905",4
"9050",1
"90506",2
"90507",2
"9051",1
"9052",3
"90522",4
"90523",1
"90525",1
"90527",2
"90529",2
"9053",3
"9054",2
"9055",1
"90550",1
"9056",1
"9057",3
"9058",2
"90580",1
"90586",1
"90589",1
"90592",1
"90594",1
"9060",3
"9061",1
"90624",4
"90625",1
"90627",2
"9063",8
"90632",1
"90634",8
"90637",1
"90639",2
"9064",3
"90649",1
"90655",1
"9066",5
"90665",1
"90668",1
"90673",3
"90678",2
"9068",3
"9069",1
"90693",2
"9070",1
"90701",2
"9071",1
"9073",1
"90736",2
"90737",1
"9074",2
"9075",1
"9076",2
"90768",1
"9077",1
"90780",2
"9079",2
"90799",3
"908",2
"9080",1
"90806",3
"90809",1
"90826",1
"9083",1
"90835",1
"90843",1
"9085",1
"90850",2
"90853",2
"9086",2
"90861",3
"90864",2
"90865",1
"9087",1
"90871",2
"90874",2
"9088",1
"909",1
"9091",2
"9092",2
"9093",2
"90933",1
"9094",1
"9095",1
"90952",1
"90956",4
"90957",2
"9096",4
"9097",3
"90987",1
"9099",4
"90990",2
"90993",2
"91",6
"910",1
"9100",2
"9101",2
"91010",4
"91012",2
"9103",3
"91039",3
"9104",1
"91050",4
"91056",1
"91057",2
"9107",2
"91074",1
"9108",3
"911",1
"9110",2
"91107",1
"9111",1
"9112",2
"91120",2
"9113",4
"91133",2
"91137",2
"9114",1
"91147",7
"91149",1
"91151",2
"91156",2
"9117",6
"91179",3
"9118",1
"91181",1
"9119",1
"912",1
"9120",2
"9121",3
"9122",1
"91227",1
"9124",1
"9125",6
"91252",2
"9126",4
"9127",2
"91272",1
"9128",2
"91283",2
"91289",2
"9129",1
"91298",2
"913",2
"9130",1
"91300",2
"91304",6
"9131",1
"91316",3
"91319",3
"9132",2
"9133",3
"9134",2
"9135",5
"91351",2
"91353",1
"91355",1
"9136",1
"91368",2
"91369",3
"91370",1
"91373",1
"9138",1
"9139",5
"91392",2
"914",1
"9140",3
"91404",3
"91408",5
"9141",2
"91419",2
"9142",1
"9143",1
"91433",2
"9144",2
"91442",1
"91445",1
"9145",3
"91450",1
"91452",2
"9146",2
"91461",1
"91464",1
"9147",4
"9148",2
"9149",2
"915",1
"9150",1
"9152",2
"91522",1
"91523",1
"91526",5
"9153",2
"9154",2
"91543",2
"91544",1
"91548",1
"9156",1
"91574",3
"9158",1
"91582",1
"91584",4
"9159",2
"916",1
"91603",2
"91607",1
"91608",2
"91612",3
"91614",1
"9162",1
"91624",2
"91646",1
"91647",2
"91653",3
"9166",2
"91661",3
"91662",2
"91663",2
"9167",1
"9168",1
"91683",3
"91687",2
"91689",3
"9169",7
"91694",3
"917",1
"9170",2
"91703",2
"9172",1
"9173",4
"91734",1
"91746",5
"91748",2
"91749",3
"9175",7
"91750",2
"91752",1
"91754",3
"91768",3
"9177",1
"91775",4
"91782",1
"9179",1
"9180",3
"91801",2
"91807",5
"9181",4
"9182",2
"91828",2
"9183",1
"91833",3
"9184",6
"9185",3
"91851",1
"91860",5
"91862",3
"91869",2
"9187",4
"91875",3
"9188",2
"9189",2
"91893",1
"919",1
"9191",3
"91937",1
"9194",5
"91942",1
"91947",1
"91948",1
"91949",1
"9196",1
"91966",1
"9197",4
"91975",1
"91977",5
"91978",2
"92",2
"920",2
"9200",2
"92002",1
"9201",4
"92014",2
"92017",1
"9202",3
"9203",3
"9204",7
"9205",4
"92070",2
"9208",9
"92086",1
"9209",5
"92092",2
"921",2
"9210",1
"92104",1
"92105",5
"92106",1
"9211",1
"9212",2
"92126",3
"92129",1
"9213",3
"9214",2
"92140",5
"9215",2
"92154",3
"92162",1
"9217",3
"92170",1
"9218",5
"92181",2
"9219",1
"92196",1
"922",1
"9220",1
"9221",3
"92211",2
"9223",12
"92235",1
"92241",1
"92249",2
"92255",3
"92259",1
"92270",2
"9228",2
"92283",1
"92285",2
"9229",4
"92291",3
"92292",1
"92293",1
"923",7
"9230",2
"92304",1
"92305",2
"9231",2
"92312",3
"9232",1
"92335",3
"92340",1
"92342",1
"92344",1
"92345",1
"92346",1
"9235",1
"92359",1
"9236",1
"92369",1
"92370",2
"9238",1
"92399",1
"924",2
"9240",1
"92400",3
"9241",1
"9242",1
"92421",1
"9244",1
"9245",1
"9246",1
"9247",1
"9248",1
"92482",4
"92483",1
"9249",1
"925",1
"9252",3
"92521",3
"9253",2
"9254",1
"9255",3
"92552",1
"92558",2
"9256",1
"92565",1
"92579",2
"9258",2
"92591",1
"92595",2
"92597",1
"926",1
"9260",7
"92609",2
"9261",3
"92610",3
"9262",4
"9263",3
"9265",4
"92659",1
"9266",3
"92667",1
"9267",2
"92675",2
"92689",2
"92691",1
"9270",3
"9271",1
"92714",2
"92715",1
"92736",2
"92737",1
"9274",1
"92745",1
"92747",1
"92749",1
"9275",1
"9276",2
"9277",1
"9278",1
"92797",3
"92799",1
"928",3
"92806",3
"92815",2
"9282",5
"92822",2
"9283",2
"9284",1
"92840",1
"92856",1
"9287",1
"9288",1
"9289",2
"929",1
"9290",2
"92906",4
"92912",1
"92922",1
"9293",1
"92935",1
"9294",2
"92949",6
"9295",4
"92960",1
"92973",1
"92979",2
"92999",3
"93",3
"930",1
"93010",4
"93035",1
"93058",1
"9306",3
"9308",1
"93081",1
"93082",1
"93099",1
"931",4
"9310",2
"93100",1
"93107",1
"93109",2
"9312",2
"93129",1
"9313",1
"9314",2
"93145",1
"9315",4
"93164",2
"93166",2
"9317",2
"9318",2
"93183",3
"93185",1
"9319",1
"93190",1
"932",2
"9320",3
"9321",4
"93210",2
"9322",1
"93233",1
"9324",1
"9325",1
"9326",1
"93273",1
"9328",2
"9329",3
"933",4
"9330",4
"9331",4
"9332",3
"93323",1
"9333",1
"9334",2
"93343",1
"93349",3
"9337",3
"93377",1
"9338",1
"93380",1
"9340",1
"93408",2
"9341",3
"9342",3
"93426",2
"93429",1
"9343",2
"93432",1
"93436",1
"9344",3
"93444",2
"93463",1
"93474",1
"9348",1
"93487",4
"9350",1
"9351",1
"93517",2
"9352",3
"9353",3
"9354",1
"9355",2
"93550",2
"93556",1
"9356",2
"9358",5
"93587",3
"93589",2
"93594",2
"9360",4
"9361",1
"93611",2
"9362",2
"93621",1
"93622",1
"93624",2
"93627",1
"9363",1
"9364",3
"93643",2
"93649",2
"9365",1
"93650",1
"93653",1
"93654",2
"9366",1
"93661",1
"93663",3
"93664",1
"93668",2
"9367",1
"9368",1
"9369",4
"9370",1
"9371",2
"9372",2
"9373",3
"9375",1
"9376",2
"9377",2
"9378",6
"9379",2
"9380",3
"9381",2
"9382",3
"9383",1
"9388",1
"9389",1
"939",1
"9390",1
"9391",3
"9392",3
"9394",3
"93953",1
"9397",4
"93973",2
"93974",3
"93979",1
"9398",2
"93986",9
"9399",3
"94",2
"940",3
"9400",5
"94005",1
"9401",2
"94015",2
"9402",1
"94025",1
"94026",1
"9403",1
"94030",1
"94031",2
"94032",2
"94039",3
"9404",2
"94056",1
"94059",1
"9406",2
"9407",1
"94081",3
"94086",1
"9409",3
"94097",4
"941",3
"9410",1
"94101",3
"94103",2
"94104",3
"94107",1
"9411",4
"94120",4
"94121",3
"94122",2
"9413",1
"94134",1
"94137",1
"9414",4
"9415",2
"9416",2
"94160",2
"9419",6
"942",3
"9420",1
"9421",1
"9422",3
"9423",2
"94233",1
"94234",1
"94235",1
"94239",4
"9424",1
"94240",2
"94241",3
"9425",3
"9427",1
"94274",1
"9429",1
"943",1
"9435",2
"9436",3
"9437",3
"9439",5
"944",3
"9440",3
"9441",3
"9442",3
"9443",3
"9444",10
"9445",2
"9446",2
"9447",1
"9448",5
"945",1
"9450",1
"9451",2
"9452",2
"9453",2
"9454",3
"9455",2
"9456",2
"9457",3
"9459",1
"946",3
"9462",7
"9463",1
"9464",1
"9465",2
"9466",3
"9467",2
"9468",3
"9469",3
"947",1
"9470",4
"9472",2
"9473",2
"9474",3
"9475",2
"9476",1
"9477",2
"9478",3
"9479",1
"948",5
"9480",5
"9481",5
"9482",2
"9486",1
"9487",4
"9488",2
"9489",2
"949",5
"9491",4
"9493",2
"9495",2
"9496",1
"9497",4
"9498",4
"9499",1
"95",1
"950",4
"9500",1
"9501",3
"9502",1
"9506",1
"9507",1
"9508",1
"9509",3
"951",2
"9510",2
"9512",2
"9513",2
"9514",1
"9515",3
"9516",3
"9517",5
"9518",3
"9519",1
"952",1
"9520",3
"9521",2
"9522",6
"9524",2
"9525",1
"9526",2
"9527",4
"9528",2
"9529",3
"953",4
"9530",3
"9531",1
"9532",3
"9533",2
"9534",4
"9535",1
"9536",2
"9537",3
"9538",2
"954",2
"9540",1
"9541",1
"9542",3
"9543",2
"9545",2
"9546",2
"9547",3
"955",2
"9550",2
"9551",1
"9552",1
"9553",1
"9554",1
"9555",6
"9556",2
"9557",4
"9559",2
"956",2
"9562",1
"9563",4
"9564",2
"9567",5
"9568",4
"95681",6
"9569",1
"957",3
"9570",9
"9573",1
"9575",4
"9576",2
"9577",3
"9578",2
"958",4
"9580",3
"9581",4
"9582",1
"9583",3
"9584",4
"9585",1
"9586",1
"9587",1
"9588",2
"9589",7
"959",1
"9590",5
"9592",1
"9595",1
"9597",1
"960",13
"9600",1
"9601",2
"9603",2
"9604",3
"9605",1
"9607",1
"9609",1
"961",7
"9610",1
"9611",5
"9612",5
"9615",2
"9616",4
"9617",3
"9618",4
"9619",4
"962",2
"9620",3
"9622",5
"9623",1
"9625",1
"9626",3
"9627",3
"9628",4
"9629",1
"963",3
"9630",2
"9631",1
"9632",1
"9633",2
"9635",4
"9636",1
"9637",3
"9638",2
"9639",4
"9640",3
"9641",2
"9643",3
"9644",3
"9645",4
"96459",5
"9646",1
"9647",4
"9648",2
"9649",5
"965",5
"9650",3
"9651",1
"9652",3
"9653",4
"9654",3
"9655",3
"9656",2
"9657",2
"9658",1
"9659",4
"96597",1
"966",5
"96610",3
"9662",2
"9663",2
"9665",2
"9666",3
"9667",2
"9668",1
"9669",6
"967",1
"9670",1
"9671",2
"9672",2
"9673",2
"9674",2
"9675",1
"96764",3
"9677",2
"9678",2
"9679",2
"9681",1
"9682",2
"9683",4
"9684",2
"9685",3
"9686",2
"9687",3
"9688",2
"9689",2
"969",1
"9690",5
"9692",1
"9693",5
"9694",1
"9695",1
"9696",2
"9697",3
"9698",3
"9699",3
"97",1
"970",1
"9700",2
"9701",4
"9702",5
"9703",2
"9704",3
"9705",4
"9706",4
"9708",1
"9709",2
"971",1
"9710",1
"9711",5
"9715",1
"9716",4
"9717",1
"9718",3
"9719",1
"972",3
"9720",2
"9721",2
"9722",2
"9723",1
"9725",4
"9726",1
"9727",3
"9728",2
"9729",1
"973",2
"9730",5
"9731",3
"9732",3
"9733",4
"9734",5
"9735",1
"9736",6
"9737",1
"9738",2
"9739",1
"974",3
"9741",1
"9742",3
"9743",4
"9744",3
"9745",3
"9746",1
"9747",1
"9748",2
"9749",5
"975",1
"9750",2
"9751",1
"9752",1
"9753",3
"9754",1
"9755",1
"9757",3
"9758",2
"9759",3
"976",1
"9760",2
"9761",2
"9762",1
"9764",2
"9765",5
"9766",1
"9767",1
"9768",2
"977",1
"9770",1
"9771",4
"9774",6
"9775",1
"9776",3
"9777",2
"9778",2
"9779",3
"978",1
"9780",3
"9781",2
"9782",1
"9783",2
"9784",1
"9785",1
"9786",2
"9787",1
"9788",4
"9789",3
"9790",1
"9791",1
"9792",2
"9793",2
"9794",1
"9796",1
"9797",2
"9798",2
"9801",3
"9802",4
"9804",2
"9805",1
"9806",2
"9807",1
"9808",1
"9810",3
"9811",2
"9812",4
"9813",7
"9814",4
"9815",5
"9816",1
"9817",1
"9818",4
"9819",6
"9820",4
"9821",2
"9823",1
"9824",1
"9825",2
"9826",3
"9827",1
"9828",1
"9829",2
"983",4
"9830",5
"9831",1
"9832",2
"9833",1
"9834",2
"9836",2
"9837",1
"9839",5
"9840",2
"9841",3
"9842",2
"9843",2
"9844",1
"9846",1
"9847",1
"9849",3
"9851",1
"9852",3
"9853",1
"9854",2
"9855",5
"9856",1
"9857",4
"9858",1
"9860",4
"9861",2
"9862",1
"9863",3
"9865",2
"9866",3
"9867",1
"9868",2
"9869",2
"987",2
"9870",3
"9871",3
"9873",2
"9874",7
"9875",3
"9878",5
"9879",2
"988",4
"9880",1
"9881",1
"9882",2
"9883",1
"9885",2
"9886",1
"9887",4
"9889",2
"989",4
"9890",1
"9891",1
"9892",1
"9894",2
"9895",2
"9896",1
"9897",1
"9898",4
"9899",3
"990",2
"9900",1
"9901",4
"9902",2
"9903",1
"9904",2
"9905",3
"9908",3
"9909",1
"991",1
"9910",5
"9911",2
"9912",2
"9913",3
"9914",3
"9915",1
"9917",2
"9918",1
"9919",1
"9920",1
"9921",2
"9922",2
"9923",3
"9924",1
"9925",1
"9926",3
"9927",3
"9928",2
"9929",1
"993",3
"9931",3
"9933",2
"9934",1
"9935",2
"9937",1
"9938",3
"9939",6
"994",1
"9940",3
"9941",3
"9942",4
"9943",1
"9945",1
"9946",5
"9947",1
"9948",5
"9949",4
"995",3
"9950",1
"9951",1
"9953",3
"9955",1
"9956",1
"9957",3
"996",4
"9960",2
"9961",1
"9962",4
"9963",1
"9965",1
"9966",2
"9967",4
"9968",4
"9969",4
"997",2
"9970",2
"9971",3
"9972",3
"9973",1
"9975",2
"9976",2
"9978",1
"998",5
"9980",2
"9982",1
"9984",1
"9985",2
"9986",2
"9987",6
"9988",1
"9989",1
"999",2
"9990",3
"9991",5
"9992",1
"9993",2
"9994",2
"9997",1
