"snp","pip"
"chr10:5145166:A:C",0.00146041266465247
"chr10:5146755:A:G",0.000920547583515674
"chr10:5146984:A:G",0.00144928461541149
"chr10:5147311:A:G",0.00141142267022754
"chr10:5147821:A:T",0.000925677618060949
"chr10:5148659:C:T",0.00146844408804048
"chr10:5148896:C:T",0.00128759115710142
"chr10:5149068:A:T",0.00152672152629385
"chr10:5149295:A:G",0.000959808691833652
"chr10:5150740:C:T",0.000952282963791351
"chr10:5150785:A:G",0.000924395421214808
"chr10:5151111:C:G",0.00131135863542919
"chr10:5151351:G:T",0.000902573682092123
"chr10:5151793:C:G",0.000935359311046713
"chr10:5152061:G:T",0.0015317719636585
"chr10:5152222:A:G",0.00254123128725414
"chr10:5152680:A:G",0.00150295365667941
"chr10:5153437:C:T",0.00171390451074094
"chr10:5153598:C:T",0.000933303833145938
"chr10:5153730:C:G",0.00149833912915642
"chr10:5153842:C:T",0.00148250841287967
"chr10:5153924:C:T",0.000953020364222734
"chr10:5154078:A:G",0.000934866755158081
"chr10:5154284:C:T",0.0014839135606175
"chr10:5154423:A:C",0.000937317849382557
"chr10:5154798:C:G",0.000891362688842379
"chr10:5154982:C:T",0.00149713923638384
"chr10:5155686:A:G",0.00139286541579009
"chr10:5156177:A:C",0.00150339693536228
"chr10:5156701:A:G",0.000886061882133582
"chr10:5156763:C:T",0.000886051803468568
"chr10:5156831:C:T",0.00167619165689903
"chr10:5157441:C:T",0.00149353335028413
"chr10:5157733:C:G",0.00128763665870402
"chr10:5157812:A:G",0.000933477764926471
"chr10:5157858:C:T",0.00108124687153244
"chr10:5157875:A:G",0.00142353333925382
"chr10:5158044:A:C",0.000891547744281018
"chr10:5158382:C:G",0.001489385130099
"chr10:5158437:A:G",0.00130042271462671
"chr10:5158663:A:C",0.00158421323241775
"chr10:5158884:C:T",0.00130482041426205
"chr10:5159021:A:G",0.00147516413651005
"chr10:5159246:A:G",0.00088702906534055
"chr10:5159905:C:T",0.00163812814098296
"chr10:5160440:C:G",0.00151767465963726
"chr10:5160962:A:G",0.000935127790962165
"chr10:5161118:A:G",0.000886612662518771
"chr10:5161333:A:G",0.00147220491830069
"chr10:5161386:A:C",0.000882162535671083
"chr10:5161616:A:G",0.00154790972378671
"chr10:5161785:A:G",0.000885782389417389
"chr10:5161809:C:G",0.000878157085119624
"chr10:5161901:C:T",0.00150635430997748
"chr10:5162108:C:T",0.000923753123430737
"chr10:5162371:A:G",0.00130151507115139
"chr10:5162625:G:T",0.000943195017553466
"chr10:5162713:A:C",0.00132557692893576
"chr10:5162965:C:T",0.00151724540717924
"chr10:5163262:C:T",0.00153444518445178
"chr10:5163423:A:G",0.00088982167158258
"chr10:5163474:A:C",0.00135688836808834
"chr10:5163862:A:G",0.00151612810574853
"chr10:5164086:C:T",0.00160520272017595
"chr10:5164133:C:T",0.00132798332146189
"chr10:5164222:C:T",0.000937900606398423
"chr10:5164726:C:G",0.000877499101823442
"chr10:5165008:A:G",0.00153774504309034
"chr10:5165040:A:T",0.000930541094245507
"chr10:5165446:A:G",0.00148294422621831
"chr10:5165639:C:T",0.00141917035666972
"chr10:5165720:A:G",0.000951421424458143
"chr10:5166013:A:T",0.000877048436671468
"chr10:5166099:C:G",0.00148755432791414
"chr10:5166276:G:T",0.000958900877139457
"chr10:5166426:A:G",0.000882759501153463
"chr10:5166458:A:G",0.000954193750388632
"chr10:5166498:C:T",0.000884720758668966
"chr10:5166601:C:T",0.00095228050178342
"chr10:5166816:C:T",0.00162662262900215
"chr10:5166929:A:G",0.000942630065882466
"chr10:5167463:G:T",0.000882501610061759
"chr10:5167520:A:C",0.00132501892968562
"chr10:5167702:C:T",0.00125364218547541
"chr10:5167706:A:C",0.000955583430178097
"chr10:5168358:C:T",0.00135618716606933
"chr10:5168399:C:T",0.000929494305434209
"chr10:5169012:C:T",0.00133180326754501
"chr10:5169240:C:T",0.00133090995290153
"chr10:5169926:A:G",0.00133786657830492
"chr10:5170420:C:T",0.00130416180738402
"chr10:5170677:A:G",0.000910527179872056
"chr10:5170714:A:G",0.000910524124949519
"chr10:5171078:A:C",0.00130206925864251
"chr10:5171289:A:G",0.000965238308365035
"chr10:5171377:C:T",0.00091258231192326
"chr10:5171459:A:T",0.00130481087052292
"chr10:5171605:C:T",0.00131595655920702
"chr10:5171644:A:C",0.0014885957819607
"chr10:5171703:A:G",0.00141773551297242
"chr10:5171832:A:C",0.00127010698934005
"chr10:5171847:A:G",0.00127007400655998
"chr10:5172231:C:T",0.00128795546454596
"chr10:5172504:A:G",0.00094529371029306
"chr10:5172566:C:T",0.00136154994791471
"chr10:5173277:A:T",0.00132747889062468
"chr10:5173792:A:G",0.000884025753221329
"chr10:5174067:A:T",0.00130126070665626
"chr10:5174108:A:G",0.0013149462078943
"chr10:5174325:A:G",0.000927581764800678
"chr10:5174398:A:T",0.00132879970451605
"chr10:5174657:C:G",0.00132226400412339
"chr10:5175221:C:T",0.000920922482200326
"chr10:5175298:C:T",0.000927155486346809
"chr10:5175339:A:T",0.000953045805859531
"chr10:5175343:C:T",0.000927055886394523
"chr10:5175496:G:T",0.000886462398925536
"chr10:5175734:A:G",0.000927441001079443
"chr10:5175942:A:C",0.00106734093064464
"chr10:5176458:C:T",0.00107075587665084
"chr10:5176691:C:G",0.000959672834670688
"chr10:5176885:C:T",0.00137632644909624
"chr10:5176962:A:C",0.00162621033858223
"chr10:5176984:A:G",0.000957663950823084
"chr10:5177189:C:G",0.000930017603842259
"chr10:5177576:C:G",0.000887623918625291
"chr10:5178415:C:T",0.00170988386003079
"chr10:5178891:A:T",0.000948144719229549
"chr10:5179559:G:T",0.00114818815265727
"chr10:5179571:G:T",0.00199390377545594
"chr10:5179757:G:T",0.000948926187020915
"chr10:5179888:A:C",0.000892660758388009
"chr10:5179958:A:C",0.000963147859253444
"chr10:5180006:A:G",0.000879541019897179
"chr10:5180025:A:G",0.000972999845387901
"chr10:5180127:C:G",0.00127293681255702
"chr10:5180152:A:G",0.00126940574154755
"chr10:5180255:C:T",0.00127567791136529
"chr10:5180367:A:G",0.000880583037998428
"chr10:5180417:C:G",0.000891513419123968
"chr10:5180477:A:G",0.00127641244885635
"chr10:5180590:C:G",0.00131057304807258
"chr10:5180835:C:T",0.000969991179255225
"chr10:5180847:C:G",0.00130837565201247
"chr10:5180913:C:G",0.000902161907368693
"chr10:5180957:A:G",0.000885887916561634
"chr10:5181094:C:G",0.00134740014351986
"chr10:5181706:A:G",0.00131599895045253
"chr10:5181925:G:T",0.000972667165408114
"chr10:5182450:A:G",0.00123795373047164
"chr10:5182676:A:G",0.00087704472247041
"chr10:5182762:A:T",0.00137166608065065
"chr10:5183654:C:T",0.000956820321583729
"chr10:5183721:C:T",0.00165160846746926
"chr10:5183969:C:T",0.00160037390126444
"chr10:5184725:G:T",0.00158670111826009
"chr10:5184755:C:T",0.00156253499392345
"chr10:5185419:A:C",0.00123067150629141
"chr10:5185908:C:T",0.00151578080619208
"chr10:5185973:C:G",0.00120108543695363
"chr10:5186022:A:T",0.00122206672533354
"chr10:5186164:A:G",0.00154536567301999
"chr10:5186298:A:G",0.00142329064297797
"chr10:5186350:A:G",0.00118738101316229
"chr10:5186522:C:T",0.00121054494007189
"chr10:5186535:A:T",0.0016582771268645
"chr10:5186886:A:C",0.00247967245528935
"chr10:5187025:A:G",0.000916827019134758
"chr10:5187039:A:G",0.00120702190165367
"chr10:5187128:C:T",0.00123263769415871
"chr10:5187300:C:T",0.000926751472240417
"chr10:5187399:C:T",0.000883408547808329
"chr10:5188017:C:T",0.00127453975468961
"chr10:5189117:A:G",0.000918015145004225
"chr10:5189527:C:T",0.00133181118040149
"chr10:5189610:A:T",0.000894184997960901
"chr10:5189636:A:T",0.00138273495374186
"chr10:5189797:A:G",0.00144961829491319
"chr10:5189975:C:T",0.000930901992475031
"chr10:5190363:C:T",0.00154660647841853
"chr10:5190731:C:G",0.000894638837232176
"chr10:5190979:C:T",0.000927046887299832
"chr10:5191050:A:T",0.00105453252854515
"chr10:5191352:C:T",0.00161254622135309
"chr10:5192095:C:T",0.000881358410202759
"chr10:5192198:A:G",0.000933794350690964
"chr10:5192328:C:T",0.0010861244176783
"chr10:5192443:A:G",0.000926702355664721
"chr10:5193000:C:T",0.00104467335221559
"chr10:5193570:C:T",0.000892303567969654
"chr10:5193631:A:G",0.000882342464648578
"chr10:5193799:A:T",0.000893452049055221
"chr10:5193861:G:T",0.000893766516022576
"chr10:5194167:A:G",0.00089993261258714
"chr10:5194397:C:T",0.00103737640334423
"chr10:5194756:C:G",0.00123881088736144
"chr10:5196057:G:T",0.000890024129928113
"chr10:5196233:A:G",0.00108308396759904
"chr10:5196320:C:T",0.000896420656597785
"chr10:5196599:C:T",0.000879234635725479
"chr10:5197337:C:T",0.000904793096831558
"chr10:5197452:C:T",0.00114157659557168
"chr10:5197743:G:T",0.000917854605824386
"chr10:5197861:C:T",0.000904001688221912
"chr10:5197995:A:T",0.000903974048755862
"chr10:5198187:A:G",0.001096933589531
"chr10:5198725:G:T",0.000882136106163389
"chr10:5199018:C:T",0.00114366793656673
"chr10:5199030:C:T",0.00133754060027425
"chr10:5199461:C:G",0.00102437632353314
"chr10:5199509:A:G",0.000904938504079023
"chr10:5199793:A:G",0.00197580790860241
"chr10:5200008:G:T",0.000909298953812643
"chr10:5200041:C:T",0.00111375571117511
"chr10:5200074:C:T",0.00111395993426389
"chr10:5200201:A:G",0.00108300720296139
"chr10:5200674:C:T",0.00109317328540159
"chr10:5200727:A:T",0.0011631397690306
"chr10:5201007:C:G",0.00108698984251909
"chr10:5201054:A:G",0.0010823650546381
"chr10:5201130:A:G",0.00108403677582414
"chr10:5201635:G:T",0.00108126481355042
"chr10:5202332:A:G",0.00109974721424089
"chr10:5202478:A:G",0.00144375862382295
"chr10:5202739:A:C",0.00108785459482952
"chr10:5202899:A:G",0.00116562004819809
"chr10:5202905:C:G",0.00116603033268958
"chr10:5203006:C:T",0.00115094413112626
"chr10:5203048:C:T",0.00115491456883876
"chr10:5203233:A:G",0.00100532636277717
"chr10:5203293:C:T",0.00159109812632729
"chr10:5203328:A:G",0.00119656485606412
"chr10:5203345:C:G",0.00118217109021979
"chr10:5203817:G:T",0.00092754944729867
"chr10:5204122:A:G",0.000917295776527327
"chr10:5204162:C:T",0.000902941141968761
"chr10:5204621:A:C",0.00121409254200122
"chr10:5204663:A:G",0.00110706700235108
"chr10:5204707:A:C",0.000903109867063545
"chr10:5205135:A:G",0.000919146540063753
"chr10:5205339:C:T",0.0009114340843831
"chr10:5205401:C:G",0.00123802244141114
"chr10:5205413:C:T",0.000919237911837345
"chr10:5205471:A:C",0.000917179689412073
"chr10:5205567:A:G",0.00087721677661734
"chr10:5205668:A:G",0.000919100817495355
"chr10:5205671:A:G",0.000919100817495355
"chr10:5205738:A:G",0.000928249949976423
"chr10:5205821:C:G",0.00091728282638559
"chr10:5205947:A:G",0.00105271386863592
"chr10:5206624:G:T",0.000882532168601236
"chr10:5206764:C:G",0.00108551781527655
"chr10:5207148:C:T",0.000889889394504739
"chr10:5207250:A:G",0.00089230717784694
"chr10:5207414:A:T",0.000885015840392578
"chr10:5207807:A:G",0.000880062810919346
"chr10:5208016:A:G",0.00111140605918625
"chr10:5208224:A:T",0.000914121765203668
"chr10:5208400:A:T",0.000898326823963069
"chr10:5208490:C:T",0.000975962261380747
"chr10:5208928:A:G",0.000885228980256225
"chr10:5208956:A:C",0.000889782636058434
"chr10:5209519:A:G",0.000913535320724801
"chr10:5209739:A:G",0.000918714622781147
"chr10:5209795:C:G",0.000879328129859247
"chr10:5209837:A:G",0.00145119222361834
"chr10:5209851:A:C",0.000890842884470944
"chr10:5209852:C:T",0.000890842884470944
"chr10:5210050:C:G",0.000917154032935019
"chr10:5210114:G:T",0.000917726605691449
"chr10:5210768:C:T",0.000902321094107372
"chr10:5210875:G:T",0.000917408994887015
"chr10:5210903:A:C",0.000924603179375594
"chr10:5210939:A:C",0.000917699833950292
"chr10:5211066:C:G",0.00144058934512581
"chr10:5211396:G:T",0.00093141862353896
"chr10:5211675:A:G",0.000917674452921124
"chr10:5211905:C:G",0.00132517890894823
"chr10:5212109:G:T",0.0011297892646851
"chr10:5212183:A:G",0.000917851842221151
"chr10:5212225:A:G",0.000917864027932147
"chr10:5212489:A:C",0.000927283073280605
"chr10:5212857:A:C",0.000904137233603497
"chr10:5212858:C:G",0.000903468771669247
"chr10:5212884:A:G",0.000906905947620218
"chr10:5213216:A:C",0.00112217511501989
"chr10:5213726:C:T",0.00186686869466346
"chr10:5214222:C:G",0.00186910962868769
"chr10:5214309:C:T",0.000918926828177624
"chr10:5214533:C:T",0.000920802043960833
"chr10:5214534:A:G",0.000919051487868972
"chr10:5214767:A:G",0.00131667472481745
"chr10:5214788:C:T",0.00109734875465184
"chr10:5214795:C:T",0.000929427080349599
"chr10:5214871:C:T",0.000919472039152547
"chr10:5215134:G:T",0.00092327110964141
"chr10:5215379:C:T",0.00154755570143417
"chr10:5215684:A:G",0.000910092296564913
"chr10:5215757:C:G",0.00110468914809236
"chr10:5215834:C:T",0.000921751647224855
"chr10:5215978:C:T",0.000921448538550695
"chr10:5216106:A:G",0.00125186847306513
"chr10:5216358:C:G",0.00118295941735114
"chr10:5216608:A:G",0.00179300186632658
"chr10:5217078:C:G",0.000942959196254312
"chr10:5217240:G:T",0.00111285816640494
"chr10:5217398:A:G",0.00134693579418665
"chr10:5217773:A:T",0.000888675577693787
"chr10:5218590:C:T",0.00145702373658796
"chr10:5218719:C:G",0.000922620976314348
"chr10:5218896:C:T",0.000949817972805689
"chr10:5219138:A:G",0.000944627363458239
"chr10:5219148:C:T",0.000941364666679045
"chr10:5219196:A:G",0.00087894335608163
"chr10:5219212:A:G",0.000925243497713613
"chr10:5219263:C:G",0.00092024069930452
"chr10:5219293:A:T",0.000922800503659449
"chr10:5219528:C:T",0.000922768952460129
"chr10:5219613:A:T",0.000923080513426267
"chr10:5219720:A:G",0.000929942287418384
"chr10:5219740:A:G",0.000961237275703408
"chr10:5219947:A:G",0.000912267787920529
"chr10:5220056:A:G",0.000929787231627732
"chr10:5220133:A:G",0.000925954664616313
"chr10:5220173:C:T",0.000915270555467584
"chr10:5220304:A:G",0.000923362282805651
"chr10:5220398:A:G",0.000877519002354998
"chr10:5220527:C:G",0.000909101989252425
"chr10:5220549:A:G",0.000917576079840332
"chr10:5220847:C:T",0.000893992810918065
"chr10:5220859:C:T",0.000899605032612105
"chr10:5220920:C:G",0.00092310875134094
"chr10:5220957:C:T",0.00111136585010718
"chr10:5220978:C:G",0.000935234308469313
"chr10:5221060:G:T",0.000925075964560595
"chr10:5221321:A:G",0.0011867706467702
"chr10:5221378:A:G",0.000915688926120595
"chr10:5221448:A:G",0.00180847962130892
"chr10:5221498:A:T",0.000917072271048758
"chr10:5221531:A:C",0.000913084024497413
"chr10:5221553:A:T",0.000915643077567752
"chr10:5221665:A:G",0.00145791700435705
"chr10:5221739:A:C",0.000929067389849991
"chr10:5222241:C:T",0.000878829397647163
"chr10:5222272:A:G",0.00112008049474943
"chr10:5222358:A:G",0.00129190430130588
"chr10:5222396:A:G",0.00164925780225944
"chr10:5222545:C:T",0.000878116587614164
"chr10:5222560:C:T",0.000877859495815758
"chr10:5222702:A:G",0.000883132385137819
"chr10:5222726:G:T",0.000892077177148898
"chr10:5222784:A:G",0.00125224582008676
"chr10:5222849:A:G",0.00126489112324146
"chr10:5222966:C:T",0.00121521060714846
"chr10:5223107:C:G",0.000877517807257977
"chr10:5223165:C:T",0.000877224081632044
"chr10:5223398:C:T",0.000879604372818088
"chr10:5223452:A:G",0.000879985476038292
"chr10:5223499:A:G",0.000877754202959213
"chr10:5223554:A:C",0.000879090292335349
"chr10:5223568:A:C",0.000946676324052764
"chr10:5223859:A:G",0.00091330453686389
"chr10:5223862:C:T",0.000877086410820516
"chr10:5224134:A:G",0.000879277119036903
"chr10:5224192:C:T",0.000881173085591436
"chr10:5224237:C:T",0.000889472610562714
"chr10:5224454:C:T",0.000884309477323098
"chr10:5224911:A:G",0.000912366721879443
"chr10:5225013:G:T",0.00187893524944682
"chr10:5225076:C:G",0.000877076929252985
"chr10:5225185:A:G",0.00087856772330297
"chr10:5225205:C:G",0.00087857118995871
"chr10:5225208:A:T",0.000878570676200341
"chr10:5225228:A:G",0.000912425117629123
"chr10:5225251:C:T",0.0013937130543944
"chr10:5225923:C:T",0.000890525536246134
"chr10:5226040:A:C",0.000889439225506328
"chr10:5226707:A:G",0.0010954317446269
"chr10:5226967:A:T",0.000877269221696841
"chr10:5227699:C:T",0.00135631863235497
"chr10:5228285:C:G",0.00088624908188939
"chr10:5228321:A:T",0.000877054020114176
"chr10:5228338:C:T",0.000881917825856671
"chr10:5228913:C:G",0.000878054353984914
"chr10:5228996:A:C",0.000925826591907319
"chr10:5229210:A:C",0.000888084458711691
"chr10:5229434:C:G",0.000900448669836518
"chr10:5229472:A:G",0.00105266886237954
"chr10:5229676:A:G",0.00122757350253799
"chr10:5229750:C:T",0.000886017021825669
"chr10:5230246:A:G",0.00303768939034288
"chr10:5230536:C:T",0.000916327480273482
"chr10:5230538:G:T",0.000885128842993077
"chr10:5230580:C:T",0.000885125535287523
"chr10:5230639:C:G",0.000886027828778668
"chr10:5230815:A:G",0.000885084807164427
"chr10:5230985:C:T",0.000885044218424724
"chr10:5231129:C:T",0.000884780157632936
"chr10:5231345:A:C",0.00100934561058108
"chr10:5231388:A:G",0.000884311358228529
"chr10:5231403:A:G",0.000884283320673807
"chr10:5231419:A:G",0.000885115640644196
"chr10:5231481:A:G",0.00173663955662562
"chr10:5231503:C:G",0.00147860550599743
"chr10:5231804:A:G",0.000929358613097286
"chr10:5232005:A:C",0.000879716066285896
"chr10:5232075:A:G",0.000880556722883119
"chr10:5232081:C:T",0.0010563262415495
"chr10:5232153:C:G",0.000892139830483196
"chr10:5232439:C:T",0.00103467820839687
"chr10:5232720:C:G",0.000883570370259545
"chr10:5232884:C:G",0.000884402322325339
"chr10:5233115:C:T",0.000882347041875065
"chr10:5233799:G:T",0.000985979074387466
"chr10:5233885:C:T",0.000904816524327834
"chr10:5234677:C:G",0.000878787850516982
"chr10:5234854:A:G",0.000882801639295328
"chr10:5235338:A:G",0.00088302732257417
"chr10:5235701:A:T",0.0011492989875348
"chr10:5235903:A:C",0.0013532852073429
"chr10:5235992:C:T",0.00133652826443353
"chr10:5236068:A:G",0.000883298222916662
"chr10:5236316:A:G",0.00131818709781673
"chr10:5236437:C:G",0.00094452134651124
"chr10:5236491:G:T",0.00113079877013877
"chr10:5236502:A:C",0.00115219466257599
"chr10:5236513:G:T",0.00132911474334574
"chr10:5236550:A:C",0.00110345896495234
"chr10:5236951:A:G",0.0010983600798643
"chr10:5237390:C:G",0.00115000852555258
"chr10:5237541:A:G",0.00109945104795506
"chr10:5237601:A:G",0.00109946066386535
"chr10:5237719:C:T",0.00110254823067579
"chr10:5237814:A:G",0.0010753606417454
"chr10:5237852:C:T",0.00108118666763035
"chr10:5238076:A:C",0.0010982914633465
"chr10:5238136:C:T",0.000894216404409232
"chr10:5238157:C:T",0.00103175561719693
"chr10:5238228:A:G",0.00142933240973242
"chr10:5238232:A:T",0.00135363875562855
"chr10:5238453:G:T",0.0011047499727237
"chr10:5238460:A:G",0.00128197989771317
"chr10:5238527:C:T",0.00110478781940127
"chr10:5238564:A:T",0.0011302308682869
"chr10:5238586:A:G",0.00112459071606952
"chr10:5238624:C:T",0.00111457486362088
"chr10:5238735:G:T",0.0011544847556757
"chr10:5238739:C:T",0.00114040333912147
"chr10:5238869:G:T",0.0011012131470497
"chr10:5238915:A:G",0.00110717276071837
"chr10:5239071:A:T",0.000881126900763141
"chr10:5239094:C:T",0.00110618419210184
"chr10:5239211:A:C",0.00110727758439955
"chr10:5239260:C:T",0.00113802270221397
"chr10:5239263:A:C",0.00113801699834959
"chr10:5239335:A:C",0.00110732582232576
"chr10:5239549:A:G",0.0030287279593707
"chr10:5239570:A:T",0.0011425031776563
"chr10:5239580:C:T",0.0011235209357161
"chr10:5239729:C:T",0.00110591716113917
"chr10:5239804:G:T",0.00110747485326679
"chr10:5240135:C:T",0.00109812930105901
"chr10:5240286:A:G",0.000929081548497357
"chr10:5240358:C:T",0.00114501322011895
"chr10:5240425:C:T",0.00110773142472753
"chr10:5240783:C:T",0.00110786452134504
"chr10:5241588:A:G",0.00107631173323386
"chr10:5241700:G:T",0.00119650855210773
"chr10:5241713:G:T",0.00121478253618823
"chr10:5241739:A:G",0.00114830692569023
"chr10:5241746:C:T",0.00115181288222843
"chr10:5241998:C:T",0.00110606449373452
"chr10:5242056:A:G",0.0011082507964385
"chr10:5242137:C:T",0.00111579818178653
"chr10:5242337:C:T",0.0010512145240843
"chr10:5242569:C:T",0.00106447125889386
"chr10:5242594:A:G",0.000928898732746264
"chr10:5243003:A:C",0.00348727830946904
"chr10:5243083:C:T",0.00107746652055984
"chr10:5243344:A:C",0.00107832848033618
"chr10:5243634:G:T",0.00108164943614908
"chr10:5243733:C:T",0.00110721120240076
"chr10:5243929:A:G",0.00112716958108638
"chr10:5244199:A:G",0.00117709237674857
"chr10:5244298:A:G",0.000985680795358101
"chr10:5244299:A:G",0.000992061028722069
"chr10:5244637:C:T",0.00429408028928813
"chr10:5245125:C:T",0.00436871365243074
"chr10:5245147:A:G",0.00117408676383046
"chr10:5245214:G:T",0.00109980307352808
"chr10:5245229:C:T",0.00105302223803094
"chr10:5245230:A:G",0.00168471097019507
"chr10:5251544:C:T",0.00160873017852636
"chr10:5251698:A:G",0.00114248504440806
"chr10:5252228:C:T",0.00165870361336384
"chr10:5252332:A:G",0.00109855640782675
"chr10:5252730:C:T",0.00283107353828838
"chr10:5253284:A:T",0.000933978448829698
"chr10:5253422:A:G",0.00110884413549073
"chr10:5253483:A:C",0.000917391426973224
"chr10:5253639:A:G",0.000913169218707988
"chr10:5253757:A:G",0.00093888274560483
"chr10:5253768:C:T",0.000938983758756451
"chr10:5253773:A:C",0.000939004110699027
"chr10:5253780:C:G",0.00129015737284599
"chr10:5253819:A:G",0.000940908998838696
"chr10:5253822:C:T",0.000940955346480532
"chr10:5254040:C:T",0.00308273437944828
"chr10:5254323:A:G",0.0011716410786371
"chr10:5254588:C:T",0.000906550011403717
"chr10:5254895:A:T",0.00117137769262898
"chr10:5255358:C:G",0.000881864783035646
"chr10:5255430:G:T",0.000878424395731825
"chr10:5255569:C:T",0.000916754726009605
"chr10:5255679:C:T",0.000910710481528576
"chr10:5255845:G:T",0.000961426754363393
"chr10:5255914:A:G",0.00095960349339097
"chr10:5256019:C:T",0.000961339114441628
"chr10:5256163:C:T",0.00115461759834079
"chr10:5256698:A:G",0.00127024043096835
"chr10:5256711:C:T",0.00300857878279359
"chr10:5256763:G:T",0.00317130538344479
"chr10:5257246:A:G",0.00148937927302006
"chr10:5257294:A:G",0.000944992905924646
"chr10:5257437:A:C",0.000887154555497816
"chr10:5257491:A:G",0.000898847987116258
"chr10:5257529:A:G",0.00114930818731573
"chr10:5257975:C:T",0.00322113761426579
"chr10:5258273:C:T",0.000957513443195279
"chr10:5258474:C:T",0.000882903910661037
"chr10:5258484:A:G",0.000927353299580491
"chr10:5258671:G:T",0.000924561465760254
"chr10:5258764:A:G",0.00111488074087351
"chr10:5259013:A:G",0.00114006619776974
"chr10:5259735:C:T",0.000908494539682114
"chr10:5259848:A:C",0.0013264683652362
"chr10:5259896:A:C",0.000923205034682129
"chr10:5260091:C:G",0.00244284587249743
"chr10:5260422:A:G",0.000959865433406537
"chr10:5260491:C:T",0.000913615020571967
"chr10:5260555:G:T",0.000904462058766931
"chr10:5260669:C:T",0.00110082952820034
"chr10:5260674:C:T",0.000932986335412167
"chr10:5261082:C:T",0.0013585307628432
"chr10:5261122:C:G",0.00095584479014732
"chr10:5261133:C:G",0.000955843332212325
"chr10:5261779:G:T",0.00205184111819134
"chr10:5262016:C:G",0.00088383404085679
"chr10:5262090:C:T",0.000970241378856374
"chr10:5262125:C:G",0.00408528021050059
"chr10:5262144:G:T",0.000962951647448196
"chr10:5262258:C:T",0.000909974233958777
"chr10:5262431:A:G",0.00109889345231773
"chr10:5262566:A:G",0.00106440312322464
"chr10:5262828:C:T",0.000877738022092345
"chr10:5262846:A:G",0.000916074240515541
"chr10:5262860:C:G",0.000892453279881633
"chr10:5262995:C:T",0.00356581902438202
"chr10:5263191:C:G",0.000907199494359134
"chr10:5263371:C:T",0.000907390833702726
"chr10:5263544:C:G",0.000944262701251364
"chr10:5263928:A:G",0.0008796285020084
"chr10:5263996:C:T",0.000878714002104042
"chr10:5264082:C:G",0.00354049226070974
"chr10:5264122:C:T",0.000954637676672365
"chr10:5264435:A:G",0.000879359663660262
"chr10:5264689:A:G",0.000908975976230297
"chr10:5264715:A:C",0.000898663136068678
"chr10:5264977:G:T",0.00113711976535702
"chr10:5265467:A:T",0.0011267162949582
"chr10:5265481:C:G",0.00162547477523811
"chr10:5265566:C:T",0.00087706436101842
"chr10:5265696:A:C",0.00127245795602304
"chr10:5265770:C:T",0.00347648189487626
"chr10:5265826:A:G",0.001710908752795
"chr10:5265837:C:T",0.00170853916879887
"chr10:5265874:C:T",0.00103181813061537
"chr10:5265892:A:T",0.00164185008315965
"chr10:5266029:A:T",0.00162141173877006
"chr10:5266154:C:T",0.000959865433406537
"chr10:5266173:A:G",0.00167891854911872
"chr10:5266351:C:G",0.00116068885421028
"chr10:5266420:A:G",0.00149280580193645
"chr10:5266440:A:G",0.00149300244406869
"chr10:5266572:C:T",0.00156093727103712
"chr10:5266772:A:T",0.000877035353741396
"chr10:5267164:A:G",0.00113204298704561
"chr10:5267448:A:G",0.00162716630541015
"chr10:5267682:C:T",0.00162304775879352
"chr10:5267710:C:T",0.00132626307720818
"chr10:5267817:A:G",0.00166570783271891
"chr10:5268074:C:T",0.000961514858292545
"chr10:5268570:A:G",0.00089242824767255
"chr10:5268717:A:G",0.00134356574705041
"chr10:5269112:A:G",0.00101720143488493
"chr10:5269470:G:T",0.000918940221358078
"chr10:5269713:C:G",0.000914717319783986
"chr10:5269773:A:T",0.000905331270775189
"chr10:5270304:A:G",0.00210333056672818
"chr10:5270347:A:G",0.00213574130831073
"chr10:5270402:A:G",0.00203938983038676
"chr10:5270475:C:T",0.00210501904525917
"chr10:5270486:A:C",0.00289847560823109
"chr10:5270724:C:T",0.000926768700070246
"chr10:5270925:C:T",0.00113258075631639
"chr10:5271066:C:T",0.0021076390266056
"chr10:5271148:A:C",0.00113313129603698
"chr10:5271529:A:G",0.000893860419514336
"chr10:5271530:C:T",0.00212465466765965
"chr10:5271636:A:C",0.0008951869460464
"chr10:5272032:C:T",0.00212204687201889
"chr10:5272080:C:G",0.000877368205565499
"chr10:5272191:A:T",0.00113847440656811
"chr10:5272373:G:T",0.00215086925464603
"chr10:5272389:C:T",0.00212153136912996
"chr10:5272661:A:C",0.00210302861759493
"chr10:5273040:C:T",0.000890674071855946
"chr10:5273161:A:G",0.00217612193838668
"chr10:5273354:G:T",0.000975163002243318
"chr10:5273581:C:G",0.00113281750815708
"chr10:5273864:C:T",0.00114660713353432
"chr10:5273865:G:T",0.00113053232686555
"chr10:5273932:G:T",0.000967647652460046
"chr10:5274068:G:T",0.0012548199329151
"chr10:5274320:A:G",0.00124647115527943
"chr10:5274343:A:G",0.000879340210365398
"chr10:5274583:C:G",0.0012207049565669
"chr10:5274614:C:T",0.00123041433951476
"chr10:5274717:A:G",0.00322544607949471
"chr10:5274722:A:G",0.000900221942118695
"chr10:5274866:C:T",0.00096287303766418
"chr10:5274888:A:G",0.00113095675796482
"chr10:5275128:C:G",0.00124432031021582
"chr10:5275582:A:T",0.000971202984630937
"chr10:5275654:C:G",0.00125037189408439
"chr10:5275907:A:C",0.00198868076688286
"chr10:5276328:A:T",0.00125383699216097
"chr10:5276334:C:T",0.00126256325461549
"chr10:5276449:C:G",0.00122656622844086
"chr10:5276549:A:G",0.000877508608303157
"chr10:5276839:C:T",0.000924137688155136
"chr10:5277002:C:G",0.00122861890017889
"chr10:5277009:C:T",0.000992150136947867
"chr10:5277089:C:G",0.00125610681826471
"chr10:5277201:A:G",0.000921806728652386
"chr10:5277232:C:T",0.00126094382682151
"chr10:5277435:C:T",0.00126858744296665
"chr10:5277439:A:G",0.00123442309101562
"chr10:5277452:A:G",0.00127267844541157
"chr10:5277670:C:T",0.00129309710695857
"chr10:5277677:A:G",0.00129287654061494
"chr10:5277862:C:G",0.00333938738173445
"chr10:5277883:C:T",0.0012338789357631
"chr10:5277919:A:G",0.00124554706506697
"chr10:5278056:C:T",0.00110393119756069
"chr10:5278652:A:C",0.00124847475616063
"chr10:5278980:C:G",0.00113205971420394
"chr10:5278987:A:G",0.000882069235353167
"chr10:5279061:A:G",0.00122339910218217
"chr10:5279087:A:G",0.00122517456798066
"chr10:5279147:A:G",0.00126462910753222
"chr10:5279198:A:G",0.00126414758178706
"chr10:5279312:A:G",0.00125717238377887
"chr10:5279405:C:T",0.00126616853223216
"chr10:5279606:C:T",0.000900531466568433
"chr10:5279724:A:G",0.00128138881260331
"chr10:5279802:C:G",0.00127421891175283
"chr10:5279872:G:T",0.00225402651270357
"chr10:5279907:C:T",0.0012664816690996
"chr10:5280034:A:G",0.00329079803147936
"chr10:5280220:C:T",0.00190655935095219
"chr10:5280512:A:G",0.00219338458582485
"chr10:5281019:C:T",0.00206828355516209
"chr10:5281059:A:C",0.00335585658684701
"chr10:5281211:A:G",0.00226372347735448
"chr10:5281231:A:G",0.00225384291599551
"chr10:5281373:A:T",0.00228609771891553
"chr10:5281603:A:C",0.00226594212811559
"chr10:5281642:C:T",0.00245927185975503
"chr10:5282126:C:T",0.000882456056712444
"chr10:5282336:C:T",0.00220627467080547
"chr10:5282474:A:C",0.000880022159072236
"chr10:5282652:A:C",0.000899314518237881
"chr10:5283053:C:T",0.00221445135257758
"chr10:5283066:C:T",0.000936171896554261
"chr10:5283117:G:T",0.00223411468331614
"chr10:5283191:C:T",0.00185257269512396
"chr10:5283321:A:G",0.00135040721798918
"chr10:5283327:A:G",0.000934069351860134
"chr10:5283345:C:T",0.00107865231245796
"chr10:5283400:A:G",0.000877733423575666
"chr10:5284044:C:T",0.00126677933574038
"chr10:5284187:G:T",0.000900442973072235
"chr10:5284723:A:G",0.000904503990343364
"chr10:5284883:C:T",0.00108315819073002
"chr10:5285067:A:G",0.00112197089217125
"chr10:5285216:A:G",0.00107626509830261
"chr10:5285306:A:G",0.00110111164795423
"chr10:5285353:A:G",0.00110095769173257
"chr10:5285514:A:G",0.000895634411053114
"chr10:5285713:A:G",0.000879161568258402
"chr10:5286068:A:G",0.00091804816741814
"chr10:5286693:A:G",0.00116513458362488
"chr10:5286920:A:G",0.00110986261621471
"chr10:5288855:A:G",0.000896019208723176
"chr10:5289196:A:G",0.000898501871792412
"chr10:5289482:G:T",0.00358800476980847
"chr10:5289976:A:G",0.00113932855347942
"chr10:5290054:C:T",0.000891011901773653
"chr10:5290335:G:T",0.00189938178945559
"chr10:5290386:C:T",0.000877229435948368
"chr10:5290853:G:T",0.000877161590212339
"chr10:5290938:A:G",0.000893942281971927
"chr10:5291045:A:G",0.000898905011276874
"chr10:5291080:C:T",0.00669685804346509
"chr10:5291183:C:G",0.00333172542516058
"chr10:5291718:C:T",0.00339604698107232
"chr10:5291988:C:G",0.00113143461966192
"chr10:5293376:C:T",0.000904172565628469
"chr10:5293650:A:G",0.00354203235360762
"chr10:5293712:A:G",0.00113682158877693
"chr10:5294393:A:C",0.000925586489075481
"chr10:5294668:C:G",0.00110866689359768
"chr10:5294881:C:T",0.000886689587588863
"chr10:5294887:A:G",0.000887421807980182
"chr10:5295192:C:T",0.00125760532429886
"chr10:5295777:C:T",0.00112574288885747
"chr10:5295778:A:G",0.00107755563662093
"chr10:5295780:A:C",0.00122360240052288
"chr10:5296055:A:C",0.00134102731701358
"chr10:5296145:C:G",0.00115060584892968
"chr10:5296535:C:T",0.00134863975770427
"chr10:5296599:A:C",0.00114280430354152
"chr10:5296971:C:G",0.000967364458974274
"chr10:5297111:A:G",0.00109008135508615
"chr10:5297367:A:G",0.000966452802345419
"chr10:5298353:C:T",0.0013510687166276
"chr10:5298759:C:G",0.00146071164676442
"chr10:5299953:A:T",0.000884082279866027
"chr10:5300630:G:T",0.000915706621926082
"chr10:5300655:A:G",0.000960392533378651
"chr10:5301018:C:T",0.00107282440055356
"chr10:5301600:A:G",0.000942317448560326
"chr10:5301925:A:G",0.000884622152869663
"chr10:5302668:C:T",0.000950076266053368
"chr10:5302690:G:T",0.00622043262927563
"chr10:5302830:C:T",0.000938026245858481
"chr10:5302846:C:T",0.000964858457684015
"chr10:5303015:C:T",0.000912700870584926
"chr10:5303171:C:T",0.00138512350412445
"chr10:5303605:A:G",0.00091042547711051
"chr10:5303693:C:G",0.00123324026571536
"chr10:5303963:C:T",0.00118559953823483
"chr10:5304122:C:T",0.00131221747625276
"chr10:5304130:C:G",0.00137643891526273
"chr10:5304721:C:T",0.00121255765824879
"chr10:5304809:A:G",0.00122782701013513
"chr10:5305418:A:G",0.0010030547940596
"chr10:5305761:C:T",0.00116824363538204
"chr10:5305953:A:G",0.00117740407124189
"chr10:5306073:C:T",0.00119724421355971
"chr10:5306097:C:G",0.000877194766748968
"chr10:5306374:C:T",0.000898714101896458
"chr10:5306389:C:G",0.000999154096847366
"chr10:5306635:A:G",0.0009007890154904
"chr10:5306828:C:T",0.00116872552039737
"chr10:5307132:C:T",0.000900266104227221
"chr10:5307134:C:T",0.000902178143383447
"chr10:5307908:C:T",0.000958409505176006
"chr10:5308896:A:G",0.00104879014177273
"chr10:5309316:A:G",0.0010815457077975
"chr10:5309605:A:T",0.00109037565656889
"chr10:5309752:A:G",0.00144072296497788
"chr10:5309783:A:G",0.00109018456860788
"chr10:5310193:A:G",0.00108551379140542
"chr10:5310363:A:C",0.00109401977498125
"chr10:5310432:C:T",0.00111007543479025
"chr10:5310450:A:C",0.00111005420198451
"chr10:5310484:A:G",0.000879532153232776
"chr10:5310531:A:G",0.00109150799225255
"chr10:5310703:A:C",0.00109802990729335
"chr10:5310892:C:T",0.000932637600952524
"chr10:5311026:C:G",0.00100195370512646
"chr10:5311041:C:T",0.00109161155739523
"chr10:5311099:C:G",0.00109274080306898
"chr10:5311246:G:T",0.00110376512544719
"chr10:5311359:A:G",0.00109596108648313
"chr10:5311555:A:C",0.00108894202318355
"chr10:5311616:A:G",0.00110120164534555
"chr10:5311727:A:G",0.000927611024409858
"chr10:5312069:C:T",0.00115784960886089
"chr10:5312328:C:G",0.00087708363955219
"chr10:5312463:C:T",0.0011489378373728
"chr10:5312636:A:T",0.00115288927027479
"chr10:5312686:C:T",0.00114922457117372
"chr10:5312714:A:G",0.00114770663813824
"chr10:5312776:G:T",0.00116642010910917
"chr10:5312844:C:T",0.00138604688237109
"chr10:5312867:C:T",0.0011688100497006
"chr10:5313419:A:G",0.00131738789972646
"chr10:5313457:A:C",0.00133825727374481
"chr10:5313512:C:T",0.00144876477300382
"chr10:5313550:C:T",0.00106597570477529
"chr10:5313589:C:T",0.0012337490510872
"chr10:5314206:C:T",0.000992049645952342
"chr10:5314241:C:T",0.000995511791406778
"chr10:5314248:G:T",0.000995564116527459
"chr10:5314454:A:G",0.00151668120591919
"chr10:5314562:C:T",0.0014920931515644
"chr10:5314822:A:T",0.00149249867913626
"chr10:5314899:C:T",0.00150984967190448
"chr10:5315171:A:T",0.001514519044991
"chr10:5315483:A:G",0.00143598670826461
"chr10:5315582:A:G",0.00104698248109392
"chr10:5315718:C:T",0.00142746635866742
"chr10:5316454:A:G",0.00108443782206569
"chr10:5318663:G:T",0.000896272422172162
"chr10:5319139:C:G",0.000934952246223975
"chr10:5319268:G:T",0.000901253551231496
"chr10:5319327:C:T",0.00108134333182641
"chr10:5319731:C:T",0.00108776541322531
"chr10:5320329:A:G",0.000951204514632042
"chr10:5321283:C:T",0.0009559917107681
"chr10:5321679:A:G",0.00107706086405224
"chr10:5321992:A:G",0.000961578258396822
"chr10:5322652:G:T",0.00100831983723415
"chr10:5323667:G:T",0.000949452351840741
"chr10:5323813:A:G",0.000972979554403119
"chr10:5324616:C:T",0.000894193074074456
"chr10:5324939:C:T",0.000944819770244187
"chr10:5325232:C:T",0.000943939818139672
"chr10:5325432:C:T",0.000922236716899505
"chr10:5325438:C:T",0.000946813723747719
"chr10:5326341:C:T",0.00102256102671572
"chr10:5327009:C:T",0.000914464813527083
"chr10:5327814:A:C",0.00091256977336085
"chr10:5328396:A:C",0.000910000898116325
"chr10:5328841:G:T",0.000975964096756932
"chr10:5329023:C:T",0.00103687293172816
"chr10:5330272:C:T",0.000877674327964706
"chr10:5330574:G:T",0.000877033244415015
"chr10:5330958:G:T",0.000917727275637881
"chr10:5331114:A:C",0.000918164394481225
"chr10:5331344:A:G",0.000945588725952407
"chr10:5331497:C:T",0.000903864503211338
"chr10:5332535:A:G",0.000907066834545667
"chr10:5333093:A:C",0.00121874131069177
"chr10:5333387:A:G",0.000877262316520966
"chr10:5333504:A:C",0.000877287757131695
"chr10:5333795:C:T",0.000877338612465528
"chr10:5333914:C:T",0.000882582423857081
"chr10:5334274:A:C",0.000880556913858799
"chr10:5334312:C:T",0.000880549656513518
"chr10:5334565:A:T",0.000881609063822952
"chr10:5334615:C:T",0.000880530876257168
"chr10:5334986:A:G",0.00103556591562493
"chr10:5335029:C:T",0.000877620142861413
"chr10:5335043:C:G",0.00122998796770968
"chr10:5335431:C:T",0.000879041926775126
"chr10:5335474:C:T",0.000879291756909151
"chr10:5335503:A:G",0.000878889820510986
"chr10:5336003:A:G",0.000880682777965713
"chr10:5336129:C:T",0.000882104495548597
"chr10:5336138:A:G",0.000883054433845287
"chr10:5336438:C:G",0.00101879547870509
"chr10:5336634:A:G",0.000878349395593392
"chr10:5336820:G:T",0.000985913662200355
"chr10:5337298:A:G",0.000915053260929111
"chr10:5337352:A:G",0.00112094657984818
"chr10:5337399:A:G",0.00105727499727759
"chr10:5337511:C:G",0.000984367403999431
"chr10:5337738:C:G",0.000877970014214635
"chr10:5338021:A:C",0.00101942733963933
"chr10:5338075:A:G",0.000954814808813431
"chr10:5338212:C:T",0.000888003710674545
"chr10:5338457:A:T",0.0010108293767902
"chr10:5338478:A:G",0.000915067889280197
"chr10:5338531:G:T",0.000882265508093338
"chr10:5338658:G:T",0.000878097675909517
"chr10:5338659:C:T",0.000877427823457899
"chr10:5338701:C:T",0.00105604044833429
"chr10:5338710:C:T",0.000975220663184007
"chr10:5339206:A:T",0.00119346420010347
"chr10:5339409:G:T",0.00101013286429552
"chr10:5339670:A:T",0.00119526255541791
"chr10:5340041:C:T",0.000991874321483732
"chr10:5340099:C:T",0.00111245250788561
"chr10:5340285:A:G",0.00126450567926706
"chr10:5340502:C:T",0.00100762413002531
"chr10:5340563:C:T",0.001103699787802
"chr10:5340713:G:T",0.000878145150043474
"chr10:5340815:C:G",0.00111172733235043
"chr10:5340894:A:G",0.00111720926734071
"chr10:5341150:A:G",0.00100761070328492
"chr10:5341291:C:T",0.00110513887907404
"chr10:5341685:C:T",0.00115257854232498
"chr10:5341689:G:T",0.00116234995182751
"chr10:5341925:C:T",0.00113856852899608
"chr10:5342017:C:T",0.00116413976911189
"chr10:5342752:C:G",0.000885599863977071
"chr10:5342814:G:T",0.00120975272044654
"chr10:5342847:C:T",0.000904221133195882
"chr10:5343066:A:G",0.00088469640643174
"chr10:5343095:C:T",0.0012730078821116
"chr10:5343209:G:T",0.00129048545428423
"chr10:5343222:A:G",0.000880515678591931
"chr10:5343373:G:T",0.00163125751033311
"chr10:5343415:G:T",0.00088308430903572
"chr10:5343621:C:G",0.000889224020685031
"chr10:5343742:A:T",0.00100998583012402
"chr10:5343774:A:T",0.00103373311492638
"chr10:5344022:C:T",0.00107995616277001
"chr10:5344104:A:G",0.00115942098741151
"chr10:5344255:G:T",0.0010969899460358
"chr10:5345917:A:G",0.00112422533035705
"chr10:5346186:G:T",0.00104509376388318
"chr10:5346483:A:G",0.0010973308723925
"chr10:5346494:C:G",0.00113919691775
"chr10:5346524:A:G",0.00118287051032273
"chr10:5346885:C:G",0.00115995097257315
"chr10:5347246:A:G",0.00106332500068695
"chr10:5347260:C:T",0.000880587263487387
"chr10:5348796:A:G",0.000888088065539194
"chr10:5348828:C:T",0.00106028137600411
"chr10:5348881:C:G",0.000879446494604141
"chr10:5349162:C:G",0.00117942886395628
"chr10:5349416:A:T",0.000988077517925845
"chr10:5349563:C:T",0.00108157666979802
"chr10:5349700:A:G",0.00108791557818155
"chr10:5349923:A:G",0.00126385260389683
"chr10:5350464:A:G",0.00124010277584208
"chr10:5350695:A:G",0.00154430794972904
"chr10:5350780:A:T",0.00119540239118254
"chr10:5350830:A:G",0.00222898493388213
"chr10:5351034:A:T",0.000893545296304143
"chr10:5351090:A:G",0.0015823667618976
"chr10:5351123:A:C",0.0016982491077131
"chr10:5351277:G:T",0.000944479583625646
"chr10:5351303:C:G",0.00160857334691888
"chr10:5351319:A:G",0.000888036525562019
"chr10:5351359:A:T",0.00121912123586565
"chr10:5351766:C:T",0.00106682827983384
"chr10:5351973:C:T",0.000940358756781778
"chr10:5351981:A:G",0.00181352125425405
"chr10:5353203:C:G",0.000888230107808585
"chr10:5353477:A:G",0.000988839076461301
"chr10:5353707:A:G",0.00101619119132368
"chr10:5354109:A:G",0.00115928555511924
"chr10:5354194:A:G",0.000889487524508015
"chr10:5354365:C:T",0.000934170506025289
"chr10:5354476:A:G",0.000945991982531091
"chr10:5354595:C:G",0.000943314606804635
"chr10:5354724:G:T",0.000938381120985765
"chr10:5354761:C:T",0.000931588720625709
"chr10:5354873:A:G",0.000911532646629132
"chr10:5354935:A:G",0.000914154952394219
"chr10:5354970:C:T",0.000910526549402491
"chr10:5355004:C:T",0.000909926978042375
"chr10:5355228:A:C",0.000907384425684721
"chr10:5355305:G:T",0.000917097367463371
"chr10:5355383:C:T",0.000898765552453051
"chr10:5355524:A:G",0.000897943186489059
"chr10:5355528:A:G",0.000910655105466174
"chr10:5355645:C:T",0.000913071936112564
"chr10:5355925:C:T",0.000912118666323458
"chr10:5356109:A:G",0.000907376876605692
"chr10:5356404:G:T",0.00147250536497112
"chr10:5356582:G:T",0.00123655114345911
"chr10:5356912:A:T",0.000884502296446876
"chr10:5357182:C:T",0.000899455971452912
"chr10:5358042:C:T",0.00161933834623484
"chr10:5358348:A:G",0.00119926686341476
"chr10:5358536:A:C",0.00121824591085617
"chr10:5358673:A:T",0.00119955325606735
"chr10:5359082:A:G",0.00116956483313779
"chr10:5359345:C:T",0.00163422596694374
"chr10:5359383:C:G",0.00116194965809757
"chr10:5359496:A:G",0.000990316308357442
"chr10:5359603:G:T",0.0011566783920326
"chr10:5360498:A:G",0.000878001715343246
"chr10:5361134:A:C",0.00128791065266387
"chr10:5361518:A:T",0.00116658138534131
"chr10:5361661:C:T",0.00114066274725466
"chr10:5361846:C:G",0.000896714668128795
"chr10:5362298:G:T",0.0012448290971846
"chr10:5362384:C:T",0.00143405097493143
"chr10:5362899:A:G",0.000899959014513896
"chr10:5363020:C:T",0.00142662895043377
"chr10:5363302:A:G",0.00127085158331686
"chr10:5363352:A:G",0.000907042239436384
"chr10:5363710:A:T",0.000911933462704018
"chr10:5363714:C:G",0.00088273700823871
"chr10:5363715:A:G",0.000908498726762019
"chr10:5363907:A:G",0.000878206771312007
"chr10:5364047:C:T",0.00089477398295168
"chr10:5364546:A:C",0.0012034588598312
"chr10:5365604:A:T",0.000883285241561227
"chr10:5365816:C:T",0.000924141859006022
"chr10:5365908:C:G",0.000877793135281801
"chr10:5366140:G:T",0.000877414666032861
"chr10:5366498:C:T",0.000877077377274049
"chr10:5367351:A:G",0.000877451802631546
"chr10:5367800:C:T",0.000877973203458504
"chr10:5367977:A:T",0.00100800693956826
"chr10:5368148:C:T",0.000877514328370466
"chr10:5368261:C:T",0.00103873391325227
"chr10:5368850:C:T",0.0010074185363832
"chr10:5369001:A:G",0.00091568393667496
"chr10:5369042:A:G",0.000877069214617721
"chr10:5369062:A:G",0.0010982601129248
"chr10:5369474:C:G",0.00109303346660228
"chr10:5369807:A:C",0.000970107445187773
"chr10:5369848:C:T",0.000970866309164986
"chr10:5371191:A:G",0.000918587485558953
"chr10:5371230:A:G",0.000927915017014391
"chr10:5371278:C:T",0.000877149203268202
"chr10:5371476:A:G",0.000952798162790813
"chr10:5371671:A:C",0.000877202350747175
"chr10:5371819:A:G",0.000877035008798432
"chr10:5372896:C:T",0.000877484669101092
"chr10:5372937:C:T",0.000877405293351341
"chr10:5373179:C:T",0.00109968364102542
"chr10:5373991:A:G",0.000890973394526262
"chr10:5374458:A:G",0.000936855673347892
"chr10:5374598:C:T",0.000934407693139017
"chr10:5374599:C:T",0.000934404387033738
"chr10:5374602:G:T",0.0010816702728248
"chr10:5374888:A:G",0.00102823094546489
"chr10:5375075:A:G",0.00109812559031974
"chr10:5375122:C:G",0.000950523692373917
"chr10:5375174:C:G",0.000916085382507092
"chr10:5375389:G:T",0.000891077374042704
"chr10:5375426:A:G",0.00105328000913818
"chr10:5375458:A:G",0.000891901987762567
"chr10:5375916:C:G",0.000890971797032791
"chr10:5376109:G:T",0.000890713944801447
"chr10:5376532:A:G",0.000978248093604361
"chr10:5378274:A:C",0.00099311171611205
"chr10:5378443:A:G",0.000912913481472155
"chr10:5378579:A:T",0.000965685798337002
"chr10:5378620:C:T",0.000925734393257827
"chr10:5378954:C:T",0.000915468212570714
"chr10:5378976:C:T",0.000962451759708216
"chr10:5379089:A:G",0.000895748933856799
"chr10:5379172:A:G",0.000910072376372639
"chr10:5379258:C:T",0.000879098467278516
"chr10:5380233:A:C",0.00093594353730686
"chr10:5380363:C:T",0.000936771004026116
"chr10:5380954:C:T",0.000946645118476974
"chr10:5381073:A:G",0.000926534150227587
"chr10:5382101:C:T",0.000985201433554628
"chr10:5382272:C:G",0.00100371461215631
"chr10:5382351:C:T",0.000947265575336753
"chr10:5382362:C:T",0.00100025242241575
"chr10:5382378:A:G",0.00100259171859218
"chr10:5382502:C:T",0.00109549406240084
"chr10:5382764:A:G",0.00136294420829242
"chr10:5383153:A:G",0.000878337839275045
"chr10:5383459:C:T",0.000879000518198114
"chr10:5383468:A:G",0.00145767197897795
"chr10:5383868:A:G",0.000888033877398442
"chr10:5384177:C:T",0.000889736561798693
"chr10:5384335:A:G",0.000880537315959939
"chr10:5384541:A:G",0.00151774513707958
"chr10:5384900:A:G",0.00144964077939769
"chr10:5385144:A:G",0.00133325692125297
"chr10:5385237:G:T",0.000879524767505635
"chr10:5385503:C:T",0.000877237402674758
"chr10:5385822:A:G",0.000881832146047201
"chr10:5386674:A:G",0.00104714713201159
"chr10:5387046:C:G",0.000881660362358483
"chr10:5387106:A:C",0.000886395152018715
"chr10:5387167:A:G",0.00088186957756442
"chr10:5387546:C:G",0.000881823898391421
"chr10:5387607:C:T",0.000879724040420249
"chr10:5387829:A:T",0.000880048833218239
"chr10:5387902:C:T",0.000881604369232902
"chr10:5388050:A:G",0.000881519860995161
"chr10:5388150:C:T",0.000880584746787205
"chr10:5389008:A:G",0.000881521519254025
"chr10:5389490:C:G",0.00130214032207654
"chr10:5389944:A:C",0.000880667324788864
"chr10:5390250:C:T",0.00103649766994862
"chr10:5390478:G:T",0.0013095506506573
"chr10:5390602:G:T",0.0012502138713415
"chr10:5390759:A:C",0.000879858155163005
"chr10:5390868:A:G",0.000890670953742734
"chr10:5391023:A:G",0.000881722636044913
"chr10:5391477:C:T",0.00142111506697029
"chr10:5391483:A:C",0.000880670984526377
"chr10:5392010:A:C",0.00209529579832712
"chr10:5392304:A:T",0.00131183541455304
"chr10:5392488:C:T",0.000878017328972192
"chr10:5392489:A:G",0.00139647507473006
"chr10:5392550:C:G",0.000880672673519212
"chr10:5392706:C:T",0.00131605221535014
"chr10:5392775:A:G",0.000887119223604405
"chr10:5392779:C:G",0.00145049981713885
"chr10:5392913:C:G",0.000920577242843335
"chr10:5393218:C:T",0.00143062729527743
"chr10:5393955:A:G",0.00131962827919163
"chr10:5394110:A:G",0.00229184628447165
"chr10:5394297:A:G",0.00147347144806398
"chr10:5394387:C:T",0.000997494684000122
"chr10:5394524:A:G",0.00147111212029949
"chr10:5394837:C:T",0.00114248900649183
"chr10:5394838:A:G",0.000886635230428756
"chr10:5395402:A:G",0.00143800265338079
"chr10:5396063:A:C",0.000882635166978951
"chr10:5396191:G:T",0.000882662533536638
"chr10:5396303:C:T",0.00110338479649252
"chr10:5397205:A:G",0.000881621308486458
"chr10:5397522:A:T",0.00146894995442914
"chr10:5397873:C:G",0.00135865516797617
"chr10:5398334:C:T",0.00143707198790455
"chr10:5398595:A:G",0.00198153992751327
"chr10:5398660:C:T",0.00195986031258055
"chr10:5398773:G:T",0.00205073261946065
"chr10:5398808:A:G",0.000878148534052547
"chr10:5399594:C:G",0.000881272430190538
"chr10:5399608:A:G",0.00137604132732738
"chr10:5399655:A:C",0.00088126824731749
"chr10:5399860:A:G",0.0014165905255803
"chr10:5399987:A:T",0.00132069235719734
"chr10:5400010:C:T",0.00132528496491524
"chr10:5400591:A:C",0.000878193152042628
"chr10:5401456:A:G",0.000880636478427843
"chr10:5401778:A:C",0.0014245368857615
"chr10:5401844:A:T",0.000880436267557627
"chr10:5402054:A:G",0.000925437450224886
"chr10:5402334:A:G",0.000934748103107452
"chr10:5402366:C:T",0.000910963190845937
"chr10:5402600:C:T",0.0013199469453351
"chr10:5402652:A:C",0.00152359882365427
"chr10:5402690:A:G",0.000922752218969203
"chr10:5403373:C:T",0.00154244877427301
"chr10:5403995:C:T",0.00134340737338923
"chr10:5404219:C:G",0.00132593079083088
"chr10:5404669:A:G",0.00130013913260152
"chr10:5404831:C:T",0.00154165270795414
"chr10:5404861:A:G",0.00201038076928606
"chr10:5404979:C:T",0.00155629786683509
"chr10:5405002:A:G",0.00128926057166123
"chr10:5405180:A:G",0.000914880117358186
"chr10:5405189:A:G",0.00156304016447162
"chr10:5405432:C:T",0.000911303970761113
"chr10:5405647:A:G",0.00157414243442722
"chr10:5405976:A:G",0.00117960932365668
"chr10:5406305:C:T",0.000913550921234019
"chr10:5406443:G:T",0.000913385770441866
"chr10:5406671:A:G",0.00159900996358653
"chr10:5407194:A:G",0.000941860798786887
"chr10:5407309:G:T",0.000912350811380969
"chr10:5407517:C:T",0.00161010750341073
"chr10:5408379:A:T",0.000912344112245389
"chr10:5408846:C:T",0.0010002926779199
"chr10:5409344:G:T",0.0017432391063289
"chr10:5409803:C:G",0.000879726926939606
"chr10:5410011:C:T",0.00177002639563784
"chr10:5410163:C:T",0.000947720581801259
"chr10:5410406:G:T",0.00146990849354334
"chr10:5410543:C:T",0.00183969833419451
"chr10:5411561:C:T",0.00100405101414991
"chr10:5412495:A:G",0.00159937724617598
"chr10:5414045:A:G",0.00143890254064405
"chr10:5414106:C:T",0.00145362317261599
"chr10:5414844:A:T",0.000903247741827484
"chr10:5414877:A:G",0.00150350632907326
"chr10:5415596:C:T",0.00113566643431695
"chr10:5416687:A:G",0.00148929910820716
"chr10:5416704:C:G",0.00152936374811241
"chr10:5416757:A:G",0.00145656224374158
"chr10:5417633:C:T",0.00141148097585453
"chr10:5417776:C:T",0.0014120772171613
"chr10:5417909:A:G",0.00168445566565856
"chr10:5418877:C:T",0.00225913196993133
"chr10:5421096:C:T",0.00122097461821702
"chr10:5422068:C:T",0.00151988487984811
"chr10:5422743:C:G",0.00100363138866699
"chr10:5423051:A:G",0.00109457786558231
"chr10:5423524:G:T",0.000879581623440595
"chr10:5423631:C:T",0.00144125669478112
"chr10:5423654:C:T",0.00126292774892689
"chr10:5423866:C:T",0.00123187269617497
"chr10:5423874:A:G",0.00102134147692057
"chr10:5423966:A:G",0.00140671483700827
"chr10:5424029:C:T",0.00314464124475444
"chr10:5425464:A:G",0.00143571639691065
"chr10:5425603:C:T",0.0014408685544246
"chr10:5426213:A:G",0.00147889721836914
"chr10:5428285:A:T",0.00145905390985812
"chr10:5429496:A:G",0.00136512196426009
"chr10:5429507:A:G",0.000983166916952771
"chr10:5429649:C:T",0.00100231065820122
"chr10:5429783:A:G",0.000877602894608698
"chr10:5430556:G:T",0.00135188970411615
"chr10:5431107:A:G",0.00130347893365867
"chr10:5431186:A:C",0.00124782229463927
"chr10:5431625:C:T",0.00143400677016103
"chr10:5431804:A:C",0.0014473399679501
"chr10:5432423:C:T",0.00148327614296262
"chr10:5432754:A:C",0.00118093355628057
"chr10:5433328:A:T",0.00140410913743405
"chr10:5433778:C:T",0.00143333353441299
"chr10:5434483:C:T",0.0100448338462016
"chr10:5434544:C:T",0.000926081761129627
"chr10:5434656:G:T",0.00132571113569868
"chr10:5435168:C:T",0.00123422961784136
"chr10:5437113:C:T",0.00129690088932277
"chr10:5437397:G:T",0.00100347240832843
"chr10:5437841:A:T",0.000934250474157072
"chr10:5439432:C:T",0.00128931248526098
"chr10:5439607:A:G",0.00135218123406244
"chr10:5439987:C:G",0.00137372090766119
"chr10:5440327:C:T",0.00136678093690368
"chr10:5440873:A:G",0.000884481129578396
"chr10:5441888:C:T",0.00142592615455805
"chr10:5443136:A:G",0.000884167554380477
"chr10:5443151:C:T",0.000921335172297866
"chr10:5443233:A:G",0.00140132067357468
"chr10:5443306:C:T",0.0008867916817209
"chr10:5443398:A:G",0.000880945483139994
"chr10:5444706:G:T",0.000881931896948185
"chr10:5444924:A:C",0.0013985288659436
"chr10:5445397:A:C",0.00141717592029278
"chr10:5445567:A:G",0.000880230293615059
"chr10:5446122:C:T",0.00138838102562189
"chr10:5446617:C:G",0.00140237679496702
"chr10:5447455:A:G",0.000880206178545784
"chr10:5447461:C:T",0.00138656583331054
"chr10:5447778:C:G",0.000880202794421803
"chr10:5447821:A:G",0.00135973105571829
"chr10:5447826:C:T",0.00135926387698027
"chr10:5448133:A:C",0.00129875385807776
"chr10:5448969:A:T",0.00138238044691508
"chr10:5449532:A:G",0.00138651824529401
"chr10:5449601:C:T",0.00088994540540277
"chr10:5453194:A:G",0.00137019021426388
"chr10:5453388:C:T",0.00104239734425671
"chr10:5453389:A:G",0.000877580875227491
"chr10:5453823:A:G",0.00142318159440558
"chr10:5453981:A:G",0.000930698585114742
"chr10:5454103:C:T",0.00154631251771897
"chr10:5454734:A:C",0.00135203685272101
"chr10:5456285:G:T",0.00129488351444518
"chr10:5456427:C:T",0.00148557197141208
"chr10:5457210:A:G",0.00131328691068688
"chr10:5457730:A:G",0.000877657271258769
"chr10:5457861:A:G",0.00104549175010227
"chr10:5458600:C:T",0.00101105326860629
"chr10:5459266:C:T",0.000879927689455995
"chr10:5459531:A:G",0.00394442164217235
"chr10:5459654:C:T",0.00132486377228125
"chr10:5459979:C:T",0.00134184512685021
"chr10:5459982:C:T",0.00133471782729933
"chr10:5460042:C:T",0.00138792550151512
"chr10:5460261:A:T",0.00105377378699023
"chr10:5460734:A:C",0.00105509403329918
"chr10:5461034:A:G",0.00127031951722345
"chr10:5461536:C:T",0.000877537794421679
"chr10:5461647:A:C",0.000877128894795409
"chr10:5461860:C:G",0.000880273517014141
"chr10:5461910:A:G",0.00093067519618073
"chr10:5462237:C:T",0.000880317488734961
"chr10:5463044:C:T",0.00135871118483399
"chr10:5463202:C:G",0.00136748549925214
"chr10:5463330:A:G",0.0014180806745504
"chr10:5464057:C:T",0.00135781143769542
"chr10:5464663:A:G",0.0012689279689182
"chr10:5464896:C:G",0.00123860995310121
"chr10:5465188:C:T",0.000887288080037019
"chr10:5465530:C:T",0.000913024194366674
"chr10:5465766:A:G",0.00159605308175381
"chr10:5466518:C:T",0.00130653165652694
"chr10:5467046:G:T",0.0010147929273564
"chr10:5467424:C:T",0.000990819777295204
"chr10:5467688:C:T",0.00118556333135877
"chr10:5467816:C:T",0.00128094092388964
"chr10:5468079:A:G",0.0011355813108086
"chr10:5469028:A:G",0.000979160638030274
"chr10:5469459:A:G",0.000996145014278138
"chr10:5469906:A:C",0.000974307041824218
"chr10:5469944:C:T",0.000987691160268978
"chr10:5470098:A:C",0.000985652516459545
"chr10:5470448:A:G",0.00111736014202291
"chr10:5470492:A:G",0.000991989075450062
"chr10:5471207:A:C",0.00107641201151121
"chr10:5471433:C:T",0.00798117913858321
"chr10:5471930:A:G",0.0011498799566555
"chr10:5472056:C:T",0.000965552595725394
"chr10:5472459:A:G",0.00130268443663228
"chr10:5472826:C:T",0.00133092284202041
"chr10:5473597:C:T",0.00116861729318751
"chr10:5474273:C:T",0.00109626910242777
"chr10:5474566:A:G",0.0009990460138386
"chr10:5474582:A:T",0.00102421240202999
"chr10:5475082:A:C",0.00101783944912015
"chr10:5475311:A:G",0.00111356904325188
"chr10:5475315:C:T",0.00111981253816418
"chr10:5475481:G:T",0.00114388727931702
"chr10:5475580:A:G",0.00101856389434507
"chr10:5475722:A:G",0.00111863045545635
"chr10:5476231:A:G",0.00133619351378444
"chr10:5476827:C:T",0.00103132526698535
"chr10:5477714:G:T",0.0010365578155398
"chr10:5477768:C:T",0.00101221941328888
"chr10:5477962:C:T",0.00107151875903633
"chr10:5477981:A:C",0.000877178190071382
"chr10:5478916:C:T",0.00121692204237855
"chr10:5478980:C:T",0.000940684780010193
"chr10:5479474:A:G",0.00100590933869649
"chr10:5479665:C:T",0.00100132879785919
"chr10:5479750:C:G",0.000909610502713987
"chr10:5480369:A:G",0.000943337068340488
"chr10:5480429:C:T",0.000925646389971058
"chr10:5480468:C:T",0.0012270597091989
"chr10:5481245:C:G",0.000929879106974618
"chr10:5481368:C:T",0.00108459753154966
"chr10:5481498:A:C",0.000976570674520727
"chr10:5481506:C:T",0.00100753064103909
"chr10:5481641:A:G",0.000880139332023133
"chr10:5482438:C:G",0.00101290759960393
"chr10:5482493:A:G",0.00109649693689196
"chr10:5482539:A:C",0.000910837660446306
"chr10:5482575:G:T",0.00103445392947377
"chr10:5482646:G:T",0.00102400394019297
"chr10:5482747:A:G",0.00140055543499118
"chr10:5482779:A:C",0.00104072389403453
"chr10:5483275:G:T",0.00111625934718118
"chr10:5483488:C:T",0.00141318873140117
"chr10:5483627:A:T",0.00102541168148085
"chr10:5484195:A:G",0.00115841893280366
"chr10:5484412:C:T",0.00100316035879755
"chr10:5484477:C:T",0.000895385668367221
"chr10:5484479:C:T",0.00104137702668816
"chr10:5484803:C:T",0.00107759412352904
"chr10:5485273:C:T",0.000890073530365409
"chr10:5485463:A:C",0.00104564053051837
"chr10:5485545:A:T",0.0009937936155755
"chr10:5485554:A:G",0.000896346853229479
"chr10:5485753:C:T",0.000989855229620362
"chr10:5486069:C:T",0.00135902157051093
"chr10:5486495:C:T",0.000887741524158159
"chr10:5486630:C:T",0.00122157768753961
"chr10:5486631:A:G",0.00120869184850425
"chr10:5486735:C:T",0.00102109392615479
"chr10:5487366:A:G",0.00188449192164353
"chr10:5487725:C:T",0.00170851028128072
"chr10:5488052:A:G",0.00112204621209477
"chr10:5488422:C:T",0.00194766664207435
"chr10:5488432:A:G",0.0019836355219669
"chr10:5488812:A:G",0.00210297724030251
"chr10:5489626:A:G",0.00184875679798202
"chr10:5489868:C:G",0.00112710624487755
"chr10:5490199:C:T",0.00160879997444541
"chr10:5490312:A:G",0.00124373587107895
"chr10:5492016:A:G",0.00247748537929393
"chr10:5492349:C:T",0.00210828846558253
"chr10:5492562:C:T",0.00198885260079629
"chr10:5492929:C:T",0.00117051541981117
"chr10:5494280:A:C",0.000879427447256886
"chr10:5494293:A:T",0.00087940451625057
"chr10:5496059:A:G",0.000878102285302607
"chr10:5499218:C:T",0.000901648954015566
"chr10:5499220:C:T",0.000906254734038048
"chr10:5499267:C:T",0.00117412908583503
"chr10:5500146:A:G",0.00103827505710252
"chr10:5500817:C:T",0.000886191951404713
"chr10:5501063:C:G",0.000948149743716709
"chr10:5501383:C:T",0.00100682449990297
"chr10:5501629:G:T",0.00101230633403959
"chr10:5501655:C:T",0.00101327539031626
"chr10:5501872:A:G",0.00245121570455087
"chr10:5502130:C:T",0.00105268400846714
"chr10:5502227:A:G",0.00179072852695028
"chr10:5504325:C:T",0.00110377053732424
"chr10:5504734:A:G",0.000967417742007148
"chr10:5504816:G:T",0.00136834051309753
"chr10:5504903:C:G",0.00106405193399683
"chr10:5504915:A:G",0.001389535274121
"chr10:5505346:C:T",0.0016113779687511
"chr10:5505573:A:T",0.000884750510020682
"chr10:5507015:A:C",0.00581244796056968
"chr10:5507243:A:G",0.00105824298468704
"chr10:5508052:G:T",0.000992037607542184
"chr10:5508710:A:G",0.00152535223135608
"chr10:5508805:C:G",0.00119616492275876
"chr10:5508996:A:G",0.000977856298691071
"chr10:5509218:A:G",0.000892521751799991
"chr10:5509270:G:T",0.00097269348890261
"chr10:5509396:A:C",0.00105649827951193
"chr10:5509672:A:G",0.00104066561422833
"chr10:5509781:C:T",0.000878080627959466
"chr10:5509887:A:G",0.000877989354442832
"chr10:5509904:C:T",0.000877132525345381
"chr10:5510151:A:G",0.000877845823763046
"chr10:5510512:C:T",0.000991701019958935
"chr10:5510751:C:G",0.000928296509883353
"chr10:5510752:A:T",0.00153220897136908
"chr10:5510909:C:T",0.000941972009881442
"chr10:5511645:C:G",0.000996478645769239
"chr10:5512023:A:G",0.000877057468390396
"chr10:5512178:G:T",0.000890818691745454
"chr10:5512700:C:T",0.000877048053170237
"chr10:5512995:C:T",0.000898049027110104
"chr10:5513005:A:G",0.00109637842131916
"chr10:5513098:A:G",0.00133325681566676
"chr10:5513449:A:T",0.00100404128232257
"chr10:5513738:C:G",0.00111978297097082
"chr10:5514631:C:T",0.000918744927813187
"chr10:5514708:A:T",0.00102127117554995
"chr10:5515078:C:T",0.00101616238464186
"chr10:5515119:C:T",0.000996900836767511
"chr10:5515161:A:G",0.00093988753144636
"chr10:5515384:C:G",0.0010447040067173
"chr10:5515470:A:G",0.000889065840364411
"chr10:5515472:G:T",0.00106474598794981
"chr10:5516386:A:G",0.000938686139524969
"chr10:5516498:C:G",0.000877319758652129
"chr10:5516579:C:G",0.000953337647949914
"chr10:5517502:A:G",0.000880422987082574
"chr10:5517568:G:T",0.000954145037281751
"chr10:5517724:C:G",0.00131057080673558
"chr10:5517812:A:G",0.000885978185623859
"chr10:5517999:A:T",0.000888506852249171
"chr10:5518306:C:T",0.00126776018935659
"chr10:5518497:C:T",0.000878673314100076
"chr10:5518660:G:T",0.00128394962030842
"chr10:5518661:G:T",0.00105713737414903
"chr10:5518881:A:G",0.000943720887050969
"chr10:5520232:C:T",0.000909963921253421
"chr10:5520351:A:G",0.00104793532297098
"chr10:5520553:C:T",0.00124206875402388
"chr10:5520639:A:G",0.000924212399724178
"chr10:5520672:A:G",0.000885548590414675
"chr10:5520743:C:T",0.000996965610344236
"chr10:5521070:C:T",0.00178054659425608
"chr10:5521397:A:C",0.00129060108102619
"chr10:5521534:C:G",0.000977132573224071
"chr10:5522277:A:G",0.000952377454993436
"chr10:5522812:A:G",0.00088443562810181
"chr10:5523441:A:C",0.00134936867766611
"chr10:5524306:G:T",0.000932916503165737
"chr10:5524835:C:G",0.000994399304059312
"chr10:5525403:A:G",0.000920806172791555
"chr10:5526004:G:T",0.000905141282674937
"chr10:5527518:A:G",0.0011447271728281
"chr10:5528010:C:T",0.00101048387371239
"chr10:5528374:C:T",0.0011338052979295
"chr10:5528497:C:T",0.00111060645077898
"chr10:5529039:C:T",0.00109034584738765
"chr10:5529250:C:T",0.00107875129163582
"chr10:5529391:C:T",0.00127664656424542
"chr10:5529586:A:G",0.00102806330005789
"chr10:5530329:C:G",0.00114012935107688
"chr10:5530930:C:T",0.000883893184342788
"chr10:5531671:A:G",0.000880230944441784
"chr10:5531742:A:G",0.0010849956596779
"chr10:5532975:A:T",0.00117067308984531
"chr10:5533007:A:G",0.00108434368988763
"chr10:5536209:A:G",0.00111374946655529
"chr10:5536252:A:G",0.000926924087001457
"chr10:5537085:C:G",0.00117219812815916
"chr10:5537330:A:G",0.00164458221861041
"chr10:5537732:C:T",0.00101884966114929
"chr10:5537855:A:G",0.00188345367296849
"chr10:5538391:G:T",0.00149347265140198
"chr10:5538424:C:T",0.00151486534446954
"chr10:5538665:C:T",0.00162138375972332
"chr10:5540153:C:T",0.000877032248842946
"chr10:5544816:A:G",0.00190552930999144
"chr10:5545904:G:T",0.00179274527767603
"chr10:5547285:C:T",0.00305883607587987
"chr10:5548967:A:G",0.000877197275759412
"chr10:5549062:A:G",0.000887231203436478
"chr10:5549590:A:G",0.001005323347395
"chr10:5550103:C:T",0.00112226038979257
"chr10:5550124:C:T",0.00117098062878429
"chr10:5550285:C:T",0.000970836961209587
"chr10:5551398:C:T",0.00206638562956218
"chr10:5551720:C:T",0.00100686650843529
"chr10:5551762:A:G",0.00100843631435221
"chr10:5552375:A:G",0.0010276519391027
"chr10:5552385:C:G",0.00111187527874579
"chr10:5552399:G:T",0.00099120302635014
"chr10:5552703:A:G",0.00100444664736565
"chr10:5553330:C:T",0.000925706394167003
"chr10:5553380:C:G",0.00099616729546026
"chr10:5553592:A:G",0.000916328021253521
"chr10:5554087:A:G",0.00105008938060103
"chr10:5554429:A:C",0.00090335847353018
"chr10:5555055:C:T",0.00119559031797101
"chr10:5555528:C:T",0.00156457289527823
"chr10:5555769:C:T",0.00254597141733803
"chr10:5556466:C:T",0.00270360861034868
"chr10:5557419:C:T",0.00172925744607522
"chr10:5557463:A:G",0.000904732998247115
"chr10:5559822:A:G",0.000877627333342179
"chr10:5560591:C:T",0.000999500962364008
"chr10:5563075:C:T",0.000954852078663859
"chr10:5564622:C:T",0.000900270032587747
"chr10:5564626:A:C",0.000960051215110114
"chr10:5564686:C:T",0.000953605999637563
"chr10:5564855:C:T",0.0011234525198538
"chr10:5565407:C:T",0.000879668168727976
"chr10:5565576:A:G",0.00137623748971105
"chr10:5565715:A:G",0.00104631359096685
"chr10:5565796:C:T",0.00139322671616315
"chr10:5565878:A:G",0.00137674470106652
"chr10:5566239:C:T",0.000887474549450262
"chr10:5566643:C:T",0.000913819147616901
"chr10:5568208:C:T",0.00102646457713162
"chr10:5568261:C:T",0.000913965353901314
"chr10:5568386:C:T",0.000877075855885256
"chr10:5568518:C:T",0.00117345308089145
"chr10:5569313:G:T",0.00116907935059796
"chr10:5569347:C:T",0.000906589007910297
"chr10:5569365:A:T",0.000879174814376049
"chr10:5569463:A:T",0.00103247455479616
"chr10:5569639:A:T",0.00103423103682632
"chr10:5569841:A:G",0.00173906911453547
"chr10:5569891:C:T",0.00127703188279304
"chr10:5569948:C:T",0.000882276893424461
"chr10:5570083:C:T",0.000882585441282724
"chr10:5570169:A:G",0.00147818159660806
"chr10:5570533:C:T",0.000898532901660198
"chr10:5570577:A:G",0.000888494394018835
"chr10:5570591:G:T",0.00114942063028967
"chr10:5570830:A:G",0.00113829659788867
"chr10:5570901:A:G",0.0009095559124076
"chr10:5571285:A:T",0.00114544837716235
"chr10:5571570:G:T",0.00136861062962901
"chr10:5571688:C:T",0.00135526640829342
"chr10:5571786:A:G",0.00140407202056914
"chr10:5572314:C:T",0.000896032963628945
"chr10:5572435:A:G",0.0012168102383121
"chr10:5572624:A:G",0.00109128717989304
"chr10:5572657:C:T",0.000880204645237748
"chr10:5572948:A:G",0.00249890832379318
"chr10:5573009:A:G",0.000892483140703892
"chr10:5573583:A:C",0.00108917601869019
"chr10:5573716:C:G",0.00162714148422771
"chr10:5573798:A:G",0.000877167490328845
"chr10:5573995:A:T",0.000879153993325055
"chr10:5574179:G:T",0.000891413169125443
"chr10:5574315:A:G",0.00144915799827172
"chr10:5574614:C:T",0.00107647338707995
"chr10:5575064:C:T",0.00104673696147883
"chr10:5575454:A:C",0.000889214538603134
"chr10:5575473:A:G",0.00192688771802452
"chr10:5575600:C:T",0.00182784693016058
"chr10:5575850:A:G",0.00368293604554526
"chr10:5575956:A:C",0.00102822301775496
"chr10:5576033:C:T",0.0010887547052475
"chr10:5576049:C:G",0.00102843847523126
"chr10:5576054:C:T",0.000928767539140507
"chr10:5576569:C:T",0.00104598667786571
"chr10:5576683:C:T",0.00103426003082596
"chr10:5576779:A:G",0.000881151935480662
"chr10:5576788:C:T",0.000986902989577598
"chr10:5576813:A:G",0.000998520213404963
"chr10:5576839:G:T",0.000946685811057391
"chr10:5576941:A:C",0.0010837157172906
"chr10:5577127:A:T",0.00191103473127474
"chr10:5577381:C:G",0.000909191067081316
"chr10:5577629:C:T",0.000885580520324614
"chr10:5577783:A:C",0.00130219102712581
"chr10:5578125:A:G",0.000919223564083804
"chr10:5578269:A:G",0.00149049686171476
"chr10:5578419:A:G",0.00150501372876899
"chr10:5578436:C:T",0.00267942648750996
"chr10:5578519:C:T",0.00102374044167541
"chr10:5578536:G:T",0.00150000533016581
"chr10:5579183:A:G",0.000877237180000101
"chr10:5579211:A:G",0.00240455088139091
"chr10:5579251:G:T",0.00104234668558267
"chr10:5579351:A:G",0.00155368436161152
"chr10:5579540:A:G",0.00169399809771797
"chr10:5579653:C:T",0.0016016402735175
"chr10:5579665:C:T",0.00106102863149093
"chr10:5579966:A:G",0.00223248793453013
"chr10:5580097:A:C",0.00108099050418708
"chr10:5580128:C:T",0.000952604914073896
"chr10:5580302:C:T",0.00101945468946907
"chr10:5580463:C:T",0.00135086388971029
"chr10:5580746:C:T",0.000915009690895863
"chr10:5580769:A:T",0.000883345070192498
"chr10:5581009:A:G",0.00104409946201456
"chr10:5581041:G:T",0.000884606099504914
"chr10:5581400:A:C",0.000880132275015821
"chr10:5581469:C:T",0.00103416962034653
"chr10:5581889:C:G",0.000886535171683245
"chr10:5581968:C:G",0.00103541787044525
"chr10:5582075:C:T",0.0015726896738224
"chr10:5582110:C:G",0.000904325121843796
"chr10:5582316:C:T",0.00143449114517646
"chr10:5582406:C:T",0.0013693900899846
"chr10:5582987:A:C",0.00207406515305275
"chr10:5583051:A:T",0.00181826645083016
"chr10:5583058:C:G",0.000880639948263151
"chr10:5583473:C:T",0.00102305581157469
"chr10:5583475:C:T",0.00123505299752302
"chr10:5583492:C:T",0.000894998110797407
"chr10:5583963:A:T",0.00095548912985377
"chr10:5584441:A:G",0.00108356704505075
"chr10:5584443:C:T",0.00108356843121449
"chr10:5584575:A:G",0.00104284110326547
"chr10:5584687:A:G",0.00108525744127619
"chr10:5585101:A:G",0.0010277591505915
"chr10:5585469:A:G",0.000877657751348959
"chr10:5585696:A:C",0.00136510855390826
"chr10:5585726:A:G",0.00138211456728743
"chr10:5585744:A:G",0.000877777788146683
"chr10:5585951:C:G",0.00188982664773385
"chr10:5586390:A:G",0.00127455863581616
"chr10:5586663:C:T",0.00258422832455441
"chr10:5587148:A:G",0.00106409092114124
"chr10:5588255:C:T",0.00148411575749396
"chr10:5588337:C:T",0.00088267677413556
"chr10:5588681:C:T",0.00106763153149025
"chr10:5588731:A:G",0.00388352582593254
"chr10:5588824:C:T",0.00200018375663102
"chr10:5589046:A:G",0.00429146087668608
"chr10:5589056:C:T",0.00211969877116225
"chr10:5589281:A:C",0.00212875559953674
"chr10:5589294:A:G",0.00208502034046665
"chr10:5589439:C:G",0.00433636404805626
"chr10:5589515:A:G",0.00204232755042377
"chr10:5589774:A:G",0.00209509886069759
"chr10:5589810:A:G",0.00471278547222487
"chr10:5589880:A:G",0.00442818737895245
"chr10:5590097:A:G",0.000962127038399707
"chr10:5590146:A:G",0.00460680928693569
"chr10:5590432:C:G",0.00399470788072365
"chr10:5590587:A:G",0.0045910562390119
"chr10:5591094:A:G",0.00113559829327647
"chr10:5591560:C:T",0.00124081470829518
"chr10:5591661:C:G",0.00110341009287496
"chr10:5591836:G:T",0.00195141795827469
"chr10:5592297:A:C",0.00118146230190008
"chr10:5592380:A:G",0.000880697513278905
"chr10:5592501:C:T",0.000953747983160169
"chr10:5592584:A:G",0.00110656143827503
"chr10:5592682:C:T",0.00131306348723204
"chr10:5592812:A:G",0.00117176293201482
"chr10:5593186:A:G",0.00269834604346442
"chr10:5593403:A:G",0.00117971444291964
"chr10:5593496:A:G",0.00117972130298494
"chr10:5593497:C:T",0.00132384877153124
"chr10:5593583:A:G",0.00155608463787249
"chr10:5593628:C:G",0.00155609140788537
"chr10:5593766:A:G",0.00117777073898706
"chr10:5593893:A:G",0.00117184674104509
"chr10:5593918:C:G",0.00111671478925623
"chr10:5594471:A:G",0.00107782828599223
"chr10:5594627:G:T",0.00118118751691454
"chr10:5594628:G:T",0.00118188094379157
"chr10:5594765:A:G",0.00111321050641022
"chr10:5594919:A:C",0.00088981657943632
"chr10:5595065:C:T",0.00112028294957223
"chr10:5595117:A:G",0.00135414893798336
"chr10:5595151:A:G",0.000903397777715309
"chr10:5595572:A:C",0.00141793234023502
"chr10:5595687:A:G",0.0012676223639646
"chr10:5595719:C:T",0.00110799355197222
"chr10:5595792:A:G",0.000978874988355694
"chr10:5595793:G:T",0.00134330558762819
"chr10:5595809:A:G",0.000975942809141261
"chr10:5595979:C:T",0.00141252903333577
"chr10:5596030:A:G",0.00135683103038431
"chr10:5596215:A:C",0.0013445658034219
"chr10:5596788:A:G",0.0013119658157793
"chr10:5597288:G:T",0.00123035668914051
"chr10:5597597:C:T",0.000877398038662602
"chr10:5597944:A:G",0.00122887072255773
"chr10:5598109:G:T",0.00131626339681501
"chr10:5598320:C:G",0.00107869207423261
"chr10:5598495:A:G",0.00166426042748924
"chr10:5598602:A:G",0.00117852413714714
"chr10:5598659:A:G",0.000977254447155573
"chr10:5599385:C:T",0.000921455082052103
"chr10:5599712:A:G",0.00175721700268106
"chr10:5600062:C:T",0.000884140715265658
"chr10:5600077:A:G",0.000884226177171987
"chr10:5600251:C:T",0.00114651720752201
"chr10:5600315:A:G",0.00110585220156267
"chr10:5600332:A:T",0.00136393959118997
"chr10:5600453:C:G",0.000877821775657206
"chr10:5600460:A:G",0.000879698117704719
"chr10:5600705:A:C",0.00132402509154483
"chr10:5600795:G:T",0.00130052563874361
"chr10:5600896:C:T",0.0013186881281031
"chr10:5601008:A:G",0.00132198119476967
"chr10:5601081:C:T",0.000926465840523916
"chr10:5601094:C:T",0.000925885093467138
"chr10:5601152:A:T",0.00128514111066502
"chr10:5601244:A:C",0.00129376228386735
"chr10:5601249:A:G",0.000914242994850323
"chr10:5601274:C:T",0.0011845532014132
"chr10:5601318:A:G",0.00129871252967995
"chr10:5601348:A:G",0.00130925877014931
"chr10:5601353:C:T",0.000914182560193377
"chr10:5601548:C:T",0.000891004245278548
"chr10:5601619:C:T",0.0013267961089779
"chr10:5601792:C:T",0.000935862070666649
"chr10:5601855:C:T",0.000921051816218599
"chr10:5601906:C:T",0.00092666137150621
"chr10:5602064:A:G",0.00105936202521228
"chr10:5602163:C:T",0.000878451217963261
"chr10:5602409:A:G",0.000943697538986821
"chr10:5602429:C:T",0.000953918710793977
"chr10:5602658:A:G",0.00108351344551305
"chr10:5602715:A:C",0.000981926164186242
"chr10:5602876:C:T",0.0010634279407512
"chr10:5602904:C:T",0.000957345356603412
"chr10:5602955:A:G",0.00124707689027648
"chr10:5603020:G:T",0.00126782242392032
"chr10:5603032:C:T",0.00125764235105896
"chr10:5603070:A:G",0.0010747795353393
"chr10:5603101:C:T",0.00225422495102234
"chr10:5603138:A:G",0.00113682170493901
"chr10:5603343:A:C",0.0022460722970371
"chr10:5603514:C:T",0.00178265436922054
"chr10:5603625:A:G",0.0010494408953744
"chr10:5603659:A:G",0.00227929471472033
"chr10:5603678:G:T",0.00228114454736383
"chr10:5603731:G:T",0.00228666746217843
"chr10:5603740:C:G",0.00106204703843893
"chr10:5603795:A:C",0.00102761373060356
"chr10:5603932:A:G",0.00101913349141802
"chr10:5603984:G:T",0.00101743560758283
"chr10:5604021:C:T",0.00105757366518189
"chr10:5604140:G:T",0.00100851423161907
"chr10:5604228:A:G",0.000877314288235453
"chr10:5604374:A:G",0.000877035737297915
"chr10:5604522:C:G",0.000882041457806015
"chr10:5604623:A:G",0.00137663906768082
"chr10:5604743:A:T",0.00105792699532614
"chr10:5604745:C:T",0.000920157098327046
"chr10:5604804:C:T",0.000877358690563823
"chr10:5605036:C:T",0.000907908205207586
"chr10:5605115:C:T",0.000878596578880564
"chr10:5605153:C:T",0.00124059498283102
"chr10:5605424:A:G",0.0011219523289332
"chr10:5605444:G:T",0.00144480426361071
"chr10:5605891:C:T",0.0016217398968067
"chr10:5605900:C:T",0.00168835293595682
"chr10:5605979:A:C",0.00174252639120487
"chr10:5606056:C:G",0.00141787221402301
"chr10:5606138:C:G",0.00175705771116741
"chr10:5606418:C:T",0.00168009076382258
"chr10:5606696:C:T",0.0011299280570265
"chr10:5606731:A:C",0.00127209160668962
"chr10:5606787:A:C",0.00103100656673849
"chr10:5606824:A:G",0.00216273388460797
"chr10:5607003:A:G",0.00171362319654322
"chr10:5607063:G:T",0.00112375233065198
"chr10:5607087:A:G",0.00112335849084289
"chr10:5607135:A:G",0.00183232123459642
"chr10:5607314:A:G",0.00239972424208079
"chr10:5607448:C:G",0.00111738434531494
"chr10:5607756:A:G",0.00111234942504435
"chr10:5607841:C:T",0.00336460781765158
"chr10:5608083:C:T",0.0014739299949269
"chr10:5608230:C:T",0.000902406368741282
"chr10:5608269:A:G",0.00264528605935688
"chr10:5608310:C:T",0.00339505366488646
"chr10:5608365:A:G",0.00104112427441316
"chr10:5608432:C:G",0.00278532433709777
"chr10:5608495:G:T",0.000895655695724806
"chr10:5608581:A:G",0.00257916780113154
"chr10:5608678:G:T",0.00129764569990787
"chr10:5608979:C:G",0.000878179708300619
"chr10:5609342:A:C",0.00103313009936057
"chr10:5609395:C:T",0.00109997986553367
"chr10:5609590:A:G",0.00109923529609524
"chr10:5609615:C:T",0.000885823278111375
"chr10:5609758:A:G",0.00111678072603849
"chr10:5609800:A:G",0.000911713354916577
"chr10:5609971:A:G",0.0010974910429814
"chr10:5610274:C:G",0.000891794271040802
"chr10:5610314:C:T",0.000896471807795285
"chr10:5610323:C:T",0.000878396816794247
"chr10:5610410:A:G",0.00106803351882767
"chr10:5610411:A:G",0.00106803351882767
"chr10:5610416:A:C",0.00114943364609599
"chr10:5610506:C:G",0.000880093412646943
"chr10:5610514:A:G",0.000877469820218746
"chr10:5610619:A:G",0.0010748184179401
"chr10:5610727:A:C",0.000877360410930339
"chr10:5610776:C:T",0.000877558104926401
"chr10:5610791:A:C",0.000911471212113657
"chr10:5610906:A:T",0.00108604248447752
"chr10:5611123:C:T",0.00107288559840035
"chr10:5611124:A:G",0.0010728404538668
"chr10:5611147:A:G",0.00106883243074352
"chr10:5611158:A:T",0.0022333345410267
"chr10:5611209:A:G",0.00140296797826056
"chr10:5611331:A:G",0.00167100765116424
"chr10:5611482:C:T",0.00109512780714849
"chr10:5611487:A:G",0.000934385689025041
"chr10:5611614:C:T",0.00107330695131125
"chr10:5611714:A:G",0.0010363471868694
"chr10:5612026:A:G",0.00227230101050535
"chr10:5612109:A:G",0.0008816471062012
"chr10:5612171:C:T",0.00107242028945176
"chr10:5612204:C:T",0.00089877992507581
"chr10:5612779:A:G",0.00105143349781134
"chr10:5613377:A:G",0.00235095528853402
"chr10:5614134:A:T",0.001001819536532
"chr10:5614514:A:G",0.00132906034896296
"chr10:5614955:G:T",0.001139134849378
"chr10:5615107:C:T",0.000897785468247037
"chr10:5615266:A:T",0.00113270727288994
"chr10:5615445:G:T",0.00110860560368986
"chr10:5615564:C:T",0.000973220022125632
"chr10:5616794:A:G",0.000881362924860629
"chr10:5617043:C:T",0.00102861014999578
"chr10:5617298:C:T",0.00224446307488113
"chr10:5617585:A:G",0.000894966893942528
"chr10:5617699:C:T",0.00123813144720575
"chr10:5617872:C:T",0.00116256169561091
"chr10:5617966:A:G",0.00115244185727903
"chr10:5618258:A:G",0.00103456438247562
"chr10:5619001:A:G",0.00105545556752018
"chr10:5619704:C:T",0.00115609713728682
"chr10:5619774:C:T",0.00240792898248865
"chr10:5620046:C:T",0.00133664551035018
"chr10:5620156:C:T",0.000897079797036682
"chr10:5620172:A:C",0.00118285515598127
"chr10:5620696:A:G",0.00105054249818415
"chr10:5620952:A:C",0.00262746859962537
"chr10:5621004:G:T",0.00100111262282199
"chr10:5621009:C:T",0.000987184965548615
"chr10:5621080:C:T",0.00123787189629831
"chr10:5621225:A:G",0.00093416632451615
"chr10:5621297:C:G",0.000929037850427417
"chr10:5621367:A:G",0.00099029677679463
"chr10:5621537:A:G",0.001002420470126
"chr10:5621553:C:T",0.00301448194139764
"chr10:5621707:A:G",0.000925670740070328
"chr10:5621728:A:G",0.00101892217497013
"chr10:5621809:A:C",0.00103518017063808
"chr10:5621876:C:G",0.000888440469786533
"chr10:5622279:A:G",0.000942917083967765
"chr10:5622413:C:T",0.00120114133826221
"chr10:5622502:A:G",0.000981751212680626
"chr10:5622752:A:C",0.00297713706863134
"chr10:5622826:C:T",0.00104290372232929
"chr10:5623057:C:T",0.000969101392199634
"chr10:5623095:C:G",0.00251262315818845
"chr10:5623182:C:T",0.00102335992783542
"chr10:5623495:C:G",0.0028993255839872
"chr10:5623675:A:C",0.000918633261028368
"chr10:5623811:C:G",0.00183623136456557
"chr10:5624003:C:G",0.000978754235962165
"chr10:5624446:C:G",0.00103793726469104
"chr10:5624564:C:T",0.00119374385990678
"chr10:5624613:C:G",0.000962998568263762
"chr10:5624776:C:T",0.00114712602409051
"chr10:5625261:C:G",0.00121663931065763
"chr10:5625361:C:T",0.00092720988820838
"chr10:5625739:C:T",0.00124917407724379
"chr10:5626996:A:G",0.00103144043528325
"chr10:5627263:C:T",0.00101687042345455
"chr10:5627264:A:G",0.000962560246447697
"chr10:5627433:C:T",0.00088546948191448
"chr10:5627527:C:T",0.000962419015614113
"chr10:5627847:C:T",0.000887073770203806
"chr10:5628110:C:T",0.000962068995428611
"chr10:5628312:C:T",0.0010252551870279
"chr10:5628578:C:G",0.00103315569378282
"chr10:5628869:A:G",0.00118423302287218
"chr10:5629138:A:C",0.00116177649876847
"chr10:5629250:A:G",0.00124049404639415
"chr10:5629495:G:T",0.000966627431393863
"chr10:5629822:C:G",0.000972102868190494
"chr10:5629845:A:G",0.00117592548283663
"chr10:5630056:C:T",0.00123562268079058
"chr10:5630096:C:T",0.00107804087858554
"chr10:5630233:C:T",0.00205819526892481
"chr10:5630520:A:C",0.00116789776669768
"chr10:5630617:G:T",0.0011674895502406
"chr10:5630757:C:T",0.00116377417628488
"chr10:5631523:A:G",0.000879345050781133
"chr10:5631565:A:G",0.000988826602650872
"chr10:5632458:A:G",0.000972151451205328
"chr10:5632563:A:G",0.000997621668527571
"chr10:5632965:A:G",0.00129377028663813
"chr10:5633518:A:G",0.00102165767993179
"chr10:5634020:C:T",0.00114451411557115
"chr10:5634177:C:G",0.00105505338617085
"chr10:5634294:A:T",0.00143480354836745
"chr10:5634363:A:G",0.00113469609154471
"chr10:5634408:C:T",0.00119430320168601
"chr10:5634502:G:T",0.00142881990212707
"chr10:5635113:A:G",0.000877879852419716
"chr10:5635270:A:G",0.000936776407699513
"chr10:5635274:A:G",0.00088717815136452
"chr10:5636030:C:T",0.00206875894967817
"chr10:5636068:A:C",0.0011472061936707
"chr10:5636095:A:G",0.00112955943977622
"chr10:5636591:G:T",0.000937599940324385
"chr10:5636712:C:T",0.00214681088331714
"chr10:5636875:C:G",0.000968037811801881
"chr10:5637009:C:T",0.000938771898664204
"chr10:5637078:A:G",0.000887435074322207
"chr10:5638260:C:T",0.00308722018295282
"chr10:5638359:A:G",0.00100332465771702
"chr10:5638547:A:G",0.00411748310997773
"chr10:5638726:A:G",0.00113381736469054
"chr10:5638775:A:G",0.000877229178846473
"chr10:5638879:C:T",0.000880925712990033
"chr10:5638921:A:G",0.000878068365197104
"chr10:5638933:A:G",0.000879873457325098
"chr10:5638951:A:T",0.000880222931817665
"chr10:5639003:A:G",0.000985959848227691
"chr10:5639069:A:G",0.000943872869280882
"chr10:5639075:C:T",0.00115909152132077
"chr10:5639176:A:G",0.000886737504494639
"chr10:5639820:C:T",0.000885689763578723
"chr10:5639867:A:C",0.000941166756322609
"chr10:5640107:C:T",0.000878045528899474
"chr10:5640135:A:G",0.000978048742082849
"chr10:5640313:A:G",0.00101922483363803
"chr10:5640321:A:G",0.000983786190609792
"chr10:5640341:C:G",0.000946189370180317
"chr10:5640379:A:G",0.000991050510567915
"chr10:5640419:A:C",0.00117574718731472
"chr10:5640484:C:T",0.000956672156548377
"chr10:5640573:A:G",0.000984235630229535
"chr10:5640915:C:T",0.000912939700502213
"chr10:5641263:A:G",0.000877040923850436
"chr10:5641533:A:G",0.000927409928612288
"chr10:5641686:C:T",0.000895275269391149
"chr10:5641707:A:G",0.00178490907595463
"chr10:5641750:C:T",0.000945944258941345
"chr10:5643246:A:G",0.00112855752836738
"chr10:5643338:C:T",0.00087708347485882
"chr10:5643572:A:T",0.000957628707424107
"chr10:5644305:A:G",0.000886151416833125
"chr10:5644410:C:G",0.000879584073395168
"chr10:5644495:A:G",0.000898847591267238
"chr10:5644510:A:T",0.000882464145941952
"chr10:5644524:A:G",0.000973907994082257
"chr10:5644962:A:G",0.000942605425416354
"chr10:5645080:A:G",0.00319969794947617
"chr10:5645150:C:T",0.00162317469342121
"chr10:5645723:A:G",0.000939587629542937
"chr10:5645765:C:T",0.000951242403001373
"chr10:5645845:A:G",0.000884396817802613
"chr10:5646021:C:T",0.00095961660293209
"chr10:5646058:A:G",0.00107398856408392
"chr10:5646082:C:G",0.000930990214952798
"chr10:5646122:C:T",0.00106900240900032
"chr10:5646324:A:G",0.000881697374589319
"chr10:5646830:A:C",0.00111759705874903
"chr10:5647095:G:T",0.000877916073381391
"chr10:5647119:C:T",0.00163678030093972
"chr10:5647120:A:G",0.00172097718150643
"chr10:5647615:C:G",0.00156278723489478
"chr10:5647752:A:G",0.00103798753631745
"chr10:5647964:C:T",0.00156836336844834
"chr10:5648153:A:G",0.00088550623102801
"chr10:5648265:A:G",0.000920795623807757
"chr10:5648407:C:T",0.00126922083163528
"chr10:5649172:C:T",0.000887085029047663
"chr10:5649333:C:T",0.00144752613387678
"chr10:5649521:C:T",0.000903851409998935
"chr10:5649806:A:G",0.000941078385337413
"chr10:5649928:A:G",0.00099866473397936
"chr10:5651958:C:T",0.00120850550980911
"chr10:5652107:A:G",0.00563564075518785
"chr10:5653496:C:T",0.00102563736817918
"chr10:5653634:G:T",0.000884495900581705
"chr10:5655239:A:G",0.000877373986391872
"chr10:5655911:A:G",0.00088226345573883
"chr10:5656021:G:T",0.00125396547458456
"chr10:5657764:A:G",0.000882556853654348
"chr10:5657913:C:T",0.00136132960528845
"chr10:5659798:A:G",0.000940648995141125
"chr10:5659832:C:T",0.000931336385617043
"chr10:5659870:A:G",0.00122045445396179
"chr10:5660257:C:T",0.00104976333839057
"chr10:5660285:C:T",0.00233499550796479
"chr10:5660296:A:G",0.00309288456191759
"chr10:5661314:C:T",0.00198921190484225
"chr10:5662017:A:G",0.000888047205613862
"chr10:5662024:C:T",0.00331398992702459
"chr10:5662245:A:G",0.00138111585921918
"chr10:5662295:A:G",0.00135756039576629
"chr10:5662473:C:T",0.00224649527772924
"chr10:5662823:C:G",0.0031433749325579
"chr10:5662947:G:T",0.00138426720810114
"chr10:5663121:A:G",0.00143686440927648
"chr10:5663629:C:G",0.00109463777165297
"chr10:5663636:C:T",0.00157628367780116
"chr10:5663657:A:T",0.00102968184000352
"chr10:5663937:A:G",0.00190358786592459
"chr10:5664059:A:G",0.00217891373607204
"chr10:5664431:C:T",0.0011185542953871
"chr10:5664474:A:G",0.000948129730728886
"chr10:5664553:A:T",0.000949405424034433
"chr10:5664589:A:G",0.00312653549338593
"chr10:5664668:A:C",0.00129214136523603
"chr10:5664672:A:C",0.00110230047828763
"chr10:5664676:A:C",0.000955948337888035
"chr10:5664966:C:T",0.00101245392982119
"chr10:5664974:A:T",0.00135432371927002
"chr10:5665057:A:C",0.00101220796803958
"chr10:5666006:C:T",0.00114381740971359
"chr10:5666013:C:T",0.000964965612542334
"chr10:5666114:G:T",0.00134482053950968
"chr10:5666267:A:G",0.000894819830167037
"chr10:5666348:A:G",0.000919681530291316
"chr10:5666397:A:G",0.0011607151373122
"chr10:5666457:C:T",0.00102779364020822
"chr10:5666459:A:T",0.00117130069777349
"chr10:5666471:C:G",0.00120866842597644
"chr10:5666838:C:T",0.00117485049574384
"chr10:5666933:A:T",0.00117783450777831
"chr10:5667063:A:T",0.00116366646567967
"chr10:5667074:A:C",0.0011599409092673
"chr10:5667188:A:T",0.00101336669694707
"chr10:5667325:G:T",0.00116368630405217
"chr10:5667424:C:T",0.00110682578020005
"chr10:5667789:A:C",0.000953717494055262
"chr10:5667884:C:G",0.0011633170159645
"chr10:5667946:A:G",0.00116338355501644
"chr10:5667994:C:T",0.00117247284036526
"chr10:5667996:C:G",0.00117241802309176
"chr10:5668394:A:G",0.00115284751322808
"chr10:5669092:C:T",0.000900480944979298
"chr10:5669096:G:T",0.000900478323090148
"chr10:5669257:C:T",0.00136723455922871
"chr10:5669345:C:T",0.000904739851560921
"chr10:5669544:A:T",0.001589247581678
"chr10:5669659:A:T",0.00117944473961296
"chr10:5669859:A:G",0.000940567370357748
"chr10:5669892:A:G",0.00116977193460255
"chr10:5669896:A:T",0.00116976664949486
"chr10:5670124:G:T",0.00134532022896117
"chr10:5670199:A:G",0.00123516093695242
"chr10:5670347:G:T",0.00112935179307183
"chr10:5670403:A:G",0.00174883794984071
"chr10:5670888:C:T",0.00113822242325423
"chr10:5671234:A:G",0.00102457959948843
"chr10:5671306:C:T",0.00193589639551706
"chr10:5671529:C:T",0.000889785173732283
"chr10:5671532:C:T",0.00119985073907447
"chr10:5671655:A:T",0.00122465296581409
"chr10:5671756:A:G",0.0039987875277675
"chr10:5671863:C:T",0.00122789217036068
"chr10:5673045:C:T",0.0015647465724975
"chr10:5673438:A:G",0.00124060952820537
"chr10:5673666:C:T",0.00123900351132433
"chr10:5673720:A:G",0.00364682609396894
"chr10:5673746:G:T",0.00121937706684927
"chr10:5673774:A:G",0.00132009452122062
"chr10:5674080:C:T",0.000991927743346332
"chr10:5674167:A:G",0.00151120991370512
"chr10:5674498:A:G",0.00370024904521571
"chr10:5674592:A:T",0.00367213405880085
"chr10:5674813:A:T",0.000981171527709379
"chr10:5674895:C:T",0.00124123867463566
"chr10:5675041:A:G",0.00121507840657653
"chr10:5675066:A:G",0.00104319103087991
"chr10:5675162:A:G",0.00371431330628846
"chr10:5675375:A:G",0.00174337650268663
"chr10:5675454:A:G",0.00124555776186897
"chr10:5675478:A:G",0.000989858249944686
"chr10:5675655:A:G",0.00179227192956155
"chr10:5675690:A:G",0.000989660484528643
"chr10:5675890:A:C",0.00131589714079239
"chr10:5675891:C:T",0.00129503713058376
"chr10:5676130:A:G",0.00127895259639776
"chr10:5676140:A:G",0.00345798591995095
"chr10:5676386:A:T",0.00170378454277875
"chr10:5676559:C:G",0.00112496379296634
"chr10:5676834:C:T",0.00166847333627762
"chr10:5677026:A:G",0.00091284110134382
"chr10:5677091:G:T",0.00112767284405713
"chr10:5677265:C:T",0.00156534991116919
"chr10:5677294:A:G",0.000929120632560343
"chr10:5677520:C:T",0.00112664872179091
"chr10:5677706:A:C",0.00193300729722623
"chr10:5677801:A:G",0.00126624359897265
"chr10:5678104:C:T",0.00129594866249449
"chr10:5678260:C:G",0.00125945623293877
"chr10:5678461:A:T",0.00139440869724028
"chr10:5678549:A:T",0.00170742177436689
"chr10:5678910:A:G",0.0012528678325604
"chr10:5679119:G:T",0.00127600931843763
"chr10:5679526:C:T",0.00128592281117512
"chr10:5679690:A:C",0.000933909848371939
"chr10:5680057:C:T",0.00129115482360775
"chr10:5680363:A:G",0.00121876047231273
"chr10:5680598:C:T",0.00152093134088349
"chr10:5680639:C:T",0.00117023038835973
"chr10:5680653:A:G",0.000975304360004037
"chr10:5680821:A:C",0.00137297865147856
"chr10:5680830:A:T",0.00088692342696417
"chr10:5680876:C:T",0.00092726522094766
"chr10:5680877:A:G",0.000877223019979945
"chr10:5680989:A:G",0.00124503730216707
"chr10:5681699:C:T",0.00123058787961872
"chr10:5681714:A:T",0.000936478709682276
"chr10:5681731:C:T",0.000953344330288153
"chr10:5681789:A:T",0.00122891981557671
"chr10:5682110:A:G",0.00295895525888712
"chr10:5682227:G:T",0.00192673918779551
"chr10:5682334:C:T",0.00259062159431656
"chr10:5682419:A:G",0.0012092372182696
"chr10:5682903:C:T",0.00134391713256876
"chr10:5683063:C:T",0.00126052397635534
"chr10:5683188:C:T",0.000890338247130695
"chr10:5683412:A:C",0.000913983939418772
"chr10:5684290:A:G",0.000931172664953239
"chr10:5684413:C:G",0.00144145628060866
"chr10:5684441:A:C",0.00186773340842061
"chr10:5684521:C:G",0.00115535719587079
"chr10:5684858:A:G",0.000896583510607618
"chr10:5685631:A:C",0.000913479218654145
"chr10:5686174:A:G",0.000891101486041324
"chr10:5686211:A:G",0.000878605786801323
"chr10:5686985:A:G",0.000885471997693843
"chr10:5687640:C:T",0.00141721930165639
"chr10:5688737:A:G",0.00131835972202665
"chr10:5688802:A:G",0.00131809189526333
"chr10:5689377:A:G",0.00132249342204671
"chr10:5689568:C:T",0.000966013400317101
"chr10:5689578:C:T",0.000973929420577058
"chr10:5689581:A:C",0.00106398306588229
"chr10:5689744:G:T",0.000881981968210432
"chr10:5690889:A:G",0.00208097902363569
"chr10:5691266:C:T",0.00101860982557467
"chr10:5691497:C:G",0.00141886253484758
"chr10:5691608:C:T",0.000915037527413509
"chr10:5692257:A:C",0.00139094146396279
"chr10:5692395:A:C",0.00141485088414284
"chr10:5692906:A:C",0.00089085704499281
"chr10:5693685:C:T",0.000947294250823072
"chr10:5693972:C:T",0.00222961331523275
"chr10:5693995:A:G",0.00112935358765087
"chr10:5694195:A:G",0.00173238909284712
"chr10:5694425:A:T",0.000952757840174012
"chr10:5695102:C:T",0.000877033283955941
"chr10:5696016:A:G",0.000965123478587682
"chr10:5696707:C:T",0.00159222208820409
"chr10:5696751:A:G",0.000988884865634976
"chr10:5696885:C:T",0.000935313059967635
"chr10:5697091:A:G",0.00258310377694237
"chr10:5698725:A:C",0.00148599242427505
"chr10:5698926:G:T",0.000894287240578939
"chr10:5699499:G:T",0.000878701747712429
"chr10:5700033:C:G",0.000907848204595774
"chr10:5700114:C:G",0.000880569053355762
"chr10:5700319:C:T",0.00171167274417416
"chr10:5700528:A:G",0.000899450253576517
"chr10:5701851:A:G",0.000950212663981653
"chr10:5702795:A:G",0.000894287240578939
"chr10:5703022:C:G",0.000950867089402285
"chr10:5703769:C:T",0.000914141809321922
"chr10:5703972:C:T",0.000882105515350395
"chr10:5704723:A:G",0.000941599133640225
"chr10:5704809:C:G",0.000892033397213665
"chr10:5704816:A:T",0.00160591851319403
"chr10:5705702:A:G",0.000989124645618511
"chr10:5705738:C:T",0.000882231314738302
"chr10:5705755:A:G",0.00142644027006389
"chr10:5706089:A:G",0.000951738170500871
"chr10:5706969:A:G",0.00449696115430509
"chr10:5707486:A:G",0.000877545573618188
"chr10:5708115:G:T",0.000884168472705116
"chr10:5709080:A:T",0.000895323568972151
"chr10:5709681:C:T",0.00193689787875906
"chr10:5710440:A:G",0.000911926161316745
"chr10:5711553:A:G",0.00172650488751835
"chr10:5711774:A:G",0.00152324267808557
"chr10:5711894:A:T",0.000882836488630856
"chr10:5711905:C:G",0.000910084504789133
"chr10:5712648:A:G",0.000987010372638375
"chr10:5713084:C:T",0.00098943241172722
"chr10:5713244:A:C",0.000962304658034707
"chr10:5713869:C:T",0.00209607565392256
"chr10:5715456:A:G",0.00144505124448002
"chr10:5715526:A:G",0.000886002063247737
"chr10:5715601:A:G",0.0016093138327834
"chr10:5715828:C:T",0.00153784120850009
"chr10:5716162:C:T",0.000916041679823176
"chr10:5716770:C:G",0.00159465045515672
"chr10:5716864:A:G",0.000924685341603282
"chr10:5718236:A:G",0.000949617997945795
"chr10:5718313:C:T",0.000877301828982824
"chr10:5718519:A:G",0.000918934386941572
"chr10:5718535:A:G",0.00156843134523099
"chr10:5719563:G:T",0.000889685078727442
"chr10:5721299:A:G",0.00157821189807972
"chr10:5721478:A:G",0.00152753122026505
"chr10:5721526:A:G",0.00157859812675998
"chr10:5722066:A:G",0.000886379203950072
"chr10:5722197:A:G",0.00093924710718063
"chr10:5722518:A:T",0.00141376013922001
"chr10:5723035:A:G",0.000931615936919039
"chr10:5723299:A:C",0.00141323626768397
"chr10:5724374:A:G",0.0014363654899473
"chr10:5724389:C:T",0.000884516018498593
"chr10:5725214:A:G",0.00101756576481615
"chr10:5725551:A:G",0.000956944721029251
"chr10:5726126:A:G",0.000920465411533011
"chr10:5726140:A:G",0.0013843930856432
"chr10:5726177:A:G",0.000924327477562437
"chr10:5726298:A:G",0.00158849029803632
"chr10:5726530:G:T",0.00101486699344122
"chr10:5727490:G:T",0.00410918972375884
"chr10:5727576:C:T",0.000878747395928081
"chr10:5727864:A:G",0.00093985840757882
"chr10:5728339:A:T",0.00166066786700925
"chr10:5728925:G:T",0.00102354255883352
"chr10:5729149:C:G",0.000878587377531326
"chr10:5729380:A:C",0.0014740301959677
"chr10:5730469:C:T",0.00104450920760069
"chr10:5731071:A:G",0.00168453983592076
"chr10:5731354:C:T",0.00129620619576987
"chr10:5731598:C:T",0.000969131677787782
"chr10:5731913:A:C",0.000914230577008124
"chr10:5732076:A:T",0.00143310312544465
"chr10:5732952:A:C",0.000943688177874824
"chr10:5734921:C:T",0.00104243992343933
"chr10:5735813:G:T",0.000906093417947562
"chr10:5736367:A:G",0.000989627085556277
"chr10:5736982:A:G",0.00106233612199014
"chr10:5738622:A:T",0.00156257744765298
"chr10:5739446:A:G",0.00156257420500217
"chr10:5739665:G:T",0.00155802251206183
"chr10:5740006:A:T",0.00152341579478499
"chr10:5740059:A:C",0.00452532279380291
"chr10:5741012:A:T",0.00106044380729542
"chr10:5741204:A:G",0.00155962413133548
"chr10:5741419:C:T",0.00158495240515832
"chr10:5741770:A:G",0.000897358023482009
"chr10:5742188:A:G",0.00101357755923859
"chr10:5742546:A:G",0.000942039245421578
"chr10:5742686:A:G",0.000903960547815608
"chr10:5743499:G:T",0.00500278602866555
"chr10:5743577:C:T",0.000900572082242257
"chr10:5744622:G:T",0.00823997028198886
"chr10:5744667:C:G",0.000952658145625174
"chr10:5744671:C:T",0.00153447554161745
"chr10:5744753:C:T",0.00157319432092495
"chr10:5744772:G:T",0.000878515247460632
"chr10:5745267:A:G",0.00218080877887261
"chr10:5745305:G:T",0.00104825592490942
"chr10:5745342:A:G",0.000905404477298144
"chr10:5745937:A:C",0.0015641409194701
"chr10:5746645:C:G",0.00122041188810396
"chr10:5748457:C:T",0.000877254196953392
"chr10:5749615:G:T",0.00328373451817499
"chr10:5751000:C:T",0.00156098298850615
"chr10:5751481:A:G",0.000877041811347179
"chr10:5751572:C:T",0.000877035770461609
"chr10:5752062:C:T",0.00161121651574558
"chr10:5752205:A:G",0.00117618907608263
"chr10:5752324:C:T",0.000936022718264429
"chr10:5752412:C:T",0.00165204053506174
"chr10:5752512:A:G",0.00117117221632512
"chr10:5752689:A:G",0.000877787573557054
"chr10:5753060:A:C",0.00160499560603666
"chr10:5753450:C:T",0.00156684638961146
"chr10:5753611:C:T",0.0015720070131624
"chr10:5753612:A:G",0.000887316531564153
"chr10:5755348:A:G",0.000987489206634051
"chr10:5756132:C:T",0.000878587377531326
"chr10:5756135:C:T",0.000882216856441964
"chr10:5756767:G:T",0.000967705146842301
"chr10:5757181:A:G",0.00101431612920078
"chr10:5757323:A:T",0.00089845729300253
"chr10:5757650:A:G",0.000877245150532335
"chr10:5759269:G:T",0.00114603449689066
"chr10:5759409:A:G",0.00149568071887651
"chr10:5760102:A:G",0.00098061410672079
"chr10:5760275:A:G",0.000878587377531326
"chr10:5761405:A:G",0.000878587377531326
"chr10:5761726:C:T",0.000960681199128843
"chr10:5761757:C:G",0.00101954489927081
"chr10:5761935:A:G",0.000891941798984219
"chr10:5762492:A:G",0.000879767885372806
"chr10:5762568:A:G",0.000930999787949083
"chr10:5762902:C:T",0.00103943721077104
"chr10:5763881:A:G",0.000952007248288589
"chr10:5763895:A:C",0.000879589348719678
"chr10:5764285:C:T",0.00120995202486007
"chr10:5764291:C:T",0.00103887012508852
"chr10:5764904:C:G",0.00291625581412214
"chr10:5765116:C:T",0.000880117972635097
"chr10:5765216:C:T",0.000912760103782495
"chr10:5765558:C:T",0.000905267007062283
"chr10:5765645:A:G",0.000893792372307023
"chr10:5766123:A:G",0.000878298689484858
"chr10:5766935:C:T",0.000879560757600428
"chr10:5768495:A:C",0.00108881843086295
"chr10:5768934:A:G",0.000878936095440985
"chr10:5769991:C:T",0.000922902710524309
"chr10:5770737:A:G",0.00090806323252024
"chr10:5770879:C:T",0.00158662076943739
"chr10:5771398:A:G",0.000970322393359702
"chr10:5771510:C:T",0.000877192803584004
"chr10:5771511:A:G",0.000877033876817701
"chr10:5771635:C:T",0.00532299125897873
"chr10:5772005:A:G",0.000973817797078835
"chr10:5772287:A:G",0.00218690395480337
"chr10:5772631:C:T",0.000879094970986927
"chr10:5773293:C:G",0.00319049209360445
"chr10:5774788:A:C",0.000967092257029734
"chr10:5775664:A:T",0.000877796960515376
"chr10:5775715:C:G",0.00185236998554394
"chr10:5775909:G:T",0.00185398268376147
"chr10:5776305:C:T",0.000931043914886964
"chr10:5776308:C:G",0.00137787318751492
"chr10:5777238:C:T",0.0009434797646235
"chr10:5777396:C:T",0.00102835360193876
"chr10:5777727:C:T",0.00100690957208949
"chr10:5778416:C:T",0.000992319118550689
"chr10:5778431:C:T",0.000984528092196513
"chr10:5778432:A:G",0.00238656755503253
"chr10:5778778:A:C",0.001603985995136
"chr10:5778934:A:C",0.000878395874848281
"chr10:5779239:C:T",0.00101441596610219
"chr10:5779521:G:T",0.000912705085804988
"chr10:5780165:C:T",0.00101435604546507
"chr10:5780707:C:T",0.00187687774189127
"chr10:5781402:C:T",0.00101732048565417
"chr10:5781434:C:T",0.000987251060936223
"chr10:5781744:C:T",0.000993215260911895
"chr10:5781832:C:T",0.00101435397927996
"chr10:5782249:C:T",0.00162578969846694
"chr10:5782677:C:T",0.000982984367606798
"chr10:5782794:A:G",0.0008887183118238
"chr10:5783956:C:T",0.00163511433165386
"chr10:5784179:C:T",0.000885615916643268
"chr10:5785023:C:T",0.000912086788444788
"chr10:5785111:A:G",0.000883863734279844
"chr10:5785656:A:G",0.002355563415673
"chr10:5785938:C:T",0.00098523359314151
"chr10:5786156:A:C",0.00101473243491912
"chr10:5786219:A:G",0.00103310356426745
"chr10:5786437:A:G",0.000991621602602799
"chr10:5786848:C:G",0.00103342451361466
"chr10:5787351:A:C",0.000956875267679735
"chr10:5788526:C:G",0.00171648651074352
"chr10:5788527:C:T",0.00094935996319534
"chr10:5788953:C:G",0.00107017685518429
"chr10:5789120:C:T",0.00218749872309965
"chr10:5789166:C:T",0.000975940245347862
"chr10:5789175:A:G",0.00097174212718576
"chr10:5789395:C:T",0.00101630221106874
"chr10:5789398:A:C",0.0011644834807063
"chr10:5789677:C:T",0.00101644527049605
"chr10:5789762:A:T",0.000977400443279985
"chr10:5790242:C:T",0.000886560199572339
"chr10:5791425:C:G",0.0010357246433339
"chr10:5791785:A:G",0.000899839713716877
"chr10:5792773:A:C",0.000912904961522187
"chr10:5793091:C:T",0.00157365148931476
"chr10:5793130:C:G",0.000879430877818277
"chr10:5793283:A:C",0.000988185891711901
"chr10:5793787:A:G",0.00791818397198218
"chr10:5795075:C:T",0.000911380628898506
"chr10:5795323:C:T",0.000896679872146589
"chr10:5795357:A:G",0.000964758210374006
"chr10:5795708:C:T",0.000904816551392629
"chr10:5796178:C:T",0.000965161828023309
"chr10:5796273:C:G",0.00127455464657411
"chr10:5796312:G:T",0.00205553970857408
"chr10:5796917:C:T",0.00196679851894865
"chr10:5797421:C:T",0.000972720555919793
"chr10:5797949:A:C",0.000971477330040105
"chr10:5798153:C:G",0.00103189802073089
"chr10:5798555:A:C",0.000967020242833017
"chr10:5798652:G:T",0.00097932665959588
"chr10:5798715:C:T",0.00099659270351149
"chr10:5798726:C:G",0.00133121060680919
"chr10:5798817:C:T",0.000950494475555397
"chr10:5799222:C:T",0.000877681911292783
"chr10:5799259:C:T",0.000877126865712952
"chr10:5799481:A:G",0.0016460476169553
"chr10:5800546:A:G",0.00176550655695573
"chr10:5800956:A:T",0.00102408997032788
"chr10:5801727:C:T",0.00170342258177913
"chr10:5802166:A:C",0.00159050846763054
"chr10:5802427:A:C",0.00113193876627371
"chr10:5802429:C:T",0.000968413335930562
"chr10:5802665:C:T",0.00100157508366217
"chr10:5803098:A:G",0.000877802706164998
"chr10:5804010:A:G",0.00154044767229899
"chr10:5804189:A:G",0.00169600723895591
"chr10:5804221:A:G",0.00111296285940909
"chr10:5804729:C:T",0.00227480465923446
"chr10:5805534:A:C",0.00114347315985575
"chr10:5805966:A:G",0.00117883831854093
"chr10:5806875:C:T",0.000898795573765154
"chr10:5807914:C:G",0.00116791840520059
"chr10:5807954:C:G",0.000902836115642014
"chr10:5808505:C:T",0.00118404447784282
"chr10:5808536:C:T",0.00165367340081179
"chr10:5809186:A:G",0.00116761580494784
"chr10:5810209:C:T",0.000877466722718823
"chr10:5810267:C:T",0.00100776079424969
"chr10:5810608:G:T",0.000957665873046243
"chr10:5811388:C:T",0.00252358203175984
"chr10:5811804:C:T",0.000973630368653833
"chr10:5811854:C:G",0.000982860185894885
"chr10:5812430:C:T",0.00099763203961567
"chr10:5812992:A:C",0.00100599537121582
"chr10:5813205:A:G",0.00100589029492681
"chr10:5813262:A:G",0.000923658619121914
"chr10:5813857:A:G",0.00100552610625038
"chr10:5815021:A:G",0.00150776293436183
"chr10:5815038:C:T",0.000926305102216807
"chr10:5815516:G:T",0.00146213274525453
"chr10:5815822:A:G",0.00208767042569225
"chr10:5816047:A:G",0.00177567634072406
"chr10:5817215:G:T",0.000908056775010158
"chr10:5818295:A:T",0.00119458823746155
"chr10:5818319:A:T",0.00101918811092705
"chr10:5819042:A:G",0.00107384930414611
"chr10:5819116:A:G",0.000932684785787563
"chr10:5819379:A:G",0.00184525555032566
"chr10:5820389:A:T",0.00654009154704205
"chr10:5820770:A:G",0.000909068490940523
"chr10:5821131:C:T",0.00109867655071016
"chr10:5821355:A:G",0.00195467538214278
"chr10:5822537:A:C",0.00113125602877695
"chr10:5823163:A:C",0.000924394675923756
"chr10:5823181:A:G",0.0013281617387626
"chr10:5823294:C:T",0.00108036734051353
"chr10:5823307:A:T",0.000886792950718696
"chr10:5823509:C:T",0.00107200588022005
"chr10:5823849:A:G",0.00093838015794645
"chr10:5824225:A:G",0.00102165643071572
"chr10:5824755:A:G",0.00138768448034654
"chr10:5826398:C:T",0.000961570579927074
"chr10:5826513:C:T",0.000930727097292028
"chr10:5826594:C:T",0.00103557820249167
"chr10:5827804:C:T",0.001121315027791
"chr10:5827821:A:T",0.00109679457057454
"chr10:5827876:C:T",0.00126927437239066
"chr10:5828304:G:T",0.0010125181673204
"chr10:5828348:A:G",0.00133187568043724
"chr10:5828452:A:G",0.00146831647433476
"chr10:5828879:A:G",0.00140640687322513
"chr10:5830038:C:T",0.00131556218458861
"chr10:5831303:A:G",0.00327228419521863
"chr10:5831733:A:G",0.00140612654813788
"chr10:5832034:C:T",0.00140937770696103
"chr10:5832324:C:T",0.00101528767750603
"chr10:5832744:G:T",0.0131118987577662
"chr10:5834643:C:T",0.000904681658735695
"chr10:5837249:A:C",0.00101806443035402
"chr10:5838038:C:T",0.00101945426300898
"chr10:5838139:C:T",0.00101948259620055
"chr10:5838910:C:T",0.000969356551442591
"chr10:5839619:C:T",0.00104374855302269
"chr10:5839925:G:T",0.000974890688720143
"chr10:5841202:A:G",0.000971666764958079
"chr10:5841982:A:C",0.00128411648357996
"chr10:5842515:A:G",0.00104986068539248
"chr10:5843351:G:T",0.00423893896642014
"chr10:5844186:C:T",0.00163848226551122
"chr10:5844418:C:T",0.00165476262303144
"chr10:5844658:C:T",0.00183049728663198
"chr10:5844771:C:T",0.00159678705803779
"chr10:5844936:A:G",0.000894021761318808
"chr10:5844999:A:G",0.00161205995991986
"chr10:5845207:A:G",0.00144264100778957
"chr10:5845220:A:G",0.00162512094457035
"chr10:5845904:C:T",0.00116028427764936
"chr10:5846095:C:T",0.00202875449377915
"chr10:5846103:G:T",0.00201916750808262
"chr10:5846127:G:T",0.00160252171248509
"chr10:5846178:C:T",0.00151759401372376
"chr10:5846350:C:T",0.00116630764653691
"chr10:5846374:C:T",0.0018021564933739
"chr10:5846464:C:G",0.00160708715310498
"chr10:5846913:C:T",0.00164992279220921
"chr10:5846942:C:T",0.00165015953234293
"chr10:5846998:A:T",0.0016027928513489
"chr10:5847075:A:C",0.00158206424880869
"chr10:5847123:C:T",0.00156210216944797
"chr10:5847463:C:T",0.00149471119138433
"chr10:5847490:A:C",0.00122696029287117
"chr10:5849670:C:T",0.000897363604537404
"chr10:5849671:C:T",0.000897363604537404
"chr10:5851046:C:T",0.00157811879403758
"chr10:5851160:A:G",0.00157101801488324
"chr10:5851305:A:C",0.00162049906086492
"chr10:5851439:C:T",0.00158827484121804
"chr10:5851593:C:G",0.00179743744730654
"chr10:5851623:G:T",0.0011229314005472
"chr10:5851641:A:G",0.00155041403133294
"chr10:5852127:C:T",0.00156520807383753
"chr10:5852177:A:G",0.00163158003558073
"chr10:5852199:A:G",0.00164334041257252
"chr10:5852217:A:C",0.00159205798378736
"chr10:5852537:A:G",0.00163944215013878
"chr10:5852687:C:T",0.00139304361700343
"chr10:5852751:A:G",0.00101531644121711
"chr10:5852976:A:G",0.00165866302453765
"chr10:5853138:C:T",0.00159412205831444
"chr10:5853291:A:G",0.00156599967009097
"chr10:5853398:A:G",0.00159841315728781
"chr10:5853670:A:G",0.00101785870789139
"chr10:5853792:G:T",0.00159489075986374
"chr10:5853960:A:T",0.00156957740215125
"chr10:5854079:C:T",0.00167140847742209
"chr10:5854179:C:T",0.00133230327728528
"chr10:5854429:A:G",0.00156961508843745
"chr10:5854662:G:T",0.00152041883779208
"chr10:5854763:A:G",0.00156949126603645
"chr10:5854886:A:G",0.00133250358814641
"chr10:5854938:C:T",0.00162804736936539
"chr10:5855055:C:T",0.00162475922482264
"chr10:5855155:G:T",0.00148581762346922
"chr10:5855943:C:T",0.00160749263149107
"chr10:5855981:A:G",0.00161190530485478
"chr10:5856023:C:T",0.00174164571310154
"chr10:5856024:A:G",0.00101725652839857
"chr10:5856030:C:G",0.00172280824400428
"chr10:5856135:G:T",0.00153962616209424
"chr10:5856196:A:G",0.00165477960370086
"chr10:5856207:C:T",0.00162685553263886
"chr10:5856217:A:C",0.00173446384268816
"chr10:5856242:A:G",0.00166112103540916
"chr10:5856261:A:G",0.00155151372218121
"chr10:5856580:A:G",0.00155698858342734
"chr10:5856777:C:T",0.00142633297965422
"chr10:5856839:C:T",0.00149134476909829
"chr10:5856919:A:G",0.00120980373878399
"chr10:5857198:C:T",0.00208812834918715
"chr10:5857225:A:C",0.00150785689305177
"chr10:5857459:A:G",0.00144135528223122
"chr10:5857509:C:T",0.00149558744318112
"chr10:5857636:G:T",0.00164875431026379
"chr10:5857867:A:C",0.00150328743436745
"chr10:5858069:C:G",0.00152407339377603
"chr10:5858369:A:G",0.00151529200144185
"chr10:5858489:C:T",0.00100146732683404
"chr10:5858730:A:G",0.00146378162108152
"chr10:5858799:G:T",0.00147846918634587
"chr10:5858859:A:G",0.00150372978617941
"chr10:5859010:C:T",0.00150262712782478
"chr10:5859145:A:G",0.0010301094314823
"chr10:5859455:C:T",0.00306046002943972
"chr10:5859744:C:T",0.00192998688179502
"chr10:5860496:C:T",0.00101315825338788
"chr10:5861122:C:T",0.00091584842226422
"chr10:5861541:C:T",0.000919922885817548
"chr10:5861555:G:T",0.000918904266251408
"chr10:5861754:A:T",0.00143772398242448
"chr10:5861874:A:G",0.00183707182049375
"chr10:5862698:A:G",0.00101536289078341
"chr10:5862797:C:T",0.00100780428610792
"chr10:5862955:C:T",0.00152185440608399
"chr10:5863268:C:T",0.00140101313330687
"chr10:5863903:C:T",0.00101585069869159
"chr10:5864404:C:T",0.000916807680656162
"chr10:5864641:C:T",0.000998698911405915
"chr10:5866246:A:G",0.000916595174001777
"chr10:5866278:A:G",0.00515509259333224
"chr10:5866722:C:T",0.00128590265376183
"chr10:5866869:A:G",0.0010036378935786
"chr10:5868542:G:T",0.00102749025358906
"chr10:5868671:A:G",0.00156165820001208
"chr10:5868783:A:G",0.000976994501200368
"chr10:5869337:A:C",0.000877526859162536
"chr10:5870180:C:T",0.00100319519043413
"chr10:5870861:A:C",0.00168385597388832
"chr10:5871168:C:T",0.000892996872770335
"chr10:5871286:C:G",0.00104421657843679
"chr10:5871935:A:G",0.00159114720183184
"chr10:5872241:A:G",0.00096790780965228
"chr10:5872595:C:T",0.00100181442742298
"chr10:5872618:A:G",0.00102968810695614
"chr10:5872794:A:G",0.00121711429317362
"chr10:5873662:C:T",0.00103067314419014
"chr10:5873959:C:T",0.00100984296067275
"chr10:5873993:C:T",0.000882004256763103
"chr10:5874110:C:T",0.00128006841401396
"chr10:5874141:A:G",0.00100980138495421
"chr10:5874177:C:T",0.00100008469786095
"chr10:5874180:C:T",0.000995411107384325
"chr10:5874238:A:G",0.00100979180305605
"chr10:5874574:A:G",0.000977127685420243
"chr10:5874808:C:T",0.00190506632702103
"chr10:5874963:C:G",0.000883577622931009
"chr10:5875101:A:G",0.0010119932587862
"chr10:5875109:C:G",0.00399323761948112
"chr10:5875394:G:T",0.00136728874020908
"chr10:5876072:C:T",0.00100529180463893
"chr10:5876174:A:G",0.000976879482006643
"chr10:5876381:A:G",0.000967348824880143
"chr10:5876469:A:G",0.00143739764659301
"chr10:5876487:A:G",0.000985412225136373
"chr10:5876681:A:G",0.0013387375477848
"chr10:5876684:C:T",0.00190592646066279
"chr10:5876692:A:T",0.00100181903924568
"chr10:5876769:C:T",0.0010063991739947
"chr10:5877222:C:T",0.000977349980867182
"chr10:5877230:A:C",0.00100184750884424
"chr10:5877843:A:G",0.000964904543612644
"chr10:5877896:C:T",0.00100430749950886
"chr10:5877984:C:T",0.00100291194577795
"chr10:5878158:C:T",0.00099973732494596
"chr10:5878808:G:T",0.00102563699128633
"chr10:5878853:C:T",0.00100272292443992
"chr10:5878873:C:T",0.0010027104781114
"chr10:5878930:A:G",0.00117201986833204
"chr10:5879014:A:G",0.00100269469310499
"chr10:5879062:G:T",0.00179847704645764
"chr10:5879080:A:C",0.00100265993802684
"chr10:5879351:A:G",0.00173036386717196
"chr10:5879399:C:T",0.00100845259379334
"chr10:5879432:A:C",0.00101753272524274
"chr10:5879574:G:T",0.00101645674918904
"chr10:5880223:A:T",0.00101407998463643
"chr10:5880428:C:T",0.00092010243337215
"chr10:5880592:C:G",0.0010180957985888
"chr10:5880707:A:G",0.000985665789272838
"chr10:5880766:C:T",0.00121805976835854
"chr10:5880852:A:C",0.00100596316673762
"chr10:5881024:C:T",0.0010243085128685
"chr10:5881045:C:T",0.00101623634655246
"chr10:5881551:A:G",0.0010072786301627
"chr10:5882259:A:G",0.00149815083625637
"chr10:5882519:A:G",0.000998191230525025
"chr10:5882645:A:G",0.00132693301570108
"chr10:5882737:A:G",0.00100390442659704
"chr10:5882979:C:G",0.00100048855355916
"chr10:5883066:A:G",0.000878734446565277
"chr10:5883532:C:T",0.00196114387212054
"chr10:5884008:A:C",0.000881231216153355
"chr10:5884071:C:T",0.00100472696710108
"chr10:5884116:A:C",0.0016140947072073
"chr10:5884168:A:G",0.00221676017043149
"chr10:5884191:A:G",0.00200015617954752
"chr10:5884253:A:G",0.00137812658894998
"chr10:5884968:A:C",0.00187508553908566
"chr10:5885277:C:T",0.00149770030047247
"chr10:5885326:A:G",0.00153970460722908
"chr10:5885381:A:G",0.000983657876147292
"chr10:5885440:C:G",0.000957358424762744
"chr10:5885461:C:T",0.00145803957902391
"chr10:5885488:C:T",0.00180549193779767
"chr10:5887077:A:G",0.00144966915720579
"chr10:5887631:A:G",0.00148471406259432
"chr10:5887999:C:G",0.00101379284589109
"chr10:5888549:G:T",0.0014782123581335
"chr10:5888800:A:C",0.00103213509006417
"chr10:5888997:C:T",0.00153808744147355
"chr10:5889267:C:T",0.00101378762418503
"chr10:5890224:A:C",0.00106965676706994
"chr10:5890431:G:T",0.00104000064762966
"chr10:5890512:C:T",0.00102640545905963
"chr10:5890980:A:G",0.0010060454069708
"chr10:5891187:A:G",0.00101094074337427
"chr10:5891373:A:G",0.00173977991894003
"chr10:5891713:A:G",0.000885710424408659
"chr10:5891804:G:T",0.00102658476846762
"chr10:5892187:A:T",0.00111807129562946
"chr10:5892654:A:G",0.00102261063580544
"chr10:5893304:C:T",0.000983343285002269
"chr10:5893570:C:T",0.000999130141075888
"chr10:5893631:A:G",0.00101210844456889
"chr10:5893749:A:G",0.00189686564115765
"chr10:5894462:C:G",0.00120923383405125
"chr10:5895294:A:G",0.00100451287201764
"chr10:5895560:A:G",0.00139320349412231
"chr10:5895871:C:T",0.00123209550775549
"chr10:5896581:G:T",0.000973437105442621
"chr10:5897096:A:G",0.000899487056461035
"chr10:5897273:C:T",0.00101626321709969
"chr10:5897865:A:G",0.00108294472080062
"chr10:5898284:A:G",0.00168814823101515
"chr10:5898755:A:C",0.00170807766156145
"chr10:5898775:A:G",0.00180767300665008
"chr10:5899167:C:T",0.00109667549593906
"chr10:5899329:A:G",0.000984410468597652
"chr10:5899990:A:G",0.00147192158207465
"chr10:5901120:A:G",0.00100304621760838
"chr10:5901377:C:T",0.000943083932496758
"chr10:5901429:A:G",0.00107341766519442
"chr10:5901787:C:T",0.00100279554702132
"chr10:5902059:A:G",0.00177240695454761
"chr10:5902270:C:T",0.00108674322009294
"chr10:5902307:C:T",0.00174489845566417
"chr10:5902452:A:C",0.00098587509711634
"chr10:5902470:A:G",0.000937469930628487
"chr10:5902480:A:G",0.000987792935453702
"chr10:5902547:A:G",0.000916245449158026
"chr10:5902893:C:T",0.000900070468207503
"chr10:5902919:A:G",0.000933498495976459
"chr10:5903709:G:T",0.000907692613928757
"chr10:5903796:A:G",0.000987128427895279
"chr10:5903836:A:G",0.000987049583584754
"chr10:5904511:C:G",0.000928421783251698
"chr10:5904680:A:G",0.00105592448823644
"chr10:5905597:A:C",0.00099769549731954
"chr10:5905802:C:T",0.000905741882931688
"chr10:5906675:C:T",0.00110448522056561
"chr10:5906694:C:T",0.000996616671654071
"chr10:5907266:A:G",0.00088674489665963
"chr10:5907566:C:G",0.00150930904200286
"chr10:5907662:G:T",0.00115555209931828
"chr10:5908188:C:T",0.00100007589386519
"chr10:5908245:C:T",0.000985544085622458
"chr10:5908272:A:G",0.000945622293912485
"chr10:5908752:A:G",0.000933492839381489
"chr10:5908808:A:G",0.000886054969442829
"chr10:5909062:C:T",0.00143291623166386
"chr10:5909600:A:G",0.00142915570087676
"chr10:5909642:G:T",0.000915916886229606
"chr10:5909858:C:G",0.000903321572247706
"chr10:5910237:A:G",0.000946220512942575
"chr10:5910586:A:G",0.00096252464852653
"chr10:5910670:A:G",0.0010318989089344
"chr10:5910776:C:T",0.00158974455236882
"chr10:5910891:C:T",0.0011284951166507
"chr10:5911185:A:G",0.000988846109240549
"chr10:5911946:A:G",0.00100010748736923
"chr10:5912037:A:G",0.000994782481567147
"chr10:5912289:A:G",0.00101113673797626
"chr10:5913075:C:G",0.000960198326145467
"chr10:5913125:C:T",0.000945753224461554
"chr10:5913407:C:G",0.00114860206281664
"chr10:5915307:C:T",0.00116127767920804
"chr10:5915338:C:T",0.000962679489240115
"chr10:5915389:C:T",0.00194045906888385
"chr10:5915639:C:T",0.00193366817416607
"chr10:5916019:A:G",0.00185062041483186
"chr10:5916109:A:G",0.00145479833779105
"chr10:5917639:C:T",0.000877139963839424
"chr10:5918246:C:T",0.00108547319300212
"chr10:5918264:A:G",0.000996591515479595
"chr10:5918536:A:G",0.000877034839061319
"chr10:5918667:A:G",0.000909880722199663
"chr10:5918841:C:T",0.00208534546181083
"chr10:5919135:A:C",0.000934031613443853
"chr10:5919438:A:G",0.00122465189683807
"chr10:5919811:A:T",0.000939287952703038
"chr10:5920298:C:T",0.00103280911570325
"chr10:5920498:C:T",0.000930636978558108
"chr10:5920672:A:C",0.00143436194193347
"chr10:5920764:C:T",0.0010726565672099
"chr10:5920927:A:G",0.00106834140944656
"chr10:5921211:C:T",0.00211669875540654
"chr10:5921729:C:T",0.00102584269785455
"chr10:5921917:A:G",0.000936785085508762
"chr10:5922577:C:G",0.00102973578182941
"chr10:5922763:A:G",0.000877055767939061
"chr10:5923043:C:T",0.00204296533645887
"chr10:5923460:A:G",0.00105051567980574
"chr10:5923732:C:T",0.000945750199366491
"chr10:5923757:A:G",0.000916092406146429
"chr10:5924227:A:G",0.00135917149757503
"chr10:5924229:A:G",0.000937300363453741
"chr10:5924843:A:G",0.00210959603450855
"chr10:5924891:A:G",0.0012974647332058
"chr10:5925043:C:T",0.000889851443119483
"chr10:5925169:C:T",0.00119484288870053
"chr10:5925195:C:T",0.00147579354926797
"chr10:5925213:C:T",0.00107648063896615
"chr10:5925214:A:G",0.00103697576231554
"chr10:5925943:G:T",0.000891057165603781
"chr10:5926008:C:T",0.00106042608867696
"chr10:5926098:A:C",0.000927118736985699
"chr10:5926270:A:C",0.00210691186130363
"chr10:5926571:C:T",0.00167962693951507
"chr10:5926931:C:T",0.00102350814743879
"chr10:5927126:A:G",0.00102380105376254
"chr10:5927252:C:G",0.00112838238676072
"chr10:5927807:C:T",0.00094062318490773
"chr10:5928062:A:G",0.00103308166874283
"chr10:5928212:A:T",0.00127215747312037
"chr10:5928365:G:T",0.000888779035623122
"chr10:5929151:A:G",0.00205478134661452
"chr10:5929286:A:T",0.000989969047135442
"chr10:5929489:A:G",0.00105148213668294
"chr10:5929754:C:T",0.00210602344767308
"chr10:5930167:A:G",0.00135922591096138
"chr10:5930205:A:C",0.000948123225286701
"chr10:5930225:C:G",0.00136301666549798
"chr10:5930402:A:G",0.00135957325551128
"chr10:5930619:C:T",0.000964785918630695
"chr10:5930712:A:C",0.00093004534360186
"chr10:5930922:G:T",0.000936551203146063
"chr10:5931387:C:T",0.00133936384592226
"chr10:5932171:A:G",0.000976142351027498
"chr10:5932341:A:G",0.0010334116459898
"chr10:5932776:A:G",0.0009877896943703
"chr10:5933114:A:G",0.0019040864499883
"chr10:5933530:C:G",0.000946737394853181
"chr10:5933782:A:G",0.00217834423837449
"chr10:5933835:A:G",0.00102573045482979
"chr10:5934470:C:T",0.00122446140177401
"chr10:5934755:C:T",0.00103776938767619
"chr10:5935139:A:T",0.00213699261323697
"chr10:5935312:C:T",0.00105520557876559
"chr10:5935721:C:T",0.0010241508913551
"chr10:5935796:A:G",0.000961171856635468
"chr10:5935972:C:T",0.00093832786328496
"chr10:5936206:A:G",0.00103255825537296
"chr10:5936309:C:G",0.00103180312151585
"chr10:5936448:C:T",0.000955369806110995
"chr10:5936666:A:G",0.00104499796713886
"chr10:5936723:C:T",0.0011921498908275
"chr10:5936832:A:G",0.000946229080423633
"chr10:5937154:C:T",0.000964385403782853
"chr10:5937506:C:T",0.000894690379290131
"chr10:5938124:C:G",0.00100250135127433
"chr10:5938466:C:T",0.00167522992023084
"chr10:5938787:A:G",0.000886392162292582
"chr10:5939180:C:T",0.000878342384387665
"chr10:5939381:C:T",0.000895511857042175
"chr10:5940194:C:T",0.00518052168223715
"chr10:5940834:A:G",0.00089263052672961
"chr10:5940958:A:G",0.00103246380618793
"chr10:5941154:G:T",0.000877035388820224
"chr10:5941799:C:T",0.00092406392368205
"chr10:5942236:G:T",0.000939805422209394
"chr10:5942307:C:T",0.000971526412299029
"chr10:5942647:A:G",0.000877826795818382
"chr10:5943028:A:G",0.000877818950313136
"chr10:5943405:A:T",0.000886669955561303
"chr10:5943662:A:C",0.000911850189920238
"chr10:5945881:C:T",0.0010637666294343
"chr10:5945964:C:G",0.000880015101067055
"chr10:5945988:A:C",0.000881001094758749
"chr10:5945990:A:G",0.0264281144811499
"chr10:5946108:A:G",0.00170610473129196
"chr10:5946231:C:T",0.000888226955770954
"chr10:5946412:A:G",0.00100752953928274
"chr10:5946464:A:G",0.00103376502179986
"chr10:5946786:C:G",0.000878996641543006
"chr10:5946945:C:T",0.000882002764401091
"chr10:5946980:G:T",0.000893697458177356
"chr10:5946981:C:G",0.000880719935026808
"chr10:5947539:A:T",0.000882504641867787
"chr10:5947855:C:T",0.000877045060057591
"chr10:5947991:C:G",0.000881275921045255
"chr10:5948302:A:G",0.00100184305946072
"chr10:5948303:A:G",0.00101113328922287
"chr10:5948409:A:G",0.00100410936171547
"chr10:5948431:C:T",0.00100415618616601
"chr10:5948662:A:G",0.00181644022650018
"chr10:5948670:C:T",0.00100594787699071
"chr10:5948712:C:T",0.000877054799487964
"chr10:5948717:A:G",0.00159834173369233
"chr10:5948814:C:T",0.000956505534885688
"chr10:5948864:A:G",0.00102976758213269
"chr10:5949072:C:T",0.00097711918922061
"chr10:5949381:C:T",0.00088095992087267
"chr10:5949433:A:G",0.000962037156010065
"chr10:5949479:C:G",0.000884108413580442
"chr10:5949525:C:G",0.00098184023572867
"chr10:5949606:A:G",0.003093792793043
"chr10:5949771:A:G",0.000962816507622977
"chr10:5949825:C:G",0.00095570348311802
"chr10:5949851:C:T",0.000962994475333101
"chr10:5949878:C:T",0.00088251546180862
"chr10:5950156:C:T",0.00154220690998819
"chr10:5950340:G:T",0.00100536190286316
"chr10:5950581:A:G",0.00175895655503999
"chr10:5950672:A:G",0.000893624928842041
"chr10:5950678:C:T",0.000988203793050868
"chr10:5950829:A:G",0.00108003281273739
"chr10:5950873:C:T",0.00264693814411932
"chr10:5950890:C:G",0.00187707024654782
"chr10:5950936:A:G",0.00102660275371191
"chr10:5951121:A:G",0.0012667587044709
"chr10:5951269:A:G",0.000881001083795852
"chr10:5951377:A:G",0.0010266281529494
"chr10:5951533:A:T",0.000877239356041781
"chr10:5951787:C:T",0.00159992667992337
"chr10:5952731:A:C",0.00153191147762355
"chr10:5952878:C:T",0.000878088677177424
"chr10:5953089:C:T",0.00321481177558158
"chr10:5953495:A:G",0.00105198739418499
"chr10:5953529:G:T",0.00104982209887727
"chr10:5954198:G:T",0.00174926399402564
"chr10:5954404:C:T",0.00105167899688396
"chr10:5954624:A:G",0.00108166586029912
"chr10:5954656:C:T",0.00263934541428379
"chr10:5954788:C:G",0.000878178585471567
"chr10:5954797:A:G",0.00104242061425652
"chr10:5954894:A:G",0.000880203284137848
"chr10:5955778:C:T",0.00101107345056251
"chr10:5955806:A:T",0.000886698085454496
"chr10:5955857:C:T",0.0024561521198303
"chr10:5956304:C:T",0.00113542883033391
"chr10:5956307:A:G",0.00117378568012738
"chr10:5956322:A:G",0.00246800029959438
"chr10:5956696:C:T",0.00249629566395704
"chr10:5956733:C:T",0.00169272109835927
"chr10:5957481:A:G",0.00197068008452839
"chr10:5957493:A:C",0.000880103927688336
"chr10:5957507:C:G",0.00087703345888035
"chr10:5957517:G:T",0.00201940288631786
"chr10:5957534:A:G",0.00161480945397718
"chr10:5957624:A:C",0.00129858460491805
"chr10:5957625:A:C",0.00102614863558792
"chr10:5957651:A:G",0.000878468673733646
"chr10:5957655:C:G",0.00182137524531134
"chr10:5957677:C:T",0.00204124879504386
"chr10:5958296:C:T",0.000880300056320116
"chr10:5958446:C:T",0.00202420099524803
"chr10:5958868:A:G",0.000890168875455122
"chr10:5959053:A:G",0.00124231288316345
"chr10:5959176:C:T",0.00674013857829481
"chr10:5959422:A:G",0.00123679782533448
"chr10:5959429:C:G",0.00683291253927032
"chr10:5959446:A:G",0.00114591924655638
"chr10:5959479:A:G",0.0008783479846598
"chr10:5959520:A:G",0.00101603935580385
"chr10:5959710:A:G",0.000960627188160035
"chr10:5959733:C:T",0.00186324510491465
"chr10:5960051:G:T",0.000920844847740687
"chr10:5960405:G:T",0.00203848230240145
"chr10:5960734:A:G",0.000877044109446889
"chr10:5960907:C:T",0.000881816691016613
"chr10:5961190:C:T",0.000878034944944761
"chr10:5961753:A:G",0.00110049889263331
"chr10:5961809:C:G",0.00106098013680711
"chr10:5963205:C:T",0.000925609101115943
"chr10:5963711:A:G",0.00125052290848682
"chr10:5965454:C:T",0.00193433348493033
"chr10:5965586:A:T",0.000892822531994741
"chr10:5965965:C:T",0.000908927754465938
"chr10:5966067:C:T",0.00193716630406982
"chr10:5966209:C:T",0.00139453350627983
"chr10:5966650:C:T",0.00130549288798842
"chr10:5966823:C:T",0.00356140456593157
"chr10:5966859:C:T",0.000891763759633291
"chr10:5966995:C:T",0.00108207837688434
"chr10:5967063:C:T",0.0019737618791823
"chr10:5967163:C:T",0.00194321188551128
"chr10:5967177:C:T",0.005394252262652
"chr10:5967499:G:T",0.00129938093718918
"chr10:5968146:C:T",0.00144637034836426
"chr10:5968264:A:G",0.00113320308073772
"chr10:5968664:A:T",0.00091562624062469
"chr10:5968901:A:G",0.00207472653441976
"chr10:5969453:A:G",0.000903443591096509
"chr10:5969602:C:T",0.00116482544439878
"chr10:5970024:A:G",0.000974952241855953
"chr10:5970159:C:T",0.00117163142994325
"chr10:5970338:C:T",0.00303381664065872
"chr10:5970427:C:T",0.000901175770743334
"chr10:5970581:A:C",0.00110128030844492
"chr10:5971342:A:T",0.00115784108014039
"chr10:5972240:A:T",0.00141070712124736
"chr10:5972309:C:G",0.00140969990352691
"chr10:5973021:A:G",0.000878076535700045
"chr10:5973094:A:G",0.000912039874776394
"chr10:5973156:A:G",0.00115124452986382
"chr10:5973234:C:T",0.00111485742209072
"chr10:5973632:C:G",0.00096052420439996
"chr10:5974057:G:T",0.00101740540832607
"chr10:5974248:C:T",0.00114824552602255
"chr10:5974436:A:C",0.00112827384547487
"chr10:5974657:C:T",0.00112753823107015
"chr10:5974929:A:G",0.00112563929383036
"chr10:5975713:A:G",0.00277918982764158
"chr10:5975850:A:G",0.00121305390279414
"chr10:5975875:A:G",0.000877517755959012
"chr10:5976262:C:T",0.00087749409473592
"chr10:5976285:A:G",0.00230505704260864
"chr10:5976631:C:T",0.00103027489431018
"chr10:5976917:C:T",0.000896577818018773
"chr10:5977007:A:G",0.000951873155264349
"chr10:5977052:C:G",0.0010386119891449
"chr10:5977217:A:G",0.000883576478835968
"chr10:5977285:C:T",0.000974881577057163
"chr10:5977316:C:G",0.000949247669297826
"chr10:5977992:C:G",0.00276939737669168
"chr10:5978057:A:G",0.000892137278960647
"chr10:5978138:C:G",0.000966265051855264
"chr10:5978786:C:T",0.000999320561131944
"chr10:5979584:A:G",0.000994302923512325
"chr10:5980181:C:T",0.000911436731319548
"chr10:5980599:C:T",0.000915442481851159
"chr10:5980832:A:G",0.000885253497279859
"chr10:5981503:C:T",0.00104195175327748
"chr10:5981585:C:T",0.00105340624006167
"chr10:5982350:C:T",0.000887699008505272
"chr10:5982368:C:T",0.00156287317566839
"chr10:5982468:C:T",0.000983195011993399
"chr10:5983100:C:T",0.00103033085643345
"chr10:5983915:A:G",0.00100576662895469
"chr10:5984532:G:T",0.00117307651846743
"chr10:5985339:A:G",0.00111946249233352
"chr10:5985513:A:G",0.00109102649421444
"chr10:5985758:C:T",0.00197454909866335
"chr10:5985784:G:T",0.00111509194854587
"chr10:5985828:A:G",0.000931717158622947
"chr10:5986090:C:T",0.000903648359218412
"chr10:5986339:C:T",0.00233474241949727
"chr10:5986477:C:G",0.00091980139981962
"chr10:5986528:A:G",0.00087921510184974
"chr10:5988729:A:G",0.00114143884715001
"chr10:5988786:A:G",0.000891388093943291
"chr10:5989809:A:G",0.0017002998564577
"chr10:5989857:A:G",0.000878198108636763
"chr10:5989917:C:T",0.000986627895736336
"chr10:5990954:A:G",0.000915643543408673
"chr10:5991086:G:T",0.00256459670038234
"chr10:5991338:G:T",0.000941289943589441
"chr10:5991424:C:G",0.000962148885000791
"chr10:5991452:A:G",0.000906859377724611
"chr10:5991883:C:G",0.0015230713275739
"chr10:5992028:A:G",0.000880486693955462
"chr10:5993186:C:T",0.0022081189324511
"chr10:5993328:A:G",0.000944298589631076
"chr10:5993494:A:G",0.000895089029715246
"chr10:5993712:A:G",0.000958489195894585
"chr10:5993956:A:G",0.000976930280797594
"chr10:5994116:C:G",0.00115240479500789
"chr10:5994181:C:T",0.00102215237161141
"chr10:5994494:A:G",0.00112084700738257
"chr10:5994872:A:G",0.000880577005171412
"chr10:5995025:A:G",0.000880426637746234
"chr10:5995128:A:G",0.000880242232641604
"chr10:5995590:A:G",0.000970109424154764
"chr10:5995641:C:T",0.00199067157267774
"chr10:5995736:A:T",0.000990178268898356
"chr10:5995763:C:T",0.00231107428465316
"chr10:5995971:C:G",0.00116318237856028
"chr10:5995976:C:T",0.000977113943161911
"chr10:5996254:C:G",0.000956835865508543
"chr10:5996515:A:C",0.000915754413693182
"chr10:5996788:C:T",0.000986834474780984
"chr10:5996853:C:G",0.00124619742325038
"chr10:5996890:C:G",0.00139435298640234
"chr10:5997095:A:G",0.00088146108607845
"chr10:5997408:C:T",0.000976906185190418
"chr10:5998065:A:C",0.0008817062261256
"chr10:5998631:A:G",0.000973366750711802
"chr10:5999806:A:G",0.00125850328366639
"chr10:5999891:C:T",0.000970148891858313
"chr10:5999910:C:T",0.00089611247167376
"chr10:5999960:C:T",0.000895378355772691
"chr10:6000071:C:T",0.00184727645346305
"chr10:6000509:A:G",0.00153533878521273
"chr10:6000825:A:C",0.00115735062627154
"chr10:6000838:C:T",0.00118245152678231
"chr10:6001515:A:C",0.000947134516131931
"chr10:6001571:A:G",0.00267494229610887
"chr10:6002625:C:T",0.000904384347107268
"chr10:6002646:A:G",0.00159525302136887
"chr10:6003414:C:T",0.000893014237389078
"chr10:6003415:A:G",0.000888454397767524
"chr10:6003417:A:C",0.00229096254204264
"chr10:6003593:C:G",0.000905480999756514
"chr10:6003656:C:T",0.00111933554378141
"chr10:6004613:G:T",0.000940622141338943
"chr10:6004992:C:T",0.00141738598619368
"chr10:6005909:C:G",0.00112822652742861
"chr10:6005981:A:T",0.00100377742608104
"chr10:6006094:G:T",0.00125189320124808
"chr10:6006097:G:T",0.000929299869426026
"chr10:6006149:A:G",0.00112172516238285
"chr10:6006172:C:T",0.00115057189204981
"chr10:6006937:C:T",0.00113419850724628
"chr10:6007350:C:T",0.00135825158621639
"chr10:6007381:C:T",0.000939704727470181
"chr10:6007454:C:T",0.000927412848443776
"chr10:6007834:C:T",0.00100915211241404
"chr10:6008154:A:G",0.0018403691486365
"chr10:6008329:A:G",0.000881560027935824
"chr10:6008929:C:T",0.00217102943686998
"chr10:6008970:A:G",0.00161627731951797
"chr10:6009144:C:T",0.00156951642787406
"chr10:6009778:A:G",0.000997266878144165
"chr10:6010209:A:G",0.000877066784816805
"chr10:6010610:C:T",0.000891302095086699
"chr10:6010681:A:C",0.00113794670618317
"chr10:6010878:A:C",0.00207383437708109
"chr10:6010992:C:G",0.00156128294905178
"chr10:6011170:A:G",0.0015377256370871
"chr10:6011323:A:G",0.000877086902563162
"chr10:6011411:A:G",0.00191278392438576
"chr10:6011605:C:T",0.00170321740787105
"chr10:6011903:C:T",0.00183791912725861
"chr10:6012195:C:T",0.00148043038766477
"chr10:6012802:C:T",0.00091201541602659
"chr10:6012988:C:T",0.00238910996728103
"chr10:6013079:C:T",0.00116947798518241
"chr10:6013113:C:T",0.000918692159381562
"chr10:6013161:C:G",0.00135923604690846
"chr10:6013187:C:T",0.00147209937181891
"chr10:6013259:A:T",0.00161785736693254
"chr10:6013326:A:G",0.0014586160185569
"chr10:6013641:C:T",0.00102026594080717
"chr10:6014331:C:T",0.000878521438214874
"chr10:6015218:C:G",0.000955699124520981
"chr10:6015268:G:T",0.000893365022473613
"chr10:6015692:C:T",0.00147046199531653
"chr10:6015769:G:T",0.00102008844514967
"chr10:6015811:A:C",0.00137352030610993
"chr10:6016182:A:G",0.000913316986492441
"chr10:6016360:A:G",0.00111556666096491
"chr10:6016429:C:G",0.000913674673299725
"chr10:6016453:C:T",0.00106725855209433
"chr10:6016457:C:G",0.00120513607798067
"chr10:6016772:C:G",0.00100257143814042
"chr10:6017512:A:G",0.000916355138075087
"chr10:6017741:A:G",0.000904062638172221
"chr10:6017935:A:C",0.00219891566652108
"chr10:6018460:A:C",0.000922200622079483
"chr10:6018470:C:T",0.00138819371809118
"chr10:6018667:C:T",0.00134745468382147
"chr10:6018668:A:G",0.00116607511201594
"chr10:6018676:A:G",0.000889669705041674
"chr10:6019003:A:C",0.00233131420034971
"chr10:6019017:A:T",0.00091624366954457
"chr10:6019164:C:T",0.000916193916004504
"chr10:6019516:A:C",0.00151272918827816
"chr10:6019536:C:T",0.00153542923052141
"chr10:6019818:C:T",0.00173378021854587
"chr10:6020145:A:G",0.00233719297463564
"chr10:6020689:A:C",0.00113072301728012
"chr10:6020785:A:G",0.000971555500253074
"chr10:6020881:G:T",0.00216748837742609
"chr10:6020950:C:T",0.000885995843570186
"chr10:6021290:A:G",0.000936527505554396
"chr10:6021356:C:T",0.00136045169078003
"chr10:6021392:A:G",0.00114371073354691
"chr10:6021545:A:G",0.00238629686428504
"chr10:6021711:C:T",0.00111272952493524
"chr10:6022186:C:T",0.000969997271374035
"chr10:6022218:C:T",0.00128817842688667
"chr10:6022599:A:G",0.0010060053021409
"chr10:6023408:A:T",0.00093809304710335
"chr10:6023648:A:G",0.0019538575921495
"chr10:6024232:A:T",0.000877459071569442
"chr10:6024237:C:G",0.000980636152389525
"chr10:6024454:A:C",0.000937757671872763
"chr10:6024499:A:G",0.0019062666097549
"chr10:6024605:A:G",0.000997872899562324
"chr10:6024653:C:T",0.00092507441095635
"chr10:6025224:C:T",0.00160631522136656
"chr10:6025340:A:C",0.000985459973753322
"chr10:6025473:C:T",0.00101559993892431
"chr10:6025725:A:G",0.000877708421582635
"chr10:6026006:C:T",0.00138643630100277
"chr10:6026459:A:G",0.00161774346940491
"chr10:6027085:A:G",0.00104567845621883
"chr10:6027275:A:G",0.00129259510441626
"chr10:6027598:A:G",0.00118601937328955
"chr10:6027890:C:T",0.000913926445686886
"chr10:6027930:C:T",0.00087949984081559
"chr10:6028170:A:G",0.00159735672118533
"chr10:6028195:C:T",0.000946844459107088
"chr10:6028310:A:C",0.000884335932278546
"chr10:6028313:A:T",0.00139593197826293
"chr10:6028576:A:C",0.00184693706557848
"chr10:6028712:A:G",0.000934864588194029
"chr10:6028868:A:G",0.00102370792947803
"chr10:6029253:C:T",0.0010207877509214
"chr10:6029321:A:C",0.000882693717522809
"chr10:6029384:C:T",0.00128154231289479
"chr10:6029416:C:T",0.00088374882203146
"chr10:6029490:C:T",0.00091204740574613
"chr10:6029582:C:T",0.00146081246022267
"chr10:6029691:C:T",0.000911824016125773
"chr10:6029845:C:T",0.00218410045058981
"chr10:6030130:C:G",0.00341645344907116
"chr10:6030330:A:C",0.000919001758757809
"chr10:6030391:C:T",0.000938363786214369
"chr10:6030464:A:G",0.000948329268481429
"chr10:6030541:A:G",0.00088402113061159
"chr10:6030797:G:T",0.00220492666205818
"chr10:6031411:A:G",0.000892160832496214
"chr10:6031425:G:T",0.0011231291061149
"chr10:6031966:A:G",0.00174748140058834
"chr10:6032119:A:G",0.000881172676215458
"chr10:6032238:A:G",0.00108450172018548
"chr10:6032478:A:G",0.000905344414730669
"chr10:6032565:C:T",0.0010934867185477
"chr10:6032671:C:T",0.00122905158624376
"chr10:6033185:C:T",0.00514778732058796
"chr10:6033248:A:G",0.00527054266976412
"chr10:6033396:C:T",0.0010548366872456
"chr10:6033523:C:T",0.00196902822761313
"chr10:6033868:G:T",0.000883199551356628
"chr10:6034035:C:T",0.00197945585804626
"chr10:6034113:A:G",0.000991756086824003
"chr10:6034821:C:T",0.00148028526467858
"chr10:6035228:C:G",0.00103923001968342
"chr10:6035365:C:T",0.000886667472360769
"chr10:6035798:A:G",0.000907564808969252
"chr10:6035833:C:T",0.00115218524178096
"chr10:6035857:A:G",0.000989359415962898
"chr10:6035882:G:T",0.000971452451658639
"chr10:6036069:A:G",0.00450281360323779
"chr10:6036116:A:C",0.00102596697888457
"chr10:6036427:A:G",0.000890618178671199
"chr10:6036576:A:G",0.00161408829042586
"chr10:6036590:A:G",0.00709187270940081
"chr10:6036833:A:G",0.00541659994792165
"chr10:6037054:C:T",0.000906613164972425
"chr10:6037072:G:T",0.00655280822177162
"chr10:6037189:A:G",0.00527041735179645
"chr10:6037381:C:T",0.00105694144659918
"chr10:6037516:A:G",0.000983189251228644
"chr10:6037686:A:G",0.000917048990454861
"chr10:6037883:A:G",0.00280832988231849
"chr10:6038391:C:T",0.000886882831199087
"chr10:6038674:A:C",0.00588015815824838
"chr10:6038749:C:T",0.000945341123609444
"chr10:6038831:C:G",0.000957476337398733
"chr10:6039077:C:T",0.00130987635907653
"chr10:6039254:A:G",0.00254795806658181
"chr10:6039267:A:C",0.000886249867695366
"chr10:6039443:A:G",0.000931081782489462
"chr10:6039499:A:G",0.00113623330922197
"chr10:6039961:A:C",0.00607830192810599
"chr10:6039972:C:T",0.000923813184129596
"chr10:6040416:A:G",0.00232381437200602
"chr10:6040433:A:C",0.00135376154383215
"chr10:6040596:A:G",0.00128419504389732
"chr10:6040990:G:T",0.00129581586783789
"chr10:6041276:A:G",0.000930487078482201
"chr10:6041329:A:G",0.000879543693777185
"chr10:6041366:C:T",0.000932509515105262
"chr10:6042062:A:G",0.000877968313793165
"chr10:6043264:A:G",0.00124024493942687
"chr10:6043349:A:G",0.000877549485894469
"chr10:6043677:A:T",0.00540299597775906
"chr10:6044130:A:C",0.000882048215624986
"chr10:6044220:C:G",0.00114928820027904
"chr10:6044248:C:T",0.00092424517693912
"chr10:6044329:G:T",0.000878063685067043
"chr10:6044422:C:T",0.00129672356990995
"chr10:6044838:C:T",0.00094102727703782
"chr10:6045063:A:C",0.000897691926921795
"chr10:6045267:C:T",0.000886206939382572
"chr10:6045332:G:T",0.000877399854159688
"chr10:6045831:A:G",0.00151207168623013
"chr10:6046736:A:G",0.00177622943798927
"chr10:6046780:A:T",0.0105896468778354
"chr10:6047379:G:T",0.00118034753765639
"chr10:6047433:A:C",0.000891297933876323
"chr10:6047608:A:G",0.00144880560611405
"chr10:6047878:G:T",0.0105322765836604
"chr10:6048359:A:T",0.000905705343422492
"chr10:6049054:A:T",0.00110096364652534
"chr10:6049177:A:G",0.00162699143536105
"chr10:6049185:C:T",0.00104046392485546
"chr10:6049318:A:T",0.00151124104427869
"chr10:6049920:G:T",0.00114495568426409
"chr10:6050092:C:T",0.000886126011912403
"chr10:6050130:C:T",0.000885939599730268
"chr10:6050247:C:T",0.000905267373987106
"chr10:6050383:G:T",0.00161920164184759
"chr10:6050481:A:G",0.000908204440458249
"chr10:6051026:C:T",0.00114041258476461
"chr10:6051550:A:C",0.00243174060006135
"chr10:6052518:A:G",0.00101097947309303
"chr10:6052734:C:T",0.00443634792102243
"chr10:6052995:C:T",0.00187497767172129
"chr10:6053447:A:T",0.0012372020756477
"chr10:6053527:C:G",0.00102528099900601
"chr10:6053614:A:G",0.000933994036814934
"chr10:6053873:A:G",0.00239314017459435
"chr10:6054195:A:C",0.00100175176164841
"chr10:6054236:G:T",0.000893451605135209
"chr10:6054497:A:G",0.00164099690877406
"chr10:6054637:A:G",0.00090550214002405
"chr10:6054704:A:G",0.00697498416332454
"chr10:6054960:A:G",0.00092660999247951
"chr10:6055202:C:T",0.000877796638084294
"chr10:6055320:C:T",0.0064056768342855
"chr10:6056214:A:G",0.00204584093211146
"chr10:6056829:C:T",0.00122962438947882
"chr10:6056861:C:T",0.0017159395048012
"chr10:6056986:C:T",0.173295274832937
"chr10:6057082:C:T",0.00210887527320325
"chr10:6057345:C:G",0.00179076594523475
"chr10:6057924:A:G",0.00211408903784205
"chr10:6058508:C:T",0.0021196131194321
"chr10:6058762:A:G",0.00103208003439204
"chr10:6059166:A:T",0.000964553034100146
"chr10:6059467:G:T",0.00340419296603944
"chr10:6059561:A:G",0.00145224174442316
"chr10:6059590:A:G",0.00185732589848897
"chr10:6059750:C:T",0.00092455910595679
"chr10:6060049:C:T",0.000895263411596625
"chr10:6060296:C:T",0.00209685587017283
"chr10:6060627:C:T",0.00179913743572602
"chr10:6060762:A:G",0.000921317287453927
"chr10:6060794:A:G",0.00110071601988948
"chr10:6061302:A:G",0.00161870596682046
"chr10:6061668:C:T",0.00341632104577649
"chr10:6061799:C:T",0.000893349746367789
"chr10:6061909:A:G",0.00210048598589285
"chr10:6063581:A:G",0.0021215363066861
"chr10:6063993:C:T",0.00101841607426412
"chr10:6064303:C:T",0.142302906320751
"chr10:6064589:C:T",0.0928677241400553
"chr10:6064646:C:T",0.00201214712497011
"chr10:6064658:C:T",0.000914531984701039
"chr10:6064675:C:T",0.0497147717833444
"chr10:6065044:G:T",0.000961939154594416
"chr10:6065102:A:G",0.00148080827237773
"chr10:6065302:C:T",0.00135347491076354
"chr10:6065542:C:G",0.0018759922561844
"chr10:6065571:A:G",0.0010747762366633
"chr10:6066377:A:G",0.276332928205311
"chr10:6066476:A:G",0.269097079676253
"chr10:6066737:C:T",0.000898873822473334
"chr10:6067119:C:T",0.000898395244436023
"chr10:6067250:C:T",0.00111098410381771
"chr10:6067486:G:T",0.00115590359886653
"chr10:6067576:C:T",0.000900551637910807
"chr10:6067713:A:G",0.0028227687389536
"chr10:6068172:A:G",0.00198744209567814
"chr10:6068217:G:T",0.00202804277805402
"chr10:6068363:C:G",0.000877100688028931
"chr10:6068571:A:G",0.00154498722208096
"chr10:6068866:C:T",0.000973081666016395
"chr10:6068912:A:C",0.00227875927168697
"chr10:6068962:A:G",0.00133444967094343
"chr10:6069112:C:T",0.00142793343166381
"chr10:6069247:A:G",0.002009620857362
"chr10:6069496:A:G",0.00225337434116857
"chr10:6069659:C:T",0.00135518192869299
"chr10:6070030:A:G",0.00276496010326421
"chr10:6070642:C:T",0.00100739196541955
"chr10:6071302:A:G",0.0013847837937212
"chr10:6071560:A:G",0.000993470264476604
"chr10:6071703:A:G",0.00199246291466837
"chr10:6072330:A:G",0.00101036944275523
"chr10:6072697:A:C",0.00249999112374821
"chr10:6072893:A:G",0.00105066568296452
"chr10:6073208:A:G",0.000996461543780969
"chr10:6073241:A:G",0.00247891540304956
"chr10:6073587:A:G",0.000909460008016949
"chr10:6073654:C:T",0.00192275756858851
"chr10:6073676:G:T",0.00694875484114699
"chr10:6073715:A:C",0.000911701796051156
"chr10:6075012:A:G",0.00243274360245027
"chr10:6075331:C:G",0.0018902505640449
"chr10:6076148:C:T",0.00224260887278449
"chr10:6076164:G:T",0.000889042853298716
"chr10:6076299:A:G",0.00136306135521769
"chr10:6076807:C:T",0.00129998549968946
"chr10:6077003:C:T",0.000891730308855032
"chr10:6077191:C:T",0.00131976539286482
"chr10:6077271:C:T",0.00213633316172013
"chr10:6077312:C:G",0.00192587681210588
"chr10:6077421:C:T",0.00164990304965251
"chr10:6077662:C:T",0.000891000804233544
"chr10:6077950:C:G",0.00176233784534652
"chr10:6078029:A:G",0.0018362501554352
"chr10:6078210:A:G",0.000891633341022602
"chr10:6078402:C:G",0.00215300143193486
"chr10:6078461:C:T",0.000897859582331129
"chr10:6079322:A:G",0.00125663931530107
"chr10:6080046:A:T",0.0012822424646558
"chr10:6080380:A:G",0.0011813273575797
"chr10:6080419:A:C",0.00642994012847553
"chr10:6080706:C:T",0.00117490294387779
"chr10:6080711:G:T",0.00125945722275134
"chr10:6080847:C:T",0.00192263005613014
"chr10:6081095:C:T",0.00192200628535111
"chr10:6081150:A:G",0.00241714057057574
"chr10:6081366:A:G",0.0021138902628034
"chr10:6081532:C:T",0.00690413357681552
"chr10:6081753:C:T",0.00552530816389052
"chr10:6082117:A:G",0.000884099409652839
"chr10:6082658:C:T",0.000984863954935689
"chr10:6082830:C:T",0.00203757175612629
"chr10:6082940:C:T",0.00196540325300854
"chr10:6083124:C:T",0.00185440501376377
"chr10:6085663:C:T",0.000894252933474338
"chr10:6085705:C:G",0.0127058077177229
"chr10:6087569:A:G",0.000928783863002769
"chr10:6087660:C:T",0.00908176796685922
"chr10:6087911:A:T",0.00144852931743489
"chr10:6088042:C:T",0.0034756891166664
"chr10:6088114:C:T",0.00220042857071023
"chr10:6088263:A:G",0.00139027627806609
"chr10:6089079:A:G",0.00109259021581398
"chr10:6089281:A:G",0.00353365708604592
"chr10:6089349:A:C",0.000939989353556991
"chr10:6089735:G:T",0.000943420406124162
"chr10:6089912:A:G",0.00100042927083133
"chr10:6089929:C:G",0.000883705144442248
"chr10:6090480:A:T",0.00533097595242049
"chr10:6090500:C:T",0.000999452734751105
"chr10:6090729:C:T",0.00158361368948745
"chr10:6090838:G:T",0.00100150679274369
"chr10:6091259:A:G",0.000997140853221778
"chr10:6091402:G:T",0.00110828587645662
"chr10:6091408:C:T",0.00473683837814842
"chr10:6092654:A:T",0.00313692766930052
"chr10:6092665:A:C",0.0010449502055998
"chr10:6092904:C:G",0.00464313372147673
"chr10:6092906:A:G",0.000909173781870054
"chr10:6093062:G:T",0.000897120599330226
"chr10:6093299:C:T",0.000900062123623036
"chr10:6093423:A:T",0.00130081855494624
"chr10:6093433:A:G",0.00111788677165381
"chr10:6093617:C:T",0.00706038121544428
"chr10:6094144:C:T",0.00187213863055113
"chr10:6094168:C:T",0.00142953033218363
"chr10:6094527:A:C",0.000982560289362167
"chr10:6094814:C:G",0.00127775204435487
"chr10:6095120:C:T",0.000983929087860824
"chr10:6096190:A:T",0.00194900026134348
"chr10:6096499:G:T",0.003014510238455
"chr10:6096624:A:T",0.000877037746795373
"chr10:6097944:A:G",0.000909015416249881
"chr10:6098639:A:G",0.00100544276472059
"chr10:6098705:A:G",0.00103614731801527
"chr10:6098733:A:G",0.00772553949433874
"chr10:6098857:A:G",0.00102131674146066
"chr10:6099915:C:T",0.00130902331351568
"chr10:6099955:A:G",0.00779891803327981
"chr10:6099979:A:G",0.00431604360869164
"chr10:6100347:C:T",0.00102115536131331
"chr10:6100513:C:T",0.00615434666154147
"chr10:6100931:A:C",0.00185173902234737
"chr10:6101215:A:T",0.00959639357733733
"chr10:6101605:A:G",0.00102232918776668
"chr10:6101656:G:T",0.00215129272250447
"chr10:6102525:C:T",0.000907127709196209
"chr10:6103671:A:T",0.0112281248404654
"chr10:6104080:A:C",0.000930774780029342
"chr10:6104299:C:T",0.000986703117945131
"chr10:6106411:C:T",0.00905545757487292
"chr10:6106934:C:T",0.00198712830477432
"chr10:6107739:C:G",0.00103108435252575
"chr10:6107995:A:G",0.000987922933528784
"chr10:6108538:A:C",0.00090390549853292
"chr10:6108599:G:T",0.00151953838856966
"chr10:6108630:C:G",0.00287085437987911
"chr10:6109299:A:G",0.00107221867335483
"chr10:6109364:A:C",0.00109425757955561
"chr10:6109575:C:T",0.000877940948566303
"chr10:6109854:G:T",0.000921391908179192
"chr10:6110257:C:G",0.000896759807991976
"chr10:6110326:A:G",0.0207386680739182
"chr10:6110347:A:G",0.00153923986354787
"chr10:6110655:A:G",0.00130402910619254
"chr10:6110694:A:G",0.00243812211051764
"chr10:6110759:A:G",0.00191596803033878
"chr10:6110898:C:T",0.00916659033534006
"chr10:6111004:C:T",0.000889890423200201
"chr10:6111030:A:G",0.00117868466413973
"chr10:6111334:A:G",0.00154578370937986
"chr10:6111836:C:T",0.000879626353599727
"chr10:6111905:A:G",0.00112414032204655
"chr10:6112132:G:T",0.00471988605899487
"chr10:6112462:A:C",0.00173482279252479
"chr10:6113394:C:T",0.00153817492498998
"chr10:6113843:C:T",0.00173687237349873
"chr10:6113884:A:G",0.00169499689953478
"chr10:6113907:C:T",0.000877148693576801
"chr10:6113913:A:G",0.00091250800656284
"chr10:6114243:A:G",0.00202456076184077
"chr10:6114773:A:G",0.00905116329918387
"chr10:6116449:A:G",0.000907571979300803
"chr10:6117252:C:T",0.00177364148832848
"chr10:6117749:C:G",0.00197523235895836
"chr10:6117812:A:G",0.00168481410726062
"chr10:6117847:A:C",0.00406320360643342
"chr10:6118028:C:T",0.0032311617180445
"chr10:6118095:G:T",0.000881363878377783
"chr10:6118292:C:T",0.00105106279504807
"chr10:6118294:A:G",0.00105110209321757
"chr10:6118425:C:T",0.000878357617948189
"chr10:6118739:A:T",0.00125050478511102
"chr10:6118929:A:G",0.000899571413247258
"chr10:6119152:A:G",0.000883093745404073
"chr10:6119818:C:T",0.000897005657601424
"chr10:6120191:C:G",0.00160181924461
"chr10:6120513:A:T",0.00090315145827935
"chr10:6120575:A:T",0.00152718825694609
"chr10:6120777:A:G",0.000884074945032509
"chr10:6121240:C:T",0.00167097012336959
"chr10:6121428:A:T",0.00134544661807479
"chr10:6121551:A:G",0.000882416885453985
"chr10:6121643:A:G",0.00087827491486081
"chr10:6121677:A:G",0.00205955420329196
"chr10:6121689:A:C",0.00143433178286823
"chr10:6122045:C:T",0.000880354474004141
"chr10:6122274:A:C",0.00099874578957837
"chr10:6122347:A:C",0.0014283348369214
"chr10:6122369:A:G",0.00087963188625384
"chr10:6123067:C:T",0.000938617740430803
"chr10:6123125:C:T",0.00276801369427382
"chr10:6123473:C:T",0.000946414720912836
"chr10:6123562:A:C",0.00107695513431549
"chr10:6124307:C:G",0.00290108586132198
"chr10:6124319:G:T",0.00923538619728026
"chr10:6124437:C:T",0.000877760642565506
"chr10:6124580:C:T",0.00175458840989351
"chr10:6125143:A:C",0.00108027779444142
"chr10:6125144:A:G",0.0018890454074616
"chr10:6125161:C:T",0.00104550878358933
"chr10:6126042:A:C",0.00513239244755404
"chr10:6126229:C:T",0.00149036427316129
"chr10:6126327:A:G",0.0079658323072398
"chr10:6126869:C:T",0.00142283634518481
"chr10:6127177:A:C",0.00130891887265239
"chr10:6127309:A:G",0.00123856219276419
"chr10:6127344:C:T",0.000882887433712232
"chr10:6127722:C:T",0.0010428608777544
"chr10:6127960:C:T",0.000893508698026291
"chr10:6128035:C:T",0.000884608438588064
"chr10:6128228:C:T",0.0021766295729666
"chr10:6128363:A:G",0.000965905351156482
"chr10:6128373:C:T",0.000981864326429882
"chr10:6128400:G:T",0.00184335461921781
"chr10:6128444:A:G",0.00176748103930546
"chr10:6128642:C:T",0.00160743633839389
"chr10:6128673:C:T",0.00220405955502645
"chr10:6128889:A:G",0.00102754989580955
"chr10:6129329:C:T",0.00340651073378206
"chr10:6129628:A:C",0.00146064326779172
"chr10:6129672:A:G",0.00102560934293505
"chr10:6129726:A:T",0.000994440793080642
"chr10:6129745:C:T",0.00119061826837563
"chr10:6129816:A:G",0.0012514115940645
"chr10:6129961:A:G",0.00124427814462547
"chr10:6130215:A:G",0.00120945639351067
"chr10:6130348:C:T",0.0131963240784728
"chr10:6130368:A:G",0.00369248836691638
"chr10:6130426:C:T",0.00191034688375036
"chr10:6130437:A:C",0.00189347806424112
"chr10:6130525:A:G",0.0011972067077326
"chr10:6130531:A:C",0.00188004270461706
"chr10:6131038:C:T",0.00194932844348439
"chr10:6131428:C:T",0.00197753212191709
"chr10:6131453:C:T",0.00125616463624045
"chr10:6131502:A:G",0.00123448438977458
"chr10:6131730:C:G",0.000877305023342934
"chr10:6131765:G:T",0.00121783180289536
"chr10:6131797:A:T",0.000903934443579835
"chr10:6131814:C:G",0.00154137015737676
"chr10:6131972:C:T",0.00238057557465299
"chr10:6132000:C:T",0.00103430237896218
"chr10:6132070:C:G",0.00200278713451052
"chr10:6132393:A:G",0.00203307135140995
"chr10:6132450:C:T",0.00134297650405502
"chr10:6132599:C:G",0.00116403046245017
"chr10:6132638:A:G",0.00118480918553721
"chr10:6133190:C:G",0.00121263034994401
"chr10:6133951:C:T",0.00415912172429145
"chr10:6134149:A:G",0.00164092075903277
"chr10:6134182:A:G",0.00300778355025921
"chr10:6134203:C:T",0.000897692041349041
"chr10:6134429:A:G",0.00107786004209853
"chr10:6134674:C:T",0.00108422661004115
"chr10:6134817:C:T",0.000962922399950661
"chr10:6134824:A:G",0.00100234822627954
"chr10:6135120:C:T",0.00100936513258509
"chr10:6135245:A:T",0.0014473332126852
"chr10:6135246:A:T",0.00404174499812648
"chr10:6135411:G:T",0.000957857898919556
"chr10:6135530:C:T",0.00230336972752165
"chr10:6135531:A:G",0.00170853784280012
"chr10:6135569:C:G",0.000960460527708928
"chr10:6135589:C:T",0.00105939187186399
"chr10:6135654:C:G",0.000969565539328032
"chr10:6135663:C:T",0.000968764234772657
"chr10:6135719:C:T",0.000963681191001653
"chr10:6135831:C:T",0.000963811683095894
"chr10:6135885:A:G",0.000963051619161104
"chr10:6135931:A:G",0.00106889998721293
"chr10:6136108:A:G",0.0016297114269902
"chr10:6136273:A:G",0.000968703393053105
"chr10:6136342:C:T",0.000962970388638573
"chr10:6136381:C:T",0.0009524768080722
"chr10:6136406:A:G",0.000879539041949706
"chr10:6136409:C:T",0.000893504918457078
"chr10:6136425:C:T",0.000955457842859775
"chr10:6136651:C:T",0.00586643035726842
"chr10:6136747:G:T",0.0010547259123147
"chr10:6136978:C:T",0.00226581327917796
"chr10:6136998:A:G",0.00354581825526135
"chr10:6137158:A:G",0.00219580198907021
"chr10:6137350:A:G",0.00131039202682415
"chr10:6137434:A:T",0.00228663544829832
"chr10:6138071:C:T",0.0010682018257101
"chr10:6138116:C:T",0.00349926491843666
"chr10:6138454:A:G",0.00134129206250744
"chr10:6138977:A:G",0.00232508280385368
"chr10:6139025:A:G",0.00141818751319878
"chr10:6139026:A:G",0.00358324828456802
"chr10:6139404:C:T",0.00185307715478222
"chr10:6139450:C:T",0.00106632862542422
"chr10:6139532:C:T",0.00101087927077803
"chr10:6139679:C:T",0.00353767409558803
"chr10:6139746:C:T",0.0018416263160389
"chr10:6139834:A:C",0.000981145703378816
"chr10:6139837:C:T",0.00259998864078315
"chr10:6140288:C:T",0.001136276010551
"chr10:6140460:G:T",0.00136482598668441
"chr10:6140679:A:G",0.000945672815284015
"chr10:6140833:C:T",0.00104473329705557
"chr10:6141059:C:T",0.00200596639106809
"chr10:6141629:C:T",0.00118198867994423
"chr10:6141842:C:T",0.00143105691309164
"chr10:6141851:A:G",0.00145289067801091
"chr10:6142183:A:G",0.00311469264463671
"chr10:6142227:C:T",0.000941447142996044
"chr10:6142269:A:G",0.000958973058443391
"chr10:6142895:C:T",0.00115361730721397
"chr10:6142946:C:T",0.00123430644654943
"chr10:6142950:A:C",0.00090261147609505
"chr10:6143019:A:G",0.00186216914345128
"chr10:6143053:C:T",0.00190862520128876
"chr10:6143166:C:T",0.00182221719366171
"chr10:6143369:C:T",0.00155317037758274
"chr10:6143381:A:G",0.00105762244686258
"chr10:6143704:A:G",0.0183570712914202
"chr10:6143734:C:G",0.00124067983913356
"chr10:6144158:A:C",0.001351323572649
"chr10:6144802:A:G",0.00265814046374824
"chr10:6146045:A:G",0.000958346931087428
"chr10:6146050:A:G",0.000877594323385855
"chr10:6146156:C:G",0.000954875015436785
"chr10:6146580:C:T",0.00096701141330735
"chr10:6146628:A:G",0.00136790319250479
"chr10:6146986:A:G",0.00091101425352047
"chr10:6147399:A:G",0.0010687769841542
"chr10:6147957:C:T",0.00105520419574656
"chr10:6148012:C:T",0.00106582929940591
"chr10:6148366:A:G",0.000950444968258357
"chr10:6148380:C:T",0.00093566602189199
"chr10:6148400:C:T",0.00112208552778859
"chr10:6149259:G:T",0.00108812684086124
"chr10:6149309:C:T",0.000955380661512018
"chr10:6149325:C:T",0.00104651596506811
"chr10:6149354:A:G",0.00177566100853899
"chr10:6149982:G:T",0.00138553628686588
"chr10:6150039:A:T",0.000961573763903156
"chr10:6150108:C:T",0.0011089898264669
"chr10:6150492:C:T",0.00106762092433488
"chr10:6150848:A:C",0.00113657242746934
"chr10:6151089:A:T",0.00180031694991079
"chr10:6151206:C:T",0.000881006943141638
"chr10:6151865:G:T",0.000883896725432431
"chr10:6151866:C:T",0.000884499553576834
"chr10:6152012:C:T",0.00178597414471604
"chr10:6152490:C:T",0.00179488040666909
"chr10:6152513:C:T",0.000940115635262861
"chr10:6154220:G:T",0.00154098543932046
"chr10:6155038:C:T",0.00130873105997731
"chr10:6155493:C:T",0.00139925626276505
"chr10:6155496:A:G",0.00208737461641817
"chr10:6155573:G:T",0.000910065567632956
"chr10:6155590:C:T",0.000881326158056139
"chr10:6155650:A:G",0.00088844088047646
"chr10:6156359:C:T",0.000942914242891613
"chr10:6156417:A:T",0.000886062376777241
"chr10:6156648:C:T",0.00100522129563718
"chr10:6157890:C:G",0.00116217751704673
"chr10:6157985:A:T",0.00102974926515187
"chr10:6158002:A:G",0.00103192276909503
"chr10:6158082:A:G",0.00117629883866144
"chr10:6158466:C:T",0.00102789087391575
"chr10:6158732:C:T",0.00105128507935681
"chr10:6159550:C:G",0.00111921400812187
"chr10:6159641:A:G",0.000941994127697798
"chr10:6159688:A:G",0.000940595632537566
"chr10:6159724:A:C",0.00089449660016061
"chr10:6159782:C:T",0.00106733852909235
"chr10:6160005:C:T",0.000942470371723902
"chr10:6160010:C:G",0.00280835277845071
"chr10:6160455:C:T",0.0044840840552014
"chr10:6160667:C:G",0.000933485640192577
"chr10:6160921:A:T",0.00280528000182889
"chr10:6161092:C:T",0.000888692377632561
"chr10:6161189:G:T",0.00290537450118866
"chr10:6161225:A:G",0.00113217528700105
"chr10:6161398:C:T",0.00112790006959751
"chr10:6162020:C:T",0.00220409553538925
"chr10:6162303:C:G",0.0011462912983633
"chr10:6162543:C:G",0.00115886990488778
"chr10:6162922:C:G",0.00454436855299478
"chr10:6163027:C:T",0.000955574311617968
"chr10:6163583:C:T",0.00106895927433082
"chr10:6163803:C:T",0.00169384956226115
"chr10:6163864:C:G",0.00172480702538924
"chr10:6163887:G:T",0.000880857796065615
"chr10:6163912:A:G",0.00165754703855292
"chr10:6163933:C:G",0.00088908715810776
"chr10:6163959:A:T",0.00167225947038874
"chr10:6164433:A:G",0.000988178761318736
"chr10:6165066:C:G",0.000959224697069549
"chr10:6166155:A:G",0.000948262774748021
"chr10:6166265:A:G",0.00106361270881794
"chr10:6166502:C:T",0.000993244426706452
"chr10:6167255:C:T",0.000884211528067058
"chr10:6167311:C:G",0.0121342101575946
"chr10:6167952:C:G",0.00108505529758285
"chr10:6167983:A:C",0.00108206582580095
"chr10:6168349:C:T",0.0012600709989129
"chr10:6168394:C:T",0.00107441530838792
"chr10:6168692:A:G",0.00138053666795313
"chr10:6168777:A:G",0.00128495556777397
"chr10:6168810:C:T",0.000890724500267615
"chr10:6168896:A:G",0.00106240805653235
"chr10:6168973:C:T",0.00195311936006137
"chr10:6169102:A:G",0.00100834378098236
"chr10:6169124:A:T",0.0164927303920155
"chr10:6169629:A:G",0.00122584324185915
"chr10:6170053:C:G",0.00103930491961213
"chr10:6170353:A:G",0.000987146475943446
"chr10:6170465:C:G",0.0159473214729062
"chr10:6171109:C:G",0.00126959418108941
"chr10:6171301:C:T",0.00088551420621974
"chr10:6171351:A:G",0.00115118939873948
"chr10:6171997:C:T",0.0142472982740927
"chr10:6172809:A:G",0.00190133230975464
"chr10:6172917:C:G",0.00102475518920719
"chr10:6173128:A:C",0.00101236353832101
"chr10:6173261:C:T",0.00104039456095195
"chr10:6173294:C:T",0.0151568839702743
"chr10:6173324:A:G",0.0010291197282325
"chr10:6173910:A:G",0.00101868369960012
"chr10:6174423:C:T",0.000946289845399129
"chr10:6175671:C:T",0.000887200133576127
"chr10:6175743:A:G",0.00100030930718265
"chr10:6176079:A:G",0.00130264898710852
"chr10:6176546:A:C",0.00301512987254837
"chr10:6176920:A:G",0.000877049557055365
"chr10:6177047:G:T",0.000922698000956568
"chr10:6177074:C:T",0.000942321885110897
"chr10:6177326:A:G",0.00195477667396626
"chr10:6178130:A:C",0.00163586331407983
"chr10:6178397:A:G",0.00116816687163679
"chr10:6180781:A:G",0.000908538512975565
"chr10:6180856:A:G",0.000888692444384498
"chr10:6181122:C:G",0.00088237117608958
"chr10:6184209:A:C",0.000992669942054603
"chr10:6184726:A:C",0.00097626377281157
"chr10:6185419:A:G",0.000997919722488305
"chr10:6185796:C:T",0.00113686106897715
"chr10:6185799:C:T",0.00106373633279855
"chr10:6186155:A:T",0.00116117316659692
"chr10:6186263:A:G",0.00120087787132761
"chr10:6186450:C:T",0.00178630800320234
"chr10:6186635:A:C",0.00158454070808878
"chr10:6186814:A:G",0.00191081306897845
"chr10:6186861:A:T",0.00190125979808786
"chr10:6186915:C:T",0.00188020603284178
"chr10:6187017:A:G",0.001845591552182
"chr10:6187164:C:T",0.00178441129339424
"chr10:6187272:A:G",0.00197915169485841
"chr10:6187611:A:G",0.0025770540387976
"chr10:6187726:A:G",0.00122580685219931
"chr10:6187812:C:T",0.00141781482064729
"chr10:6188065:A:G",0.000943047111288231
"chr10:6188078:C:T",0.000957908696803123
"chr10:6188096:G:T",0.00178671618320236
"chr10:6188215:A:G",0.0009389636651852
"chr10:6188413:C:T",0.000976108885175409
"chr10:6188466:C:T",0.000954617933930479
"chr10:6189001:A:G",0.00132379550315564
"chr10:6190924:A:G",0.00117470140148024
"chr10:6191337:A:G",0.00109741094182048
"chr10:6191597:A:T",0.00132489453038709
"chr10:6191926:A:G",0.00113446252268312
"chr10:6191992:C:T",0.00119856833819998
"chr10:6192045:C:T",0.000928165486431931
"chr10:6192264:A:T",0.00122314694846026
"chr10:6192665:A:G",0.00119884432091799
"chr10:6192797:A:G",0.00112450727992874
"chr10:6193032:A:G",0.000898439664939965
"chr10:6203354:G:T",0.000877271819321956
"chr10:6204199:G:T",0.000877419790071721
"chr10:6204461:C:T",0.000991535491111195
"chr10:6204506:C:G",0.000893208466322903
"chr10:6204715:G:T",0.000877169440588021
"chr10:6205555:A:G",0.000889103035141892
"chr10:6207298:C:T",0.000959476605552734
"chr10:6207714:A:G",0.000999523535654689
"chr10:6207790:A:G",0.000879465179768668
"chr10:6208088:C:G",0.00123629912716827
"chr10:6208159:C:T",0.000924116776864881
"chr10:6208501:C:T",0.000907282386830022
"chr10:6208539:G:T",0.000879107068265328
"chr10:6209289:C:T",0.000973701668736782
"chr10:6209655:A:G",0.00126631675560829
"chr10:6215909:G:T",0.00162043986027682
"chr10:6216052:C:T",0.00159720016012532
"chr10:6217322:A:G",0.000877134888316311
"chr10:6217699:G:T",0.000878129721035181
"chr10:6219989:C:T",0.000883584808970439
"chr10:6220496:C:T",0.000879070999739051
"chr10:6220505:A:G",0.000911626649157005
"chr10:6220739:C:T",0.00120855245477103
"chr10:6221949:C:T",0.000884268446551317
"chr10:6234611:C:T",0.00097971969367916
"chr10:6235593:C:T",0.000921545921395484
"chr10:6235698:G:T",0.00101272595094992
"chr10:6235877:A:G",0.00100303195882301
"chr10:6235892:G:T",0.00101143654733371
"chr10:6239119:A:C",0.00112979217852571
"chr10:6239434:C:T",0.000969497925151774
"chr10:6241053:C:T",0.0011045624843079
"chr10:6241156:C:T",0.0014198460099486
"chr10:6242224:C:T",0.00120808879993983
"chr10:6244643:A:G",0.000883490609577819
"chr10:6244819:A:G",0.00118725029322364
"chr10:6244820:C:T",0.00120879887390335
"chr10:6244876:C:T",0.00144937248992638
"chr10:6244979:A:G",0.000884315382480461
"chr10:6245672:C:T",0.00243624125106601
"chr10:6245732:A:G",0.00088097424800937
"chr10:6245902:G:T",0.00088100719125106
"chr10:6246079:A:G",0.000966577187190842
"chr10:6250216:C:T",0.00261808599975144
"chr10:6251554:A:G",0.000982725456413869
"chr10:6251581:C:G",0.00179981400593077
"chr10:6252481:A:G",0.00101234921240867
"chr10:6252570:C:T",0.00088609571471332
"chr10:6253585:C:T",0.000956265238302056
"chr10:6253958:C:T",0.000917631643904682
"chr10:6254181:A:T",0.000939497558348323
"chr10:6256285:A:T",0.00271490531077323
"chr10:6256761:A:G",0.000879251886866661
"chr10:6257498:A:T",0.0018667735594482
"chr10:6257810:A:G",0.000879149873999507
"chr10:6260274:A:G",0.00119662836124801
"chr10:6260370:C:T",0.00135370107289623
"chr10:6263279:A:T",0.00148259781962212
"chr10:6263590:A:G",0.000946523285592304
"chr10:6263789:G:T",0.000934922267364358
"chr10:6264326:A:C",0.000907438303311858
"chr10:6265460:A:C",0.000941296227833344
"chr10:6265544:A:T",0.0011716589911368
"chr10:6265663:G:T",0.00173552184037307
"chr10:6265943:A:T",0.00122103848707622
"chr10:6266005:A:C",0.00119874978434387
"chr10:6266341:C:T",0.000961331372342666
"chr10:6266521:A:G",0.00118062227081084
"chr10:6266683:A:G",0.00116672915618621
"chr10:6267212:A:C",0.00113531736492956
"chr10:6267323:A:G",0.000877069904934413
"chr10:6267439:A:G",0.00116729109600222
"chr10:6267529:C:T",0.00186449980273429
"chr10:6268213:C:T",0.000986292512991538
"chr10:6268472:A:G",0.00177380673201621
"chr10:6268619:C:T",0.000880111706448861
"chr10:6268894:A:G",0.00119239870284527
"chr10:6269009:A:G",0.00116067523278685
"chr10:6269305:A:G",0.00165222415407007
"chr10:6269350:G:T",0.00108127411980297
"chr10:6269551:A:T",0.000913477466712109
"chr10:6269786:A:G",0.000987807035599086
"chr10:6270111:A:G",0.00091440484948524
"chr10:6270777:C:T",0.00142342622290381
"chr10:6270793:A:C",0.0025298126604536
"chr10:6270833:A:C",0.000992977822351193
"chr10:6271917:A:G",0.0016429330169262
"chr10:6272258:A:G",0.000952054038516725
"chr10:6272510:A:G",0.00101946135878561
"chr10:6272759:A:G",0.000944767285710579
"chr10:6272859:C:T",0.00098818105006826
"chr10:6273099:C:T",0.00102591222515436
"chr10:6273749:A:C",0.00088797421174569
"chr10:6273765:A:G",0.00144743977207151
"chr10:6273831:A:C",0.000923059502353163
"chr10:6273908:A:T",0.000911900872648697
"chr10:6274198:G:T",0.00124764827863844
"chr10:6274315:C:T",0.00150927524735223
"chr10:6274318:C:G",0.00185237107451763
"chr10:6274323:A:G",0.00153773593636619
"chr10:6274636:C:T",0.00113675511931122
"chr10:6274680:A:C",0.000906144260672814
"chr10:6275198:A:G",0.000967009578635492
"chr10:6275796:A:G",0.000920608952082569
"chr10:6278566:C:T",0.000883893129173918
"chr10:6279377:C:G",0.000886392489405696
"chr10:6279397:A:G",0.000914818098998404
"chr10:6279590:C:T",0.000904220069612438
"chr10:6280204:G:T",0.000880110880580709
"chr10:6280266:A:G",0.000879553601931593
"chr10:6280422:C:G",0.000882035168046413
"chr10:6280443:A:G",0.000886924027520108
"chr10:6280614:C:T",0.00100720895773232
"chr10:6281118:C:T",0.000896558954115334
"chr10:6282736:C:T",0.000935677619238517
"chr10:6283179:A:G",0.000968150626953546
"chr10:6283703:C:T",0.000922891661385705
"chr10:6284019:C:G",0.000918926702490719
"chr10:6286004:C:G",0.00117489456085451
"chr10:6286599:A:C",0.000965621533782102
"chr10:6286699:C:T",0.000987781234755403
"chr10:6287372:A:G",0.000994066166194685
"chr10:6288034:C:T",0.000879180759333464
"chr10:6290805:G:T",0.00100534791773865
"chr10:6290806:A:T",0.00100548067712491
"chr10:6291280:C:T",0.000880152134859147
"chr10:6291912:A:G",0.00121470949903857
"chr10:6292351:C:T",0.00111881613425013
"chr10:6293634:C:T",0.00087823716312796
"chr10:6293768:A:G",0.000940181486234759
"chr10:6294396:A:T",0.00102672868194686
"chr10:6295317:A:G",0.000884504000080666
"chr10:6296729:G:T",0.000880870806397316
"chr10:6296829:G:T",0.00114650042787967
"chr10:6300663:C:T",0.0008996966096948
"chr10:6300673:A:G",0.00100414823981287
"chr10:6300691:G:T",0.00100712115692336
"chr10:6300893:A:G",0.000982765535307628
"chr10:6301006:C:G",0.00150044078695788
"chr10:6302447:C:T",0.00114257699748699
"chr10:6302784:A:G",0.00145564498277084
"chr10:6302920:C:T",0.000972234646098857
"chr10:6303059:C:T",0.00121432536533672
"chr10:6303379:A:C",0.00137930065998959
"chr10:6303388:A:G",0.000953743241848271
"chr10:6303541:A:G",0.000952338959046006
"chr10:6303573:C:G",0.00113215775450404
"chr10:6303692:C:T",0.00087752911905925
"chr10:6303756:C:T",0.000886115799105358
"chr10:6304669:C:T",0.00105121268206421
"chr10:6305053:C:T",0.00101686214076502
"chr10:6305261:C:T",0.000878019122525275
"chr10:6305372:C:T",0.00283232845021952
"chr10:6305735:A:T",0.0025805508076151
"chr10:6306091:A:G",0.000936052315565816
"chr10:6306318:C:G",0.00104016596133139
"chr10:6306775:C:T",0.000932661579464034
"chr10:6306912:A:G",0.000897127596064085
"chr10:6307099:A:G",0.0009362251683801
"chr10:6307997:A:G",0.000928027939073983
"chr10:6308622:A:G",0.000909331548887504
"chr10:6308627:C:T",0.000879462266014541
"chr10:6308737:A:G",0.000942157211426653
"chr10:6308758:A:C",0.000913300364140612
"chr10:6308905:C:T",0.000891033913862693
"chr10:6308987:A:G",0.000901729991611644
"chr10:6309041:A:T",0.000917064266110601
"chr10:6309265:C:G",0.000900393370781294
"chr10:6309407:A:G",0.000893668713540796
"chr10:6309489:G:T",0.000957274257566199
"chr10:6309628:C:T",0.000924601548692783
"chr10:6309815:C:T",0.000880137436386041
"chr10:6309959:G:T",0.000887256362977373
"chr10:6309998:G:T",0.000919399410315602
"chr10:6310071:C:G",0.000883146745728425
"chr10:6310104:C:T",0.000961655849614829
"chr10:6311012:A:C",0.000927455845221359
"chr10:6311392:C:T",0.000921845993117509
"chr10:6311481:A:C",0.000884132948555716
"chr10:6311569:C:T",0.000886078232106846
"chr10:6311627:C:T",0.000934859442709657
"chr10:6311736:G:T",0.000884727989476808
"chr10:6311913:A:G",0.000877549624037077
"chr10:6311915:A:C",0.00088960711525321
"chr10:6312099:A:G",0.000898201291437029
"chr10:6312808:C:T",0.000994171313165038
"chr10:6312873:C:T",0.000996820758029426
"chr10:6313137:C:T",0.00101816204864502
"chr10:6313431:G:T",0.000979977999239323
"chr10:6314011:C:T",0.0016606083232964
"chr10:6314127:C:T",0.000993681061151608
"chr10:6314160:A:G",0.00147209397652692
"chr10:6314247:C:T",0.00102685344482611
"chr10:6314821:A:C",0.000896970894599058
"chr10:6314906:A:G",0.000910709149864575
"chr10:6314920:C:G",0.000898717722347842
"chr10:6315014:C:T",0.000939810102982719
"chr10:6315474:C:T",0.00091648297272795
"chr10:6315498:C:T",0.00099446391579272
"chr10:6315567:G:T",0.000998259935168444
"chr10:6315669:A:G",0.00099451155092567
"chr10:6315706:A:G",0.00117912317267044
"chr10:6315778:A:G",0.00104207107965393
"chr10:6315910:A:G",0.00115782498143735
"chr10:6316141:A:T",0.00116345746921709
"chr10:6316255:A:G",0.0010178142699071
"chr10:6316282:C:G",0.00102456112813532
"chr10:6316355:A:G",0.00112600501440108
"chr10:6316485:C:T",0.000997672527094595
"chr10:6316564:C:T",0.0011764922022367
"chr10:6316947:A:G",0.000990621813426018
"chr10:6317957:G:T",0.00126117459298647
"chr10:6318330:A:G",0.000912122032929452
"chr10:6318421:A:G",0.000919658917747035
"chr10:6319312:A:G",0.00103068614024782
"chr10:6319475:A:G",0.000955679028584955
"chr10:6319704:A:G",0.00103968506897145
"chr10:6321594:A:G",0.00100009045138649
"chr10:6321985:A:G",0.00106853315893807
"chr10:6322791:A:G",0.00125511035410508
"chr10:6323165:C:T",0.0011103317218929
"chr10:6323468:A:T",0.00109097805741998
"chr10:6323515:A:G",0.000894305530667605
"chr10:6323748:C:T",0.00120263870486048
"chr10:6323984:A:G",0.000919230127477744
"chr10:6324955:A:G",0.000930509907125621
"chr10:6325765:A:G",0.000894876001892086
"chr10:6326797:C:T",0.000879763041146009
"chr10:6326875:C:T",0.00146893702267914
"chr10:6327401:C:T",0.00111855729845389
"chr10:6328583:C:T",0.000910185804941177
"chr10:6329632:A:C",0.00147372405462698
"chr10:6330762:A:C",0.00111396385957085
"chr10:6331909:C:T",0.00113338546910935
"chr10:6331919:A:G",0.000901786182718078
"chr10:6333904:A:T",0.00103194254910322
"chr10:6334440:A:G",0.000921238324339324
"chr10:6335138:C:T",0.000885839999331339
"chr10:6335294:C:T",0.000933093004938712
"chr10:6335325:A:G",0.000891114093953926
"chr10:6336482:A:G",0.00093003519822632
"chr10:6337087:C:T",0.00090742038973024
"chr10:6338458:C:T",0.000896089069344463
"chr10:6338665:C:T",0.000887685571140828
"chr10:6339415:A:G",0.000908064207245762
"chr10:6339426:C:T",0.0010849802411621
"chr10:6340359:C:T",0.000905524431841775
"chr10:6340462:G:T",0.000883482584615569
"chr10:6340959:C:T",0.000898119664477615
"chr10:6342279:A:G",0.0008973766914393
"chr10:6342671:A:G",0.000890615433251418
"chr10:6342729:A:G",0.000891709850338374
"chr10:6343661:A:G",0.000900840690132187
"chr10:6343746:C:T",0.00107951480185531
"chr10:6344566:C:T",0.000878828849773861
"chr10:6345035:A:G",0.000881329110781648
"chr10:6345258:A:C",0.000882281317647005
"chr10:6345638:A:G",0.000882792037175562
"chr10:6345967:A:T",0.000877361181832681
"chr10:6346011:A:C",0.000881544368726672
"chr10:6346030:A:C",0.000879458315990789
"chr10:6346106:A:G",0.000881471938810496
"chr10:6346109:A:G",0.000881464073416605
"chr10:6347543:A:G",0.001156353082441
"chr10:6347643:A:G",0.00117295624918268
"chr10:6347710:C:T",0.00123817751740751
"chr10:6347858:C:T",0.00106752073183503
"chr10:6347952:A:C",0.00143509604288483
"chr10:6348145:A:G",0.0013770799689814
"chr10:6348230:C:G",0.0015485581553335
"chr10:6348488:A:G",0.00144689777664941
"chr10:6348979:A:G",0.00160113961246378
"chr10:6349099:A:G",0.00088224032372175
"chr10:6349529:C:T",0.0010008027669387
"chr10:6349740:A:G",0.00264298756488723
"chr10:6350886:A:G",0.000883728770262882
"chr10:6351047:A:G",0.000919152992099659
"chr10:6351298:C:G",0.0011840514113598
"chr10:6352494:G:T",0.00296639895612782
"chr10:6353033:C:T",0.00232908394497933
"chr10:6353534:A:T",0.00293932896300486
"chr10:6354661:A:G",0.00117294272647028
"chr10:6354833:G:T",0.00128550527987692
"chr10:6355598:C:T",0.000880949846786216
"chr10:6356002:A:G",0.00109304545209876
"chr10:6356132:A:G",0.00116749495399104
"chr10:6356982:C:T",0.00104069852673094
"chr10:6357231:G:T",0.00254300810836594
"chr10:6357395:A:G",0.00111193214294414
"chr10:6357898:C:T",0.000900797176570101
"chr10:6359617:A:G",0.00104285422504802
"chr10:6359653:A:G",0.000925240118940462
"chr10:6359663:C:T",0.00105435520219244
"chr10:6359917:A:T",0.00252947100749323
"chr10:6360717:C:G",0.00107295102059346
"chr10:6360779:G:T",0.0010638090535745
"chr10:6360933:C:T",0.00254938560967322
"chr10:6361088:C:G",0.000896174165631369
"chr10:6361300:C:T",0.00267470353780952
"chr10:6361525:G:T",0.00127904985816429
"chr10:6362738:G:T",0.00093694935431643
"chr10:6363545:C:T",0.00116945443902483
"chr10:6363572:A:C",0.00106088517627756
"chr10:6365498:C:T",0.00105096298550755
"chr10:6365775:A:G",0.0056629521310988
"chr10:6367479:A:G",0.00130021792474966
"chr10:6367481:A:G",0.00136644423485532
"chr10:6367630:G:T",0.000983533244799384
"chr10:6367947:A:G",0.000891777962087059
"chr10:6368163:C:T",0.000921135679758045
"chr10:6369109:A:G",0.000930621371926121
"chr10:6369147:C:G",0.000881436373179612
"chr10:6369365:C:T",0.000925795565621668
"chr10:6376594:A:G",0.000878367779576728
"chr10:6377688:A:G",0.00108390246501422
"chr10:6377803:G:T",0.000883191488402435
"chr10:6378321:G:T",0.000881295738103027
"chr10:6378355:C:T",0.00100639422590965
"chr10:6378412:G:T",0.00128464254382255
"chr10:6378413:A:C",0.00124139594728234
"chr10:6379664:A:G",0.000981556072523704
"chr10:6380387:C:T",0.000878622561505837
"chr10:6380746:A:G",0.000902700039379423
"chr10:6380826:A:C",0.000883255304685471
"chr10:6381040:A:G",0.000979805378684695
"chr10:6381086:A:G",0.000927968120865819
"chr10:6381269:C:G",0.000908724493012047
"chr10:6382262:A:G",0.000895831095858224
"chr10:6382528:A:G",0.000913163981229093
"chr10:6384473:C:T",0.00089774402964804
"chr10:6384590:C:T",0.000974614173170352
"chr10:6385004:C:G",0.000877627244872947
"chr10:6385558:G:T",0.000923162781459541
"chr10:6385990:A:G",0.000877074861193372
"chr10:6386180:C:G",0.00087703362129965
"chr10:6386453:C:G",0.000877032247318055
"chr10:6386492:C:T",0.000883183670727261
"chr10:6386777:A:C",0.000877435128054938
"chr10:6386901:A:G",0.000878021716515742
"chr10:6387456:C:G",0.000879323073666227
"chr10:6387889:C:G",0.000877291022585824
"chr10:6388180:C:T",0.000896996998882349
"chr10:6388286:A:T",0.000877216509824419
"chr10:6388372:C:T",0.000877032400907085
"chr10:6388805:C:T",0.00087707136677273
"chr10:6389354:G:T",0.000877311230321531
"chr10:6389803:C:T",0.000913691955179541
"chr10:6390315:C:T",0.00122429301212579
"chr10:6392705:A:C",0.00123569711882243
"chr10:6392942:A:G",0.000975414783803141
"chr10:6393003:A:G",0.000967454071864271
"chr10:6393157:C:T",0.000902901678709433
"chr10:6393195:C:G",0.000933384848246455
"chr10:6393412:C:T",0.0011168478640744
"chr10:6395294:C:G",0.000976392037863483
"chr10:6395880:A:C",0.000955629148421622
"chr10:6396119:C:T",0.000878415755566908
"chr10:6396531:C:T",0.00189437207165277
"chr10:6396890:A:C",0.00198261178371661
"chr10:6397189:C:T",0.00523330625877139
"chr10:6397230:G:T",0.00532136394820137
"chr10:6397772:A:C",0.000877167872650797
"chr10:6398256:A:G",0.000971320630816952
"chr10:6398529:C:T",0.00211726076775642
"chr10:6398616:C:T",0.00182744197762097
"chr10:6398714:C:T",0.000896146486901284
"chr10:6399629:A:G",0.000925341330089147
"chr10:6399793:C:T",0.00376250049481341
"chr10:6400892:C:T",0.000923139527540195
"chr10:6401155:A:G",0.000888482468282548
"chr10:6401252:C:T",0.000915639946571289
"chr10:6401442:A:G",0.00434517286203584
"chr10:6402334:A:G",0.00151335810806108
"chr10:6403148:C:T",0.000906366722439378
"chr10:6403198:C:T",0.00124371832821479
"chr10:6403202:C:T",0.000881509869183894
"chr10:6403261:A:G",0.000895877090887898
"chr10:6405591:C:T",0.00169744079238965
"chr10:6406919:C:T",0.00202310510185566
"chr10:6406932:A:G",0.00218950817078112
"chr10:6406938:A:G",0.00201367954991782
"chr10:6407324:A:G",0.00213511673218181
"chr10:6408000:A:G",0.000902600562624589
"chr10:6408618:A:G",0.000901095602703017
"chr10:6408634:C:T",0.00165910912294831
"chr10:6408897:C:G",0.000889179376460492
"chr10:6409542:A:G",0.000914509617245374
"chr10:6410038:A:G",0.00124139851802796
"chr10:6410133:C:T",0.00126206476525992
"chr10:6410363:C:T",0.00119223020137493
"chr10:6410754:A:G",0.00928544755513028
"chr10:6411040:C:T",0.000877053543682949
"chr10:6411345:G:T",0.00336504084627787
"chr10:6411431:C:G",0.000882516230002239
"chr10:6411453:A:G",0.00120865885135879
"chr10:6411525:A:C",0.00334552417068568
"chr10:6412058:A:T",0.00112472064965596
"chr10:6412302:C:T",0.00110328732890519
"chr10:6412357:C:G",0.000974007794678489
"chr10:6412725:A:G",0.000878875120716271
"chr10:6413173:C:T",0.00502906423640448
"chr10:6413198:C:T",0.00104475703960005
"chr10:6413892:C:G",0.00136902856658072
"chr10:6413946:A:G",0.00109961995002661
"chr10:6413968:C:T",0.0014294937949304
"chr10:6414097:A:G",0.00310439093196291
"chr10:6414111:C:G",0.00104415566964489
"chr10:6414134:G:T",0.00107777526580044
"chr10:6414384:A:G",0.00107801968489918
"chr10:6414472:C:T",0.000878837444012182
"chr10:6414653:C:T",0.00102047333204336
"chr10:6414824:A:G",0.00102637933521876
"chr10:6415178:G:T",0.000938267528742376
"chr10:6415197:A:C",0.00129054524819749
"chr10:6415226:A:G",0.000964567038800435
"chr10:6415332:C:T",0.00100144876904062
"chr10:6415341:C:T",0.00142340698475341
"chr10:6415455:C:T",0.00383659763956457
"chr10:6415543:A:G",0.00343381742291815
"chr10:6415635:C:T",0.00391726276282289
"chr10:6415704:A:C",0.00136588966312767
"chr10:6415988:A:C",0.000877798952066522
"chr10:6416010:A:G",0.0009786643505727
"chr10:6416117:A:G",0.000880915904358015
"chr10:6416204:A:T",0.00106471279038423
"chr10:6416344:C:T",0.0040532821340924
"chr10:6416428:A:G",0.00326526585097131
"chr10:6416642:C:T",0.000877950143412742
"chr10:6416800:A:G",0.00117899798650301
"chr10:6417452:C:T",0.00149255418160466
"chr10:6417465:A:T",0.0014947936425419
"chr10:6417858:C:T",0.000995894117239771
"chr10:6417873:C:T",0.00684194384296188
"chr10:6417912:C:T",0.00144252629440433
"chr10:6418544:A:T",0.00148174286442659
"chr10:6418682:A:G",0.00177763697262989
"chr10:6419197:A:C",0.00910663094847408
"chr10:6419582:C:T",0.00714533204188006
"chr10:6420233:A:C",0.00903083054911069
"chr10:6420651:G:T",0.00177421473767503
"chr10:6420794:A:T",0.00993451119077793
"chr10:6421247:A:G",0.000878627760227513
"chr10:6421572:A:G",0.000934126278621883
"chr10:6421813:C:G",0.000882656803667281
"chr10:6422192:G:T",0.000878547549664432
"chr10:6422194:A:G",0.00158832485008864
"chr10:6423183:C:G",0.00168212857425043
"chr10:6423311:A:G",0.00116601770149971
"chr10:6423415:A:G",0.00100263618979635
"chr10:6423698:C:T",0.00176842774717112
"chr10:6424318:C:T",0.000971195643843958
"chr10:6424476:C:T",0.00163771770410892
"chr10:6424883:A:C",0.00146741129969652
"chr10:6425003:A:G",0.0111875793781472
"chr10:6425014:A:G",0.00167155063695079
"chr10:6425412:C:T",0.000981502608817131
"chr10:6426013:G:T",0.00144999893819597
"chr10:6426643:A:G",0.000995845535265438
"chr10:6426660:C:T",0.00139571294782326
"chr10:6426668:C:T",0.00163422066476226
"chr10:6426769:A:G",0.000972160182186266
"chr10:6427193:G:T",0.00147459334522182
"chr10:6427362:C:T",0.0010591881850821
"chr10:6427711:C:T",0.00115366976673992
"chr10:6427794:C:T",0.0111716150741732
"chr10:6427855:A:G",0.000953433381147506
"chr10:6428625:A:G",0.00153506522252722
"chr10:6429032:C:T",0.000914974252912981
"chr10:6429381:A:G",0.00150199705021181
"chr10:6429854:C:T",0.000945469810145094
"chr10:6429979:A:C",0.00149742399093145
"chr10:6429999:C:T",0.00132546049478444
"chr10:6430285:A:C",0.00134767782060563
"chr10:6430929:G:T",0.00144858068340747
"chr10:6431079:A:C",0.00140080628087791
"chr10:6431254:G:T",0.00555202657473608
"chr10:6432005:A:G",0.00089145128231205
"chr10:6432065:A:G",0.000885931393308614
"chr10:6432346:A:G",0.0011533034027944
"chr10:6432391:A:T",0.00101207900377664
"chr10:6432422:A:G",0.00130126153142773
"chr10:6432571:A:G",0.000884160119645649
"chr10:6432716:C:T",0.000905566160853022
"chr10:6432721:A:G",0.00117870713497303
"chr10:6432769:A:T",0.000893869504723699
"chr10:6432879:C:T",0.00118886028836163
"chr10:6433091:A:T",0.00119955701639085
"chr10:6433195:A:G",0.000909073597246124
"chr10:6433334:C:T",0.0009393476773496
"chr10:6433736:A:C",0.00138982862388604
"chr10:6433883:C:T",0.00117676311405224
"chr10:6433904:A:G",0.00126718532239334
"chr10:6433985:C:T",0.00125548925421604
"chr10:6434773:A:G",0.00140846996875232
"chr10:6434983:C:T",0.00119297115627481
"chr10:6435305:A:G",0.000987127172207725
"chr10:6435941:C:T",0.00118312110406826
"chr10:6437194:C:T",0.00109732404961205
"chr10:6437378:A:C",0.00107709911497667
"chr10:6437545:C:G",0.000928232181592215
"chr10:6439265:A:G",0.000930840135381805
"chr10:6439442:A:G",0.000881358774504681
"chr10:6439576:A:G",0.000889466638023473
"chr10:6439992:C:T",0.00141954263229616
"chr10:6440267:A:G",0.000999551888525407
"chr10:6440317:C:G",0.00112876104531101
"chr10:6440845:C:G",0.00241974205512763
"chr10:6440857:A:G",0.00129357515286088
"chr10:6441434:A:G",0.00145823506272014
"chr10:6442683:C:T",0.000899700520359037
"chr10:6442855:C:T",0.00840198096098466
"chr10:6442877:A:G",0.00118640452748575
"chr10:6442976:A:C",0.00116102968833443
"chr10:6443185:C:G",0.000883662892651516
"chr10:6443410:C:T",0.0011594341888953
"chr10:6443697:A:C",0.00833974635547252
"chr10:6443760:A:G",0.00097886191467933
"chr10:6443909:A:G",0.00757923009439054
"chr10:6443932:A:C",0.00712724285297672
"chr10:6444232:A:G",0.00137795346144476
"chr10:6444620:C:G",0.00135541205969769
"chr10:6444649:A:T",0.00158702757764995
"chr10:6445009:A:G",0.00115625132056318
"chr10:6445017:A:G",0.00117510860630898
"chr10:6445048:C:T",0.00100796637796918
"chr10:6445073:A:G",0.00114101459357319
"chr10:6445079:A:G",0.00104248174062538
"chr10:6445183:C:G",0.0101680647166632
"chr10:6445322:C:T",0.00137119035303579
"chr10:6445358:A:G",0.000940238465146903
"chr10:6445466:C:T",0.000884683647587314
"chr10:6445629:A:T",0.00696616033603437
"chr10:6445812:A:C",0.00101302422225535
"chr10:6446662:A:G",0.000980595113153404
"chr10:6446736:A:G",0.00128563431345619
"chr10:6446828:C:T",0.000882643969035812
"chr10:6446894:C:T",0.0014280608168169
"chr10:6447147:A:G",0.00137916705969454
"chr10:6447299:C:T",0.00100521348411986
"chr10:6447690:C:T",0.00090075661081368
"chr10:6447811:C:T",0.0012117925246683
"chr10:6448259:A:G",0.000893837287541777
"chr10:6448455:C:G",0.00095858585309494
"chr10:6448487:A:C",0.000919060713774233
"chr10:6448622:C:T",0.000990991420633858
"chr10:6448625:G:T",0.000904821006634804
"chr10:6448796:C:T",0.000999132524214685
"chr10:6450892:C:T",0.00124380256679169
"chr10:6451346:C:T",0.00089792881787254
"chr10:6451790:C:T",0.00683192399882893
"chr10:6451893:C:T",0.000913369117313434
"chr10:6451944:G:T",0.000902401875352066
"chr10:6452155:A:G",0.00107002411941692
"chr10:6452315:A:G",0.001070319701442
"chr10:6453668:C:G",0.00125664618038779
"chr10:6454224:C:G",0.000946886111544032
"chr10:6454374:C:T",0.00105763852889929
"chr10:6454960:A:T",0.000887953662986773
"chr10:6454966:G:T",0.000894618717323103
"chr10:6455345:C:T",0.000956591113940086
"chr10:6455460:C:T",0.000886860337455553
"chr10:6456495:C:T",0.00135020694932908
"chr10:6456597:A:C",0.000878615036415398
"chr10:6456761:A:G",0.00113343217344308
"chr10:6456837:C:G",0.00162120609911076
"chr10:6457266:C:T",0.00117762001600319
"chr10:6457586:A:G",0.00176173143236069
"chr10:6457644:C:T",0.0115553257806751
"chr10:6457752:C:T",0.011017450841759
"chr10:6457968:C:T",0.00103514628371815
"chr10:6458087:A:G",0.00102644612246761
"chr10:6458117:G:T",0.000905423096138613
"chr10:6458123:A:G",0.000905419234769722
"chr10:6458137:C:T",0.000896973776995491
"chr10:6458227:A:C",0.00117940855380239
"chr10:6458564:C:T",0.00115601100653107
"chr10:6458756:C:T",0.000889812618270813
"chr10:6458823:A:T",0.00114193806305685
"chr10:6458896:C:T",0.00116497681901528
"chr10:6459224:A:C",0.000889188831850518
"chr10:6459226:C:T",0.0011775330847188
"chr10:6459452:A:G",0.0010139584128851
"chr10:6459483:A:T",0.0011840823555086
"chr10:6459630:A:G",0.00105150852252267
"chr10:6459762:A:T",0.00104100252459083
"chr10:6460135:A:T",0.000889251796470591
"chr10:6460308:G:T",0.000878266892110124
"chr10:6460481:C:T",0.000952844893088334
"chr10:6460766:A:G",0.000902720873366181
"chr10:6461488:A:T",0.00299199635462222
"chr10:6461769:A:C",0.000989793032705966
"chr10:6461932:A:C",0.00136386099333041
"chr10:6461998:A:G",0.0010035346343038
"chr10:6462004:A:T",0.000995557919378443
"chr10:6462164:C:T",0.000883573329853227
"chr10:6462174:C:G",0.000888694268712742
"chr10:6462714:A:G",0.00207248751455358
"chr10:6462877:A:C",0.0111614925750544
"chr10:6462987:A:G",0.00203043509025225
"chr10:6463833:C:G",0.000894038052477675
"chr10:6463969:C:T",0.000894036929994457
"chr10:6465233:C:T",0.000890514670670584
"chr10:6465250:A:G",0.000881564463018791
"chr10:6466415:A:C",0.00127490843664502
"chr10:6466443:C:T",0.00115645136644427
"chr10:6466601:A:G",0.00107080215353794
"chr10:6466979:A:C",0.000924308321130218
"chr10:6467073:A:G",0.00110482657607069
"chr10:6468003:A:C",0.000878142934215842
"chr10:6468377:A:G",0.000877237135622932
"chr10:6468492:G:T",0.00190901069000715
"chr10:6468572:A:G",0.00155248393267171
"chr10:6469424:A:G",0.000882459072675368
"chr10:6469791:A:T",0.000942702831351672
"chr10:6470597:A:G",0.00120046073501612
"chr10:6470619:A:G",0.00142746774563907
"chr10:6470679:A:G",0.00120850168635933
"chr10:6471475:A:G",0.00157616172087627
"chr10:6471481:A:G",0.000898528959727085
"chr10:6471619:A:G",0.00119480783981607
"chr10:6471747:C:T",0.00262534508587431
"chr10:6471758:C:G",0.000980775195733807
"chr10:6472058:C:T",0.00299604769727169
"chr10:6472233:A:G",0.00136301203929978
"chr10:6472265:A:G",0.0009310722381769
"chr10:6472313:A:C",0.00113181126251494
"chr10:6472869:C:T",0.00789376899154648
"chr10:6473294:A:G",0.00105270321218776
"chr10:6473338:G:T",0.000877074920108023
"chr10:6474129:A:C",0.000979809422659517
"chr10:6474365:C:T",0.00102661370787716
"chr10:6475205:C:T",0.00098726557711748
"chr10:6475514:A:C",0.000892188414410966
"chr10:6475657:C:T",0.00111764856755758
"chr10:6476095:C:T",0.000997214483588138
"chr10:6476543:C:T",0.00106324258953794
"chr10:6476589:A:T",0.00102327316422668
"chr10:6477275:C:T",0.00283514179262156
"chr10:6477444:G:T",0.0009853570361672
"chr10:6477803:C:G",0.000901933116799203
"chr10:6478405:C:T",0.000952510259339068
"chr10:6478496:A:G",0.000950751855577137
"chr10:6478587:A:G",0.000991781279165882
"chr10:6478622:C:T",0.000877974648722302
"chr10:6479019:C:T",0.00108935638556618
"chr10:6479185:A:G",0.000993022585174752
"chr10:6479311:C:G",0.00120114786968883
"chr10:6479572:A:G",0.000956693914460738
"chr10:6479647:C:T",0.00370008124061116
"chr10:6479759:A:G",0.00159153626817388
"chr10:6479889:C:T",0.00093383691144322
"chr10:6480544:A:G",0.00185007054561837
"chr10:6480736:C:G",0.00136931174157284
"chr10:6480836:A:T",0.00106434914693398
"chr10:6480851:C:T",0.00103333229147318
"chr10:6480946:G:T",0.000885542471810385
"chr10:6481156:A:T",0.0010792085315704
"chr10:6481163:A:G",0.00378639483089616
"chr10:6481551:A:C",0.00114923632284936
"chr10:6482035:C:G",0.000940246920318244
"chr10:6482538:C:G",0.000950286551581803
"chr10:6483991:C:G",0.000929352665575034
"chr10:6484087:C:T",0.00165913989366362
"chr10:6484227:A:G",0.00135191367431697
"chr10:6484338:C:G",0.000877034597544624
"chr10:6484535:G:T",0.000935118183124306
"chr10:6485181:A:G",0.00378450652373286
"chr10:6485382:A:C",0.0011799319661544
"chr10:6485714:C:T",0.00113582363451337
"chr10:6485934:C:G",0.000877036886153038
"chr10:6487723:C:T",0.00145104240713234
"chr10:6487959:C:T",0.000888864340877649
"chr10:6488039:A:G",0.000891101483990075
"chr10:6488090:C:T",0.000944085289801389
"chr10:6488935:C:G",0.00126721023099052
"chr10:6490216:C:T",0.000906935767592931
"chr10:6490606:A:T",0.000946582571389798
"chr10:6491663:A:T",0.000885860533494154
"chr10:6491915:A:G",0.00155187044519445
"chr10:6491938:C:T",0.001457885651031
"chr10:6492124:C:T",0.000921420370021631
"chr10:6492422:A:G",0.000878946166962602
"chr10:6492580:A:G",0.00185725366722966
"chr10:6492611:A:G",0.000931804641932654
"chr10:6492630:A:G",0.00093253794524184
"chr10:6492658:C:T",0.00144334606431196
"chr10:6492733:A:G",0.000950865411351698
"chr10:6492766:C:G",0.00100160285665041
"chr10:6493102:C:G",0.00142846734240842
"chr10:6493470:A:G",0.00092787743803846
"chr10:6494346:C:T",0.000945727775006899
"chr10:6494574:A:G",0.000966780501485243
"chr10:6494590:C:T",0.00189630729059687
"chr10:6494646:C:T",0.00107502195026188
"chr10:6495075:A:T",0.00106885838429216
"chr10:6495305:A:C",0.00131451547183792
"chr10:6495463:C:T",0.00105348440319097
"chr10:6495494:C:T",0.000983474505114823
"chr10:6495503:C:T",0.00107824422403136
"chr10:6496120:A:G",0.000924806823049629
"chr10:6496341:A:C",0.000912261690524829
"chr10:6497428:G:T",0.000885721136802298
"chr10:6498744:C:G",0.00146576823149458
"chr10:6498761:A:G",0.000898881078920333
"chr10:6499961:C:T",0.00105107803001492
"chr10:6501101:A:G",0.000877149709844316
"chr10:6503373:A:G",0.000936860521057792
"chr10:6503391:A:G",0.000913555419656098
"chr10:6503801:C:G",0.000944755742112835
"chr10:6504056:C:T",0.0010093086291697
"chr10:6504535:A:C",0.00397992109744749
"chr10:6504933:G:T",0.000935590176013634
"chr10:6505183:C:T",0.00204132770638232
"chr10:6505648:C:T",0.000927227636826733
"chr10:6505947:A:G",0.00193378914905651
"chr10:6506879:C:T",0.00156960832589692
"chr10:6508237:A:G",0.00101195194925108
"chr10:6508628:C:T",0.00110385673940983
"chr10:6508919:C:T",0.00113627615542389
"chr10:6509478:A:G",0.00107276754196217
"chr10:6509721:C:T",0.000989199953244757
"chr10:6509770:C:T",0.000877369353806667
"chr10:6510890:C:T",0.00176647192911306
"chr10:6511109:C:T",0.00413732370551523
"chr10:6511672:C:T",0.00106474500004028
"chr10:6512865:C:T",0.000982444614955891
"chr10:6513869:A:G",0.00154935386536259
"chr10:6514079:C:T",0.000903140497228949
"chr10:6514530:A:G",0.00126050904384845
"chr10:6514592:C:T",0.000984154563146045
"chr10:6514892:C:T",0.00104981470464105
"chr10:6516226:G:T",0.00164907478868537
"chr10:6516307:A:G",0.00104981575211238
"chr10:6516378:C:T",0.0010877991138174
"chr10:6517828:C:T",0.00170632131047632
"chr10:6518332:A:G",0.00115626555232096
"chr10:6518559:C:T",0.000888274448678228
"chr10:6518740:G:T",0.00108568152344435
"chr10:6518765:C:T",0.00172088465685583
"chr10:6519221:A:G",0.00118158292104797
"chr10:6519285:A:C",0.00165432966937318
"chr10:6519513:C:G",0.000888144979745986
"chr10:6519602:C:T",0.00108048169038122
"chr10:6519603:C:T",0.00108342321183597
"chr10:6520236:C:T",0.00106024327560694
"chr10:6520279:A:G",0.000900600520946204
"chr10:6520917:G:T",0.00106315777827626
"chr10:6521904:G:T",0.000889674163967458
"chr10:6522615:C:T",0.000888894108462379
"chr10:6522813:C:T",0.00108982404596647
"chr10:6522841:G:T",0.00122789252641797
"chr10:6522948:A:G",0.000919981449399754
"chr10:6523137:A:G",0.000917939583496619
"chr10:6523512:C:T",0.000957281031165991
"chr10:6525543:C:T",0.00220746357869561
"chr10:6526086:A:C",0.00092827560734432
"chr10:6526239:A:G",0.00238373374819556
"chr10:6526653:C:G",0.000905536710455901
"chr10:6526671:G:T",0.00363446184957694
"chr10:6526958:C:G",0.000889910946842987
"chr10:6527056:A:G",0.00246555118793379
"chr10:6527762:C:T",0.00089180054995619
"chr10:6528377:G:T",0.00224961521928102
"chr10:6530263:C:T",0.000891512920340842
"chr10:6530341:C:T",0.00231948058924103
"chr10:6530598:A:G",0.000895588100466638
"chr10:6530952:G:T",0.00303736790153453
"chr10:6533260:C:T",0.000932975310816264
"chr10:6533407:A:G",0.000924676857132822
"chr10:6533991:A:C",0.000922313555190124
"chr10:6534531:A:G",0.000892394983863065
"chr10:6534919:G:T",0.00126975660793227
"chr10:6535404:C:G",0.00124270484963451
"chr10:6535711:C:G",0.00095538748250068
"chr10:6536077:A:G",0.000911912086464683
"chr10:6536666:A:G",0.000993732428734906
"chr10:6536835:A:G",0.000982569819564127
"chr10:6537100:A:T",0.000914057066058072
"chr10:6540967:A:G",0.000889314232667471
"chr10:6541018:G:T",0.00256801188897093
"chr10:6542489:C:T",0.000894524008548392
"chr10:6543452:A:G",0.000877799210779129
"chr10:6543855:A:G",0.000929518758342796
"chr10:6543933:A:G",0.0015714700864019
"chr10:6544180:C:T",0.0008803551403469
"chr10:6545053:A:G",0.000880481205337014
"chr10:6545274:A:G",0.0008772138955635
"chr10:6545710:C:T",0.000884272551791021
"chr10:6546055:A:G",0.000880800060771625
"chr10:6551202:A:T",0.000886749599501857
"chr10:6554280:A:G",0.000877990618883939
"chr10:6554370:A:G",0.00099527988420911
"chr10:6554576:C:G",0.000909062900128266
"chr10:6555115:C:T",0.00087712608066004
"chr10:6555406:C:T",0.000895058958941375
"chr10:6555737:C:G",0.00107034734837008
"chr10:6556596:A:G",0.000905738216696816
"chr10:6557157:A:G",0.000908090694463293
"chr10:6557434:C:T",0.00113270857641101
"chr10:6558306:C:T",0.000902424573420157
"chr10:6558871:C:T",0.000901161056592548
"chr10:6558949:C:G",0.000901161056592548
"chr10:6559891:C:T",0.000899175243531114
"chr10:6559986:G:T",0.000900341983701369
"chr10:6560255:A:G",0.000900654865826356
"chr10:6560305:C:G",0.000903696728151604
"chr10:6560609:C:G",0.00362521176784425
"chr10:6560788:A:C",0.000910817912522455
"chr10:6561348:A:C",0.000916233384910536
"chr10:6563008:A:G",0.000897171668508667
"chr10:6564175:C:T",0.00099647332828956
"chr10:6564324:A:G",0.00094863709911408
"chr10:6564372:A:C",0.000935741387127709
"chr10:6564473:A:G",0.00114092097085638
"chr10:6564579:C:T",0.000900851908869904
"chr10:6565096:C:T",0.000898255870289244
"chr10:6566332:C:T",0.000889774178908675
"chr10:6566351:C:T",0.0010576852194063
"chr10:6566771:A:G",0.00106451092144588
"chr10:6567016:A:G",0.000917499103993302
"chr10:6568538:C:T",0.000913332281361368
"chr10:6570544:A:G",0.00100575085193311
"chr10:6571818:A:T",0.000946371276851599
"chr10:6572095:C:T",0.000940933433316804
"chr10:6572316:C:T",0.000944931909676039
"chr10:6572497:A:C",0.00123470219629318
"chr10:6572694:C:G",0.00094989128522982
"chr10:6573425:C:T",0.000970338462671361
"chr10:6573492:C:T",0.0010673463619475
"chr10:6574022:C:T",0.00103520410868119
"chr10:6574158:C:T",0.000965473786629589
"chr10:6574374:A:G",0.000974439754198531
"chr10:6574401:A:G",0.00104766426662084
"chr10:6583416:C:T",0.000905632536808754
"chr10:6585738:C:T",0.000888886800634592
"chr10:6586181:A:G",0.00088569431137453
"chr10:6586372:A:C",0.000892670928719141
"chr10:6587263:A:G",0.000899777658419532
"chr10:6588133:A:G",0.000895108732634542
"chr10:6592450:A:T",0.000881727501643614
"chr10:6593074:A:G",0.000887822520105219
"chr10:6596894:G:T",0.00103819495466895
"chr10:6598024:A:G",0.00103779840466989
"chr10:6599469:C:T",0.000943002239366164
"chr10:6599492:C:T",0.000942806376344363
"chr10:6599765:A:C",0.000877196920356704
"chr10:6601507:A:G",0.000950870075221766
"chr10:6601841:C:T",0.000949956160873677
"chr10:6601854:A:C",0.00102551214772051
"chr10:6601889:A:G",0.000911821002679614
"chr10:6602153:C:T",0.00119798718160702
"chr10:6602378:A:G",0.000902317298339672
"chr10:6602383:A:G",0.000901926435970646
"chr10:6602524:C:T",0.000963385465982847
"chr10:6602712:A:G",0.00146875499578092
"chr10:6603354:A:G",0.000950942705728708
"chr10:6603729:A:C",0.00310963734554259
"chr10:6604559:G:T",0.00104044083358235
"chr10:6604719:C:G",0.000999723416818199
"chr10:6605167:C:T",0.000957177325852432
"chr10:6605457:A:T",0.000979729907429672
"chr10:6605503:A:G",0.000899361218087202
"chr10:6605955:C:T",0.000958775687300406
"chr10:6605969:A:G",0.00352393004835916
"chr10:6606279:A:G",0.00229301900314061
"chr10:6607170:A:G",0.000889720332038713
"chr10:6607198:C:T",0.000885002328416262
"chr10:6607305:A:G",0.00121490920865264
"chr10:6607399:A:G",0.000878465009554241
"chr10:6607412:A:G",0.00157713441192719
"chr10:6607673:A:G",0.000955835259944249
"chr10:6607693:C:T",0.000938269311273943
"chr10:6607751:C:G",0.00179055993473209
"chr10:6607753:G:T",0.00189591973871428
"chr10:6607973:C:T",0.000936108936096636
"chr10:6608331:A:G",0.00184454780339161
"chr10:6608464:C:T",0.000930620989136877
"chr10:6608502:A:T",0.00105026511447959
"chr10:6608648:A:G",0.0012929845950026
"chr10:6608707:A:G",0.000911291408825177
"chr10:6608784:A:G",0.00115563765881666
"chr10:6608798:C:T",0.000916867960225276
"chr10:6608813:G:T",0.000931226963141185
"chr10:6609029:G:T",0.00131899240582845
"chr10:6609601:A:G",0.00087768681368483
"chr10:6609979:A:G",0.000911436912301555
"chr10:6610181:C:T",0.00189252073403412
"chr10:6610200:A:T",0.00105260226956527
"chr10:6610888:A:C",0.00127631213272206
"chr10:6610913:C:T",0.00097912799873312
"chr10:6611151:A:G",0.000961057320750469
"chr10:6611715:A:G",0.000877121532675273
"chr10:6611789:C:G",0.000944417017786248
"chr10:6611974:G:T",0.00165433804777126
"chr10:6612253:A:G",0.000879226783333853
"chr10:6612795:C:T",0.00160513093560455
"chr10:6612823:A:G",0.000946031140404591
"chr10:6612910:C:G",0.000952892279941664
"chr10:6613076:G:T",0.00204810197829619
"chr10:6613211:C:T",0.000953790434180979
"chr10:6613344:A:G",0.00104587455328109
"chr10:6613388:G:T",0.000940851234851325
"chr10:6613587:C:T",0.00176187045104037
"chr10:6613771:C:T",0.000905335782018346
"chr10:6614026:A:G",0.00122276078970729
"chr10:6614117:A:C",0.000948720933131364
"chr10:6614405:A:C",0.000916098464487924
"chr10:6614473:A:T",0.00100679177375962
"chr10:6614502:A:T",0.000905371768605945
"chr10:6614854:A:G",0.00149600907997893
"chr10:6614878:C:T",0.000996733691743357
"chr10:6614895:A:G",0.000992314850307485
"chr10:6615071:C:T",0.00100574762938443
"chr10:6615356:A:G",0.00164570720013968
"chr10:6615358:A:G",0.00172914447527905
"chr10:6615813:C:T",0.00197353852544835
"chr10:6616116:C:T",0.000990209689553656
"chr10:6616308:C:T",0.000987580071962979
"chr10:6616555:A:C",0.000970359504124274
"chr10:6616856:C:T",0.000963476648209727
"chr10:6616898:C:T",0.00108073194766545
"chr10:6617219:G:T",0.00113348812621961
"chr10:6617320:A:T",0.00110297559104788
"chr10:6617427:A:G",0.001147584432314
"chr10:6617454:C:T",0.000948810918820708
"chr10:6617784:A:G",0.0010802256398732
"chr10:6618241:A:G",0.00142138646122891
"chr10:6618328:A:T",0.00105650213587749
"chr10:6618342:A:G",0.00110318390848518
"chr10:6618348:C:T",0.00110333144069541
"chr10:6618414:C:T",0.00105224385293601
"chr10:6618471:C:T",0.00087755791088584
"chr10:6618492:C:T",0.00122147522227367
"chr10:6618838:A:G",0.000953448865971929
"chr10:6618902:A:G",0.00126473876027
"chr10:6618989:A:G",0.00121042465980126
"chr10:6619259:C:G",0.00124619474460352
"chr10:6619438:A:T",0.00126868697372617
"chr10:6619515:G:T",0.00104727935566873
"chr10:6619559:G:T",0.00109903688321222
"chr10:6619560:C:T",0.00109216253548061
"chr10:6619901:G:T",0.00088637805336178
"chr10:6619903:A:G",0.00088427004456415
"chr10:6620173:A:G",0.00130312511160902
"chr10:6620226:A:G",0.000880441295314394
"chr10:6620237:A:T",0.000884256473839051
"chr10:6620240:A:G",0.000883320626078543
"chr10:6620372:A:G",0.00124336585603635
"chr10:6620695:C:T",0.00099636123491309
"chr10:6621264:G:T",0.00122395527128838
"chr10:6621351:G:T",0.00127013065405501
"chr10:6621926:G:T",0.00151737918858441
"chr10:6621976:A:G",0.00100425469872567
"chr10:6621983:C:T",0.00100247985708157
"chr10:6622026:C:T",0.0010283241418404
"chr10:6622192:A:C",0.00128170854721721
"chr10:6622561:A:G",0.00155330711199531
"chr10:6622651:G:T",0.00146438737255283
"chr10:6622706:C:G",0.0014295232313789
"chr10:6622751:C:T",0.00101762604896705
"chr10:6622877:C:T",0.0015130446510212
"chr10:6622974:A:G",0.00148716425569129
"chr10:6623003:C:T",0.000885912518492238
"chr10:6623130:A:G",0.00110969289763185
"chr10:6623387:G:T",0.00106051538072249
"chr10:6623569:A:G",0.000883756956060133
"chr10:6623618:G:T",0.00108628267818867
"chr10:6623621:C:T",0.0016790111509325
"chr10:6623909:A:T",0.00123762928945681
"chr10:6623997:A:G",0.00112377299248123
"chr10:6624214:A:G",0.00130617409654965
"chr10:6624616:A:G",0.00129984149865336
"chr10:6624697:A:G",0.00131962338740443
"chr10:6625004:G:T",0.000885141671699397
"chr10:6625654:C:T",0.00111447015651467
"chr10:6625897:A:G",0.00119240148186395
"chr10:6626010:G:T",0.00135122000931376
"chr10:6626214:C:T",0.00117624209829026
"chr10:6626349:C:T",0.000893880724820106
"chr10:6626458:C:T",0.00132654124864839
"chr10:6626613:A:G",0.0011737271308796
"chr10:6626868:A:G",0.00087764356963127
"chr10:6626947:A:G",0.00113427050012926
"chr10:6627038:C:G",0.000882341763431271
"chr10:6628006:C:T",0.00106996261267511
"chr10:6628382:A:G",0.00117143594938718
"chr10:6628408:A:G",0.00108667167364829
"chr10:6629294:A:G",0.00156712741791365
"chr10:6629456:A:G",0.00106329232770341
"chr10:6629658:A:G",0.00108157559622957
"chr10:6630009:A:C",0.00127412093660073
"chr10:6631059:C:T",0.00103052938818715
"chr10:6631239:C:T",0.00112653018711351
"chr10:6631352:C:G",0.00106271658262502
"chr10:6631473:A:G",0.00157923778281632
"chr10:6632740:A:G",0.00126127506694274
"chr10:6633488:C:T",0.00111058397018249
"chr10:6633539:C:G",0.00131291062616823
"chr10:6633611:A:T",0.00129829575016405
"chr10:6634191:C:T",0.000988846887116646
"chr10:6634272:C:T",0.00129698926481769
"chr10:6634318:A:G",0.00107181819299096
"chr10:6634560:C:T",0.00129576669910259
"chr10:6634639:C:T",0.00102703622672584
"chr10:6634664:A:G",0.00142063869492848
"chr10:6634768:C:T",0.00140926315083845
"chr10:6634847:A:G",0.00106663637426985
"chr10:6634876:A:G",0.000880001313245282
"chr10:6635099:G:T",0.0013956827676278
"chr10:6635142:C:T",0.0011814656361715
"chr10:6635386:A:G",0.000885931518345595
"chr10:6635403:C:T",0.000888910500251194
"chr10:6635558:C:T",0.00118041055338658
"chr10:6635578:G:T",0.00114587592917326
"chr10:6635805:C:T",0.00115304182204345
"chr10:6636214:G:T",0.00119330134014384
"chr10:6636294:G:T",0.00120546520952747
"chr10:6636582:A:G",0.000883235659751458
"chr10:6636939:C:G",0.00123812772367438
"chr10:6637100:G:T",0.00120090156197761
"chr10:6637386:G:T",0.00125885902883793
"chr10:6637396:A:T",0.00126663123673121
"chr10:6637453:C:T",0.00127482329077511
"chr10:6637556:G:T",0.00129931753923529
"chr10:6637836:C:T",0.000885087163768783
"chr10:6637891:C:T",0.00089081273116165
"chr10:6638041:A:G",0.00126784926280221
"chr10:6638382:G:T",0.0012749786024675
"chr10:6638424:G:T",0.00091501051196663
"chr10:6638495:A:G",0.00133245467412746
"chr10:6638573:C:T",0.000929508941904023
"chr10:6638670:A:G",0.00129612811256885
"chr10:6639201:A:G",0.00157020320961243
"chr10:6639291:A:G",0.00156607899275407
"chr10:6639415:A:T",0.00158120431572373
"chr10:6639592:A:G",0.00156739763505831
"chr10:6639667:C:T",0.00157858056521865
"chr10:6640060:C:T",0.000938445841307534
"chr10:6640370:C:G",0.00124046611900885
"chr10:6640577:C:T",0.0015073333079596
"chr10:6641122:A:G",0.00106190228428393
"chr10:6641130:C:T",0.00162840364278916
"chr10:6641481:C:T",0.00111344187748208
"chr10:6641666:C:T",0.00118398561421917
"chr10:6642121:C:T",0.00107966199322984
"chr10:6642179:C:T",0.00145554469744458
"chr10:6642337:C:T",0.00132404836930344
"chr10:6642398:A:G",0.000884163108073044
"chr10:6642560:A:G",0.00105930462690795
"chr10:6643114:A:G",0.000978617897681722
"chr10:6643116:A:G",0.000980786742160844
"chr10:6643864:A:G",0.000937191711999685
"chr10:6644444:C:T",0.00151094582633637
"chr10:6644673:A:G",0.000975188337209776
"chr10:6645033:A:C",0.00120564532950085
"chr10:6645448:G:T",0.000883874576285248
"chr10:6646985:C:T",0.000884686408724855
"chr10:6647748:C:T",0.00123388632797372
"chr10:6648185:C:T",0.000878727776854271
"chr10:6648414:A:G",0.000936636756986298
"chr10:6648986:A:G",0.0010332387892571
"chr10:6649475:C:T",0.000977019665777124
"chr10:6649682:A:G",0.0015517823363318
"chr10:6650303:G:T",0.000993989192727418
"chr10:6650425:A:G",0.00148957072497313
"chr10:6651049:C:T",0.00120750333642938
"chr10:6651428:A:T",0.00133693550157687
"chr10:6651891:A:G",0.000887899592861285
"chr10:6652195:A:C",0.0012380343973778
"chr10:6652358:C:T",0.000899936470161733
"chr10:6652417:A:C",0.000879692149622024
"chr10:6652942:A:G",0.00173683983617268
"chr10:6653332:A:C",0.000909690213750425
"chr10:6653523:A:G",0.000887391147812888
"chr10:6653601:A:T",0.000882549825016787
"chr10:6654267:A:G",0.000883334284907833
"chr10:6654493:A:C",0.0013630629043252
"chr10:6656134:C:T",0.0013636173208661
"chr10:6656245:C:T",0.00149667069076853
"chr10:6656368:A:G",0.000965326447487924
"chr10:6657231:C:T",0.00155481479593622
"chr10:6657274:C:T",0.00128851767761651
"chr10:6657811:A:C",0.00155441693359104
"chr10:6658154:A:G",0.00125581510349748
"chr10:6658274:C:T",0.000896790777210388
"chr10:6658361:A:G",0.000906382247466975
"chr10:6659001:A:G",0.000902250459495879
"chr10:6659028:A:G",0.00153672041367803
"chr10:6659286:C:T",0.00087790692670553
"chr10:6659752:C:G",0.000893981582613557
"chr10:6660063:C:T",0.000986704262910254
"chr10:6660265:C:T",0.00090507500272663
"chr10:6660636:C:T",0.000878742544956013
"chr10:6662291:C:T",0.00128646351501838
"chr10:6662423:A:G",0.000895947731906488
"chr10:6662626:G:T",0.000905319657961812
"chr10:6663255:A:G",0.000889323869271541
"chr10:6663421:A:G",0.00108603584298839
"chr10:6663551:C:T",0.00101132645715551
"chr10:6664120:A:C",0.00130529074695951
"chr10:6664636:A:G",0.00132230324581351
"chr10:6664910:C:T",0.0014628019811741
"chr10:6666134:A:G",0.000881054617321797
"chr10:6666140:C:T",0.000885053242869693
"chr10:6666778:A:G",0.0014172084596501
"chr10:6667084:C:T",0.00171338071466853
"chr10:6667257:A:T",0.00100623974749625
"chr10:6667397:A:G",0.00091564723679749
"chr10:6667417:A:C",0.00161056964732154
"chr10:6667489:A:G",0.00158413983225458
"chr10:6667696:A:G",0.00119585037870085
"chr10:6667900:C:T",0.00104677136953069
"chr10:6668201:A:G",0.00138762771607759
"chr10:6668221:A:G",0.000888323909143729
"chr10:6668611:A:G",0.00138674973470965
"chr10:6668842:A:G",0.00206935167987432
"chr10:6668882:A:G",0.00214955351196056
"chr10:6669083:A:G",0.00115402579294244
"chr10:6669229:C:G",0.00113817049222842
"chr10:6669918:G:T",0.000919955514576132
"chr10:6670339:A:C",0.000905890510351615
"chr10:6670619:A:G",0.0016261154209678
"chr10:6671153:C:T",0.00117451835283178
"chr10:6671579:C:T",0.000877033466395449
"chr10:6671724:C:T",0.00089873568567489
"chr10:6671761:G:T",0.000901999429096079
"chr10:6671798:C:T",0.00106900636716489
"chr10:6671956:C:G",0.000883106900794961
"chr10:6672007:C:T",0.00106811411614616
"chr10:6672098:A:T",0.00103806764454251
"chr10:6672213:C:T",0.00129287032775061
"chr10:6672295:C:T",0.000933370342306006
"chr10:6672396:C:T",0.00104547534850008
"chr10:6672400:C:T",0.000877172554979433
"chr10:6672462:C:T",0.00152840363330775
"chr10:6672697:C:T",0.00128524972585098
"chr10:6672809:A:G",0.00128413223506707
"chr10:6672864:C:T",0.00160258460257634
"chr10:6672921:A:G",0.00284476550641177
"chr10:6673017:G:T",0.0028372419722027
"chr10:6673337:A:G",0.0014924210834919
"chr10:6673347:C:T",0.00163131697069807
"chr10:6673658:A:G",0.000902094615015003
"chr10:6673700:G:T",0.000893134888025893
"chr10:6674463:A:G",0.00139430638309423
"chr10:6674555:C:T",0.000934146072138153
"chr10:6674567:C:G",0.000904234937554427
"chr10:6674611:C:T",0.000908503487984325
"chr10:6674915:A:C",0.00143749993765863
"chr10:6675434:C:T",0.000929359400082097
"chr10:6675553:C:T",0.00103735671063632
"chr10:6675829:C:G",0.00151929401982742
"chr10:6675903:C:T",0.00104977222807756
"chr10:6676013:A:T",0.00103362086790204
"chr10:6676277:C:G",0.000944640105349004
"chr10:6676343:C:T",0.00149903367144943
"chr10:6676683:A:G",0.00155972032258633
"chr10:6676700:C:T",0.00093200724729714
"chr10:6676828:A:T",0.00131670823275443
"chr10:6676847:A:G",0.000911905747810082
"chr10:6676962:A:G",0.00135471186139013
"chr10:6676963:C:G",0.00145456301619551
"chr10:6677359:C:G",0.000903911049308093
"chr10:6677565:A:G",0.000952401914201317
"chr10:6678313:A:G",0.000978939278414415
"chr10:6678645:C:T",0.00161159050081661
"chr10:6678792:A:C",0.000896503240444657
"chr10:6678837:A:G",0.0013643459122662
"chr10:6678978:G:T",0.00143333993260841
"chr10:6679089:A:G",0.00141526757480337
"chr10:6679459:C:T",0.000877555772576311
"chr10:6679922:C:T",0.000925836029103455
"chr10:6680147:A:C",0.000878400987199601
"chr10:6680310:A:C",0.000918283414942156
"chr10:6680314:A:G",0.00168008227763916
"chr10:6680401:C:T",0.000877544695617405
"chr10:6680778:C:T",0.00140382895789593
"chr10:6680853:C:T",0.00102443512261929
"chr10:6681061:A:G",0.00166270288612491
"chr10:6681329:C:T",0.00151522197373044
"chr10:6681730:A:G",0.000901759447706874
"chr10:6681978:C:G",0.00156018978811345
"chr10:6682233:A:G",0.000887108661076996
"chr10:6682270:C:T",0.00149053474527572
"chr10:6682286:G:T",0.00147368508001455
"chr10:6682587:C:T",0.00141843075621562
"chr10:6682594:A:T",0.00144730337520338
"chr10:6682817:C:G",0.00139171264691373
"chr10:6682911:C:T",0.00136991245119755
"chr10:6682921:C:T",0.00140791076098312
"chr10:6682943:C:T",0.00129696249273781
"chr10:6682978:A:C",0.00089392658640719
"chr10:6683284:C:T",0.000888528259676891
"chr10:6683288:A:G",0.00141149314616285
"chr10:6683362:A:G",0.00101474672616408
"chr10:6683370:C:T",0.00140429023481503
"chr10:6683388:C:T",0.00136998254900522
"chr10:6683429:A:C",0.00304587463209294
"chr10:6683439:A:T",0.000920320665602992
"chr10:6683625:G:T",0.0013420923279206
"chr10:6683855:C:T",0.000920451057817018
"chr10:6683921:A:G",0.00129909703143005
"chr10:6683939:C:T",0.00145794456332393
"chr10:6683997:A:T",0.00131152608045826
"chr10:6684066:C:T",0.00141632192411079
"chr10:6684143:A:G",0.00140061206834374
"chr10:6684292:C:T",0.0013982437229364
"chr10:6684644:A:G",0.00137448727650924
"chr10:6684741:A:G",0.0014125653225715
"chr10:6684804:C:T",0.00141101402089183
"chr10:6684831:A:C",0.00144323825484727
"chr10:6685122:G:T",0.00091844039677047
"chr10:6685154:C:T",0.00135323252250341
"chr10:6685247:A:G",0.000893001503089685
"chr10:6685342:A:G",0.00140063691526238
"chr10:6685349:C:G",0.00138088832726968
"chr10:6685387:C:T",0.00093250721047422
"chr10:6685519:A:G",0.00136244046698553
"chr10:6685576:C:T",0.000877886003421535
"chr10:6685658:A:G",0.00132284492575185
"chr10:6685740:A:C",0.00144933564649996
"chr10:6685939:C:T",0.00133958069831053
"chr10:6686062:A:G",0.00132446594463054
"chr10:6686083:C:T",0.00132754549270098
"chr10:6686124:A:C",0.00135555688296962
"chr10:6686196:G:T",0.00134219992912266
"chr10:6686239:C:T",0.00133145111169386
"chr10:6686282:A:G",0.00149805666418379
"chr10:6686437:C:T",0.00120473731320214
"chr10:6686585:G:T",0.00131302723848792
"chr10:6686586:C:T",0.00109542778878435
"chr10:6686955:C:T",0.0010140036465992
"chr10:6686956:C:G",0.00130995715401494
"chr10:6687114:C:T",0.00141369669977842
"chr10:6687261:A:G",0.00134333399751252
"chr10:6687535:C:T",0.00101270326417868
"chr10:6687549:A:G",0.00101633482862717
"chr10:6687716:C:G",0.00101263579336963
"chr10:6687727:A:T",0.00097125472025561
"chr10:6687896:A:C",0.00101250085587745
"chr10:6688159:C:T",0.00100696515408183
"chr10:6688247:G:T",0.00102447029076747
"chr10:6688276:C:T",0.00107989527333952
"chr10:6688306:A:G",0.00101870874509813
"chr10:6688348:A:G",0.00101733166289319
"chr10:6689307:C:T",0.000877111445752865
"chr10:6689414:A:G",0.000878442836296678
"chr10:6689494:C:G",0.00131161749059217
"chr10:6689527:A:G",0.000881165546159579
"chr10:6689894:A:C",0.00120342006789775
"chr10:6689956:A:T",0.000878200394707762
"chr10:6691726:A:C",0.000897118570461042
"chr10:6692449:G:T",0.000882996298860683
"chr10:6692831:A:T",0.000877169150533263
"chr10:6692945:C:T",0.00092253482575011
"chr10:6693174:A:G",0.000935424303028287
"chr10:6693806:A:G",0.000959397886126312
"chr10:6693892:A:G",0.000880931623676529
"chr10:6694599:C:T",0.00109666228369543
"chr10:6694959:A:C",0.00096962561820646
"chr10:6694987:A:G",0.00202018929468728
"chr10:6695077:C:T",0.00203172181238831
"chr10:6695253:A:G",0.000961516608602331
"chr10:6695543:C:T",0.000885460192541321
"chr10:6696025:A:G",0.000902493908502611
"chr10:6696351:A:G",0.003476669570039
"chr10:6696597:A:T",0.00189110291781658
"chr10:6696615:A:G",0.000897177357008005
"chr10:6696652:A:G",0.00110984634894817
"chr10:6696968:A:G",0.00106542851085589
"chr10:6697636:A:G",0.00109533645443471
"chr10:6697754:A:G",0.000924127704537314
"chr10:6698186:A:G",0.00180684247414775
"chr10:6699215:A:G",0.000897826519195899
"chr10:6699807:C:T",0.00111524598747548
"chr10:6699818:A:G",0.000879179474808089
"chr10:6700370:C:T",0.00248333072210305
"chr10:6700457:A:C",0.00104938301144497
"chr10:6700682:A:T",0.000883092585346801
"chr10:6700931:C:G",0.00201704903079136
"chr10:6701366:A:G",0.00193289059251389
"chr10:6701547:A:C",0.00239787969038474
"chr10:6701635:C:T",0.000940671950142802
"chr10:6701764:C:T",0.00202906606089681
"chr10:6701819:G:T",0.000877167669515733
"chr10:6701932:A:T",0.000877096426431079
"chr10:6702132:G:T",0.000882188986075838
"chr10:6702143:A:G",0.000962598924890479
"chr10:6703009:C:T",0.000886180434645611
"chr10:6703666:C:G",0.00121921102945766
"chr10:6703970:C:T",0.00101370149993418
"chr10:6704738:C:T",0.00180013791680345
"chr10:6704885:G:T",0.0017503025596376
"chr10:6705559:C:G",0.001708049755487
"chr10:6705658:A:G",0.000882814523677333
"chr10:6705809:C:T",0.0016763002827368
"chr10:6705887:C:T",0.0022524894749667
"chr10:6705975:A:G",0.00154526378156328
"chr10:6706213:A:C",0.00110216542690167
"chr10:6706273:A:T",0.00142795372077675
"chr10:6706352:A:C",0.0011163499293313
"chr10:6706367:C:T",0.000896715025926254
"chr10:6706414:A:C",0.000901974693608976
"chr10:6706502:C:T",0.00139417166114075
"chr10:6706522:A:G",0.000878276055162108
"chr10:6706523:C:G",0.000879004003091821
"chr10:6706539:C:T",0.00142387786115261
"chr10:6707676:C:T",0.00138248426287058
"chr10:6708088:A:G",0.000885324608543403
"chr10:6708319:A:G",0.000938567268065182
"chr10:6708998:A:G",0.000905198893348502
"chr10:6709126:C:T",0.000878766602983472
"chr10:6709291:C:T",0.0010505466263353
"chr10:6709603:A:C",0.00231180921086915
"chr10:6709902:A:G",0.0017129455591447
"chr10:6709981:A:C",0.00114357540193177
"chr10:6710074:C:T",0.000906189266527968
"chr10:6710162:A:C",0.00141650796963799
"chr10:6710281:A:G",0.00235159460934931
"chr10:6711836:A:G",0.000929756977659513
"chr10:6711894:C:G",0.000888920230353918
"chr10:6712117:G:T",0.000895260385536445
"chr10:6712986:C:T",0.00181946943761724
"chr10:6713047:C:T",0.000946494835078915
"chr10:6713342:C:T",0.00179986516278174
"chr10:6713778:G:T",0.00198451235375097
"chr10:6713832:A:G",0.000890002815232438
"chr10:6714566:G:T",0.00114979554799355
"chr10:6714868:A:G",0.00197614761483456
"chr10:6715021:A:G",0.00120287812127984
"chr10:6715422:A:C",0.00103330481636787
"chr10:6715461:C:T",0.00123884339302738
"chr10:6715497:C:T",0.000877087875367222
"chr10:6715502:A:G",0.00102775465218152
"chr10:6715508:A:G",0.00092694652894143
"chr10:6715596:C:T",0.00098887404284187
"chr10:6716628:C:T",0.00122343720823426
"chr10:6717026:A:T",0.00181405095580855
"chr10:6717948:C:G",0.00122298473760551
"chr10:6718005:A:T",0.0010109829778403
"chr10:6718460:A:G",0.000889474823452585
"chr10:6718749:A:T",0.00101046794751536
"chr10:6719008:A:C",0.000947550026830779
"chr10:6719015:A:G",0.000981387176798854
"chr10:6719050:A:G",0.00122885792743344
"chr10:6719623:C:T",0.000958183249361921
"chr10:6720009:C:T",0.000953220242182584
"chr10:6720050:C:T",0.0019441689104307
"chr10:6720060:A:G",0.000896056443753013
"chr10:6720441:A:G",0.00194311884397214
"chr10:6720526:C:T",0.00127625450524604
"chr10:6720563:C:T",0.00088829879933261
"chr10:6720721:C:T",0.00186320499794179
"chr10:6721076:A:G",0.000952825675335944
"chr10:6721751:A:C",0.00199858563153898
"chr10:6721787:A:G",0.000878234943259892
"chr10:6722077:C:G",0.0016698700925647
"chr10:6722618:C:T",0.00096349362055026
"chr10:6723486:C:T",0.00102427818544848
"chr10:6723533:G:T",0.000959842252352128
"chr10:6723587:A:C",0.00172007708794797
"chr10:6723631:A:G",0.000898341283392834
"chr10:6723731:A:G",0.000985410883327154
"chr10:6723757:A:G",0.0020128021386675
"chr10:6724200:A:G",0.000940782030910414
"chr10:6724838:A:G",0.000936995793786588
"chr10:6724876:A:T",0.000903566891592544
"chr10:6725344:A:G",0.0013079599265301
"chr10:6725970:G:T",0.000992396056502698
"chr10:6726375:A:G",0.00181908478334614
"chr10:6726874:G:T",0.00190086100324993
"chr10:6726931:A:G",0.000877124283504283
"chr10:6727084:C:T",0.000940874903582634
"chr10:6727168:C:T",0.000897572727446061
"chr10:6727335:A:G",0.0017627820131364
"chr10:6727569:C:T",0.000882965450557438
"chr10:6728398:G:T",0.00104948540350058
"chr10:6728528:A:G",0.00196042453711232
"chr10:6728649:A:G",0.000882920651987473
"chr10:6729372:C:T",0.00088528870607496
"chr10:6729632:C:T",0.000945206037149648
"chr10:6729995:C:T",0.0011850838257631
"chr10:6730056:A:C",0.000963957730805487
"chr10:6730166:A:T",0.00107946102738954
"chr10:6730613:A:C",0.000961012385809479
"chr10:6730698:A:G",0.00449354882222175
"chr10:6730919:A:G",0.000888972656813869
"chr10:6731362:A:G",0.000938944808598796
"chr10:6731760:A:G",0.000941646306331645
"chr10:6731772:A:G",0.000909150258269764
"chr10:6731873:G:T",0.000936248605859502
"chr10:6731935:C:T",0.000996296277043229
"chr10:6732044:C:T",0.000941349120635371
"chr10:6732308:C:G",0.000917974336031802
"chr10:6732389:A:G",0.00105222441273711
"chr10:6732694:A:G",0.00087921233220789
"chr10:6733431:A:G",0.000960691330706975
"chr10:6733966:A:G",0.00103840189687476
"chr10:6734217:A:G",0.000921159098927316
"chr10:6734485:C:T",0.000956495414197733
"chr10:6734513:C:T",0.00164978492132006
"chr10:6734669:A:G",0.00281897684581789
"chr10:6734739:C:T",0.00103070960264218
"chr10:6735095:C:T",0.00163390735661118
"chr10:6735429:C:G",0.00105525664011075
"chr10:6735470:C:T",0.000886401211014465
"chr10:6735621:C:T",0.000877053835014574
"chr10:6736125:C:T",0.000885943252910359
"chr10:6736584:C:T",0.000988606103197176
"chr10:6736645:A:G",0.00136871934102234
"chr10:6737043:A:T",0.000877097623870116
"chr10:6737481:C:T",0.00087706478038807
"chr10:6737613:A:G",0.000932394145549575
"chr10:6739270:A:G",0.00093852482884671
"chr10:6739376:G:T",0.000877342752701349
"chr10:6739600:A:G",0.000886747995086257
"chr10:6739645:A:C",0.000937913444969629
"chr10:6739835:C:T",0.000881159820409816
"chr10:6739999:A:G",0.000879273431435457
"chr10:6740807:A:G",0.00124386907932628
"chr10:6741146:A:G",0.000909965527810086
"chr10:6741300:A:G",0.000926144826343567
"chr10:6741332:A:C",0.00150833530825811
"chr10:6742038:C:T",0.00112902588634078
"chr10:6742627:A:G",0.00107839473173166
"chr10:6742742:C:T",0.00166755906198612
"chr10:6742972:A:G",0.00160181062562326
"chr10:6743019:A:G",0.00128726285232605
"chr10:6743251:A:G",0.00146243443522931
"chr10:6743260:A:G",0.000880533803304107
"chr10:6743504:C:T",0.00109390723840208
"chr10:6743879:C:G",0.00103326134149806
"chr10:6744083:C:T",0.00100327166332481
"chr10:6744178:C:T",0.000913494017228178
"chr10:6744288:C:T",0.00119608261847892
"chr10:6744720:A:G",0.0012499838598542
"chr10:6744913:C:G",0.00143675971154833
"chr10:6745801:G:T",0.00180761308447452
"chr10:6746614:A:G",0.00132063892605017
"chr10:6746751:A:G",0.000976094041167164
"chr10:6746788:C:T",0.00101036601845428
"chr10:6746898:C:T",0.000878806489805983
"chr10:6747205:A:G",0.000877478257375053
"chr10:6747353:C:T",0.000964249844943366
"chr10:6747501:C:T",0.000940357725811691
"chr10:6747803:G:T",0.00140700591163756
"chr10:6747832:A:G",0.000899540046357172
"chr10:6747837:G:T",0.000952460380160391
"chr10:6748182:C:T",0.000890477956826285
"chr10:6748814:C:G",0.00101195113225161
"chr10:6749072:C:G",0.000877670084725057
"chr10:6749230:A:G",0.000914977551238039
"chr10:6749504:C:T",0.000942470123577621
"chr10:6749775:C:G",0.00113446421529961
"chr10:6749886:C:T",0.000885647947309831
"chr10:6749990:A:C",0.00126554019337333
"chr10:6750469:A:G",0.00107455377700916
"chr10:6750605:A:C",0.000877325973927534
"chr10:6751073:A:G",0.0009066398724491
"chr10:6751600:A:G",0.000883051148102609
"chr10:6751767:A:G",0.000901169187604856
"chr10:6751899:A:G",0.000877126946273843
"chr10:6751988:A:T",0.000877784484632937
"chr10:6752049:C:T",0.00134524676622882
"chr10:6752084:C:T",0.000973929057213163
"chr10:6752089:C:T",0.00139999964521975
"chr10:6752117:A:G",0.000877917369143777
"chr10:6753007:A:G",0.00087731666738522
"chr10:6753165:A:G",0.000888439107500694
"chr10:6753268:C:T",0.000877430745039653
"chr10:6753492:A:G",0.000877121351140708
"chr10:6753531:A:G",0.0012149040301408
"chr10:6753605:A:T",0.00121519882773602
"chr10:6753709:A:G",0.00121481439271875
"chr10:6753786:A:G",0.00127309975578416
"chr10:6753852:A:G",0.000925055180712842
"chr10:6753888:A:G",0.00127270068264063
"chr10:6754117:C:T",0.000877444752919954
"chr10:6754193:G:T",0.000908844599096459
"chr10:6754205:C:T",0.000881682322934951
"chr10:6754235:A:G",0.000932832156250951
"chr10:6754376:A:G",0.00087752414870601
"chr10:6754540:G:T",0.000884774157685175
"chr10:6754781:G:T",0.000880513668275462
"chr10:6754829:C:G",0.000877052473845397
"chr10:6754892:A:T",0.00108624949743019
"chr10:6755029:G:T",0.000927805959278105
"chr10:6755244:G:T",0.00108097555305564
"chr10:6755791:A:T",0.00107626183456488
"chr10:6755973:C:G",0.000879228923440944
"chr10:6756010:A:G",0.000965169620486761
"chr10:6756980:A:G",0.0008933130449994
"chr10:6757037:G:T",0.00093951129501546
"chr10:6757082:C:G",0.00098316250845476
"chr10:6757168:A:T",0.00142667055859746
"chr10:6757307:A:G",0.000922872390394125
"chr10:6757354:A:C",0.00108780147833554
"chr10:6757721:A:G",0.000935278336852807
"chr10:6758131:G:T",0.000886918621100352
"chr10:6758602:C:G",0.00127125465594546
"chr10:6758847:C:T",0.000892017324196193
"chr10:6759111:C:T",0.00144058715206297
"chr10:6759200:A:G",0.000900817886053562
"chr10:6759969:C:T",0.000877032262364019
"chr10:6760140:C:G",0.000898258954927789
"chr10:6761062:C:T",0.000882524442381016
"chr10:6761297:A:G",0.00109948627914347
"chr10:6761417:A:G",0.00130734270452604
"chr10:6761693:A:G",0.00102240893970684
"chr10:6762631:A:G",0.00141775312354187
"chr10:6763524:A:G",0.000877610979636678
"chr10:6763958:A:C",0.000906037241685254
"chr10:6763963:C:T",0.000895358332800411
"chr10:6764139:A:G",0.000884793826534835
"chr10:6764408:A:G",0.000878923655519226
"chr10:6764439:C:G",0.000990677332317502
"chr10:6764638:G:T",0.000915704400678119
"chr10:6765381:A:C",0.000879006516868786
"chr10:6765433:A:G",0.000900301227877875
"chr10:6765768:C:T",0.000877096960936186
"chr10:6766751:A:G",0.00126103297217972
"chr10:6767990:A:G",0.000877199557264952
"chr10:6768464:A:G",0.000965355244029076
"chr10:6768525:C:T",0.00123931126055266
"chr10:6769079:A:G",0.00101602065131146
"chr10:6769321:A:G",0.00123918016810443
"chr10:6769443:G:T",0.000928163741262145
"chr10:6769658:A:G",0.000890496076584757
"chr10:6769889:C:T",0.00101731523925641
"chr10:6770212:A:G",0.00102977342608868
"chr10:6771040:A:C",0.00103720269547936
"chr10:6771081:A:G",0.00105334548745584
"chr10:6771254:A:G",0.001040285460574
"chr10:6771394:G:T",0.000879893675333476
"chr10:6771445:A:T",0.0012904116629302
"chr10:6771464:C:T",0.000880935311097564
"chr10:6771602:A:G",0.000881726661751348
"chr10:6771700:C:T",0.000892780426708151
"chr10:6771852:C:T",0.000894503483619413
"chr10:6772016:C:T",0.000878341391422843
"chr10:6772459:A:G",0.000943153051866319
"chr10:6772512:G:T",0.00102889302612885
"chr10:6772545:C:T",0.000883899717549208
"chr10:6772637:A:G",0.00146788298737888
"chr10:6773063:C:G",0.00108519991206879
"chr10:6773727:A:T",0.000878076511949821
"chr10:6773807:G:T",0.000908224208024944
"chr10:6774522:C:T",0.000907878938099738
"chr10:6775095:A:G",0.00243738074814104
"chr10:6775261:A:G",0.00094411274978623
"chr10:6775410:C:T",0.000913466795620876
"chr10:6775433:C:T",0.000883519616139639
"chr10:6775493:C:T",0.000889725984655088
"chr10:6775941:C:T",0.000910277510299706
"chr10:6776621:C:T",0.000954457319902624
"chr10:6777525:A:G",0.000877087390194209
"chr10:6777936:A:G",0.00089329474138633
"chr10:6779433:A:G",0.000934309650711729
"chr10:6779574:G:T",0.000981460490621533
"chr10:6779985:A:G",0.000897434069778824
"chr10:6780900:C:G",0.000903582448241624
"chr10:6781220:C:T",0.000899809028086729
"chr10:6781352:A:G",0.000979296816462139
"chr10:6782408:C:T",0.000920127324376407
"chr10:6783537:A:G",0.000895954758863948
"chr10:6783753:C:T",0.000887863706516057
"chr10:6783953:A:C",0.000896684384445345
"chr10:6784062:A:T",0.000887833842896257
"chr10:6784353:C:T",0.00088657237925116
"chr10:6785511:C:T",0.000906320669622374
"chr10:6786164:A:G",0.00091285860079493
"chr10:6786279:C:G",0.000978156426930776
"chr10:6786331:C:G",0.000877923382212709
"chr10:6786466:C:G",0.00101379884011177
"chr10:6786566:C:T",0.000939994952932288
"chr10:6786600:A:G",0.00100673534825146
"chr10:6786845:A:G",0.000935645465760082
"chr10:6787139:G:T",0.000997892081809337
"chr10:6787226:A:G",0.000902817075438822
"chr10:6787501:C:T",0.0010346001375664
"chr10:6787556:A:G",0.000884699512407994
"chr10:6787568:A:G",0.00100690296750849
"chr10:6787625:C:T",0.000981750290637184
"chr10:6788338:C:G",0.000980162376751692
"chr10:6788746:C:T",0.000881579625553686
"chr10:6788757:A:G",0.00107321056589027
"chr10:6788919:A:G",0.000920011759938721
"chr10:6789000:A:G",0.0009121074796411
"chr10:6789254:C:G",0.000895252178606309
"chr10:6789373:G:T",0.000905634520077747
"chr10:6789454:A:G",0.000879122775049535
"chr10:6789563:C:T",0.000985231481575588
"chr10:6789588:A:G",0.000975289750581032
"chr10:6789636:A:C",0.000883362333714444
"chr10:6789785:A:C",0.000959356411085577
"chr10:6789898:A:G",0.000968162642797088
"chr10:6790095:A:G",0.000967066213833245
"chr10:6790183:C:T",0.000968180571276456
"chr10:6790211:A:C",0.000899649684314774
"chr10:6790222:A:G",0.000951584332287259
"chr10:6790245:A:T",0.00101029597234303
"chr10:6790252:A:G",0.00097226555159402
"chr10:6790335:A:C",0.000967034950965617
"chr10:6790671:G:T",0.000937033197586423
"chr10:6790841:G:T",0.000966848805324383
"chr10:6790884:A:C",0.000970272071311729
"chr10:6790885:C:T",0.000970283028178254
"chr10:6791037:C:T",0.000960768398604039
"chr10:6791185:A:G",0.000966791268727007
"chr10:6791353:C:T",0.000966739777294667
"chr10:6791428:G:T",0.000966748864795974
"chr10:6791647:C:T",0.000950389162756471
"chr10:6791750:C:T",0.000966729174789127
"chr10:6791839:A:G",0.000966718066914729
"chr10:6792036:C:G",0.00096664029782223
"chr10:6792186:A:G",0.000888687493400098
"chr10:6792188:A:C",0.00088868249241536
"chr10:6792277:A:G",0.000997763555899978
"chr10:6792497:C:G",0.000889963989342935
"chr10:6792643:C:G",0.000949646998279263
"chr10:6792928:G:T",0.000933170713545706
"chr10:6793120:C:T",0.000879471730228953
"chr10:6793453:A:G",0.000966195936952241
"chr10:6793641:G:T",0.000885002767294862
"chr10:6793711:A:G",0.000877515420979469
"chr10:6793919:A:G",0.000971214248569829
"chr10:6793965:C:T",0.000964503017199969
"chr10:6793979:A:G",0.000964497921177365
"chr10:6794014:A:C",0.000963444194575058
"chr10:6794133:A:T",0.000964885919897629
"chr10:6794316:A:G",0.000984141973342401
"chr10:6794352:A:G",0.000965127458789405
"chr10:6794725:C:T",0.000879134140893578
"chr10:6794798:A:G",0.00127049331156392
"chr10:6794865:A:T",0.000879645802872697
"chr10:6794984:A:G",0.00105168381129284
"chr10:6795075:A:G",0.00089384922591218
"chr10:6795536:A:G",0.00101274414864727
"chr10:6795614:C:T",0.000956635200282774
"chr10:6795803:C:T",0.000877697318904636
"chr10:6795823:C:T",0.000960341783005303
"chr10:6795870:C:T",0.000886366245495096
"chr10:6796296:C:T",0.000888197893553988
"chr10:6796297:C:T",0.000888201504537278
"chr10:6796375:A:G",0.00162423048885596
"chr10:6796409:C:G",0.000939935412436088
"chr10:6796537:C:T",0.00089709062981691
"chr10:6796887:G:T",0.000925033061524694
"chr10:6796953:A:G",0.000942545586744115
"chr10:6796980:C:T",0.000950660619336685
"chr10:6797020:A:G",0.000922348964321307
"chr10:6797089:C:G",0.000896028910495783
"chr10:6797254:G:T",0.000880816386684025
"chr10:6797595:C:T",0.000914467842696998
"chr10:6797598:A:T",0.000935654007444886
"chr10:6797706:A:G",0.000938916466409867
"chr10:6798984:C:T",0.000901148769721916
"chr10:6799994:A:G",0.000915174093284787
"chr10:6800298:C:G",0.000949936554064723
"chr10:6800338:C:T",0.00088141496493277
"chr10:6800339:A:G",0.000877287412144656
"chr10:6800624:G:T",0.000954266417590888
"chr10:6800648:G:T",0.000939485496352144
"chr10:6800967:C:T",0.000894683864288481
"chr10:6801011:A:G",0.000893660959220277
"chr10:6801328:A:G",0.000878281163619876
"chr10:6801705:A:G",0.000877063400182343
"chr10:6801767:C:G",0.000877084946586781
"chr10:6801841:C:T",0.000877594788315283
"chr10:6801858:A:G",0.000918945704152851
"chr10:6801958:G:T",0.000878356393912094
"chr10:6802024:C:T",0.000896656600359869
"chr10:6802118:C:T",0.000885811875256826
"chr10:6802592:C:T",0.000884089632328999
"chr10:6802593:A:G",0.000914516624700323
"chr10:6802606:A:G",0.000892905902000862
"chr10:6802837:C:G",0.000878152922679343
"chr10:6802918:G:T",0.00089257384174557
"chr10:6802922:C:T",0.000969794979335137
"chr10:6802926:A:G",0.000903999987284965
"chr10:6803023:G:T",0.000877622094922148
"chr10:6803197:A:T",0.000888847105132262
"chr10:6803275:G:T",0.000878183658321152
"chr10:6803355:C:T",0.000877551403396182
"chr10:6803618:C:T",0.000877466722632336
"chr10:6803818:C:T",0.000877602578818193
"chr10:6803902:C:T",0.00137314146486633
"chr10:6804127:C:T",0.000890881544702515
"chr10:6804158:A:T",0.000877691809369585
"chr10:6804303:C:T",0.000902454876573811
"chr10:6804307:A:C",0.000913269184459109
"chr10:6804393:A:G",0.000885315576029555
"chr10:6806316:A:T",0.000890160087188341
"chr10:6806688:A:G",0.000884602180607041
"chr10:6806732:A:G",0.000906361627019625
"chr10:6806887:G:T",0.000888272831664372
"chr10:6807173:A:C",0.000897470446772131
"chr10:6808504:C:T",0.00087703497142344
"chr10:6808906:A:G",0.000879617568309232
"chr10:6808929:A:C",0.00088017883307967
"chr10:6808958:C:T",0.000877988548249387
"chr10:6809154:C:T",0.000887824397472925
"chr10:6809528:A:G",0.000877156782787769
"chr10:6809584:C:T",0.0012890630066531
"chr10:6809730:C:G",0.000879355109938307
"chr10:6809767:C:G",0.000878768081035153
"chr10:6809858:A:G",0.000885805080332203
"chr10:6809868:A:C",0.000877186651782602
"chr10:6810004:A:G",0.0013781142512006
"chr10:6810005:C:T",0.000918593630656384
"chr10:6810115:C:T",0.000884957618503157
"chr10:6810271:C:G",0.000877040766287696
"chr10:6810320:G:T",0.000887563071307995
"chr10:6810353:A:C",0.000877409316142996
"chr10:6810367:G:T",0.000878146983613881
"chr10:6810464:A:C",0.000885390503785333
"chr10:6810479:A:G",0.000885101061526172
"chr10:6810985:C:T",0.000919385319935295
"chr10:6811166:A:G",0.000878496976918997
"chr10:6811363:G:T",0.00088770810083072
"chr10:6811437:C:T",0.000887860201415402
"chr10:6811539:C:T",0.000879470831176343
"chr10:6811598:C:T",0.000879470831176343
"chr10:6811628:A:G",0.000958238427726577
"chr10:6811638:C:T",0.000879574669104155
"chr10:6811803:A:C",0.00092888586115214
"chr10:6811829:C:T",0.000880207046796366
"chr10:6811926:C:T",0.000883872199436087
"chr10:6812036:A:T",0.000890705903044298
"chr10:6812079:A:G",0.000894388761663367
"chr10:6812425:A:G",0.00089294366047965
"chr10:6812454:G:T",0.000888012881376299
"chr10:6812462:A:C",0.000889145037024863
"chr10:6812482:C:T",0.000920785703534266
"chr10:6812513:C:T",0.00092624212818182
"chr10:6812653:A:C",0.000886669973794385
"chr10:6812768:A:T",0.000877257021890565
"chr10:6812823:A:G",0.000890263530961555
"chr10:6812966:A:G",0.000886661634876162
"chr10:6813304:C:G",0.000882672987425726
"chr10:6813382:C:T",0.000884231275636527
"chr10:6813533:C:T",0.000884087492605379
"chr10:6813540:G:T",0.000884087492605379
"chr10:6813597:A:G",0.000877294298480158
"chr10:6813672:C:G",0.000895157149774173
"chr10:6813700:C:T",0.000882321076484449
"chr10:6813961:A:G",0.000895209718625001
"chr10:6814260:C:G",0.00108238029274355
"chr10:6814318:A:C",0.000882672514335492
"chr10:6814364:A:G",0.000877133659468954
"chr10:6814435:A:G",0.000882734323673029
"chr10:6814574:C:T",0.000877509620805128
"chr10:6814651:G:T",0.000997768067351301
"chr10:6814666:C:T",0.000878011851066951
"chr10:6814737:A:G",0.000945964821451373
"chr10:6814968:C:T",0.000877515337903145
"chr10:6814974:G:T",0.000877075364054236
"chr10:6815084:C:T",0.000930357981613783
"chr10:6815152:C:T",0.000877582528216125
"chr10:6815171:A:G",0.000886508948441667
"chr10:6815257:A:G",0.000877725175980504
"chr10:6815309:A:G",0.000877735728155304
"chr10:6815323:A:T",0.000919191574950129
"chr10:6815345:A:G",0.000877555659857365
"chr10:6815408:C:T",0.000881748908041047
"chr10:6815556:G:T",0.000877722592789953
"chr10:6815597:A:G",0.000883077175354186
"chr10:6815728:C:G",0.000889294534370144
"chr10:6815853:C:T",0.000877094780070142
"chr10:6815884:A:G",0.000895566158852223
"chr10:6816076:C:T",0.000886198322801568
"chr10:6816241:A:G",0.000877141289198469
"chr10:6816349:G:T",0.000877037755950716
"chr10:6816721:C:T",0.000878502447401286
"chr10:6816900:A:G",0.000889255070793071
"chr10:6816958:G:T",0.00087787671465922
"chr10:6817029:A:G",0.000878023854174126
"chr10:6817182:C:T",0.000895867107359449
"chr10:6817215:G:T",0.000878086789862453
"chr10:6817295:G:T",0.000878736060928254
"chr10:6817300:C:T",0.000878619791680024
"chr10:6817597:G:T",0.0008808179653641
"chr10:6817615:C:T",0.000880728463537706
"chr10:6817882:A:G",0.00087770323187053
"chr10:6817963:A:G",0.000889335447535888
"chr10:6818176:A:C",0.000877894080745234
"chr10:6818189:A:G",0.000929066745746554
"chr10:6818415:C:T",0.000929054525080741
"chr10:6818794:C:T",0.000877040261592965
"chr10:6819058:A:G",0.00087714781175785
"chr10:6819114:G:T",0.000878672316066087
"chr10:6819157:G:T",0.000930193305055838
"chr10:6819164:C:G",0.000878269496428441
"chr10:6819474:C:T",0.000893924385952594
"chr10:6819598:C:T",0.000885266558871667
"chr10:6819814:A:C",0.000928389757607118
"chr10:6819942:C:G",0.000945725851250523
"chr10:6819951:A:G",0.000892975708244537
"chr10:6820093:A:G",0.000892981002261095
"chr10:6820171:C:T",0.000892984427676158
"chr10:6820308:C:T",0.000884529027712411
"chr10:6820333:A:C",0.000892990966832485
"chr10:6820369:C:T",0.00089298816438077
"chr10:6820634:A:G",0.000892851837286379
"chr10:6820754:A:G",0.000894141432478901
"chr10:6820908:C:T",0.000884731305394681
"chr10:6821101:C:T",0.00089756720338241
"chr10:6821139:C:T",0.000898687783426722
"chr10:6821268:A:T",0.000895586111858249
"chr10:6821270:A:G",0.000899087088692796
"chr10:6821375:C:G",0.000886617780035848
"chr10:6821522:A:G",0.000887457533729652
"chr10:6821564:C:G",0.000885925793501441
"chr10:6821598:A:G",0.00089874697458403
"chr10:6821624:C:T",0.000932935277496716
"chr10:6821653:A:G",0.00103158156485983
"chr10:6821752:C:T",0.00104110751603148
"chr10:6821974:C:T",0.000924795525789168
"chr10:6822209:A:G",0.000888004590850922
"chr10:6822215:C:T",0.000884402725681466
"chr10:6822353:A:C",0.000923873182680945
"chr10:6822402:A:G",0.0009021428714171
"chr10:6822591:C:T",0.000894079101646517
"chr10:6822673:C:T",0.000887663356832324
"chr10:6822677:A:G",0.00106365144425113
"chr10:6822734:C:G",0.000877481669545044
"chr10:6822798:G:T",0.000881945402289142
"chr10:6822884:C:T",0.000877032521738985
"chr10:6822949:A:G",0.000881556044067477
"chr10:6823058:C:T",0.000895196907202078
"chr10:6823110:A:T",0.000881481781846882
"chr10:6823531:A:G",0.000899426348406007
"chr10:6823564:A:G",0.000902044270982727
"chr10:6823757:A:G",0.00090020653166567
"chr10:6823993:C:T",0.000901875518242834
"chr10:6824080:C:T",0.000893094111055648
"chr10:6824268:A:G",0.000882318040697383
"chr10:6824305:A:G",0.000898004352020032
"chr10:6824772:A:G",0.000878468440076552
"chr10:6824987:G:T",0.000899282299469562
"chr10:6825044:A:G",0.000897528829380767
"chr10:6825078:G:T",0.000884438073368798
"chr10:6825129:C:G",0.000900347178147798
"chr10:6825206:A:G",0.000903633080024391
"chr10:6825450:C:T",0.000877399372961718
"chr10:6825618:A:T",0.000900112356897353
"chr10:6825675:A:G",0.000877046122277236
"chr10:6826704:A:T",0.000877299234207651
"chr10:6826723:C:T",0.000889256526794724
"chr10:6827128:C:G",0.000892213452181045
"chr10:6827130:C:G",0.000888232343200235
"chr10:6827190:C:T",0.000899472550385916
"chr10:6827432:C:T",0.000988055610140592
"chr10:6827727:C:G",0.000899354454954593
"chr10:6827830:A:G",0.000974370429898119
"chr10:6828071:C:T",0.000937492550710739
"chr10:6828362:C:T",0.00088842693908342
"chr10:6828402:A:G",0.000914542650738204
"chr10:6828438:C:T",0.000877093098291759
"chr10:6829133:C:T",0.000987954781453526
"chr10:6829483:C:T",0.00110353692465104
"chr10:6829515:C:T",0.00112623157038561
"chr10:6830046:A:G",0.000913326935497061
"chr10:6830665:C:T",0.000878319179901998
"chr10:6831228:C:T",0.00103987715406306
"chr10:6831279:C:G",0.00102785440066366
"chr10:6831753:C:T",0.000884262091099708
"chr10:6831815:A:G",0.00124911407493367
"chr10:6831895:C:T",0.000913438950397083
"chr10:6832074:A:C",0.000878283373426769
"chr10:6832137:A:G",0.000923794789505328
"chr10:6832260:C:G",0.000950882155452137
"chr10:6832287:C:T",0.000981176669736183
"chr10:6832727:A:G",0.000966235606510213
"chr10:6832905:A:G",0.000879134819349536
"chr10:6832931:C:G",0.000879963335543521
"chr10:6833100:C:T",0.000921801147148682
"chr10:6833133:A:G",0.000884764465303833
"chr10:6834058:A:G",0.000891440493950513
"chr10:6834594:A:G",0.00088469299811178
"chr10:6834894:A:T",0.000999443690924973
"chr10:6835658:A:T",0.000972604604079219
"chr10:6836383:C:T",0.00100587636943295
"chr10:6836501:G:T",0.00100555256358326
"chr10:6836831:C:G",0.00113587958676975
"chr10:6837167:A:G",0.00122273273338658
"chr10:6837623:C:T",0.000880829614849032
"chr10:6837638:A:G",0.000880834406844166
"chr10:6837669:C:T",0.00108295265088765
"chr10:6837748:A:G",0.00090678953553891
"chr10:6837997:C:T",0.000926012296879053
"chr10:6838084:G:T",0.000954959071415074
"chr10:6838426:A:G",0.000882791997081078
"chr10:6838639:A:G",0.000877097171183117
"chr10:6838746:C:T",0.0011498355260442
"chr10:6838851:C:T",0.000953337603255111
"chr10:6839359:A:G",0.0012307376814793
"chr10:6839481:C:G",0.000878846270752298
"chr10:6839592:A:G",0.000927381395454785
"chr10:6839656:C:T",0.000877032327387117
"chr10:6839864:A:G",0.000880617774426384
"chr10:6840163:A:G",0.000887610922476911
"chr10:6840581:C:T",0.000938716821026531
"chr10:6840698:C:T",0.000930321684736946
"chr10:6840904:A:G",0.00107430005002362
"chr10:6841262:G:T",0.000930796556194324
"chr10:6841359:A:T",0.00120722661380024
"chr10:6841495:A:T",0.000921393701206918
"chr10:6841650:A:C",0.000899143144797776
"chr10:6841796:A:G",0.00106931298434743
"chr10:6841826:A:G",0.000924171483556613
"chr10:6841888:C:T",0.000877267323414754
"chr10:6842087:C:G",0.000959466436449063
"chr10:6842134:A:T",0.000877054286922863
"chr10:6842172:C:T",0.000892626566108001
"chr10:6842387:G:T",0.0009590062244621
"chr10:6843768:A:G",0.0011373460638987
"chr10:6844003:A:G",0.000877573015158339
"chr10:6844713:A:C",0.00107251508768391
"chr10:6844996:A:G",0.000877267911517765
"chr10:6845261:A:G",0.000952744911790759
"chr10:6846040:G:T",0.000969753727432687
"chr10:6846130:A:G",0.000917072657870999
"chr10:6846416:C:T",0.000879439608081123
"chr10:6846626:A:G",0.000880900658528305
"chr10:6847402:A:G",0.000889439909472656
"chr10:6847872:A:G",0.00131402920374601
"chr10:6847878:A:C",0.000882086442331342
"chr10:6848081:G:T",0.000893682922787908
"chr10:6848169:C:G",0.00107334675224857
"chr10:6848183:A:G",0.000909349264160642
"chr10:6848302:A:G",0.00107342432121627
"chr10:6848350:C:G",0.000894288075251604
"chr10:6848490:C:T",0.000958082083042711
"chr10:6848703:C:T",0.000959187875523515
"chr10:6848789:A:G",0.00093399027221297
"chr10:6849086:C:T",0.00103055242583949
"chr10:6850279:C:G",0.000918457305008169
"chr10:6850755:C:T",0.000961819239420181
"chr10:6851302:A:G",0.000913225593976441
"chr10:6851551:C:T",0.000930445523416701
"chr10:6851849:C:T",0.000904858310087686
"chr10:6851905:A:G",0.000979901761698709
"chr10:6853975:A:G",0.00114122775740499
"chr10:6854092:C:G",0.00156238348303861
"chr10:6854236:A:G",0.00243267744015074
"chr10:6854429:A:G",0.00259639106262866
"chr10:6854531:A:C",0.000979312304836166
"chr10:6854534:A:G",0.00154524976437564
"chr10:6855054:C:T",0.00183238091146998
"chr10:6855098:A:G",0.00116977061031387
"chr10:6855246:G:T",0.00274984588723803
"chr10:6855360:A:T",0.00100472718559186
"chr10:6855496:C:T",0.00261229498348947
"chr10:6855622:A:C",0.000984761905335807
"chr10:6856257:G:T",0.00598664474834532
"chr10:6856653:A:G",0.00123276788468152
"chr10:6857214:C:T",0.00181342127444251
"chr10:6857343:A:C",0.00199352059234503
"chr10:6857696:A:G",0.000925976294799957
"chr10:6857751:C:T",0.00546865751024617
"chr10:6858132:C:T",0.00168489756020496
"chr10:6858217:C:T",0.00178199567949799
"chr10:6858401:A:T",0.00121348133712362
"chr10:6858539:A:T",0.00315287632198202
"chr10:6859070:A:G",0.00101872126332903
"chr10:6859280:A:G",0.00191863625752386
"chr10:6861756:C:T",0.002270242874996
"chr10:6861926:A:G",0.00100196742714542
"chr10:6862218:A:G",0.00870269286643133
"chr10:6862409:A:C",0.00239012118254367
"chr10:6862442:A:T",0.00254006726186384
"chr10:6862489:C:T",0.00232763593438279
"chr10:6862511:C:G",0.00179630734695668
"chr10:6862783:C:T",0.00238095640049096
"chr10:6862820:C:T",0.00520467144211012
"chr10:6862857:A:T",0.00100041431423359
"chr10:6862923:A:G",0.0062910014884946
"chr10:6862951:C:G",0.00101341484892126
"chr10:6863043:C:T",0.00232590090573193
"chr10:6863452:C:T",0.00172371844997332
"chr10:6863644:G:T",0.00198503982535259
"chr10:6863742:C:T",0.00204927578692948
"chr10:6864084:A:T",0.00233128929764104
"chr10:6864113:C:T",0.00199705665899153
"chr10:6864514:A:G",0.00198157999239257
"chr10:6864552:A:G",0.000999671776865441
"chr10:6864990:A:G",0.00102065919987604
"chr10:6865042:A:G",0.00102177937157755
"chr10:6865157:A:G",0.00138574904387945
"chr10:6865275:A:G",0.00240710026059876
"chr10:6865307:A:G",0.00207962339928613
"chr10:6865452:A:G",0.00102798011656979
"chr10:6865551:C:G",0.00102971808704488
"chr10:6865797:C:T",0.00374546222033045
"chr10:6865802:A:C",0.00103480686210389
"chr10:6866093:C:T",0.00665415567507166
"chr10:6866396:C:T",0.000932206875489117
"chr10:6866462:C:T",0.00104423688440081
"chr10:6866485:G:T",0.00104459390105149
"chr10:6867248:C:G",0.00856280995747682
"chr10:6867391:C:T",0.000950569228021392
"chr10:6867513:C:T",0.000974331935441941
"chr10:6868436:A:G",0.00670389528536275
"chr10:6868460:A:T",0.000970883875205053
"chr10:6868514:A:G",0.00306993630177588
"chr10:6868567:C:T",0.00125234403254038
"chr10:6868752:C:T",0.000970834670834586
"chr10:6868922:A:G",0.00361292360729504
"chr10:6869314:C:T",0.000970844575639118
"chr10:6869413:C:T",0.00168773628393126
"chr10:6869628:G:T",0.00116581976269292
"chr10:6869630:A:G",0.00128809852490674
"chr10:6869644:G:T",0.00101807614179839
"chr10:6869773:C:T",0.00167339959370916
"chr10:6869823:A:C",0.000970907518737629
"chr10:6869859:G:T",0.00096460133567311
"chr10:6869979:A:G",0.0063949641038834
"chr10:6870272:C:G",0.0011990957055078
"chr10:6870657:A:G",0.0014529330173817
"chr10:6870810:C:T",0.000953805757252568
"chr10:6871096:C:T",0.00111094732654904
"chr10:6871625:C:T",0.000924605436902093
"chr10:6871648:A:G",0.00115956019116803
"chr10:6871680:A:G",0.00113408459567776
"chr10:6871713:C:T",0.0015292479988418
"chr10:6871751:C:T",0.000948696936042381
"chr10:6871756:C:T",0.00108761265276114
"chr10:6871840:A:G",0.00108805572173976
"chr10:6871861:A:C",0.00091627213030443
"chr10:6871925:C:G",0.00108036383952681
"chr10:6871926:C:T",0.00107664786367079
"chr10:6872109:C:T",0.00106320840397156
"chr10:6872360:C:G",0.00140912751854116
"chr10:6872423:A:C",0.00308848299098996
"chr10:6872464:G:T",0.00105796424762727
"chr10:6872494:C:T",0.00106613289479451
"chr10:6872520:C:T",0.00111009573842091
"chr10:6872556:C:T",0.00236982864977142
"chr10:6872640:A:T",0.00108827265792044
"chr10:6872724:A:G",0.000940207191305054
"chr10:6872740:C:T",0.00108826150491947
"chr10:6872900:G:T",0.00108826150491947
"chr10:6872995:C:T",0.000999260292448012
"chr10:6873113:A:T",0.0012936840966129
"chr10:6873245:A:G",0.00108819678815819
"chr10:6873627:A:C",0.00110612884049688
"chr10:6873899:C:G",0.0010968007777622
"chr10:6874034:A:T",0.000929799616747218
"chr10:6874091:C:T",0.00174348837647353
"chr10:6874173:G:T",0.00108788041033059
"chr10:6874287:C:T",0.00132766027896125
"chr10:6874293:C:T",0.00142464031682077
"chr10:6874384:C:T",0.000976881410711505
"chr10:6874643:A:C",0.00197352948912322
"chr10:6874666:A:C",0.00122562572785201
"chr10:6874719:C:T",0.00106710228586948
"chr10:6874991:A:G",0.00107294113930012
"chr10:6875118:A:T",0.00135073389209983
"chr10:6875164:G:T",0.00103418998162241
"chr10:6875403:C:T",0.00107075902574205
"chr10:6875419:C:G",0.000987384272113756
"chr10:6875457:A:G",0.00107534565974576
"chr10:6875487:A:T",0.00105974442859358
"chr10:6875509:C:T",0.00105567623259128
"chr10:6875858:C:T",0.00103963639204263
"chr10:6875867:A:T",0.00121693927331901
"chr10:6875951:C:T",0.00107425029298114
"chr10:6876001:C:T",0.000892191998986935
"chr10:6876245:A:G",0.00234088620485917
"chr10:6876247:A:G",0.000923368661013835
"chr10:6876344:A:G",0.000943968766569547
"chr10:6876759:A:G",0.00292350686485932
"chr10:6876813:A:G",0.00265803498517259
"chr10:6878064:A:G",0.000879665826689857
"chr10:6878171:C:T",0.00164594408129171
"chr10:6878206:A:G",0.00173221351711883
"chr10:6878587:C:G",0.000902538793132068
"chr10:6878657:A:C",0.00139391774855468
"chr10:6879104:C:T",0.00175880708286125
"chr10:6879218:A:G",0.001747734633603
"chr10:6879330:A:G",0.00138618247587741
"chr10:6879373:C:T",0.00184730434687597
"chr10:6879582:A:G",0.000888766569667854
"chr10:6879821:C:T",0.000981259360502307
"chr10:6880103:A:G",0.000892412141836663
"chr10:6880128:A:C",0.00174347429694166
"chr10:6880378:A:G",0.00179305250330442
"chr10:6880653:C:T",0.000900541495069462
"chr10:6880694:C:T",0.00174017720254871
"chr10:6881760:C:T",0.00180968119194291
"chr10:6882156:C:T",0.00091658492004143
"chr10:6882314:G:T",0.000921856942918575
"chr10:6882467:A:C",0.000877172302576446
"chr10:6882482:A:C",0.000881347739733918
"chr10:6882579:C:T",0.00105054362983226
"chr10:6882819:A:G",0.000883423299508301
"chr10:6883007:A:G",0.00101373134451244
"chr10:6883260:C:T",0.00102395701790459
"chr10:6883351:A:G",0.000903473661877152
"chr10:6883825:A:G",0.00110870371133365
"chr10:6884161:A:G",0.000887746351595053
"chr10:6884216:C:T",0.00178198796884421
"chr10:6884288:A:G",0.000915208379626109
"chr10:6884400:A:G",0.000915697471525756
"chr10:6884573:C:T",0.000878083544064157
"chr10:6884890:C:T",0.000893279906966971
"chr10:6885226:C:G",0.000995265101613518
"chr10:6885455:A:G",0.00110938921398551
"chr10:6885809:A:G",0.00113540919084687
"chr10:6886129:C:G",0.000879643778198602
"chr10:6886152:C:G",0.000928680042147967
"chr10:6887029:G:T",0.000927579127008915
"chr10:6887183:C:T",0.00147139640320182
"chr10:6887556:C:T",0.000932389385610466
"chr10:6887910:G:T",0.000918136947053561
"chr10:6888105:C:T",0.000905233808665362
"chr10:6888155:A:G",0.000877071183267963
"chr10:6888362:C:T",0.000913592453383738
"chr10:6888693:C:T",0.000937401252326664
"chr10:6889011:C:T",0.000994855929079108
"chr10:6889478:C:T",0.000918703183881875
"chr10:6889751:C:T",0.000880685689156779
"chr10:6889870:C:T",0.0011346845272816
"chr10:6890404:C:T",0.00113405880485384
"chr10:6890456:C:T",0.001005934530804
"chr10:6890938:C:T",0.000914497359621458
"chr10:6890949:C:T",0.000889755565065875
"chr10:6890977:A:C",0.00093662725817345
"chr10:6891177:A:G",0.000881917100528984
"chr10:6891285:C:G",0.000892534597015548
"chr10:6891447:A:G",0.00143848288192472
"chr10:6891505:A:T",0.000880110405138246
"chr10:6892683:C:T",0.000968893386677383
"chr10:6893336:C:T",0.000893293017186547
"chr10:6893609:G:T",0.000877939429459018
"chr10:6894279:C:T",0.00139958747041902
"chr10:6895000:A:C",0.00108149798583501
"chr10:6895154:C:T",0.000974216364317715
"chr10:6895228:C:T",0.00119888640130172
"chr10:6895277:C:T",0.000927064009742407
"chr10:6895324:C:T",0.000927306097181391
"chr10:6895860:C:T",0.000901316661628737
"chr10:6896533:A:C",0.000956495273848557
"chr10:6896792:C:T",0.000890808275363475
"chr10:6897021:A:T",0.000889181435563935
"chr10:6897310:C:T",0.000877951484463568
"chr10:6897465:C:T",0.000895733368095231
"chr10:6897638:C:G",0.000878534695913258
"chr10:6897723:A:G",0.000950799295247329
"chr10:6897982:C:T",0.00118466239320369
"chr10:6898067:C:G",0.000878788327469904
"chr10:6898325:A:G",0.000927639590646345
"chr10:6898341:C:T",0.0011887526655695
"chr10:6898416:G:T",0.000919603451670747
"chr10:6898586:C:G",0.000946270454635467
"chr10:6898652:C:T",0.000911176171151662
"chr10:6898862:A:C",0.000970467449395995
"chr10:6898868:A:G",0.00097045306422705
"chr10:6898909:C:G",0.000903574507425065
"chr10:6899127:C:T",0.000919268468235757
"chr10:6899197:A:T",0.00125221155097244
"chr10:6899297:C:T",0.00114070699001034
"chr10:6899322:C:T",0.000918423704400206
"chr10:6899341:C:T",0.000909114504015207
"chr10:6899348:A:G",0.00112081829320909
"chr10:6899591:G:T",0.000919112326591254
"chr10:6899665:C:T",0.000921284463520688
"chr10:6899710:C:T",0.000922809894352228
"chr10:6899787:C:T",0.00126548790993986
"chr10:6899986:C:T",0.000922506861062988
"chr10:6900140:A:G",0.000886884601404514
"chr10:6900193:A:G",0.000890081709580492
"chr10:6900313:A:G",0.000933611538268209
"chr10:6900315:C:G",0.000895781753193603
"chr10:6900568:G:T",0.00121019316574222
"chr10:6900719:A:G",0.00167788640407263
"chr10:6901016:C:G",0.000904392570886925
"chr10:6901549:A:G",0.0014242851123254
"chr10:6902378:A:C",0.00152571398686618
"chr10:6902617:C:T",0.00107313268218923
"chr10:6903011:A:G",0.000999078043379731
"chr10:6903366:C:T",0.00107012193544875
"chr10:6903396:A:G",0.00151698915649601
"chr10:6904008:C:G",0.000881533967225123
"chr10:6904023:A:G",0.000908069012548252
"chr10:6904102:A:T",0.000977993090618634
"chr10:6904157:C:T",0.000995240304651923
"chr10:6904301:C:T",0.00087719262255892
"chr10:6904445:G:T",0.00110336254329158
"chr10:6904542:C:T",0.00107638674739285
"chr10:6904579:C:T",0.00094742728314634
"chr10:6904767:C:T",0.00107101728960568
"chr10:6904790:A:T",0.00108326220214916
"chr10:6905020:A:C",0.0010338018227255
"chr10:6905198:C:T",0.000879457863131816
"chr10:6905221:A:G",0.000965460678904573
"chr10:6905301:C:T",0.00109496337720461
"chr10:6905516:C:T",0.000897925925585796
"chr10:6905601:C:T",0.00145724551174409
"chr10:6905671:G:T",0.000878222354718683
"chr10:6905792:A:G",0.000945469033672985
"chr10:6905898:C:T",0.000921344533853397
"chr10:6906144:A:G",0.000892498261943153
"chr10:6906155:C:T",0.000899485341913531
"chr10:6906348:A:T",0.00143918238915952
"chr10:6907148:C:T",0.000890329326794115
"chr10:6907587:A:T",0.000993264756906087
"chr10:6907602:A:G",0.000993744812853414
"chr10:6907764:A:G",0.000878113703740913
"chr10:6907938:C:T",0.00098213577984152
"chr10:6907980:C:T",0.000931282259321264
"chr10:6908256:A:G",0.000910205154365462
"chr10:6908284:A:G",0.000991346874575361
"chr10:6908291:C:T",0.000913845124879575
"chr10:6908373:A:G",0.00123835407168704
"chr10:6908470:A:G",0.00132170123490172
"chr10:6908626:A:G",0.000890561728286943
"chr10:6908653:A:C",0.00092039895276963
"chr10:6908681:C:T",0.000989212796793315
"chr10:6908800:C:T",0.000885028288076017
"chr10:6909090:A:G",0.00091789251736929
"chr10:6909096:C:T",0.0011443412675759
"chr10:6909137:A:G",0.00114796072993562
"chr10:6909180:C:T",0.000898452993093435
"chr10:6909293:C:T",0.000887294924145965
"chr10:6909490:C:T",0.00118052205038632
"chr10:6909905:C:T",0.00098081150472995
"chr10:6909906:A:G",0.00118412949363744
"chr10:6909933:A:G",0.000891845025951521
"chr10:6910265:A:G",0.000996230873451132
"chr10:6910398:G:T",0.00092811401353754
"chr10:6910552:A:G",0.000993711503958994
"chr10:6911326:C:T",0.00140208983791101
"chr10:6911351:A:C",0.000888414622440603
"chr10:6911479:A:G",0.00103121665535044
"chr10:6911584:A:C",0.00115093986024495
"chr10:6911849:C:T",0.00138104203792955
"chr10:6911951:C:T",0.00104642875242722
"chr10:6912280:A:G",0.000880043403796771
"chr10:6912585:C:T",0.00137139206722059
"chr10:6912624:A:G",0.000911517824614849
"chr10:6912633:A:G",0.000974053261350249
"chr10:6912661:G:T",0.00146941578858595
"chr10:6912665:G:T",0.000919574280939583
"chr10:6912699:C:G",0.00129034477742329
"chr10:6912861:C:T",0.00114679322726563
"chr10:6913183:G:T",0.00116107827717205
"chr10:6913439:C:T",0.001550074571536
"chr10:6913468:A:C",0.00145182482841544
"chr10:6913564:A:G",0.00112800370284072
"chr10:6913653:A:C",0.00138602799831022
"chr10:6913694:A:T",0.00135908177969224
"chr10:6913802:C:T",0.0012228143019648
"chr10:6913803:A:G",0.00135368322357954
"chr10:6914047:C:T",0.00216572378705981
"chr10:6914153:C:T",0.000890222890800763
"chr10:6914224:G:T",0.000933204320277436
"chr10:6914290:A:G",0.000889370662496836
"chr10:6914582:G:T",0.000899716778049786
"chr10:6914751:G:T",0.00090460416515481
"chr10:6915103:A:G",0.00087856558302879
"chr10:6915259:A:G",0.0012178846272386
"chr10:6915360:G:T",0.00108665201313918
"chr10:6915882:A:G",0.000877998355783727
"chr10:6915902:C:T",0.00092464424821681
"chr10:6916067:A:T",0.00089468781386548
"chr10:6916344:A:C",0.00100242312460108
"chr10:6916525:G:T",0.00124774776499958
"chr10:6916536:C:T",0.00114550160743665
"chr10:6916668:A:G",0.000897345231942626
"chr10:6916846:C:T",0.000886869428752823
"chr10:6916865:A:C",0.000891531127154566
"chr10:6917077:A:G",0.000902126408999226
"chr10:6917122:A:G",0.000898476589754393
"chr10:6917150:A:G",0.000927736215735275
"chr10:6917316:A:G",0.000898162525507451
"chr10:6917594:C:G",0.000889339379487653
"chr10:6917642:C:T",0.00114670943814876
"chr10:6917676:C:G",0.00119491367155333
"chr10:6917891:C:T",0.00103206598272865
"chr10:6918137:G:T",0.000912860518089031
"chr10:6918353:C:G",0.00093335084611279
"chr10:6918371:A:C",0.00101593178884973
"chr10:6918372:A:G",0.00103305591002356
"chr10:6918486:A:C",0.000896998468144172
"chr10:6918487:C:T",0.00125841183112518
"chr10:6918489:A:G",0.0012584794753181
"chr10:6918650:A:G",0.00179577469082381
"chr10:6918660:C:G",0.00103172309609467
"chr10:6918925:A:G",0.00126845324913993
"chr10:6919377:A:C",0.000947401324955077
"chr10:6919667:A:G",0.000925337631715428
"chr10:6919783:A:G",0.000887427173292488
"chr10:6919969:C:G",0.000926845949589916
"chr10:6920091:G:T",0.000891005312072313
"chr10:6920326:C:T",0.00200380130364608
"chr10:6920458:C:T",0.000885787372621238
"chr10:6920661:A:G",0.000954519292781009
"chr10:6921315:C:T",0.00149623191103476
"chr10:6921600:G:T",0.00146720208716988
"chr10:6921762:C:T",0.00155084933854521
"chr10:6922276:C:T",0.000967889387677334
"chr10:6922685:C:T",0.000973236292211133
"chr10:6922940:A:T",0.00102090910965058
"chr10:6923150:G:T",0.000893615261293279
"chr10:6923172:A:G",0.0009934270243529
"chr10:6923269:G:T",0.00109129226892035
"chr10:6923345:C:T",0.00089849298962752
"chr10:6924082:C:T",0.000896131795706689
"chr10:6924780:A:G",0.000923728700146453
"chr10:6925079:C:T",0.00115238906505266
"chr10:6925427:C:T",0.00109443844171253
"chr10:6925476:A:G",0.00089583338995558
"chr10:6925557:C:T",0.00104051741896927
"chr10:6925915:A:G",0.00107317966844911
"chr10:6926076:A:C",0.000882857597958475
"chr10:6926510:C:T",0.000912163844882907
"chr10:6926511:A:G",0.000882998876462704
"chr10:6926806:A:T",0.000897242769858031
"chr10:6926866:C:G",0.000877037242309697
"chr10:6926943:C:T",0.000877571004818223
"chr10:6927242:A:T",0.000885919118145617
"chr10:6927295:A:C",0.0010561082774323
"chr10:6927374:C:T",0.000886588338965266
"chr10:6927606:C:G",0.00106107261363753
"chr10:6927854:C:T",0.000886562838817606
"chr10:6927906:C:T",0.000908963066831747
"chr10:6928607:C:G",0.000891546533783094
"chr10:6928777:G:T",0.00143897453583075
"chr10:6929493:A:G",0.000996402342803182
"chr10:6929766:A:T",0.000970251128951993
"chr10:6930047:C:T",0.00101552570616059
"chr10:6930096:A:G",0.00101282403238145
"chr10:6930652:A:G",0.000893757107521265
"chr10:6930893:A:G",0.000901271562415373
"chr10:6931987:A:C",0.000892433721605523
"chr10:6932280:C:G",0.000983474826264819
"chr10:6932449:C:T",0.00106943163723339
"chr10:6932554:A:G",0.000878696936695733
"chr10:6932685:A:G",0.00094232048369669
"chr10:6932716:A:G",0.000926731155066474
"chr10:6932822:A:G",0.000922808873055847
"chr10:6932994:A:G",0.000881891741253304
"chr10:6933374:C:T",0.000939181298963643
"chr10:6933569:C:T",0.000883141056553849
"chr10:6933996:C:T",0.000888813717011883
"chr10:6934486:A:G",0.000895030066411562
"chr10:6935074:A:G",0.00117729322050919
"chr10:6935093:A:G",0.000960664876211048
"chr10:6935288:A:G",0.000962931225281016
"chr10:6935908:A:G",0.00113848729797006
"chr10:6935940:C:T",0.00112197725494445
"chr10:6936180:C:T",0.000889111589843616
"chr10:6936184:A:G",0.00120163201065471
"chr10:6936399:A:C",0.00181058035699899
"chr10:6936488:A:G",0.00094136261168587
"chr10:6936719:A:C",0.000906101767193856
"chr10:6938424:A:G",0.000968356086391231
"chr10:6939913:A:G",0.000949772183312714
"chr10:6940102:A:C",0.000959057207572722
"chr10:6941036:C:T",0.00125714302357893
"chr10:6941087:A:C",0.000913679050506322
"chr10:6941250:A:G",0.0010618965335818
"chr10:6941849:A:G",0.000931298872729691
"chr10:6942067:C:G",0.00100999157070891
"chr10:6942592:A:G",0.00101733615258615
"chr10:6942690:A:T",0.000877161572439222
"chr10:6942964:A:G",0.000878326876133539
"chr10:6942992:A:C",0.000877182627522122
"chr10:6943045:A:G",0.000878319701826613
"chr10:6943645:C:T",0.00114491970127195
"chr10:6944223:C:T",0.000899464963362351
"chr10:6944296:C:T",0.000980733816961177
"chr10:6944361:A:G",0.00111752417332456
"chr10:6945705:A:G",0.00321572302178141
"chr10:6946021:A:C",0.00122418668807944
"chr10:6946542:A:C",0.000884252038838795
"chr10:6946979:C:T",0.00127159562885104
"chr10:6948147:A:G",0.00247086645796801
"chr10:6948333:G:T",0.00111353954852855
"chr10:6949040:A:G",0.00102631259489083
"chr10:6949307:G:T",0.000920847245796885
"chr10:6949717:A:G",0.00117652099461529
"chr10:6949720:G:T",0.00114632615742682
"chr10:6950412:G:T",0.000910429903960286
"chr10:6950449:A:G",0.000916075740900246
"chr10:6950485:C:T",0.000912222180985189
"chr10:6950544:C:T",0.000877369192457178
"chr10:6951266:C:T",0.0012535459198042
"chr10:6951464:A:G",0.00118865259801793
"chr10:6951569:A:C",0.00129844360689269
"chr10:6951833:G:T",0.000885261654286373
"chr10:6951937:A:G",0.00120952641068806
"chr10:6952610:A:G",0.00123551168482494
"chr10:6952626:A:G",0.000882714180600375
"chr10:6952661:A:C",0.000939191172576237
"chr10:6952763:C:G",0.000888086960485923
"chr10:6952765:G:T",0.000888221952235924
"chr10:6954452:C:T",0.000900546099295796
"chr10:6954460:C:T",0.000900499766128715
"chr10:6955251:A:G",0.000883982700046304
"chr10:6955336:A:G",0.00121320220211196
"chr10:6955899:C:T",0.0010005277162245
"chr10:6955955:A:G",0.00185290364008217
"chr10:6956913:C:T",0.000877063492915275
"chr10:6957057:C:T",0.00126706364408413
"chr10:6957207:C:G",0.00139518665467586
"chr10:6957272:A:C",0.00132222559476813
"chr10:6957386:C:T",0.00136676660025892
"chr10:6957602:A:G",0.00138299001910369
"chr10:6957803:G:T",0.000969838362544273
"chr10:6957915:A:G",0.000967179647271332
"chr10:6958359:C:T",0.00097175180480924
"chr10:6958866:A:G",0.000878302235177708
"chr10:6959156:C:T",0.000950697102453435
"chr10:6959344:A:G",0.00088565252419659
"chr10:6959418:C:T",0.000976572715949753
"chr10:6959421:A:T",0.000880681002858541
"chr10:6959531:A:G",0.000881228252551769
"chr10:6959692:A:G",0.000942588021080826
"chr10:6960072:A:G",0.000993309302554257
"chr10:6960361:A:C",0.00140803987471605
"chr10:6960633:C:T",0.00100080682739745
"chr10:6961462:A:T",0.000883586488376942
"chr10:6961788:A:T",0.000884807258083598
"chr10:6962051:A:C",0.000881705598546501
"chr10:6962109:G:T",0.000956117523896571
"chr10:6962245:C:T",0.00143588490719671
"chr10:6964265:G:T",0.0013414934282463
"chr10:6964541:A:C",0.00110244175592478
"chr10:6964714:C:T",0.00114890692915337
"chr10:6964786:C:G",0.000963678257052014
"chr10:6964792:C:T",0.0009706372887065
"chr10:6964805:A:G",0.000907617647361358
"chr10:6964864:G:T",0.000878037573301294
"chr10:6964907:A:C",0.00102541204359174
"chr10:6964916:A:G",0.000891506097890904
"chr10:6964944:C:T",0.000877643075486212
"chr10:6965126:C:T",0.000887508724305652
"chr10:6965209:C:T",0.00103806152659802
"chr10:6965264:A:G",0.00102339022164544
"chr10:6965321:C:T",0.00104014386824058
"chr10:6965322:A:G",0.00102959973050665
"chr10:6965546:C:T",0.000892239202212597
"chr10:6965669:C:G",0.00087703581023113
"chr10:6965895:G:T",0.000877981938103956
"chr10:6966084:C:G",0.00113363375355535
"chr10:6966110:A:G",0.000877914514128331
"chr10:6966157:C:G",0.00087760156980965
"chr10:6966479:A:T",0.00113502445011238
"chr10:6966502:C:G",0.00113449882684347
"chr10:6966541:G:T",0.00113390090110144
"chr10:6966653:C:T",0.000879047589872672
"chr10:6966980:A:T",0.000895343116786629
"chr10:6967119:A:G",0.000884520335851402
"chr10:6967154:A:T",0.00106503960621163
"chr10:6967162:A:T",0.000954591800751969
"chr10:6967453:A:C",0.0008802066542416
"chr10:6967483:A:G",0.00101927036328031
"chr10:6967595:A:G",0.000993751437665114
"chr10:6967642:C:T",0.000883908062275118
"chr10:6967721:C:T",0.000882663724144583
"chr10:6967974:A:G",0.00120370408683479
"chr10:6968052:A:G",0.000877293766075038
"chr10:6968160:C:G",0.000915542596032881
"chr10:6968290:A:G",0.000890106890873876
"chr10:6968825:C:T",0.00108732098073716
"chr10:6968935:G:T",0.00111310915878904
"chr10:6969938:C:G",0.00108460097515617
"chr10:6970005:A:G",0.000918233610539776
"chr10:6970043:A:C",0.000978954476908545
"chr10:6970045:A:G",0.00107581518242628
"chr10:6970150:C:T",0.000912788084119209
"chr10:6970469:C:T",0.00089967961218107
"chr10:6970500:C:T",0.000917258091474804
"chr10:6970555:C:T",0.000982658796397251
"chr10:6970850:A:G",0.000995805947416217
"chr10:6971009:A:G",0.00105093157086855
"chr10:6971101:C:T",0.000920732949747372
"chr10:6971122:A:C",0.000920615426924232
"chr10:6971217:A:T",0.000911449147460885
"chr10:6971233:C:T",0.000909457646046996
"chr10:6971254:C:T",0.00092993070236691
"chr10:6971266:A:C",0.000929623054304329
"chr10:6971271:A:G",0.000883114781906169
"chr10:6971319:C:T",0.000928687742170364
"chr10:6971416:A:C",0.000878743519257652
"chr10:6971581:A:C",0.000917604077102285
"chr10:6971685:A:T",0.000880662991929015
"chr10:6971689:A:G",0.000916624293954671
"chr10:6971805:A:G",0.0010572446480307
"chr10:6971968:G:T",0.00311240592734285
"chr10:6972133:G:T",0.00108725361021578
"chr10:6972207:C:T",0.00107730187533783
"chr10:6972636:C:T",0.000955739136389022
"chr10:6972793:A:T",0.00291322510286318
"chr10:6972872:G:T",0.00104948773897151
"chr10:6972955:A:G",0.00105943692110755
"chr10:6972977:C:T",0.00090032409852947
"chr10:6973000:C:T",0.00133060371906557
"chr10:6973232:C:T",0.00293759232264756
"chr10:6973261:A:G",0.00102872026855838
"chr10:6973274:C:T",0.00100145851457722
"chr10:6973442:G:T",0.000997730870638147
"chr10:6973478:A:G",0.00105710926660374
"chr10:6973497:C:T",0.000992773561427462
"chr10:6973774:A:G",0.00158355062225501
"chr10:6973852:A:G",0.000990878062415157
"chr10:6973882:A:T",0.00106065943869105
"chr10:6973974:C:T",0.000957236646544124
"chr10:6974102:A:G",0.000911661906225492
"chr10:6974736:C:T",0.000951712032120855
"chr10:6974917:A:C",0.00269726475081722
"chr10:6975158:A:G",0.000953341506732097
"chr10:6975309:A:C",0.00098391206303805
"chr10:6975393:A:T",0.000957278234722581
"chr10:6975547:C:T",0.000894286192732463
"chr10:6976275:A:G",0.00107152113842923
"chr10:6976436:A:G",0.00106543974533291
"chr10:6976480:C:T",0.00299670210859848
"chr10:6976734:A:G",0.00111562586884029
"chr10:6976749:C:T",0.00129085058421308
"chr10:6976919:C:T",0.00118454786675493
"chr10:6976939:A:C",0.00103087572455174
"chr10:6977378:A:G",0.000929094314031542
"chr10:6977855:A:G",0.000881389668312305
"chr10:6978219:A:G",0.00102753841506253
"chr10:6978367:G:T",0.000952742973231779
"chr10:6978418:C:T",0.000958984962784903
"chr10:6978483:A:G",0.000950848232897816
"chr10:6978897:A:G",0.000947324527840854
"chr10:6979093:A:G",0.0010675247444516
"chr10:6979097:C:T",0.00106109750020555
"chr10:6979142:A:G",0.00106720297665586
"chr10:6979201:G:T",0.000945139367499515
"chr10:6979272:A:G",0.000971027670089608
"chr10:6979304:G:T",0.00106194758841927
"chr10:6979327:G:T",0.00103594681698804
"chr10:6979372:A:C",0.00104216100931753
"chr10:6979732:C:T",0.00105300242572837
"chr10:6980031:C:T",0.000884913894984019
"chr10:6980078:A:G",0.0010406156356827
"chr10:6980853:A:G",0.00104399798059351
"chr10:6981251:G:T",0.000990358721933537
"chr10:6981273:A:G",0.00100318581184022
"chr10:6981435:C:T",0.00100758384899746
"chr10:6981602:A:G",0.000877991500544906
"chr10:6981603:C:T",0.000958178016830735
"chr10:6981647:A:G",0.000879105974854744
"chr10:6981900:A:G",0.00119096624996018
"chr10:6981926:C:T",0.000933104593990097
"chr10:6981958:A:T",0.00124916408039344
"chr10:6982097:C:T",0.000960439757499265
"chr10:6982417:C:T",0.00107061982574275
"chr10:6982596:C:T",0.000957868111441162
"chr10:6982737:G:T",0.00187705668225002
"chr10:6982743:C:T",0.00107312517359015
"chr10:6982897:A:G",0.000913755875794231
"chr10:6983052:A:C",0.00102257455631027
"chr10:6983188:C:T",0.00116726587059679
"chr10:6983262:G:T",0.00305491858544527
"chr10:6983290:C:G",0.000962743836595892
"chr10:6983417:A:G",0.00110716884666717
"chr10:6983519:C:T",0.00143505871233129
"chr10:6983585:A:G",0.00144921311655022
"chr10:6983716:C:T",0.00312687252360333
"chr10:6983754:A:C",0.000939230625212506
"chr10:6984036:C:G",0.00493139209641325
"chr10:6984076:A:C",0.00143202519261076
"chr10:6984284:C:T",0.0041281797929813
"chr10:6984355:A:G",0.000954198952809682
"chr10:6984357:C:G",0.000913718820095832
"chr10:6984557:C:T",0.000973718337578533
"chr10:6984710:C:T",0.000977674063495249
"chr10:6984889:A:G",0.000916407892781468
"chr10:6985049:G:T",0.000910212803385879
"chr10:6985267:A:C",0.00290344686595478
"chr10:6985495:C:T",0.00093240737494471
"chr10:6985511:C:T",0.00293190710394842
"chr10:6986206:A:G",0.00110900726970042
"chr10:6986371:A:C",0.00150681360123062
"chr10:6986616:A:G",0.00193274349385464
"chr10:6986761:C:T",0.000904314156414454
"chr10:6986922:C:T",0.0018638050168529
"chr10:6987132:A:G",0.000925302640049863
"chr10:6987614:A:G",0.0008824091493147
"chr10:6987955:A:C",0.000877098849444868
"chr10:6988360:A:G",0.00108563917706495
"chr10:6989071:C:T",0.00174106586923839
"chr10:6989182:C:T",0.0009276145749334
"chr10:6989378:A:G",0.000882185590676987
"chr10:6989587:A:G",0.00088255386670899
"chr10:6990209:C:T",0.00119539031193561
"chr10:6990291:C:T",0.000921342711048712
"chr10:6991032:G:T",0.000919248549765439
"chr10:6991471:A:C",0.000905128119812693
"chr10:6991544:A:G",0.000945920463635064
"chr10:6991803:G:T",0.000928247323138787
"chr10:6991957:A:G",0.000890244691907571
"chr10:6991961:A:G",0.000879107436424831
"chr10:6992222:A:G",0.000919123953842194
"chr10:6992562:A:G",0.00189372918277597
"chr10:6992614:C:T",0.000936960237975182
"chr10:6992673:C:T",0.00125454450518525
"chr10:6992887:C:T",0.00115385787263855
"chr10:6992897:C:T",0.00108138806668034
"chr10:6992942:C:G",0.00089226115403207
"chr10:6993023:C:T",0.000897223980734885
"chr10:6993033:A:G",0.000889381518689003
"chr10:6993044:C:T",0.00195697117010174
"chr10:6993167:A:G",0.00090232817512792
"chr10:6993245:C:T",0.000976567182703891
"chr10:6993275:A:G",0.000913595082329244
"chr10:6993430:C:T",0.00116618462812557
"chr10:6993729:A:G",0.00148932670831137
"chr10:6993786:A:G",0.00122601530212074
"chr10:6993861:C:T",0.00110248063379015
"chr10:6994047:C:T",0.00120482976433978
"chr10:6994342:C:T",0.000884164147569866
"chr10:6994606:C:T",0.000947013169388722
"chr10:6994757:A:C",0.000883280156612321
"chr10:6994781:C:T",0.000919706989289004
"chr10:6994932:A:T",0.000922154523013252
"chr10:6995024:C:T",0.00187368230108442
"chr10:6995148:C:T",0.000904514044117621
"chr10:6995150:G:T",0.00183268838603989
"chr10:6995623:C:T",0.000945703866039316
"chr10:6995864:C:T",0.00197501187257587
"chr10:6996283:G:T",0.00108443045004003
"chr10:6996299:C:T",0.00135355402348136
"chr10:6996300:A:G",0.0019747024962653
"chr10:6996698:A:G",0.00110757512674409
"chr10:6996824:A:G",0.000882549905480312
"chr10:6996834:A:G",0.00162250608519987
"chr10:6996933:A:G",0.000986297550735982
"chr10:6997131:C:T",0.00226332100394067
"chr10:6997372:A:G",0.00106528601871236
"chr10:6997590:A:G",0.00105858849939167
"chr10:6997920:A:G",0.0011792151007235
"chr10:6998343:C:T",0.00190491419243743
"chr10:6998382:A:G",0.00144875854837112
"chr10:6998689:G:T",0.00118680735361987
"chr10:6998703:G:T",0.00155233319891024
"chr10:6998909:C:T",0.00146907361031368
"chr10:6998963:G:T",0.00107246503220249
"chr10:6999324:A:G",0.0010244731684752
"chr10:6999449:C:T",0.000886744874623591
"chr10:6999659:C:T",0.000893696292133206
"chr10:7000018:G:T",0.00123903859604646
"chr10:7000097:G:T",0.00090235835723329
"chr10:7000174:C:T",0.00167431571380827
"chr10:7000308:A:G",0.00113395513406456
"chr10:7000480:C:T",0.00100249554898346
"chr10:7000784:A:G",0.00206042029084452
"chr10:7000794:C:T",0.00118602899860998
"chr10:7000890:C:T",0.000907277963429931
"chr10:7001081:A:G",0.000994669418953653
"chr10:7001171:C:T",0.000878970135642754
"chr10:7001290:C:T",0.00208035111846772
"chr10:7001390:G:T",0.00207467018284724
"chr10:7001594:A:C",0.000878443517006167
"chr10:7001719:C:T",0.000974774811610346
"chr10:7001787:C:T",0.000897180615285098
"chr10:7001999:A:G",0.000905060304417615
"chr10:7002342:C:T",0.000906683996533264
"chr10:7002609:A:G",0.00206435526727144
"chr10:7002732:A:G",0.000903917859159442
"chr10:7003057:A:G",0.000890807224844914
"chr10:7003940:C:T",0.000963620960692357
"chr10:7004246:G:T",0.00104193360544003
"chr10:7008023:C:T",0.00161430430338072
"chr10:7008055:C:T",0.000929698546441426
"chr10:7008397:A:C",0.00201228991332891
"chr10:7009026:A:G",0.00146934946338995
"chr10:7009877:C:G",0.00194415336691589
"chr10:7009973:G:T",0.00248574697180481
"chr10:7009988:C:T",0.00145549668416012
"chr10:7011316:C:T",0.000926048681335279
"chr10:7011373:C:T",0.000922562303871111
"chr10:7011949:A:C",0.000906387151788035
"chr10:7012112:C:G",0.000944049327244123
"chr10:7012581:G:T",0.000887550422722816
"chr10:7012801:A:G",0.00093774417446657
"chr10:7013430:A:G",0.000877791108693793
"chr10:7014054:C:G",0.00109427996605893
"chr10:7015033:C:T",0.0017645588370202
"chr10:7015190:C:T",0.00113251052231511
"chr10:7015641:G:T",0.00111672743027058
"chr10:7016539:C:T",0.00223409631289451
"chr10:7016724:G:T",0.000972514564845262
"chr10:7017002:C:G",0.00119055325170558
"chr10:7017064:A:G",0.00121618863179718
"chr10:7017123:G:T",0.00119254236609279
"chr10:7017328:G:T",0.00109096700479383
"chr10:7017480:G:T",0.00122676508683262
"chr10:7017560:A:C",0.00121439823039793
"chr10:7017770:C:T",0.00115709095739946
"chr10:7017901:A:G",0.000879392861424355
"chr10:7018224:A:G",0.0011503116784144
"chr10:7018315:A:G",0.00117344817690435
"chr10:7018844:C:T",0.00118052736361951
"chr10:7019825:A:G",0.000881350550473226
"chr10:7019875:A:T",0.000884411695203924
"chr10:7019893:G:T",0.000959330173113004
"chr10:7020626:A:T",0.0010220612474271
"chr10:7020974:A:C",0.00087738584567576
"chr10:7021292:C:T",0.00138756073820889
"chr10:7021786:A:G",0.000877458647507434
"chr10:7022563:A:G",0.00100982422377527
"chr10:7023141:C:T",0.000877042481210122
"chr10:7023167:A:C",0.00117603608945949
"chr10:7023738:C:T",0.000881400053517445
"chr10:7024202:C:T",0.00150257396159326
"chr10:7024318:C:T",0.00118637839772362
"chr10:7024886:G:T",0.00138735144776625
"chr10:7024959:A:G",0.000882369817055917
"chr10:7024982:A:G",0.00405724056255385
"chr10:7025532:G:T",0.00102480231315383
"chr10:7025751:C:T",0.00139823040033193
"chr10:7025786:A:G",0.000975774905988658
"chr10:7026183:C:T",0.00128477826845408
"chr10:7027101:A:C",0.00119613099341753
"chr10:7027441:A:G",0.000877406280641924
"chr10:7029068:C:T",0.00138854279255363
"chr10:7029320:C:G",0.000982708984152314
"chr10:7029391:A:T",0.00116639488615478
"chr10:7031257:A:G",0.00173189168188381
"chr10:7031259:C:T",0.000879431410352294
"chr10:7031403:C:T",0.000911529472827133
"chr10:7031674:A:G",0.0036254071474211
"chr10:7031817:C:T",0.00166511357168053
"chr10:7031869:A:T",0.000892903220550023
"chr10:7032519:C:T",0.00178702649888574
"chr10:7032735:A:G",0.00645952158706509
"chr10:7033671:C:T",0.000880353403747036
"chr10:7033942:C:T",0.00104987244578569
"chr10:7034886:C:T",0.00224686211592773
"chr10:7034999:A:G",0.00102097456526173
"chr10:7035994:C:T",0.00369043533063229
"chr10:7036436:A:G",0.00439202457346988
"chr10:7036688:C:T",0.00158742826526515
"chr10:7037190:C:T",0.00103364125659
"chr10:7037422:C:T",0.000917104021863624
"chr10:7037497:C:T",0.00100677289946061
"chr10:7037511:A:G",0.00434584366311674
"chr10:7037690:C:G",0.0009998391755901
"chr10:7037785:C:T",0.00100622667792094
"chr10:7037960:A:T",0.00202543305322445
"chr10:7038083:A:G",0.00390477914998233
"chr10:7038292:A:G",0.00110834025743334
"chr10:7039063:C:T",0.00102082427492678
"chr10:7039075:C:T",0.00112392083687818
"chr10:7039272:C:T",0.010575139096292
"chr10:7039345:A:G",0.00157265893172109
"chr10:7039531:A:G",0.00436151105617988
"chr10:7039737:A:G",0.00518183176865683
"chr10:7039856:A:G",0.000929477393792788
"chr10:7040003:G:T",0.00100823242798875
"chr10:7040285:C:T",0.00205893042559169
"chr10:7040679:C:G",0.00155601082464141
"chr10:7041004:C:T",0.00266701627778698
"chr10:7041407:C:T",0.000905719805920135
"chr10:7041476:C:T",0.000988796114782753
"chr10:7042080:G:T",0.00102773097789977
"chr10:7042240:C:T",0.00275092960346512
"chr10:7042278:C:T",0.000927654854197657
"chr10:7042335:C:T",0.000892100131392404
"chr10:7042338:A:C",0.000894867056620119
"chr10:7042352:C:G",0.0010355044996152
"chr10:7042390:C:T",0.00097844049384177
"chr10:7042506:A:C",0.00529966211050492
"chr10:7042650:A:G",0.000978165855422652
"chr10:7043389:A:G",0.00147294976197532
"chr10:7043447:A:G",0.00111367819484198
"chr10:7043499:A:G",0.00089212513663639
"chr10:7043695:C:T",0.00101163225229739
"chr10:7044155:A:G",0.000877172386914982
"chr10:7044313:C:G",0.00111615385023078
"chr10:7044489:G:T",0.00130998543184779
"chr10:7044511:C:T",0.000895959078384467
"chr10:7045924:G:T",0.000912665262113532
"chr10:7046316:A:G",0.00232084452805803
"chr10:7046969:A:G",0.00090222842535348
"chr10:7047054:A:G",0.00100446694433753
"chr10:7047332:A:G",0.00251041721888201
"chr10:7047350:C:T",0.00214797396597866
"chr10:7047379:A:C",0.00109893673449213
"chr10:7047459:C:G",0.0011435951886406
"chr10:7047825:A:T",0.000877057589708907
"chr10:7047927:G:T",0.000902284566671185
"chr10:7048764:A:G",0.00260863211992524
"chr10:7049258:A:G",0.000903123849403609
"chr10:7049308:C:G",0.00275092563920543
"chr10:7049357:A:G",0.000895290196807452
"chr10:7049895:A:G",0.000927326220048097
"chr10:7049923:A:G",0.00332983487631655
"chr10:7050958:A:G",0.000925326829843809
"chr10:7050987:A:G",0.00368970205787567
"chr10:7051614:C:T",0.000924639217843359
"chr10:7052122:C:T",0.000924078137193418
"chr10:7052128:C:T",0.00420884203160665
"chr10:7052237:A:C",0.00536259502906078
"chr10:7052592:A:G",0.000923580283207603
"chr10:7052760:C:G",0.000896484807389242
"chr10:7053367:C:T",0.0012177400903729
"chr10:7054043:C:T",0.000936187464240956
"chr10:7054186:A:G",0.00444018522124312
"chr10:7054755:A:G",0.000909453605171584
"chr10:7055030:A:C",0.00228615314455138
"chr10:7055155:A:G",0.000917000697735482
"chr10:7055230:C:T",0.0030423618206733
"chr10:7055402:C:T",0.000925391428657663
"chr10:7056032:A:G",0.00423844083076952
"chr10:7056510:A:G",0.0022294954430977
"chr10:7056879:A:G",0.000921714774453464
"chr10:7057285:A:C",0.000877959157875141
"chr10:7057296:A:T",0.00088740558865219
"chr10:7057982:A:G",0.000893120381878831
"chr10:7063906:A:C",0.00110077821357846
"chr10:7064613:A:G",0.000884040953103127
"chr10:7065336:A:G",0.000882619484378733
"chr10:7066324:A:G",0.000981198880633305
"chr10:7066818:C:G",0.000961129399801419
"chr10:7067027:A:G",0.000889957693559928
"chr10:7067375:A:T",0.00163264654112749
"chr10:7067521:C:G",0.000889163877101806
"chr10:7068198:C:T",0.00107391248726463
"chr10:7069909:A:G",0.00105779078414048
"chr10:7070114:A:G",0.00713385287886315
"chr10:7070453:A:G",0.000905659742999054
"chr10:7070763:A:G",0.0014732400311277
"chr10:7070952:C:G",0.000878275691296837
"chr10:7071107:C:G",0.000878339641872561
"chr10:7071924:C:G",0.000964674241414887
"chr10:7074043:A:G",0.00113123301639928
"chr10:7074486:C:T",0.00158066675900703
"chr10:7075305:C:T",0.000882444069417065
"chr10:7075500:C:G",0.000884218522545943
"chr10:7075745:A:G",0.00122974663494624
"chr10:7075765:A:C",0.00119618240561514
"chr10:7076119:C:T",0.00139291137763764
"chr10:7076157:C:T",0.00133583176812113
"chr10:7076290:A:G",0.000886985052355183
"chr10:7077461:C:T",0.000985009263377523
"chr10:7078855:C:T",0.000898792245586422
"chr10:7079140:A:G",0.000881178137107308
"chr10:7080299:A:C",0.000971006475812608
"chr10:7080404:A:C",0.00100694873658513
"chr10:7081460:A:G",0.000885345110596236
"chr10:7081545:A:G",0.00102417077570982
"chr10:7081880:A:G",0.000995926720088081
"chr10:7082480:G:T",0.000994382987131059
"chr10:7082727:C:T",0.00150686944289458
"chr10:7083185:C:T",0.000979614160027564
"chr10:7084831:C:T",0.00102708231561377
"chr10:7085100:A:T",0.00102146513553869
"chr10:7085114:A:G",0.00108222613338727
"chr10:7085268:C:T",0.000880235746150482
"chr10:7085449:C:G",0.00091405673834033
"chr10:7086303:A:T",0.00102447663752059
"chr10:7088602:C:T",0.00121238344752717
"chr10:7088970:A:G",0.0012384418069008
"chr10:7088973:A:G",0.0012588469310173
"chr10:7089119:G:T",0.000892890199931773
"chr10:7089428:C:T",0.00171591203629273
"chr10:7089598:C:T",0.000908461273155581
"chr10:7089840:C:T",0.00126076321968271
"chr10:7089946:C:G",0.0010224447752567
"chr10:7090832:A:G",0.000995812518455153
"chr10:7091216:A:G",0.00134141001571275
"chr10:7091336:C:T",0.000915357186985544
"chr10:7091533:A:T",0.00132029833408487
"chr10:7091691:A:G",0.00127275134440685
"chr10:7093025:A:G",0.00133444130396299
"chr10:7093072:A:T",0.00197530874171492
"chr10:7093247:C:T",0.00197092215992167
"chr10:7094366:A:G",0.00135313493108036
"chr10:7095136:A:G",0.00093233803051751
"chr10:7095692:C:T",0.00109420431676643
"chr10:7095968:A:G",0.000877564240356121
"chr10:7097148:A:G",0.000904630442692067
"chr10:7097157:C:T",0.000892089030946619
"chr10:7097164:A:G",0.000892066323330387
"chr10:7097510:G:T",0.00149758319784132
"chr10:7097556:G:T",0.00157574408290861
"chr10:7097645:A:G",0.00112461412966502
"chr10:7097778:A:G",0.000877247365107303
"chr10:7097890:A:C",0.000971133656942569
"chr10:7098444:C:T",0.00154052279337058
"chr10:7098504:A:C",0.000880774672642248
"chr10:7098636:C:T",0.000928827361231344
"chr10:7098650:C:T",0.00161697770141211
"chr10:7099092:A:G",0.000918686986799089
"chr10:7099188:A:G",0.00174962716365334
"chr10:7099333:C:T",0.0022172337902876
"chr10:7099334:A:G",0.0022060808461063
"chr10:7099366:A:C",0.0022284237125485
"chr10:7099464:A:G",0.00279093077264747
"chr10:7099478:A:G",0.00279313038976214
"chr10:7099551:G:T",0.000877065215553197
"chr10:7099568:C:T",0.000878259297802719
"chr10:7099799:C:G",0.000879780988188528
"chr10:7099808:A:G",0.00254675261432746
"chr10:7100001:A:C",0.00257531602911498
"chr10:7100035:A:G",0.00275603622369613
"chr10:7100114:G:T",0.00244614619644001
"chr10:7100155:A:C",0.00238692567131216
"chr10:7100495:C:T",0.00246504810807657
"chr10:7100754:C:T",0.000878606601502518
"chr10:7100807:C:T",0.00252769857398516
"chr10:7100840:A:G",0.00288977664085766
"chr10:7100898:A:G",0.00253168781546387
"chr10:7101041:A:T",0.00281937583945457
"chr10:7101046:A:G",0.00281955844199755
"chr10:7101202:A:G",0.000878133345031396
"chr10:7101234:A:T",0.000881483549908357
"chr10:7101366:C:T",0.00157012558531844
"chr10:7101371:C:G",0.00256780485452357
"chr10:7101912:A:G",0.00149217815823011
"chr10:7102212:A:G",0.0015333784893099
"chr10:7102563:A:G",0.0016626132143005
"chr10:7102663:A:G",0.00118483278916104
"chr10:7102696:A:G",0.000880900322654976
"chr10:7102781:C:T",0.000877094203612039
"chr10:7103577:G:T",0.00168493756039312
"chr10:7103715:A:G",0.00161846021086898
"chr10:7103933:A:G",0.00264914256596593
"chr10:7104047:C:T",0.00216805978781598
"chr10:7104107:C:G",0.00162712389094455
"chr10:7104368:A:C",0.00160912140122549
"chr10:7104440:A:T",0.000877092357546072
"chr10:7104538:A:T",0.00216972961479678
"chr10:7104844:C:T",0.00216977249329764
"chr10:7104849:A:T",0.00165954809903568
"chr10:7105058:A:G",0.00219946752820288
"chr10:7106219:C:T",0.00217138461416788
"chr10:7106340:A:G",0.000962045552406199
"chr10:7106505:A:G",0.00118312503395979
"chr10:7107688:G:T",0.000885782264266832
"chr10:7107768:A:G",0.00156504119578182
"chr10:7107927:A:T",0.00236386005850431
"chr10:7107975:A:T",0.00234575999912623
"chr10:7108136:C:T",0.00088884106234699
"chr10:7108536:A:T",0.000879083544948034
"chr10:7108708:C:T",0.00231053585787711
"chr10:7108858:C:T",0.000879954919084103
"chr10:7109613:A:C",0.000947692747735873
"chr10:7109685:C:T",0.00210389222697704
"chr10:7109710:A:T",0.000936122356309799
"chr10:7109878:C:T",0.000950493691436849
"chr10:7110195:C:T",0.00113195649824349
"chr10:7110271:G:T",0.000893236337313308
"chr10:7110541:A:G",0.00139582113825909
"chr10:7111836:C:T",0.00151399192024226
"chr10:7112185:A:G",0.00120739018635296
"chr10:7112419:G:T",0.000877885931128586
"chr10:7112902:G:T",0.00166834144176708
"chr10:7112959:C:T",0.00108310935433398
"chr10:7113568:A:G",0.000885704764253648
"chr10:7114114:A:G",0.0018976912086297
"chr10:7114428:G:T",0.00196514566645856
"chr10:7114720:C:T",0.00109075513206258
"chr10:7115162:G:T",0.000880494321081171
"chr10:7115183:G:T",0.0016859739701226
"chr10:7115452:C:T",0.00113556966449102
"chr10:7115524:A:G",0.000883948362630393
"chr10:7115889:C:T",0.00113714074264781
"chr10:7115909:C:T",0.00144716847465942
"chr10:7116212:C:T",0.00141277240238069
"chr10:7116480:C:T",0.00142014069696417
"chr10:7116518:G:T",0.00197311389057597
"chr10:7116773:C:T",0.000919863538090038
"chr10:7118024:A:G",0.00140685507217153
"chr10:7118041:C:T",0.00118638121259651
"chr10:7118276:C:T",0.00200002832872903
"chr10:7118448:A:G",0.00153053746916465
"chr10:7118535:C:T",0.00135062763972926
"chr10:7119281:C:T",0.00341551909682603
"chr10:7119286:A:G",0.00296754609724315
"chr10:7119432:A:G",0.000887267126364333
"chr10:7119746:C:T",0.000896423380553846
"chr10:7120215:A:G",0.000914785258186779
"chr10:7120235:C:G",0.000906543964652395
"chr10:7120242:A:G",0.0025546282836354
"chr10:7120350:C:T",0.00202743873844324
"chr10:7120602:C:T",0.00419501249738785
"chr10:7120859:C:T",0.0010441237172889
"chr10:7121232:A:G",0.00114286678253328
"chr10:7121603:A:G",0.000900380453192517
"chr10:7121731:A:G",0.000899350775789176
"chr10:7121733:G:T",0.00107225526212051
"chr10:7121950:A:G",0.00137782767620542
"chr10:7122762:C:T",0.000959678783823636
"chr10:7123125:C:G",0.000890254536500046
"chr10:7123144:C:T",0.00132401370719626
"chr10:7123348:A:G",0.00105385819913006
"chr10:7123643:A:G",0.000890504446793727
"chr10:7123669:A:G",0.00127416740957975
"chr10:7123834:A:G",0.00102490214637074
"chr10:7123962:A:C",0.00102947330923708
"chr10:7123999:A:G",0.00104972509124535
"chr10:7124344:C:T",0.00102298623513064
"chr10:7124757:C:T",0.000889356115227891
"chr10:7124854:A:G",0.000981001346483268
"chr10:7125121:A:G",0.000889686124295408
"chr10:7125142:A:G",0.000981660962866338
"chr10:7125211:G:T",0.000877574813670901
"chr10:7125842:A:T",0.000891176667093929
"chr10:7125945:C:T",0.001012328629029
"chr10:7125987:A:G",0.000913833059900115
"chr10:7126188:C:G",0.00090483800118768
"chr10:7126351:C:T",0.000883276875882522
"chr10:7126405:A:G",0.000997089444363164
"chr10:7126441:C:T",0.000993393230745321
"chr10:7126661:G:T",0.000894231103117926
"chr10:7126668:A:G",0.000967436126487087
"chr10:7126871:A:G",0.000897578011229583
"chr10:7127375:A:G",0.000938939185133658
"chr10:7129695:A:G",0.00192996129580014
"chr10:7132253:A:G",0.00121565821180125
"chr10:7132903:C:T",0.00189666596794003
"chr10:7134351:C:T",0.000898900000701475
"chr10:7135367:A:C",0.00273066390092513
"chr10:7136903:A:G",0.00122136036529719
"chr10:7137033:C:T",0.00118260735411035
"chr10:7142493:C:T",0.00110536491831048
"chr10:7143714:C:G",0.000989356818781983
"chr10:7143983:C:T",0.0010120221100115
"chr10:7144316:A:T",0.00221921276828574
"chr10:7144755:C:T",0.00146028674844412
"chr10:7144756:G:T",0.0014603662782211
