"z","condmean","condvar","z_std_diff","logLR","snp"
-0.699111823151834,-0.348320005852389,0.119983998315319,-1.01271627451493,-3.12308666397706,"chr19:45717458:A:G"
-0.753882647072154,-0.962317784954,0.115089594930969,0.614402399548687,-5.3122369500004,"chr19:45718468:A:G"
-0.619127198754041,-0.412807427221314,0.146477295490645,-0.539083068661284,-3.40193203933202,"chr19:45719043:A:G"
-0.0856742668124958,-0.182079453762788,0.0987520403073519,0.306780225613568,-0.482164258570437,"chr19:45721396:C:T"
-0.0941886940415832,-0.18171473478176,0.0987520403073482,0.278525039728196,-0.528657157266694,"chr19:45721713:C:T"
0.318929591120594,0.53247111146316,0.127067940830094,-0.599051740571146,-3.00196523650068,"chr19:45724672:C:T"
-0.671028815156922,-0.612851127004572,0.10589491757089,-0.17877998688079,-4.58230481524864,"chr19:45726453:G:T"
-0.203054882008509,1.94905786194527,0.254480043400157,-4.26616996803347,0.649042347311418,"chr19:45727293:C:T"
-0.507396863716231,-2.1254599810694,0.167095229616567,3.95834307893531,-2.33923085832822,"chr19:45728139:C:T"
-0.980010129892018,-1.13605047774684,0.156999733372968,0.393810645993799,-5.75531172484386,"chr19:45730619:A:C"
0.289882688847617,0.542400948808646,0.12706794083009,-0.708393866040582,-2.81885707910253,"chr19:45734981:C:T"
-0.508967383697733,-0.583851373571311,0.0976000348020356,0.239697767772989,-4.21149618657082,"chr19:45735297:C:T"
0.70124700211431,0.631123227400388,0.10080062327551,0.220868446780736,-4.77954274830478,"chr19:45735668:G:T"
-0.707714898383256,-0.647386946585064,0.117465301668053,-0.176020715336106,-4.58998817040763,"chr19:45735865:C:T"
-0.0405397137314671,-0.14063410313304,0.0986210873022128,0.318731393474246,-0.177867558123629,"chr19:45736340:C:T"
0.791348109581681,0.776152648772573,0.137793473843736,0.040935448241493,-4.83847029557301,"chr19:45736657:C:T"
-0.606383853523337,-0.580863603605973,0.0976000348020358,-0.0816883147990392,-4.4848418646041,"chr19:45737937:C:T"
0.5971042608696,1.08179301317397,0.127773583003464,-1.35594603320558,-3.90031550994599,"chr19:45738074:A:G"
0.88166117239871,0.989224512569858,0.120259532017877,-0.310173381826068,-5.85399575102102,"chr19:45738688:C:T"
0.426330221450839,0.158131762477178,0.103079070993242,0.835354911185585,-1.7576347306931,"chr19:45740802:A:G"
0.565279644621804,0.703903170398792,0.0989015054677769,-0.440793812241995,-4.53151221222012,"chr19:45743446:C:T"
0.561138654611449,0.704087087430998,0.0989015054677765,-0.454546111876547,-4.51158117593924,"chr19:45744383:A:G"
-0.575865678721253,-0.612097478869106,0.0985741962286502,0.115400659263883,-4.46654843159922,"chr19:45745149:A:G"
0.623171578198725,0.807179509014201,0.100470834177882,-0.580519132546576,-4.83510751073778,"chr19:45746967:G:T"
-0.502051612538997,-0.504386983182033,0.0969756716718235,0.00749936373702159,-4.05767214835537,"chr19:45748104:A:G"
-0.465102566617622,-0.505276594566398,0.0969756716718233,0.129007208884625,-3.95862619846107,"chr19:45748202:C:T"
0.41859677274126,0.00360565433484954,0.0989695256527278,1.31913139848685,-0.0425614670659934,"chr19:45748510:A:G"
-1.21651270888736,-0.285721588773062,0.139374702757426,-2.49321800375222,-1.26119579002798,"chr19:45748851:C:T"
-0.215878864392293,-0.293685468550253,0.103890420134918,0.241395244274504,-1.75826319391486,"chr19:45749075:A:T"
-0.72744081219027,-0.800820533557794,0.100470834177882,0.231502696682691,-5.33674764725928,"chr19:45750508:G:T"
-0.26660804419135,-0.181298079887376,0.115104109721521,-0.251451566284654,-1.24668146104278,"chr19:45750812:A:G"
0.195126767456569,0.196703407188331,0.115104109721521,-0.00464715386124891,-1.00420610126325,"chr19:45751043:C:G"
1.09267876042122,0.24321879453937,0.119983998315319,2.45234321205135,-1.17422290529749,"chr19:45751774:A:G"
-0.511916213162268,-0.50414947607472,0.0969756716718233,-0.0249406177315066,-4.08013091100451,"chr19:45751817:A:G"
0.529705228403884,0.503721175151671,0.0969756716718232,0.0834402313318355,-4.11651529817554,"chr19:45751881:C:T"
-0.801200742316151,0.188508817163751,0.160463212540613,-2.47070004832932,1.68357047226138,"chr19:45751984:C:T"
0.500809988828182,0.624458316635447,0.0969926568611226,-0.397025882264393,-4.22182222643859,"chr19:45754100:A:C"
-1.3101239594065,-0.360793536924478,0.159877532883372,-2.37423487295451,-1.54306118852374,"chr19:45754696:C:T"
0.441916128403604,0.625886850462721,0.0969926568611227,-0.590716749119241,-3.93503835285929,"chr19:45755735:G:T"
-0.842128189914773,-1.22013956973664,0.113770056310141,1.12070391147287,-5.68977457144831,"chr19:45756035:A:G"
-0.502393143056802,-0.535698523221521,0.0967453574499615,0.107077772588944,-4.127079575539,"chr19:45756987:A:G"
0.523611318608535,0.535239265204103,0.0967453574499615,-0.0373841888331188,-4.18453296361731,"chr19:45757117:C:T"
-0.445044205767818,-0.625810975587177,0.0969926568611227,0.580429089049101,-3.95159746841773,"chr19:45757490:C:T"
-0.542033425789518,-0.534840526848888,0.0967453574499616,-0.0231253807406123,-4.22857751016679,"chr19:45757989:A:G"
0.560602823798442,0.534438600448961,0.0967453574499615,0.0841187442967476,-4.26756027160253,"chr19:45758504:A:G"
0.511954309091989,0.535491576015022,0.0967453574499616,-0.0756730024544066,-4.15386707372645,"chr19:45758724:C:T"
0.067329698135657,0.0899213281630098,0.0977049235681926,-0.0722752067232144,-0.191259095370504,"chr19:45759028:A:C"
-0.495068502276205,-0.68237484168919,0.12931287503431,0.520872696212347,-3.87983317927435,"chr19:45759621:C:T"
-0.625831466611114,-0.888941028012088,0.138284577852967,0.707537978619854,-4.32855603317167,"chr19:45759852:A:G"
-0.680975771388528,-0.460927573964253,0.0984910534270041,-0.701163699852742,-3.98556845853136,"chr19:45760477:A:G"
0.66744777176443,-0.0227641199107231,0.116004488895519,2.02649268311122,0.257664238043337,"chr19:45761705:C:T"
0.464336388812737,0.625343022970671,0.0969926568611226,-0.516980715474084,-4.05043039446117,"chr19:45761771:C:T"
0.244798043680347,2.29120581114346,0.180766446961601,-4.81319286939775,-1.11965491897112,"chr19:45763482:C:T"
0.344695356923112,-0.0530722772745567,0.0983002714538101,1.26867997137033,0.542439295872778,"chr19:45764195:G:T"
0.729170138939858,0.679902474886268,0.100810201610626,0.155170703730358,-5.00937891229352,"chr19:45764276:C:T"
0.183767012623936,-0.273405550807949,0.102772894294128,1.42607007052689,1.43556205124712,"chr19:45765644:C:T"
-0.519915677188743,-0.484257288226184,0.103596440935613,-0.110787127029698,-3.96484207855083,"chr19:45765818:A:G"
-0.737422423677811,-0.219961175910575,0.10169053639968,-1.62269748225171,-1.99677885813812,"chr19:45766055:C:G"
0.485137483538811,0.536072014333368,0.0967453574499615,-0.163756008139537,-4.07495975334731,"chr19:45767919:G:T"
1.04072825131967,1.3968644447254,0.15694294239011,-0.898970037678732,-6.05909797504788,"chr19:45769395:A:G"
0.466059590183421,0.536484946890037,0.0967453574499616,-0.226419584242261,-4.01158814635953,"chr19:45770913:A:C"
0.00200028552958906,-0.215348518025271,0.104228772772149,0.673229970975003,0.0126013026436667,"chr19:45771134:C:G"
-1.67925751459487,-1.03613730977437,0.131662626741593,-1.77239655139382,-5.73343964679075,"chr19:45771366:A:G"
0.40281609490998,0.422591874569657,0.0973872762128987,-0.0633698245723875,-3.57282587983007,"chr19:45771714:A:C"
-1.23976742376746,-0.467990978443035,0.154425899194561,-1.9639546279203,-2.37099948573647,"chr19:45772004:A:G"
-0.0137496894131245,-0.552111683008955,0.108009320537942,1.63811269367107,-0.171026028305342,"chr19:45772718:C:G"
-0.444222037816402,-0.536957611044394,0.0967453574499616,0.298147583720754,-3.93145899721956,"chr19:45772798:A:C"
-0.459624378756962,-0.536624234192738,0.0967453574499615,0.247556790192938,-3.98882711068314,"chr19:45774030:A:C"
0.338548327332693,0.267214866432937,0.101942894665674,0.223416279165517,-2.40661020529077,"chr19:45774110:C:T"
1.67821555102216,1.07088955134578,0.129989543612266,1.68448700213288,-6.03814334433485,"chr19:45776499:C:T"
0.36207943904007,0.265414000332943,0.101942894665674,0.302755990911447,-2.50728828004134,"chr19:45779245:A:C"
0.111281136521984,-0.273924870601574,0.0976589961442878,1.23264189165328,0.92868482378285,"chr19:45779632:A:T"
-0.48420371840479,-0.536092225266328,0.0967453574499615,0.166823069132391,-4.07199949716387,"chr19:45781076:G:T"
-0.456590745708056,-0.536689895837174,0.0967453574499616,0.257521113395932,-3.97785189352347,"chr19:45781262:A:G"
-0.670852937721664,-0.33014479774987,0.0989807763825959,-1.08294669833995,-3.13358570292578,"chr19:45781689:C:T"
0.0873336173556143,-0.162058233188404,0.0978018568683675,0.797459631312459,0.44289877515335,"chr19:45782104:G:GC"
1.13574125922203,1.08265601272604,0.105706010699842,0.163276618246176,-7.30211025025351,"chr19:45782731:CAAG:C"
0.397202636577238,0.262725977065902,0.101942894665675,0.421180670665225,-2.63139329928465,"chr19:45782753:GA:G"
0.0747635388444468,-0.0427974123651496,0.0983002714538102,0.374960684057923,0.1006560566303,"chr19:45783456:A:C"
0.456202860678838,0.536698291436979,0.0967453574499615,-0.258795167223456,-3.97643719435669,"chr19:45783942:C:G"
0.637930171713617,0.462652813703383,0.098491053427004,0.558505465081859,-4.02223412200974,"chr19:45785448:A:T"
-0.677891517363277,-0.461051188866832,0.098491053427004,-0.690942115343498,-3.98911690507083,"chr19:45786134:C:G"
0.137208866981647,-0.159349019674643,0.0972555651409453,0.95093809818141,0.684580364532417,"chr19:45786245:C:T"
-0.35149240762144,-0.266224239399329,0.101942894665675,-0.267059758984842,-2.46365260541114,"chr19:45787357:C:G"
0.13793595661337,-0.140040399523426,0.0974567720458027,0.890434229154392,0.605190074280044,"chr19:45787564:C:T"
-0.365919535957645,-0.159894908241676,0.115104109721521,-0.607258668492721,-1.45671676110885,"chr19:45787710:A:G"
-0.60883708867133,-0.0496084307644953,0.100598590771443,-1.76316708756679,-0.609785716461459,"chr19:45787877:C:T"
-0.184391909135256,0.046970379831495,0.0983002714538103,-0.737930080044285,0.269475294122387,"chr19:45788414:A:C"
0.185271321627953,-0.0470038543756442,0.0983002714538103,0.740841733482621,0.270916009163133,"chr19:45788765:CA:C"
0.0953497340218746,-0.158217465920069,0.0972555651409454,0.813084803080762,0.47463482769527,"chr19:45788802:G:T"
-0.396978462519937,-0.670189051088755,0.0975372923338209,0.874806858486524,-3.61062897178342,"chr19:45789001:A:G"
2.58916100157774,3.03067906494658,0.13293255962431,-1.21096834997881,-15.0251344556903,"chr19:45789746:A:G"
0.245854046744659,0.224455808829121,0.103151803871199,0.0666253645491898,-1.56728216310241,"chr19:45790878:A:G"
-0.387990342753048,-0.538174721192479,0.0967453574499616,0.482847174883302,-3.68585535289199,"chr19:45791252:A:G"
-0.743323342039585,-0.918688863483592,0.125015756971163,0.495977338180105,-5.07616777208951,"chr19:45791965:A:G"
0.437934072017274,0.573014596731592,0.0973368739609956,-0.432966247599079,-3.91914832919461,"chr19:45792972:A:T"
-1.24141887887192,-1.97319237910153,0.166299348905241,1.79445017381908,-6.0381651895608,"chr19:45793507:G:T"
0.335519775177974,0.109640046192187,0.140778834666411,0.602016750247729,-0.778404146956462,"chr19:45795419:A:G"
-0.294119974280752,-0.610006070323876,0.122945470877,0.900895138257265,-2.88772402155469,"chr19:45797000:C:T"
-0.65190702508822,-0.483770365563051,0.0987567636679322,-0.535031054304477,-4.12343901950156,"chr19:45797590:A:C"
-0.940574893927849,-1.3138727764799,0.0977717862456906,1.1938472178798,-6.61107770422012,"chr19:45798198:A:C"
-0.0565323749728016,-0.134370248389656,0.0974567720458027,0.249335978707648,-0.239801444656942,"chr19:45798221:C:T"
-0.0114907653256924,-0.135683535401103,0.0974567720458026,0.397823379748981,-0.04927303279289,"chr19:45798362:A:G"
-0.0179190298977263,0.136541042545675,0.0974567720458027,-0.494777820145207,0.0773107446880375,"chr19:45798413:A:G"
1.75158617703936,1.80249125089793,0.0997243002285761,-0.161198342954534,-11.2496215913104,"chr19:45798887:A:G"
-0.0847645938840215,0.0531278611043361,0.09774994072174,-0.441044339258675,0.142332279990679,"chr19:45799116:A:T"
0.0562218773193165,-0.513014584900684,0.1295820093269,1.5813221560021,0.601953119598142,"chr19:45799262:A:G"
0.0856976144317382,-0.0531579539072441,0.09774994072174,0.444124824636888,0.143972149125172,"chr19:45799274:A:AGG"
0.095825869619519,-0.168377664105476,0.0990422025817274,0.839515032355602,0.497885174138601,"chr19:45800370:C:T"
0.0352470454630825,-0.165597122464883,0.0990422025817273,0.63818865614411,0.180825465980205,"chr19:45800996:C:T"
-0.611105394133527,-0.252687349645617,0.0982219527403622,-1.14363011752316,-2.69602707810728,"chr19:45801142:A:G"
0.522420952827987,0.182752515930671,0.0980736434669128,1.08462356979616,-2.19114475380786,"chr19:45801327:G:T"
-0.0521034824345952,0.166370825579217,0.0990422025817273,-0.694208980384017,0.268350687361025,"chr19:45801773:C:T"
-0.0765092233876734,0.167491038457807,0.0990422025817273,-0.775318500967515,0.396083781667446,"chr19:45802272:C:T"
0.0819201007441146,-0.167739395371496,0.0990422025817273,0.793300895731173,0.424543869341969,"chr19:45803157:C:T"
0.0157184768250273,0.118309030034027,0.0975244438816992,-0.328511540258913,-0.0588230936537928,"chr19:45803461:C:G"
0.0445933464403959,0.161932483255056,0.0990422025817273,-0.372848795209806,-0.223744676805485,"chr19:45803600:C:T"
0.658899186645674,0.250907622995904,0.0982219527403623,1.30180789461057,-2.54466257182119,"chr19:45803646:C:T"
0.407402158741906,-0.015020896238887,0.114956102477747,1.24589544382228,0.152871645075933,"chr19:45804148:A:G"
-0.0375153462594275,-0.423292953167421,0.0979382496384339,1.23270979172577,-0.448893752846053,"chr19:45805458:A:G"
-0.096900233743941,-0.199654192597838,0.0975369915715635,0.32901362646194,-0.602779871776566,"chr19:45805657:A:C"
-1.91569725343234,-1.6128634287583,0.0964727749968191,-0.974994118877615,-10.6520529687565,"chr19:45805701:GAGAA:G"
-1.93246341067114,-1.58301531788521,0.097029644837338,-1.12183879276113,-10.3512260016021,"chr19:45805849:C:T"
-0.0907652600066251,-0.219906391694417,0.0973829653571621,0.413831066687204,-0.620656852244241,"chr19:45805945:A:C"
-1.92383861836529,-1.61271064751019,0.0964727749968191,-1.00169768726647,-10.6385917087212,"chr19:45806405:A:G"
-1.58986253711788,-1.73649692732848,0.0995900616220771,0.46465202793088,-10.4173445747604,"chr19:45806970:C:G"
-1.90252395766012,-1.61311063946388,0.0964727749968191,-0.931785884453026,-10.6719534285291,"chr19:45807051:A:G"
1.74560697383963,1.3615276579002,0.0969819628018619,1.23331903581846,-8.93169174215462,"chr19:45807254:A:C"
0.0287269104718916,-0.165297851108976,0.0990422025817273,0.616519778141558,0.147141789955327,"chr19:45807417:A:G"
0.00509974745804772,-0.164485713274115,0.0976748126579261,0.542621905568712,0.0263649007123728,"chr19:45807549:C:T"
-0.0830358641338822,0.240707606641577,0.097854848268603,-1.03492730293404,0.616081784362284,"chr19:45807637:A:C"
0.0372880190433522,0.162267794600378,0.0990422025817273,-0.397127164959739,-0.187518522479788,"chr19:45808090:A:T"
0.0473987331784689,0.236356186368513,0.097854848268603,-0.604049950199278,-0.346658367626256,"chr19:45808162:C:T"
-0.430670558207785,-0.448418883576675,0.139810896888023,0.0474664629744967,-3.22543961719449,"chr19:45808321:A:G"
1.88079613528082,1.61351838482952,0.0964727749968191,0.86051891685926,-10.6995731174179,"chr19:45808375:C:T"
-1.72629373323265,-1.7294454764847,0.0995900616220771,0.00998717893857482,-10.972718888493,"chr19:45808603:GA:G"
-1.7247890906229,-1.80391424616227,0.0997243002285761,0.25056134864673,-11.141928787892,"chr19:45808810:C:T"
-0.05766234487043,-0.236013782674168,0.097854848268603,0.570145158629785,-0.420875492381462,"chr19:45808819:A:G"
0.0531300625875441,0.236164983854024,0.097854848268603,-0.58511708963683,-0.388145397741346,"chr19:45809087:C:T"
1.82709729871067,1.59833047421278,0.0973487606100903,0.733209073013479,-10.5873994719587,"chr19:45809433:G:T"
1.82398490711353,1.59841767277918,0.0973487606100902,0.722954227089124,-10.589370776964,"chr19:45809454:A:G"
0.264784084860434,0.214968122660516,0.0973829653571621,0.159634599029847,-1.69588792140368,"chr19:45809622:A:G"
-1.72220033917392,-1.72965704369081,0.099590061622077,0.0236286513039525,-10.9605070313771,"chr19:45809847:C:T"
1.71134221086909,1.73021824640821,0.099590061622077,-0.0598139916560586,-10.9267754951232,"chr19:45810118:A:G"
0.0139303763827825,-0.16461869663966,0.0990422025817273,0.567345291344668,0.0710851158469872,"chr19:45810145:ATTATTTTTATTTATTTAT:A"
-0.47314332215128,-1.46517899838574,0.0958135385617166,3.20489533497533,-2.74492480359084,"chr19:45810247:GC:G"
1.75403264632054,1.63379278789771,0.0981865648085601,0.383727057373551,-10.7259172950657,"chr19:45810295:C:G"
-0.101488472423165,-0.234551702031045,0.097854848268603,0.425370028337309,-0.733305698037445,"chr19:45810500:C:G"
-0.407141840754305,-0.281620834583692,0.0974811039771907,-0.402027899106165,-2.88315561113643,"chr19:45810567:A:T"
-0.419071988954741,-0.25541843579381,0.124992437206426,-0.462896152185462,-2.30065152964937,"chr19:45810985:A:T"
-1.67526103213099,-1.45098869718215,0.0958135385617165,-0.724539829827348,-9.7772502340288,"chr19:45811224:C:T"
0.229648125186029,-0.169468930305371,0.118093242413462,1.16141588967436,0.991355855782397,"chr19:45811246:C:T"
-0.246565001828712,-0.490223774230339,0.0973511188265642,0.780929049462671,-2.77420648969111,"chr19:45811636:A:C"
1.43387825027634,1.44138090462193,0.0989501905019172,-0.0238510015825122,-9.34256781541781,"chr19:45811721:A:C"
1.61460435169949,1.45170471405652,0.0958135385617166,0.526267654740827,-9.79347526575108,"chr19:45811895:A:C"
-0.0238990158073079,0.165076252846901,0.0990422025817273,-0.600474855661015,0.122265767836568,"chr19:45812411:G:T"
0.164628452325136,0.379264110373282,0.0987282007073746,-0.683095246411476,-1.7507620511341,"chr19:45812551:A:G"
1.45957533197299,1.45353474157126,0.0958135385617166,0.0195148828442286,-9.57433409605998,"chr19:45813807:C:T"
0.395143790239211,-0.021551588229386,0.0974103553572774,1.33510714448232,0.247630773587464,"chr19:45813935:C:T"
-1.5469033094122,-1.45250388553023,0.0958135385617166,-0.304969146242853,-9.74462454969174,"chr19:45814020:G:T"
-0.286203544037552,0.194126081121539,0.098297808691525,-1.53203065419077,1.638202218828,"chr19:45814335:G:T"
1.37023917300972,1.42220167174784,0.0986048099647052,-0.165478271848596,-9.11184328893125,"chr19:45814451:C:G"
-2.54437950364145,-2.07903310711131,0.121905085567931,-1.33280140972079,-12.0844081757211,"chr19:45814958:C:T"
-0.307706793376871,-0.019260355254019,0.0990584535173481,-0.916472438300795,-0.177700166253557,"chr19:45815433:C:T"
0.25668769001236,1.20135265185108,0.116672971469658,-2.76562108782297,-1.18942575717627,"chr19:45815705:A:C"
-0.209422948026971,-0.708120472426615,0.0988113307615976,1.58647721151933,-2.00471640368288,"chr19:45816783:G:T"
-0.93052896754109,-1.35783057755647,0.0983801893619605,1.36232492372332,-6.38488926250108,"chr19:45817460:C:G"
0.178991209005045,-0.0153551360002681,0.0974103553572774,0.622692756214891,0.0864344692566533,"chr19:45817522:C:T"
1.4932938623255,1.45313671390902,0.0958135385617166,0.129732690778206,-9.65455474817536,"chr19:45818281:C:G"
1.49292486354483,1.45314106972525,0.0958135385617166,0.128526522054075,-9.65377567297938,"chr19:45818720:A:G"
-0.28828588897403,0.0184882897172338,0.0974103553572774,-0.982915623443293,0.163484002531638,"chr19:45819133:A:G"
0.364712108602818,-0.0206792023414405,0.0974103553572774,1.23480777385646,0.22364595573463,"chr19:45819327:C:T"
-0.836836260503653,-0.384647524041578,0.0971884858052668,-1.45048196216546,-3.04129790908362,"chr19:45819572:C:T"
-1.45971393523208,-1.45353310544032,0.0958135385617166,-0.0199679437347131,-9.57470128136592,"chr19:45820684:G:T"
0.58237873338204,0.379493328541259,0.119983998315319,0.58571876882869,-3.43560833943705,"chr19:45821171:C:T"
-0.1141782513027,-0.594487754306045,0.097629393126479,1.53720180044936,-1.39047705417234,"chr19:45821622:C:T"
0.013492663222707,-1.14245051725047,0.137793473843735,3.11402548621658,0.0549828115494999,"chr19:45821728:A:G"
1.33852937442232,1.18907922851708,0.100991737863769,0.470276655107396,-8.16717254843018,"chr19:45821816:C:T"
1.48749774885512,1.27708335493537,0.0973667805390102,0.67432621009007,-8.75567100352198,"chr19:45821821:A:C"
-1.47137982029754,-1.45339539644434,0.0958135385617166,-0.0581009307327481,-9.60449785073696,"chr19:45822180:A:G"
0.221716809354447,0.684811412606297,0.0972491147459171,-1.4850014974047,-2.19829622538195,"chr19:45822225:C:T"
0.439806252651158,-0.0728784575909974,0.0978443320001716,1.63901349504264,0.886700638001135,"chr19:45822360:C:T"
-1.5109018722848,-1.5150910917707,0.0964821680960115,0.0134868208260476,-9.86200275539762,"chr19:45822369:C:G"
0.596232683453037,0.375793660718461,0.119983998315319,0.636395077798828,-3.41389685303142,"chr19:45822494:G:T"
-1.48577977653835,-1.45322541332648,0.0958135385617166,-0.105170942225403,-9.63825951416293,"chr19:45822942:A:G"
0.99591129688922,1.26090127594843,0.0972212108993635,-0.849863030997279,-7.15453485276522,"chr19:45823214:C:G"
0.982955403342318,0.696161781433348,0.0973563578688967,0.919151985083552,-5.27110371394932,"chr19:45823795:C:T"
0.259774834551801,0.683785204402965,0.0972491147459171,-1.35967042095212,-2.53378852428985,"chr19:45823908:A:G"
1.54797714790347,1.45249120949069,0.0958135385617166,0.308479267334884,-9.74596157085059,"chr19:45823927:C:G"
1.33393287239609,1.1893848358287,0.100991737863769,0.454851125955778,-8.16654518837311,"chr19:45823984:G:T"
1.33629610649324,1.18922771164709,0.100991737863769,0.462781969072909,-8.16691387325931,"chr19:45823987:G:T"
-1.48453768573174,-1.45324007548687,0.0958135385617166,-0.101110844572043,-9.63547862166553,"chr19:45824039:A:G"
1.48453566686483,1.45324009931842,0.0958135385617166,0.101104245379185,-9.63547408150268,"chr19:45824109:C:T"
0.984757014457635,0.696111161912571,0.0973563578688966,0.925088244944097,-5.26841046483391,"chr19:45824180:C:T"
1.49776476414136,1.45308393751043,0.0958135385617166,0.144346999067484,-9.66382083511247,"chr19:45824295:C:T"
-1.48429674817704,-1.45324291961474,0.0958135385617166,-0.100323277354515,-9.63493632307799,"chr19:45824412:A:C"
-1.48431256511276,-1.45324273290499,0.0958135385617166,-0.100374979132923,-9.63497195218144,"chr19:45824451:C:G"
-1.5388344956476,-1.4525991331892,0.0958135385617166,-0.278594124660809,-9.73399357833956,"chr19:45824488:A:G"
-1.32213068187338,-1.03081144283562,0.126732762450547,-0.818322921556357,-6.60693902498151,"chr19:45824573:C:G"
0.908968094589832,0.382748721674903,0.0971884858052668,1.68794940477059,-2.75066106851044,"chr19:45824675:C:T"
-0.985471967672342,-0.696091074009688,0.0973563578688967,-0.92744399643485,-5.26732888311881,"chr19:45824684:A:G"
-1.50446041756632,-1.45300489921154,0.0958135385617166,-0.166233488053496,-9.67709896448694,"chr19:45824723:A:C"
1.63487450758251,1.45146543664215,0.0958135385617166,0.592525944308878,-9.79425900410508,"chr19:45824799:C:T"
1.63486534392053,1.45146554481386,0.0958135385617166,0.592495990490438,-9.79426006983572,"chr19:45824800:A:G"
0.369290702768153,-0.0208104570313486,0.0974103553572774,1.24989830084809,0.227281443469803,"chr19:45824921:C:T"
1.47292065420119,1.45337720779524,0.0958135385617166,0.0631375480905303,-9.60826967322441,"chr19:45824970:A:G"
1.00926635950423,1.26054510128207,0.0972212108993636,-0.805889014636235,-7.24722804300493,"chr19:45825821:C:T"
-1.48097683631792,-1.45328210924554,0.0958135385617165,-0.0894712798380261,-9.62736899764213,"chr19:45826129:C:G"
1.48100584285686,1.4532817668402,0.0958135385617166,0.0895660952734698,-9.62743588101066,"chr19:45826180:A:G"
-1.48098324478833,-1.45328203359728,0.0958135385617166,-0.0894922275944235,-9.6273837754765,"chr19:45827289:A:G"
1.11251022181481,1.25779162499581,0.0972212108993635,-0.465939482290214,-7.86455471423873,"chr19:45827378:A:C"
-1.29629528497788,-1.19188724349452,0.100991737863769,-0.328542098220779,-8.14743259271309,"chr19:45827551:A:G"
-1.48001153811885,-1.42555310743252,0.0964212945731477,-0.175379425531957,-9.50436020080469,"chr19:45828044:C:G"
-1.00380615934672,-0.695575941754707,0.0973563578688967,-0.98785466174824,-5.23713399349611,"chr19:45828884:A:G"
-1.46965077693065,-1.45341580679681,0.0958135385617166,-0.0524491016723331,-9.60021983974604,"chr19:45828936:C:T"
-0.219153033829657,-0.603183105881015,0.0976554491579549,1.2289012694524,-2.43128089163987,"chr19:45829584:C:T"
1.45257221160931,1.45361740933874,0.0958135385617165,-0.00337664199727767,-9.55537870279791,"chr19:45830374:A:G"
-1.51230722210323,-1.45291227224254,0.0958135385617166,-0.191882814590067,-9.69174707089736,"chr19:45830529:C:T"
1.49718603202915,1.45309076910681,0.0958135385617165,0.1424552622651,-9.66263944299171,"chr19:45830699:C:T"
-2.67471212532137,-2.18913642265615,0.117825778652008,-1.41461020923006,-13.0420126588418,"chr19:45830870:C:G"
-0.2405754892348,-0.471069512934944,0.0991013615143551,0.732183367050618,-2.6829025169801,"chr19:45830954:GGTGT:G"
1.47268730868058,1.31582824995434,0.0956727531531756,0.507125523133575,-9.03827332850303,"chr19:45831295:A:G"
-1.48431290164147,-1.31570830051134,0.0956727531531756,-0.545098875673292,-9.03914090294292,"chr19:45831697:C:T"
0.396810878998067,-0.100991953549922,0.0973202804148349,1.59571632327182,1.14865771608116,"chr19:45831873:A:G"
1.00733050005657,0.695476919032055,0.0973563578688966,0.999467268993443,-5.23079334395499,"chr19:45831886:T:TA"
-0.258934078319117,-0.494640858719991,0.0971496720370409,0.756225654259048,-2.87830529009238,"chr19:45832253:C:T"
1.49863694180095,1.31556050928517,0.0956727531531756,0.591886323728529,-9.03729140862898,"chr19:45833035:C:T"
1.4934684608907,1.31561383614845,0.0956727531531757,0.575004212995752,-9.03832869832047,"chr19:45833787:G:T"
-1.49430170319272,-1.31560523899987,0.0956727531531756,-0.577725880939244,-9.03818965035658,"chr19:45833794:C:T"
0.132562922441685,0.805161865878403,0.207283107461057,-1.47731880279244,-1.1590570957859,"chr19:45833847:C:T"
1.48865582872422,1.31566349146923,0.0956727531531756,0.559284431775417,-9.03891938319965,"chr19:45834017:C:G"
1.50267911995998,1.24386753846511,0.0965902367620387,0.83275469763789,-8.55575102138395,"chr19:45834504:G:T"
1.48320665514577,1.24425711357488,0.0965902367620387,0.768846402051449,-8.58127989216631,"chr19:45834556:C:T"
1.47213873289213,1.24447854353087,0.0965902367620387,0.732521671019129,-8.59321114856569,"chr19:45834581:C:T"
-1.48620567515467,-1.31568877143189,0.0956727531531756,-0.55128135222621,-9.03908074630343,"chr19:45834880:C:T"
0.294846842088869,0.493710209033858,0.0971496720370409,-0.638019744363592,-3.14000360113447,"chr19:45835234:A:G"
-0.536523554759871,-0.123127087791853,0.115104109721521,-1.21848825003913,-1.42477594412663,"chr19:45835247:C:G"
0.0707843426118522,1.62803279277644,0.184166181141555,-3.62871588575503,-0.262256360882041,"chr19:45835271:C:T"
0.413993409590076,-0.101468181553408,0.0973202804148349,1.65232180539678,1.18630696953033,"chr19:45835471:C:T"
-1.48656156128208,-1.31568509950367,0.0956727531531756,-0.552443803847033,-9.03906315357088,"chr19:45835516:A:G"
1.50021996408966,1.31554417612759,0.0956727531531756,0.59705704178562,-9.03689043701708,"chr19:45836023:C:T"
1.48334775936437,1.315718258565,0.0956727531531756,0.541946375145988,-9.03914991140691,"chr19:45836213:C:T"
0.413749326600807,-0.0220849536724534,0.0974103553572774,1.39642888179282,0.261937229305304,"chr19:45836401:C:T"
0.964237340846823,0.696687699232908,0.0973563578688967,0.857476475804889,-5.29633110976309,"chr19:45836491:C:T"
-1.42044764064557,-1.31636724345809,0.0956727531531756,-0.336492047703603,-9.00780770915743,"chr19:45836912:A:T"
-1.00285161404746,-1.26071618021211,0.0972212108993635,0.827010751748172,-7.20306207223858,"chr19:45837548:C:T"
-1.44526239429601,-1.18198287762297,0.100991737863769,-0.828464968764871,-8.08012294842944,"chr19:45837574:A:G"
-1.0029024530552,-1.26071482435424,0.0972212108993636,0.826843354902298,-7.20341470081812,"chr19:45837910:C:T"
0.984853454355455,1.26119618459009,0.0972212108993635,-0.886273024908614,-7.07563684878363,"chr19:45837919:A:G"
-1.54737302413659,-1.31505766474644,0.0956727531531756,-0.751075832785056,-9.00728013646312,"chr19:45838115:A:T"
1.53013231800713,1.31523554927276,0.0956727531531757,0.694761508510193,-9.02203799640338,"chr19:45838193:C:T"
-0.0310527777475123,0.0515197043705802,0.189316794102791,-0.189775772910802,0.0261811743569972,"chr19:45838435:A:G"
1.5864663105443,1.31465431173509,0.0956727531531756,0.878768514929542,-8.95748773212729,"chr19:45838566:C:T"
-1.51869162941175,-1.315353590927,0.0956727531531756,-0.65739211988709,-9.02934252807186,"chr19:45838929:A:G"
0.264307680002721,-0.0178009057147695,0.0974103553572774,0.903886166665531,0.145371447969604,"chr19:45838962:C:T"
1.53994868087354,1.31513426693285,0.0956727531531756,0.726825267239536,-9.01418448076673,"chr19:45839076:A:T"
0.983811910706955,1.26122396218067,0.0972212108993636,-0.889702500213987,-7.0681060424271,"chr19:45839242:A:G"
1.44049707334894,1.18229970918647,0.100991737863769,0.812472895495638,-8.0880531923531,"chr19:45839404:G:T"
0.283570290792469,0.570788593508116,0.0973153935779434,-0.920706776773542,-3.01935217707124,"chr19:45839627:A:G"
1.44914669573752,1.31607113506306,0.0956727531531756,0.430233445689026,-9.02995546582572,"chr19:45840301:C:T"
-0.250261382739973,-0.660871641234119,0.171403253251699,0.991791233161249,-2.2520460981521,"chr19:45840351:A:G"
1.42423247057157,1.31632819269801,0.0956727531531756,0.348854658502585,-9.01148911277113,"chr19:45840385:C:T"
1.00758403426301,0.695469795530246,0.0973563578688967,1.00030265734123,-5.23033061894621,"chr19:45840599:C:G"
1.46061573204946,1.31595280092545,0.0956727531531756,0.467695428112532,-9.03510983177034,"chr19:45840678:C:G"
1.46140827756014,1.31594462367438,0.0956727531531756,0.47028416575215,-9.03538852507002,"chr19:45840844:A:G"
-0.962907200470165,-0.696725071931086,0.0973563578688967,-0.853093699266844,-5.29793094807203,"chr19:45840863:G:T"
1.9525150506297,1.56429932247305,0.0969279715733505,1.2469486353106,-10.1479469313652,"chr19:45841286:T:TC"
1.04075418573082,1.25970533240012,0.0972212108993635,-0.702209516787495,-7.45432758032084,"chr19:45841362:A:G"
1.52117469643593,1.31532797137302,0.0956727531531756,0.665502706573354,-9.02792713595272,"chr19:45841417:A:G"
2.13625196551157,0.602039570195928,0.198011288822092,3.44778766791908,-2.4581979030959,"chr19:45841694:C:T"
0.98225795458522,1.26126540562569,0.0972212108993636,-0.894819188461083,-7.05683864828413,"chr19:45841950:G:T"
1.49863094231725,1.31556057118609,0.0956727531531756,0.591866727264885,-9.03729285408184,"chr19:45842524:A:AC"
0.234531104002632,-0.602326556257606,0.0975945974305594,2.67879023635631,2.56727557368074,"chr19:45842628:C:T"
0.522750128200107,-0.104482463686768,0.0973202804148349,2.01060584617202,1.33061712601099,"chr19:45843072:C:T"
-1.44885814008789,-1.31607411229525,0.0956727531531757,-0.429290919535911,-9.02979867646761,"chr19:45843165:C:T"
-1.40816025147795,-1.31649402111937,0.0956727531531756,-0.296357031603845,-8.99425481310324,"chr19:45843458:A:G"
-1.00283267336528,-1.26071668535322,0.0972212108993635,0.827073117451154,-7.20293068563909,"chr19:45844284:G:T"
-1.45851055584938,-1.31597452151325,0.0956727531531756,-0.460819168271614,-9.03432099295004,"chr19:45844346:C:T"
0.727192643808046,0.125464404771461,0.10649110451804,1.84392701699731,-1.20442289689211,"chr19:45845115:C:CT"
-1.45814026945131,-1.33947513236401,0.0961474887350085,-0.382696219975962,-9.12947457351243,"chr19:45845607:C:T"
-1.47246376418533,-1.31583055642059,0.0956727531531756,-0.506395346706851,-9.03823574087495,"chr19:45845761:C:T"
-0.449228211698958,0.0779820133969078,0.0979231008033016,-1.68477242633132,0.95750494992875,"chr19:45846053:A:G"
1.45827489881465,1.3159769529531,0.0956727531531756,0.460049427950572,-9.03422829476839,"chr19:45846097:G:T"
-1.4698241128769,-1.31585779156508,0.0956727531531756,-0.497773299637589,-9.03773208855528,"chr19:45846415:G:T"
-1.19637356072588,-1.19853073224877,0.100991737863769,0.00678799878133762,-7.97403579271416,"chr19:45846820:A:G"
1.49115018421977,1.31563775544413,0.0956727531531756,0.567431890654319,-9.03865847403171,"chr19:45847026:C:T"
-0.278970407016103,-0.57091584569973,0.0973153935779434,0.935860080303636,-2.98514718506745,"chr19:45847117:A:C"
-0.875545025598859,-1.29966980985235,0.0977145636986399,1.3567942772405,-6.08584288899313,"chr19:45847160:C:T"
-1.49252498376589,-1.31562357066747,0.0956727531531756,-0.571922478619337,-9.03847304742212,"chr19:45847280:A:C"
-1.47388382975149,-1.31581590460246,0.0956727531531756,-0.511033789713991,-9.03846107951879,"chr19:45847293:A:G"
-0.050544311592778,0.16629926031674,0.0990422025817273,-0.689027265158419,0.260229335340436,"chr19:45847514:C:T"
1.42134312930061,1.31635800406998,0.0956727531531756,0.339417034541475,-9.00869967272311,"chr19:45847702:A:G"
1.423619911651,1.34000436327114,0.0961474887350085,0.269660955876602,-9.09365424845696,"chr19:45848864:A:G"
-0.640003158412471,0.0387132942224809,0.0977062915109611,-2.17133639607732,0.453658791714388,"chr19:45848945:C:T"
1.45784630249679,1.33947963916543,0.0961474887350085,0.381733639213257,-9.12925096716065,"chr19:45849270:A:C"
-1.49856827960396,-1.33885533135815,0.0961474887350085,-0.515075809754649,-9.14703786539417,"chr19:45850143:C:G"
-1.47606246151436,-1.33920036760002,0.0961474887350085,-0.441381582532339,-9.14048289302246,"chr19:45850153:A:G"
-1.01656979083679,-1.29517400924146,0.0977145636986399,0.891267436332101,-7.24243752153593,"chr19:45850376:C:T"
-1.4360749354143,-0.886900708957648,0.122060825124783,-1.57188943963002,-5.37222416183203,"chr19:45850486:C:T"
0.980560844851934,0.696229060882399,0.0973563578688967,0.911261979671563,-5.27461178803739,"chr19:45850568:C:T"
0.469238765696143,0.161821227372566,0.0963477559457396,0.990393630581332,-1.96093563628276,"chr19:45851071:A:G"
0.584647098902631,0.0453776694966602,0.175068075740415,1.28884984068491,-0.414344327198713,"chr19:45851201:C:T"
1.06313402710387,1.29368956414061,0.0977145636986399,-0.73755754167528,-7.55970665361974,"chr19:45851300:A:G"
0.246274773884832,0.571820344851166,0.0973153935779434,-1.0435686392662,-2.72779691356474,"chr19:45851535:A:G"
1.44982838222621,1.3396025617389,0.0961474887350085,0.355479341950322,-9.12261450324288,"chr19:45851596:A:G"
1.4362972011702,1.33981000800196,0.0961474887350086,0.311172135371228,-9.10905591761604,"chr19:45851733:A:G"
-1.45845233019076,-1.33947034816712,0.0961474887350085,-0.383718047973915,-9.12971041904569,"chr19:45852653:C:T"
-1.08343515294225,-1.29304237416804,0.0977145636986398,0.670542936386065,-7.68697030232146,"chr19:45853160:C:T"
0.258379151495579,-0.569393041372416,0.0965937204353474,2.66339994389988,2.83360493302272,"chr19:45853290:C:T"
-0.91922271742613,-0.697952466443904,0.0973563578688967,-0.70915451004975,-5.3359536235238,"chr19:45853569:A:G"
1.45103932367009,1.33958399682012,0.0961474887350085,0.359444511914983,-9.12368336162574,"chr19:45853749:A:G"
0.216847394578012,-0.568560610019792,0.0965937204353474,2.52709097189726,2.4843646799128,"chr19:45854055:C:T"
-1.41652078166161,-1.31640775963215,0.0956727531531756,-0.323665519106416,-9.00374286371262,"chr19:45854553:A:C"
0.345360665025738,0.691796335871945,0.174554556436941,-0.829195636463767,-2.87163312565729,"chr19:45854941:A:G"
-1.05065467981516,-0.694259647891283,0.0973563578688967,-1.14221926863744,-5.13925715139391,"chr19:45855019:A:G"
-0.246644095629295,-0.571810127853589,0.0973153935779434,1.04235199015805,-2.73084664332977,"chr19:45855167:A:G"
-1.07515511350785,-0.693571263921031,0.0973563578688967,-1.22294753449878,-5.07696237949967,"chr19:45855420:C:T"
-0.181579464699961,0.567853726113311,0.0965937204353474,-2.41134014354005,2.15295508148428,"chr19:45856295:A:G"
-1.08401810127691,-1.25855149949575,0.0972212108993635,0.559755064501449,-7.71207531571283,"chr19:45856536:C:T"
1.37740690421555,1.31681132509576,0.0956727531531756,0.19590557925212,-8.94954489333953,"chr19:45856761:A:C"
1.36972205423052,1.31689061511377,0.0956727531531756,0.170804105402291,-8.93595234494814,"chr19:45856946:GT:G"
1.48374069232471,1.3157142043985,0.0956727531531756,0.543229834998493,-9.03914801080009,"chr19:45857293:C:T"
-0.990780068945648,-1.26103812393286,0.0972212108993635,0.866758549052689,-7.1181638475875,"chr19:45857481:C:T"
-0.452057981459052,-0.16212096040733,0.0963477559457396,-0.934077413036548,-1.93907774635031,"chr19:45857659:C:T"
-0.99038192724294,-1.26104874222737,0.0972212108993635,0.868069504325126,-7.11532430891651,"chr19:45857925:A:G"
-1.41282380272425,-1.3164459039716,0.0956727531531756,-0.311589861117006,-8.99968735448502,"chr19:45858217:C:G"
0.974579711172235,0.827177294153697,0.0993936288391374,0.467547061084647,-6.0746047047901,"chr19:45858349:C:T"
-1.41746986124734,-1.34921941763801,0.0966310266237824,-0.219556946272807,-9.10207927089851,"chr19:45858960:A:G"
0.478773892604149,0.189321515752833,0.0968114285667847,0.93028026046269,-2.25059591980204,"chr19:45859003:A:G"
1.44055949424869,1.18453330163789,0.0977899502467792,0.818723554719692,-8.19995029041805,"chr19:45860032:A:C"
1.44045615150999,1.18453667842429,0.0977899502467792,0.818382285773494,-8.2001017948544,"chr19:45860075:G:T"
1.31203898270358,1.3606415295788,0.129173427880092,-0.135229809266632,-7.87126366580133,"chr19:45860129:CA:C"
1.15572183138661,0.691307596354189,0.0973563578688967,1.4884126892006,-4.8274602696973,"chr19:45860278:A:G"
0.331808634519843,-0.133651584092984,0.177041128422879,1.10623013411825,0.752912501408591,"chr19:45860336:C:T"
2.17443283053851,-1.04412211511729,0.187649833222734,7.4299661678747,4.34017756833277,"chr19:45860351:A:G"
1.44706035108972,1.31609266135246,0.0956727531531756,0.423418696445953,-9.02879179861509,"chr19:45860389:A:G"
-0.470911105987942,-0.0544210454535436,0.0986255605130713,-1.32620267415565,-0.683653915019622,"chr19:45860431:C:G"
1.5223901006676,1.33849011950129,0.0961474887350086,0.593079225907954,-9.1452563392935,"chr19:45861104:A:C"
-1.43718591964206,-1.18464353522557,0.0977899502467792,-0.807582992108793,-8.20481032764569,"chr19:45861605:A:G"
0.915916802360695,1.2630347000454,0.0972212108993635,-1.11325971528082,-6.54169031566398,"chr19:45861919:C:T"
0.926320557220321,1.26275723568429,0.0972212108993635,-1.07900342614149,-6.62673869395991,"chr19:45862414:C:T"
-1.31934937103854,-1.30056146009134,0.0963707495732983,-0.060520969229104,-8.74806068097738,"chr19:45862436:C:T"
-0.107248523458511,0.168901958940988,0.0990422025817273,-0.877476837262672,0.558316689837795,"chr19:45862712:A:G"
0.181747402373906,-1.60896229830131,0.186767724296442,4.1435661138801,0.662183977221638,"chr19:45863072:C:T"
-0.905825066033438,-1.26330384298563,0.0972212108993636,1.14648862563179,-6.4577603209385,"chr19:45863113:TCCG:T"
-1.4306275164249,-1.31626221049903,0.0956727531531756,-0.369743169868244,-9.01718301769816,"chr19:45863218:A:C"
1.17623146853869,0.690731341026291,0.0973563578688967,1.55599138847999,-4.75563192276288,"chr19:45863565:CTTTTCTTTCTTTCTTTTT:C"
-0.227464296529021,-0.601377517270355,0.0977190631915031,1.19613768609518,-2.50827450353039,"chr19:45863767:C:T"
0.486187753652879,-0.0241615481328152,0.0974103553572774,1.63517772023236,0.311396729039246,"chr19:45863948:C:T"
0.530786936874947,0.124168665396768,0.0970036793476882,1.3055478267796,-1.56434799682437,"chr19:45864007:A:G"
-0.118177540947387,0.733003256104483,0.122945470877,-2.42753527758085,1.17424441615205,"chr19:45864238:C:T"
-1.37585688989297,-1.37432591428868,0.0972510078430969,-0.00490931857271398,-9.07071914030306,"chr19:45864445:C:T"
-1.45661874239281,-1.33949845886455,0.0961474887350085,-0.377714052239318,-9.1283021680645,"chr19:45864687:C:G"
-0.786825476425592,-1.34904045642997,0.0988104134860089,1.78854987268048,-5.06905903586096,"chr19:45864964:G:T"
0.434354347395524,1.0800646601069,0.138467517472757,-1.73525685863038,-2.59187405716906,"chr19:45865402:A:T"
-1.38243395828836,-1.37127685601405,0.0975391047596624,-0.0357241604740133,-9.06828319928161,"chr19:45865499:G:T"
1.25442386267109,0.792945467615013,0.0978087833006552,1.4755789302032,-5.4661605432118,"chr19:45865719:A:C"
-0.821543452040962,-1.34753189654291,0.098810413486009,1.67330398318102,-5.40382578372532,"chr19:45867043:C:T"
0.300353841788824,0.546514686860645,0.0980859006838339,-0.785987577309388,-3.16001065312523,"chr19:45867123:A:G"
-1.28023469769003,-0.792096949741863,0.0978087833006552,-1.56082231286608,-5.37281923715073,"chr19:45867384:A:G"
-0.847333945812691,-1.60992751464609,0.104337535955099,2.3608742227099,-4.79610921898838,"chr19:45867967:A:G"
0.9795800508835,0.791948263484138,0.141142893265284,0.499432623861538,-5.08719614404834,"chr19:45868002:A:G"
1.10093079035233,0.449714802920172,0.156166090346709,1.64790315456581,-2.649994140187,"chr19:45870442:A:G"
0.684090698819212,1.17523135413559,0.11229325199506,-1.4656458944546,-4.5059305702976,"chr19:45870779:A:G"
0.685873258851732,0.938731484561107,0.112726757423261,-0.753118955826644,-4.9593817565718,"chr19:45871299:C:T"
1.36096074619171,1.2036089248849,0.101904172057132,0.49291926442361,-8.21907452539364,"chr19:45871387:A:G"
-0.646004198339417,-0.689489595499934,0.112134555076486,0.12985949475159,-4.62914053347496,"chr19:45871658:C:T"
-0.884666363259616,-0.819457105677006,0.11302056717643,-0.193968190578087,-5.58347431153985,"chr19:45871734:GA:G"
1.15255257073446,0.735303560432398,0.108989618672386,1.26387099931934,-5.05366893366312,"chr19:45872521:C:T"
0.855526752233198,1.53212489544577,0.107457270913757,-2.0640152336176,-4.98500594199539,"chr19:45872959:A:C"
0.578608314442871,0.600904134215903,0.117684987326971,-0.0649924505884575,-4.20779576079641,"chr19:45876389:C:T"
0.188403220210737,1.25254155991911,0.183577150301665,-2.48364076018368,-0.755831976852515,"chr19:45876901:C:T"
-0.0212162305832237,-0.184286741140925,0.106315434661543,0.500123511006345,-0.112694019328984,"chr19:45877067:G:T"
-0.745856872101792,-0.674598722675272,0.108800039916022,-0.216032957997606,-4.87604120587195,"chr19:45877352:A:G"
0.0702025638885083,-0.0198368356662385,0.150184686437728,0.232337741885437,0.0287125882260701,"chr19:45877519:A:G"
0.868700102752628,0.604215917798212,0.125208223048751,0.747451954933571,-4.35969942474714,"chr19:45877845:A:G"
1.12123399635645,0.740108567423054,0.121254917084987,1.09450625195438,-4.97466424170787,"chr19:45877923:A:G"
-1.07190863215523,-0.75394280043678,0.121254917084987,-0.913126137234296,-5.14492106538849,"chr19:45878606:C:G"
2.59349566297924,1.97557222200184,0.116300366668998,1.81194131861533,-11.3109339855295,"chr19:45878985:A:T"
-0.699582979631985,-0.867754218741467,0.109481974991309,0.508253540384447,-5.10021795487788,"chr19:45879487:C:T"
1.12709180158314,0.660183227073305,0.149058136126301,1.20935556217764,-4.10361504611474,"chr19:45880197:C:G"
-1.08411814865492,-1.07822716813754,0.125611555194366,-0.0166215985973646,-6.62448142467553,"chr19:45880957:G:T"
-0.309141836904234,-1.0900538468491,0.111838248890802,2.33510773707848,-1.60181182906641,"chr19:45881201:C:T"
-0.010051310250347,-0.161775332753992,0.102584680570546,0.473710589210158,-0.0487006298628804,"chr19:45881296:A:G"
-0.135838766055398,-0.330634356557865,0.102451038328876,0.608584573493097,-1.27182047389174,"chr19:45881572:C:T"
-0.118713800511184,0.0702656957578177,0.0999004412189483,-0.597903346039687,0.257143163400845,"chr19:45882180:A:C"
0.158363442083836,-0.196060059711567,0.102071916762207,1.10935201633071,0.9184249594544,"chr19:45882282:A:G"
-0.166125437338925,0.0733202989920003,0.10089923358387,-0.753812221781765,0.369794684924255,"chr19:45882537:C:G"
0.144947824075962,-0.170350472714328,0.101759915569274,0.988401181236775,0.7375846142936,"chr19:45882739:A:T"
0.24543667376178,0.552833391708914,0.104120992764669,-0.952642770709555,-2.69647154805817,"chr19:45883008:C:G"
-0.222650960819904,-0.052983610895792,0.100721823311174,-0.534609272474799,-0.355853118991546,"chr19:45883355:C:G"
0.0616366806612668,0.0937102756162716,0.123074830060492,-0.0914245892812485,-0.144991383347795,"chr19:45883416:C:T"
0.177816593352218,0.172005128373134,0.1007073220592,0.0183128147087076,-0.917632985044773,"chr19:45884086:A:G"
0.0698955493455956,0.0846931865372356,0.100973286618662,-0.0465681654035905,-0.181013359672919,"chr19:45884245:C:T"
0.153790741476644,0.203936829567382,0.101453228021328,-0.15743602800847,-0.932385243751495,"chr19:45885121:C:G"
-0.717125037739143,-0.505885163122512,0.104120992764669,-0.654646350107534,-4.15234470027482,"chr19:45886068:C:T"
-0.56602752902628,-0.199992486982362,0.100884162058429,-1.15242101331419,-2.30909713923259,"chr19:45886270:C:G"
-0.530548528223648,-0.401302655877563,0.102415804185722,-0.403862186693088,-3.68754078940163,"chr19:45886273:C:G"
-0.356017693220896,-0.213716821927462,0.100884162058429,-0.448018619681213,-2.08233530878373,"chr19:45886345:G:T"
-0.251260591339846,-0.220562794396223,0.100884162058429,-0.0966486324990685,-1.60510632380664,"chr19:45886419:A:G"
0.235537595487545,0.221590306562931,0.100884162058429,0.0439115029690547,-1.5201013551415,"chr19:45886476:C:T"
-0.0788908463718751,0.0347216038505512,0.0988252463317516,-0.361403183135027,0.0857140862010405,"chr19:45886501:A:G"
0.263321897856062,0.219774576978363,0.100884162058429,0.137103943307633,-1.66828929115291,"chr19:45886578:C:G"
-0.0723773970061404,0.0153694036091732,0.0999403138048836,-0.27756259297616,0.0344440155661562,"chr19:45886622:C:T"
0.135314933787215,0.058541378286985,0.100721823311174,0.241907795870212,-0.241982503099042,"chr19:45886631:C:T"
0.107467478315822,0.229959805914141,0.100884162058429,-0.385653601649242,-0.73948953813749,"chr19:45886841:C:G"
0.378625222034403,0.212239399231864,0.100884162058429,0.523847436694901,-2.15994460414794,"chr19:45886950:A:AC"
0.187162094729416,-0.00575640915003561,0.100544281548226,0.608408394580453,0.0328035124909033,"chr19:45887022:C:T"
-0.379377351414294,-0.159209354079809,0.1007073220592,-0.693783022780774,-1.67040542680411,"chr19:45887197:C:G"
0.301442504377278,0.169520660474821,0.100333146046444,0.416480332814093,-1.48098492194928,"chr19:45887347:A:G"
-0.798838489095131,-0.588973711807251,0.129509516931363,-0.583161323636328,-4.27286936868999,"chr19:45887471:T:TA"
-0.432727914311847,0.0375894445385554,0.131732125555956,-1.29582143206537,0.354856211420501,"chr19:45887848:C:G"
0.0865801586908919,0.0616426934377815,0.100721823311174,0.0785761088523746,-0.1636473408427,"chr19:45888746:C:T"
-0.476757948370123,-0.73280882252026,0.103711159226113,0.79508492378461,-3.97061339375425,"chr19:45889634:A:G"
0.289998257251348,0.569024688885322,0.10402523853334,-0.86511926834957,-3.02236570283135,"chr19:45889712:A:G"
-0.181937177810558,-0.533858284055088,0.10435026105845,1.08942802778196,-2.12677922314265,"chr19:45889937:A:G"
1.30699596744193,0.479371937860349,0.129606437858226,2.29889853973631,-2.35846201992218,"chr19:45890842:C:T"
-0.474524824686423,-1.3099967801605,0.128595739861026,2.32979970350343,-2.32708978154411,"chr19:45890929:C:T"
0.578324779480232,0.36801847771785,0.142254164968971,0.557596181562765,-3.18954891986031,"chr19:45891010:A:G"
0.277637009299781,0.170937851793769,0.100333146046444,0.336851724585844,-1.38915249851917,"chr19:45891064:A:G"
-0.322804349098588,0.210453965176504,0.150184686437728,-1.37602019996787,1.33509107082862,"chr19:45891783:AG:A"
0.133716165673888,0.44261514302638,0.105287804311378,-0.951979148615187,-1.51165509116183,"chr19:45891815:A:G"
0.273010424533374,0.813359297794931,0.104048479845163,-1.67516033253594,-2.16330894076001,"chr19:45891982:C:T"
-0.239583901309802,-0.454040683946883,0.105208050562171,0.661173288224302,-2.55888493291542,"chr19:45892001:C:G"
-0.251702086075255,-0.360222793450227,0.106701840963574,0.332220677623435,-2.31232524495523,"chr19:45892045:A:G"
0.30474751896375,0.470936022494518,0.105472353207442,-0.511719137618806,-3.07631462957855,"chr19:45892720:A:G"
-0.384404671198781,-0.807686862667503,0.103002142354669,1.3188848153347,-3.12900884799912,"chr19:45893119:C:CA"
0.0662060858251745,-0.0946859108324565,0.10037695833638,0.50782891533454,0.19273463341401,"chr19:45893249:A:T"
0.0655226703032754,-0.0946449094736578,0.10037695833638,0.505542413541927,0.19066926709044,"chr19:45893352:C:T"
-0.238485456545939,-0.356277606211948,0.103024931536791,0.366982352451532,-2.25288726353301,"chr19:45893483:C:G"
-0.181425155541986,-0.0233696197443549,0.0988252463317516,-0.502777412489083,-0.131387570397836,"chr19:45894273:C:T"
-0.0173518277137197,-0.0660481487066251,0.100721823311174,0.153438506288102,-0.0352207843560259,"chr19:45894274:A:G"
-0.130762371299627,0.0306705130594793,0.100304264939799,-0.509720742031437,0.123192684223853,"chr19:45894381:A:G"
0.211249073509979,0.361936545593502,0.102164353055066,-0.471441112198193,-2.06479720104091,"chr19:45894401:C:T"
0.209726021846822,-0.0353473026731204,0.100304264939799,0.773813571642162,0.225271071327754,"chr19:45894629:C:T"
0.0548712759191353,0.0288884415589669,0.0988252463317515,0.0826518486860467,-0.0496618856303798,"chr19:45894630:G:T"
-0.0496356885682178,-0.029116757543995,0.0988252463317516,-0.0652710770004889,-0.0452864744805931,"chr19:45895731:A:G"
0.629708122085742,1.082461094764,0.103896035685739,-1.40462961938449,-4.39258318576631,"chr19:45896054:A:G"
-0.148667986072787,-0.0949062003367053,0.0988672384046573,-0.170980854800211,-0.437337652058527,"chr19:45896641:C:T"
1.02504428361308,0.0650478445473522,0.122036725060523,2.7480482251769,-0.30069314869147,"chr19:45896658:G:T"
0.604297265515461,1.08492993032809,0.103896035685739,-1.49112411796194,-4.15463085106978,"chr19:45896877:A:G"
0.0330652652512655,-0.0692565208384862,0.100721823311174,0.322408381130672,0.070347350116186,"chr19:45897033:A:G"
-0.168237484706848,0.03289005610161,0.100304264939799,-0.635055736945098,0.169244844954077,"chr19:45897091:G:T"
-0.153988989078887,-0.0946717999479305,0.0988672384046573,-0.188648936472176,-0.451576545937437,"chr19:45897185:C:T"
-0.154517484730334,-0.0946485187007671,0.0988672384046572,-0.190403775611009,-0.452984791018248,"chr19:45897237:A:AT"
0.0263666137388987,-0.0688302414643811,0.100721823311174,0.29995825080593,0.055759071009463,"chr19:45897254:A:G"
-0.155285922694724,-0.366350354358743,0.102164353055066,0.66033658295105,-1.57175923098008,"chr19:45897399:A:T"
0.377219885648941,-0.0461760312282055,0.126047265894794,1.19255920951251,0.405497232596423,"chr19:45897678:C:T"
-0.0375686351089515,0.0695430999627761,0.100721823311174,-0.337501156149501,0.0802494425145017,"chr19:45898076:AC:A"
0.133510291056428,0.465202423605157,0.102774976840655,-1.03464527022038,-1.57450897557545,"chr19:45898554:C:G"
0.135934460360866,0.464995597880837,0.102774976840655,-1.02643842328204,-1.60079806009697,"chr19:45898634:A:G"
-0.744573390660662,-0.739967740023502,0.104310942532758,-0.0142602144471014,-5.17054332456896,"chr19:45898685:C:T"
0.124069846064557,0.227764157714809,0.101303153817411,-0.325794276085169,-0.840733128279986,"chr19:45898740:C:T"
0.0288138301975289,-0.243461110481324,0.11109964138255,0.81686698471631,0.191694330206622,"chr19:45898774:C:T"
-0.0382023037401451,-0.0238444007471623,0.101088325468276,-0.0451586045731818,-0.027916821287389,"chr19:45899125:A:G"
-0.536400511571192,-0.418554321290107,0.100266016016474,-0.372167690795211,-3.78833436942999,"chr19:45899638:C:G"
-0.859804650287728,-0.629579904043449,0.10212156247,-0.720432468651067,-4.83080708885827,"chr19:45899834:C:G"
-0.790256258522185,-0.533245597795685,0.101023392368836,-0.808611966500962,-4.28892314126807,"chr19:45900116:A:G"
0.809148036989676,0.55079847105199,0.10150929480904,0.810876717577443,-4.37580612594534,"chr19:45900156:A:T"
-0.726979467574189,-0.559715844912449,0.101365792213721,-0.525358531368227,-4.47340597970697,"chr19:45900656:A:G"
0.225725063491229,0.344181375309125,0.106812466756729,-0.362449273968578,-2.03397654616901,"chr19:45900787:C:T"
0.758750777832936,0.207123754967394,0.112116489893096,1.64744447729511,-1.8528696787195,"chr19:45901321:A:G"
-0.312675840755648,-0.123805691162192,0.0989941884933099,-0.600286358831768,-1.14399985676577,"chr19:45901988:A:G"
-0.289989634334056,-0.124835475442464,0.0989941884933099,-0.524909780080952,-1.07983250130335,"chr19:45902011:C:T"
-0.323072262649732,-0.123333771281063,0.0989941884933099,-0.634829230348657,-1.17190812571316,"chr19:45902332:C:T"
0.33832075910046,0.12264160346547,0.0989941884933099,0.685493474171128,-1.21099766773475,"chr19:45902984:A:G"
0.0645149845599345,0.68675421353746,0.127073175051981,-1.74554257889195,-0.701987406556043,"chr19:45903167:C:T"
-0.278182282128481,-0.0766533415859948,0.101250813186013,-0.633341814286265,-0.629898591056773,"chr19:45903205:C:T"
-0.345953866934897,-0.122295117397621,0.0989941884933099,-0.710855032780947,-1.22969473478006,"chr19:45903241:A:G"
0.62441966215669,0.36065291531124,0.100074935656935,0.833791346036834,-3.43805801817358,"chr19:45903440:A:G"
0.255666658879025,0.00916405423817813,0.101088325468276,0.775302191042505,-0.0700154930166087,"chr19:45903690:A:T"
-0.187359732472911,-0.340687260908495,0.106568473428727,0.469683996539749,-1.70736496883169,"chr19:45903853:C:T"
0.73640197438305,0.354291718557274,0.100074935656935,1.20788624172603,-3.12376432840093,"chr19:45904427:A:G"
-0.570269805832614,-0.428906731958014,0.0999976461160962,-0.44703455185452,-3.84975776253814,"chr19:45904480:C:G"
-0.235157210045897,-0.0796316576516318,0.101250813186013,-0.48876769389105,-0.55939010677656,"chr19:45904760:A:C"
-0.765010656614059,-0.595434952110277,0.101232669014621,-0.532970641100706,-4.66653585162173,"chr19:45904783:C:T"
0.151563211374522,-0.63908001427276,0.190681495486447,1.81061569017193,1.330875005439,"chr19:45904949:A:C"
0.547882262649378,0.950390048373917,0.174234082711698,-0.964290145905506,-3.61793217524511,"chr19:45905075:C:G"
0.595859359271553,0.440812702902653,0.0999959551087035,0.490310494082706,-3.90653776217843,"chr19:45905098:A:G"
-0.423668555758723,1.06252815083716,0.136324235182848,-4.02522127681706,2.5648755095646,"chr19:45905380:G:T"
0.620816902648073,0.43941579613144,0.0999959551087035,0.573652268590038,-3.89374399942822,"chr19:45905467:A:G"
0.351408451705208,0.122047520000876,0.0989941884933098,0.728978289303087,-1.24268258189602,"chr19:45905593:T:TG"
-0.551159124933385,-0.429976723354047,0.0999976461160961,-0.383216911587035,-3.84789774771328,"chr19:45905754:A:G"
-0.349928101790808,-0.122114716827125,0.0989941884933099,-0.724059718528056,-1.23918908000581,"chr19:45906153:C:T"
-0.242937963276081,-0.0238474256540943,0.108247720370975,-0.665908013949604,-0.162416255736643,"chr19:45906166:G:GT"
-0.356035954163955,-0.121837465961857,0.0989941884933099,-0.744353504401595,-1.25344995906471,"chr19:45906311:C:T"
0.331887001131825,0.122933648009903,0.0989941884933099,0.66411684313927,-1.19478072937436,"chr19:45906312:C:T"
0.0812088063127127,-0.21503921129077,0.162710553762356,0.734425235680835,0.328814130342632,"chr19:45906933:G:T"
0.22635785298993,0.0111426011404526,0.101088325468276,0.676896929944307,-0.0758655538763095,"chr19:45906958:A:G"
-0.44239228944073,-0.117917533518433,0.0989941884933098,-1.03127873930678,-1.40455196007185,"chr19:45907423:A:G"
-0.828122289275559,-0.591078280533771,0.10123266901462,-0.745021214435667,-4.62226928332361,"chr19:45907456:C:T"
-0.506079432370827,0.0131135416510954,0.138960957343776,-1.39277963517281,0.132310991536641,"chr19:45907830:C:G"
-0.387483454601736,-0.120409984389885,0.0989941884933099,-0.848840122799331,-1.32007218485345,"chr19:45908024:C:T"
-0.524846624761598,0.0218862135449091,0.138960957343776,-1.46665768062065,0.225606665598676,"chr19:45908462:A:G"
-0.387132242550029,-0.00328266326728364,0.118384227708064,-1.11561448966242,-0.0312525046732097,"chr19:45908845:C:T"
0.222893423260072,0.00758276347846162,0.107324450555168,0.657228207920007,-0.0479785458533637,"chr19:45908997:A:C"
-0.472309727665001,-0.15603788231792,0.103511587077602,-0.983028363651714,-1.81984912496801,"chr19:45909273:C:T"
-0.406132147931937,-0.136830432533863,0.102420943453882,-0.841481812598914,-1.4975324936819,"chr19:45909374:A:G"
-0.389408173593353,-0.679439539192392,0.102412738581461,0.906291647814578,-3.51121281796019,"chr19:45909779:C:T"
-1.22383702938996,-0.999144598018678,0.102053493050937,-0.703354882606637,-7.06963914137906,"chr19:45910140:A:G"
1.20449998283866,1.000647071347,0.102053493050937,0.638120918253454,-7.0841752537512,"chr19:45910150:A:G"
0.331372759237775,0.680373675570572,0.10308305710135,-1.08700845549255,-3.10444370294757,"chr19:45910206:A:G"
0.102200541000335,0.221500481245201,0.113962369345508,-0.353394259985055,-0.603187186569329,"chr19:45910337:A:C"
0.253308393437207,0.192006540082573,0.102627374113047,0.191355961332104,-1.39850139615067,"chr19:45910531:C:T"
-0.494793676522157,-0.724733943130869,0.102112411094988,0.719574500853949,-4.10527305424736,"chr19:45910976:A:C"
-1.05086397999987,-0.981126726317718,0.100710148904707,-0.219749664862914,-6.88278435691309,"chr19:45911035:G:T"
0.337038195380575,0.184993375485472,0.102627374113047,0.474613426584019,-1.72819433881036,"chr19:45911070:A:G"
1.09261975297013,1.04177196149262,0.10020741208733,0.160628340049732,-7.22646250961315,"chr19:45911370:C:T"
1.00793371735216,1.04670105633426,0.10020741208733,-0.122466150994867,-6.99343342694981,"chr19:45911752:C:T"
-1.14813858221474,-1.03854052465837,0.10020741208733,-0.346220623283909,-7.30943323565787,"chr19:45911987:A:G"
-1.07641882988107,-1.04271492553441,0.10020741208733,-0.106470744374309,-7.19183451952894,"chr19:45911995:A:G"
1.15403847562625,1.03819712525409,0.10020741208733,0.365943205765975,-7.3150114873193,"chr19:45912085:G:T"
-1.06104502791924,-1.04360974753656,0.10020741208733,-0.0550781079136921,-7.15461683068112,"chr19:45912326:A:G"
-0.213406675244399,-0.447657747974537,0.106181736521445,0.71888045572525,-2.3014575066947,"chr19:45912438:C:T"
-0.353747443431959,-0.183593817572329,0.102627374113047,-0.531140721996641,-1.78209151350607,"chr19:45912696:A:G"
0.255265331694361,0.1918426279535,0.102627374113047,0.197976272828239,-1.40719944770321,"chr19:45912779:A:G"
-0.262147420413196,-0.191266187787218,0.102627374113047,-0.221258341588513,-1.43744787586949,"chr19:45912918:A:G"
-0.474188527006952,-0.726347767233388,0.102112411094988,0.789106501865618,-3.9785848985375,"chr19:45913007:AAC:A"
1.06020949999111,1.04365837888847,0.10020741208733,0.0522850458481565,-7.15247258187761,"chr19:45913389:A:G"
-1.04247401797112,-1.04469066092059,0.10020741208733,0.00700238234759537,-7.10400256952177,"chr19:45913480:C:T"
0.300208943761548,0.127953652222604,0.107413965568685,0.525584073735046,-1.0571504000801,"chr19:45914171:A:G"
1.145443617947,0.989074660778786,0.100955203421871,0.492137190614154,-7.03612119372005,"chr19:45914831:C:T"
0.114519407792135,0.218994101605831,0.113962369345508,-0.309478420791123,-0.667717128254635,"chr19:45915628:G:T"
-0.302256014170157,-0.339008578848634,0.105974405779179,0.112898235805289,-2.57710880688614,"chr19:45915836:A:G"
-0.555588807940592,-0.752271526543681,0.102548535873729,0.61418820304483,-4.43157440090937,"chr19:45916189:A:G"
0.764793645929799,0.200725378736039,0.105034450035615,1.74046696836442,-1.73822691271238,"chr19:45916195:A:C"
0.986802052716184,0.0440669652266966,0.171518740506033,2.27632297547814,-0.287322623989439,"chr19:45916221:A:G"
-0.226059379380629,-0.348083948817069,0.105974405779179,0.374840741994307,-2.06753627674802,"chr19:45916515:A:G"
0.55489984659298,0.286983529102654,0.10245577875103,0.83701055735554,-3.0251397084486,"chr19:45916862:A:C"
-0.321349398233756,-0.713991034269192,0.103227610738738,1.22207655634715,-2.93159886252489,"chr19:45916889:A:C"
0.0980495693389842,0.222345032211731,0.113962369345508,-0.368192163644481,-0.58103018416567,"chr19:45917629:C:T"
0.518270283246324,0.289985226875081,0.102455778751029,0.713196583392628,-3.05709375014001,"chr19:45918162:C:T"
0.412597050680464,0.178664605123108,0.102627374113047,0.730228623716054,-1.93297857696084,"chr19:45918306:C:T"
-0.609579910393567,-0.640786030480333,0.119336997641684,0.0903342039347815,-4.34223238881919,"chr19:45918469:A:G"
-0.349846629441518,-0.183920547720287,0.102627374113047,-0.517944289451653,-1.76991131142418,"chr19:45918813:C:G"
-0.384054549648832,-0.181055310142149,0.102627374113047,-0.633669497735515,-1.86783723910844,"chr19:45919612:C:G"
-1.34350474058589,-1.41750897680678,0.103557820705167,0.229966793370253,-8.82827628016565,"chr19:45920087:A:T"
1.47651586702674,1.21142729853278,0.101838146818053,0.83068382890427,-8.20906113407518,"chr19:45920606:A:C"
-0.956940454701824,-0.723662505092786,0.116213838767198,-0.684297204682008,-5.12030629740504,"chr19:45920936:A:C"
-0.46654111722344,-0.174146278208189,0.102627374113047,-0.912721107869726,-2.00897254951054,"chr19:45920986:C:T"
0.444723842310151,0.614631335665776,0.104152609044251,-0.52647463964051,-3.88140840696647,"chr19:45921857:C:T"
1.41123347851935,0.962835380624129,0.104312692798841,1.38833791194525,-6.385047156937,"chr19:45922172:A:G"
0.644416267869439,-0.130271542762131,0.155243051171173,1.96616806393984,1.31239163709394,"chr19:45922293:A:G"
0.374249094502166,0.621669379101761,0.104152609044251,-0.766655446453336,-3.49819409471897,"chr19:45922394:A:G"
-0.345521364142284,-0.624538307624081,0.104152609044251,0.864560719907248,-3.31657689930539,"chr19:45922437:C:G"
0.337844439216751,0.625304972745434,0.104152609044251,-0.890723992282189,-3.26549829925516,"chr19:45922752:A:T"
1.43987618457196,1.10724782702005,0.102506400101252,1.03892400348677,-7.52139082698568,"chr19:45922818:C:T"
-0.794413918204908,-0.565394978505308,0.114635429981665,-0.676413033941607,-4.31368401754701,"chr19:45922864:A:G"
-1.45105756958809,-1.10632556428319,0.102506400101252,-1.07672826729904,-7.49009316614615,"chr19:45923056:C:T"
-1.47518943190284,-1.25320084429957,0.105017255177658,-0.685015370713868,-8.37325178128947,"chr19:45923708:C:T"
0.444201773713524,0.176017409984303,0.102627374113047,0.837147230096988,-1.98544634001403,"chr19:45924127:C:T"
0.741876441139918,0.218991803350977,0.129582009326901,1.45255815051641,-2.05237207175183,"chr19:45925990:C:G"
-1.37033251070813,-1.29294743870067,0.105391369315472,-0.23837168556004,-8.50750319316549,"chr19:45927097:C:G"
1.36300287830352,1.29377530350382,0.105391369315472,0.213243888829704,-8.49927098959986,"chr19:45927753:G:T"
-0.064878321042699,0.824856639012554,0.114840197255813,-2.62551008362892,0.489819557523414,"chr19:45930139:C:T"
1.37272721491876,-0.991902309169196,0.12941276239102,6.57316530070832,6.23600042030072,"chr19:45930633:C:G"
-0.337334832576716,0.181446626879253,0.161903316782542,-1.28930769195027,1.12297607904944,"chr19:45931166:A:G"
-0.343621489506158,0.381679489318757,0.113528589994783,-2.15261142788221,2.9094160797999,"chr19:45932502:A:G"
0.364330706740639,-0.385798093903341,0.113528589994783,2.22629760029539,3.03753138862444,"chr19:45932807:C:T"
-0.930863056195304,-0.270201438165528,0.130222619087668,-1.83077875364255,-1.81679696837128,"chr19:45933306:C:T"
0.00547800750970108,-0.00722020184909952,0.122582108478878,0.0362684453188834,0.00100025012428551,"chr19:45934467:A:G"
-0.247126221970161,-0.31286969017582,0.119537935880616,0.190151490844498,-1.85404744064671,"chr19:45935173:C:T"
-0.196060071481903,-0.32626625058532,0.119537935880615,0.376598615032439,-1.55278058995314,"chr19:45935429:A:G"
0.109345198262481,0.582768211063539,0.12223966520175,-1.35407677450063,-1.24685644031239,"chr19:45936063:A:G"
-0.0500271192537216,-0.293685934527181,0.118203066700575,0.708708686981096,-0.37341624027578,"chr19:45936788:C:T"
0.0488434173114896,0.399946683826027,0.123656540571118,-0.998450005576452,-0.458060420204035,"chr19:45941750:A:T"
0.325707034304941,0.289945932339656,0.125440090982284,0.100970082889931,-2.11641021744926,"chr19:45942164:A:C"
0.178932521606949,-0.517032391167492,0.12054055741256,2.0045677885695,1.93179678635366,"chr19:45946085:A:G"
-0.52496570892686,-0.189684402517078,0.115687678227384,-0.985747734111907,-2.09124318921122,"chr19:45949613:G:T"
-0.569029445468618,-0.598100915969037,0.121888376639087,0.0832694801618012,-4.13468729661532,"chr19:45949625:C:T"
-0.197910948764521,0.311570241863345,0.114348059814902,-1.50665478419752,1.56692220909365,"chr19:45950760:ATAC:A"
-0.548080284701157,-0.184560406718288,0.115687678227384,-1.06877087739657,-2.05715875719017,"chr19:45950992:A:G"
-1.05588702995833,0.284944692928159,0.152214451660324,-3.43673726999281,1.61109990088243,"chr19:45954869:C:T"
-0.393755507369606,-0.69318450437526,0.121097055857733,0.860452821989369,-3.41123998343125,"chr19:45955718:C:T"
-1.00007297649489,0.241033281533121,0.116439643908084,-3.63712754670997,1.32447554772406,"chr19:45955853:C:T"
0.433149527277151,-0.0445428389264423,0.207837514480069,1.04781914919359,0.276457017711054,"chr19:45959073:C:T"
-0.491216107996123,-0.670054148820401,0.110999365638284,0.536784114749532,-4.0243694112531,"chr19:45960967:A:G"
-0.175785518924889,0.0777143359453997,0.137643235574379,-0.683282469580918,0.304749476566623,"chr19:45961440:C:T"
-1.25022383885736,0.223969702126149,0.164555584478824,-3.63411102606941,0.906658853136838,"chr19:45961472:A:C"
0.437079077064411,1.25102755683481,0.126317335466647,-2.29015796088633,-2.17227400196853,"chr19:45961775:C:G"
-0.409713165631293,-0.750502358295549,0.112456202383008,1.01623490328097,-3.44335951161092,"chr19:45962073:G:T"
-0.502755329783949,-0.19647756236552,0.10447592510873,-0.947561397943068,-2.25366832441264,"chr19:45962138:A:G"
-0.281349975790562,-0.720995668470079,0.100224020508355,1.38872710578337,-2.58460769306859,"chr19:45963673:A:G"
-0.143023494813552,-0.30250985121799,0.101610293174782,0.500327857171786,-1.24825000722811,"chr19:45964243:A:G"
0.212805880034881,0.683284742369126,0.0998897618935772,-1.4886055274659,-2.1318969527056,"chr19:45964656:A:G"
-0.584997664312549,-0.393591576337031,0.102178710465221,-0.598791378099615,-3.65411218144839,"chr19:45965161:A:G"
-0.557504399245467,-0.336724533270572,0.102449154658956,-0.689771546907661,-3.34916450878257,"chr19:45965445:A:G"
-0.452680365788789,-0.742443718734109,0.112456202383008,0.864075620041339,-3.73541383691237,"chr19:45965593:A:G"
-1.03456102223548,0.248952391671349,0.116439643908084,-3.76140396045518,1.30203708598261,"chr19:45966013:C:G"
0.239928088114075,0.295433978439765,0.101610293174782,-0.174128645190441,-1.98062079424672,"chr19:45966153:A:G"
-0.314794355384963,-0.677690683703036,0.0998897618935772,1.14821201010213,-2.99657334657361,"chr19:45966208:C:G"
0.739057351606846,0.517259981305912,0.100674844890738,0.699030150553642,-4.24321882722328,"chr19:45966224:C:G"
-0.581820358241552,-0.334733604391775,0.102449154658956,-0.771960847384215,-3.31728958010127,"chr19:45966658:A:G"
0.237863906573173,0.686777587935589,0.0996571084089571,-1.4220298097601,-2.33914600421603,"chr19:45966912:C:G"
-0.0014144154626856,-0.074522814472707,0.125381528683242,0.206466926655281,-0.00260242831436525,"chr19:45967012:A:C"
-0.181849190640683,-0.299674839224832,0.101610293174782,0.369633212551981,-1.55651370482597,"chr19:45967047:C:T"
-0.215760679654187,-0.29719865751035,0.101610293174782,0.255480718675717,-1.81021824424851,"chr19:45967176:A:G"
0.00774707248181792,0.683526427855327,0.108696475423937,-2.04973250956345,-0.0849348249072621,"chr19:45968595:A:G"
0.200763648376463,0.688721383850752,0.0996571084089571,-1.54571017671275,-2.00302434634726,"chr19:45968756:A:G"
0.207792670432799,0.688353111902663,0.0996571084089572,-1.52227767059281,-2.06790476832852,"chr19:45968834:A:G"
-0.318625234333434,-0.339363158043864,0.10195689182551,0.0649466835022757,-2.75388935318891,"chr19:45969657:A:G"
-0.227857525683789,-0.68730185281254,0.0996571084089571,1.45538787572572,-2.25005643770499,"chr19:45970318:C:T"
-0.243745672642485,-0.295155222381634,0.101610293174782,0.161277932727535,-2.0066631950573,"chr19:45970738:C:T"
-0.519907982567264,-0.349704849026119,0.101950953151831,-0.533054858723147,-3.43245591008101,"chr19:45971118:T:TAA"
0.555258393333849,0.346996428564207,0.101950953151831,0.652250342857817,-3.41509256847006,"chr19:45971170:A:G"
-0.48691132422063,-0.614829102725742,0.0988018492664687,0.406956858339291,-4.13330220516704,"chr19:45972497:C:G"
-0.520232981120282,-0.493146438966811,0.123387370192014,-0.0771113333844171,-3.78716115080744,"chr19:45973014:A:C"
0.297608880013512,0.179468907170704,0.117396012790416,0.344802331062921,-1.33934833359352,"chr19:45973817:A:G"
0.359041860256273,0.620765299407343,0.0984440041313558,-0.834157355068706,-3.44427470420996,"chr19:45974440:C:T"
0.295063875255346,0.180078991580804,0.117396012790416,0.335593914353898,-1.33341124769944,"chr19:45975830:C:T"
-0.398590203006853,-0.409075103864549,0.101487308888705,0.0329123171980019,-3.45844085020661,"chr19:45976897:A:G"
-0.81186522967027,-0.862585981240918,0.11280293181502,0.151016877568614,-5.51531202093461,"chr19:45976911:A:T"
-0.248830426596808,-0.356446847776255,0.215197216663489,0.231985168681155,-1.22557274018691,"chr19:45977149:C:T"
0.102844482015979,-0.181527747480102,0.101566711020838,0.892301223165312,0.56052511030837,"chr19:45978077:A:G"
-0.137066635111452,-0.66696935798935,0.102357722363302,1.65628795806425,-1.47724719702796,"chr19:45978187:C:T"
-0.313434666946048,-0.7351609458769,0.100143891072639,1.33265714789104,-2.79951227142827,"chr19:45978711:C:T"
-0.389347808918899,-0.412812255156287,0.101551453999139,0.073632108393649,-3.43443282012382,"chr19:45979086:A:G"
-0.114103761299355,0.182344706462508,0.101566711020838,-0.930193960423406,0.623873906573446,"chr19:45979564:A:T"
0.43688910527571,0.432204542717407,0.101985908322084,0.0146689476553184,-3.64950070623934,"chr19:45979636:C:T"
1.1073255190377,-0.386794871163478,0.133642162564812,4.08708665001613,2.13540959473706,"chr19:45980254:A:G"
-0.294746749550353,-0.180155012440114,0.117396012790416,-0.33444648009808,-1.3326641623583,"chr19:45980416:C:T"
0.191885705864567,-0.187988465417442,0.101566711020838,1.19196655835382,1.06686393482929,"chr19:45980472:A:G"
0.131794811980306,-0.183628346595976,0.101566711020838,0.989732614577128,0.723959776245662,"chr19:45981564:A:C"
-0.00959303227790132,-0.475476821272626,0.103961385413298,1.44491257159687,-0.11717912253095,"chr19:45984960:C:CT"
-1.34367802718243,-0.388741472237062,0.139836142682951,-2.5536701535352,-1.72394621550256,"chr19:45985005:C:T"
-0.319883138834454,-0.0726428763216746,0.127920808786945,-0.691271413642917,-0.542878841744629,"chr19:45985160:C:T"
-0.0727495900659203,0.108956517488926,0.103009643888238,-0.566148788470775,0.237183949307682,"chr19:45985847:C:T"
-0.410604452726753,-0.585901338744645,0.0989983347338882,0.55713476186305,-3.77035888558782,"chr19:45985984:A:G"
-2.00571371042743,-0.383807934095673,0.143962460043466,-4.27465422780473,-1.93301306589316,"chr19:45987409:C:T"
0.535642987614848,0.525586681529487,0.101918664374195,0.0315000774593031,-4.1253059205827,"chr19:45987988:C:G"
0.52081228243007,-0.139749485148429,0.187342831007844,1.5261418238676,1.1012796572713,"chr19:45988039:A:G"
-0.595730109424304,-0.683041720444014,0.0981440176147924,0.278702000145283,-4.66003486723264,"chr19:45988100:A:G"
-0.405609714378786,0.346625605511145,0.146151262089634,-1.96767077861077,2.56432361340132,"chr19:45988390:A:T"
0.503934607693891,0.59671903137359,0.0990851615448665,-0.294761503876737,-4.18766736977237,"chr19:45988698:C:T"
-0.583102963827405,-0.593049323375753,0.0990851615448665,0.0315980180972056,-4.43874633581733,"chr19:45989018:C:T"
0.568088374989935,0.593745297871529,0.0990851615448665,-0.081508003967726,-4.39875795117741,"chr19:45989957:A:G"
-0.662758872177814,-0.680600894521572,0.0981440176147925,0.0569524173906243,-4.89371652606794,"chr19:45990065:C:T"
0.585582896648401,0.590701201198229,0.0992082563635602,-0.0162499569727499,-4.43782165646463,"chr19:45990579:C:T"
0.736837738086362,0.67607375536815,0.0982102593361329,0.193895532456271,-5.06204925123336,"chr19:45990789:C:T"
0.436465376573295,0.414576783637303,0.110139972547062,0.0659546413060379,-3.48823960438803,"chr19:45991947:C:T"
0.761117982777625,0.380015989941545,0.105558158939109,1.17299271871682,-3.23212182227596,"chr19:45992246:C:T"
-0.787529843629576,-0.705009601011492,0.0981601313120095,-0.263386148006799,-5.27086763099487,"chr19:45992319:TAA:T"
-1.04178815342184,-0.723063181402342,0.0978496110079729,-1.01891167821439,-5.3834133847068,"chr19:45992487:A:G"
1.04688679625517,0.722893367890914,0.0978496110079728,1.03575407265192,-5.37341556525956,"chr19:45992535:C:T"
1.01287482345633,0.744137885291455,0.0975684708222837,0.860344953363321,-5.58883647335175,"chr19:45992577:A:G"
-0.909314510788667,-0.747279568618528,0.0975684708222837,-0.518745006609655,-5.63155665885261,"chr19:45992677:A:G"
0.403554111594023,0.329259861870185,0.1210260177463,0.21355799239971,-2.80399583803701,"chr19:45992790:CT:C"
0.886105615100878,0.74798365108742,0.0975684708222837,0.442189062281807,-5.61811376815117,"chr19:45992858:C:T"
0.912964744870352,0.747168832379337,0.0975684708222836,0.530785524215503,-5.6328943171862,"chr19:45993113:C:T"
-1.99749479713726,-1.88663306120434,0.107990402248688,-0.33735651008054,-11.753997552025,"chr19:45993192:A:G"
-0.394080512077271,-0.326777425332617,0.0980516692579723,-0.214935170910643,-3.12110890983241,"chr19:45993535:A:C"
-0.952243214724835,-0.792095606469866,0.0983311757973,-0.510710563521188,-5.89188920463622,"chr19:45993853:T:TA"
-0.844656364281537,-0.678700942469262,0.0973810957221007,-0.531807082728302,-5.21655653354222,"chr19:45994035:A:C"
-0.830102508488968,-0.679113661333982,0.0973810957221007,-0.483846429680571,-5.21143056736556,"chr19:45994039:A:T"
-0.365141051833949,-0.320687727403488,0.100294249372341,-0.140367391376851,-2.92600665990006,"chr19:45994080:C:T"
0.952800552597552,0.675634184953959,0.0973810957221008,0.888184524478348,-5.15425046344501,"chr19:45994143:A:G"
-0.913848629217023,-0.676738785262329,0.0973810957221007,-0.759822686253336,-5.19676939782678,"chr19:45994327:G:T"
0.526057166267957,0.960481686582134,0.127356299499459,-1.21731819801568,-3.6799882501255,"chr19:45994448:A:G"
-0.138142476389313,-0.181041809101381,0.128381038353166,0.119729203928814,-0.594635991673524,"chr19:45994501:A:G"
-0.894552204872506,-0.747727409004206,0.0975684708222837,-0.470050648848252,-5.62399521507028,"chr19:45995095:C:G"
2.09803125155229,1.20757648936021,0.226455207196989,1.87120213855692,-5.04481342774222,"chr19:45995531:A:C"
-0.855820633726678,-0.678384345639073,0.0973810957221007,-0.568597721650501,-5.21828363600309,"chr19:45995641:C:T"
-2.02527204927493,-1.88273330696833,0.107990402248688,-0.433750854171355,-11.772230871617,"chr19:45995774:A:G"
-0.860205755774004,-0.6782599921606,0.0973810957221007,-0.58304841568521,-5.21844009991645,"chr19:45995781:C:T"
-0.555021490173457,-0.281202557670566,0.104361375832252,-0.847605127069663,-2.96837196044061,"chr19:45996279:A:G"
1.99697486423296,1.88670605656529,0.107990402248688,0.335552206651506,-11.7535251686737,"chr19:45996389:G:T"
0.875552448384625,0.677824789995492,0.0973810957221007,0.633621776464582,-5.21667906342702,"chr19:45996498:C:T"
-0.369034664891393,-0.281811621198526,0.0984099194902718,-0.278042893408481,-2.72279309795883,"chr19:45996794:A:G"
0.847653672317925,0.603595848679193,0.0983232467728478,0.778331538335236,-4.73530337661795,"chr19:45996798:C:T"
-0.941617066050563,-0.700384137703912,0.0978885668747907,-0.771028805722371,-5.32963484489794,"chr19:45996823:C:T"
0.892068048127436,0.632886504741496,0.098852130121974,0.824348886423372,-4.88518965717103,"chr19:45996939:C:T"
0.874624683105765,0.633652135417361,0.098852130121974,0.766433630845933,-4.90521110911163,"chr19:45996941:C:T"
0.35882729100798,0.321061005494187,0.100294249372341,0.119252160496055,-2.89843986628273,"chr19:45996951:A:G"
-0.855419808052234,-0.710936379339034,0.0974398930910762,-0.462859988122218,-5.39834595404801,"chr19:45997036:C:T"
-1.92206412689132,-1.89722306032876,0.107990402248688,-0.0755923173284507,-11.6347157261181,"chr19:45997197:G:T"
-1.30294693734656,-0.66609296712676,0.126669993150893,-1.78938168170807,-3.83486481318211,"chr19:45997249:A:C"
2.00388777697506,1.88573552641294,0.107990402248688,0.359541825431258,-11.7594112573667,"chr19:45997404:A:T"
-0.784853832437882,-0.513023196268383,0.212017323940818,-0.590354295013046,-3.46783673040052,"chr19:45997451:C:T"
0.0468041022456046,0.0539127776512703,0.101670466294351,-0.0222941683533551,-0.0768138300354429,"chr19:45997477:A:G"
-0.379780511567166,-0.319822222717976,0.100294249372341,-0.189326416078197,-2.98529478144009,"chr19:45997603:C:G"
1.90412749331934,1.8997412526397,0.107990402248688,0.0133474984457468,-11.5912444353039,"chr19:45997669:A:G"
-0.884636412790277,-0.713084381817802,0.0979819852752787,-0.548053236240196,-5.41478318861254,"chr19:45997869:C:T"
-1.3215497093923,-0.639184801611624,0.105578624231325,-2.10004540577463,-3.73093625490212,"chr19:45998205:A:G"
-0.670116882040785,-0.637143834640182,0.0995101510920602,-0.104526255830171,-4.76414848929444,"chr19:45998300:A:C"
0.498534171148648,-1.37617164971843,0.179347624869492,4.42675323202758,2.23970174980265,"chr19:45998892:A:G"
0.514798610050984,0.440300567246825,0.101723831584828,0.2335788458126,-3.83677657342849,"chr19:45999043:C:T"
-0.771742684321995,-0.631977060319259,0.0995101510920601,-0.44306421524468,-4.88700998831589,"chr19:45999459:G:T"
-0.240756283377451,-0.673378752432941,0.104758942472631,1.33663712289064,-2.41502179141783,"chr19:45999536:C:T"
0.708771737619972,0.635178576696798,0.0995101510920602,0.233294104501427,-4.83010086938246,"chr19:46000468:G:GA"
0.702376227358633,0.635503731897997,0.0995101510920602,0.211989249388964,-4.82082155659066,"chr19:46000517:A:T"
-0.576304891978381,-0.641913345634122,0.0995101510920602,0.20798217186673,-4.50576146546472,"chr19:46001491:C:T"
0.540465571519736,0.643735458488026,0.0995101510920602,-0.327370852128249,-4.37040969952656,"chr19:46001776:A:C"
-0.553513929872452,-0.643072064730209,0.0995101510920602,0.283903892839576,-4.42202368052055,"chr19:46001800:G:T"
-0.456372737926589,-0.44463681530336,0.101723831584828,-0.0367964466943918,-3.74065560307443,"chr19:46001984:A:G"
-0.593641436927914,-0.641031935468124,0.0995101510920602,0.150230317330111,-4.56398393256943,"chr19:46002064:A:C"
0.617031857930014,0.387222755206951,0.101518593815087,0.721264289402292,-3.59886784685687,"chr19:46002196:C:T"
-0.620564747708807,-0.639663122945574,0.0995101510920602,0.0605428315947051,-4.64500168803133,"chr19:46002268:C:T"
0.676449453440102,0.636821879324143,0.0995101510920602,0.125621447713024,-4.77657330517893,"chr19:46002571:A:G"
0.582449136514496,0.641600965075466,0.0995101510920602,-0.187514338297813,-4.5269378995158,"chr19:46002747:A:G"
-0.0161578002643639,-0.382851085371371,0.114876132969871,1.081902323272,-0.156626030030198,"chr19:46002945:C:G"
-0.64632456535189,-0.638353463771207,0.0995101510920602,-0.0252688019080566,-4.71179142122659,"chr19:46003551:A:G"
0.953955648176546,0.498129479361704,0.106687157541939,1.39554286943478,-3.59757865061456,"chr19:46007492:A:G"
0.899305379018372,0.505049917384375,0.106687157541939,1.20703995483536,-3.8132527814313,"chr19:46008357:C:T"
0.903247971129972,0.504550661575076,0.106687157541939,1.22063897485047,-3.79878791300801,"chr19:46008430:CA:C"
0.867267679735839,0.509106894883101,0.106687157541939,1.09653364288402,-3.92359292529328,"chr19:46008502:G:T"
-0.881754725977036,-0.460586142131657,0.10652039216572,-1.29044527011527,-3.50514474639382,"chr19:46008751:A:G"
-0.195654056206702,-0.0820851092082384,0.126070347225657,-0.319854985666509,-0.389750374549865,"chr19:46008941:C:T"
1.11299080978638,0.506531799210776,0.11353393974313,1.79985947544873,-3.11444717007008,"chr19:46009040:C:T"
-1.18672228484611,-0.438565950144918,0.11378559199808,-2.2179345223693,-2.34791971175954,"chr19:46009259:A:G"
0.324943010875396,-1.15852398183933,0.136067044778879,4.02162351317501,1.57672827791209,"chr19:46009377:A:G"
0.942092618089085,0.347023863886104,0.111330697169771,1.7834448441323,-2.3242125628152,"chr19:46009393:A:G"
0.939575724868166,0.15807796730849,0.111448656919059,2.34094018367042,-0.886280703968851,"chr19:46009412:A:G"
-0.536770488104546,-0.539510641597106,0.105349626566676,0.00844225353706064,-4.1199361428042,"chr19:46009719:C:T"
0.537219336175349,0.53946014311578,0.105349626566676,-0.00690379585307418,-4.12086425978575,"chr19:46009925:G:T"
-0.750153487853149,-0.737258768198184,0.102149615114415,-0.0403453546334256,-5.22181151290738,"chr19:46011183:A:G"
0.00100014276522293,-0.309791579782468,0.102598373972226,0.970284747659442,0.00898304517483811,"chr19:46011186:C:T"
0.666603699807904,0.823452457047694,0.101470751026408,-0.492391610404121,-5.05782324598781,"chr19:46011800:A:G"
0.776427305068541,0.815595085813091,0.101470751026408,-0.122958491837332,-5.53292467359363,"chr19:46012388:A:G"
-0.0865570491286241,-0.302484648997879,0.102598373972226,0.674121096386984,-0.756674298553541,"chr19:46012400:C:T"
0.762292923865139,0.832084240229806,0.101606770492174,-0.218947537937831,-5.51136156953105,"chr19:46012579:A:G"
-0.236417140228858,-0.289978339814643,0.102598373972226,0.167216856994817,-1.90869843864583,"chr19:46012640:CTA:C"
0.813510851866355,0.787970319987104,0.102015292395834,0.0799645132169791,-5.55516768435096,"chr19:46012648:A:G"
-0.712471305516782,-0.820170841908206,0.101470751026408,0.338098618674278,-5.28041892987149,"chr19:46012703:C:T"
-0.095632562009967,-0.30172726810176,0.102598373972226,0.643423023801853,-0.83306750070477,"chr19:46012957:C:T"
-0.698816384010983,-0.821147788414344,0.101470751026408,0.384032097398652,-5.21773908594718,"chr19:46013016:A:T"
1.13110208253102,0.745063098336431,0.104292669959169,1.19537528205897,-5.2640230638626,"chr19:46013121:C:T"
0.667088084900357,0.82341780153368,0.101470751026408,-0.490762198449695,-5.06035234621999,"chr19:46013590:C:T"
0.142676883035996,-0.186726079020578,0.112675818022398,0.981323366970979,0.718809894719961,"chr19:46013781:A:G"
0.593497380966721,0.713526310201391,0.102454795521906,-0.374990086332065,-4.61266156907839,"chr19:46013933:C:T"
0.667730139903744,0.82337186546645,0.101470751026408,-0.488602404281311,-5.0636988584881,"chr19:46014295:C:T"
0.688774411621236,0.821866245114121,0.101470751026408,-0.417812059071728,-5.16969616391145,"chr19:46014357:A:G"
0.92919033454661,0.765525892299116,0.104292669959169,0.506789305807532,-5.58675800484628,"chr19:46015043:C:T"
-0.130620777609956,-0.298807388373599,0.102598373972226,0.525074805232165,-1.12094568943949,"chr19:46015157:C:G"
0.788837823576665,0.0904715250513503,0.139700980893112,1.86845888379831,-0.841294664332297,"chr19:46015318:C:T"
0.96530468911367,0.761865874474604,0.104292669959169,0.629951223548789,-5.57733341497438,"chr19:46015393:A:G"
-0.971256537967832,-0.761262682941594,0.104292669959169,-0.650249000645246,-5.57366976754907,"chr19:46015424:A:G"
-0.985950680752807,-0.759773501557803,0.104292669959169,-0.700360897331668,-5.56209222482068,"chr19:46015977:A:G"
-0.10573152624923,-0.300884476880425,0.102598373972226,0.609263110053158,-0.917277707943362,"chr19:46016811:C:T"
0.0457995365112194,0.305885995217475,0.102598373972226,-0.811984057640764,-0.406078970277204,"chr19:46017248:C:G"
0.282662318988261,0.256355164937588,0.110445975497913,0.0791587486601378,-1.8817247188488,"chr19:46017470:C:G"
-0.56685470756416,-0.699633709438633,0.110415089419326,0.399590528325052,-4.37546254397043,"chr19:46017687:A:T"
-0.571763780706897,-0.635968146892092,0.110363474436484,0.193264408043371,-4.33191126778059,"chr19:46017814:A:G"
0.086140016837502,0.107476428763165,0.103136034561838,-0.0664379422302818,-0.27650434235695,"chr19:46018776:A:G"
0.0927870496281244,0.337026150401871,0.103843526964758,-0.757923682079282,-0.880257229380734,"chr19:46021038:A:T"
0.275900483071516,0.399189184005531,0.104799046442109,-0.38084180165306,-2.68965372532203,"chr19:46021213:C:T"
-0.145109905108804,-0.10222038336463,0.103136034561837,-0.133550644684383,-0.440896533575454,"chr19:46021606:ACCTGCTTCAG:A"
-0.226816954626457,-0.365570541029751,0.103692672247128,0.430893739173179,-2.18674459853219,"chr19:46021709:A:G"
0.0959614744370045,0.454649180988243,0.104753373937499,-1.10823658330955,-1.12113741116392,"chr19:46021848:A:G"
-0.087092760374863,-0.263307902741134,0.101672802444932,0.552638106569706,-0.67691483351534,"chr19:46023390:A:G"
0.123045750287963,-0.220878210009166,0.102149389030288,1.07607996697607,0.803514882228479,"chr19:46023692:A:T"
0.0625628722808384,0.563431962644434,0.112097142167322,-1.49598404246567,-0.757366955202045,"chr19:46024323:TA:T"
-0.0725912966990633,-0.264376357073472,0.101672802444932,0.601467792213734,-0.567181435645325,"chr19:46024746:A:G"
-0.246169151608724,-0.222292625789962,0.110249837291087,-0.0719088189660857,-1.46271578116069,"chr19:46024912:C:T"
-0.165156211808697,-0.10043363590459,0.103136034561838,-0.201535045999933,-0.491868568193231,"chr19:46025162:C:T"
-0.180099859031201,-0.0991016936112666,0.103136034561838,-0.252214451693058,-0.52818126732308,"chr19:46025376:C:T"
0.106128125824295,0.25295630684788,0.101960875930142,-0.459825063713938,-0.790671804441874,"chr19:46025683:C:T"
1.37782577203395,0.841802804540881,0.106754822194482,1.64055066780202,-5.37004485872158,"chr19:46025729:T:TA"
-0.0854228768825172,-0.254544837662688,0.101960875930142,0.529642987123002,-0.641745811328815,"chr19:46026198:A:G"
0.0810423507453889,0.254880916730056,0.101960875930142,-0.544414084017016,-0.609864628930685,"chr19:46026410:C:T"
1.29461669741114,0.843314105197609,0.108544469492906,1.36982149833047,-5.61528424006627,"chr19:46026809:C:T"
-0.196778113471751,-0.0976151440335484,0.103136034561838,-0.308776548647071,-0.566970506688348,"chr19:46027068:C:G"
-0.340323720507284,-0.289964993093089,0.102601549671175,-0.157216377990622,-2.56370561125566,"chr19:46027131:C:T"
1.31648778685275,0.840115571285844,0.108544469492906,1.44591436732126,-5.52372417769811,"chr19:46028658:C:T"
-0.530507054909175,-0.846055655242637,0.155804370581831,0.799422633584014,-3.75852004204674,"chr19:46029507:A:G"
-1.00516815018989,-0.923116686702047,0.107007319165054,-0.250830064415077,-6.37232551376478,"chr19:46029755:A:G"
0.0922735602210091,0.844548764617273,0.10177470179986,-2.3580707327911,-0.59647631526598,"chr19:46029850:A:T"
0.105722065268596,0.813778730543854,0.101989367100595,-2.2171269805288,-0.761060688953961,"chr19:46029891:C:T"
-2.57684274996552,-1.50446190284148,0.132101285657671,-2.95049937273013,-7.40016412547196,"chr19:46030528:G:T"
0.136081550965115,0.498214841859662,0.10164062358546,-1.13588611525676,-1.65204847739679,"chr19:46030629:C:T"
-0.145409450708145,-0.566384001945465,0.101103822234818,1.32395143734868,-1.75753517922921,"chr19:46030656:A:G"
-0.130248841789292,-0.567409928801216,0.101103822234818,1.37485757227179,-1.59072225857524,"chr19:46030738:C:T"
0.929090800830521,0.202186468628851,0.106751097323927,2.2248005498758,-1.19089777333967,"chr19:46031026:A:G"
-0.156779604459559,-0.56561457730362,0.101103822234818,1.28577285335751,-1.87908335858794,"chr19:46031146:A:G"
-0.151550011390382,-0.565968466781481,0.101103822234818,1.3033327265656,-1.82356665408721,"chr19:46031306:A:G"
0.973110140909227,0.723097264587237,0.107867936782036,0.761230517300349,-5.26009622243959,"chr19:46033583:C:T"
1.02393871612983,0.642401259361315,0.101497870429595,1.19759152884677,-4.69151163933035,"chr19:46034617:A:G"
1.05649513413016,0.827303217012462,0.107721633394165,0.698309310250042,-5.89306806030833,"chr19:46035067:C:T"
-1.13608664005084,0.421114045821832,0.211244924716518,-3.38806274443964,2.42129829069998,"chr19:46035168:A:G"
0.824372593137136,0.201293236995843,0.106683497756356,1.90763261662323,-1.52378448413389,"chr19:46035387:A:G"
0.606226330152433,0.132457256047025,0.106370325827798,1.45263486450649,-1.55320861246682,"chr19:46035639:C:T"
-0.24783352736455,-0.66660125993434,0.101479744985313,1.31456942466996,-2.49468053651888,"chr19:46035725:C:T"
0.29348334009232,0.663330891172109,0.101479744985313,-1.16100225644182,-2.87156540882804,"chr19:46036373:A:G"
-0.288573722463251,-0.663682617919038,0.101479744985313,1.17751833901319,-2.83256951292937,"chr19:46036975:C:T"
0.100766409070937,0.0654977925068779,0.113645341221163,0.10461949178977,-0.179264454846109,"chr19:46037021:A:G"
-0.886445183298514,-0.533956249121133,0.102926452715277,-1.09870723628882,-4.1066085055508,"chr19:46039991:C:T"
1.27783366168529,0.573084874678833,0.119138925324754,2.04177319468352,-3.17414878479811,"chr19:46040308:C:T"
0.505949971456837,-0.109805396926655,0.124144750161339,1.74760801349993,1.18980326368464,"chr19:46041049:T:TA"
-1.19488308601299,-0.627430375976043,0.113578540456413,-1.68376521327838,-3.92761905768039,"chr19:46042992:A:G"
1.13372098443739,0.903393775223157,0.112628652453843,0.686310749902014,-6.23206564467274,"chr19:46043490:A:G"
-1.06231190697756,0.556887174320033,0.175543498108111,-3.86462958784252,3.44981146828161,"chr19:46043582:A:C"
0.763266291941667,1.25763127902709,0.157844890759089,-1.24432102754294,-4.47122906253722,"chr19:46044262:A:G"
0.228637580189758,0.305205932356314,0.0960988024773537,-0.246996223349412,-2.04398877073298,"chr19:46044831:A:G"
0.997931949068137,0.406525138024678,0.130202098190225,1.63899387428872,-2.64244677581552,"chr19:46044970:A:G"
0.00244983944298332,-0.308629919078345,0.0960988024773538,1.0034893443714,0.0233261526262277,"chr19:46048117:C:T"
0.0142146990706799,-0.308804237192307,0.0960988024773537,1.04200306092197,0.135389523313925,"chr19:46048141:C:T"
-0.00529225804427943,0.308672034757176,0.0960988024773537,-1.01279435163815,0.0503953375891869,"chr19:46051973:A:C"
-0.046104289456702,-0.27092596222456,0.101638629500847,0.7051942697071,-0.369356536549751,"chr19:46052537:C:T"
-0.170973977568075,-0.410224719183553,0.101736058793712,0.750094252968444,-1.86333437658128,"chr19:46054295:C:T"
-0.925312463664651,-0.4337539910324,0.130202098190224,-1.36227941656183,-3.08901227444431,"chr19:46054316:C:G"
0.177052727625499,0.456080530905643,0.0981105833093103,-0.890819163530459,-2.07878242809188,"chr19:46055245:C:G"
0.0623225840951643,-0.0499106965295918,0.100531986156462,0.353972502590308,0.0957192080040415,"chr19:46055494:C:T"
0.206788987388002,0.376871922580677,0.0980976336143484,-0.543039569671752,-2.1507111563792,"chr19:46055888:C:T"
1.13072998349566,1.02071269641081,0.101175033919558,0.34587904577074,-7.17410060278214,"chr19:46055932:A:G"
1.13270618464426,1.02057747966368,0.101175033919558,0.352517049909468,-7.17600457849532,"chr19:46056766:A:C"
-1.11084452113828,-1.14341562210128,0.102482363505693,0.101743780889834,-7.51882613287841,"chr19:46057055:A:C"
0.0906273987419755,0.110422752392601,0.114565944365696,-0.0584837881550788,-0.269123211355325,"chr19:46057247:A:T"
-0.178063933486314,-0.456044065271022,0.0981105833093104,0.887474386292321,-2.08905073581592,"chr19:46057252:C:T"
-1.69310668467045,-1.93739526583429,0.120852201725808,0.702709595152227,-10.1145028267345,"chr19:46057423:A:G"
1.60820146102584,1.20748981366609,0.105882820131555,1.23145689898746,-7.79542833401468,"chr19:46057435:A:G"
0.223162516991216,0.376283707074716,0.0980976336143484,-0.488884232132839,-2.29365319408145,"chr19:46057623:G:T"
-1.40834507586,-1.18155999263608,0.100457206676849,-0.715523556982725,-8.13077847896596,"chr19:46057705:A:T"
1.75609733063501,1.11531237966933,0.128134235711852,1.79010997368342,-6.16624477550549,"chr19:46057767:C:T"
0.0220485534758171,-0.308920310207051,0.0960988024773537,1.06764814786783,0.210021514354498,"chr19:46058514:C:T"
0.240019787899351,0.375678113267109,0.0980976336143484,-0.433128923525718,-2.43422035074186,"chr19:46058730:A:G"
-0.257386206256663,-0.453183582427661,0.0981105833093103,0.625099193742313,-2.80579316571814,"chr19:46059266:G:T"
-1.04647277029407,-1.02647779086976,0.101175033919558,-0.0628614337504299,-7.02755483093485,"chr19:46059446:A:G"
1.40214283881983,1.18193735042164,0.100457206676849,0.694764453137442,-8.13741348349695,"chr19:46059515:G:T"
0.127947633132983,0.102591755910397,0.114565944365696,0.0749119100443583,-0.352237003405486,"chr19:46060081:C:T"
-0.261442496744496,-0.374908507090087,0.0980976336143483,0.362273460066052,-2.60241114055493,"chr19:46060213:C:G"
-0.200097407261869,-0.377112316147926,0.0980976336143484,0.565171925320279,-2.09058825604748,"chr19:46060395:A:G"
0.27141201206114,0.374550354410824,0.0980976336143484,-0.329299356121661,-2.67644887204664,"chr19:46061267:A:G"
-1.03581931736984,-1.02720672742116,0.101175033919558,-0.0270767846762927,-6.99991262487442,"chr19:46061362:A:T"
-1.55349079044803,-1.21395319256373,0.105882820131555,-1.04345835748782,-7.98085235485435,"chr19:46061566:A:G"
0.264572455283126,0.37479606400724,0.0980976336143484,-0.351921143537438,-2.62595315019513,"chr19:46061714:A:G"
0.105707872209931,-0.0525846137522302,0.100531986156462,0.499238613407404,0.170604732119793,"chr19:46062223:C:T"
-1.08213391633085,-1.02403776386667,0.101175033919558,-0.182646221423052,-7.10519338224386,"chr19:46062364:A:C"
1.47782082814138,1.17733293458259,0.100457206676849,0.948061324726289,-8.01393445573779,"chr19:46062370:C:T"
-1.45670001759344,-1.17861797129528,0.100457206676849,-0.877369234659198,-8.05753828369126,"chr19:46062966:CTT:C"
0.0432496587472572,0.307952796648851,0.0960988024773538,-0.853886410252275,-0.410341840904577,"chr19:46063237:A:T"
0.276855926967454,0.374354782946481,0.0980976336143484,-0.311293644681992,-2.71569623814929,"chr19:46063403:A:G"
0.363724856616237,0.371234035456829,0.0980976336143484,-0.023975252082545,-3.22046070673272,"chr19:46063550:C:T"
0.291661136639889,0.373822908994468,0.0980976336143483,-0.262325514622353,-2.81809078802083,"chr19:46063623:C:T"
1.05391976580243,1.02596824835214,0.101175033919558,0.0878756824470238,-7.04566245788669,"chr19:46063874:A:G"
-0.0146649711996327,0.308810908805127,0.0960988024773537,-1.04347708217628,0.139679269156632,"chr19:46063987:A:G"
-0.860200525168197,-1.03922301525381,0.101175033919558,0.562821804491139,-6.25272480788186,"chr19:46064164:C:CTTATTT"
0.0046910853740109,0.308524113094637,0.0960988024773537,-0.980112647749929,-0.0446520917888693,"chr19:46064730:A:G"
-1.09494013795323,-1.0231615293639,0.101175033919558,-0.225661960074359,-7.1274776607758,"chr19:46065236:G:GGTA"
0.291144547041784,0.373841467363928,0.0980976336143483,-0.264034131196308,-2.81462670044068,"chr19:46065380:C:T"
0.32578072839482,0.295912286150027,0.0984999161893277,0.0951688108067958,-2.60106246303798,"chr19:46066361:A:G"
0.329515753355594,0.295762239201585,0.0984999161893277,0.107547684484528,-2.62087417877995,"chr19:46066372:A:G"
-1.12062984960012,-1.14251379126317,0.102200970081268,0.0684538752943718,-7.55782209834953,"chr19:46066482:C:T"
1.56237260500397,1.17218861793128,0.100457206676849,1.23105907292983,-7.77475408255969,"chr19:46066568:C:T"
0.34660233050663,0.295075821095219,0.0984999161893277,0.164177180233228,-2.70673678725175,"chr19:46066573:A:T"
-1.16573697670998,-0.881179588791787,0.119372723302407,-0.823601852411197,-5.93129537157853,"chr19:46067411:C:T"
0.136887724043564,0.351897874586105,0.104863155325339,-0.663968540484031,-1.32078067806532,"chr19:46068153:C:T"
2.01517256096083,1.52308280067081,0.122649781080862,1.40511198899398,-8.72765464814036,"chr19:46068189:C:T"
-0.0208596299268614,-0.4363278071438,0.105471542516355,1.27929327183016,-0.239876858183112,"chr19:46068410:A:C"
-0.940008704570313,-0.735077551956716,0.101602564486249,-0.642918092906632,-5.47412977908062,"chr19:46068707:C:G"
1.55843887640239,1.11050941730606,0.10703966403599,1.36910657805592,-7.12528663250547,"chr19:46069247:A:C"
-0.0373416323049895,1.07130712113516,0.146829019111834,-2.89326374009924,0.170561189584836,"chr19:46069283:C:T"
-0.343506493122403,-0.303503937356851,0.0960988024773537,-0.129041306477684,-2.7920704538695,"chr19:46069286:C:T"
0.955547834565796,0.733944169062272,0.101602564486249,0.695223757782115,-5.46472240798341,"chr19:46069445:A:T"
-0.907625170285316,-0.737439520987827,0.101602564486249,-0.533913129804739,-5.48115164849254,"chr19:46069504:C:T"
-0.920209240237457,-0.810549606284476,0.101072945677966,-0.344928699014238,-5.88447001299059,"chr19:46069901:C:T"
1.24510696514512,0.905199890332947,0.101772905810046,1.06547709207514,-6.3850331485496,"chr19:46070123:A:C"
-0.297959887499754,-0.345846971162519,0.0984230966616587,0.152640533991773,-2.72350215108519,"chr19:46070227:A:G"
-1.02796978749447,-0.803292526475674,0.101072945677966,-0.706710687859178,-5.90437055558214,"chr19:46070306:A:C"
-0.946836044520396,-0.808756437553864,0.101072945677966,-0.434322252176991,-5.90747731506282,"chr19:46070526:A:G"
0.965163825400766,0.807522162376593,0.101072945677966,0.495853686331685,-5.91637559910541,"chr19:46070653:GCACCCT:G"
0.233406737240156,0.348387894121211,0.0984230966616587,-0.366503529613824,-2.2561409814767,"chr19:46071585:A:C"
0.508976226268592,0.261059487464367,0.104071502338071,0.76849303971578,-2.82357267766084,"chr19:46071587:C:G"
-0.935905996227336,-0.809492516154012,0.101072945677966,-0.397627054256352,-5.8994802184054,"chr19:46072145:A:G"
-0.944730327952635,-0.808898245976102,0.101072945677966,-0.42725277872667,-5.90609318244578,"chr19:46072233:A:T"
-0.933155469273913,-1.18155821337436,0.143062850412158,0.656739219202299,-5.78927250662049,"chr19:46072239:C:G"
-0.899090225120312,-0.811971855726298,0.101072945677966,-0.274026318820319,-5.85770407246622,"chr19:46072545:G:T"
-0.958157856917108,-0.807993975797357,0.101072945677966,-0.472332710646955,-5.91364045670203,"chr19:46072866:A:G"
1.03067798193871,0.920956753697581,0.12739175403206,0.307411423413377,-5.92689676283886,"chr19:46073042:A:G"
-0.796096270016439,-0.838394389915196,0.102362146288035,0.132206062929748,-5.63717993714672,"chr19:46073975:C:T"
1.07773578754637,0.815593238719596,0.102362146288035,0.819346921085623,-5.92995113468755,"chr19:46074061:A:G"
-0.558010946252336,-0.509511134673168,0.0952448337754946,-0.157151791872013,-4.20750336615175,"chr19:46076545:C:T"
0.558961832530698,0.509505620657977,0.0952448337754945,0.160250773393484,-4.20904223654479,"chr19:46076626:GT:G"
0.52945499881513,0.509676725377199,0.0952448337754945,0.064086663632329,-4.15473763427694,"chr19:46077190:C:T"
0.486526033532792,0.206271819632102,0.0992041943715734,0.889789208121021,-2.39325205286327,"chr19:46077267:A:C"
-0.498743771696694,-0.509854814152951,0.0952448337754945,0.0360026188703118,-4.08354629666197,"chr19:46077354:C:G"
-0.488971306230393,-0.509911482888601,0.0952448337754946,0.0678515271875241,-4.05766769064611,"chr19:46077495:C:T"
-0.489095038149638,-0.301346774297762,0.0960988024773537,-0.605643334349798,-3.19311952666579,"chr19:46077581:A:G"
0.124472303648738,0.176659558437931,0.0963249805286662,-0.168149270410431,-0.694206041037199,"chr19:46077896:C:T"
0.493458802333752,0.509885460721404,0.0952448337754945,-0.0532265737955502,-4.06974757002532,"chr19:46078195:C:CA"
-0.49379108701879,-0.509883533863426,0.0952448337754945,0.0521436429317153,-4.07062874662204,"chr19:46078305:C:G"
-1.06970082823007,-0.969013147297476,0.10049235350754,-0.317621453961187,-6.86944765542431,"chr19:46078418:A:G"
-0.494499484218421,-0.509879425997933,0.0952448337754945,0.049834944319158,-4.072501220065,"chr19:46078596:G:T"
0.494499484218421,0.509879425997946,0.0952448337754945,-0.0498349443191997,-4.07250122006503,"chr19:46078667:A:G"
-0.57255908922409,-0.202175766885255,0.0992041943715734,-1.17594336405549,-2.33040650315503,"chr19:46078840:A:C"
-0.0564969758939112,0.146413787530009,0.1713131736765,-0.490241084647221,0.148960830815531,"chr19:46079132:A:G"
-0.668686457768324,0.516624528028497,0.0952448337754945,-3.84071070130837,4.33492378995745,"chr19:46079137:A:G"
0.550931350396269,0.509552187951651,0.0952448337754945,0.134079067786067,-4.19560680918148,"chr19:46079171:C:T"
-0.532807694134413,-0.509657283711695,0.0952448337754945,-0.0750132497847739,-4.16159516418144,"chr19:46079194:C:T"
-0.57395650310734,-0.509418669312274,0.0952448337754946,-0.209119085089168,-4.2314730260527,"chr19:46079279:C:G"
0.343381263398324,0.510755732855968,0.0952448337754945,-0.542336081985808,-3.46489163416242,"chr19:46079414:C:T"
-0.343381263398324,-0.510755732855956,0.0952448337754945,0.542336081985768,-3.46489163416242,"chr19:46079416:C:T"
0.12435170314186,0.176661633408014,0.0963249805286662,-0.168544535346889,-0.693552181325047,"chr19:46079529:A:T"
0.496696140686614,0.509866687989821,0.0952448337754945,-0.0426759412303151,-4.07825477203835,"chr19:46079664:C:T"
1.28252253634588,1.23580215020125,0.101605830842742,0.14657068172483,-8.27551445708071,"chr19:46079952:C:G"
-0.437314710413938,-0.302113995442517,0.0960988024773538,-0.436134056005814,-3.12714357777542,"chr19:46080016:A:AG"
0.496714262707228,0.509866582903553,0.0952448337754945,-0.0426168807429907,-4.07830190638108,"chr19:46080100:A:C"
0.496960857813873,0.509865152943736,0.0952448337754945,-0.0418132161027678,-4.07894274779327,"chr19:46080300:A:G"
-0.437263247951177,-0.302114757953911,0.0960988024773537,-0.435965587297582,-3.12703677437083,"chr19:46080343:C:T"
-0.466586134418961,-0.30168028525922,0.0960988024773537,-0.531957666557631,-3.17444749563601,"chr19:46080404:AAG:A"
-0.493751589276323,-0.509883762903615,0.0952448337754944,0.0522723678664416,-4.07052409945786,"chr19:46080557:A:T"
-1.14973365920371,-0.968513445559641,0.101338671657029,-0.569270965962203,-6.9124482865708,"chr19:46080581:A:G"
0.390063875860215,0.510485028944647,0.0952448337754945,-0.390195330050327,-3.70089767281536,"chr19:46080720:C:T"
0.390040797449603,0.510485162772118,0.0952448337754945,-0.390270543637545,-3.70079264810681,"chr19:46080726:A:C"
0.390126693504484,0.510484664676632,0.0952448337754945,-0.389990604497671,-3.70118348613145,"chr19:46080728:A:G"
0.497167098480819,0.509863956991913,0.0952448337754945,-0.0411410684123328,-4.07947794759108,"chr19:46080951:C:T"
-0.409827885727069,-0.510370421074748,0.0952448337754945,0.325783525229806,-3.78686677511939,"chr19:46081043:A:G"
0.497205319056816,0.509863735357798,0.0952448337754945,-0.0410165058211421,-4.07957705393312,"chr19:46081120:C:T"
-0.507858880216385,-0.301068753338458,0.0960988024773537,-0.667069081670839,-3.19755082921887,"chr19:46081689:GTTC:G"
0.49778430304901,0.509860377935771,0.0952448337754945,-0.0391295707229141,-4.08107542039031,"chr19:46081820:C:CAAAT"
-0.491078654395642,-0.509899262762952,0.0952448337754945,0.0609835839097275,-4.06338216428155,"chr19:46082203:C:T"
0.497807408216099,0.509860243953142,0.0952448337754945,-0.0390542699351207,-4.08113510019367,"chr19:46082340:C:CA"
-0.397230334697237,-0.51044347196367,0.0952448337754946,0.366839515568631,-3.73298129782878,"chr19:46082492:A:G"
0.389820201497309,0.5104864419676,0.0952448337754945,-0.390989475854175,-3.69978820902291,"chr19:46082511:C:T"
0.389888189138023,0.510486047719734,0.0952448337754946,-0.390767901048586,-3.70009788434358,"chr19:46082521:A:G"
0.149673818471362,0.129998782440167,0.147075767431343,0.0513032614286711,-0.406185857817414,"chr19:46082677:A:G"
-0.498247206419855,-0.509857693643975,0.0952448337754945,0.0376209476360377,-4.08226940649645,"chr19:46082990:A:G"
-0.498300397676662,-0.509857385197615,0.0952448337754945,0.0374475949168504,-4.08240637894075,"chr19:46083030:A:G"
0.498416796462388,0.509856710222413,0.0952448337754945,-0.0370682459933823,-4.08270595420001,"chr19:46083061:C:T"
0.498621431845185,0.509855523579345,0.0952448337754945,-0.0364013299968388,-4.08323208318,"chr19:46083189:C:G"
-1.07555250810319,-0.968654946300431,0.10049235350754,-0.337210656658449,-6.87634370853963,"chr19:46083224:A:G"
-0.473346208990101,-0.510002089962959,0.0952448337754945,0.118774427981616,-4.01296935015693,"chr19:46083235:C:T"
0.491524474973242,0.50989667753116,0.0952448337754945,-0.059530634421114,-4.06458161709313,"chr19:46083286:C:T"
-0.498496052486907,-0.509856250631248,0.0952448337754946,0.0368099470137114,-4.08290980762036,"chr19:46083362:C:T"
-0.498674583173818,-0.50985521536452,0.0952448337754945,0.0362281074053774,-4.08336862548186,"chr19:46083431:A:G"
-0.498787886901401,-0.509854558336974,0.0952448337754945,0.0358588454167516,-4.08365954023969,"chr19:46083527:A:G"
-0.524267967338484,-0.509706804021785,0.0952448337754945,-0.0471818927218915,-4.1437770136725,"chr19:46083666:A:G"
1.03457744884453,1.05002027554776,0.0990780242810652,-0.049061195765987,-7.13028577020652,"chr19:46083884:A:G"
-0.498945266174186,-0.509853645723425,0.0952448337754945,0.0353459392266821,-4.08406327148455,"chr19:46083907:C:T"
0.448008704751838,0.51014901750492,0.0952448337754946,-0.201350503819866,-3.93155164329356,"chr19:46083929:C:G"
-0.482675891560732,-0.509947988844143,0.0952448337754945,0.0883685692097977,-4.0401542086724,"chr19:46083955:C:G"
0.542399558795986,0.509601662247006,0.0952448337754945,0.106273571885773,-4.18023593248809,"chr19:46084021:A:T"
-0.187695771932185,-0.51165852447912,0.0952448337754945,1.0497221618982,-2.26794411156821,"chr19:46084120:A:G"
0.187711758805348,0.511658431774179,0.0952448337754945,-1.04967005995328,-2.26810343978795,"chr19:46084128:A:G"
-0.499260877472619,-0.509851815551359,0.0952448337754945,0.0343173476862421,-4.08487169412562,"chr19:46084172:A:G"
-0.413499052451635,-0.302466868380261,0.0960988024773537,-0.358170567341069,-3.06867234883757,"chr19:46084460:A:G"
-0.436173107671051,-0.302130910394622,0.0960988024773537,-0.432396878866046,-3.12475457457138,"chr19:46084494:A:G"
-0.499604316293969,-0.509849824012598,0.0952448337754945,0.0331980649861458,-4.08574953519926,"chr19:46084505:C:G"
-0.499571284342923,-0.509850015558828,0.0952448337754945,0.0333057176132209,-4.0856651886824,"chr19:46084652:G:T"
-0.499737422927661,-0.509849052151632,0.0952448337754946,0.0327642644280909,-4.08608923902064,"chr19:46084878:A:G"
-0.499757435895532,-0.5098489361001,0.0952448337754945,0.0326990412578378,-4.08614028930196,"chr19:46084891:A:G"
-0.703737430466006,-0.50866609350727,0.0952448337754945,-0.632081015322991,-4.28581149706925,"chr19:46084966:A:T"
-0.519650146886239,-0.509733581915998,0.0952448337754945,-0.0321322063642407,-4.13365850368168,"chr19:46085110:A:G"
-0.500133530599678,-0.509846755195865,0.0952448337754945,0.0314733315541751,-4.08709843084198,"chr19:46085440:A:G"
-0.371930138947258,-0.303082788572343,0.0960988024773537,-0.222089610773227,-2.92295693485616,"chr19:46085578:AC:A"
-0.345441747799052,-0.303475262986244,0.0960988024773537,-0.135376600941681,-2.80175731992972,"chr19:46085585:C:T"
0.500177523194055,0.509846500090885,0.0952448337754945,-0.0313299576932488,-4.0872103549472,"chr19:46085725:C:T"
0.500287487750595,0.509845862426578,0.0952448337754945,-0.0309715782145436,-4.08748998316619,"chr19:46085853:A:C"
1.07366368842837,0.968770567302504,0.10049235350754,0.330887605454217,-6.87418398911625,"chr19:46085867:C:T"
0.465877144897496,0.510045401696329,0.0952448337754945,-0.143116446719994,-3.99013350979227,"chr19:46086072:C:T"
-0.377594888630119,-0.510557334315617,0.0952448337754945,0.430832325132909,-3.64253033927364,"chr19:46086236:A:G"
-0.377594888630119,-0.510557334315615,0.0952448337754945,0.430832325132902,-3.64253033927364,"chr19:46086252:C:T"
-0.501158352763063,-0.509840812440011,0.0952448337754945,0.0281333896289817,-4.08969749225054,"chr19:46086546:A:G"
0.518102367773329,0.509742557203326,0.0952448337754945,0.027087924014758,-4.13019068527803,"chr19:46086621:A:G"
-0.500935787140012,-0.509842103057256,0.0952448337754945,0.0288587410919832,-4.08913450604195,"chr19:46086717:A:G"
-0.525239023978342,-0.509701173042348,0.0952448337754945,-0.0503466103666355,-4.14586148081114,"chr19:46086911:G:T"
0.501655026136811,0.509837932322179,0.0952448337754945,-0.0265147085706115,-4.09095091379727,"chr19:46087724:A:G"
-0.50176566342106,-0.509837290756842,0.0952448337754945,0.026154136641762,-4.09122957119281,"chr19:46087932:G:T"
-0.52045882201457,-0.50972889255718,0.0952448337754946,-0.0347677152958961,-4.13545508322352,"chr19:46088100:C:T"
0.502241822919458,0.50983452959521,0.0952448337754945,-0.0246023112338369,-4.09242656543055,"chr19:46088570:C:T"
0.53731706452962,0.509631134699465,0.0952448337754945,0.0897094924863695,-4.17053873742274,"chr19:46088872:A:G"
-0.502640930868211,-0.509832215241374,0.0952448337754945,0.0233016003218691,-4.09342700385229,"chr19:46089183:C:T"
-0.502881635729845,-0.509830819438015,0.0952448337754945,0.022517132257392,-4.09402911533005,"chr19:46089381:C:T"
-0.416890864922557,0.248150837269001,0.113715699681058,-1.97214419304886,2.39812333854331,"chr19:46089487:C:T"
0.487926004513496,0.301364095689195,0.0960988024773537,0.601816358803487,-3.19251486575492,"chr19:46090192:A:G"
-0.503459056383577,-0.509827471081496,0.0952448337754945,0.020635292150124,-4.09546964179446,"chr19:46090273:A:G"
-0.50361001067236,-0.509826595725252,0.0952448337754945,0.0201433252744107,-4.09584533789358,"chr19:46090365:G:T"
0.433453065372808,0.302171212842622,0.0960988024773537,0.423492485494991,-3.11889540644158,"chr19:46090696:A:G"
-0.503801617699,-0.509825484631234,0.0952448337754945,0.019518869281665,-4.09632167450649,"chr19:46090700:A:G"
0.503748014787968,0.509825795464698,0.0952448337754945,-0.0196935636006375,-4.09618847767254,"chr19:46090733:C:T"
-0.0297027209844788,-0.178290099247403,0.0963249805286662,0.478754043454364,-0.168360141596703,"chr19:46090763:C:T"
-0.503830402093136,-0.509825317715814,0.0952448337754945,0.0194250596352832,-4.09639318091683,"chr19:46090809:A:C"
-0.442956007300226,-0.510178317171105,0.0952448337754946,0.217817474048119,-3.91395563455592,"chr19:46090837:C:G"
0.44304518743345,0.510177800031868,0.0952448337754945,-0.217526831947991,-3.91427020494865,"chr19:46090846:TG:T"
0.50396239221401,0.509824552329305,0.0952448337754946,-0.0189948978431667,-4.09672089844308,"chr19:46090980:A:G"
0.171930768507867,0.472514652010069,0.131926359953736,-0.827560781944319,-1.67374048400357,"chr19:46091060:C:T"
-0.520786357350409,-0.78493953381909,0.134164876917426,0.721167952580278,-3.90730927041637,"chr19:46091466:C:T"
-0.520956287149728,-0.509726007848058,0.0952448337754945,-0.036388976740657,-4.13655506834444,"chr19:46091490:A:G"
0.50404970501791,0.509824046018363,0.0952448337754945,-0.0187103414540073,-4.09693753052485,"chr19:46091591:A:G"
-0.614805761803149,-0.509181791949979,0.0952448337754945,-0.34224867245032,-4.2753014758254,"chr19:46091838:A:G"
-0.433083713397799,-0.302176685473981,0.0960988024773537,-0.422283366327976,-3.11808162738573,"chr19:46092233:C:T"
0.678655975430464,0.690835944487377,0.0997387510276357,-0.0385668547519687,-4.93723635549397,"chr19:46092329:A:T"
-0.466941831845352,-0.510039227771889,0.0952448337754945,0.139646583653571,-3.99344748593776,"chr19:46092568:A:G"
-0.451514491050446,-0.51012868809286,0.0952448337754945,0.189924987220178,-3.94349094424319,"chr19:46092598:A:C"
-0.761804132371025,-1.6015983180206,0.150955596255782,2.16146523384079,-3.67246899809806,"chr19:46092993:A:G"
-1.14343089544173,-0.968955588220774,0.101338671657029,-0.548083045930551,-6.91298862518897,"chr19:46093121:A:G"
-0.548867102904535,-0.509564158144392,0.0952448337754945,-0.127351591558681,-4.19199178874057,"chr19:46093198:C:T"
-0.558121160129291,-0.509510495563091,0.0952448337754945,-0.157510983897282,-4.20768244563702,"chr19:46093199:A:G"
-0.505224970989091,-0.509817230866447,0.0952448337754945,0.0148800963337842,-4.09984137510394,"chr19:46093366:C:T"
-0.497205319056816,-0.509863735357762,0.0952448337754945,0.0410165058210263,-4.07957705393304,"chr19:46093535:A:C"
0.338920382074681,0.487854654544691,0.0997622492490439,-0.471532392133219,-3.37647337512973,"chr19:46093754:A:G"
-0.505578204807575,-0.509815182528295,0.0952448337754945,0.0137288912936502,-4.10070974065265,"chr19:46093769:C:T"
0.505888688325399,0.5098133820913,0.0952448337754945,-0.0127170114228895,-4.10147133236018,"chr19:46093964:A:G"
-0.64462573586738,-0.509008871387269,0.0952448337754945,-0.439433320814536,-4.29161994491859,"chr19:46094000:A:T"
-0.506275043268549,-0.509811141689797,0.0952448337754945,0.0114578631347434,-4.10241683757072,"chr19:46094241:C:T"
0.506339242486422,0.509810769410314,0.0952448337754945,-0.0112486349711078,-4.10257371323728,"chr19:46094301:A:C"
0.506234544188687,0.509811376536548,0.0952448337754946,-0.0115898514734336,-4.10231784046778,"chr19:46094348:TA:T"
-0.506387633437844,-0.509810488800046,0.0952448337754946,0.0110909266649573,-4.10269191584521,"chr19:46094466:A:T"
-0.506387633437844,-0.509810488800046,0.0952448337754945,0.0110909266649576,-4.10269191584521,"chr19:46094493:C:T"
-0.506370845264451,-0.509810586151589,0.0952448337754945,0.0111456400837091,-4.10265091237658,"chr19:46094556:C:T"
-0.506390595998886,-0.509810471620696,0.0952448337754946,0.0110812715441083,-4.10269915113392,"chr19:46094559:G:T"
-0.50651007151288,-0.509809778804089,0.0952448337754945,0.0106918954235549,-4.10299082007607,"chr19:46094754:C:T"
0.50651007151288,0.509809778804103,0.0952448337754945,-0.0106918954236005,-4.10299082007611,"chr19:46094762:A:G"
-0.506355044122058,-0.509810677779509,0.0952448337754945,0.0111971367236167,-4.10261231544213,"chr19:46094906:C:T"
-0.506452805776384,-0.509810110877595,0.0952448337754945,0.0108785270568558,-4.10285104941151,"chr19:46094979:A:G"
-0.506785448995509,-0.509808181940548,0.0952448337754945,0.00979442771417876,-4.103662198836,"chr19:46095283:C:T"
-0.506755845695872,-0.509808353604656,0.0952448337754945,0.00989090621075631,-4.10359008429168,"chr19:46096084:C:T"
-0.507171120601112,-0.509805945501614,0.0952448337754945,0.0085375064541666,-4.10460040367986,"chr19:46096399:A:G"
0.512560531902815,0.509774693293529,0.0952448337754945,0.00902682948779801,-4.11745837783269,"chr19:46096445:A:T"
-0.507267739125352,-0.509805385228509,0.0952448337754945,0.00822262230023637,-4.10483506391606,"chr19:46096446:C:T"
1.29785543568222,1.23891119292792,0.101981255349433,0.18457854404062,-8.30295099697168,"chr19:46096553:C:G"
-0.507254923441355,-0.509805459544304,0.0952448337754945,0.0082643891957881,-4.10480394682329,"chr19:46096689:C:T"
-0.507492453878222,-0.509804082148846,0.0952448337754945,0.00749026672562691,-4.10538024806043,"chr19:46096878:C:T"
0.508300800938461,0.509799394692453,0.0952448337754945,-0.00485582698282622,-4.10733460515876,"chr19:46097741:C:T"
0.508394253844595,0.509798852776185,0.0952448337754945,-0.00455125972191678,-4.10755986353613,"chr19:46097971:C:T"
-0.508544726097298,-0.605899369833645,0.100541853509711,0.307031707742788,-4.19561639785472,"chr19:46098115:A:G"
-0.0167654471252366,-0.277152025235202,0.131253085587004,0.71872679036617,-0.107251315650068,"chr19:46098146:A:G"
0.508529975884825,0.50979806574895,0.0952448337754945,-0.00410893543527956,-4.10788675464402,"chr19:46098396:A:T"
0.548740449454261,0.509564892584521,0.0952448337754944,0.126938822218187,-4.19176783049346,"chr19:46098440:A:G"
-0.508605689102628,-0.509797626701871,0.0952448337754945,0.00386218262342708,-4.10806898251136,"chr19:46098540:C:T"
-0.508594873618936,-0.509797689418878,0.0952448337754945,0.00389743077546276,-4.10804295731836,"chr19:46098694:A:G"
-0.508783619945008,-0.509796594913536,0.0952448337754944,0.00328229793564912,-4.10849686315595,"chr19:46098773:C:T"
0.508790499998159,0.509796555017379,0.0952448337754945,-0.00325987553032404,-4.10851339769964,"chr19:46098805:A:G"
-0.568822895235573,-0.509448438163132,0.0952448337754945,-0.192388424130902,-4.22418117808029,"chr19:46098959:C:G"
0.503153036422934,0.509829245635135,0.0952448337754945,-0.0216326250855058,-4.09470687419801,"chr19:46099137:A:T"
1.32568842411634,1.23676982371305,0.101981255349433,0.278440523343101,-8.33834056009489,"chr19:46099449:C:G"
-0.509235540016014,-0.50979397431189,0.0952448337754945,0.0018094699212671,-4.10958131175554,"chr19:46099456:C:T"
0.53022702515936,0.536715474754378,0.0992700412379143,-0.0205935791877037,-4.17195415982943,"chr19:46099714:A:G"
-0.513409599329618,-0.509769769707159,0.0952448337754945,-0.0117939787527738,-4.11944120260024,"chr19:46099871:A:C"
-0.381559315899309,0.241054363017654,0.113715699681058,-1.84632624892927,2.20949444098437,"chr19:46100217:A:T"
0.517224267639953,0.509747649144987,0.0952448337754945,0.024226155842059,-4.12820620322723,"chr19:46100309:A:C"
-0.359115675859228,-0.77730708769531,0.104634636565352,1.2928179536545,-3.02204475485832,"chr19:46100827:G:T"
0.598212007855463,0.509278016086973,0.0952448337754945,0.288168875500375,-4.26051938887126,"chr19:46100958:ACAGT:A"
-0.524256521212807,-0.509706870395728,0.0952448337754946,-0.0471445892791485,-4.14375235388492,"chr19:46101137:A:G"
-0.52485519972443,-0.509703398768798,0.0952448337754944,-0.0490957097096898,-4.14503935967301,"chr19:46101181:G:T"
0.520532799626689,0.50972846357455,0.0952448337754945,0.0350088116901122,-4.13561891169879,"chr19:46101280:A:C"
0.525657767540967,0.50969874482518,0.0952448337754945,0.051711314635072,-4.14675572160018,"chr19:46101282:C:G"
0.527852614290894,0.509686017311258,0.0952448337754945,0.0588644197700896,-4.15139728415045,"chr19:46101523:C:G"
-0.459893042198161,0.367796186679451,0.109154514634953,-2.50522335705194,3.3645680634557,"chr19:46101677:A:G"
0.522256287313608,0.509718469385425,0.0952448337754945,0.0406257362538966,-4.13941092133521,"chr19:46101763:C:T"
0.52980717485602,0.509674683172876,0.0952448337754945,0.0652344213273893,-4.15546632865383,"chr19:46101779:C:T"
-0.4942496371637,-0.301270399397706,0.0960988024773537,-0.622517548887102,-3.19532000361715,"chr19:46101857:A:G"
0.530616386652914,0.509669990702015,0.0952448337754945,0.0678716792862417,-4.15713324280538,"chr19:46101866:G:GCA"
-0.532126816925577,-0.509661231993764,0.0952448337754945,-0.0727942400708982,-4.16021689532415,"chr19:46102087:A:G"
0.532195413669176,0.509660834213835,0.0952448337754945,0.0730177999703858,-4.16035608434361,"chr19:46102098:C:T"
0.533072296891921,0.509655749328783,0.0952448337754945,0.0758756021762362,-4.16212881211115,"chr19:46102202:TGC:T"
0.14754009249332,-1.34038364237786,0.165326558185319,3.65939558070512,0.548225302934076,"chr19:46102205:A:G"
0.535727002429159,0.509640355178061,0.0952448337754945,0.0845274079622196,-4.16742167379995,"chr19:46102547:C:G"
-0.605201841550603,-0.509237483322818,0.0952448337754945,-0.310949060631438,-4.26724681754653,"chr19:46103156:C:T"
-0.40448864779348,-0.302600374158984,0.0960988024773537,-0.328673898278094,-3.04179463512604,"chr19:46103615:CAG:C"
0.545787239462466,0.509582017707851,0.0952448337754944,0.117314176872084,-4.18647496283056,"chr19:46103705:A:G"
0.548166953861594,0.509568218180324,0.0952448337754945,0.125069774063021,-4.1907506097111,"chr19:46103906:A:G"
-0.595104445765863,-0.509296036269813,0.0952448337754945,-0.278041189664822,-4.25729349896226,"chr19:46104147:A:G"
0.551989568212134,0.509546051540502,0.0952448337754945,0.137527847657895,-4.19743436849942,"chr19:46104400:C:G"
-0.566643834415642,-0.509461074137348,0.0952448337754945,-0.185286766057901,-4.22096424223436,"chr19:46104453:C:T"
-0.56675589812053,-0.509460424300469,0.0952448337754945,-0.185651986756293,-4.22113145457956,"chr19:46104455:A:G"
0.622009423551787,0.509140019236136,0.0952448337754945,0.365725732908824,-4.28044416365242,"chr19:46104635:A:AG"
-0.559045025186896,-0.509505138238975,0.0952448337754945,-0.160521902034493,-4.20917620851207,"chr19:46105157:C:T"
-0.561571581383604,-0.509490487202785,0.0952448337754944,-0.168756063305745,-4.21319414872747,"chr19:46105486:A:G"
0.562044212614743,0.509487746500933,0.0952448337754945,0.170296389930582,-4.21393485855343,"chr19:46105535:A:G"
-0.899961641489777,-0.982015319603988,0.100302578845345,0.259084841329839,-6.4161143688785,"chr19:46105838:C:T"
-0.567438390417812,-0.509456466652757,0.0952448337754945,-0.187876260116826,-4.22214566116076,"chr19:46106184:A:G"
0.840904948807559,0.770430155851913,0.0992717587071119,0.223676805017422,-5.61718395596379,"chr19:46106315:G:T"
-0.829061131803363,-0.986213290194044,0.100302578845345,0.496208615592085,-6.06989443092937,"chr19:46106423:C:T"
0.575335746463641,0.509410671332884,0.0952448337754945,0.213614101761695,-4.23336362731379,"chr19:46107134:G:T"
0.990243120292326,0.973877020718991,0.10049235350754,0.0516272129222638,-6.71575054433235,"chr19:46107350:G:T"
1.03567502432704,0.971095981141348,0.10049235350754,0.203715979969714,-6.81733330575158,"chr19:46108431:C:G"
0.161561929167992,-0.0764017826483034,0.117657092594326,0.693747894934262,0.322091041290481,"chr19:46109519:C:T"
0.539755447178252,0.509616994965493,0.0952448337754945,0.0976562921642024,-4.17524162031418,"chr19:46109650:C:T"
0.615957971779212,0.509175110495553,0.0952448337754945,0.346003777036432,-4.27617569676101,"chr19:46109922:ACATG:A"
-0.549670989464091,-0.509559496553589,0.0952448337754945,-0.129971494327502,-4.19340746774516,"chr19:46110034:C:T"
-0.203659886927157,-0.211436313010624,0.09554061516078,0.0251585745915499,-1.33736505631591,"chr19:46110324:C:G"
0.836579330375178,0.846946173831129,0.0983146394722811,-0.033062633658869,-5.90242673668047,"chr19:46110819:A:T"
1.07541494720019,0.93431488039698,0.100939579331829,0.444116055748419,-6.69250432031895,"chr19:46111053:C:T"
0.345210032198846,0.303478696280625,0.0960988024773538,0.134618051394195,-2.8006033188108,"chr19:46111127:A:G"
0.347973248662078,0.303437754127671,0.0960988024773537,0.143663780710191,-2.81426083668858,"chr19:46111697:C:T"
-0.317032820632457,-0.303896193686675,0.0960988024773538,-0.0423764799861445,-2.64871889409094,"chr19:46112398:A:G"
-0.908322748290496,-0.641701603480608,0.130528327651656,-0.737975938410274,-4.48022838147556,"chr19:46112927:C:T"
-0.635564112615073,-0.509061418079239,0.0952448337754945,-0.409901079522605,-4.2880438423006,"chr19:46113258:C:T"
0.627576416520489,0.509107737264515,0.0952448337754945,0.383868815560174,-4.28389285852652,"chr19:46113544:A:G"
-0.653284658853715,-0.508958659880311,0.0952448337754945,-0.46765314366975,-4.29391717130838,"chr19:46114721:C:G"
0.542144121798982,0.300560754191972,0.0960988024773537,0.779306041393791,-3.181410286498,"chr19:46115407:A:G"
1.08945750051711,0.88111193388502,0.210975950600048,0.453594507783343,-4.73916553993295,"chr19:46115702:A:G"
-0.672392535549928,-0.5088478568064,0.0952448337754945,-0.529926580719278,-4.29514018635359,"chr19:46116335:C:T"
-0.37564291453042,-0.303027776948099,0.0960988024773537,-0.234243838783635,-2.93821136331598,"chr19:46116952:CTTATA:C"
-0.464273919743832,-0.301714544988125,0.0960988024773537,-0.524388347124951,-3.17167343427683,"chr19:46117700:C:T"
-0.331751354902798,-0.303678111430235,0.0960988024773538,-0.090559414153365,-2.73087670206554,"chr19:46118106:A:G"
0.88450925326982,1.05038276915407,0.0988068505914288,-0.527695659336075,-6.46338622597411,"chr19:46118206:A:C"
0.158823862759705,0.262661566321597,0.101638629500847,-0.32570593675371,-1.21699775621756,"chr19:46118955:A:G"
-1.01272478948926,-1.63893339408171,0.10121888095566,1.96828627933484,-6.07842267380348,"chr19:46119519:C:T"
0.687872932673779,0.642468856073054,0.0986803284358371,0.144537172485037,-4.83409489036886,"chr19:46120283:C:G"
1.07094905418682,1.3066836256093,0.101659642806792,-0.73934814658858,-7.48446014936823,"chr19:46120948:A:G"
0.59648926063057,0.580017812593983,0.0996685902436161,0.0521738184677158,-4.42969019211321,"chr19:46121503:C:T"
0.708253045788725,0.641611299174539,0.0986803284358372,0.212144158547315,-4.8692354765667,"chr19:46121572:A:AAGG"
0.708522671818792,0.641599953817386,0.0986803284358372,0.213038589464061,-4.86965674789025,"chr19:46121625:C:G"
0.707688757442603,0.641635043368747,0.0986803284358372,0.210272243797104,-4.86835012973364,"chr19:46121926:A:G"
0.706136231206372,0.641700370758076,0.0986803284358372,0.2051220457083,-4.86588852617677,"chr19:46122173:A:G"
0.704188449678331,0.64178232974804,0.0986803284358371,0.198660666525753,-4.86274680490432,"chr19:46122745:C:T"
-0.703650744830844,-0.641804955358539,0.0986803284358371,-0.196876937263582,-4.86186902827283,"chr19:46122932:C:G"
0.768147163085079,0.938210842871213,0.10231681595476,-0.531664990688997,-5.65140106643778,"chr19:46124335:A:G"
0.5389414048878,-0.32304254510566,0.135660974177614,2.3403009758215,2.94735599035052,"chr19:46128670:C:T"
-0.303151487722336,-0.170545655072114,0.102423475751885,-0.414345734257433,-1.46910299982893,"chr19:46129268:A:T"
-1.07705245158498,-1.09757550658602,0.097252774292482,0.0658098664503862,-7.45993267270833,"chr19:46130079:CCTT:C"
0.364429525387807,0.303193924008782,0.0960988024773537,0.197535428766293,-2.89082414417171,"chr19:46130365:A:G"
0.134543948484838,0.312542360485422,0.0974271492433472,-0.570264228768988,-1.25763762586804,"chr19:46130510:A:T"
0.147289031093768,0.312174736550903,0.0974271492433472,-0.528254261376417,-1.37053185208608,"chr19:46131687:C:G"
0.292354775148541,0.304261844487556,0.0960988024773537,-0.0384101404128285,-2.49795809677659,"chr19:46132600:C:T"
-1.91010539279435,-1.77128611540894,0.100712152594086,-0.437430277408498,-11.469017678458,"chr19:46132658:A:G"
1.10316662114301,-0.20253890010166,0.11800480437035,3.80097835016471,0.938125483710733,"chr19:46132959:C:T"
-1.16040671244938,-1.15227002950092,0.0972930631455766,-0.0260859378560831,-7.86525045992865,"chr19:46133618:C:T"
1.06426222989285,1.01184300117942,0.0975560955142907,0.167827614444483,-7.1335563924719,"chr19:46133843:C:T"
-1.04339227294383,-1.01247340045815,0.0975560955142907,-0.0989911667520571,-7.08567927847789,"chr19:46133900:A:G"
-1.03395498770604,-1.01275846371063,0.0975560955142908,-0.0678636855973495,-7.06152671940416,"chr19:46133924:A:C"
-1.03517056437453,-1.07055432065095,0.0988815077131847,0.112524319467007,-7.19279951652358,"chr19:46133943:A:G"
0.262162682317129,0.30470919607913,0.0960988024773537,-0.137247673726067,-2.29341961708728,"chr19:46134278:C:T"
0.232104611532187,0.41969039992026,0.0978440603433734,-0.599698136725531,-2.52188512731972,"chr19:46134925:A:G"
1.74359511186333,1.78186525802133,0.100712152594086,-0.120592189828806,-11.1154213184258,"chr19:46135118:GTTTC:G"
-0.245285837831456,-0.304959257685778,0.0960988024773538,0.192496102127156,-2.17053524806503,"chr19:46135467:C:T"
0.171391771815658,0.3114795080735,0.0974271492433472,-0.448807514512037,-1.57940032262166,"chr19:46137294:A:C"
-0.254804496015627,-0.304818221192802,0.0960988024773537,0.161335602567574,-2.24054619667843,"chr19:46137646:A:T"
-0.169212705958575,-0.311542361864925,0.0974271492433472,0.455990087462826,-1.5607879348098,"chr19:46138514:G:T"
-1.1339316805566,-1.08436277639543,0.0972431567432706,-0.158957049724651,-7.57353858162424,"chr19:46139026:G:T"
-0.276819796006992,-0.304492023881977,0.0960988024773537,0.0892658073915184,-2.3953045010371,"chr19:46139384:A:G"
-0.71333817744393,-0.757538076219817,0.112738666047313,0.131639077091601,-4.96387630825507,"chr19:46139847:ATG:A"
-0.150380549764533,-0.312085563628926,0.0974271492433472,0.518064088229925,-1.3976741029618,"chr19:46140338:A:G"
-0.192928043951639,-0.172682504667888,0.0974433801887495,-0.0648564508904352,-1.02839983732786,"chr19:46141252:A:G"
0.27250252214472,0.304555992264173,0.0960988024773537,-0.103398934948038,-2.36578476461501,"chr19:46142052:C:T"
1.8497220259151,1.77512254067986,0.100712152594086,0.235068746470882,-11.3939803817248,"chr19:46142837:A:G"
-0.151708335395979,-0.312047264483056,0.0974271492433472,0.513687480184866,-1.40930123704181,"chr19:46143584:A:G"
-1.03577492165411,-1.08700332942855,0.0972431567432706,0.164278728765871,-7.28683803128813,"chr19:46143639:C:T"
0.673586494151047,0.431277582888946,0.100836029556033,0.763064971632875,-3.79542581960364,"chr19:46143679:C:T"
-0.876152343825662,-0.741150102477514,0.116123077767911,-0.396170113452234,-5.18672699148266,"chr19:46145410:A:G"
-1.06481391292844,-0.985122548549357,0.111953688531527,-0.238172743297793,-6.60586166010105,"chr19:46145663:ATATTT:A"
0.191073393806703,0.305762515123186,0.0960988024773537,-0.369967212599975,-1.74168779051631,"chr19:46145903:A:G"
-0.334010921633352,-0.483542321376894,0.0990663934771204,0.475082706929184,-3.35291273082762,"chr19:46146773:C:T"
1.23642716944173,1.24678554640982,0.0986885296863361,-0.0329729931778346,-8.29489414026466,"chr19:46147067:A:G"
1.21758601607543,1.24757997853499,0.0986885296863361,-0.0954773824704433,-8.23908061496418,"chr19:46147313:A:G"
-0.45319487203751,-0.301878701532436,0.0960988024773537,-0.4881197203402,-3.15611136298352,"chr19:46147368:GT:G"
-0.282874557644046,-0.30440231141091,0.0960988024773537,0.0694447996744806,-2.43598924092265,"chr19:46148879:A:G"
-0.499426118054868,0.897422959750308,0.177763723264431,-3.31304943689029,3.43918900223217,"chr19:46149262:C:T"
-1.15215184114925,-1.25033899278611,0.0986885296863362,0.312551309056168,-7.99680736434539,"chr19:46149801:C:T"
0.298746053765299,0.304167145896204,0.0960988024773537,-0.0174875029287583,-2.53849997345344,"chr19:46150648:A:C"
0.340045869349698,0.303555212886572,0.0960988024773537,0.11771252846512,-2.77447316036594,"chr19:46151657:A:C"
-1.21573855078665,-1.15075236535318,0.0972930631455766,-0.208343572615416,-7.98534261653501,"chr19:46152143:C:T"
0.354971039850747,0.303334068932909,0.0960988024773538,0.166571911775845,-2.84782475720438,"chr19:46153535:G:T"
-1.74280289258555,-1.78191559125406,0.100712152594086,0.123247137940786,-11.1126355239421,"chr19:46154699:C:T"
0.366095798613553,0.303169235094919,0.0960988024773538,0.202990179332191,-2.89811376496841,"chr19:46154729:A:G"
-0.0581202292555902,0.604111965806332,0.134596372891408,-1.80506818737375,0.642581273096461,"chr19:46154996:A:G"
-0.140294362671483,0.638736578821356,0.134596372891408,-2.12343039186891,1.50179531604503,"chr19:46154998:C:T"
0.336658118323503,0.303605408672002,0.0960988024773537,0.106622308360858,-2.75690722272705,"chr19:46155314:A:G"
0.286035741988621,0.304355472629116,0.0960988024773537,-0.059096273498717,-2.4568913592542,"chr19:46155855:A:G"
1.27762874332117,1.34616593759156,0.098749142604033,-0.218102003391482,-8.63814330066801,"chr19:46156185:A:G"
0.242565060153601,-0.0964134191154256,0.116128702692956,0.994723412230182,0.609679177067746,"chr19:46157115:A:G"
-0.370257709558841,-0.481869350022912,0.0990663934771204,0.354606192193876,-3.53923411959947,"chr19:46157177:C:T"
-0.826218407726712,-0.496578543768772,0.116067118964022,-0.967576081402101,-3.84390082449248,"chr19:46157320:A:T"
-1.11133842266026,-1.0582757172408,0.0972113621560128,-0.170188760204448,-7.42725897680977,"chr19:46158499:A:G"
-0.381596013103825,-0.302939570802988,0.0960988024773537,-0.253732039944482,-2.96176285019799,"chr19:46158703:A:G"
-1.06227661869097,-0.948842942583231,0.0971637973708014,-0.363906461463378,-6.8651669466695,"chr19:46158749:A:G"
1.27859282410418,1.6645089756973,0.113946797201288,-1.14325180044578,-8.00151794531069,"chr19:46159192:A:C"
-0.384028505555933,-0.302903528936797,0.0960988024773537,-0.261695103489351,-2.97106283248,"chr19:46160633:A:G"
-0.163473009748789,-0.197070780484812,0.0973815688762553,0.107664388659669,-0.995984725598872,"chr19:46161143:A:G"
-0.349599237434764,-0.303413662102353,0.0960988024773537,-0.148986655158918,-2.82219100794134,"chr19:46161304:A:G"
-0.949655872489321,-0.968078718004552,0.0971424282456308,0.0591088122681337,-6.67297406290996,"chr19:46161421:G:GGA"
0.811468551165707,0.844135772903464,0.116104741048988,-0.0958709924842692,-5.40614277472734,"chr19:46161934:A:G"
-1.07030387580819,-1.07592312995845,0.097161089946401,0.0180273747136375,-7.38098430563996,"chr19:46161984:G:T"
-1.06880146358789,-1.07596224488631,0.0971610899464009,0.0229728152984609,-7.3764235592061,"chr19:46162012:C:G"
-1.09973027493962,-1.07515702098808,0.0971610899464009,-0.0788345294717183,-7.46230771272823,"chr19:46162927:A:G"
-1.3683049923692,-0.961909196758075,0.102747706166638,-1.26783617344809,-6.53522956465659,"chr19:46163750:A:G"
1.09852071121351,1.07518851167835,0.0971610899464009,0.0748530485836996,-7.45926513972696,"chr19:46165906:C:T"
0.144713002530784,0.197602871307233,0.0973815688762553,-0.169486107660144,-0.886982338432782,"chr19:46166252:A:G"
-1.01087072441154,-0.966497068207145,0.0971424282456309,-0.142370738117946,-6.84731294926823,"chr19:46166439:A:G"
0.346018912518738,0.303466711225461,0.0960988024773537,0.137266020715463,-2.80462481492382,"chr19:46166639:C:T"
1.12305026911585,1.07454989074942,0.0971610899464009,0.155596182551045,-7.51593761586242,"chr19:46166815:C:T"
-0.986360748728675,-1.06252486840541,0.0976815292428436,0.243693643805565,-7.0217529556713,"chr19:46167652:A:G"
-0.792980228179751,-0.468918051608428,0.112733515042857,-0.96516556835461,-3.74799794267187,"chr19:46167728:A:G"
-1.7820692149621,-1.83713761827202,0.0998763514499219,0.174249343283125,-11.4432316717297,"chr19:46167729:C:T"
-0.940260740852297,-1.01218108546611,0.0972599192243953,0.230613542660157,-6.74001802281827,"chr19:46167918:A:G"
0.345982777593197,0.303467246631087,0.0960988024773537,0.137147728587569,-2.80444557813282,"chr19:46168069:A:G"
0.345982777593197,0.303467246631088,0.0960988024773537,0.137147728587564,-2.80444557813283,"chr19:46168078:A:G"
-0.345521364142284,-0.303474083323157,0.0960988024773537,-0.135637234844046,-2.80215346135959,"chr19:46168730:A:G"
0.290948655666683,0.304282678743463,0.0960988024773537,-0.043013245666493,-2.48890342751393,"chr19:46169565:A:G"
-0.343153985850116,-0.3270985954132,0.104039860299619,-0.0497761143048253,-2.78657296957118,"chr19:46171237:C:T"
1.0484063513452,1.12102051169205,0.0973001395177932,-0.232790143690242,-7.40421492508123,"chr19:46171356:C:G"
-1.13354419865405,-1.07427668390825,0.0971610899464009,-0.190138703126436,-7.53695296078475,"chr19:46171927:A:G"
-0.415788193668863,-0.302432950527266,0.0960988024773537,-0.36566435296825,-3.07508384428137,"chr19:46172355:A:G"
1.19019598298948,0.66624094945197,0.111032281279654,1.57242299185908,-4.31540722867281,"chr19:46172729:A:T"
0.684879627122013,0.530289234514055,0.101724707927618,0.484695819952232,-4.3163854095798,"chr19:46173462:C:T"
0.126398132725382,0.33652046509421,0.0973910438467066,-0.673306337853377,-1.25960502843779,"chr19:46173892:A:G"
1.8251950030165,1.77317543401006,0.100486663426513,0.164101494628845,-11.3451857092159,"chr19:46174014:C:T"
-1.88347777867857,-1.49366250604492,0.106197184345961,-1.19619600951344,-9.34567520792708,"chr19:46174821:A:G"
0.46116895327821,0.339422781783038,0.0984230966616587,0.388067077948342,-3.36146068794526,"chr19:46175152:C:T"
1.72638396994538,1.84018406300329,0.0998763514499219,-0.360090184008031,-11.2001322136013,"chr19:46175244:C:T"
1.03628969841441,1.03468711709775,0.0977358348236243,0.00512617185543432,-7.13380673014734,"chr19:46176181:A:T"
-0.296134833558421,-0.304205835944029,0.0960988024773538,0.0260356537849047,-2.52205886594225,"chr19:46176483:A:G"
1.82117036331863,1.7734215539031,0.100486663426513,0.150628910263859,-11.3365884313556,"chr19:46177035:A:T"
-0.973063394419469,-0.967473921927194,0.0971424282456309,-0.017933553204396,-6.74724680707259,"chr19:46177638:A:G"
-0.122090916339568,-0.198244502427444,0.0973815688762553,0.244034919900254,-0.753229081621163,"chr19:46178273:C:T"
-0.775855277715116,-0.192721201440144,0.116793367178489,-1.70631548109572,-1.69052605692174,"chr19:46178300:C:T"
-0.325527335059158,-0.344761869039136,0.0984230966616587,0.0613102597448324,-2.88888878998978,"chr19:46178572:A:G"
1.63841698509586,1.6392479113204,0.103194721107286,-0.00258662651394343,-10.2737913862606,"chr19:46179137:A:G"
0.707524824652561,0.584291626355322,0.101617278555756,0.386584057567109,-4.57998921168781,"chr19:46179296:A:G"
1.87766224814015,1.76996689020783,0.100486663426513,0.339736940132908,-11.4327335836486,"chr19:46180248:A:G"
-0.126315011583627,-0.229625254820148,0.103600546147225,0.3209684623048,-0.843841460327988,"chr19:46180333:C:T"
-0.544602204493967,-0.570708486582873,0.109573818238779,0.0788663294647725,-4.15478798936983,"chr19:46180513:C:T"
-0.706214115624491,-0.923549091301884,0.101560859219872,0.681971836140361,-5.29831510712372,"chr19:46181599:C:G"
-0.713366914842677,-0.871974567022377,0.101504157026732,0.497831327093827,-5.33264793454847,"chr19:46182128:A:G"
-0.613420740903502,-0.378084793274461,0.115792770602086,-0.691588157677258,-3.44764556328303,"chr19:46182593:A:C"
1.03549499174109,0.635206295893402,0.113649236025735,1.18738091863337,-4.44563993677255,"chr19:46183174:A:G"
-0.936753805558368,-0.915994435585267,0.102951321488278,-0.0646990950410841,-6.29876052966951,"chr19:46184264:CT:C"
-0.615191968239668,-0.384098507650191,0.116276294739444,-0.677707144516205,-3.47556665770863,"chr19:46184393:A:G"
-1.12376519246432,-0.939132955604191,0.0975556949668831,-0.591127573501499,-6.84571613657459,"chr19:46184598:A:G"
0.26012498844422,0.437840134619601,0.131926359953736,-0.489281340099426,-2.30851120507221,"chr19:46184804:C:T"
-0.0191599780476683,-0.340103748348658,0.103148995161317,0.999301293131754,-0.185700176459851,"chr19:46186505:C:T"
-1.83511189445492,-1.83423574379119,0.0998763514499219,-0.00277234618394929,-11.6273524087029,"chr19:46190005:A:C"
0.577209171974881,0.271827957084353,0.099083238502687,0.970157447774089,-2.91102186458979,"chr19:46191062:A:G"
-0.515752596268498,-0.274675419043873,0.0990832385026869,-0.765871663247743,-2.98181047259039,"chr19:46191555:C:T"
1.90144464237564,1.83060679234539,0.099876351449922,0.224147571119692,-11.792287445866,"chr19:46192184:C:G"
0.459426315664686,-0.671279544115166,0.139353007855806,3.02894557096337,3.65728461177621,"chr19:46192752:G:T"
0.592460156444677,0.271121334601345,0.0990832385026869,1.02085274427248,-2.87918478036712,"chr19:46192988:GA:G"
1.18231686328794,1.00203342318427,0.0995076649389657,0.571514915213364,-7.16620121852151,"chr19:46194748:A:G"
0.732626093530367,0.541167131244161,0.109573818238779,0.578392034040889,-4.27045073189848,"chr19:46196103:A:C"
-0.180446647508243,-0.118579884913985,0.0984101666752604,-0.197213847922112,-0.661588264465697,"chr19:46197133:C:T"
-0.222949511239357,-0.620378446950762,0.119352452328483,1.15038658938232,-2.35012720480423,"chr19:46198284:A:T"
0.26774614480178,1.493131195797,0.171755067388753,-2.95677173731989,-1.01284436540684,"chr19:46199148:A:G"
1.06825839288093,0.701019132160799,0.0982436077476858,1.17164745424133,-5.14165536403621,"chr19:46200382:C:T"
-1.29026505587864,-1.27341689629834,0.0975577126077936,-0.0539413315445921,-8.55275920682219,"chr19:46201906:TGTTGGGCAG:T"
-0.655767472833742,-0.553242766082263,0.109573818238779,-0.309724198696891,-4.29970506496562,"chr19:46202441:A:G"
0.0594054195265437,-0.127988124575326,0.0984101666752603,0.597357940813304,0.237833097224644,"chr19:46203180:C:T"
0.807793128168824,0.581319601146645,0.0987113406043801,0.720831768525839,-4.61433945766591,"chr19:46203181:A:G"
1.79889535009337,1.81509593673637,0.1040121096439,-0.050232962161455,-11.2197738640894,"chr19:46203544:C:G"
0.947898748878148,0.705528561587482,0.0982436077476858,0.773262674492521,-5.35320994375786,"chr19:46204246:G:T"
-1.26731526767507,-1.18923979768405,0.103096016118891,-0.243160857099681,-8.02935299265571,"chr19:46204321:T:TG"
-1.27095638137937,-1.28567736104893,0.0977672536008288,0.0470803849495941,-8.52667109874167,"chr19:46205205:A:G"
0.884219826503491,0.707914374613056,0.0982436077476858,0.562488426404166,-5.37886888111564,"chr19:46205709:A:G"
0.944103626457148,0.868081011609629,0.0989264124653203,0.241705578242084,-6.24424523219219,"chr19:46205872:A:C"
-0.0526002628232627,0.188439328211656,0.101436243301953,-0.75681861126609,0.298744865382425,"chr19:46206176:C:G"
-0.347674181901456,-1.45355893297657,0.123471312423127,3.14721807956579,-1.67261728534869,"chr19:46206433:A:G"
1.37591389868907,1.2708283191721,0.0975577126077936,0.336443636960212,-8.69235924867492,"chr19:46206772:C:T"
0.15798084366723,0.119461110034684,0.0984101666752604,0.122790082623691,-0.585521471017286,"chr19:46207120:A:G"
1.7763065425961,1.72902340722526,0.104350426659659,0.146372386102022,-10.8609489516845,"chr19:46207628:C:T"
0.968923837341345,0.773711879048127,0.0982493522909366,0.62278991336693,-5.79149680219471,"chr19:46208380:C:T"
2.46987865801969,1.03153249556955,0.156083107139492,3.64070481360693,-4.74278302442946,"chr19:46208818:C:T"
-0.979688226146115,-0.773307924324436,0.0982493522909365,-0.65842057738647,-5.78920998722573,"chr19:46208848:C:T"
-1.22115961015497,-1.2755054799876,0.0975577126077936,0.173994587880675,-8.34856403966809,"chr19:46209107:G:GA"
-0.0231333674178797,0.186341845998516,0.101436243301953,-0.657712450605254,0.130098467666089,"chr19:46209182:C:T"
-0.0356140649121278,0.18723023415891,0.101436243301953,-0.699688844589336,0.201149049408712,"chr19:46209360:C:T"
0.0357402319939706,0.124256019602021,0.0984101666752604,-0.282163448417779,-0.139087673425136,"chr19:46209361:A:G"
-1.30159906271512,-1.21779714893968,0.0977478367603565,-0.268040462874183,-8.37196903969043,"chr19:46209556:C:CCTTT"
-1.36915073510585,-1.27103272322448,0.0975577126077936,-0.314136163310033,-8.68585503540914,"chr19:46209940:C:T"
-0.394756323375547,-1.43925187576435,0.123471312423127,2.97251163225489,-1.89565038204977,"chr19:46210372:C:T"
-1.48978651849879,-1.15292299808917,0.161616472767207,-0.837936620450573,-6.54806383966416,"chr19:46210575:A:G"
-0.170264605615518,-0.118979277304273,0.0984101666752604,-0.163483209951383,-0.627379487933378,"chr19:46210612:C:T"
-0.169888202914092,-0.118994041766668,0.0984101666752604,-0.162236278993257,-0.626106289717654,"chr19:46211216:C:T"
1.36752558391046,1.2710818403996,0.0975577126077936,0.308775799476949,-8.68417753550574,"chr19:46211647:A:G"
-0.048339067934072,0.188136012223867,0.101436243301953,-0.742486912609482,0.274168699623381,"chr19:46212522:A:G"
-0.976068063836362,-0.814191218909826,0.0988600892337855,-0.514842312190349,-6.01799003703153,"chr19:46212631:TCCA:T"
-0.175697297527308,-0.118766179005209,0.0984101666752604,-0.181480402068025,-0.645687974751995,"chr19:46212950:C:T"
0.16819586049905,0.119060424196588,0.0984101666752603,0.156629958578753,-0.620374413777739,"chr19:46213237:A:G"
-1.29616538023658,-1.28485968387376,0.0977672536008288,-0.036157684395538,-8.59358808984541,"chr19:46213459:A:G"
-0.153488002337,-0.119637342528807,0.0984101666752603,-0.107906387784639,-0.57005624406392,"chr19:46214783:C:G"
1.47997373660601,1.35470949763394,0.0987872332359224,0.398544383456141,-9.11702555766015,"chr19:46214850:C:T"
-0.883869787399259,-0.804687014410293,0.0988107444946087,-0.251900263017684,-5.85659973061446,"chr19:46214954:A:C"
-0.217680697688073,-0.117119372724176,0.0984101666752604,-0.320561235413933,-0.782625081453552,"chr19:46215253:C:T"
-0.895450373210629,-0.804183776180104,0.0988107444946088,-0.290341938390085,-5.87495384729127,"chr19:46215501:A:C"
-0.14583875525819,0.589681799676261,0.128196347820734,-2.05426746375676,1.59548200786475,"chr19:46215509:C:T"
0.152103424397171,0.119691652842866,0.0984101666752604,0.103319616513924,-0.565273832645474,"chr19:46216191:A:C"
0.152103424397171,0.119691652842861,0.0984101666752604,0.103319616513942,-0.565273832645447,"chr19:46216193:C:G"
-1.04726390904468,-0.770772014779733,0.0982493522909365,-0.882099459384958,-5.73337372019478,"chr19:46216389:G:T"
-0.200913061447836,-0.11777708621505,0.0984101666752603,-0.265014118872558,-0.728939274655154,"chr19:46216497:A:G"
1.05712842023431,0.77040182972194,0.0982493522909365,0.914751483600067,-5.71936938336373,"chr19:46216835:CAG:C"
-0.879897671379454,-0.778198536054114,0.0987654291679699,-0.323604671833475,-5.73142619329158,"chr19:46217407:G:T"
1.4043729158514,1.24260854843593,0.0975005475086256,0.518059135542221,-8.57560916276215,"chr19:46217562:G:T"
-0.140700175781957,-0.120138947282368,0.0984101666752604,-0.0655434165353598,-0.525597835921078,"chr19:46217856:A:G"
1.09189859793135,0.769097010862396,0.0982493522909365,1.02984250659179,-5.6585916061506,"chr19:46217928:C:G"
0.142673377611038,0.120061548092375,0.0984101666752604,0.0720801561442643,-0.532499674571899,"chr19:46218075:A:G"
1.39340547920295,1.21422626218394,0.0975217459388415,0.573768762661738,-8.42180783298508,"chr19:46218210:A:G"
1.40321595494597,1.25581959204486,0.0977389550301209,0.471468760204473,-8.634823135437,"chr19:46218451:A:G"
-0.985143224744844,-0.773103214842865,0.0982493522909365,-0.676476894918603,-5.78734914979465,"chr19:46218615:A:G"
1.48094985297966,1.2116136466541,0.0975217459388414,0.862470014181565,-8.33647117027249,"chr19:46219054:A:T"
1.51554251104251,1.21058128658601,0.0975217459388414,0.976548660761551,-8.27024061889443,"chr19:46219066:A:G"
1.37153730767393,1.25683765149727,0.0977389550301209,0.366883575884231,-8.61962848268665,"chr19:46219879:G:T"
0.123577072847334,0.120810604017071,0.0984101666752604,0.00881872495496219,-0.465086130014834,"chr19:46221176:A:G"
-1.42392973247856,-1.21331531685754,0.0975217459388415,-0.674430744034232,-8.4058995704104,"chr19:46221406:C:G"
-1.41688363657027,-1.21352559581438,0.0975217459388414,-0.65119433694951,-8.41091267219065,"chr19:46221545:C:T"
0.122176911363445,0.120865525598394,0.0984101666752604,0.00418032917824074,-0.460090097002513,"chr19:46222076:C:T"
0.982575454421428,0.865144166667494,0.104603119182768,0.363087674011408,-6.13946002775394,"chr19:46222242:C:G"
-0.98260750398536,-1.01871399177744,0.105294789188106,0.111270952417855,-6.68043612316678,"chr19:46222244:C:G"
-0.00707207726496322,0.125935339988718,0.0984101666752604,-0.423990256784744,0.0279028502249287,"chr19:46222572:A:G"
1.42088965450628,1.213406042904,0.0975217459388414,0.664405264640737,-8.40816051818806,"chr19:46222585:A:C"
0.171038320034304,0.118948928219648,0.0984101666752604,0.166046338371749,-0.629994708460897,"chr19:46223368:C:T"
-1.44398847844857,-1.25450928189828,0.0977389550301209,-0.60607684018665,-8.62994557422226,"chr19:46223488:A:G"
-1.56072254600197,-1.43379074080922,0.0990846111572376,-0.403243477928234,-9.53698633412445,"chr19:46224554:TTTCAGGTCATTCTTTA:T"
1.27175187572447,1.4918989112613,0.108079130299982,-0.669640822319772,-8.37826094152125,"chr19:46224656:G:T"
-1.3873473335409,-1.45631041918704,0.0984323077479265,0.219810205079223,-9.24041645078035,"chr19:46225485:G:GA"
1.42689505012323,1.48474703811849,0.0984907722889704,-0.184340395945617,-9.43375256416447,"chr19:46225600:A:G"
-0.210803515522104,-0.117389131408407,0.0984101666752604,-0.297778797044183,-0.760775418206542,"chr19:46225777:C:T"
1.43794242605509,1.44396615059071,0.098371619297488,-0.0192057023202109,-9.38363208605922,"chr19:46225962:A:G"
-0.173070201659974,-0.240525930016038,0.102588615523676,0.210605278312116,-1.20828521854025,"chr19:46225995:A:G"
1.37980958057028,1.45660785130107,0.0984323077479266,-0.244783763384424,-9.2118655247112,"chr19:46226041:A:G"
-1.36160302616029,-1.45732626353722,0.0984323077479266,0.305104451773462,-9.13899851876727,"chr19:46226587:C:T"
-1.28533471062131,-1.46523533189187,0.106926049436723,0.550162395660209,-8.49406876979808,"chr19:46226771:A:G"
-0.221908461834573,-0.116953537929368,0.0984101666752603,-0.334566793763974,-0.795936887671852,"chr19:46226790:C:T"
-1.38229264773205,-1.45650987198043,0.0984323077479266,0.236557038154511,-9.22137533547665,"chr19:46227203:C:T"
-1.42287262504943,-1.48490824236671,0.0984907722889702,0.197671171817557,-9.41928676460389,"chr19:46227357:A:G"
-0.826614655598087,-0.745641955249629,0.0983229609940709,-0.258232647803352,-5.50857183393778,"chr19:46228206:A:G"
-0.911105519661754,-0.742405594189476,0.0983229609940709,-0.538006368213757,-5.5865376502662,"chr19:46228271:G:T"
0.962131301052886,0.740451088767057,0.0983229609940708,0.706967508034566,-5.57862558982036,"chr19:46228523:G:T"
-0.986584212070353,-0.800499291627253,0.0985115959467307,-0.59288096022476,-5.95166950614265,"chr19:46228910:C:T"
-1.33042576382986,-1.36490276807525,0.107582288616157,0.105113653868147,-8.55460680995544,"chr19:46230152:A:G"
-0.683376225848492,-0.930193343759875,0.100637923904548,0.778026594424054,-5.16529605358799,"chr19:46230655:A:G"
0.60976936958455,0.93481221856685,0.100637923904548,-1.0246128103902,-4.62626187715323,"chr19:46230659:A:G"
0.976455666897707,0.80090743435839,0.0985115959467307,0.559310256982886,-5.95071406065646,"chr19:46230765:C:G"
-1.40115589985848,-1.41894179649543,0.0995021225716119,0.0563844815494293,-9.17072756308044,"chr19:46230998:A:C"
0.0223862232056652,0.115852155970728,0.10633861554537,-0.286620892214837,-0.0752760042122054,"chr19:46231362:C:T"
-0.860940630074476,-0.529518813901471,0.0987121752636523,-1.05486220404701,-4.17426093795515,"chr19:46231615:A:G"
-1.12399598828253,-1.23598487222365,0.108234387962105,0.340402141607576,-7.55829524995042,"chr19:46231636:A:G"
-1.54614759181094,-1.25595211076776,0.103380227022504,-0.902551317482135,-8.36159317556955,"chr19:46231686:C:T"
-1.06277948358993,-0.507379934873653,0.0991528094823498,-1.76381491343405,-3.35738942633999,"chr19:46231749:C:T"
-0.686863268534069,-0.0883894647079224,0.152075671810965,-1.5346709541175,-0.911390539180748,"chr19:46232912:C:G"
-1.67195994503841,-1.37649682881963,0.111135862609309,-0.886290637558297,-8.74660337842425,"chr19:46233125:C:T"
-0.930243124395473,-0.486051762691626,0.0968549015795472,-1.42728041468506,-3.63088307142466,"chr19:46233183:A:C"
0.987184930286552,0.93707885057816,0.121934440468261,0.143491848418691,-6.02595947348348,"chr19:46233319:C:T"
-1.04054573160643,-0.580813224392499,0.106076180700333,-1.41155003174011,-4.05793824080141,"chr19:46233356:C:T"
-0.155614091603929,-0.0604568572910514,0.115865564594872,-0.279553297848675,-0.249594570626658,"chr19:46233398:A:G"
-0.101078617028073,-0.0726486241586214,0.115865564594872,-0.0835217450555306,-0.195582837563811,"chr19:46233431:C:T"
0.931190046042923,0.486030171591456,0.0968549015795472,1.43039245016172,-3.62753982250327,"chr19:46233632:C:T"
-1.34523697139811,-0.406149334812234,0.0998563384217829,-2.97179128246785,-2.21186022039213,"chr19:46233768:C:T"
0.30201103217603,0.463001969969625,0.0998563384217829,-0.509464129706471,-3.12079564624496,"chr19:46234376:C:T"
-0.267132771844435,-0.347169360220194,0.106061994819256,0.245758570757419,-2.37671174004055,"chr19:46234388:A:C"
0.171272088869894,0.470126844040713,0.0998563384217829,-0.945741293506519,-2.01905504624666,"chr19:46234638:C:T"
0.502550388047071,0.452073186083624,0.0998563384217829,0.159737710213827,-3.87961594729612,"chr19:46235053:C:G"
-0.526000127880289,-0.450795246710049,0.0998563384217829,-0.237989727000641,-3.90889272669116,"chr19:46235119:C:G"
-0.566069049177298,-0.448611612582486,0.099856338421783,-0.371700118854204,-3.93540831051617,"chr19:46235331:A:G"
-0.403177209703247,-0.457488721530366,0.0998563384217829,0.171871581626049,-3.62882218997238,"chr19:46235743:A:G"
0.0780302990287055,0.051174533119534,0.125149769791246,0.075914111805099,-0.0986872870286306,"chr19:46235775:A:G"
0.569090077890236,0.44844697572217,0.0998563384217829,0.381781321939651,-3.93625161677221,"chr19:46235879:C:G"
0.569049656993912,0.448449178537866,0.0998563384217829,0.3816464370036,-3.93624137820009,"chr19:46235974:A:T"
0.510673120611351,0.49561852885936,0.0968549015795472,0.0483735745699201,-4.05704486196369,"chr19:46235983:C:T"
-0.621463336801055,-0.445592792683864,0.0998563384217829,-0.556551411698362,-3.92635023626997,"chr19:46235999:C:T"
0.585502622035467,0.447552542072458,0.0998563384217829,0.436550146203874,-3.93809034095818,"chr19:46236598:A:G"
-1.42019123053187,-0.123781498035792,0.12497484107904,-3.66716951886072,-0.580271105396934,"chr19:46236922:C:T"
0.623108185497744,0.493054856611295,0.0968549015795472,0.417888741627492,-4.1882465712576,"chr19:46237176:T:TC"
-0.967812451174386,-0.485195130994575,0.0968549015795472,-1.55075111375014,-3.49428284696321,"chr19:46237316:A:G"
0.905144891865485,0.486624036494976,0.0968549015795472,1.34479567030804,-3.71711696474393,"chr19:46237341:C:T"
-0.557134732906962,-0.494559140970327,0.0968549015795472,-0.201068558528226,-4.13573073458327,"chr19:46237395:A:G"
-0.704738514860187,-0.491193574188427,0.0968549015795472,-0.686164877918308,-4.16211775149712,"chr19:46237553:A:G"
0.60757261809804,0.49340908865661,0.0968549015795472,0.366831468802206,-4.18194938369737,"chr19:46237561:A:T"
-0.536637251399544,-0.495026511399196,0.0968549015795472,-0.133704072981602,-4.10539434583222,"chr19:46237590:A:C"
-1.09691575418533,-1.1707032375819,0.190007272426751,0.169276856955282,-5.71862344340903,"chr19:46237680:A:G"
0.536359490900317,0.495032844715981,0.0968549015795472,0.132791219706,-4.10493628755173,"chr19:46237698:AG:A"
-0.486393422963839,-0.496172138955219,0.0968549015795472,0.0314210743804802,-4.00147606408707,"chr19:46237726:C:T"
0.491810279421915,0.496048627267938,0.0968549015795472,-0.0136187044431652,-4.01476071374137,"chr19:46237739:C:G"
0.566590000659022,0.494343548018444,0.0968549015795472,0.23214307115031,-4.14744449250492,"chr19:46238205:A:G"
0.554365199657517,0.494622290091457,0.0968549015795472,0.191966553363075,-4.13202879104146,"chr19:46238256:G:GTTTA"
-0.555810174765085,-0.449170689980923,0.0998563384217829,-0.337466152148045,-3.93135492297603,"chr19:46238262:G:T"
-0.554274989137829,-0.494624347013873,0.0968549015795472,-0.191670078635327,-4.13190613695746,"chr19:46238311:C:G"
0.601249447668572,0.493553265533873,0.0968549015795472,0.346050519549939,-4.17832841960206,"chr19:46238369:C:T"
0.594278738714889,0.493712207169317,0.0968549015795472,0.32314145033622,-4.17362210728336,"chr19:46238375:C:T"
-0.537883538714481,-0.494998094355055,0.0968549015795472,-0.137799966605574,-4.10743403852584,"chr19:46238515:C:T"
0.499709403425731,0.495868516507894,0.0968549015795472,0.0123415787552027,-4.03321442653765,"chr19:46239002:A:G"
0.581604596006296,0.494001194843779,0.0968549015795472,0.281488181713952,-4.16313184840966,"chr19:46239167:C:T"
0.547968963140589,0.494768132974785,0.0968549015795472,0.170945474151892,-4.12300708664102,"chr19:46239315:T:TA"
0.0901349011420808,-0.513544345206208,0.114075998576233,1.78734794827645,1.04959521018068,"chr19:46239612:C:T"
-0.503840327364882,-0.495774325829277,0.0968549015795472,-0.0259177620483849,-4.04243507521125,"chr19:46239988:A:C"
-0.488392110794111,-0.496126566157009,0.0968549015795472,0.0248524343548128,-4.00643781888452,"chr19:46240080:C:T"
0.347354701536564,0.470472375658253,0.0971223384589783,-0.395057978508727,-3.43431042433076,"chr19:46240733:G:T"
-0.367238762540499,-0.469962836061996,0.0971223384589783,0.32961932654343,-3.53253213004087,"chr19:46240817:G:T"
0.379116254584929,-0.478981459736484,0.131852750199404,2.36315467735101,3.18543426139855,"chr19:46242291:G:T"
-0.311921581702824,-0.503121424569569,0.097478445917417,0.612397251231806,-3.25204798339783,"chr19:46242798:A:G"
0.354140245141025,0.501880783781367,0.0974784459174171,-0.473200701435242,-3.49549788189618,"chr19:46242957:A:T"
0.353912812397101,0.506099783825909,0.0983234697449107,-0.485343118739561,-3.48738971678578,"chr19:46242992:A:G"
0.29301605097215,0.503676983903683,0.097478445917417,-0.67472950989353,-3.12772035608318,"chr19:46243060:T:TTCTC"
0.294289963951911,0.4666178770475,0.0978574288843922,-0.550882185419986,-3.10181111905398,"chr19:46244017:A:G"
-0.514374912240959,-0.982550143008583,0.205010491445601,1.03399964551581,-3.30194580855015,"chr19:46244754:C:G"
0.337443040184845,0.465177074033315,0.0978574288843921,-0.408328531663494,-3.36426179973481,"chr19:46245420:C:CTG"
0.348737002379303,0.809198777015958,0.109731989477629,-1.39003890730653,-2.82731763442264,"chr19:46245544:A:G"
-0.857659918624795,-0.417536793137206,0.0983355617698909,-1.40352090861306,-3.25466715992356,"chr19:46245592:A:G"
0.0117063707075054,0.694265276179243,0.110818089649414,-2.05038212812304,-0.125996074564697,"chr19:46245851:C:T"
-0.315191280659775,-0.465920019959603,0.0978574288843922,0.481835912821797,-3.23579945178039,"chr19:46246369:C:T"
-0.776293354508265,0.50236271395897,0.0978574288843922,-4.08749132247101,4.13918608371719,"chr19:46246632:A:G"
0.889171112011509,-0.506131497726951,0.0978574288843922,4.46037636716792,3.92472655211623,"chr19:46247326:C:T"
-0.052979231850407,0.413377022527268,0.10427268073866,-1.44421727687476,0.591196018033861,"chr19:46247460:C:T"
-0.841783201030417,0.504549301254818,0.0978574288843922,-4.30383318545412,4.03084324663523,"chr19:46248018:C:T"
-0.84514097861179,0.537122951143758,0.097478445917417,-4.42727681344974,4.27876192558406,"chr19:46248876:A:G"
-0.896493752147072,0.50234665117745,0.0971223384589782,-4.4885762010701,3.87859627954254,"chr19:46248942:T:TA"
-0.885326146355822,0.538303835476032,0.097478445917417,-4.55976885008544,4.20470363581496,"chr19:46249163:A:C"
0.144110393407125,0.471607073686416,0.0998563384217829,-1.03638014342249,-1.73132974687492,"chr19:46250033:C:T"
-0.0405150320276692,0.552421275364335,0.128196347820735,-1.65603769491394,0.453007696679111,"chr19:46250263:A:G"
-0.1426383186232,-0.471687297276996,0.0998563384217829,1.0412924717265,-1.71525360612917,"chr19:46250423:A:G"
-1.02036011809778,-0.0169966299886479,0.136560844799427,-2.71515855509842,-0.0825568947056721,"chr19:46251276:C:T"
1.08200227450569,1.10373728746254,0.103899372501911,-0.0674300436940659,-7.27933545648369,"chr19:46252264:A:G"
-1.41396829138003,-1.07147285940204,0.103899372501911,-1.06254742010713,-7.27284336578142,"chr19:46253440:A:G"
1.19064013201495,1.0931785610867,0.103899372501911,0.302361815897312,-7.49627415936895,"chr19:46253726:C:T"
-1.15629637937093,-1.09651649774341,0.103899372501911,-0.18545928811603,-7.45136778713423,"chr19:46253891:C:T"
1.02621100607955,1.10915975022994,0.103899372501911,-0.257337663130578,-7.08282883113319,"chr19:46255545:A:C"
1.13302558528748,1.09877823184708,0.103899372501911,0.106247948573898,-7.40851336427992,"chr19:46255684:A:G"
-0.521203882167971,-0.600340207317377,0.102910850317192,0.246686450314934,-4.20742411282298,"chr19:46256322:A:G"
1.13280898502471,1.0987992836513,0.103899372501911,0.105510664023245,-7.408067241872,"chr19:46256724:C:T"
0.809270367840345,0.734940118693446,0.106438210960837,0.227833092655907,-5.255984817304,"chr19:46256843:C:T"
-0.812118288036637,-0.798313770611292,0.105174899070683,-0.0425662290179173,-5.51279652932683,"chr19:46257026:A:G"
1.31787803264418,1.21248121422332,0.110969322574708,0.316392393371025,-7.94946551787506,"chr19:46257152:C:CA"
-1.2817781803405,-1.20926577568899,0.103227515948756,-0.225691170579799,-8.12521790169303,"chr19:46257652:A:C"
-1.24602888216999,-1.21248668239257,0.103227515948756,-0.104398390426727,-8.06776464587447,"chr19:46257689:C:T"
1.3186428943673,1.2059443732948,0.103227515948756,0.350768413566021,-8.16004430248029,"chr19:46257737:A:G"
-1.28698970904837,-1.20879623226827,0.103227515948756,-0.24337321856885,-8.13164135865703,"chr19:46257769:A:G"
-0.725914713127388,-0.582580922943241,0.102910850317192,-0.446804976652093,-4.56343761845475,"chr19:46258334:A:G"
-0.717904805876538,-0.680373313491586,0.103296538441891,-0.116775826498613,-4.94030193293771,"chr19:46258760:A:T"
1.62786667167901,1.50282676536308,0.102683457809859,0.390210001995187,-9.76903358223831,"chr19:46258900:A:C"
-1.84105017285693,-1.48484436805509,0.102683457809859,-1.1116056617256,-9.50167373343695,"chr19:46258965:G:T"
1.92345333764167,1.47789351847994,0.102683457809859,1.39045128108775,-9.22569318408207,"chr19:46259031:A:G"
1.87065463400421,1.48234718051714,0.102683457809859,1.21178475467742,-9.41146352345336,"chr19:46259160:A:G"
-0.984357449515892,-0.989713572579125,0.108383328722326,0.0162693163648825,-6.52112091113742,"chr19:46259302:A:G"
-1.59150112732265,-1.50589426197197,0.102683457809859,-0.267151952392631,-9.74038628387246,"chr19:46259954:CTT:C"
-1.65808114527134,-1.50027812221954,0.102683457809859,-0.49245332753455,-9.77573805322238,"chr19:46260651:A:C"
-1.2535499870384,-1.08706422893062,0.103899372501911,-0.516500356633589,-7.52225600964293,"chr19:46260955:A:G"
0.0176093297259133,0.239381663800574,0.102588543687676,-0.692401396155649,-0.124632889029258,"chr19:46261116:A:T"
-0.182198139393805,-0.59023268441026,0.107863370900583,1.24239569713723,-2.07353610027392,"chr19:46261219:T:TG"
-1.57609924767434,-1.05224727193255,0.124422987730171,-1.48510880636399,-6.28716100184594,"chr19:46261579:C:T"
-1.36320226837354,-1.0228832991641,0.118157887582888,-0.990044688313104,-6.68882670119953,"chr19:46261708:G:T"
1.58925615298777,1.50608362944279,0.102683457809859,0.259555141511631,-9.73787568734363,"chr19:46261898:A:G"
-1.58953361037196,-1.50606022543218,0.102683457809859,-0.260494034773172,-9.7381906626222,"chr19:46261900:C:G"
-1.61904257871203,-1.85237711380268,0.108820004783434,0.707334191490635,-10.183764416889,"chr19:46262280:A:G"
-1.7580181601551,-1.4179749985902,0.115729337583685,-0.9995679251948,-8.75101234422807,"chr19:46263342:C:T"
0.0572968943491613,1.42009639541287,0.16424139004659,-3.3627196361403,-0.213894116935594,"chr19:46266916:C:T"
-0.146720867822487,0.0220882724246689,0.127220290489483,-0.473279579605655,0.0785073668152251,"chr19:46270749:C:G"
-1.12254505472352,-0.399210272506102,0.145880411190177,-1.89382942336487,-2.20049515039347,"chr19:46271509:A:G"
0.495893073854296,0.626209855755219,0.129671778235217,-0.361890859093796,-3.87023958169316,"chr19:46271930:A:G"
1.94066966825484,1.56356261198449,0.103955635786239,1.16960883278563,-9.86507531159585,"chr19:46273094:C:T"
0.947924589287216,0.856424077542138,0.126135833645246,0.257634655926703,-5.57218791878432,"chr19:46273210:C:T"
0.475378729381925,-0.502464232886228,0.167122584811563,2.39194694440286,3.2796375414521,"chr19:46273771:A:G"
0.305054247281522,0.672032497628922,0.113377849385415,-1.08987381467996,-2.90761105332218,"chr19:46274250:C:G"
-0.234748513656201,-0.16242518713734,0.100698557135552,-0.227911778141329,-1.13098696540314,"chr19:46274529:C:T"
1.01176335298511,0.411718523371523,0.105802106078025,1.84474584798431,-2.6329611690009,"chr19:46274835:G:T"
1.36874234726738,1.10738958626045,0.118075414163902,0.760584295140246,-7.23403439031065,"chr19:46275212:G:T"
0.900993133379363,0.424710219032937,0.105802106078025,1.46425881091626,-3.14440861124437,"chr19:46275231:C:CT"
1.80280431619029,1.4156073259082,0.112066755509525,1.15662765876622,-8.74317855684502,"chr19:46275971:A:G"
1.80535312876268,1.71379591925744,0.114630224478316,0.270422595165455,-10.3918001344463,"chr19:46276155:A:G"
1.91846233186494,1.56573418099833,0.103955635786239,1.09399692730749,-9.93012901301994,"chr19:46276387:A:G"
-0.208203838797056,-0.164107877994308,0.100698557135553,-0.138959161851935,-1.02013733743766,"chr19:46276501:C:T"
1.97674760187025,1.6482194943231,0.103619365458713,1.02059178381307,-10.4859707118196,"chr19:46276547:C:T"
-1.92453607772453,-1.5651402530245,0.103955635786239,-1.11467691745892,-9.91298201312989,"chr19:46277306:C:T"
-1.92645025752383,-1.65295926693135,0.103619365458713,-0.849615760519129,-10.5852161397265,"chr19:46277558:A:G"
0.749694791120502,0.570141438503273,0.102004476348956,0.562191018814753,-4.51915809432222,"chr19:46278282:A:G"
0.774589262186987,0.568220043612469,0.102004476348956,0.646152909713368,-4.50282935773295,"chr19:46278361:A:G"
0.340601344973332,0.126350252229124,0.100247606167431,0.676684206280081,-1.2392685875479,"chr19:46278517:C:T"
-1.67074724947381,-1.67705545191197,0.103619365458713,0.0195967998813829,-10.4536554493247,"chr19:46278659:A:G"
0.279563173120996,0.129928846724246,0.100247606167431,0.472600555232297,-1.0738770393754,"chr19:46279024:C:T"
0.717922217291886,0.511930360079112,0.100268738511105,0.650529922507784,-4.23155485145574,"chr19:46279320:C:T"
-0.512326327962746,-0.141097275124973,0.103584532721258,-1.15343865476249,-1.69938168576471,"chr19:46279349:A:G"
-0.2712442776021,-0.138008470173099,0.0999298267544011,-0.421476525198298,-1.11142411965138,"chr19:46279748:A:G"
-1.05532262275656,-0.846133746767237,0.216475480959782,-0.449608206662257,-4.56813061112078,"chr19:46279977:C:T"
0.303087141624677,0.0785399916482416,0.0999796300190367,0.710152768700582,-0.705439863194226,"chr19:46279999:C:T"
-0.248142087525904,-0.150896885573316,0.0998135042722366,-0.30780348381186,-1.11832169251915,"chr19:46280141:C:T"
-0.136276201465859,-0.214218567371536,0.0998092093983402,0.246710865420351,-0.882197464330557,"chr19:46280217:A:G"
-0.211109345397084,-0.152898305995116,0.0998135042722366,-0.184251360113078,-0.97332488924418,"chr19:46280508:C:T"
-0.830532418021842,-0.54193073133901,0.104987608487218,-0.890696700269796,-4.24540807174605,"chr19:46280530:A:G"
-0.24425194997159,-0.151107126573504,0.0998135042722366,-0.2948248403551,-1.10357204706901,"chr19:46280620:A:G"
0.122418193148981,-0.185066306500872,0.100698557135553,0.968972839597189,0.684068392764877,"chr19:46280635:C:T"
-0.238134984228083,-0.26219555725776,0.0997046667650951,0.0761988159970213,-1.80616928356313,"chr19:46280690:C:T"
0.14483736724474,-0.516436218511453,0.118434946987493,1.92150376773844,1.61120051879247,"chr19:46280960:C:T"
-0.786271193302382,-0.420056299409914,0.104648574744706,-1.13205973590388,-3.4674243266853,"chr19:46281083:A:G"
0.0462450992283764,-0.115016832287918,0.101085796253359,0.507208810726183,0.162279205848789,"chr19:46281135:A:G"
1.69350330031891,1.45866733793191,0.11136657676785,0.703699382009646,-9.223964121154,"chr19:46281157:A:G"
0.0890519280888854,0.0345130371149086,0.101137217454898,0.171494739179286,-0.0939262926865665,"chr19:46281358:C:T"
-0.0704798623920972,-0.0357763687437798,0.101137217454898,-0.109123351897052,-0.0771330485677753,"chr19:46281380:A:C"
0.070678277558123,0.0357628719061735,0.101137217454898,0.10978969829946,-0.0773203181995008,"chr19:46281403:C:T"
-0.0350049906654309,0.291277641462703,0.104705815358146,-1.00834362189693,0.291473892101699,"chr19:46281503:A:G"
-0.604669512796842,-0.991431503201647,0.102760971326463,1.20650655625525,-4.43477602842492,"chr19:46281603:A:G"
-0.00964502741225404,-0.238536778252652,0.104349992445601,0.708571907781348,-0.066924071387685,"chr19:46281624:C:T"
-1.77016802672326,-1.99301182102309,0.108786251893562,0.675637175234862,-11.0731753116854,"chr19:46281665:A:G"
0.644590829263666,1.10605629585107,0.102378692478521,-1.44222964137581,-4.47585107114837,"chr19:46281910:G:GTTTGTTTTGT"
0.389948470146236,0.298627883052743,0.102908755794943,0.284670543911734,-2.84611448743453,"chr19:46281954:C:G"
1.76617101804089,1.99360656829335,0.108786251893562,-0.689558859843369,-11.0483686295171,"chr19:46282012:A:G"
-0.806627485758752,-0.790383099568377,0.0997245315914752,-0.0514401591069283,-5.59923302125719,"chr19:46282033:C:T"
-1.0153673631992,-0.827722360095575,0.100896295601543,-0.590744100373443,-6.06094704493655,"chr19:46282064:A:G"
-1.01539443842079,-0.827720587235867,0.100896295601543,-0.590834919918612,-6.06094365840029,"chr19:46282070:A:G"
0.971379020921624,0.830602674826841,0.100896295601543,0.443192169000623,-6.050185373639,"chr19:46282083:A:C"
0.843997339447584,0.788398571450129,0.0997245315914752,0.176061405978692,-5.68495816873799,"chr19:46282201:A:G"
0.832631800711065,0.789002139004593,0.0997245315914752,0.138159528692575,-5.66132971010544,"chr19:46282219:C:T"
-2.15074520408082,-2.21658895813292,0.100966913338635,0.207216838878979,-13.9634784905042,"chr19:46282276:G:T"
0.791016351468764,0.662307646387029,0.100000371181515,0.407011907373389,-5.04203353294936,"chr19:46282333:A:G"
0.774966122915453,0.643862766042814,0.0995304002159808,0.415562104198409,-4.94761732934319,"chr19:46282441:A:G"
0.78050366813538,0.791770406328021,0.0997245315914752,-0.03567772881372,-5.52561600096031,"chr19:46282451:C:T"
1.82671202510113,1.9845981818849,0.108786251893562,-0.47869296658333,-11.3943169362779,"chr19:46282470:A:G"
-0.791016351468764,-0.662307646387034,0.100000371181515,-0.407011907373373,-5.04203353294939,"chr19:46282560:C:T"
-0.794165916467377,-0.791044871885231,0.0997245315914752,-0.00988323153635373,-5.56551855766156,"chr19:46282602:C:T"
-0.145934746343555,0.186557041997087,0.100698557135553,-1.04777805924545,0.819156278406855,"chr19:46282794:A:G"
-2.14454019059916,-2.21699988378697,0.100966913338635,0.228037856964184,-13.9345516474839,"chr19:46282826:A:G"
-0.834201069856489,-0.521118207885642,0.107855799478165,-0.953317452941046,-4.06616957998893,"chr19:46283149:A:G"
-0.125009565428714,-0.75960758523138,0.105708083328928,1.95184179519366,-1.096896200461,"chr19:46283670:G:T"
0.00648166588485695,0.176895228293647,0.100698557135552,-0.537022561010896,-0.0349090239345548,"chr19:46283693:C:T"
2.08398972963958,2.04517887544811,0.100384836537451,0.122495220332178,-13.1509227349226,"chr19:46283811:C:T"
-2.20064580908169,-2.27211508599105,0.102229376185659,0.223527794372332,-14.2547870412763,"chr19:46283869:A:G"
-1.91415846747781,-2.05538199249206,0.100384836537451,0.445731153644958,-12.4452196440927,"chr19:46283870:A:G"
0.050375813688114,-0.180499475154253,0.100698557135552,0.727554997006877,0.276392090844234,"chr19:46284039:AC:A"
-0.559426836908797,-0.580411294182697,0.108781081918511,0.0636240124560086,-4.22117021575701,"chr19:46284100:A:G"
0.487416363556393,0.591122383845491,0.108781081918511,-0.314432393485972,-4.00950770661138,"chr19:46284226:A:G"
0.491371842248152,0.59053403211061,0.108781081918511,-0.300655686283633,-4.02361461977464,"chr19:46284323:A:G"
-2.27912113414985,-2.10344305468977,0.100350398185967,-0.55457211038452,-13.8684971230505,"chr19:46284365:G:GGTTT"
-0.374548302315499,-0.434001699672325,0.108935633297747,0.180132341924306,-3.33252739841825,"chr19:46284488:C:T"
0.205132901021427,0.150116377367416,0.0964320215838463,0.177166868686372,-0.961692949928713,"chr19:46284763:C:T"
-0.239936425906475,-0.149478230842456,0.0964320215838463,-0.291297852028948,-1.10981547801513,"chr19:46284810:C:G"
-1.14313145713591,-0.976423192710013,0.110854925669492,-0.500702353326175,-6.69070003790871,"chr19:46284839:A:G"
-0.229050630628986,-0.149677829373087,0.0964320215838462,-0.255600131077134,-1.06421391922303,"chr19:46284976:A:G"
0.553478695389051,1.14255876224525,0.107838501121209,-1.79385529146034,-3.46705698893734,"chr19:46285078:C:T"
-0.338883490135894,-0.147663968482502,0.0964320215838462,-0.615774346196214,-1.48291887738747,"chr19:46285135:A:G"
0.336833363380764,0.14770155896418,0.0964320215838462,0.609051378240738,-1.4761466835969,"chr19:46285152:A:C"
0.264906828059221,0.149020381374244,0.0964320215838463,0.373183136969627,-1.21156202596985,"chr19:46285775:C:G"
0.25987877559397,0.149112574168469,0.0964320215838462,0.356694675698748,-1.19141666335684,"chr19:46285967:C:T"
0.552945386897659,1.14263277997714,0.107838501121209,-1.79570470959648,-3.46195165952236,"chr19:46285983:C:T"
0.262953178655528,0.149056202877442,0.0964320215838463,0.366776546594467,-1.20375611967477,"chr19:46286089:C:CA"
-0.753573529039847,-0.776587179629643,0.100541885013175,0.0725791709957881,-5.37817349769697,"chr19:46286231:C:T"
0.903976581199793,0.137302598663482,0.0964320215838463,2.46888061563965,-0.766332163914934,"chr19:46286277:A:G"
-0.250415213041282,-0.149286095085582,0.0964320215838463,-0.325660873702257,-1.15302091975341,"chr19:46286462:A:T"
-2.02253668575568,-2.04887084941965,0.100384836537451,0.0831161603495707,-12.9506312739564,"chr19:46286489:C:T"
0.453642657062721,0.427954387031368,0.102264728210304,0.0803289191782766,-3.67701713067718,"chr19:46286647:C:T"
-0.271929308252817,-0.148891619378248,0.0964320215838463,-0.39621191272281,-1.23938812636734,"chr19:46286779:G:T"
-2.21554311315601,-2.10723957130479,0.100350398185967,-0.341887411059697,-13.7883054267208,"chr19:46286824:A:C"
0.120370578955365,0.151670552740529,0.0964320215838462,-0.100793688462698,-0.578279212834096,"chr19:46286945:C:T"
-0.0525907536084539,0.18063988219155,0.100698557135552,-0.734977378402937,0.288733173948138,"chr19:46286946:A:G"
0.268188471066203,0.148960210196534,0.0964320215838463,0.383944608533275,-1.22461113850175,"chr19:46287045:A:C"
-0.276030965631176,-0.14881641267401,0.0964320215838463,-0.409662452329712,-1.25546732567205,"chr19:46287150:C:T"
0.958170377878206,0.364670483496026,0.191577813352636,1.35596362716557,-2.538132791278,"chr19:46287238:A:G"
-0.277939470931817,-0.148781418918936,0.0964320215838462,-0.41592100192767,-1.26290413544295,"chr19:46287349:A:C"
0.278809014002217,0.148765475249709,0.0964320215838462,0.418772489126489,-1.26628286259437,"chr19:46287453:G:T"
0.781361562878026,0.774871645862039,0.100541885013175,0.0204675392551883,-5.45918062175746,"chr19:46287488:A:C"
-2.01554518460521,-2.04929088459835,0.100384836537451,0.106508528143455,-12.9238756984815,"chr19:46287586:C:T"
-0.453670215583312,-0.427952184281925,0.102264728210304,-0.0804219846378146,-3.67707689579252,"chr19:46287606:A:G"
0.286931295152008,0.148616547648048,0.0964320215838462,0.445407835335597,-1.29754589901025,"chr19:46287664:A:G"
0.232108920992011,0.149621753519452,0.0964320215838463,0.265629163700459,-1.07709631707869,"chr19:46287739:C:T"
-0.331541747777586,-0.147798584369505,0.0964320215838462,-0.591698616005969,-1.45844037379506,"chr19:46288034:A:C"
0.559268599991366,0.98470565663136,0.097012699835773,-1.36590665130034,-4.12495862061956,"chr19:46288082:C:T"
-1.20740729914249,-1.07454972776955,0.101187693592338,-0.417659592880643,-7.5133952592743,"chr19:46288179:A:G"
-0.0539798979865699,0.219808071167094,0.10374258932977,-0.850033063448083,0.347906348228456,"chr19:46288215:A:G"
-0.313436262536782,-0.148130560872669,0.0964320215838463,-0.532325410525992,-1.39551870245054,"chr19:46288236:A:G"
0.367849700673044,0.147132853124031,0.0964320215838462,0.710763060794281,-1.57294203894844,"chr19:46288302:A:C"
2.01116315860747,2.04955414781371,0.100384836537451,-0.121170038113302,-12.9066932458708,"chr19:46288332:C:T"
0.418752053436625,0.496486463537104,0.0974528562120557,-0.24900956011137,-3.78165125567001,"chr19:46288677:C:T"
0.799959242352361,0.790766574344484,0.103648207145869,0.0285535873407533,-5.49009179610945,"chr19:46288682:A:G"
-0.30739132351583,-0.14824139898009,0.0964320215838463,-0.512502279478608,-1.3737548562628,"chr19:46288746:C:T"
-0.237964808753432,-0.149514381796677,0.0964320215838463,-0.284832340124754,-1.1016089668515,"chr19:46289038:C:T"
-0.2453510755601,-0.149378949523353,0.0964320215838463,-0.309054079062382,-1.1322285355025,"chr19:46289055:C:T"
-3.16144663071696,-1.28534090061956,0.161428328349199,-4.66946834006639,-5.8489837805535,"chr19:46289319:C:T"
0.361040665013934,0.147257701467944,0.0964320215838463,0.688434232379466,-1.55278008266929,"chr19:46289395:A:G"
0.370622216585953,0.147082017141151,0.0964320215838463,0.719854955035407,-1.58096389866533,"chr19:46289409:C:T"
0.359229851239809,0.147290903981805,0.0964320215838463,0.682496041998631,-1.54731037287599,"chr19:46289416:A:C"
0.326392666429147,0.1478929963114,0.0964320215838462,0.574813265468947,-1.4409058718259,"chr19:46289614:C:T"
-0.443153534067833,-0.428792781451982,0.102264728210304,-0.0449070231202793,-3.65293069331587,"chr19:46289636:C:T"
0.32373721441351,0.147941685847351,0.0964320215838463,0.566105258140228,-1.43174874664522,"chr19:46289658:G:T"
-0.56985226494171,-0.984446698369991,0.097012699835773,1.33109536504477,-4.22163154195307,"chr19:46289784:A:G"
0.334722872389351,0.147740256265582,0.0964320215838462,0.602130458219508,-1.46912354779617,"chr19:46289991:C:T"
-0.32071536209091,-0.147997093584498,0.0964320215838463,-0.55619571655691,-1.42123566564592,"chr19:46290021:C:T"
0.286702872125264,0.148620735941075,0.0964320215838462,0.444658769120436,-1.29667417001531,"chr19:46290077:TG:T"
-0.303963713855614,-0.148304246556615,0.0964320215838463,-0.501262140374109,-1.36125610962548,"chr19:46290206:C:T"
-0.286732525084141,-0.148620192233716,0.0964320215838462,-0.444756009884602,-1.29678735925856,"chr19:46290230:A:C"
-1.19497509291968,-1.07540203321599,0.101187693592338,-0.375897548925897,-7.50561592105127,"chr19:46290264:A:C"
-0.166510346403763,0.244985084229867,0.0972443541099052,-1.31957117144527,1.24543229475758,"chr19:46290292:A:G"
-0.225285937198263,0.158008402292853,0.0964320215838463,-1.23430295850583,1.10422294140696,"chr19:46290304:C:T"
-1.22821208551972,-1.59787935050792,0.0983616821386694,1.17868571654502,-8.18880280941918,"chr19:46290309:A:G"
-1.97014027493571,-2.05201871928456,0.100384836537451,0.258425594847467,-12.7304286677755,"chr19:46290326:GC:G"
0.345851214577219,0.147536210470815,0.0964320215838462,0.638623561750525,-1.50555770927373,"chr19:46290417:C:G"
0.330240425292019,0.147822445010768,0.0964320215838462,0.587431197248417,-1.45403691195696,"chr19:46290431:A:C"
-0.401880157402205,-0.146508881334502,0.0964320215838463,-0.822358926526965,-1.66325077799241,"chr19:46290679:C:T"
-1.19006497350476,-1.07573865259352,0.101187693592338,-0.359403563936111,-7.50177977235578,"chr19:46290700:C:G"
-0.377494217709821,-0.146956014282212,0.0964320215838463,-0.742390265708355,-1.60036296309218,"chr19:46290713:C:T"
-0.616009924762405,-0.983317325190477,0.097012699835773,1.17927579059266,-4.6304859821014,"chr19:46290753:A:G"
-1.23052860040562,-1.07296461804388,0.101187693592338,-0.495328252999068,-7.52052263298737,"chr19:46291003:A:G"
-0.266626802248171,-0.148988844466554,0.0964320215838463,-0.378823437662062,-1.21841123308837,"chr19:46291014:A:G"
-0.294522690504242,-0.14847735420199,0.0964320215838463,-0.470302251040751,-1.3262617931162,"chr19:46291089:C:G"
0.46522512393482,0.495133360884978,0.0974528562120557,-0.0958061805195271,-3.9344873081979,"chr19:46291277:C:CT"
0.460971553995517,0.427368589124279,0.102264728210304,0.105078693349051,-3.69227050717814,"chr19:46291312:A:C"
1.14739792476777,1.1748377980576,0.101214539088135,-0.0862503072232862,-7.75662427440195,"chr19:46291515:C:G"
-0.465721473307318,-0.495118909254285,0.0974528562120557,0.094169912450538,-3.9358954186559,"chr19:46291810:C:T"
-1.15536502672272,-1.60069949129608,0.0983616821386694,1.41995091854995,-7.56019701250482,"chr19:46291850:A:G"
-0.465871777777775,-0.495114533012832,0.0974528562120557,0.0936744179072515,-3.93632091870346,"chr19:46291852:A:C"
-2.060659616351,-2.2225548563808,0.100966913338635,0.509500412779956,-13.4811038543307,"chr19:46291879:TATCCATCCCTCC:T"
-0.466113236967663,-0.495107502724821,0.0974528562120557,0.0928784222149467,-3.9370035914075,"chr19:46291914:C:T"
-0.466449997697404,-0.495097697652089,0.0974528562120557,0.0917682549426687,-3.93795389943415,"chr19:46291989:A:C"
-0.546337606278507,-0.985022048700205,0.097012699835773,1.40843865942977,-4.0055809629473,"chr19:46292236:A:G"
0.47103533660569,0.494964191641584,0.0974528562120557,-0.0766522014993707,-3.95068436633488,"chr19:46292627:C:T"
-0.431583446041406,-0.496112866716893,0.0974528562120556,0.206709520737015,-3.82810809946752,"chr19:46292776:C:T"
-0.536651228831142,-0.493053729586037,0.0974528562120557,-0.139657509395732,-4.09193597504863,"chr19:46292921:A:G"
0.159490052516881,-0.145246173823629,0.148261045460741,0.791426441847081,0.478799758436036,"chr19:46293136:C:T"
-0.497252587809505,-0.494200854255985,0.0974528562120557,-0.00977573289302416,-4.01614041033002,"chr19:46293161:A:G"
0.515716720315043,0.493663255461785,0.0974528562120556,0.0706446935783402,-4.0549595157048,"chr19:46293245:A:C"
2.03174225889749,2.04831779729587,0.100384836537451,-0.0523158861234442,-12.9846237225717,"chr19:46293417:A:G"
-0.548537196115627,-0.49270765962158,0.0974528562120557,-0.17884085446374,-4.10967749350924,"chr19:46293937:A:G"
-0.512367321382609,-0.493760776037252,0.0974528562120557,-0.0596030466514222,-4.04835461479585,"chr19:46293976:C:T"
0.430130266452453,0.496155177266518,0.0974528562120557,-0.21150008055572,-3.82301433250036,"chr19:46294033:A:G"
0.430086083571775,0.496156463688367,0.0974528562120557,-0.211645734082983,-3.82285879584248,"chr19:46294038:A:G"
-1.99870028852319,-2.05030289171724,0.100384836537451,0.162868671139937,-12.8560862585844,"chr19:46294267:C:T"
-0.508294898072628,-0.423586039557628,0.102264728210304,-0.26489020245546,-3.76109713842686,"chr19:46294591:A:G"
-1.17299628589711,-1.17307561345894,0.101214539088135,0.000249346143351905,-7.82986437098839,"chr19:46295442:AG:A"
0.395382918283788,0.432611081395835,0.102264728210304,-0.116414927985942,-3.507892555963,"chr19:46295978:C:T"
0.804648477370699,0.485250763612968,0.0974528562120557,1.02313871167975,-3.96813902216032,"chr19:46296491:G:GGAGA"
0.435036555292731,0.652126467496872,0.0988918174486008,-0.690334318192963,-3.85897313624402,"chr19:46296578:G:T"
0.383719748447693,0.497506458650041,0.0974528562120557,-0.364497249253996,-3.63714374646493,"chr19:46296940:C:T"
-0.390338147957935,-0.497313758365035,0.0974528562120557,0.342678997057869,-3.66649779124813,"chr19:46296971:C:T"
0.28604972925275,0.335309911026446,0.0988785413257715,-0.156655261029387,-2.579780509675,"chr19:46297176:A:G"
0.968276673420851,1.01261821220922,0.100268191855845,-0.140032605239342,-6.76133418380973,"chr19:46297376:A:G"
0.34790138108912,0.436406275320567,0.102264728210304,-0.276760657176317,-3.301900207319,"chr19:46297763:A:T"
0.921740465105888,1.01535669045186,0.100268191855845,-0.295644316505074,-6.57310649365948,"chr19:46297823:A:C"
-0.297250728176771,-0.46957337683474,0.210065224045112,0.375980464817003,-1.88170590717986,"chr19:46297937:A:G"
-0.269130413822068,-0.266279997261269,0.09934454654567,-0.00904349528908347,-2.04331023001413,"chr19:46298865:A:T"
-0.299191020952781,-0.536488869623732,0.100685466649347,0.747842955953126,-3.13548045549007,"chr19:46298888:GC:G"
-2.04437203885635,-1.98962566307396,0.104165746175424,-0.1696261908072,-12.5437697044051,"chr19:46299220:G:T"
-0.400459036809495,-0.432205347813309,0.102264728210304,0.0992728139232956,-3.526166414835,"chr19:46299439:A:G"
-0.21451697428603,-0.391682243288064,0.123318059296242,0.504504735723256,-1.90331167796994,"chr19:46299554:A:G"
0.10455183590969,-0.18393374201728,0.100698557135553,0.909101726900223,0.581934839125886,"chr19:46300393:G:T"
-0.276317086373754,-0.265927186551578,0.0993445465456701,-0.0329639574047209,-2.08688006630496,"chr19:46300545:C:T"
-0.507036020979316,-0.648936064880925,0.0988918174486008,0.451234555598576,-4.2349364175415,"chr19:46300618:A:G"
1.97432563223736,1.99663064724864,0.104165746175424,-0.0691098666932694,-12.3501425470311,"chr19:46300726:G:T"
-0.199899854024541,-0.340488639520333,0.122267363905313,0.402064199762164,-1.60688374947196,"chr19:46301534:C:T"
-0.811545561393387,-0.645501506011748,0.10141098556747,-0.521411769639518,-4.94182183446937,"chr19:46302152:C:T"
-0.504275854209153,-0.649058371945288,0.0988918174486008,0.460400668335288,-4.22198944951709,"chr19:46302276:A:G"
0.0599918637418733,-0.53826615107146,0.105200354104303,1.84450537321331,0.74916041059748,"chr19:46303543:TC:T"
-0.115020549182887,0.184597363184342,0.100698557135553,-0.944182941485696,0.641716501183532,"chr19:46304710:G:T"
1.36623167437059,2.12074571778865,0.126748905185837,-2.11931357102319,-7.04641584475082,"chr19:46307889:A:G"
-0.0469641166365704,-0.405812290461521,0.117347623677671,1.04754717677763,-0.466975483783532,"chr19:46308131:A:G"
0.839361327283942,0.862193640507787,0.108867300919495,-0.0691992178531528,-5.69347719001859,"chr19:46308509:A:G"
0.98982355250886,0.717474705511924,0.111869744534777,0.814271468788823,-5.13909232889575,"chr19:46308727:A:G"
0.787643474114803,0.79983936341604,0.106377843489874,-0.0373927910533779,-5.42008812553045,"chr19:46308869:A:G"
-0.378132229184129,-0.342843855905703,0.102915509006057,-0.109999630307957,-3.06455363026116,"chr19:46309425:C:T"
-0.900450887077996,-1.13069892550059,0.104619576440289,0.711851591344582,-6.41073518609321,"chr19:46309569:A:G"
-0.339187360005484,-0.27743377681258,0.101539168606796,-0.193796246217799,-2.49056299196279,"chr19:46309709:C:T"
0.340670348730364,0.277326604367023,0.101539168606796,0.198786519652612,-2.4974631528103,"chr19:46310086:A:G"
-2.65918981453035,-2.29256833794185,0.104188277703494,-1.13581728295392,-15.0544770966469,"chr19:46310203:C:T"
0.711079017157446,0.812003457247814,0.106923585231813,-0.308645246297634,-5.15303072187499,"chr19:46310746:C:G"
0.428557817268888,0.397043240796902,0.102363101785576,0.098500799673663,-3.50155154768233,"chr19:46311549:A:C"
0.862897618846187,1.13463441095061,0.104619576440289,-0.840121241473412,-6.15823392622357,"chr19:46311814:C:T"
2.73627279561987,2.28484132098835,0.104188277703494,1.39856419685791,-14.8739516144248,"chr19:46311897:C:T"
0.406752280821627,0.573430469606264,0.102893177123574,-0.519619551561139,-3.71765703783624,"chr19:46312040:C:T"
-0.678302235073393,-0.670293544796573,0.101341344189546,-0.0251575397818403,-4.85097056974744,"chr19:46312053:A:G"
-0.301103862092983,-0.217143649773816,0.109158220336299,-0.254123778952832,-1.72845553639982,"chr19:46312242:C:T"
0.473130638834393,0.33254147902261,0.113364281581367,0.417555025906723,-3.14954453209727,"chr19:46312448:A:C"
2.60183986398785,2.29831725986806,0.104188277703494,0.940332854295376,-15.1401731362713,"chr19:46312483:C:T"
0.823451472336632,1.14560958493323,0.107379497898317,-0.983124202773602,-5.79905464587633,"chr19:46312736:C:T"
-0.708284107423418,-0.872537060134504,0.104118151773454,0.509037714507629,-5.25124174322115,"chr19:46313531:A:G"
1.32395886795561,0.914066317161552,0.11982578529019,1.18411772958929,-5.92704620097517,"chr19:46313909:C:T"
0.147190525369718,1.86157140646025,0.211466473363419,-3.72809141934826,-0.533417328549628,"chr19:46314033:G:T"
-0.765196896781225,-0.254562127050945,0.119623894925302,-1.47639108360435,-2.2484491370979,"chr19:46314251:G:T"
-0.432411145627917,-0.135708388589954,0.10463364029561,-0.917246185547117,-1.51965775030044,"chr19:46314434:C:G"
-1.90696464384165,-1.93771505145498,0.126748905185836,0.0863731520147498,-10.8219592065079,"chr19:46314445:A:G"
-0.482559840030326,-0.390888873802533,0.118203492562029,-0.266634691643599,-3.41015004146027,"chr19:46314756:A:G"
0.832251635797028,1.13784603076616,0.104619576440289,-0.944797870397051,-5.93480877228376,"chr19:46315464:C:G"
-0.603889184432309,-0.757391840927364,0.118536430233104,0.445851234656773,-4.46047566430377,"chr19:46315525:T:TA"
-0.243753879842798,-0.327632976236638,0.101563232971757,0.263199757509905,-2.18207713786119,"chr19:46315651:C:T"
2.73120914301533,2.28534891590708,0.104188277703494,1.38130410810527,-14.8877062409004,"chr19:46315743:A:G"
0.629256136480566,0.673735542247381,0.101341344189546,-0.139722274351151,-4.7144137227541,"chr19:46315764:A:G"
-0.242422752689345,-0.327729512239072,0.101563232971757,0.267679545831314,-2.17236615613318,"chr19:46315845:C:T"
-0.863146129372924,-1.13460836768972,0.104619576440289,0.83927241100358,-6.15998291758589,"chr19:46316410:T:TCA"
1.74524512486748,1.87562866978536,0.101905073601884,-0.408436815223871,-11.228360731113,"chr19:46316735:A:G"
-1.25382102149235,-1.62764152231958,0.109064223109135,1.13193622813514,-8.02559330866386,"chr19:46316839:A:C"
0.233245977252782,0.285089935544569,0.101539168606796,-0.162697676580734,-1.87571996083615,"chr19:46316995:A:T"
-0.907334859396691,-1.0396667200403,0.101672451041351,0.41501402378208,-6.49649471241985,"chr19:46317065:C:T"
-1.29559819516453,-1.62130252519474,0.109064223109135,0.986239465213457,-8.34282486910267,"chr19:46317280:A:C"
-1.18435074611763,-1.63818249091927,0.109064223109135,1.37421193402169,-7.44461635323127,"chr19:46317527:C:G"
-0.811326217014555,-1.14003896057047,0.104619576440289,1.01627223927115,-5.77366646426793,"chr19:46317820:A:C"
0.729854830209437,0.870390723593685,0.104118151773454,-0.435535975419799,-5.36155006502656,"chr19:46318188:C:T"
-0.577240358639143,-0.677385948291281,0.101341344189546,0.314585352731339,-4.52703089693664,"chr19:46318282:A:G"
-0.359815473766309,-0.319215957407905,0.101563232971757,-0.127395064085791,-2.86910764372824,"chr19:46318321:A:G"
-1.03433440500637,-1.03030998312666,0.101672451041351,-0.0126212350493163,-6.98990263544329,"chr19:46318411:A:G"
0.427533208160627,0.687892219841919,0.101341344189546,-0.817860594870374,-3.74840379584566,"chr19:46318465:A:AC"
-0.576624109592996,-0.677429195923752,0.101341344189546,0.316657016555864,-4.52454990347762,"chr19:46318625:C:T"
0.622939641874263,0.674178826401613,0.101341344189546,-0.160956633179688,-4.69398922760283,"chr19:46318648:C:T"
0.880836904523158,1.04161896633624,0.101672451041351,-0.504238435857374,-6.35753861693907,"chr19:46319039:C:T"
0.880378202505035,1.04165276137137,0.101672451041351,-0.505782985920945,-6.35502592832141,"chr19:46319503:A:G"
-0.563913040200975,-0.35893858594772,0.102425647015249,-0.640464969412252,-3.47500433788224,"chr19:46319544:C:T"
0.579770392514797,0.3576441627638,0.102425647015249,0.694057556886369,-3.45730934780126,"chr19:46319745:G:T"
-0.594468029539108,-0.356444406225838,0.102425647015249,-0.743730691612787,-3.43640380442299,"chr19:46319937:C:G"
-0.596132873604119,-0.447933883824458,0.103565141310717,-0.460509339194812,-3.90314281919911,"chr19:46320046:A:G"
0.620415662235663,0.239317285843745,0.105239108114295,1.17475829186091,-2.54352604177956,"chr19:46320231:A:G"
-0.20448823443024,-0.165297818608231,0.113536096105858,-0.116308885155791,-0.899542751664529,"chr19:46320445:A:G"
0.197784555719259,-0.124976656052819,0.110519364894174,0.970872381915911,0.679851157927544,"chr19:46320494:C:T"
-2.70695274490965,-2.2877804461456,0.104188277703494,-1.29862316278355,-14.9502531715683,"chr19:46320546:C:T"
0.0217746478054889,0.331211255629183,0.107061487825033,-0.945703626176315,-0.199230042117759,"chr19:46320759:C:T"
-0.62085314653172,-0.717170140975894,0.121561954247522,0.276251144150137,-4.46077640204317,"chr19:46321168:C:T"
1.23909936860803,0.249148804353322,0.13851815487477,2.65986845273557,-1.06016679593818,"chr19:46321300:C:T"
0.919523950221807,1.29238647998708,0.1216516029369,-1.0690298302023,-5.99560914840062,"chr19:46321810:C:T"
-0.088770669956506,-0.365192277560116,0.109805434296672,0.834180572893286,-0.856350466733414,"chr19:46322518:A:C"
2.57255302577183,2.39365872031243,0.106066739317186,0.549296595558206,-15.6712297731718,"chr19:46322897:A:G"
-2.57185742236042,-2.39374224813256,0.106066739317186,-0.54690426600989,-15.6707358535106,"chr19:46322962:C:G"
-2.56702170127376,-2.39432291986946,0.106066739317186,-0.530273182474036,-15.6670735499452,"chr19:46323392:G:T"
0.169979439433758,0.352234541138403,0.109805434296673,-0.550006442950445,-1.56004349188796,"chr19:46323705:C:T"
-1.20132482740932,-1.2168991115835,0.100096447959514,0.0492264776716819,-8.06679256114676,"chr19:46325410:AC:A"
1.17404261264042,1.21845508568684,0.100096447959514,-0.140376892338202,-7.9818127439174,"chr19:46325462:C:G"
1.19822007116928,1.21707618372914,0.100096447959514,-0.059599529167542,-8.0577939378436,"chr19:46326067:C:G"
-0.609050588807933,-1.25655365471441,0.132035439279866,1.78195434047189,-3.46183388481958,"chr19:46327769:A:C"
-1.13186225065245,-1.18219512079073,0.107970380288736,0.153179053059759,-7.50930462626988,"chr19:46327821:C:G"
1.63376135657436,1.3580426392547,0.108314295511359,0.837767213031956,-8.76374357812325,"chr19:46328578:A:T"
-0.58427407165472,-0.741375119462948,0.172132738417501,0.378658179601519,-3.91964365895388,"chr19:46328680:C:T"
0.628978747274631,0.170360765734577,0.114883413322848,1.35307669312009,-1.88045087368205,"chr19:46328728:GT:G"
1.54375430353601,1.68201535359769,0.106036279618866,-0.424592785041092,-9.86788475644294,"chr19:46330592:A:G"
0.509978371215269,0.0245385168249949,0.105919160810122,1.49158553564656,-0.303878494956823,"chr19:46331063:A:G"
-0.136606104653882,-0.0172677351234403,0.101649868209294,-0.37430591488968,-0.0714827263502345,"chr19:46332105:G:T"
-0.75519664134079,-1.05167976963421,0.103378161369662,0.922116052658937,-5.50112589228406,"chr19:46332144:A:G"
-1.18188395785577,-1.21800787382395,0.100096447959514,0.114178804170622,-8.00760254201371,"chr19:46332255:C:T"
0.394435679291105,1.07390401634726,0.142588605196151,-1.79939625893344,-2.31197109363622,"chr19:46332571:C:G"
0.805358973042054,1.04708049088417,0.103378161369662,-0.751797558121777,-5.85570257205598,"chr19:46332712:A:T"
0.876899497621504,1.04052109056714,0.103378161369662,-0.508892692428257,-6.28916600383839,"chr19:46333012:A:C"
1.20903979387502,1.21645910742217,0.100096447959514,-0.0234506233855572,-8.08840589985906,"chr19:46333402:C:T"
1.6975796487177,2.53837041778043,0.133563697307678,-2.30061378996875,-8.45222825547225,"chr19:46333568:A:C"
1.17207737099008,1.21856716841695,0.100096447959514,-0.146942803238972,-7.97517656266963,"chr19:46334531:C:G"
-0.166939312395814,-0.1335714499238,0.101321369376004,-0.104828135526957,-0.670287502157128,"chr19:46334701:C:T"
1.57655643843261,0.860734951407109,0.218833269384738,1.53019950168592,-4.04725591407145,"chr19:46335106:A:G"
-1.1653039062302,-1.21895347634119,0.100096447959514,0.169573081859007,-7.95177405088403,"chr19:46336001:A:G"
-1.76446962267834,-1.43931606771058,0.105974472432743,-0.998821483575783,-9.1920612498633,"chr19:46336556:C:T"
1.16019953917686,1.21924459137772,0.100096447959514,-0.1866268723032,-7.93359550122288,"chr19:46337047:C:G"
-0.813657104746482,-1.23788533961428,0.129697605835993,1.17796826453531,-5.18212010755175,"chr19:46337314:A:G"
0.420413534704257,0.0351538495132834,0.105919160810122,1.1837671931992,-0.392516092487821,"chr19:46337395:C:T"
-1.15750074833754,-1.21939851028392,0.100096447959514,0.195643585432436,-7.92379560203618,"chr19:46337628:A:G"
0.490311261674907,0.0268694864211068,0.105919160810122,1.42399319365975,-0.32790295902039,"chr19:46338033:A:G"
1.01903905772315,1.06288739107904,0.104010030941904,-0.135961353078516,-6.95674014455712,"chr19:46338037:C:T"
-1.84560151161778,-1.42965282914747,0.105974472432743,-1.27773008712015,-8.92745993209819,"chr19:46338084:A:G"
-1.85635808004309,-1.42837166475979,0.105974472432743,-1.31470814245266,-8.88617137208678,"chr19:46339376:A:G"
1.08353018018314,1.01787463942766,0.169211216488425,0.159608791318433,-5.6307878558017,"chr19:46339745:A:C"
-1.12126564376664,-1.22146509046524,0.100096447959514,0.316705780532766,-7.77960535910456,"chr19:46340450:C:G"
0.411714936773664,0.228602191585685,0.102944642411416,0.570711598618463,-2.38524646569315,"chr19:46341634:C:T"
1.54622705646726,1.21336512262562,0.1014141318031,1.04523728565679,-8.11352722320255,"chr19:46341744:C:T"
1.18483209841116,1.41107970921101,0.13462025411902,-0.616635890515099,-7.26495508417221,"chr19:46342821:A:G"
-2.09073433900127,-2.18576042289383,0.113984475865479,0.281462135691424,-12.6896806787521,"chr19:46344129:C:G"
-1.39592049818834,-1.46733186997914,0.0998089766950198,0.22603858208118,-9.23767163941506,"chr19:46344644:C:T"
-0.75920136536688,-0.0194637870074509,0.123900070167182,-2.10156053885306,-0.187361835669008,"chr19:46345402:C:T"
-1.33041675067011,-1.38177872210833,0.0993537332619107,0.162948208370172,-8.86952387543915,"chr19:46346189:A:G"
0.73581851593273,0.543949736912957,0.0987224038035629,0.610655750430651,-4.42564673142787,"chr19:46346219:A:G"
-1.36775353571016,-1.4477958757742,0.0987126938765208,0.254761193558855,-9.14087517575402,"chr19:46346549:G:T"
1.3792221640664,1.28973281950911,0.104664903715576,0.276611854339658,-8.53127105040528,"chr19:46347058:A:C"
1.44479984822278,0.63648694349358,0.173919964376893,1.93822768893665,-3.01207248662784,"chr19:46348071:A:G"
-0.343630221836108,-0.149680274967229,0.131672789638427,-0.534492538219449,-1.14855044852615,"chr19:46348307:A:G"
1.72198462692093,1.21485469330779,0.133167090253025,1.38969914584642,-6.99253003972577,"chr19:46348612:A:C"
-1.32623141373513,-1.40259385242881,0.098579865881095,0.24321238020627,-8.9173149861631,"chr19:46348669:C:T"
2.05827453855985,2.10316528309729,0.102930532191517,-0.139921579605406,-13.0772817115525,"chr19:46349512:A:G"
1.4020049444636,1.33224127668519,0.097960982605184,0.222896238162028,-8.96233532996055,"chr19:46350376:A:T"
-1.42263596664815,-1.49962870148526,0.0979892097852498,0.245957810684108,-9.46262366213679,"chr19:46350798:C:T"
-1.4632737426064,-1.09601322870483,0.12802160022249,-1.02643774024629,-6.82987198130669,"chr19:46351555:A:G"
0.659118463564539,0.54721121062553,0.0987224038035629,0.356164290361492,-4.42310973590815,"chr19:46351675:A:G"
0.720151566683667,0.544615933891376,0.0987224038035629,0.558672672634507,-4.43237126223222,"chr19:46351721:A:G"
-1.39489655534352,-1.22167167237872,0.0982200545554359,-0.552726377968116,-8.43893926912473,"chr19:46351856:A:G"
2.10521791224138,2.09908304643498,0.102930532191517,0.0191219843454324,-13.2446523669545,"chr19:46352086:A:G"
0.618445981350804,0.369378926268766,0.184767469243457,0.579433406933359,-2.89227715970675,"chr19:46352264:A:G"
1.40240291262807,1.33222755405453,0.097960982605184,0.224211598039788,-8.96291499283213,"chr19:46352536:C:G"
-0.852437513583391,-1.18398171336197,0.0995559262017236,1.05077051051346,-6.13323122108159,"chr19:46352876:A:G"
-1.42536497392422,-1.33143578246474,0.097960982605184,-0.300105543424381,-8.99186919888393,"chr19:46353103:A:G"
1.46214573052027,1.49825455930064,0.0979892097852498,-0.115351773020868,-9.60398455064057,"chr19:46353164:A:G"
-1.37517550601312,-1.33022807401437,0.099277305081396,-0.142652666580585,-8.85895585688385,"chr19:46353528:C:T"
-0.754522370545423,-1.18900716479513,0.0995559262017236,1.37702245845049,-5.28023779863943,"chr19:46353706:A:G"
0.811192486408658,1.14349734792086,0.100463910710136,-1.04841120786091,-5.85663295657253,"chr19:46353758:C:T"
1.45516256297977,1.49849743255928,0.0979892097852498,-0.138435784501047,-9.58086976051324,"chr19:46354000:A:G"
-1.42934122518635,-1.33129867444371,0.097960982605184,-0.313247804140066,-8.99598865254412,"chr19:46354029:A:G"
-0.474339310631354,-0.606106269456535,0.10881583848413,0.399448197834156,-3.96656803280653,"chr19:46354739:A:G"
-1.43488789076145,-1.49920258186022,0.0979892097852498,0.205457055798108,-9.50920831977356,"chr19:46354847:A:G"
-1.36352804697627,-1.33356802666203,0.097960982605184,-0.09572283161076,-8.89369989723062,"chr19:46355304:G:T"
-2.11635231287998,-2.09811478925754,0.102930532191517,-0.0568451946974217,-13.2788257396088,"chr19:46355419:C:T"
2.11744529430444,2.0980197426409,0.102930532191517,0.0605482021177593,-13.2820661039395,"chr19:46355847:A:G"
1.45625071802808,1.49845958673058,0.0979892097852499,-0.134838708606522,-9.5845244632691,"chr19:46356044:C:G"
2.11601308579434,2.09814428874037,0.102930532191517,0.0556958975664761,-13.2778158818966,"chr19:46356078:A:G"
0.937706940445508,1.17960529772151,0.0995559262017237,-0.766653919860536,-6.76528866710579,"chr19:46356801:A:G"
1.44807181801314,1.49874404734064,0.0979892097852498,-0.161875410897453,-9.55657701661065,"chr19:46357305:A:C"
-1.13069152921798,-1.38007874982892,0.107450024810427,0.760800755219274,-7.63895197690238,"chr19:46358173:C:T"
0.724276332377157,0.544440538771496,0.0987224038035629,0.572358682113883,-4.43095774516313,"chr19:46358180:A:G"
-2.07376039113934,-2.0476599300474,0.0989910312547858,-0.0829564684495513,-13.2336270041709,"chr19:46359213:A:T"
0.925749421118424,1.18021901211517,0.0995559262017236,-0.806496214442522,-6.68363220075634,"chr19:46359878:C:T"
1.4132498250338,1.3162822448095,0.0979241185344788,0.309871562961063,-8.91519826682712,"chr19:46361200:A:G"
1.44783411277313,1.31510318205875,0.0979241185344788,0.42415764999606,-8.94049389795257,"chr19:46361216:A:G"
1.34132819814301,1.31873422855076,0.0979241185344788,0.0722017467575383,-8.7983966114904,"chr19:46361651:C:G"
1.38665179242284,1.31718903663737,0.0979241185344788,0.221976589010884,-8.88216741672255,"chr19:46362137:A:G"
0.872606363888392,1.18294655603568,0.0995559262017237,-0.983568170859983,-6.29291507816725,"chr19:46362688:C:T"
-0.945985126285542,-1.17918042349263,0.0995559262017236,0.739071115281998,-6.82043413434483,"chr19:46362727:C:G"
-0.718737990785629,-0.544676042593887,0.0987224038035629,-0.553982415156223,-4.43279681235242,"chr19:46363525:G:T"
2.10968670553631,2.08264650413685,0.103741897375652,0.0839523444272037,-13.1382850206572,"chr19:46363862:A:G"
-1.33595881151478,-1.50264331670032,0.0979892097852499,0.532483435705111,-9.06281230338067,"chr19:46365128:A:G"
0.718516737713644,0.544685450815362,0.0987224038035629,0.553248295483534,-4.43286069696692,"chr19:46365473:C:G"
0.794588228383978,0.541450705082649,0.0987224038035629,0.805654182214813,-4.36811373983655,"chr19:46365703:A:G"
-2.38038609284556,-2.37078008452227,0.112450510993065,-0.0286458848592465,-14.5136824961626,"chr19:46365921:A:G"
0.189020726853944,0.526565605378739,0.116852343997957,-0.987444758088444,-2.07497290601461,"chr19:46366374:C:T"
-1.64264446690827,-1.42428488978801,0.100848046210186,-0.687604167407281,-9.42496567172618,"chr19:46367045:C:T"
-2.01362140572249,-2.26002245430565,0.0983049497204676,0.785877507341565,-13.3869951303951,"chr19:46367875:G:T"
0.610994102183584,0.481323116757482,0.130330448208732,0.359186385429863,-3.80325029007393,"chr19:46367918:G:T"
-0.4967917772198,-0.722248578823941,0.109473425695032,0.681410760513003,-4.04187495702086,"chr19:46367994:A:G"
0.717395509155213,0.544733128194403,0.0987224038035629,0.549528049093913,-4.43317310561923,"chr19:46368010:G:T"
-1.35542897162163,-1.31825349877859,0.0979241185344788,-0.118798693821631,-8.82818841942859,"chr19:46368896:C:T"
0.334332683793175,-0.143459444325132,0.13313671516792,1.30945347181345,1.06473167110766,"chr19:46369178:A:G"
-2.22420701507292,-1.83287588790986,0.129722970140883,-1.08651556428961,-10.3869186208128,"chr19:46370451:C:T"
1.72151889752968,1.21504390200627,0.133167090253025,1.38790440480756,-6.99530521969689,"chr19:46370628:C:G"
0.716906773763634,0.544753910417921,0.0987224038035629,0.547906420691447,-4.43330335523973,"chr19:46370708:A:G"
-1.58238276724702,-0.978948966985284,0.104516313878769,-1.8665412429938,-5.92715197127175,"chr19:46370826:C:T"
0.555462787417139,0.713092689289957,0.109473425695032,-0.476413710078881,-4.34171493164344,"chr19:46371377:A:G"
1.35934820268375,1.29697387625622,0.0981532617001838,0.19909185850896,-8.75329790130329,"chr19:46371769:C:G"
0.195101134645478,0.0522868130232463,0.108302791995815,0.433962232707215,-0.287980251244733,"chr19:46371994:A:C"
-0.760008328438074,-0.542921126955549,0.0987224038035629,-0.690917764773707,-4.40808661989593,"chr19:46372136:C:T"
-1.35461115783093,-1.29714683629843,0.0981532617001838,-0.183419673239356,-8.74565169737099,"chr19:46372357:C:T"
-0.69140381792861,-1.31990558600777,0.150050565308003,1.62251113434763,-3.84347850995869,"chr19:46372686:C:T"
-0.736543863473384,-0.685118606874203,0.175290634801429,-0.122827923688171,-4.16748933156823,"chr19:46373607:C:T"
-1.3608116938242,-1.3813416108012,0.106578957199282,0.062885636319137,-8.71415839354564,"chr19:46373998:A:G"
1.3959219297491,1.06851535667368,0.0999361763681587,1.03568104921049,-7.38829605324085,"chr19:46374148:A:G"
0.115393893425268,0.451808353579316,0.21317990979693,-0.728620720969543,-0.722795643850682,"chr19:46374379:C:T"
-0.602508935695506,0.5905371885161,0.193282275700066,-2.7136961532995,3.64188696559575,"chr19:46374455:C:T"
-0.298095812751171,0.355396046723867,0.174847546761614,-1.56282521761857,1.7522783036838,"chr19:46374679:C:T"
0.0751372248073306,0.102079048991989,0.0996670049730511,-0.0853397357656816,-0.237248916245101,"chr19:46375038:A:G"
2.23962216018729,2.03232967410224,0.105673441817684,0.637676824954796,-12.9744393188455,"chr19:46375192:G:T"
1.40446824866339,1.51516698952195,0.101317748211392,-0.347776247003456,-9.27668800024482,"chr19:46375732:A:G"
-0.921127412576026,-1.18045623466046,0.0995559262017236,0.821896685131274,-6.65144073477043,"chr19:46375925:A:C"
-2.24547065252126,-2.0696751992967,0.103741897375652,-0.545796246848362,-13.3548371574735,"chr19:46378769:A:G"
0.709308377840419,0.238767882731322,0.102641142099463,1.46871072824221,-2.27212537602207,"chr19:46379203:A:G"
-1.28508938725905,-1.29203234246314,0.0987733529357325,0.0220914623452811,-8.54792612249589,"chr19:46379577:C:T"
0.713649320820586,0.544892425279594,0.0987224038035629,0.537098162678733,-4.43407948192294,"chr19:46380837:C:T"
-0.0414426042761806,7.7335956331574e-05,0.0991331325828076,-0.131870394277552,0.000100170485871742,"chr19:46380844:G:T"
0.00871904239207659,0.790096046687713,0.121629222746935,-2.24048303712713,-0.0765677792702415,"chr19:46382447:C:T"
0.709028473002628,0.545088915024028,0.0987224038035629,0.521766148271443,-4.43490563678231,"chr19:46382675:A:G"
0.789482767740188,0.896899177073057,0.100316250760485,-0.33914466110725,-5.77055712470251,"chr19:46382720:C:T"
1.33925406591433,1.23518505931237,0.098923848091922,0.330880297878915,-8.45106025780277,"chr19:46382977:A:G"
0.772696376215703,1.86210913497899,0.148110868763591,-2.83073355231175,-3.59790311328052,"chr19:46383511:A:G"
-0.709020715878791,-0.545089244875872,0.0987224038035629,-0.521740410065214,-4.43490675228198,"chr19:46383750:C:G"
-1.20402733631239,-1.21531796726749,0.0991958106450097,0.0358485461053966,-8.10113214408639,"chr19:46383942:A:G"
1.29670187575489,1.2907120567266,0.106402557506252,0.0183627477244643,-8.31916921505064,"chr19:46384310:C:T"
0.17564035697941,0.0915971155208567,0.128014649674762,0.234894559663253,-0.385278775907072,"chr19:46384590:C:T"
-2.24447611923303,-2.08697303146318,0.102930532191517,-0.490927051011749,-13.5203464421266,"chr19:46385178:A:G"
1.65474597854176,1.49930502862119,0.10114297937749,0.48876215430201,-9.83281834168572,"chr19:46385309:C:T"
-0.921980692061436,-1.18041244046806,0.0995559262017236,0.819053569290208,-6.65740989135617,"chr19:46385637:A:G"
1.34975418423139,1.31557184274347,0.0985113896492768,0.108907699860277,-8.78599027519611,"chr19:46385904:A:G"
-0.991329836604194,-0.300771036827632,0.0998650560842824,-2.18521356968629,-1.75191333983983,"chr19:46385973:TG:T"
-1.28897134631677,-1.31802103281536,0.0985113896492769,0.0925546466540913,-8.63158018832512,"chr19:46386469:AG:A"
0.905081375473976,0.305479255185884,0.0998650560842824,1.89738902768332,-2.06875668150099,"chr19:46386903:C:T"
2.2430434078065,2.0870976212967,0.102930532191517,0.486073042585886,-13.5191749311698,"chr19:46386965:A:G"
-1.62891948364276,-1.42517659545403,0.100848046210186,-0.641576892782711,-9.43635423303302,"chr19:46386990:C:G"
0.577571180021557,0.0768827140144599,0.142626668784111,1.32576703931229,-0.807452328121866,"chr19:46387806:C:T"
-1.35198697912968,-1.55983743134547,0.0998356330444892,0.657821684769055,-9.07417455200379,"chr19:46388003:C:T"
-0.735543946948029,-0.215349559019741,0.10235508086066,-1.62596412692724,-1.96674214119088,"chr19:46388854:C:T"
-1.23422904214463,-1.32383185152928,0.0991850856107764,0.28451059269903,-8.41968320229991,"chr19:46388861:C:G"
0.941566630699173,0.303487561117312,0.0998650560842824,2.0191460044159,-1.9221318950512,"chr19:46388911:C:T"
2.15687885101122,1.58850227887441,0.0997395178673816,1.79971002655187,-9.63392323325991,"chr19:46389981:A:C"
0.718174287248854,0.544700012646224,0.0987224038035629,0.552112041777081,-4.43295812264595,"chr19:46390208:A:G"
-1.59244727879404,-1.42754617733891,0.100848046210187,-0.519265910229135,-9.45179052352015,"chr19:46390553:A:G"
-1.61016812188574,-1.42639486255142,0.100848046210186,-0.57869345893955,-9.44700111344209,"chr19:46390906:A:C"
-1.35824366188503,-1.28888228469393,0.0987733529357325,-0.220697701107147,-8.6991033135285,"chr19:46391529:C:T"
-2.23561661343672,-2.03279402264389,0.105673441817684,-0.623926453720142,-12.9751627177531,"chr19:46391950:G:T"
-2.21398029176189,-2.07268344200879,0.103741897375652,-0.438687627422479,-13.3325182786267,"chr19:46392313:C:T"
-0.813383012672772,-0.331928738965843,0.0999269646927334,-1.52304837725641,-2.66434289487473,"chr19:46392490:A:C"
-0.843085223971208,-0.33028790634527,0.0999269646927334,-1.62219999930263,-2.533089393104,"chr19:46392500:A:T"
-0.60252885364153,-0.067638390749137,0.104509897015898,-1.65457380591708,-0.826395956322225,"chr19:46392960:A:G"
1.69359293139058,1.11864386535119,0.134309837116617,1.56882846863277,-6.31617783015113,"chr19:46393645:GAC:G"
-0.0607622422056123,-0.227148435798118,0.115953348183253,0.488624950860888,-0.362344632696027,"chr19:46394602:C:T"
-0.278144525420858,-2.58855495107374,0.132144470935929,6.35571826113574,-1.40554812989952,"chr19:46394765:A:G"
-0.976116714683307,-0.535188406419958,0.110112144716152,-1.32877170375579,-3.82105277455637,"chr19:46394977:C:T"
0.898682570099624,0.54779466250988,0.110112144716152,1.05742796290787,-4.1114951665085,"chr19:46395100:GCCTCC:G"
0.903768624928392,0.581729436354226,0.110894847203289,0.967059154079613,-4.33693691596728,"chr19:46395484:C:T"
-0.483506089327944,0.127852598811288,0.141024997194098,-1.62797615152579,1.21591859997377,"chr19:46395486:A:G"
-0.129578982781642,-0.345106560359332,0.102207057937189,0.674159104624066,-1.26156765767395,"chr19:46395685:C:T"
-1.13883888884479,-1.17815585494529,0.109465001275206,0.118834448453762,-7.48006590040681,"chr19:46395810:A:AT"
1.37012540907435,1.18038976744483,0.140780917222288,0.505681452860896,-7.10126185560673,"chr19:46396270:C:T"
0.432895453565381,0.501786600289711,0.126120982619259,-0.193985711015522,-3.53363447779462,"chr19:46396631:C:T"
0.874528079512261,0.314487896852083,0.105124676560926,1.72729633796827,-2.28354906322641,"chr19:46396758:A:G"
0.210395050793375,0.2029498280284,0.101848020933095,0.0233292834281971,-1.24931610191036,"chr19:46396996:C:G"
-1.12826183402238,-1.33751376234348,0.113983963600254,0.619794319369953,-7.47040943474588,"chr19:46397217:C:T"
-0.855381819193487,-0.397603290009093,0.104341871202167,-1.41718357100822,-3.07419736172292,"chr19:46397260:C:T"
-0.882347568000402,-0.394856429155074,0.104341871202167,-1.50916740069608,-2.95477617130624,"chr19:46397567:A:G"
1.47945521816069,2.02708931524468,0.11491975626182,-1.61544855606647,-8.52874711669702,"chr19:46398040:C:T"
-0.155263375863979,-0.343069251664733,0.102207057937189,0.587447056640982,-1.4927715263344,"chr19:46398099:A:G"
-1.15046412265156,-1.15790437601902,0.111437307650386,0.0222880677715059,-7.40853677128115,"chr19:46398610:C:G"
0.122622297575811,0.464741515439183,0.104423412056095,-1.05871369420946,-1.43701203365431,"chr19:46398834:C:CAG"
0.201673346176475,0.171833399914729,0.112311610581196,0.0890401143535613,-0.93144399878412,"chr19:46398988:C:T"
2.03155806201721,2.16788434376249,0.110690936743825,-0.409754336283995,-12.5719230897745,"chr19:46400440:C:T"
-1.5664670119477,-1.87624892691758,0.115338043914118,0.912157365363493,-9.57943897060394,"chr19:46400866:C:T"
0.225288157158483,0.167440422211446,0.112311610581196,0.172613210814717,-1.0096633853255,"chr19:46401188:A:G"
0.74385318915994,0.408964132614844,0.104341871202167,1.03674427433661,-3.49484261283872,"chr19:46401463:C:T"
0.7483377249846,0.408507316229234,0.104341871202167,1.05204163479481,-3.4808322920876,"chr19:46401543:A:G"
-0.548880768795391,-0.217354932425366,0.139975425915001,-0.886117840724442,-2.13453312262413,"chr19:46401657:A:G"
2.0425151129686,2.16603356820654,0.110690936743825,-0.37125799953538,-12.625395341119,"chr19:46401957:C:G"
0.142494486587988,0.208078316910358,0.101848020933095,-0.205504094933906,-0.879014332886161,"chr19:46401958:A:G"
1.46709866703324,1.68991798429945,0.116029706759548,-0.654136287565839,-9.1227606274407,"chr19:46401966:C:T"
-2.2863246706221,-2.16486977380759,0.113735804719285,-0.360135909118812,-13.2529250845427,"chr19:46402409:C:T"
-0.500258499441724,-0.205689922231822,0.125677356029015,-0.83091748763733,-2.0997806961662,"chr19:46402802:A:G"
-0.0702025638885083,-0.21353848246506,0.101848020933095,0.449136899656607,-0.447620505951235,"chr19:46403164:A:G"
2.20833973126817,1.58690574339989,0.106979374658268,1.89996226180863,-9.16943904289693,"chr19:46403250:A:G"
0.120341490505565,0.209751519415226,0.101848020933095,-0.280162457404185,-0.750468777666327,"chr19:46403298:A:G"
-2.17234414185607,-1.58163735308654,0.10666673517227,-1.80866219430666,-9.24157971401114,"chr19:46403700:A:G"
2.19618637198523,1.66035524018997,0.107912676529569,1.63114177426553,-9.85429026867087,"chr19:46403740:A:C"
2.18137336343117,1.58049591772959,0.10666673517227,1.83980333409711,-9.20307817674993,"chr19:46403810:A:C"
0.810672144548195,0.95474477228609,0.162652296825149,-0.357232840749683,-4.87573950412789,"chr19:46403880:A:C"
-2.22655792504577,-1.51133033048817,0.106842285836431,-2.18812776231311,-8.47133043989206,"chr19:46403929:C:G"
0.136730527588985,0.183914477093817,0.112311610581196,-0.140793291740904,-0.6814285241255,"chr19:46404213:C:G"
-0.250469131162409,-0.776508358109177,0.113128378956841,1.5639841550155,-2.15498012761293,"chr19:46404293:C:T"
-0.0315639687865317,0.675123580797798,0.117197141903247,-2.06428154378967,0.352938691563665,"chr19:46405021:C:T"
0.0121260863365504,-0.678452535884223,0.11321645031363,2.05238278357143,0.135011770383215,"chr19:46405141:A:G"
0.285559767322271,0.133511550124652,0.105518240663771,0.468077280149777,-1.07128064429427,"chr19:46405354:A:G"
-2.53204405354151,-3.27000169067969,0.157264938282852,1.86086761224048,-12.7237408886881,"chr19:46406111:C:CA"
-2.04004243990187,-2.0549811285647,0.116534193616328,0.0437608539833804,-12.0246000161832,"chr19:46406725:A:G"
-2.05676744390594,-1.63992849223055,0.114542188762789,-1.23164502277265,-9.81016988275733,"chr19:46407218:A:G"
-2.10966022099238,-1.72923160276732,0.113882660540562,-1.12731264252277,-10.4317360109409,"chr19:46407234:C:G"
-1.33197999447639,-1.27059471918831,0.117025333664323,-0.179442067217121,-8.01249781763377,"chr19:46408126:A:C"
1.21008257380654,0.0820019031562188,0.112707839820747,3.36018427229807,-0.375901207065827,"chr19:46409564:C:T"
-1.37882546179573,-1.51530158338062,0.110777204001689,0.41004495450627,-8.83672502191459,"chr19:46411290:C:G"
-1.51194023264421,-0.827775089701536,0.13041294609451,-1.89452609189516,-4.55389278943199,"chr19:46411664:A:G"
-1.38909958492675,-1.51355680274617,0.110777204001689,0.373933942627439,-8.88014660660848,"chr19:46411670:C:T"
0.319862813653065,0.565945896866254,0.0986154398830872,-0.783626837775317,-3.26752424305674,"chr19:46411834:C:T"
-2.49797130293765,-2.24296882599434,0.115408308650544,-0.750629901730642,-13.8202784447188,"chr19:46412751:A:G"
-0.325869753182113,-0.565697252276769,0.0986154398830872,0.763706559074171,-3.30643469879025,"chr19:46412982:C:T"
1.45422714797244,1.5024966558779,0.110777204001689,-0.145026602040583,-9.10899316593537,"chr19:46413718:C:G"
2.56593819016036,1.98681068243385,0.102274309934857,1.81088518119561,-12.3263077944849,"chr19:46413971:C:T"
-1.06786389692484,-0.797824536359563,0.119633461286834,-0.780729764828036,-5.46039143691249,"chr19:46414525:C:T"
-1.55113687711195,-1.44936540880664,0.0995172015059842,-0.322609359485354,-9.58066032623416,"chr19:46414713:C:T"
0.151701741861469,0.485221916737995,0.127246912317469,-0.934971738079736,-1.5546130822612,"chr19:46414757:C:T"
-1.42975148311561,-1.45554582136783,0.0995172015059842,0.0817664821041332,-9.34271472865703,"chr19:46415386:CTAATA:C"
1.47643670030259,1.45316881460263,0.0995172015059843,0.073757781303903,-9.46353751708873,"chr19:46415534:A:G"
1.47398211207572,1.45329379148337,0.0995172015059842,0.0655807169363287,-9.45810069261917,"chr19:46415557:C:T"
-1.47353131496105,-1.45331674409785,0.0995172015059843,-0.0640789591330735,-9.45709116234781,"chr19:46415864:C:T"
1.47281857009625,1.45335303394433,0.0995172015059842,0.0617045646936105,-9.45548803179798,"chr19:46415998:C:T"
1.47320685885565,1.45333326398152,0.0995172015059842,0.0629980860036436,-9.45636244562904,"chr19:46416053:A:G"
-1.47316718689386,-1.35877023215702,0.101387160450429,-0.359271679059585,-9.03422283741105,"chr19:46416175:C:T"
2.53823493487858,1.98902780364705,0.102274309934857,1.71732656813085,-12.4180002513086,"chr19:46416251:C:G"
-1.75907826030219,-1.23405850922254,0.105694671491332,-1.61491286798372,-7.5270179458357,"chr19:46416646:A:G"
1.46152346508781,1.45392813121573,0.0995172015059842,0.0240767460306249,-9.42893967065361,"chr19:46417058:C:T"
0.737747801680246,0.650249103831782,0.100165368598262,0.276466677393319,-4.92250167314045,"chr19:46417278:C:T"
0.722671596674979,0.651119910788281,0.100165368598262,0.226079442842054,-4.90261198528567,"chr19:46417315:A:G"
0.661571815738698,0.654649055839154,0.100165368598262,0.0218736104065606,-4.7847561186752,"chr19:46417354:C:G"
0.640831566985817,1.27528867484214,0.104309364030541,-1.96444836688987,-3.88210016414724,"chr19:46417420:C:T"
-0.712416564602933,-0.651712245083575,0.100165368598262,-0.1918053860642,-4.8870051180137,"chr19:46417485:AAC:A"
1.62665968266352,1.66810559716968,0.109132749847579,-0.125459680617113,-10.0548997727284,"chr19:46417674:A:G"
-2.52448865170792,-1.99012793342278,0.102274309934857,-1.67090302782266,-12.4640498768693,"chr19:46418028:C:T"
0.711750212735239,0.651750733804157,0.100165368598262,0.189578325087019,-4.88593277723238,"chr19:46418478:A:G"
0.724660746658625,0.651005016778631,0.100165368598262,0.23272751951313,-4.90544436655651,"chr19:46418652:A:T"
0.336426298284777,-0.301297588474758,0.145558229710724,1.67153048601701,1.98125491777549,"chr19:46418805:A:G"
0.707624460748229,0.651989038704485,0.100165368598262,0.175789362082251,-4.87913507140354,"chr19:46418854:C:G"
-0.713813247183594,-0.65163157220158,0.100165368598262,-0.196473336172402,-4.88922969736808,"chr19:46419152:A:G"
-0.664664132180517,-0.847891226003397,0.100823242900332,0.577044574764872,-5.06770711533153,"chr19:46419659:A:C"
0.698237304198528,0.677321136077715,0.100272123649366,0.0660529194355744,-4.94167599979146,"chr19:46419785:C:T"
0.709898142835461,0.67663445606892,0.100272123649366,0.10504618290643,-4.96697639324288,"chr19:46420006:A:C"
0.704693106396448,0.676940968711704,0.100272123649366,0.0876408003639701,-4.95595370491215,"chr19:46420060:A:G"
-0.242664007426346,-0.259560778748214,0.100481016357403,0.0533042352321177,-1.80814824126787,"chr19:46420495:C:T"
-0.851580825803132,-1.01077151615959,0.100862754445078,0.501247539860144,-6.19679516409223,"chr19:46421083:C:T"
0.26715523713905,-2.21354618599693,0.102274309934857,7.7569540147785,1.55788591078147,"chr19:46421263:C:T"
-0.688449114671088,-0.694476874555921,0.100604158680878,0.0190041293233799,-4.95887126621722,"chr19:46421301:A:G"
-2.52849180892609,-1.98980755645992,0.102274309934857,-1.68442237179156,-12.4506328751701,"chr19:46421356:C:T"
-2.54243796514951,-1.98869143062955,0.102274309934857,-1.73152091745254,-12.4039549784865,"chr19:46421365:C:T"
-0.159587233992281,-0.486994302650629,0.10098160864191,1.0303076136598,-1.90432574559877,"chr19:46421486:A:G"
0.440164281825372,0.533347772006566,0.109263891714523,-0.281903611952919,-3.77872822968379,"chr19:46421537:A:G"
-2.48234778961634,-1.99350051178354,0.102274309934857,-1.52858615673508,-12.6034733964446,"chr19:46421554:C:G"
0.769373749357802,0.0662888295588501,0.117515025665064,2.05097838366014,-0.60312095792723,"chr19:46421765:A:C"
0.821550754605537,1.012727219972,0.100862754445078,-0.601961915797483,-6.02423843497936,"chr19:46421930:C:T"
0.0332312338064043,0.49538180948007,0.10098160864191,-1.45432796770406,-0.420286690180753,"chr19:46422000:A:G"
-0.0022363872089664,-0.49743924630246,0.10098160864191,1.55833922010566,-0.0283904693932637,"chr19:46422031:G:T"
2.22636349263053,2.01398720944133,0.102274309934857,0.664083572155837,-13.0843054112461,"chr19:46422150:A:G"
0.154089640110998,0.487359232738306,0.10098160864191,-1.04875621681683,-1.84597253848645,"chr19:46422168:A:G"
-2.47102295667158,-1.99440685030233,0.102274309934857,-1.49034026639747,-12.6397448331409,"chr19:46422256:C:G"
0.105911124301997,-0.271780506860785,0.125205434949315,1.06739649228055,0.692689696258053,"chr19:46422396:C:T"
0.0014144154626856,-0.0824460395846575,0.102211746612782,0.262305145402396,0.00352915567466161,"chr19:46422418:C:T"
-0.0930884111654849,-0.792104058121016,0.107422765220122,2.1327440225862,-0.74507961048948,"chr19:46422448:A:G"
-0.340724661004671,-0.565082364705564,0.0986154398830872,0.714444550946031,-3.39938761322171,"chr19:46422681:G:T"
-0.462964442386963,0.0421093988663218,0.102985003881735,-1.57386646322224,0.509648948130253,"chr19:46422851:A:G"
0.524491116846308,-0.098156650631895,0.103205803938791,1.9381633397655,1.21728030886408,"chr19:46422860:C:T"
0.362512877427792,0.602157483687077,0.106650281138454,-0.733815120604414,-3.43390540024004,"chr19:46422921:C:T"
-0.376442189875471,-0.563603912948162,0.0986154398830872,0.595997690247454,-3.60456007526198,"chr19:46422956:C:T"
-0.133951596884105,0.209355577432383,0.104922926932883,-1.05985799603269,0.808621400452714,"chr19:46423127:C:T"
-0.526212089331726,0.228713226799327,0.103161302789646,-2.35042057670557,2.57239030638543,"chr19:46423153:A:AAATT"
1.73352110606778,1.93948838997313,0.108255057350952,-0.625999728372496,-10.8783752743797,"chr19:46423236:A:C"
-1.80164174729885,-1.92973429043731,0.108255057350952,0.389313757460969,-11.2382842526273,"chr19:46423292:C:G"
0.610010414324488,0.67766646384272,0.0982347050513451,-0.215860989085473,-4.70637553020466,"chr19:46423410:C:T"
0.571293066350065,0.679113419300148,0.0982347050513451,-0.344007789356337,-4.55177851501271,"chr19:46423527:A:G"
-0.75334592115607,-0.97359395337033,0.102900397773803,0.686599543193008,-5.55498517239978,"chr19:46423614:A:G"
-0.562562670411114,-0.679439694076449,0.0982347050513451,0.372903681332545,-4.51373411225043,"chr19:46423650:C:G"
0.551073833946153,0.679869058056479,0.0982347050513451,-0.410929468449799,-4.46189402394932,"chr19:46423696:C:T"
-0.523511986069165,-0.680899107072972,0.0982347050513451,0.502153759362523,-4.32934870234428,"chr19:46424078:C:T"
-0.54012405070056,-0.680278276390219,0.0982347050513451,0.447171095523776,-4.41061511375026,"chr19:46424168:A:G"
-0.153040940858253,-0.0131114763773918,0.0988100418807372,-0.445152308977878,-0.0624343209250051,"chr19:46424263:C:T"
-1.20376582774913,-0.0195848163028405,0.116664641514992,-3.46695709698314,-0.086918142285513,"chr19:46424309:A:G"
-0.47257435221144,-0.559624724890026,0.0986154398830872,0.277203159918905,-4.03900652753164,"chr19:46424312:C:T"
-0.547009930872609,-0.680020935368293,0.0982347050513451,0.4243801876424,-4.44307509413952,"chr19:46424321:C:T"
-0.535537483678881,-0.680449686843931,0.0982347050513451,0.462351729498091,-4.38859482579374,"chr19:46424467:A:G"
0.525257112985338,0.680833887706274,0.0982347050513451,-0.496377732798889,-4.33808188888324,"chr19:46424557:CATAAAA:C"
-0.523235857183151,-0.639474093673792,0.0982405020654386,0.370854647404147,-4.31210640493135,"chr19:46424708:A:T"
-0.511057814501182,-0.722765727141995,0.0982583531419644,0.675386460023711,-4.2488392522914,"chr19:46425317:C:T"
0.510836626449797,0.722774048679798,0.0982583531419644,-0.676118637045579,-4.24753088812233,"chr19:46425358:A:G"
1.76410146805003,1.93510963062463,0.108255057350952,-0.519747900207159,-11.0500477497705,"chr19:46425449:A:G"
-0.496869279636246,-0.644889659490542,0.101730474852648,0.464083340483623,-4.15171851502461,"chr19:46425674:A:G"
-0.816859469714052,-0.875486833523026,0.101486037057541,0.184033641426835,-5.82155077388206,"chr19:46426068:C:T"
-0.149586914012952,-0.0132615466414845,0.0988100418807373,-0.433686731259996,-0.0617480596655556,"chr19:46426268:C:T"
-0.501086503819632,-0.640303221368708,0.0982405020654385,0.444166809977214,-4.21317572605558,"chr19:46426334:A:C"
-0.536244802827275,-0.479940293583005,0.0995259742269973,-0.178474000611872,-4.02505130754017,"chr19:46426362:A:G"
-0.101325716407068,0.161965657364644,0.123230440722962,-0.750028264106688,0.408428469958861,"chr19:46426518:AC:A"
0.144564315571044,-0.021216287472179,0.0985498447860772,0.528087323764277,0.0957623353299693,"chr19:46426768:A:C"
0.325372130243859,0.374613170699768,0.0988095516742651,-0.156649046789472,-3.02253345128514,"chr19:46426890:A:G"
-0.309764046019796,-0.0679793240820557,0.103736470306273,-0.750694305533319,-0.602046086979708,"chr19:46427444:A:G"
-0.218410092067198,-0.510493722511757,0.098948691485044,0.92854336345986,-2.5219029610894,"chr19:46427590:C:T"
-0.27130695975536,-0.474755567512451,0.100499224488636,0.641761067411134,-2.91355130842565,"chr19:46427900:C:T"
0.407803361066079,0.466390259940961,0.100499224488636,-0.184807314106294,-3.65624259659573,"chr19:46428485:A:G"
1.79908682472016,1.97724977006574,0.10889837364225,-0.539891744667047,-11.2334365038478,"chr19:46428585:C:T"
0.150934937207199,0.43998585778951,0.0986221865493225,-0.92042211168221,-1.76845798815131,"chr19:46428805:A:G"
0.829175699074493,0.694838080343688,0.0989216633889516,0.427121999048602,-5.25985128262048,"chr19:46428968:C:T"
0.559162189536912,0.616679981383756,0.101870138081974,-0.18020994634956,-4.37336472842216,"chr19:46429077:A:C"
0.467102449657357,0.281059572232546,0.0982006168726672,0.593684813692899,-3.00555500632651,"chr19:46429603:G:T"
-0.627154786649558,-0.706345999085438,0.0989156408675409,0.251793495897945,-4.80550692493738,"chr19:46429605:A:G"
-0.725557839610166,-0.587581896005005,0.0983609406932391,-0.439938567220199,-4.65960258119794,"chr19:46430899:C:T"
0.670850701694606,0.589699354554097,0.0983609406932391,0.258752406079934,-4.6161126692307,"chr19:46431481:A:C"
0.614085550101515,0.591896469228894,0.098360940693239,0.0707502495867612,-4.52210305465226,"chr19:46431507:A:T"
-0.559261446982405,-0.594018454956317,0.0983609406932391,0.110823292012856,-4.38371352084919,"chr19:46431528:A:G"
0.62469507448716,0.591485823946248,0.0983609406932391,0.105888241962194,-4.54347469331883,"chr19:46431545:C:T"
-0.754492550945868,-0.547955315792021,0.0986154398830872,-0.657697060493394,-4.44282953818333,"chr19:46431722:C:T"
1.72219917950311,1.39775421210774,0.10445884384423,1.00384910159674,-9.01923516626872,"chr19:46431823:C:G"
-0.72364854601091,-0.587655795869057,0.0983609406932391,-0.433615122219778,-4.65885825643914,"chr19:46431903:A:G"
-0.456885274256542,-0.692069559915127,0.101941921913277,0.736600300194551,-3.9160469400451,"chr19:46431955:A:G"
1.51865281974691,1.27204430286704,0.104228636802431,0.763861361267394,-8.47597497071612,"chr19:46432156:C:G"
0.737578351892928,0.698925763427074,0.0989216633889516,0.122894621848411,-5.13250336432466,"chr19:46432287:G:T"
0.95750601901531,0.689111127609258,0.0989216633889517,0.853352647120414,-5.21629623892718,"chr19:46432374:A:G"
-0.953120533242605,-0.689306837163709,0.0989216633889516,-0.838786888663074,-5.22193632162439,"chr19:46432383:A:G"
0.912994860282822,0.69109751167137,0.0989216633889516,0.705515253418545,-5.26015078337384,"chr19:46432423:C:T"
-0.0340342516469317,0.180710952713329,0.0981118958283627,-0.68558710454174,0.191924947138374,"chr19:46432597:GA:G"
0.747381026690133,0.698488302854546,0.0989216633889516,0.155452792307076,-5.15251902220972,"chr19:46432627:A:G"
-0.220311560175656,0.187430980099761,0.0981118958283627,-1.30174281851226,1.25315245487526,"chr19:46432874:A:T"
1.71896325575768,1.39808783602906,0.10445884384423,0.992804740985641,-9.02773541255376,"chr19:46432897:A:G"
-0.726510259546492,-0.58754503226449,0.098360940693239,-0.443092914507067,-4.65995306016649,"chr19:46432929:A:T"
-0.173041301480738,-0.0810324756504054,0.103736470306273,-0.285669421359978,-0.41361846052387,"chr19:46432933:A:G"
-1.35653396755206,-0.985572259020767,0.102506887185337,-1.15865078535104,-6.76628042856451,"chr19:46433179:C:G"
-0.249713217970084,-0.913796846150261,0.121944596796553,1.90169774962218,-1.67773203872207,"chr19:46433267:A:G"
0.522476467866978,0.687147415234213,0.0993501804439674,-0.522435468636438,-4.30930531607131,"chr19:46433397:A:G"
0.783878586856501,0.69685953887974,0.0989216633889516,0.276674174205957,-5.21357262288457,"chr19:46433491:C:T"
1.76071626501041,1.9830046677481,0.10889837364225,-0.673606250393529,-11.0104618330381,"chr19:46433785:A:G"
-0.373747652313014,-0.148722244181447,0.0990631657071545,-0.714949648323077,-1.57170816685332,"chr19:46433801:A:C"
-0.339380456100045,-0.131190207341311,0.0993626911703938,-0.660463332202053,-1.29142197946077,"chr19:46433913:A:C"
-0.673933065958103,-0.648383721818377,0.0990389439462452,-0.0811851795899576,-4.81667662011331,"chr19:46434280:A:G"
1.05400275697842,0.7581693008463,0.100123099240818,0.934932259184286,-5.58933512915569,"chr19:46434399:A:C"
0.372764210212466,0.220655751545292,0.09894843589454,0.483558363136472,-2.24344698199764,"chr19:46434474:C:G"
-0.694354582351277,-0.550444600134088,0.0986154398830872,-0.458266869939451,-4.46009639749279,"chr19:46434667:C:T"
0.672415587796211,0.589638785100443,0.0983609406932391,0.263935197872299,-4.61799714088956,"chr19:46435078:C:T"
1.03668224260664,0.759162008545005,0.100123099240818,0.877056377574547,-5.61685984614061,"chr19:46435079:A:G"
1.02904236118221,0.759599880593393,0.100123099240818,0.851527986018654,-5.62755189097992,"chr19:46435112:A:C"
0.568858058020352,0.622916612042697,0.0987893846816668,-0.171992411059536,-4.46030597676609,"chr19:46435226:C:T"
-0.698152799985914,-0.588642617469354,0.0983609406932391,-0.349175019452851,-4.64356906025621,"chr19:46435414:A:G"
-0.436503185303349,-0.297561127426124,0.105111531466441,-0.42855695248166,-2.95795732556591,"chr19:46435639:A:T"
0.683011022291366,0.550914142872242,0.0986154398830872,0.420649231745514,-4.45722205077025,"chr19:46435760:A:G"
-0.162755527257837,-0.31949092666239,0.105772149690322,0.481927189858869,-1.42775132907562,"chr19:46436181:G:T"
-0.8704363428043,-0.576555142651597,0.128146753802756,-0.820952444108503,-4.17113522368831,"chr19:46436230:A:G"
0.210869934891358,0.135030386762856,0.104402252167465,0.234714977269571,-0.824611802290112,"chr19:46436323:C:T"
0.25789673185422,0.0791021845774446,0.102984111479764,0.557146179430041,-0.596191351848245,"chr19:46436904:A:G"
-0.346749473882716,-0.149967425493512,0.0990631657071544,-0.625214981100708,-1.49691751324757,"chr19:46437051:A:G"
0.338344409679207,0.322773153980086,0.099183602737836,0.0494428727817681,-2.8246070563579,"chr19:46437255:C:T"
-0.201293562778012,-0.163657390044833,0.103127357703524,-0.117197543228817,-0.962866868267863,"chr19:46437337:A:G"
0.321003715603196,0.323594977504339,0.099183602737836,-0.00822794481049288,-2.73164189336431,"chr19:46437379:C:T"
-0.744097141468494,-0.924476348861757,0.0994916257944943,0.571864596097562,-5.57396202703528,"chr19:46437397:A:G"
-0.308788965086147,-0.324173868364983,0.099183602737836,0.0488511543496283,-2.6611049457894,"chr19:46437778:C:G"
0.240209328653316,0.587196927992655,0.10574776454476,-1.06703424207345,-2.60772762737887,"chr19:46438214:A:C"
1.3086055737932,0.85693164003132,0.133168744772327,1.23772417884587,-5.31345651946361,"chr19:46438454:A:T"
1.88145019262486,1.9648967379846,0.10889837364225,-0.252870207513249,-11.6237986499274,"chr19:46438508:A:G"
-1.20010371151992,-1.86171147331355,0.116267374290005,1.94031240035718,-6.67656204534838,"chr19:46441334:A:G"
-1.84036596855239,-1.3559377701531,0.100956390890392,-1.52462314032299,-8.45404480456535,"chr19:46441531:C:T"
-2.70088635991437,-2.44538950093025,0.138810018173753,-0.685764753645575,-13.7177558482011,"chr19:46441563:C:T"
-1.79414773054496,-1.35899342710432,0.100956390890392,-1.36954521398416,-8.63493584308289,"chr19:46441918:A:G"
1.79423009104564,1.35898798195006,0.100956390890392,1.36982156150858,-8.63462840179114,"chr19:46441924:A:G"
0.460737168147774,0.678911818199602,0.0991502786866859,-0.692878871768505,-3.97949531326071,"chr19:46442733:C:T"
-0.388621414484402,-0.793523758058042,0.10007251034758,1.27994967174505,-3.21783689198145,"chr19:46443129:G:T"
-0.475905468219242,-0.678198288270346,0.099150278686686,0.64244136929099,-4.06630751196177,"chr19:46443174:C:T"
-0.490339818367113,-0.677519283979064,0.099150278686686,0.59444439086132,-4.1457129035381,"chr19:46443383:C:G"
-0.105565836669861,-0.384305650753879,0.132174359126941,0.7666998872267,-0.895569377078167,"chr19:46443572:C:T"
0.688497047541097,0.660640119681856,0.0974079322908832,0.0892557199115589,-4.92028013619865,"chr19:46443845:A:G"
0.369114611129528,-0.992349732816662,0.174184079935856,3.26213584538049,2.45230736137224,"chr19:46443914:A:T"
-0.698485028765819,-0.660354049510054,0.0974079322908831,-0.122174563598796,-4.9421196984142,"chr19:46444313:C:G"
0.897055668601393,0.979449085424652,0.0999365898866084,-0.260633508470495,-6.40913131635829,"chr19:46444609:A:G"
0.540570113317257,0.67515640754375,0.0991502786866859,-0.427419041016015,-4.39737451068641,"chr19:46444663:C:T"
-0.475486016942948,0.0522493955860452,0.126159109168677,-1.48578828821725,0.546625760278747,"chr19:46444894:C:T"
1.50487537332747,1.61406527124035,0.102632876279264,-0.340831095029477,-9.76676205155228,"chr19:46444941:A:G"
-1.43833876368992,-1.58008022561404,0.103450984345965,0.440686345312125,-9.40167785851535,"chr19:46444986:A:G"
-1.40550333046892,-1.30155843390036,0.105204804275341,-0.320468527654003,-8.59255035637906,"chr19:46445079:A:G"
1.52899724031186,1.51330014033832,0.0994581159321706,0.0497736294494891,-9.77692123482106,"chr19:46445193:A:G"
-1.5348191217421,-0.777159261218206,0.115109436828617,-2.23315472889963,-4.26289528095526,"chr19:46445819:A:T"
0.684031492496085,0.680648486461948,0.09586886967595,0.0109260697578875,-5.00092393138038,"chr19:46445826:G:T"
1.54517785769393,1.56202115125536,0.101021029847243,-0.0529933192172105,-9.88997011733364,"chr19:46445925:C:T"
0.426370102025869,0.300654143620728,0.0986134789606186,0.400333810548175,-3.05213734306479,"chr19:46446091:C:G"
0.847405924300806,0.681497753593606,0.0996556337605059,0.525553396499886,-5.185513842426,"chr19:46446114:A:T"
-0.681508632461498,-0.680679741477053,0.09586886967595,-0.0026770631285734,-4.99388968395576,"chr19:46446288:C:T"
1.50413899697074,1.78131447300546,0.100655252744829,-0.873648187475516,-9.82999373743445,"chr19:46446405:C:T"
-0.678879915604597,-0.680712307923065,0.09586886967595,0.0059180640215747,-4.98645737859299,"chr19:46446473:A:G"
0.679012476930178,0.680710665657488,0.09586886967595,-0.00548462766823823,-4.98683468992566,"chr19:46446586:A:C"
0.679026468003744,0.680710492325945,0.09586886967595,-0.00543888099302315,-4.98687449735666,"chr19:46446620:TA:T"
0.607171680659559,0.681600681410657,0.09586886967595,-0.24038279743238,-4.7433791296613,"chr19:46446672:A:G"
-0.645640303892179,-0.681124104278192,0.09586886967595,0.114601769662963,-4.88343473442519,"chr19:46446722:A:G"
-1.88609393494482,-1.60315665627032,0.108906499466738,-0.857360108470183,-10.0527405163725,"chr19:46446827:A:G"
0.708483857644057,0.680345552873878,0.09586886967595,0.0908780763869199,-5.06408360325122,"chr19:46446883:A:G"
0.721342678576644,0.680186248498208,0.09586886967595,0.132922620144658,-5.09364223771407,"chr19:46447138:C:T"
-0.681176193695073,-0.680683859968986,0.09586886967595,-0.00159008662151612,-4.99295556307092,"chr19:46447180:C:G"
0.681240786114162,0.680683059751379,0.09586886967595,0.00180128474028237,-4.99313719300994,"chr19:46447649:A:G"
0.67907433002172,0.680709899376646,0.09586886967595,-0.00528238634086518,-4.98701065197863,"chr19:46447665:A:G"
0.702872226857611,0.680415073815462,0.09586886967595,0.0725297023493798,-5.05039398553882,"chr19:46447745:A:G"
0.427969288167941,0.79128959527085,0.10007251034758,-1.1485033741972,-3.53965695659939,"chr19:46447749:C:G"
0.679112617206129,0.680709425047312,0.09586886967595,-0.00515719856442967,-4.98711954370678,"chr19:46447790:A:G"
0.501352891929841,0.6829116411138,0.09586886967595,-0.586378959635833,-4.24467314249824,"chr19:46447993:C:T"
0.501352891929841,0.682911641113798,0.09586886967595,-0.586378959635828,-4.24467314249824,"chr19:46447994:A:G"
0.979744350108544,-0.332407830411723,0.162904303119387,3.25100717733712,2.22202839275411,"chr19:46448098:C:T"
-0.704187739639082,-0.732698276622016,0.0999612465242153,0.0901757089844953,-5.11745455648781,"chr19:46448113:A:AGGAGCTGG"
0.716976513890441,0.680240339704792,0.09586886967595,0.118646552131482,-5.08388848537168,"chr19:46448548:A:G"
-1.62456642132763,-1.6778029322325,0.112348143866086,0.158827841364661,-9.9399907022889,"chr19:46448839:C:T"
0.672938141136245,0.680785918923422,0.09586886967595,-0.0253459103181836,-4.96927111743677,"chr19:46448880:C:G"
-0.647186600465841,-0.681104947637675,0.09586886967595,0.109545836907231,-4.88859830063726,"chr19:46448927:A:G"
-1.48850918856895,-1.60237142678215,0.0995329423379002,0.360907822480625,-9.80998284838868,"chr19:46448964:A:G"
-1.4208249610087,-0.364109887549563,0.158613079077227,-2.65331250876746,-1.4829031415776,"chr19:46448998:C:T"
0.632046272745143,0.836260196374841,0.100003122996556,-0.645771044964503,-4.89240450596335,"chr19:46449078:C:G"
0.527900927126508,-0.0696646638377959,0.126159109168677,1.68238843825476,0.769533612702494,"chr19:46449141:A:C"
-0.477521993965008,-0.68320687551683,0.09586886967595,0.664298952263507,-4.10988855749599,"chr19:46449161:A:G"
0.665514421982225,0.680877889326557,0.09586886967595,-0.049619277717323,-4.94704538979395,"chr19:46449281:C:T"
-0.418962187888742,-0.901319180254257,0.100687682552297,1.52012886592669,-3.10566177567026,"chr19:46449377:A:G"
-0.678865184969734,-0.680712490416841,0.09586886967595,0.0059662288436833,-4.98641543407917,"chr19:46449481:A:C"
1.3331902919633,1.21278864089972,0.101618126986963,0.377699882338134,-8.25603072559438,"chr19:46449488:A:T"
-0.678882125172244,-0.69476882885429,0.0989871924329106,0.0504945250854944,-4.96244017141923,"chr19:46449538:C:G"
0.678815098418864,0.68071311092527,0.09586886967595,-0.00612999706092052,-4.98627279125856,"chr19:46449565:C:T"
-0.674153383987936,-0.680770863615879,0.09586886967595,0.0213724253834358,-4.97282975245553,"chr19:46449681:A:G"
-0.674143741945428,-0.680770983068472,0.09586886967595,0.0214039520125198,-4.9728016055891,"chr19:46449688:A:G"
-0.674035444913166,-0.680772324730454,0.09586886967595,0.0217580512985945,-4.97248537000134,"chr19:46449942:C:T"
0.206173759143873,0.420965123721613,0.138951834408296,-0.576215152818192,-1.75421333637467,"chr19:46450085:A:G"
-0.598527891573011,-0.681707766922699,0.09586886967595,0.268645432893837,-4.70885285400433,"chr19:46450125:A:G"
0.645987943602783,0.477643023791752,0.0990659241360922,0.534857225923179,-4.0899372326328,"chr19:46450161:CTG:C"
0.643912489987163,0.681145509686757,0.09586886967595,-0.120251210441131,-4.87762229325111,"chr19:46450176:A:T"
-1.3133818288703,-1.21423667298391,0.101618126986963,-0.311018274100832,-8.24200397766757,"chr19:46450231:C:T"
1.3183833157299,1.31122679564003,0.105204804275341,0.0220639928658375,-8.46899426445109,"chr19:46450394:C:T"
1.10149992959827,-0.716809045642268,0.17142718278992,4.39165118728244,4.32911046197085,"chr19:46450508:C:T"
-1.51300593986236,-1.60112008752657,0.0995329423379002,0.279294397003529,-9.91543813291604,"chr19:46450772:C:G"
-0.749531379256885,-0.829354191840541,0.0999188526651134,0.252524376199718,-5.4925120537475,"chr19:46451005:C:T"
-0.432620423941348,-0.77762757011515,0.100775269629441,1.08680369515207,-3.6066397231306,"chr19:46451039:A:G"
0.614403035618994,0.921045682907086,0.0982305054972388,-0.978384054655395,-4.72322857187026,"chr19:46451149:C:T"
0.687051783944164,0.680611068906639,0.0958688696759501,0.0208015300831781,-5.0092178490933,"chr19:46451212:A:G"
-0.688406262763484,-0.680594288643201,0.09586886967595,-0.0252302754780074,-5.01289227815684,"chr19:46451332:C:T"
0.668933172102362,0.680835535376974,0.09586886967595,-0.0384409753071343,-4.95738457884466,"chr19:46451444:C:CCTAT"
0.693777541909785,0.680527745351613,0.09586886967595,0.0427927706931659,-5.0271886659764,"chr19:46451807:C:T"
-0.681540180028064,-0.680679350642993,0.0958688696759501,-0.00278021434665605,-4.99397824231738,"chr19:46451847:A:G"
-0.681672957257688,-0.680677705702615,0.09586886967595,-0.00321435664248111,-4.99435080047195,"chr19:46451863:C:G"
0.695787543197288,0.680502844001645,0.09586886967595,0.0493648808056444,-5.03242565649348,"chr19:46451987:C:G"
-0.637962307790441,-0.681219224848101,0.09586886967595,0.139706547524319,-4.85726073902236,"chr19:46452014:A:C"
0.857531670313637,-0.122923013377309,0.135665494496086,2.66190666984897,0.958876980166563,"chr19:46452043:A:C"
0.668026610204135,0.40251298534514,0.148622064068495,0.688723921453621,-3.33542038969444,"chr19:46452279:A:AGAAAAGTACTCTCCCTGCTTC"
-0.699739484883526,-0.680453884489235,0.09586886967595,-0.0622865620411311,-5.04254293777169,"chr19:46452338:C:T"
0.701477982176037,0.680432346727171,0.09586886967595,0.0679709343386001,-5.04691829416396,"chr19:46452492:C:G"
1.40054000210533,1.30210925169115,0.105204804275341,0.303468074936283,-8.5892414014707,"chr19:46452514:C:T"
0.708694134441092,0.680342947812808,0.09586886967595,0.0915656193615331,-5.06458724600737,"chr19:46452557:C:T"
-0.457442060184411,-0.414408783282691,0.143356490789991,-0.11365688191125,-3.14774595740789,"chr19:46452716:C:T"
0.805793407726938,0.679140011774613,0.09586886967595,0.40905154329754,-5.22505658965821,"chr19:46453314:A:T"
1.40514499633194,1.22771406548095,0.101710348213602,0.55634829367542,-8.3567848824747,"chr19:46453395:C:T"
0.668799359566843,0.867783469444282,0.100608588576973,-0.627336950493197,-5.09679917816192,"chr19:46453396:A:G"
0.711677852480338,0.680305983355345,0.09586886967595,0.10132149544997,-5.07166103205604,"chr19:46453398:C:T"
-1.61661695199621,-1.93578528097213,0.0999147536267322,1.00972934713767,-10.4798326386493,"chr19:46454016:C:T"
0.74108750304033,0.247397191017453,0.100862051248071,1.55449992981157,-2.21875194287447,"chr19:46454103:A:T"
1.56126071046304,1.28427286871863,0.105204804275341,0.853970601272827,-8.47452497065617,"chr19:46454346:AATAAT:A"
-0.77978653832842,-0.679462203685849,0.09586886967595,-0.324016767235285,-5.19618312787514,"chr19:46454445:C:T"
0.723354148284473,0.680161328956398,0.09586886967595,0.139499531557539,-5.09803788025857,"chr19:46454479:G:T"
0.726693300496405,0.616511696983885,0.0982962990158018,0.351431353647971,-4.79739147223872,"chr19:46454783:C:T"
-0.568693653318035,-0.371057707532465,0.101038465414697,-0.621759694671205,-3.55159877006335,"chr19:46454846:G:T"
-0.151711632055771,0.361182201312774,0.102928830139712,-1.59867049280102,1.51142591429221,"chr19:46454931:C:CCCTT"
-0.728673523917245,-0.680095428683064,0.09586886967595,-0.156892317624681,-5.10936471031414,"chr19:46454957:C:G"
1.59948399734516,1.53745352873457,0.0998835249684695,0.196271902320346,-9.99465017041607,"chr19:46454981:A:T"
-0.956515669829318,-0.55921750013576,0.0988279327776911,-1.26379522093705,-4.18533233077784,"chr19:46455148:C:T"
0.790330276412337,0.764038901483911,0.0995910600216003,0.0833111483979367,-5.47062073045327,"chr19:46455750:A:C"
0.737813537712049,0.679982195580377,0.09586886967595,0.186777461212593,-5.12781837195388,"chr19:46455812:C:T"
-0.465646302873971,-0.586701133287957,0.103734912726774,0.375854410334407,-3.97475963665968,"chr19:46455851:A:G"
0.787284752202687,0.66576652717612,0.0993987690914402,0.385434791690426,-5.06706988813959,"chr19:46456032:A:G"
1.36871935129157,1.42420233271217,0.100306997602394,-0.175183893556316,-9.04659872133209,"chr19:46456109:A:G"
0.782555284409235,0.679427902456522,0.09586886967595,0.333069748559065,-5.1997473673157,"chr19:46456198:A:G"
0.846908439739593,1.03203281523386,0.156178814811966,-0.468438460554471,-5.14642363474537,"chr19:46456226:C:CT"
0.843457538463319,0.678673401277166,0.09586886967595,0.532202118388698,-5.24865031897266,"chr19:46456295:C:T"
-0.847965024187159,-0.678617559283334,0.09586886967595,-0.546940264424584,-5.2500360833486,"chr19:46456396:C:T"
0.749251828971684,0.679840489753898,0.09586886967595,0.224177292806834,-5.14911528567401,"chr19:46456526:C:T"
1.16204986504074,1.24661734153034,0.111699899727423,-0.253032892293119,-7.62894836721832,"chr19:46456654:A:G"
0.783367532571374,0.679417839738715,0.09586886967595,0.335725559972432,-5.20077080237726,"chr19:46456660:C:T"
0.65886200096689,0.940323684840111,0.104593623972465,-0.870295376230671,-4.91568038106049,"chr19:46456832:A:G"
-0.031149265092912,-1.15515287226429,0.13076699117243,3.10826930316243,-0.128103649393145,"chr19:46456936:A:G"
0.747867217226929,0.666472899455183,0.0997023951627945,0.257775294437459,-5.01341247853224,"chr19:46457065:C:G"
-0.705554658527698,-0.935443211679459,0.104593623972465,0.710828351849322,-5.2293964246294,"chr19:46457709:A:G"
-1.2891856983597,-1.2459325876848,0.112418352188562,-0.129002681824987,-7.98322359437319,"chr19:46458040:C:T"
0.718920229860847,-0.0386463045824002,0.13332537846678,2.0747432906986,0.405464210875215,"chr19:46458060:A:G"
0.772823834319062,0.679548462699889,0.09586886967595,0.301250783096542,-5.18670310352622,"chr19:46458220:A:G"
-0.803111684886308,-0.679173234897096,0.09586886967595,-0.400283102247615,-5.2225555907723,"chr19:46458417:A:T"
-0.775811456421178,-0.679511449876055,0.09586886967595,-0.311019424316689,-5.19086148560648,"chr19:46458485:C:T"
1.394630063499,1.44358969436801,0.10146651829017,-0.153701022136316,-9.1294683489581,"chr19:46458667:C:T"
-0.742540655651613,-0.440970725009961,0.102513780464492,-0.941882897900715,-3.73245243766313,"chr19:46458732:A:T"
-1.9927954708885,-1.67075701374276,0.10647518654251,-0.986923596034476,-10.5026119902277,"chr19:46459030:C:G"
-1.47223407833664,-1.43804095464155,0.10146651829017,-0.107343906983901,-9.33057108888783,"chr19:46459507:C:T"
-0.786294084288626,-0.679381583498993,0.09586886967595,-0.345294519084677,-5.20437483838392,"chr19:46459673:G:T"
-0.78611411771368,-0.679383813055114,0.0958688696759499,-0.34470608157745,-5.20415697875531,"chr19:46459979:G:T"
0.834020058930065,0.678790319600612,0.09586886967595,0.501344349758216,-5.24475577024865,"chr19:46460180:C:G"
-0.743101339442689,-0.440924435004262,0.102513780464492,-0.943778638094173,-3.73104092625642,"chr19:46460252:A:G"
-1.03612279792303,-0.607021232563603,0.0993468568300528,-1.36139149521996,-4.37893893144586,"chr19:46460570:A:G"
-0.991919110795336,-0.703889997211138,0.100072206761609,-0.910499369629063,-5.26265461193,"chr19:46462235:CA:C"
1.57256523568149,1.37035273816204,0.100446499272158,0.63802925197139,-9.15360216697761,"chr19:46462327:A:G"
1.93722627725589,1.38030018565187,0.101547744822612,1.74768204004887,-8.32014037045426,"chr19:46462336:C:T"
0.977865509013036,0.359749893040422,0.137850881542476,1.6648110194127,-2.36153574290617,"chr19:46462773:C:CA"
-0.972956536857047,-0.610123754397959,0.0993468568300528,-1.15114346836058,-4.57032798973706,"chr19:46462927:A:G"
1.50045966988204,1.28737672981874,0.100423374744608,0.672405526929624,-8.70491493941245,"chr19:46463144:A:G"
-1.20950758626302,-0.869831014035431,0.122099459126938,-0.972095033272755,-5.75757057470404,"chr19:46463189:C:T"
0.374884625610149,0.0996473465630542,0.130313986244101,0.762450653335699,-0.839377371774192,"chr19:46463438:C:T"
0.966172204539301,0.708338580537813,0.099464979935673,0.817531420831957,-5.33342534135011,"chr19:46463510:A:G"
-1.09253512431126,-1.14577592289781,0.102548456243812,0.166257022176013,-7.45715345256011,"chr19:46463526:C:T"
1.35357582913306,0.729206608840919,0.108500260551425,1.89551006497753,-4.40050875921804,"chr19:46463670:C:T"
2.07799179137041,1.66015919478515,0.10647518654251,1.28049566631641,-10.2477087921428,"chr19:46463751:A:G"
0.617370506364077,0.908262217052882,0.101656028002088,-0.912356934684868,-4.70943405646706,"chr19:46463912:A:C"
0.687931081381493,0.474290446335453,0.102976474567027,0.665755634152592,-4.00946338807751,"chr19:46463970:A:C"
0.743147763654641,0.425813735043706,0.102472023348282,0.991320276638564,-3.62663569757209,"chr19:46464150:A:T"
-1.30632066361546,-1.45968430995118,0.101317792982158,0.481814166552469,-8.78269638355542,"chr19:46464415:A:G"
-0.822112857133963,-0.678937834630015,0.09586886967595,-0.462411319306002,-5.23791971596316,"chr19:46464655:C:T"
-2.32529549341605,-2.34231061323692,0.107220771880433,0.0519631592113418,-14.619416388072,"chr19:46465265:T:TA"
1.46673804663445,1.61960292507793,0.102126203326588,-0.478342668448589,-9.6117725317416,"chr19:46465636:C:T"
1.62021549839056,2.65903428747119,0.128108144107637,-2.90236097738402,-8.17812272033937,"chr19:46466030:C:T"
1.29269359442756,0.304133056995432,0.121490570053346,2.83616821032318,-1.40567607547518,"chr19:46466039:A:G"
-2.02307788969334,-1.3438580160133,0.100956390890392,-2.13768385119127,-7.74276977125969,"chr19:46467164:A:G"
0.283139632220329,0.437135151981261,0.0988265347125207,-0.48985923762907,-2.95550656903392,"chr19:46467482:C:T"
1.15336271110912,0.438343057704752,0.101790174273976,2.2411196849375,-2.47212494535507,"chr19:46468097:A:T"
-1.67856512582774,-1.87314208006231,0.102792851512867,0.606889947788949,-10.8126679616403,"chr19:46468106:A:G"
-0.725159421946083,-0.734038176543089,0.105079239434275,0.0273900983819963,-5.0842429094302,"chr19:46468516:G:T"
0.42771447503428,0.625710571580509,0.139012802573891,-0.531042437871053,-3.52451739483961,"chr19:46468761:G:T"
0.0924738898335335,0.17439914322847,0.115193340298847,-0.241381569832024,-0.428636518505481,"chr19:46468877:C:G"
0.954049441472753,0.638664278054415,0.100923896986227,0.992759960866019,-4.8106863534241,"chr19:46469056:A:G"
-0.20865974223722,0.102203250928544,0.0985112113044216,-0.990435491823517,0.656493043927749,"chr19:46469097:A:T"
-0.231106972900107,0.103107699728841,0.0985112113044215,-1.06483589535335,0.729813466307435,"chr19:46469167:G:T"
-0.849640702975939,-0.843998600118869,0.0973327024290094,-0.018084712473614,-5.96118164560685,"chr19:46469469:C:T"
-0.854389419552855,-0.991774441171715,0.102081103267741,0.429998270535024,-6.16305261780232,"chr19:46469710:C:G"
-0.173090428914264,-0.580163121897249,0.11466953706104,1.2021203265558,-1.95323739618311,"chr19:46470450:C:T"
0.205495854073846,0.0467126872640509,0.0983196587886687,0.506389017306045,-0.297556625318159,"chr19:46470724:A:G"
-2.22054591735575,-2.25137594341237,0.106387299113021,0.0945211506905605,-13.9489005549937,"chr19:46470746:C:T"
0.197176741260489,0.166142643234413,0.0990468979782949,0.0986094844693512,-0.995868138020696,"chr19:46470976:A:G"
-0.11289637778756,-0.050256413708369,0.0983196587886688,-0.199770482548347,-0.177951858125513,"chr19:46471049:A:C"
0.276857733391692,0.461585013870365,0.0982711245588104,-0.589275077599922,-2.96603303204466,"chr19:46471050:C:T"
-0.170748587993552,-0.0480424443060509,0.0983196587886687,-0.391332688267651,-0.255682286204709,"chr19:46471067:A:G"
-0.201141945918175,-0.0468793087190195,0.0983196587886687,-0.491972208564747,-0.292516940549972,"chr19:46471142:C:G"
0.820772666191167,0.844802488419454,0.0973327024290094,-0.0770231307013636,-5.86887557167472,"chr19:46471289:A:G"
-0.817726272896246,-0.844887321342,0.0973327024290093,0.0870596945973549,-5.85834061665424,"chr19:46471345:C:T"
0.0583435379686566,-0.012717981019999,0.0982931803729133,0.226658908441616,0.023374823623461,"chr19:46471395:C:G"
0.796963088939553,0.845465513783365,0.0973327024290094,-0.155465511670758,-5.78251770514274,"chr19:46471726:C:G"
-0.784773563922046,-0.888238330538097,0.103545193464346,0.321534449535116,-5.65792540269692,"chr19:46471845:C:G"
-0.302647903340253,-0.487311733664445,0.0990106302148177,0.586868672404058,-3.16555455476538,"chr19:46471910:A:G"
-0.180141508898971,0.0173450597143034,0.0982931803729134,-0.629906181444153,0.0973730285421317,"chr19:46472263:C:T"
0.218910997605332,-0.0188179042437499,0.0982931803729133,0.758263743373388,0.127525647964007,"chr19:46472333:G:T"
-0.901472391359555,-1.42840660824164,0.121099027097651,1.5142098735181,-5.53206280926767,"chr19:46472448:A:G"
0.800947353035456,0.845354563970004,0.0973327024290094,-0.142339064326013,-5.79761009693591,"chr19:46472466:C:T"
-1.98883333479884,-1.02766713007739,0.208808198246127,-2.10341380202864,-4.2777375667211,"chr19:46472642:A:C"
-1.36644156118633,-1.47748419973792,0.100081221584702,0.351005138182807,-9.11971205874709,"chr19:46473289:A:T"
0.252202305615361,-0.0200826338679167,0.0982931803729134,0.868484209832662,0.155625998191815,"chr19:46473305:A:C"
-0.273592341164962,0.020895236713478,0.0982931803729133,-0.939302085031402,0.174631552522945,"chr19:46473478:C:T"
0.137685544528862,0.523719737756763,0.183505513522421,-0.901158566681078,-1.10930079362045,"chr19:46473820:C:T"
-0.300373822237625,0.0219126594137669,0.0982931803729134,-1.02796989392044,0.199316596672188,"chr19:46474073:C:G"
-2.3226675152562,-2.87566732513232,0.108412721203222,1.67951876005233,-14.6308339886369,"chr19:46474455:C:T"
1.50865846231997,1.39946256836645,0.100787046815155,0.343956838201097,-9.26837936143752,"chr19:46474854:C:T"
-1.47176102266326,-1.01494507525598,0.101156735350389,-1.43629568012115,-6.70547095683112,"chr19:46475312:A:G"
0.8833221135185,0.279111770875594,0.117026904000924,1.76622202929736,-1.99961625150612,"chr19:46475466:A:G"
-1.73712275924365,-1.66359467390215,0.0996116835474988,-0.232968990100379,-10.7627298829333,"chr19:46476305:A:G"
1.96175918832624,1.81348389614519,0.100670275358613,0.467324080609827,-11.7555685949899,"chr19:46476536:A:G"
-0.814303252157201,-0.543570273009996,0.101423940099757,-0.85010177563051,-4.32262448575903,"chr19:46476559:C:G"
1.9347414603024,1.84078866712958,0.0994813935133528,0.29787823091935,-11.9306679651765,"chr19:46476570:A:G"
0.165222819968299,0.71804504851646,0.129597172254499,-1.53563405463214,-1.65022053858922,"chr19:46476712:A:G"
0.561266073099962,0.39544334756464,0.0993677135494938,0.526043187561551,-3.69669069052777,"chr19:46476834:C:T"
0.789970876760311,0.502856223055413,0.102147755138426,0.898340428950579,-4.07355624679673,"chr19:46477079:A:G"
2.44316360059674,2.33032662066815,0.101646587422766,0.353919956943508,-15.4418107018635,"chr19:46477084:A:G"
-0.48356710742856,-0.330245929928077,0.0983466914871807,-0.488902512155157,-3.34009599785061,"chr19:46477315:C:G"
-0.114907438863871,0.0287639427270904,0.103478814057779,-0.446626560606004,0.098567566927527,"chr19:46477377:AG:A"
-0.485131298750666,-0.289138916813562,0.0991019878411791,-0.622584075497976,-3.07141665043758,"chr19:46477456:C:T"
0.484083901117109,0.330226005014804,0.0983466914871807,0.490613972222375,-3.34048042191704,"chr19:46477669:G:T"
-1.72103534478735,-1.77250817755657,0.0983931975050083,0.164095069775294,-11.1336126214771,"chr19:46478069:C:T"
0.379027862902999,0.334276426868204,0.0983466914871807,0.14270102706388,-3.09991464136911,"chr19:46478088:A:G"
1.76023245538941,1.77097768797283,0.0983931975050084,-0.0342557344460191,-11.2717820286656,"chr19:46478265:A:G"
1.72727249098725,1.77226464207284,0.0983931975050084,-0.143434696995053,-11.1572650468115,"chr19:46478384:A:T"
-0.0989179757657256,0.00599590672403565,0.102686779314204,-0.327397751641102,0.0178489191330812,"chr19:46478402:A:G"
1.69779700166696,1.66563620624428,0.0996116835474988,0.101899403413643,-10.6849817496106,"chr19:46478415:C:G"
-1.24824302349467,-0.812722364643259,0.101571711196943,-1.36654008651096,-5.59976438567551,"chr19:46478442:A:C"
1.8058068374635,1.76919819157682,0.0983931975050084,0.116708134718101,-11.4010893596717,"chr19:46478457:A:G"
1.7590453370064,1.77102404017308,0.0983931975050083,-0.0381880309709585,-11.2679634486241,"chr19:46478686:A:G"
-0.136858491862986,0.00919758570983353,0.102686779314204,-0.455787454205846,0.037764857018033,"chr19:46478729:A:C"
0.0400306972189548,0.0608586085006444,0.140413251979947,-0.0555829599177584,-0.0537210862358591,"chr19:46478914:C:T"
-1.76116734124428,-1.77094118443874,0.0983931975050084,0.0311589511336906,-11.2747731586153,"chr19:46479053:A:G"
-1.70473000043502,-1.66527629096012,0.0996116835474988,-0.125006530625576,-10.7005384349046,"chr19:46479476:A:G"
-0.784497657878632,-0.697070762018353,0.168191956822087,-0.213178031265065,-4.30804191044629,"chr19:46479622:C:T"
1.07422263420969,0.684840350016109,0.103370079572932,1.21109653934272,-4.90319906132467,"chr19:46479958:A:T"
1.76198669353112,1.770909192026,0.0983931975050084,-0.0284448695421948,-11.2773829794258,"chr19:46479992:A:G"
0.705277516747112,0.509521136142931,0.102147755138426,0.61249354100373,-4.20167392015915,"chr19:46480103:A:G"
1.77061866024316,1.67994376583502,0.100047051448118,0.286671759249128,-10.8693287986933,"chr19:46480837:G:T"
1.77131215153612,1.67990457601133,0.100047051448118,0.288988155491469,-10.8702863826388,"chr19:46480838:C:T"
1.79152718631753,1.77125198187701,0.0994932710989697,0.0642788927599088,-11.306825691468,"chr19:46480952:A:C"
-1.88495433326744,-1.04746604945368,0.0973981639590854,-2.68351084679711,-5.94791056481554,"chr19:46481073:C:T"
-1.03972207295218,-1.07158752920482,0.0973981639590854,0.102104470169658,-7.25978822830266,"chr19:46481791:G:T"
1.88775934203789,1.04738599931192,0.0973981639590854,2.69275525896882,-5.94656150455416,"chr19:46482076:C:T"
0.966116843504483,0.820936572661282,0.100900442713361,0.457047214433667,-5.99409339794401,"chr19:46482124:AG:A"
-1.88790898711901,-1.04738172869784,0.0973981639590854,-2.69324844131603,-5.94649187416639,"chr19:46482142:C:T"
-1.11620853845167,-1.0694047365981,0.0973981639590854,-0.149970468092348,-7.47374079058311,"chr19:46482150:A:C"
-2.43091879290648,-2.33122541690711,0.101646587422766,-0.312694254698969,-15.4165035999693,"chr19:46482704:C:T"
-0.711460024755632,-0.742826264690715,0.098279089177498,0.100053410930826,-5.20166371198994,"chr19:46483088:A:C"
-2.37062364436,-2.25011869772991,0.103174394946199,-0.375162057822904,-14.6766728970573,"chr19:46483308:CTG:C"
-2.23923600543897,-2.12956811683304,0.18090784954639,-0.257840287434003,-10.2844993638503,"chr19:46483427:C:T"
-1.1140455780263,-1.06946646378073,0.0973981639590854,-0.142842042009033,-7.46910610217921,"chr19:46483472:C:CAGG"
0.0536639519058338,0.181518063210326,0.100347338040646,-0.403609862252818,-0.297024506316264,"chr19:46483572:C:G"
-0.342914890600516,-0.038351237220207,0.107390858419007,-0.929382341371096,-0.360262445211012,"chr19:46483829:G:GA"
0.305069001827665,0.74502058645834,0.0998178657585286,-1.39251777142272,-2.69418938369116,"chr19:46483943:A:C"
1.11471472493835,1.06944736747495,0.0973981639590854,0.145047336311012,-7.47054871660219,"chr19:46483999:C:T"
1.11471696671152,1.06944730349859,0.0973981639590854,0.145054724478706,-7.47055353639454,"chr19:46484015:A:G"
-0.673466228411353,-0.657700623455167,0.0984140657085654,-0.0502553212122907,-4.85552502663396,"chr19:46484211:C:G"
1.11509307233157,1.06943657008894,0.0973981639590854,0.146294248364885,-7.47136090759905,"chr19:46484391:C:T"
-0.0501369702528129,-0.181728560452031,0.100347338040646,0.415408335735463,-0.27786276684293,"chr19:46484443:A:C"
-1.23421932511797,-0.930420170860012,0.0994293734613904,-0.963450062205115,-6.65558122707669,"chr19:46484601:C:T"
-2.37795544693854,-2.27696378691578,0.101554232258284,-0.316910404098304,-14.9886445264831,"chr19:46484666:AC:A"
0.676901675125697,0.327789949374602,0.117026904000924,1.02052013543903,-3.04344246389654,"chr19:46484825:G:T"
-2.43195119751893,-2.19827262676942,0.0998761921526053,-0.739414392225524,-14.7031568861693,"chr19:46485428:AAATAAT:A"
0.874856716744307,1.07629250384687,0.0973981639590854,-0.64544797828245,-6.45227736529153,"chr19:46485493:G:T"
1.04521679564905,0.775424969692208,0.1016254383646,0.846306295436766,-5.69192696260169,"chr19:46485976:C:G"
1.82771657125946,1.85046892761783,0.0992008917201356,-0.0722384789974407,-11.6923086549354,"chr19:46486202:C:T"
-2.46417543257685,-2.52343934620737,0.121864041027377,0.169766713042364,-14.6402143756563,"chr19:46486210:C:T"
0.750301437674664,1.23829219494674,0.098690413922062,-1.55336713039355,-5.10137319091189,"chr19:46486327:G:T"
-1.22223046515738,-0.783968395037108,0.113859523075708,-1.29882071200496,-5.21485528410492,"chr19:46486373:C:T"
-2.34289894243895,-2.27950282263056,0.101554232258284,-0.198936129401309,-14.9058167223697,"chr19:46486937:C:CGT"
2.28305908734925,2.28383684085086,0.101554232258284,-0.00244057951348976,-14.7168411991133,"chr19:46487009:C:T"
-0.213221454204953,0.417629855308581,0.178408286628587,-1.49354907663274,1.44751242098137,"chr19:46487206:C:T"
1.03075169349801,0.816701513656992,0.100900442713361,0.67385904349926,-5.99414128731942,"chr19:46487214:C:T"
2.32923818162466,2.28049222987736,0.101554232258284,0.152964108748323,-14.8679729103325,"chr19:46487350:A:G"
-0.872169696716761,-1.07636918679218,0.0973981639590854,0.654303537277504,-6.4353042106342,"chr19:46487536:C:T"
0.468444126889631,0.262344387455337,0.0983635017961264,0.657143856279181,-2.8654215508197,"chr19:46488044:C:T"
0.47487036198859,0.262095484018856,0.0983635017961264,0.678427368283694,-2.8716208120562,"chr19:46488279:C:G"
-0.435044601947013,-0.297915217931427,0.0990018405464967,-0.435821740572484,-3.04992979234677,"chr19:46488780:A:T"
-2.12991059282602,-2.60638756619994,0.104653320703878,1.47287337236288,-13.5219150916669,"chr19:46488978:C:G"
-2.17900250196644,-2.60122536739043,0.104653320703878,1.30516446845739,-14.016074517158,"chr19:46489801:A:G"
-0.285307459232832,-0.537713337726066,0.115571620329281,0.742461373175021,-2.89812192502516,"chr19:46490009:C:T"
0.149453116168852,0.0973033393687686,0.100333344264866,0.164637896962402,-0.444119753167388,"chr19:46490229:G:T"
0.458888284814753,0.26271450804605,0.0983635017961265,0.625495172970538,-2.85384892635516,"chr19:46490339:A:C"
0.926436576761933,1.07482050306389,0.0973981639590854,-0.47545724927443,-6.75485406212314,"chr19:46490458:C:G"
-0.818457782485281,-0.830611613850321,0.100900442713361,0.0382619121580754,-5.72935740934408,"chr19:46491560:A:C"
-0.895472145944238,-0.825565413952602,0.100900442713361,-0.220075888695964,-5.91355643357024,"chr19:46491576:G:T"
0.898763782176409,0.82534973659487,0.100900442713361,0.23111738832329,-5.91918867834282,"chr19:46491702:C:G"
-0.975568099742502,-1.42610599314868,0.119778121197632,1.30179492993864,-6.17002171730093,"chr19:46492517:C:T"
0.219390243808562,0.353185586544943,0.103567006353727,-0.415748111272525,-2.07420227727051,"chr19:46492637:A:G"
0.147441754507453,-0.181737792236213,0.103585481553007,1.02278275827993,0.784887443522082,"chr19:46492929:C:T"
1.21084962383609,1.19556413691962,0.0994232373836325,0.0484769544358583,-8.05664583187971,"chr19:46493671:A:C"
-1.19411873613863,-1.11561881063409,0.100562721064326,-0.247543049381453,-7.70066304441572,"chr19:46493759:C:CCGGCCT"
-1.99318556624333,-0.605525093548363,0.138709360228475,-3.72589261086645,-3.03611314267734,"chr19:46493903:C:T"
0.870504112289188,1.07641671971647,0.0973981639590854,-0.659792771078646,-6.42472380476963,"chr19:46494128:A:C"
0.129134352669329,-0.0985636719609573,0.103297761909459,0.708457507636868,0.378494305903955,"chr19:46494265:C:T"
-1.31808123056864,-1.19021077637857,0.0994232373836325,-0.405533053368871,-8.21188750614954,"chr19:46494979:C:T"
-0.867468257737441,-1.0765033578011,0.0973981639590854,0.669797977146254,-6.40532228010395,"chr19:46495033:C:T"
1.47539089415299,0.0515805624177826,0.198588940521088,3.19502757407549,-0.171881364795097,"chr19:46496429:C:T"
0.800889299369907,0.602175200831022,0.10280654655897,0.619752511711983,-4.67741521066825,"chr19:46496434:C:G"
2.21675724993788,2.60499499350216,0.12837197071412,-1.08358416546445,-12.7675348352079,"chr19:46496515:C:T"
-2.18634254948466,-2.34819595268066,0.0990457810651879,0.514284985019947,-14.6102081705115,"chr19:46496720:A:G"
-1.67376734150881,-1.88518362077511,0.104049550852753,0.655417933655829,-10.7224480916146,"chr19:46496826:C:T"
0.859107211021447,1.07674196774126,0.0973981639590853,-0.697353314171904,-6.3511125787572,"chr19:46497232:A:G"
-2.23574443338702,-2.34592656086703,0.099045781065188,0.35010084843198,-14.9091552661769,"chr19:46497246:C:T"
-0.859050762883155,-1.07674357867436,0.0973981639590854,0.697539349189765,-6.35074273514616,"chr19:46497306:A:C"
-0.858826097419889,-1.07674999024154,0.0973981639590854,0.698279774733192,-6.34927023404953,"chr19:46497308:A:C"
-2.19479308833326,-2.34780775728873,0.099045781065188,0.486200136529119,-14.6641049002577,"chr19:46497431:G:T"
-2.15252962669066,-2.34974922887425,0.0990457810651879,0.626660163776734,-14.3832947192726,"chr19:46497587:G:T"
2.25924326292378,2.34484708682336,0.0990457810651879,-0.272003927149623,-15.0375956793584,"chr19:46497668:A:G"
-0.931535703421716,-0.916018793378278,0.0998670130984169,-0.0491014380878039,-6.37136092586023,"chr19:46497711:A:C"
0.147258467403622,-0.370236770453257,0.10579332127306,1.59102583535692,1.46263759180013,"chr19:46497800:A:C"
-2.20106823076859,-2.34751949385124,0.0990457810651879,0.465345084832122,-14.7033935373721,"chr19:46497948:A:G"
-2.22033568126208,-2.34663439816327,0.0990457810651879,0.40131089273981,-14.8201019596532,"chr19:46498116:C:T"
0.274726991861163,0.454641323349068,0.120706168428076,-0.517846478502309,-2.61981584155075,"chr19:46498403:A:C"
0.841407174206909,1.07724709644926,0.0973981639590854,-0.755686976972529,-6.232629243175,"chr19:46498501:C:T"
2.22490896384776,2.27364140766862,0.0992223438377185,-0.154708241572626,-14.6363026324281,"chr19:46498797:C:T"
1.13815145151404,-0.745709069357344,0.170772686635728,4.55868453284517,4.44971632381013,"chr19:46498815:A:C"
0.298236706830691,0.226469973308715,0.101672226528689,0.225072281100855,-1.89556217173717,"chr19:46499075:A:C"
-0.274286094011377,-0.228234486484206,0.101672226528689,-0.144425416148107,-1.77723660444368,"chr19:46499089:C:T"
-0.267959000479709,-0.228700622360704,0.101672226528689,-0.123120731318481,-1.74456609858199,"chr19:46499658:A:C"
0.860034872850032,1.07671549386293,0.0973981639590854,-0.694296037349872,-6.35718315076805,"chr19:46499817:A:G"
-0.85487143586586,-0.124279801891688,0.158901603938433,-1.83278091698229,-1.04944879905745,"chr19:46499833:C:T"
0.264844519390987,0.228930075483972,0.101672226528689,0.112633603592191,-1.72827829142487,"chr19:46499848:C:T"
1.0150143346098,1.69973732447016,0.100803136840878,-2.15664114368016,-5.91842005455805,"chr19:46499861:A:G"
-1.56036825415711,-1.68441266097253,0.0989875062850107,0.394263883012245,-10.2539581750948,"chr19:46500293:G:T"
-1.37689393459651,-1.3733475456688,0.0988943347909308,-0.0112771837170043,-9.00875274066292,"chr19:46500649:C:T"
0.346495540313595,0.0670480734372822,0.102237047312627,0.873968999515836,-0.662944735413415,"chr19:46500915:A:G"
-1.36970782887613,-1.37366616365374,0.0988943347909308,0.0125871328301489,-8.99032314992181,"chr19:46501038:C:T"
-1.41059011664147,-1.2893694310382,0.0985484970756215,-0.386146171453011,-8.77153495267763,"chr19:46501228:A:G"
-0.946046422220776,-0.819505070416296,0.0977151399874108,-0.404810287093638,-6.05064166147262,"chr19:46502477:A:G"
-1.62312561809189,-1.58814229480007,0.0986161383380903,-0.111400481364594,-10.2848370696897,"chr19:46502549:C:T"
1.48757800439597,1.38223377599463,0.136910056203022,0.28470367433024,-8.1042885451514,"chr19:46502587:C:T"
1.41580925920488,1.28915708518685,0.0985484970756215,0.403448073733243,-8.77443964121498,"chr19:46502641:A:G"
-0.948176100926133,-0.819437164339164,0.0977151399874108,-0.411840439008613,-6.05272635662411,"chr19:46502774:C:T"
1.4152544675584,1.28917965742033,0.0985484970756215,0.401608892155684,-8.77415257150588,"chr19:46502952:C:T"
-1.66503100305419,-1.58640740070873,0.0986161383380902,-0.250368070375762,-10.3628168843754,"chr19:46503423:A:G"
-0.355265370900069,-0.066349665411114,0.102237047312627,-0.903580815718595,-0.66976885567593,"chr19:46503974:A:G"
0.772175973580831,0.935300023619059,0.114412294627641,-0.482260450662933,-5.41296713175081,"chr19:46504087:C:T"
-0.353270691616434,-0.0665085168287761,0.102237047312627,-0.896845671208331,-0.668268933281498,"chr19:46504246:G:T"
-1.38392857856931,-1.06660318800518,0.102402902489294,-0.991627791955013,-7.33405714379689,"chr19:46504263:C:T"
-1.89568445513071,-3.64880113248799,0.139085021915366,4.70078771962727,-10.1349745636055,"chr19:46504599:C:T"
0.990626684776132,1.11364150954304,0.103166213839719,-0.382991121356595,-6.95027430223079,"chr19:46505164:C:G"
0.39491971360778,0.131530288757962,0.111023438879718,0.790480200326517,-1.32272863324711,"chr19:46505168:G:T"
-0.684719723506976,-0.628217531280929,0.100061555268068,-0.178620653473365,-4.75342520118341,"chr19:46505359:C:CTTTA"
0.114933551125451,0.322037661040864,0.105159225010218,-0.638653106515516,-1.03253896994322,"chr19:46505532:C:T"
0.344856366107949,0.0671786132932324,0.102237047312627,0.868434237490146,-0.661603709393262,"chr19:46505705:C:T"
-0.74171872069524,-0.624987736007152,0.100061555268068,-0.369022226290962,-4.81926131754141,"chr19:46505727:C:T"
2.11134250833382,1.47609516318694,0.100063116267387,2.00819483939511,-8.6956318024866,"chr19:46506021:C:T"
-0.937072869758513,-0.819791197494565,0.0977151399874108,-0.375188242759941,-6.04103971062389,"chr19:46506036:C:T"
-2.19679447639651,-1.81848159991061,0.100947172958548,-1.19070463166555,-11.6540055567639,"chr19:46506071:A:G"
0.338523213676789,0.067682970184197,0.102237047312627,0.847049999342509,-0.656230851333919,"chr19:46506136:C:T"
-1.5579776363167,-1.44101001865842,0.0994970944298214,-0.370817690964909,-9.5515315085004,"chr19:46506431:C:T"
1.65682390046885,1.75111251328097,0.132054436692102,-0.259467368874942,-9.49406120793972,"chr19:46506588:AG:A"
-1.14978581953037,-1.19544011163459,0.102436957346887,0.142643924225017,-7.77202741121653,"chr19:46506652:C:T"
-0.548387670234293,-0.380412653464488,0.101694797322298,-0.526738818863969,-3.60018525888856,"chr19:46506734:C:T"
-0.550539103351841,-0.380253638165719,0.101694797322298,-0.533983960988436,-3.59931653472378,"chr19:46506792:C:T"
1.75002632702867,1.66061346797629,0.0989376021709951,0.284262317049537,-10.807204917158,"chr19:46506889:C:T"
-0.474129465804728,-0.433156884571155,0.100969615719623,-0.128943060251574,-3.75436645987279,"chr19:46507058:A:T"
1.12344537953389,0.990328920040506,0.10065769870051,0.419573701908832,-7.03417142479329,"chr19:46507248:C:G"
-0.947616567905556,-0.819455005383618,0.0977151399874108,-0.409993398830107,-6.05218585167543,"chr19:46507267:AT:A"
1.93957127121681,1.93415017074788,0.0988367929044639,0.0172436076926162,-12.3730790072527,"chr19:46507591:A:G"
-1.51693037947214,-1.47391370993711,0.0995799196998333,-0.136317275423129,-9.61772041513547,"chr19:46508034:A:C"
-1.76516157870835,-1.65993548484079,0.098937602170995,-0.33453592216909,-10.8271869325214,"chr19:46508083:C:T"
-1.51604305479128,-1.47395947630974,0.0995799196998333,-0.13336036519488,-9.61603350882412,"chr19:46508122:A:G"
1.2110666873975,1.31802949074563,0.0998087957396526,-0.338569918421518,-8.29362684704264,"chr19:46508379:G:T"
-0.939900212435482,-0.819701045985132,0.0977151399874108,-0.38452141047429,-6.04420774401849,"chr19:46508719:C:T"
1.0351406269581,0.995888536948657,0.10065769870051,0.123719822293954,-6.90699655373829,"chr19:46508725:C:T"
-1.93249543457904,-1.93445959998068,0.0988367929044639,0.0062476793823628,-12.350062945909,"chr19:46508823:A:G"
-1.09262798675952,-0.992269165530541,0.10065769870051,-0.316323933963578,-7.00557083349554,"chr19:46509026:T:TGTCACCCA"
-0.937659493329331,-0.819772492651739,0.0977151399874108,-0.377124709894352,-6.04170781828668,"chr19:46509147:C:T"
1.91833797502575,1.93507871148257,0.0988367929044639,-0.0532494635732172,-12.3015637348581,"chr19:46509283:C:T"
1.10500177819999,0.991490118671742,0.10065769870051,0.357780753629855,-7.01908173820983,"chr19:46509492:A:C"
1.50199620431305,1.56711613094686,0.100271888750007,-0.20564791222667,-9.78581897885363,"chr19:46509626:C:T"
-0.44256746907806,-0.435247971568692,0.100969615719623,-0.0230348779585388,-3.68674463032236,"chr19:46509781:A:G"
0.348663857901629,0.441469397356587,0.100969615719623,-0.292064349019211,-3.33665960932221,"chr19:46510013:C:T"
2.00783970392942,1.99278874789279,0.0989754096020981,0.0478410203109601,-12.8044264511191,"chr19:46510020:A:G"
2.08041674555803,1.98950868502251,0.0989754096020981,0.288960671994867,-12.9889668750932,"chr19:46510743:A:G"
-0.925690019995353,-0.820154146455834,0.0977151399874108,-0.337613014694364,-6.0269562099622,"chr19:46511093:CAGTG:C"
-0.399287187578765,-0.438115433810607,0.100969615719623,0.122194715163144,-3.55470756684852,"chr19:46511112:A:G"
-0.398074201391986,-0.438195798169847,0.100969615719623,0.1262649634209,-3.55031089715961,"chr19:46511235:A:G"
-0.988460622258868,-0.818152668323026,0.0977151399874108,-0.544821204641637,-6.0781685724403,"chr19:46511273:C:G"
1.93621355773879,2.01017030987477,0.0991263571603647,-0.23490013012456,-12.5622495836108,"chr19:46511678:C:T"
-2.06650168795916,-1.90701498120064,0.0991129244684154,-0.506593187201473,-12.5028251735507,"chr19:46512232:A:G"
-0.447442412830744,-0.174120029317962,0.104006080759827,-0.847511956247208,-1.95528222679692,"chr19:46512365:G:T"
0.419581232872346,0.176859307512322,0.104006080759827,0.752626737489075,-1.91538285604125,"chr19:46512922:A:G"
-0.514762667590085,0.387504437709196,0.236981166713195,-1.85343861758026,2.30503009431977,"chr19:46513374:C:T"
0.421443590539829,0.407717404952958,0.106934410920983,0.0419750406954994,-3.45827487495008,"chr19:46513432:A:C"
0.906466125803799,0.820767111800502,0.0977151399874108,0.274154195190826,-5.99833392859522,"chr19:46513514:A:C"
-0.905364127219366,-0.820802249683366,0.0977151399874108,-0.270516455169661,-5.99650895852419,"chr19:46513611:C:T"
0.441124407351368,0.32334826774489,0.101393503156417,0.369872677417144,-3.18901254281545,"chr19:46513627:C:T"
-1.95615465135194,-1.86105203527446,0.108438421030015,-0.288802448592441,-11.5436720683331,"chr19:46513644:C:T"
0.42438208701075,0.324532445844174,0.101393503156417,0.313575009682105,-3.15234650802453,"chr19:46513812:C:T"
0.185511418206173,-0.483266262183597,0.102774052469054,2.08612356971572,2.1457142416107,"chr19:46514810:C:CCA"
-0.139253108937925,-0.600198596716752,0.102068565840915,1.44279145563408,-1.64655526899598,"chr19:46515194:C:T"
-0.878301400038899,-0.821665160898367,0.0977151399874108,-0.181181344275562,-5.9454239259955,"chr19:46515265:C:T"
0.8760610446952,0.821736595966183,0.0977151399874108,0.173785844489596,-5.94065530178205,"chr19:46515406:A:T"
0.0569817855928073,0.437444917578402,0.10482756204459,-1.17510002608772,-0.656852524435745,"chr19:46515748:A:G"
-2.01037500805781,-2.29549547880788,0.11041475133008,0.85805445411876,-12.5153589963231,"chr19:46515898:CAG:C"
1.99889975973897,2.47733043240678,0.111933878083025,-1.43000725094509,-12.0596336176285,"chr19:46516460:A:G"
0.236548261287201,0.525618256341155,0.127450102139311,-0.809716373020609,-2.38698522615065,"chr19:46517823:A:G"
-0.829432513394324,-0.823223374528107,0.0977151399874108,-0.0198632561703724,-5.82271627118727,"chr19:46517989:A:T"
-1.97167998329091,-2.24478576568825,0.111271962719156,0.818724942009861,-12.2085820748389,"chr19:46518122:TTTTC:T"
0.13816057743158,-0.040641248460461,0.103218355261926,0.556536281776277,0.167475969431648,"chr19:46519240:C:T"
-0.144488184004226,0.0412107350959188,0.103218355261926,-0.578004086089529,0.177483036436117,"chr19:46519527:A:C"
0.773223541076362,0.825015631172211,0.0977151399874108,-0.165684739114175,-5.63339244070503,"chr19:46520820:A:G"
0.770225873923093,0.825111213579271,0.0977151399874108,-0.175580154523547,-5.6218586626127,"chr19:46520884:A:G"
-1.42093465693733,-2.0756901022792,0.119782545881095,1.89183105058018,-7.7487169229824,"chr19:46521428:C:T"
1.54815685490985,1.66793390518248,0.147563834609936,-0.311805410900464,-8.61887180916745,"chr19:46522106:C:G"
1.36356615321276,2.09088819505642,0.119782545881095,-2.10150283181342,-7.24343824348233,"chr19:46522174:A:G"
-1.8221451012529,-2.05196305108488,0.125123594854731,0.649702203018678,-10.6497567456071,"chr19:46523625:C:T"
-0.798872284786805,-0.355365623037243,0.100887690639606,-1.39630745612006,-2.92088028871536,"chr19:46523698:C:T"
1.34921771805545,0.888557441226608,0.141229580372786,1.22579523806036,-5.35456597195152,"chr19:46524028:C:T"
-2.04195391690927,-1.29507754218208,0.109992096382029,-2.25199790545926,-7.06514729474611,"chr19:46524041:C:G"
0.735314154474362,-0.167344801363479,0.136959118794619,2.43909220851973,1.63393306548299,"chr19:46524043:C:T"
0.753768566773953,0.675078142839884,0.107531086647256,0.239968848614739,-4.91216114854704,"chr19:46524820:G:T"
-0.712668478288492,-0.680648987420124,0.107531086647256,-0.0976444143108212,-4.85498078392754,"chr19:46524865:C:T"
-0.0341076488431469,-0.160320239774925,0.1191077558212,0.365706484609125,-0.141211067009935,"chr19:46525391:C:T"
-2.83537608934018,-2.42457691460854,0.112959900400254,-1.22227073093594,-15.3263921661092,"chr19:46525641:C:T"
-1.12287180087347,-1.23193321927582,0.10316195935658,0.339555954383071,-7.70223483874917,"chr19:46525856:C:T"
0.171164010469271,0.759029147781061,0.162907590316451,-1.45648845238479,-1.60532984435896,"chr19:46526447:C:T"
0.0436181394022359,-0.34304427764718,0.109317532825992,1.16946452051709,0.403020794540774,"chr19:46528326:C:T"
0.05133956022381,-0.191014328481013,0.10234434211684,0.75756181049224,0.292888924785311,"chr19:46529087:A:G"
1.68549098562797,1.72904503431429,0.109356466170305,-0.131706223897766,-10.3718722162138,"chr19:46529773:A:C"
-1.12170727695398,-1.23203733327406,0.103161959356581,0.343505779767985,-7.69717681683317,"chr19:46530306:C:G"
0.329623493670441,0.431996358262952,0.103256285719124,-0.318585940803723,-3.17508920997587,"chr19:46530434:A:G"
-1.17026342293784,-1.22769618199957,0.103161959356581,0.178813329239083,-7.88699976979065,"chr19:46530712:C:G"
-1.15955969548469,-0.979177830249687,0.103851028924428,-0.559741453941745,-6.9040571044334,"chr19:46530730:C:G"
-0.341863225285208,-0.446161179890536,0.102043833446099,0.32649941608195,-3.29634470351225,"chr19:46530821:C:T"
0.0782351365601111,0.0485848763853789,0.103252694618644,0.0922736736573322,-0.113812349002504,"chr19:46530867:A:C"
-0.251445636194327,0.233934341446898,0.1191077558212,-1.40640964591857,1.45616188601353,"chr19:46530906:C:T"
0.498407766495122,0.346956078522989,0.101524614870718,0.475322576634858,-3.40965765150769,"chr19:46531009:A:G"
0.484528934802886,0.347956939182707,0.101524614870718,0.428623501814599,-3.40113864506338,"chr19:46531043:C:T"
0.339342140425235,0.446356809036149,0.102043833446099,-0.335003950421499,-3.2830553592423,"chr19:46531220:G:T"
-0.38932854162674,-0.556179662356083,0.102811957456459,0.520364084819473,-3.63425082360575,"chr19:46531366:C:T"
-0.443837988352015,-0.361202138292016,0.101310146768048,-0.25962232013228,-3.400256728636,"chr19:46531508:C:G"
0.294522690504242,0.449834673202664,0.102043833446099,-0.486196223631163,-3.01519107686712,"chr19:46531730:C:T"
-0.280764545078469,-0.450902266871441,0.102043833446099,0.532607442103003,-2.92082780766123,"chr19:46531733:C:T"
0.438591327694729,0.361568614251457,0.101310146768048,0.241987170852686,-3.38949237981409,"chr19:46531763:A:C"
0.428966042874909,0.362240934365083,0.101310146768048,0.209634528716306,-3.36767453341026,"chr19:46532068:A:G"
-0.582848212881431,-0.457260793228517,0.101767433845252,-0.393678525721442,-3.95904988521934,"chr19:46532179:C:T"
-0.576526975123585,-0.457732853081729,0.101767433845252,-0.372383595101005,-3.95805147948298,"chr19:46532224:C:T"
-0.495142234688215,-0.337501295099216,0.104899530005612,-0.486723419503024,-3.31578820836977,"chr19:46532238:C:T"
0.264067261328646,-0.139543761488132,0.102471565470891,1.2608439329735,1.07070320865594,"chr19:46532327:C:T"
0.0234127400411332,-0.0492922591840446,0.102647500421403,0.226929044758914,0.0348214211219322,"chr19:46532370:C:T"
0.636771407064193,0.453233895948907,0.101767433845252,0.575334511929135,-3.93994708449282,"chr19:46532445:C:T"
-0.61924994821242,-0.454542370271587,0.101767433845252,-0.516308374183495,-3.95148282767439,"chr19:46532466:C:G"
1.79414383502189,1.77176025435727,0.10849133173808,0.0679566624125896,-10.8498937033674,"chr19:46532679:C:T"
-0.820249873162357,-0.948540579136589,0.102334995882161,0.401035766299887,-5.93588381824552,"chr19:46532807:A:G"
0.814486806897356,0.949005496780023,0.102334995882161,-0.420504396394762,-5.90727062661708,"chr19:46533031:G:T"
-0.289934441589979,0.130628634664889,0.102871382461012,-1.31124502243298,1.08872034150234,"chr19:46533292:A:G"
-0.829065352983941,-0.959735890179067,0.102820864739917,0.407508855264264,-5.98041138748732,"chr19:46533571:A:C"
-1.12812893699281,-1.2314632062074,0.10316195935658,0.321724830995599,-7.72476034098299,"chr19:46533791:C:T"
1.90233191443402,2.13698674862149,0.124744891969215,-0.664382401371116,-11.1118155079712,"chr19:46533828:C:T"
0.0864876833921789,0.0472929535033453,0.101602368660115,0.122963370647784,-0.12440375466768,"chr19:46534040:C:T"
-0.0887932033926316,-0.0471247997620413,0.101602368660115,-0.130723884932027,-0.12724910130667,"chr19:46534048:A:G"
-0.0526002628232627,-0.0497645419305142,0.101602368660115,-0.008896343977307,-0.0797335668848053,"chr19:46534363:A:G"
-0.0521130805634499,-0.239325711341729,0.102621141191618,0.584408772192273,-0.368150834841238,"chr19:46534412:C:G"
0.75844760048199,0.965795088764188,0.102820864739917,-0.646633429428884,-5.58941358077022,"chr19:46534546:C:T"
-1.93925269641024,-1.67206608769412,0.107424841845117,-0.815196537197915,-10.5296582156126,"chr19:46534646:GCGGCCTGTAC:G"
0.0583435379686566,-0.0962920115472384,0.108226683412444,0.47004795450287,0.160290231176183,"chr19:46534647:C:T"
0.0527142396007681,0.116186609519128,0.101579311467636,-0.19915081215786,-0.185896801128332,"chr19:46534761:A:G"
0.0650938128336185,0.115286716176012,0.101579311467636,-0.157485177850703,-0.227668803439874,"chr19:46534816:C:T"
-1.46091461130243,-0.932524636926486,0.107092383228648,-1.614638400718,-5.90365223121363,"chr19:46534851:A:G"
-0.270507598629896,0.128951394058992,0.102871382461012,-1.24544603509599,1.00979005413103,"chr19:46535182:C:T"
-1.69329394605167,-1.36225035088317,0.102927740988325,-1.0318557039774,-8.86469752694573,"chr19:46535429:C:G"
-2.23835922559673,-2.16052627994845,0.106106801170642,-0.23894164869798,-13.6662047665603,"chr19:46536294:A:T"
-0.931460571435582,-1.41241792088388,0.141302653721431,1.2794738272541,-5.53533893728466,"chr19:46536365:A:C"
-0.119348264872975,0.163219282195257,0.114999546175473,-0.833247881837403,0.518174989904266,"chr19:46536432:C:G"
-1.94884711260511,-1.69926927721093,0.107388286197342,-0.761601091777825,-10.7048127808808,"chr19:46537572:C:T"
-1.96428666044656,-1.40519002640876,0.108807071308188,-1.69495556512866,-8.24869992786128,"chr19:46537709:A:G"
-1.11695066786055,-1.10715280059952,0.115127158404355,-0.0288763740448982,-7.06642867714416,"chr19:46537794:CGTTGA:C"
0.944195222837079,-1.40362082645007,0.220507762384373,4.99979417157202,4.81868366134237,"chr19:46538512:C:T"
0.423502088925001,0.491582433690042,0.135460617696014,-0.184975930457253,-3.37582994848381,"chr19:46539079:A:G"
2.44624572396645,3.03470931192371,0.14046143038029,-1.57014966925885,-13.3068808020086,"chr19:46539194:A:G"
-1.02672133402204,-1.24739544352172,0.141406116787167,0.586836724932609,-6.30658352131708,"chr19:46539761:C:T"
-1.71596098876609,-2.21014880254949,0.113702809580949,1.46556955231124,-10.0875545360733,"chr19:46540315:C:T"
3.22646034033897,2.90492052259397,0.128070278043244,0.898484491082632,-17.9529371289058,"chr19:46540418:C:T"
-0.261279846425479,-2.52584276417643,0.166941802299061,5.54245074831264,-1.24783504563364,"chr19:46540979:C:T"
-1.46291968920453,-0.701233715853094,0.108735149493737,-2.30988830525341,-3.90654333316137,"chr19:46541332:A:G"
1.18454904818009,-0.620067345426777,0.17547295272532,4.30804078543313,3.56713844240447,"chr19:46541756:G:T"
-1.38262367476158,-0.713138278065346,0.108735149493737,-2.03028090639795,-4.17284393065574,"chr19:46543475:C:T"
-0.733653842549329,-0.996939673367307,0.102744046392601,0.821389514622716,-5.41609359725973,"chr19:46544410:G:T"
-0.763188337187466,-0.874887839510518,0.102092898562642,0.349585548461559,-5.57345879078007,"chr19:46544515:A:G"
-0.169852872394089,-0.586228475626426,0.103613973626854,1.29352882273562,-1.97743781158977,"chr19:46544881:C:T"
0.721714800755252,0.878127559003799,0.102092898562642,-0.489524471833022,-5.36845011974475,"chr19:46544896:C:G"
0.26380956214922,0.577379812304864,0.103613973626854,-0.974149670105458,-2.82193677276438,"chr19:46545031:A:G"
1.31221376764599,0.728334426923419,0.107014907713238,1.78484689608045,-4.53956034083456,"chr19:46545260:A:T"
-1.79888979979913,-2.10755318658822,0.114650600160732,0.911584539470232,-10.9187587120925,"chr19:46545308:C:T"
1.68711189303078,1.00940116358956,0.124188689040915,1.92310651916012,-5.57978822924168,"chr19:46545648:G:T"
0.243001773260339,0.579339450504374,0.103613973626854,-1.04487985441439,-2.65362407856768,"chr19:46545791:A:C"
0.759085450288214,0.875208337924926,0.102092898562642,-0.363429402272657,-5.55445735961635,"chr19:46545809:A:G"
0.773632088949593,0.874072022267106,0.102092898562642,-0.314346514048871,-5.62054861364803,"chr19:46546059:C:T"
0.743701266561274,0.876410078702199,0.102092898562642,-0.415338313180585,-5.48069900265901,"chr19:46546671:A:C"
0.0714734276485657,-0.457792393754174,0.158760194839199,1.32832099705796,0.595550809508221,"chr19:46546758:C:T"
0.866324109711579,1.0171034001956,0.105080961807181,-0.465135702195649,-6.17035317636642,"chr19:46547362:A:G"
-2.3607185650432,-1.79048461485055,0.112729960694271,-1.6983742345598,-10.3762350676407,"chr19:46547902:C:T"
-2.3633263287909,-1.80278492481863,0.112721051833517,-1.66957210748913,-10.4838516354673,"chr19:46547952:C:T"
0.995650268525937,0.910582905835191,0.0994591050712397,0.269737106942792,-6.51248668830026,"chr19:46548204:C:T"
-2.15101097958553,-1.51755804315058,0.116095440407793,-1.85911721355144,-8.42775126370752,"chr19:46548205:A:G"
-1.99107242500974,-1.57881927970266,0.109081834778378,-1.2482102962604,-9.67183372872255,"chr19:46548387:C:G"
-0.999926018384985,-0.910367826581683,0.0994591050712398,-0.283976918949178,-6.51908462028335,"chr19:46548513:A:G"
0.9892724415426,1.18271531502575,0.130095311281412,-0.53631743118299,-6.32468524237043,"chr19:46548790:A:G"
0.989870516595635,1.18249173976737,0.130095311281412,-0.534039418163364,-6.32758017972801,"chr19:46548791:A:C"
1.01240885574365,0.909739913483562,0.0994591050712397,0.325549336221808,-6.53654050490275,"chr19:46549439:A:G"
-0.947543239829801,-0.969472051512247,0.105003199416064,0.0676727510579879,-6.43844716198938,"chr19:46549529:A:G"
-1.08541239856303,-0.906067681007199,0.0994591050712398,-0.568677853983161,-6.58492145216799,"chr19:46549682:A:C"
-0.96569868750228,-0.912089533654962,0.0994591050712398,-0.169987379495892,-6.4574129334932,"chr19:46550142:A:G"
0.365713105066413,0.426826635021835,0.114133809182232,-0.180896520579656,-3.19464819032412,"chr19:46550593:C:T"
-1.02832176565776,-0.908939460487397,0.0994591050712398,-0.378545150551823,-6.55489386754123,"chr19:46550661:G:T"
-1.02902341739752,-0.908904165922147,0.0994591050712398,-0.380881907658158,-6.55560262278868,"chr19:46550710:G:T"
-1.03246061304783,-0.908731267717386,0.0994591050712398,-0.392329027228552,-6.55895206741289,"chr19:46551098:A:C"
0.856926895730619,0.917560984639812,0.0994591050712397,-0.192262498884983,-6.12755403884311,"chr19:46551133:C:T"
0.616878675927565,-0.137264002433012,0.109129449145379,2.28287713099658,1.58204507257519,"chr19:46551864:G:T"
1.04165956346142,0.908268541072174,0.0994591050712398,0.422964899032061,-6.56691547889601,"chr19:46552377:A:C"
1.23523919483361,0.434367190773173,0.10786914478685,2.43845359182162,-2.28307165317993,"chr19:46552554:CCT:C"
-0.993341200128034,-0.910699056855175,0.0994591050712398,-0.262047064031028,-6.50879222255019,"chr19:46553215:A:G"
0.980394643153215,0.911350296029933,0.0994591050712398,0.218930290709644,-6.48637183162447,"chr19:46553546:C:T"
-1.05040917458174,-0.907828417142971,0.0994591050712398,-0.452104306525426,-6.57313952630548,"chr19:46553795:A:C"
0.945233399311966,0.913118980898596,0.0994591050712398,0.101830479281041,-6.4108736496298,"chr19:46553971:G:GT"
3.68972308899228,3.47828590226671,0.122770192976692,0.603441122291586,-23.7396009306557,"chr19:46554052:C:G"
0.967609445273018,0.911993418501244,0.0994591050712398,0.176350902232719,-6.46138911988709,"chr19:46554229:A:G"
-1.052741058929,-0.907711118432519,0.0994591050712399,-0.459870334899448,-6.57457639779186,"chr19:46554252:C:T"
0.362700447923355,0.427445040288264,0.114133809182232,-0.191644493350379,-3.18154870103156,"chr19:46554342:C:T"
-0.681174725614326,0.147064154485023,0.109129449145379,-2.50717490553823,1.55079315674581,"chr19:46555284:A:C"
-0.651138023870329,-0.726807356456879,0.118741415402343,0.21959315209889,-4.61365711722043,"chr19:46555729:A:C"
-1.79778272749785,-1.6053329440893,0.109675432069205,-0.581115888306748,-10.0798335847898,"chr19:46556089:C:T"
0.743365716811952,0.916728770027832,0.102605993752873,-0.541215444676264,-5.49600303041971,"chr19:46557558:A:G"
-1.41672990183953,-0.943522901922575,0.107256446081649,-1.44490554921636,-6.14578777404845,"chr19:46558260:A:G"
0.181796928109159,0.33891128085728,0.118686038617141,-0.456053762757563,-1.50323504589218,"chr19:46558274:C:T"
-0.796170372545511,-0.436720508577698,0.103487645872763,-1.11736244306737,-3.57349482881198,"chr19:46559843:C:CA"
-0.864216397104701,-0.471580103304805,0.101571594463488,-1.23198184130826,-3.67637913457502,"chr19:46559980:C:T"
-0.0115774893098804,-0.640092583674039,0.123263372999786,1.79018819232305,-0.13320563418494,"chr19:46560185:C:T"
0.0225642476390166,-0.650392412503085,0.123263372999786,1.91677030151569,0.257602563389992,"chr19:46560380:C:G"
-1.00008847081793,-0.480682254708517,0.105682050437849,-1.59774154282366,-3.29559072765916,"chr19:46560776:A:G"
0.752965536337724,0.845046204555348,0.0992427079922853,-0.292293501017636,-5.54994211475245,"chr19:46561094:A:G"
-1.81756720797168,-1.624644812191,0.102570871131056,-0.602380111481904,-10.4996634672679,"chr19:46561369:A:G"
1.01813906909011,-0.00402272141947613,0.120719077410861,2.9419256221269,0.0184942966332784,"chr19:46561479:A:G"
-1.39935487466884,-0.824311070386855,0.137583522475132,-1.55030703021881,-4.77840520251308,"chr19:46561525:A:G"
-0.226799314056807,-0.78537372112485,0.103161499709065,1.73909060789516,-1.87190104926923,"chr19:46561728:A:G"
-1.00691210335088,-0.636904652877548,0.099224685274994,-1.17462868976324,-4.71918435816364,"chr19:46561890:C:T"
-0.239092840440976,-0.784274680844703,0.103161499709065,1.69739359026097,-1.98310850494974,"chr19:46562051:C:G"
-0.694208386541584,-0.847867542485591,0.0992427079922852,0.487763322352736,-5.26367693824148,"chr19:46562466:C:T"
0.7053512428439,0.847332496738043,0.0992427079922852,-0.450693925043103,-5.32221603005378,"chr19:46562821:C:T"
-0.94753268856006,-0.662338354741149,0.106982837619214,-0.871934448793391,-4.89191481595918,"chr19:46563141:G:T"
0.226183238462925,0.785428798233897,0.103161499709065,-1.74118020481789,-1.86632897072601,"chr19:46563228:A:G"
-0.657361438512076,-0.85022285897915,0.0994880525247871,0.611448517402426,-5.0513857460305,"chr19:46563387:A:G"
0.192881376461335,-0.47380878550222,0.150102733770862,1.72079741708202,1.68494741323423,"chr19:46563661:C:T"
2.51332531191503,2.04498033186066,0.130736870618991,1.29528944619161,-11.4347338593288,"chr19:46563817:C:T"
-0.199784733032448,-0.787788822517992,0.103161499709065,1.83071830089001,-1.62816547259791,"chr19:46564218:A:G"
0.976873307017485,0.638341306592354,0.099224685274994,1.07470646764978,-4.79508326673897,"chr19:46564219:C:T"
-1.84497176126593,-1.7378941109826,0.103223204123505,-0.333280699842599,-11.0825849119519,"chr19:46564312:C:T"
-0.838977063414085,-0.555194154884317,0.100486368512843,-0.895225944127566,-4.38104077292932,"chr19:46565124:A:G"
0.908606140971911,0.641606293531578,0.099224685274994,0.847619907557579,-4.92278114532465,"chr19:46565431:G:T"
0.816587677840533,0.611206895175872,0.105293192463858,0.632935795458542,-4.68619195313103,"chr19:46566394:A:C"
0.81532424884611,0.61134828664562,0.105293192463858,0.628606465584394,-4.68730586359326,"chr19:46566498:A:G"
-1.96781436875766,-1.59611254584913,0.106928758270291,-1.13670410719958,-9.94919611116134,"chr19:46567169:A:G"
-0.843040155640882,-0.608246574705797,0.105293192463858,-0.723579197574448,-4.6569186856067,"chr19:46567514:A:T"
0.765763180301375,0.571012011514227,0.106525080775104,0.596697387856376,-4.45754734101804,"chr19:46568227:A:T"
0.556678592660642,0.603452422278413,0.102848707619393,-0.145849018188213,-4.33052390891436,"chr19:46568570:C:T"
0.715994645349392,0.553610002515064,0.107490814129355,0.495289679217702,-4.35847954131633,"chr19:46568571:A:G"
0.818751546562258,0.610964734690196,0.105293192463858,0.6403506177731,-4.68422364162918,"chr19:46568797:A:T"
0.957172883111367,0.63928351102937,0.099224685274994,1.00917421025079,-4.8385334837523,"chr19:46568801:C:T"
1.0101846535065,-1.51150501574555,0.162921433937696,6.24744623524108,5.61420664460955,"chr19:46568923:C:T"
0.707874549106417,0.847211335318664,0.0992427079922852,-0.442299538555351,-5.33519803482467,"chr19:46569138:A:G"
0.915448936019367,0.583167564610842,0.100213351639726,1.04964683492712,-4.46214801032919,"chr19:46569216:C:G"
0.105518449002592,0.809708059105254,0.109241758901104,-2.13056736771448,-0.811535130122923,"chr19:46569522:AT:A"
0.960197656822326,0.639138846365044,0.099224685274994,1.01923593533574,-4.83219969361889,"chr19:46569534:A:G"
0.664567080369742,-1.16065001689176,0.21422759175768,3.9434544197477,3.73621461242216,"chr19:46569591:C:T"
-0.0650861289837286,0.835914340197305,0.109241758901104,-2.72603027706228,0.453394046201477,"chr19:46569640:C:T"
0.701093686281338,0.579090512335169,0.106525080775104,0.373805074738377,-4.48023956245623,"chr19:46570068:C:T"
0.0513200728358929,-0.130600020690087,0.102295008396073,0.568791960703991,0.201771492945815,"chr19:46570165:A:G"
-0.395714168908313,-0.792886283520767,0.0992235884804135,1.26087282418172,-3.28090443226376,"chr19:46570381:C:T"
2.33392881684156,0.585661203177253,0.216941473113801,3.75350172673271,-2.33586626489076,"chr19:46570504:C:G"
1.6568121460035,1.80560769993499,0.100325870600208,-0.469768060684559,-10.7839556425698,"chr19:46570506:A:G"
0.620683184676803,0.776306004838335,0.103719277342666,-0.483218485830299,-4.75932209634473,"chr19:46570562:C:T"
-0.423629601300391,-0.791724114407971,0.0993398077018146,1.16787856168419,-3.50861751226756,"chr19:46570688:A:G"
0.693603110616148,0.580026233614225,0.106525080775104,0.347987774604847,-4.47829388011158,"chr19:46570761:C:T"
-0.622910744100664,-0.0961868158404604,0.15264049229781,-1.34818089695174,-0.984412988352053,"chr19:46571397:G:T"
0.447820020363678,0.790537760226048,0.0993398077018146,-1.0873639427957,-3.69981031844733,"chr19:46571447:A:G"
-0.936008008924208,-0.640295755154824,0.0992246852749939,-0.938770548397646,-4.87933756475888,"chr19:46572284:A:G"
-0.373098120794621,-0.605986811403923,0.0991992340433781,0.739425186788239,-3.54634309342953,"chr19:46572998:C:T"
-0.393717403315394,-0.791055330172792,0.100016826683681,1.25638714993926,-3.26752043127203,"chr19:46573021:A:C"
-1.57415430477855,-1.810522144938,0.100325870600208,0.746245831585997,-10.2931682342878,"chr19:46573611:C:T"
1.63531674576111,1.57226478465159,0.10617722956845,0.193500862140689,-9.9228978469087,"chr19:46573804:C:CA"
0.231506976346834,-0.0423937812968869,0.105067611974327,0.845004073995939,0.283742179041923,"chr19:46575008:A:G"
-1.6065942525773,-1.80859341879423,0.100325870600208,0.637739193587209,-10.4986966549594,"chr19:46575021:C:T"
-1.35170350780528,-1.03889398494721,0.102230773313518,-0.978338496432862,-7.19365974103972,"chr19:46575892:A:G"
1.35086161270445,1.03896097565084,0.102230773313518,0.97549587846129,-7.19562910084754,"chr19:46575924:C:T"
1.33128924126517,1.13697909806963,0.102807534047579,0.606014479246188,-7.83369285667134,"chr19:46576206:ACCAGGCTGG:A"
-1.33788196938319,-1.0483864562549,0.102566798859982,-0.903937568338528,-7.27513634724119,"chr19:46576940:A:G"
-1.65275033953991,-1.81012130381236,0.100765900117478,0.495755808810348,-10.7430502855253,"chr19:46577040:C:T"
0.468210278521084,-0.13303305475129,0.104489416862599,1.86000504044454,1.55594444966248,"chr19:46577369:C:T"
1.76707139035027,1.84387609524319,0.10094382383502,-0.241739683257415,-11.3346214064283,"chr19:46577537:A:C"
-0.388254487381378,-0.645397062005251,0.189265876538644,0.591068517353279,-2.99237470615148,"chr19:46577777:A:G"
-0.575382678197787,-0.505438784028096,0.103484424757507,-0.217426419104415,-4.11593582806522,"chr19:46577993:A:G"
-2.51507292938446,-1.92845515600965,0.105681955478371,-1.80449131776772,-11.6467352086014,"chr19:46579197:C:T"
-0.342995093560357,1.12504365240395,0.20248719463404,-3.26241147753388,1.95669303344424,"chr19:46579329:C:T"
-1.24597554354876,-0.616676402173842,0.104965427862588,-1.94237911154392,-3.74334967353586,"chr19:46579780:C:T"
-2.58474268314003,-2.31019418791786,0.107451631443586,-0.83755350580384,-14.9504116235105,"chr19:46579995:C:T"
1.70507734284368,1.84796652150449,0.10094382383502,-0.449737875284239,-11.0430630785718,"chr19:46580129:C:G"
1.30452516303472,0.898753248832712,0.105955204959001,1.246581954527,-6.10900841811906,"chr19:46580648:A:G"
-2.60397594555782,-2.29022142466394,0.107352198609602,-0.957600844963066,-14.7950978119222,"chr19:46581628:A:G"
-0.728478626625892,-0.681142077160007,0.112826849014399,-0.140925754183517,-4.80195608639942,"chr19:46582628:A:G"
-1.26683927530764,-0.435479919910501,0.188224173156069,-1.91624524109194,-2.10669738556119,"chr19:46584159:A:G"
1.79725810055314,1.84188434737186,0.10094382383502,-0.140459295898141,-11.4535117242398,"chr19:46584982:C:T"
-2.21174853383678,-2.04822471911765,0.113663746138027,-0.485031592384726,-12.5348849453237,"chr19:46585663:C:T"
1.05794181751958,0.22003583696139,0.137505225842549,2.25962144807525,-1.12426517831392,"chr19:46586443:A:G"
-1.70631267393255,-1.84343717056009,0.101452799909669,0.430509785767118,-11.0183670224072,"chr19:46586828:C:T"
-0.140941683374483,-0.187647387132247,0.102411038133752,0.14594745830476,-0.783241949523727,"chr19:46586829:A:G"
-0.422112311782714,-0.561076186771709,0.103582776184344,0.43177564592292,-3.78127230289194,"chr19:46588362:A:G"
-0.480620134013954,-0.514233700894295,0.103484424757507,0.104490571577103,-3.94539362936159,"chr19:46588444:A:C"
-1.44375079131575,2.19225447096739,0.202615871857752,-8.07770096714161,6.47404754711458,"chr19:46588802:C:T"
0.00100014276522293,0.425112585635196,0.152093884699439,-1.08748966414063,-0.00818314262154696,"chr19:46589063:C:G"
0.278599063296301,0.176431760252418,0.102411038133752,0.319255615512019,-1.40913886388187,"chr19:46589486:TA:T"
1.46584820422193,1.74985640057475,0.101821867423865,-0.890041680149959,-9.55561414080546,"chr19:46590172:A:G"
-0.324730548650352,-0.172673200214189,0.102411038133752,-0.475153605133938,-1.57534959773642,"chr19:46590377:A:G"
1.71224643738396,1.49349205109885,0.104825294551849,0.675653022957321,-9.65196564541392,"chr19:46592489:A:G"
-0.318771173596056,-0.173158739943946,0.102411038133752,-0.455014331853702,-1.55540438570917,"chr19:46592656:A:G"
0.287061989866269,0.516048504964444,0.142441359830187,-0.606724946684082,-2.59341077339535,"chr19:46594502:A:G"
0.351162160150314,0.170519686231971,0.102411038133752,0.564477308103582,-1.65779300340707,"chr19:46595224:A:T"
0.413276459278894,0.520483870999594,0.103484424757507,-0.333263166264846,-3.72029828232166,"chr19:46595260:C:T"
-0.376951987461531,-0.525078228172482,0.103905534523595,0.459528721218172,-3.5556807434219,"chr19:46595689:G:T"
0.045117401450525,0.797578698956635,0.149496919759225,-1.94611296013136,-0.423400249776276,"chr19:46595967:C:T"
-0.411648124957016,-0.551953792259791,0.104006546730642,0.435055712113555,-3.72760681297254,"chr19:46597242:A:G"
-0.640202355452804,-0.670911872946431,0.105217397400436,0.0946736705593663,-4.67987978888133,"chr19:46598151:A:G"
-0.00244983944298332,0.0703719879388778,0.168261487802309,-0.177528960658499,0.00317329811665315,"chr19:46598942:C:T"
1.60889566934955,1.66871287083917,0.103076595841433,-0.18631424344062,-10.2520553783951,"chr19:46600217:A:C"
-0.415103258961575,-0.165310088991648,0.102411038133752,-0.780561587254522,-1.81088204881104,"chr19:46600294:A:T"
-0.283570290792469,-0.176026729786473,0.102411038133752,-0.336055516201465,-1.42829452617574,"chr19:46600969:C:T"
-0.533278633379557,-0.155681757356925,0.102411038133752,-1.17992664461586,-1.87335513136794,"chr19:46601421:A:C"
-1.59075817881727,-1.13082666726976,0.126270451396112,-1.29432189890564,-6.83418669213071,"chr19:46602459:G:T"
-1.11128400530998,-1.51440795411401,0.112334499315499,1.20276843612596,-7.14923970838846,"chr19:46603007:C:G"
0.644129884724718,0.871589852783053,0.104378441514515,-0.704043624043385,-4.87690898693227,"chr19:46603377:G:T"
1.7083712236383,1.82529611338152,0.110094030767967,-0.352391222942416,-10.5904305083232,"chr19:46604926:C:T"
-1.14106778682284,-1.33802937121013,0.11289765855786,0.586190885772432,-7.56865619495944,"chr19:46605228:C:T"
-0.647879261264615,-0.748309727727331,0.104273320279813,0.311013240691744,-4.85246361851893,"chr19:46605754:C:T"
-1.13047801785243,-0.512085128612079,0.130705454926699,-1.71047854300561,-3.05503276410438,"chr19:46606257:C:T"
0.424385622192473,0.493348143928189,0.110667025289623,-0.207302249926904,-3.65045027586609,"chr19:46606860:G:T"
0.667676970950881,0.629188715758095,0.105141392360514,0.11869744246868,-4.6406710817079,"chr19:46607584:A:C"
0.576548658344075,0.87090937424254,0.103832611347001,-0.913509277252854,-4.43991554386445,"chr19:46607862:CA:C"
-0.569696924804502,-0.784431154027683,0.107305479707495,0.655526612481879,-4.43337451728561,"chr19:46608406:C:T"
-1.50579085789599,-1.49569288877736,0.151098129765592,-0.02597792710326,-8.13654788810203,"chr19:46609100:CCT:C"
0.114440769640305,0.868951021401219,0.12863263171542,-2.10372790413943,-0.834025948105677,"chr19:46609391:C:T"
0.0712561723496051,1.28401192933464,0.147853565154341,-3.15396917443215,-0.276237960893567,"chr19:46609581:C:T"
2.20682579571175,0.859982234948577,0.124094641734646,3.82331991941374,-4.46702621320767,"chr19:46609881:A:G"
0.530641831325942,0.875338784127067,0.103832611347001,-1.06972108443041,-4.09597937027887,"chr19:46610916:A:G"
0.604362632193157,0.959735424318643,0.122880981985283,-1.01377560847895,-4.26927472684685,"chr19:46610937:A:G"
0.306521291304526,-0.262410069439802,0.194238261191132,1.29089964947007,1.23414672967866,"chr19:46611162:A:G"
1.54475080023664,1.72042543417958,0.110088022018614,-0.52946715339217,-9.73315797381835,"chr19:46611732:C:G"
-1.8890179988807,-2.05173408281405,0.115869177857727,0.478020498953892,-11.4166540283115,"chr19:46612288:C:T"
0.71531625096388,1.41333072814869,0.146833985519877,-1.8215921107633,-3.79184221095095,"chr19:46613852:A:G"
-2.95178968615374,-2.69953691247998,0.0984790389629423,-0.803829701617717,-19.4170013405848,"chr19:46614145:A:C"
1.75005713829992,1.65768958143386,0.100424664590794,0.291473624627253,-10.7185690996569,"chr19:46614380:C:G"
-2.96675097600623,-2.75762818771838,0.0985009695229251,-0.666317329118041,-19.9353921551507,"chr19:46615087:A:G"
-1.71021680033947,-1.4327914529474,0.108134213024086,-0.843654401370375,-9.15723362099001,"chr19:46615128:G:T"
-2.99897767754134,-2.75633318777466,0.098500969522925,-0.773125825598685,-19.9758742856807,"chr19:46615346:A:G"
-1.76628719364134,-1.65670768650067,0.100424664590794,-0.345787386987751,-10.7375756091896,"chr19:46615476:A:G"
-2.02679602889118,-1.93804416042134,0.103131155311065,-0.276364695898287,-12.3406345550049,"chr19:46615775:C:G"
2.9891727829265,2.69804336514657,0.0984790389629423,0.927714171852235,-19.4361810607183,"chr19:46615848:C:T"
-2.06061167564021,-1.95545686846648,0.103072868870457,-0.32753442251344,-12.4942811629531,"chr19:46615970:C:T"
2.96306634401971,2.75777625121813,0.098500969522925,0.654105405966847,-19.9297589906786,"chr19:46616096:A:C"
-3.01081605635926,-2.69717866275131,0.0984790389629422,-0.999438178016179,-19.4382681931038,"chr19:46616280:A:G"
2.0226874185151,0.644571135466716,0.14358565693482,3.63689141213244,-3.16234358879132,"chr19:46616286:A:T"
2.95954758622899,2.75791764921805,0.0985009695229251,0.642443237292941,-19.9241850059164,"chr19:46616316:G:T"
1.11793463764911,0.573061672946335,0.221412575152029,1.15796149489701,-3.31941932163603,"chr19:46616543:A:C"
-3.05447675330966,-2.92123925004605,0.0997377827518563,-0.421887474006717,-21.2455072684472,"chr19:46616653:G:T"
1.69927155864805,1.66076203573481,0.100424664590794,0.121520051054961,-10.6309191590149,"chr19:46616776:A:G"
3.06328998269656,2.92076998974736,0.0997377827518563,0.451279844998567,-21.2693870991612,"chr19:46617124:A:G"
-2.94459682123647,-2.69982428525389,0.0984790389629423,-0.779993146150918,-19.4109777248842,"chr19:46617171:A:G"
-3.01153120164957,-2.69715009092519,0.0984790389629423,-1.00180810996615,-19.4382279425936,"chr19:46617326:C:T"
1.71167478859542,1.43258454623109,0.108134213024086,0.848717370505583,-9.15408795501065,"chr19:46617908:A:G"
2.07120716776388,1.95451954920834,0.103072868870457,0.363456629185908,-12.508122997797,"chr19:46618171:C:T"
-2.9409953338236,-2.69996817359878,0.0984790389629423,-0.768058116720047,-19.4076734795537,"chr19:46618236:G:T"
-2.92388223862576,-2.70065188414995,0.0984790389629422,-0.711346744049578,-19.3893205703126,"chr19:46618441:C:T"
3.07410252465222,2.92019427607362,0.0997377827518564,0.487339980344429,-21.2969777932494,"chr19:46618488:A:G"
-2.92980326074062,-2.8039799529001,0.0991710276637523,-0.399547752070522,-20.1027300694674,"chr19:46618610:C:T"
-1.70259019928571,-1.43387376274944,0.108134213024086,-0.817170480403161,-9.17311541693071,"chr19:46619050:G:T"
-1.92016297085471,0.265419711996977,0.157570463113718,-5.50591921825111,1.24380381395455,"chr19:46619314:C:G"
-3.96907572301036,-3.78578680656321,0.100258813150075,-0.578861844606587,-31.6510791142247,"chr19:46619414:A:G"
-1.81064425928002,-1.35882517444587,0.110543668378265,-1.35893171786314,-8.31184758297449,"chr19:46619930:A:G"
-1.29789508908787,-1.39838037302385,0.100285554535334,0.317309645487006,-8.73606026348149,"chr19:46619997:G:T"
-3.99616328527112,-3.92818975064697,0.100041332648063,-0.214906781281217,-33.0681672405478,"chr19:46620145:G:T"
4.0219350034964,3.87728150203893,0.100108513306077,0.457186549260748,-32.7556460203049,"chr19:46620526:A:G"
-3.20440983638216,-3.22302000908409,0.0983895652306071,0.0593302096059656,-24.0771151275339,"chr19:46621457:G:T"
-3.26203894325192,-3.20226347510541,0.0982509573169597,-0.190701711505199,-24.2883750559652,"chr19:46623095:C:G"
3.29180022431281,3.20114612044671,0.0982509573169596,0.289213841368201,-24.4164518968657,"chr19:46623357:C:G"
1.51202744614949,1.45663629653526,0.0997818341066436,0.175353580289988,-9.53947256492545,"chr19:46624067:C:G"
-1.55529627072864,-1.3863031325784,0.100170947756384,-0.533947035134369,-9.2543262862043,"chr19:46624373:A:G"
-2.34582463885209,-2.2792452511986,0.101458763258777,-0.209023451359714,-14.9219213713072,"chr19:46626045:A:G"
2.66445543425206,1.77060884619691,0.138044581435933,2.40576556655134,-8.66290219428582,"chr19:46626086:C:G"
-1.11601957015955,-1.37362623224003,0.164820785166306,0.634528452756115,-6.34563539888851,"chr19:46626363:C:T"
0.337241420013784,0.306005465501582,0.102353221209439,0.0976346613325572,-2.65703566376491,"chr19:46626401:C:CAGG"
2.57202073475681,2.48479751214764,0.099947400197615,0.275896618387092,-16.8640205150885,"chr19:46626465:C:T"
2.86003362841397,2.77697546867542,0.0987887752349143,0.264258219156615,-19.7419903158084,"chr19:46626665:A:T"
1.52682955997906,1.52024908985475,0.104006781457824,0.0204045063929341,-9.60629910977418,"chr19:46627134:C:T"
-1.6743659921465,-1.35194044565734,0.146709901914028,-0.8417821867302,-7.75073143774675,"chr19:46627141:C:T"
-1.56969314612865,-1.43787022020813,0.0998456747553801,-0.417182727161299,-9.53248137296309,"chr19:46627310:A:G"
2.84169443734393,2.77289094813982,0.0994651392338636,0.21815994505101,-19.5530458074774,"chr19:46627353:C:T"
-3.45497986089158,-3.19182749130904,0.0980164646612432,-0.840538804622538,-24.8844859710926,"chr19:46627517:A:G"
-1.52277129355985,-1.4404220343492,0.0998456747553801,-0.260612395737026,-9.49323638840884,"chr19:46627705:A:G"
3.54248391294091,3.17022445443496,0.09859268346569,1.18555961663734,-24.6431274309939,"chr19:46628121:T:TTG"
0.331731756973509,0.35660503299469,0.102863101347835,-0.0775538178266907,-2.90371312377004,"chr19:46628152:A:G"
3.44543809963277,3.17850097230785,0.0983255736780303,0.85128648374783,-24.674551778115,"chr19:46628300:A:G"
3.42300804411298,3.20316626178729,0.100823249648349,0.692356686479131,-24.3912685695926,"chr19:46628365:C:T"
-3.48620422681772,-3.18536194110516,0.0985066095087109,-0.958531068300497,-24.7736750492155,"chr19:46628431:A:C"
-3.46879051766009,-3.19134318433574,0.0980164646612432,-0.886198555871306,-24.9040755962076,"chr19:46628624:A:G"
3.4346207514138,3.19254143698559,0.0980164646612432,0.773229053176027,-24.8505660807616,"chr19:46628667:C:T"
-3.49795470524725,-3.1987171007809,0.098211787090089,-0.9548482632985,-24.9869339901479,"chr19:46628700:A:T"
3.29414633079242,3.07186755806054,0.0988737119316423,0.706899331314047,-23.259990415751,"chr19:46628817:TTTTG:T"
-0.427485247291492,-0.302159708620288,0.102260948741792,-0.391908489408289,-3.00775530609778,"chr19:46629420:A:G"
-0.867467681430375,0.146571790786055,0.137896186409948,-2.73072981863793,1.12649069025522,"chr19:46629564:C:T"
1.45555557332625,1.51953577417378,0.104086853980802,-0.198311389724208,-9.38160631451173,"chr19:46630417:A:C"
2.55401572963443,2.86849879897226,0.102630471826869,-0.981655505845972,-17.528945140364,"chr19:46630680:A:G"
2.59250132661639,2.86527400646353,0.102630471826869,-0.851456975347242,-17.8705504771074,"chr19:46631055:A:G"
0.277244037385611,1.01946789119154,0.108123351666981,-2.2572265913517,-1.51637661960604,"chr19:46631491:A:G"
2.5670424700544,2.86740725984558,0.102630471826869,-0.937585448659022,-17.6470211869616,"chr19:46631965:A:G"
-2.50348214552767,-2.6052657082468,0.101175849850103,0.319992071489681,-16.9359386710166,"chr19:46632722:A:G"
-0.611914106676042,-0.729643080610303,0.126680273601453,0.330772093980463,-4.38074366290747,"chr19:46632960:TTC:T"
0.344522659885219,0.324376944775046,0.110362480420486,0.0606417829579697,-2.66699670928108,"chr19:46633137:A:G"
1.72226701892775,2.42823261583329,0.104454309435725,-2.18434059204715,-9.97433904320539,"chr19:46633270:C:T"
0.175757065248102,0.293569046758339,0.14941710149018,-0.30478199458167,-1.03342448072656,"chr19:46633618:A:T"
0.0861284037825908,0.966780225251301,0.130210432336475,-2.44051424681353,-0.472426474458822,"chr19:46633679:C:T"
2.19507667874049,2.76167513674629,0.104288223971329,-1.75451769463592,-13.8803454520667,"chr19:46633905:A:C"
-2.48644454121745,-2.32962541024867,0.124891926427081,-0.443743352910595,-13.7049498668744,"chr19:46634202:C:T"
2.25852797871593,2.49776901007557,0.102819818562131,-0.746100359739126,-14.9301255823644,"chr19:46634224:GAT:G"
-0.18466294367046,-0.34836442236291,0.103972360477533,0.507684203274371,-1.75121851702953,"chr19:46634375:A:C"
-2.79630096673513,-2.85425456371562,0.103217293723656,0.18038655406436,-19.2332135697666,"chr19:46634715:A:G"
-0.0335010451892365,0.353471443254506,0.104477803274376,-1.19720376487674,0.331257235774012,"chr19:46634757:C:G"
-0.206784150221176,-0.583532378738053,0.115611491365225,1.10802795395325,-2.2622342404226,"chr19:46635240:C:G"
2.59397549697838,2.78539785141974,0.103020567613399,-0.596390455429653,-17.7427415312096,"chr19:46635389:G:T"
-1.24872051501368,-0.856164495035166,0.135612434197994,-1.06598694520372,-5.38404823773961,"chr19:46636170:C:G"
0.117626081694385,0.0522097047995118,0.105160616382278,0.201725093499244,-0.180069062308607,"chr19:46636866:A:T"
-0.0190027115625143,-0.063108659544259,0.105160616382278,0.136009924468739,-0.0353052921607886,"chr19:46637645:A:G"
-2.96429932157269,-3.20271793285012,0.107220794801655,0.728116114546944,-20.8311615530395,"chr19:46637892:C:T"
0.104685692491844,0.0536397585089798,0.105160616382278,0.15741082423439,-0.164800924958886,"chr19:46637939:A:ACTGT"
3.03064057257674,3.46238666696211,0.111370968221166,-1.29372633869718,-21.0308516002791,"chr19:46638060:C:G"
0.67331549470594,0.9671988697078,0.158296935577425,-0.738650106740144,-4.33631686826531,"chr19:46638734:G:T"
-1.50417585757986,-2.0477198486307,0.112238751899479,1.62241997474321,-8.75395901714014,"chr19:46639003:A:G"
-1.62165058026818,0.165358915711835,0.206852068805709,-3.92913477421348,0.558268984410371,"chr19:46639987:A:G"
3.20461868272581,3.18887046903506,0.106916668525678,0.048162452117383,-22.4406661530377,"chr19:46640111:A:G"
-3.35577864485665,-3.44069017334131,0.110549958008215,0.255380285220501,-23.9403285275766,"chr19:46640496:C:T"
3.26289771054611,3.1575939008267,0.107569047702487,0.321070512736939,-22.4018592255941,"chr19:46640522:A:T"
-1.06140627332502,-0.93710042101495,0.135612434197994,-0.337552881706434,-5.87163157986459,"chr19:46640788:A:C"
-0.241540231370165,0.0306102990890578,0.103789643989063,-0.844757729063901,0.215963980326977,"chr19:46641702:A:G"
0.0456573526171085,0.0306629341904353,0.103229334802956,0.0466689533988945,-0.0420030408145897,"chr19:46641780:A:G"
0.275014469358773,-0.0338249376884739,0.103789643989063,0.95864033666385,0.269456443798973,"chr19:46641817:A:C"
-0.196024355474152,0.026239263321438,0.103789643989063,-0.689908300198665,0.151531045772881,"chr19:46642383:A:C"
-0.208837035316322,0.0274697061233582,0.103789643989063,-0.733498280985292,0.168646977258808,"chr19:46642745:A:G"
1.80165920386365,2.60130126787548,0.145933298260261,-2.09323714314073,-8.72522631136433,"chr19:46644173:C:T"
2.68007839844087,2.35512157500468,0.11935567830118,0.940598145373744,-14.3509541275286,"chr19:46648121:A:G"
-0.681842375703586,-1.00008034163751,0.11112715056386,0.954644996363358,-4.89629376021196,"chr19:46650444:C:T"
-1.04593959567119,-0.99661156830499,0.109385828814477,-0.149146551902739,-6.68087795863723,"chr19:46650822:G:T"
0.677119549866294,0.808295407229155,0.110877128888862,-0.393942580711299,-4.92856714375153,"chr19:46650948:C:T"
-1.2923476030897,-0.869358928073654,0.11087410955482,-1.27032155511013,-5.80176860052366,"chr19:46651176:A:G"
-2.39920044283203,-2.41676047617055,0.119752704710721,0.0507437630636467,-14.2033432859511,"chr19:46651327:C:T"
-1.17529085016215,-0.97379672556086,0.11036376093104,-0.606525606971926,-6.70092897184842,"chr19:46651990:C:T"
0.38260642087236,-0.222599775835627,0.108385362038978,1.83830703757458,2.14518009817736,"chr19:46654181:A:G"
0.328891379920074,-0.238558353756234,0.107883741315689,1.72762466997493,2.04399902881482,"chr19:46654314:C:T"
-0.303993328102679,0.218580704155817,0.107941846638217,-1.59057042589575,1.77058951369583,"chr19:46655334:A:G"
0.85243047582601,0.955954863417249,0.107173663080732,-0.316226770450688,-5.97759848234965,"chr19:46655698:A:G"
-0.27244011508595,0.214167007426901,0.107941846638217,-1.48109712752875,1.57931178093448,"chr19:46656057:AT:A"
-2.47076719010152,-2.22819206060348,0.121666661420192,-0.69544129670649,-13.3001265820348,"chr19:46657144:A:C"
-0.159537083203666,0.455912819697079,0.107152703035332,-1.88014412506299,1.78594764986914,"chr19:46658945:A:C"
-2.67382758870095,-1.89611187979726,0.111350384282349,-2.33063900902661,-10.739155250707,"chr19:46660517:A:G"
-0.0745088988678193,0.3992036154851,0.106755866182386,-1.44983634831949,0.791929410669905,"chr19:46661729:A:G"
2.70554650807467,1.89053329292898,0.111350384282349,2.44241124403721,-10.6831624851699,"chr19:46662617:C:T"
-0.122992898429629,0.405378389065371,0.106755866182386,-1.61712404635337,1.30607210641544,"chr19:46663485:C:T"
-0.538238559695793,-0.599529388855647,0.106573007308211,0.187746515816721,-4.21902104658587,"chr19:46664011:C:G"
-0.20767710842099,-0.538814025239427,0.164355920204997,0.816798487098913,-1.82293130783852,"chr19:46664053:A:G"
0.789749334206749,0.517374862091359,0.109012115495341,0.824952641942422,-4.09741288243315,"chr19:46664872:A:C"
0.608509302331793,0.755113177028125,0.106513506943811,-0.449203474437231,-4.64579701412411,"chr19:46665129:G:T"
0.00244983944298332,0.093999319146972,0.103354398558828,-0.284768139879033,-0.00688777944114888,"chr19:46667387:G:T"
-0.0431802185595078,-0.0135230485019464,0.102360633763731,-0.092696476069323,-0.0176733389671425,"chr19:46667787:A:G"
-0.745113755684442,-0.894846659091897,0.103349618246773,0.46576066428763,-5.47605186842981,"chr19:46668013:T:TC"
3.65494476394125,3.44487517970967,0.101791466608462,0.658426785359378,-27.0284730055146,"chr19:46669216:C:T"
-0.557804796809876,-0.979133370208509,0.120937027279439,1.21154979450682,-3.91090914042112,"chr19:46669266:AG:A"
3.34445987128358,2.96202529844323,0.0997914373580863,1.21062742337948,-22.0507534317686,"chr19:46669571:C:CATT"
-3.31592376636478,-2.96356087158784,0.0997914373580863,-1.11543310593001,-22.0623812867811,"chr19:46669588:C:T"
0.858233303592083,1.20465856961468,0.110409366685107,-1.04257330284502,-5.90619326321097,"chr19:46670338:C:T"
-0.317236250742,-0.415044399100989,0.0992481136281094,0.310465900179662,-3.11484070203627,"chr19:46670370:A:G"
3.24224797815386,2.80718931095518,0.101164109088699,1.36783777862121,-20.1604367931435,"chr19:46670736:A:AAAAC"
0.469287786526088,0.734726698083189,0.102464026604268,-0.829237394720239,-3.93304048174846,"chr19:46670948:A:G"
2.77634844928819,2.71465264221498,0.103191620727953,0.192058455955613,-18.4812209303809,"chr19:46671636:A:C"
-3.57027977465543,-3.10159396447338,0.0997911005522292,-1.48366516150805,-23.6125531906586,"chr19:46672271:C:T"
-3.53909930248254,-3.19459055205269,0.0991001480674209,-1.09436729478549,-24.8161235971488,"chr19:46672358:C:G"
4.85687020679637,4.75017781886172,0.103850962160694,0.331076361061594,-37.3908407278761,"chr19:46673495:A:C"
-3.5044426858078,-3.03177295136039,0.100291730006575,-1.49253743759254,-22.7193386587608,"chr19:46673568:C:T"
2.87444322159112,3.3136563173144,0.109644042937278,-1.32642518774758,-19.6926522671629,"chr19:46673581:CATAG:C"
-2.78810283849734,-2.58157985991985,0.103041610040923,-0.643371860541773,-17.6515832776693,"chr19:46673623:A:G"
4.65486965885931,4.8709931018856,0.100014965036292,-0.683391202762882,-37.1687954388793,"chr19:46676197:A:G"
-0.871104617861593,-0.963900047427044,0.0999019426251143,0.293588891964704,-6.26626113069971,"chr19:46676399:C:T"
-0.0701598053025429,-1.10450489146223,0.130641342758566,2.86170681553015,-0.298480146861327,"chr19:46677706:C:T"
-1.77744248879598,-2.52570609566278,0.144729912403957,1.96686917206862,-8.74470494005891,"chr19:46679238:A:G"
4.67078227425405,4.87009925730011,0.100014965036292,-0.630248486085552,-37.2300234092494,"chr19:46679585:A:G"
1.84752135154143,1.56684293976964,0.174735923614697,0.671456543430474,-8.1745029852146,"chr19:46679664:A:G"
-4.66764127979647,-4.87027569346848,0.100014965036292,0.640738337967462,-37.2182667192477,"chr19:46679685:C:T"
-0.320574988210166,-0.509883326714677,0.0991361089532655,0.601248227852753,-3.29008949845637,"chr19:46679718:A:G"
0.302492531261598,0.510731235341931,0.0991361089532655,-0.661371563385576,-3.17520063012461,"chr19:46680159:C:T"
-0.103571373464367,0.124775953959247,0.0990786084521993,-0.725447492352489,0.400502410736375,"chr19:46680583:C:T"
-3.29951534378743,-3.27583890656962,0.0985421025515059,-0.0754232841649702,-24.8978298724555,"chr19:46681099:A:G"
0.332615527619992,0.468277379950028,0.0989692268485187,-0.431228696702705,-3.32742902122495,"chr19:46682248:C:T"
0.357706380061465,0.467145056616239,0.0989692268485187,-0.347873016983237,-3.45902299041628,"chr19:46682662:C:G"
0.0143895481805877,0.0802441006914703,0.098904620857263,-0.209400402338841,-0.0361125251265712,"chr19:46683398:C:T"
0.0162195893963436,0.080162761431376,0.098904620857263,-0.203322708004808,-0.040663387513312,"chr19:46683704:C:T"
-3.257911961832,-3.20755690423078,0.0986739914112674,-0.160303036557897,-24.223822928626,"chr19:46684181:A:T"
2.87424319562892,3.24185365570849,0.113224498092086,-1.09249047274093,-19.2745162556235,"chr19:46684962:C:CA"
-2.96655505316176,-2.72727588940681,0.101791949529888,-0.749977382262676,-19.2264574123757,"chr19:46685046:A:G"
3.1882560668981,2.55725851688468,0.103002730840389,1.96608958905799,-17.1653284822594,"chr19:46685553:C:T"
-2.70182611670448,-3.11953388627528,0.100050101996995,1.32057717185125,-19.2440197334958,"chr19:46686070:A:T"
0.505538639070149,0.194900383256795,0.152373987399994,0.795791915447685,-1.75356839628318,"chr19:46686088:A:G"
1.38778623424725,2.4136569409018,0.132960787898071,-2.8133958265852,-6.74535152746347,"chr19:46686612:A:G"
-0.632436968548033,-0.568940177995468,0.0994307522749335,-0.201368442876997,-4.46630274493199,"chr19:46689165:A:G"
0.556524066723547,0.572736028333197,0.0994307522749334,-0.0514132672991427,-4.31714929614531,"chr19:46690593:C:T"
0.317852053507972,0.17557216617545,0.0993585151541005,0.451378601136362,-1.61460009508438,"chr19:46690997:A:G"
-0.692035584494041,-0.565960086060761,0.0994307522749335,-0.399825354691491,-4.51975097632766,"chr19:46691052:A:C"
4.70481748950871,4.89224340476243,0.100686509644261,-0.590668753614477,-37.2797937120029,"chr19:46692822:C:T"
1.23141803072811,1.06243686149802,0.0988525256394694,0.537457869054714,-7.53638784129042,"chr19:46693167:C:T"
-5.20196800441196,-4.96025275547168,0.103668930347279,-0.750723032792088,-37.3388195880335,"chr19:46695675:A:C"
2.28086294903864,2.26113787760737,0.10075737989534,0.0621412738672725,-14.686460417214,"chr19:46695899:C:T"
1.87715870076571,2.11034409936369,0.117768137314588,-0.67949685289251,-11.2814292085448,"chr19:46697348:C:T"
2.91566902880621,2.98276069599789,0.099782077108043,-0.21239403417552,-20.9399959189564,"chr19:46697361:C:T"
-0.65770516062487,-0.975632438014529,0.0999019426251143,1.00586761148995,-4.93910222205519,"chr19:46697551:C:T"
1.76858792594217,1.22031170745348,0.13495002893591,1.49249511293305,-6.86787126553537,"chr19:46697618:C:T"
-1.28013399647043,-1.01859093204825,0.0988576486056761,-0.831836685834154,-7.24360605349077,"chr19:46698293:C:G"
0.554247923117762,0.981320365881147,0.0999019426251143,-1.3511842754187,-4.05944936226118,"chr19:46698547:C:T"
-3.03942217017287,-2.8636246169504,0.104720613333228,-0.543246250670917,-20.0526982289838,"chr19:46698561:C:T"
0.719486823291574,1.45348658724206,0.103772822440693,-2.27852661459022,-4.12751010744492,"chr19:46698981:A:G"
5.07968882658447,5.06714597534838,0.0999191614289376,0.0396800198818545,-37.8618630473891,"chr19:46700002:A:G"
5.55291861788625,5.00942737324734,0.101003276249472,1.7101130518223,-35.9923449658507,"chr19:46700099:A:C"
-1.35321774399363,-0.643326115691666,0.101818057626322,-2.22474198439744,-3.73954933244838,"chr19:46700101:G:GGT"
1.03339067896501,1.09753679024547,0.0987615337080629,-0.204115704615462,-7.25033699088532,"chr19:46702162:C:G"
-0.200865759333878,-0.795333930176569,0.123211224033497,1.69357124196101,-1.71988971719808,"chr19:46702260:C:G"
-5.30511581166384,-5.03059718824516,0.0983604871378376,-0.875309167335647,-37.4254035551098,"chr19:46702450:A:G"
-1.92371123782559,-2.09900166382423,0.117768137314588,0.510792243101021,-11.5400962307185,"chr19:46702451:C:T"
-2.9047977249902,-2.8900297003429,0.0981705912214385,-0.0471337186672045,-20.6845624574708,"chr19:46702455:C:T"
2.82254558699071,2.91257746314362,0.0981975383892321,-0.287306862743166,-20.3124570229972,"chr19:46702503:C:G"
-0.695206658295925,-0.973570660426198,0.0999019426251143,0.880696165005027,-5.22375039274302,"chr19:46702596:C:T"
-5.32039922680321,-5.06628567336476,0.101186232501211,-0.798853452121996,-37.4693437837783,"chr19:46702686:A:AT"
-0.717786397044839,-0.972329259357072,0.0999019426251143,0.805330146686398,-5.38517700991773,"chr19:46702782:G:T"
-0.948277846618025,-1.10119116602048,0.0987615337080629,0.486576805855872,-6.85213358950299,"chr19:46703699:A:G"
1.50780998525322,0.439383928890451,0.115054269404044,3.14987341778863,-2.27190671292041,"chr19:46703751:A:G"
-1.90817893250264,-2.10278607994914,0.117768137314588,0.567080722186487,-11.4584016361661,"chr19:46703893:C:G"
-2.3891978122263,-2.01391917981344,0.106427149867979,-1.15034370795086,-12.7051292713271,"chr19:46704707:A:T"
2.98422261489509,2.88711518605275,0.0981705912214385,0.309928669599514,-21.0085889100416,"chr19:46704934:A:T"
5.35402442311215,5.02870439790622,0.0983604871378376,1.03729064656687,-37.2208718207069,"chr19:46705224:C:T"
1.24826303938626,1.06315981054623,0.0993806063686599,0.587169073896237,-7.52632112287645,"chr19:46705784:C:T"
-2.96782882115216,-2.88771676002019,0.0981705912214385,-0.255686149056805,-20.9500137653934,"chr19:46705858:G:T"
-1.0671287999244,-1.09608822169794,0.0987615337080629,0.0921501344753264,-7.37282283048516,"chr19:46705902:A:G"
-2.09566487091822,-1.32770135181338,0.110846447275041,-2.30663937330523,-7.18229843639955,"chr19:46707138:C:T"
0.751748074796774,0.970462095899626,0.0999019426251143,-0.691973811786068,-5.61322919300039,"chr19:46707461:A:G"
1.35057531515831,1.1439478846171,0.0976013027469438,0.66139387380871,-8.02819142282172,"chr19:46707602:A:C"
2.9633303452189,2.67818563481062,0.102393684477395,0.891104699902097,-18.7173852477938,"chr19:46708039:G:T"
-0.767984424964246,-0.969569445073106,0.0999019426251143,0.63778057785377,-5.71582463261571,"chr19:46708379:A:G"
-2.40179915679292,-2.46088123545487,0.0979270080529931,0.18880110146047,-16.2667737747564,"chr19:46708521:C:T"
-5.18746252095057,-4.78286698633175,0.100244649533148,-1.27788121022284,-36.5406696038963,"chr19:46709086:C:T"
2.93735075660624,2.72691209010408,0.0975644267267184,0.673720547013807,-19.7609821041786,"chr19:46709336:A:G"
-2.96184612141512,-2.6783062898627,0.102393684477395,-0.886089298812654,-18.7175109766849,"chr19:46709476:A:G"
-5.09070499925282,-4.93364439727079,0.0985225201235409,-0.500379491667602,-37.6418555565863,"chr19:46709870:A:AT"
-5.01149352590137,-5.19931078875152,0.0999306071846941,0.594136514306724,-37.6255951500843,"chr19:46711154:C:T"
5.01941341210605,5.19887296760772,0.0999306071846941,-0.567697948243786,-37.6531834678669,"chr19:46711739:A:T"
-0.881790443813509,-0.963312556317924,0.0999019426251143,0.257922041989274,-6.31305055896151,"chr19:46711764:A:C"
-5.01311818410301,-5.19922097562874,0.0999306071846941,0.588712997846571,-37.6313392920577,"chr19:46711896:C:T"
-2.28564060082996,-2.05762884121302,0.100267392506608,-0.720074423862946,-13.5648124340122,"chr19:46712717:A:G"
-2.90857710196561,-2.9716767828706,0.0986928600495654,0.200855762327983,-21.0169229230463,"chr19:46712758:A:G"
1.71961435549102,1.95714294466883,0.146059465368743,-0.621514171816002,-9.45862570585512,"chr19:46713613:CCTT:C"
-2.95051735772917,-2.75850277436786,0.102773177763289,-0.598955175145297,-19.3224789351654,"chr19:46713752:C:T"
1.05691847053116,1.19790180628752,0.0981615074105751,-0.449984104264119,-7.51291172899086,"chr19:46713856:C:T"
1.13057041178464,1.19520619681272,0.0981615074105751,-0.206301515517655,-7.84080939826486,"chr19:46714330:C:T"
-1.1740762397205,-1.12881730417531,0.0974909950169017,-0.144951289758917,-7.81467956774931,"chr19:46714657:A:C"
2.37698060053033,2.4609087726124,0.0984946215742971,-0.267424693367785,-16.071520997708,"chr19:46714844:G:T"
0.921775716776218,0.961114224390481,0.0999019426251143,-0.124460320040551,-6.47068823583722,"chr19:46715342:G:T"
5.50684400224581,5.10083119964385,0.100734603967533,1.27923515688064,-36.8709292462322,"chr19:46715865:C:T"
-2.98492452627505,-2.4610327678299,0.102768720083321,-1.63422215007055,-16.4413461754397,"chr19:46716923:A:G"
1.21842626225201,1.13258699701059,0.101161085207726,0.269885313368228,-7.78916194558344,"chr19:46717670:C:G"
1.33601416066673,0.983177863769988,0.100096183567907,1.11523013421072,-6.85165222243143,"chr19:46717872:A:G"
-5.57788522336216,-5.09630079010349,0.100734603967533,-1.51734067025195,-36.4527048815123,"chr19:46718300:C:G"
-2.97485522558617,-2.46189119698406,0.102768720083321,-1.60013431060446,-16.4681053757342,"chr19:46718501:A:G"
1.27341710484208,1.30629673266323,0.112590970192141,-0.0979885005931755,-8.10039289035672,"chr19:46718980:A:G"
1.19167513600967,0.992099438491731,0.113688367855779,0.591901771774985,-6.72167580800918,"chr19:46718981:C:T"
3.00875971845541,2.45900076734695,0.102768720083321,1.71491198442868,-16.3775377396203,"chr19:46720037:C:T"
1.23313377463708,1.12748568041419,0.0973661590216511,0.338577152590506,-7.91116872582496,"chr19:46720286:C:T"
5.07478037845591,5.06263765741935,0.0987743773102959,0.0386361521378489,-37.8886154891107,"chr19:46720692:A:G"
-1.17687072687516,-1.1290723157517,0.0973661590216511,-0.153182601688848,-7.82578402981518,"chr19:46721060:C:T"
-1.21407062536507,-1.1075212321818,0.097288093162133,-0.341602574421555,-7.80121476110826,"chr19:46721227:A:G"
3.00648913803291,2.45919433912436,0.102768720083321,1.70722533534262,-16.3836131552652,"chr19:46721333:C:T"
3.06102890816915,2.70255606565136,0.0980003685935919,1.14509733792304,-19.5636027584704,"chr19:46721350:C:T"
2.39184123005392,2.65236372163699,0.0977863373459895,-0.833117262306762,-16.5820396801844,"chr19:46722533:C:CT"
-0.913576166684339,-0.961565023682862,0.0999019426251143,0.151828548225121,-6.44061595679836,"chr19:46722546:A:G"
-2.93136295579633,-2.87101943566289,0.0971789203212963,-0.19357292220465,-20.8488689681168,"chr19:46724038:A:C"
-2.90863254590139,-2.87161549615924,0.0971789203212964,-0.118745119179965,-20.7518777347802,"chr19:46724070:A:C"
-1.50803920734704,-1.31400916691754,0.122323509128406,-0.554771329257218,-8.19930107419473,"chr19:46724561:A:G"
-1.02512668983979,-1.23048373663853,0.099043114714988,0.652525465873058,-7.31475780151118,"chr19:46724564:A:G"
-1.30251007672514,-1.90145511292312,0.098959310684791,1.90396359119075,-7.79872794800806,"chr19:46725733:C:T"
1.63703386259428,1.43763996171066,0.137822303103502,0.537096247792017,-8.3954191793991,"chr19:46726153:A:C"
-0.145855901156838,0.501795179768563,0.140794118651069,-1.72603197939139,1.41411224177541,"chr19:46726326:A:G"
2.92472589849419,2.85266819913355,0.0976161595788921,0.230631983016251,-20.6396903058039,"chr19:46726856:C:T"
1.12389638280712,1.06275074042357,0.0978767498595251,0.195445529994435,-7.44872648513582,"chr19:46727136:C:CT"
2.48208054823458,2.28691248373208,0.104711371684884,0.603131249601156,-14.9537988021208,"chr19:46727370:C:T"
-0.573546878299279,-0.701529489204278,0.0973362393955905,0.410217028272163,-4.59434823553514,"chr19:46728966:C:T"
0.412037910087011,0.367404440850386,0.12262779022058,0.127457734119503,-3.02732545993896,"chr19:46729491:G:T"
2.12390558304068,2.1225352778829,0.0979440812215295,0.0043785286330045,-13.7866375656469,"chr19:46730421:GAA:G"
5.05223622130923,5.33447361173771,0.100987249355334,-0.888139685314411,-37.3615323473092,"chr19:46731628:A:G"
2.17186190297474,2.09140026239968,0.102040408627131,0.251885280268312,-13.4755107059744,"chr19:46732458:C:T"
-2.15305815337136,-2.08131765524159,0.0992180760089593,-0.227755559721458,-13.5979208260184,"chr19:46733011:C:G"
-3.02562065455639,-2.67312195068312,0.102393684477395,-1.10159242049805,-18.6834254726792,"chr19:46734278:C:G"
-1.11381406355473,-1.06308942791029,0.0978767498595251,-0.162135892450281,-7.42896416448366,"chr19:46734294:C:T"
-0.0941993134063467,-0.475892431173261,0.138008823939041,1.02745048584695,-0.909318948215862,"chr19:46734526:A:C"
2.33968616283148,2.58903012603583,0.0974633210282583,-0.798690015367077,-16.1458540542503,"chr19:46734810:A:G"
-2.11402023112149,-2.12287437756791,0.0979440812215295,0.0282916060823282,-13.7498544602783,"chr19:46735402:A:G"
1.07876113710522,1.0642669335282,0.0978767498595251,0.0463291771830365,-7.34628124388585,"chr19:46735692:C:T"
-2.23301578849688,-2.11503395744211,0.0979383870327828,-0.376997663337957,-14.0673140916967,"chr19:46736662:C:G"
0.556808828292666,0.59663919522319,0.0982107383515283,-0.127096859429244,-4.38331817005213,"chr19:46737960:A:G"
0.951831561721461,1.06853077975255,0.0978767498595251,-0.37301661457656,-6.86580201198288,"chr19:46738342:C:T"
2.22293213150835,2.11537925329048,0.0979383870327828,0.343673118232784,-14.0480638677702,"chr19:46738402:C:T"
-3.01430638260013,-2.67404170690088,0.102393684477395,-1.06335990344032,-18.6936178130597,"chr19:46738895:A:G"
-0.945210658442886,-1.015975490869,0.0991149565626374,0.224774937248418,-6.71162772651965,"chr19:46739735:A:G"
1.06595346450262,1.06469717168431,0.0978767498595251,0.00401560611896586,-7.31065318523167,"chr19:46740364:A:T"
-2.22620824803893,-2.14681398105178,0.0984631187997089,-0.253018542391982,-14.1793961363174,"chr19:46741273:A:C"
2.634307899705,2.27081188601696,0.104711371684884,1.12331802602824,-14.8317603120345,"chr19:46741828:C:T"
-2.95664406516975,-2.87035648806666,0.0971789203212964,-0.27679754864928,-20.9471015116295,"chr19:46742535:C:T"
-0.604986982617706,-0.966058620941005,0.120937027279439,1.03827819149342,-4.28207002626055,"chr19:46743722:A:G"
1.08884028783201,1.06392835247929,0.0978767498595251,0.079628346655648,-7.37228051683775,"chr19:46743884:CAG:C"
1.11498011951117,1.06305025750203,0.0978767498595251,0.165988270092057,-7.43134152535237,"chr19:46744524:C:T"
-2.25150388287218,-2.11815824167471,0.0979440812215294,-0.426078603554059,-14.1205870125294,"chr19:46744529:A:G"
-1.07426125167812,-1.06441809466957,0.0978767498595251,-0.0314626024580417,-7.33409391989796,"chr19:46745051:A:G"
1.08234220098582,1.06414663764239,0.0978767498595251,0.058160179247068,-7.35572430975972,"chr19:46745328:C:T"
2.31437112701558,2.11600169096605,0.0979440812215294,0.633848782313194,-14.190250415351,"chr19:46745722:C:G"
-4.98102996720198,-4.64440811387512,0.103055420053279,-1.04859283974441,-36.6715186903328,"chr19:46746094:A:AGGCCG"
1.09319231070521,1.11938927821857,0.099775356232187,-0.0829352919893147,-7.48717823824171,"chr19:46746450:C:T"
-1.61433647480191,-2.08360946149838,0.133279150255989,1.28541820842514,-8.97496742780639,"chr19:46747633:A:G"
-0.814429105186728,-1.35567959381588,0.103156586876428,1.68519367058944,-5.24408581916013,"chr19:46748673:C:G"
-0.119716468117868,0.285300450317075,0.143746438000997,-1.06825422492742,0.716352981469452,"chr19:46748751:C:G"
2.35796455046021,2.42239070399348,0.0981602564270098,-0.20563373370392,-15.8831382434274,"chr19:46749618:A:G"
2.37383713127235,2.11396181383499,0.0979440812215294,0.83037819127439,-14.2005655837955,"chr19:46749961:C:T"
-2.32741710625603,-2.11555417149611,0.0979440812215294,-0.676964485503452,-14.1970594642129,"chr19:46750027:C:T"
0.622181433988431,0.961293832353628,0.120937027279439,-0.97513338162648,-4.40841002119422,"chr19:46750709:G:T"
0.363826588993713,0.534383530678821,0.0979498366932487,-0.544963658460209,-3.55044194408303,"chr19:46751283:C:G"
-1.58377907342377,-1.72445125622343,0.138304811903902,0.3782592710169,-9.02488825804153,"chr19:46751870:A:C"
1.21199722556922,0.595979281035071,0.119922065126305,1.77886837384076,-3.55180099838135,"chr19:46752757:C:T"
1.10084362340416,1.23896482022406,0.0983712430826029,-0.440378647316075,-7.75681244816392,"chr19:46753087:A:G"
-1.04947801632904,-0.990222501474388,0.0991968179457232,-0.188139465314121,-6.96367518866789,"chr19:46753207:C:T"
-5.05988389604552,-4.85715951915269,0.101724548323213,-0.635613465421161,-37.3807212025444,"chr19:46753285:C:T"
-1.82975564969802,-1.78467484418895,0.103530244070778,-0.140106424007394,-11.2335582173803,"chr19:46753945:G:T"
-0.95135300115883,-1.03540853794103,0.100220803989717,0.265513975088488,-6.74153286961669,"chr19:46754224:A:G"
1.7560302339994,1.5458853028683,0.10058089663223,0.662614854255421,-10.1266656701736,"chr19:46754411:C:T"
-1.03363587926883,-0.985673124225065,0.0987584529964172,-0.152621944500129,-6.92408550504731,"chr19:46754547:A:G"
-1.84895816337545,-1.94172539881426,0.105948455695813,0.285001600526633,-11.600355991285,"chr19:46754638:A:G"
-4.1714390748122,-3.99722394916114,0.102367853040521,-0.544507744429172,-33.8821774761894,"chr19:46754939:C:G"
0.867204268985364,0.830621477565515,0.0994587591909696,0.115999287711354,-5.90689739092908,"chr19:46755417:C:T"
-4.17810862867389,-3.98623195296041,0.102895995969755,-0.598167686017007,-33.6701643637377,"chr19:46755585:C:T"
1.58402281139768,1.92377013999112,0.196364916710212,-0.766697596396105,-7.85478263921734,"chr19:46755699:C:T"
-1.15646147119345,-1.11296610005239,0.137486404237075,-0.117304092520912,-6.63309209971426,"chr19:46758940:C:T"
0.910181072389416,0.825684680525209,0.103416255276711,0.262750626565378,-5.8778433393587,"chr19:46759685:A:C"
-0.996958737207994,0.35226730737023,0.195056500062572,-3.05495278336209,2.36372144146156,"chr19:46760128:A:T"
0.837504506602724,0.845755189545609,0.0990437144790182,-0.0262166042709739,-5.88258010358342,"chr19:46760253:A:T"
0.139848038613818,-0.158085185026806,0.237439348784483,0.611424151404081,0.286765612037655,"chr19:46760611:A:G"
0.881217082627658,0.84374810343896,0.0990437144790182,0.119057950308786,-6.00189987431522,"chr19:46760721:A:AG"
-0.861078820852371,-0.844672762406635,0.0990437144790182,-0.0521303684671692,-5.95089509514592,"chr19:46760927:C:T"
0.868955582246807,0.837473873632197,0.0985896096519757,0.100263467781708,-5.95954403894328,"chr19:46761430:G:T"
-1.40465427125909,-1.2311119468168,0.0988732394133119,-0.551907160244591,-8.46788349634113,"chr19:46761896:C:T"
-1.37548282441615,-1.58673254968897,0.0987417368527705,0.672273158520605,-9.24065968787673,"chr19:46762028:TTA:T"
0.867869274551132,0.837518542734482,0.0985896096519758,0.0966615141160978,-5.95684209663184,"chr19:46762125:C:T"
-0.568526562396934,-0.593965290380481,0.101006065499998,0.0800426879167087,-4.37313988592711,"chr19:46762703:A:G"
-0.576729031119433,-0.59341869236239,0.101006065499998,0.0525138421689007,-4.39467622071612,"chr19:46763373:C:T"
-2.84580282447804,-2.6596394088842,0.100465499774925,-0.587334975955965,-18.6591417815243,"chr19:46763378:A:G"
0.848989083579579,0.838294898443767,0.0985896096519758,0.0340590182045731,-5.90675060495511,"chr19:46764182:C:T"
-1.76149359754325,-1.62739743244114,0.105375399986445,-0.413091957678475,-10.358594804699,"chr19:46764201:A:G"
-1.63373354097699,-1.80032965201055,0.10375615486451,0.517199295700558,-10.4906683517767,"chr19:46764948:A:G"
-1.25834222731656,-1.62071803919358,0.123568546112188,1.03087316126886,-7.73404480400528,"chr19:46764983:C:T"
1.19005741482451,0.76466686863858,0.119013663546512,1.2330747989761,-5.05672894554936,"chr19:46765116:G:T"
-0.95172389346611,-0.821858994863994,0.103416255276711,-0.403828882201175,-5.9203046788991,"chr19:46765278:C:T"
-0.760496960036355,-0.841933705140349,0.0985896096519758,0.259361096595379,-5.59357360050411,"chr19:46765357:A:C"
0.183595474216831,-0.520167017536248,0.140794118651069,1.875572514951,1.78820013631571,"chr19:46765367:G:T"
-0.86081287095204,-0.83780870289385,0.0985896096519758,-0.07326405600098,-5.93881337354458,"chr19:46765516:A:C"
1.44230929722401,1.23413695327542,0.098836871532577,0.662160907039979,-8.47601565583592,"chr19:46765721:A:T"
-0.792646630664991,-0.590032298791151,0.0976545642576293,-0.648371458115099,-4.69278640617581,"chr19:46766113:A:G"
0.724103728154425,0.651210546982926,0.0981596680741305,0.232659271203131,-4.94336881614729,"chr19:46766408:C:T"
-0.950651797884792,-0.82195772433365,0.103416255276711,-0.400188075665478,-5.91958497577523,"chr19:46766446:C:T"
0.654949566948419,0.679936048978545,0.100110889989703,-0.0789704209158667,-4.83167861206453,"chr19:46766924:G:T"
0.934213953121654,0.450217740330419,0.0994040994575797,1.5351111133451,-3.27535668852707,"chr19:46767185:A:G"
-3.97485109775073,-4.0337485721514,0.102609967055806,0.183866198933799,-32.9659413600827,"chr19:46767708:C:T"
4.01373315686397,4.03049897847095,0.102609967055806,-0.0523395599258753,-33.226495081674,"chr19:46767933:A:G"
0.659350559601822,0.770480614436323,0.100191596514858,-0.351087914620097,-5.00361186597058,"chr19:46767996:C:T"
0.462769970437742,0.575204267105468,0.097571506389009,-0.359945959208983,-4.02498352297347,"chr19:46768826:A:G"
-1.2414704010699,-0.75146396255818,0.119013663546512,-1.42037616040659,-4.81949082212544,"chr19:46768858:A:G"
4.04110913300157,4.09949261710358,0.10299822786085,-0.181917773572927,-33.7382698294778,"chr19:46769165:A:G"
-0.672643093366087,-0.598211635679164,0.0974755991061629,-0.238401271771286,-4.66660953799027,"chr19:46769468:C:G"
-0.774513738915695,0.0224769426618027,0.140135837306249,-2.12901458818723,0.217499800195387,"chr19:46769495:T:TA"
-0.606216432028968,-0.0528891891236329,0.118663926039005,-1.6062853431922,-0.622257442259939,"chr19:46769663:A:AT"
0.63629143618065,0.599278775354716,0.097475599106163,0.118550216356871,-4.60610219301624,"chr19:46769760:A:G"
-1.69449988342507,-1.74744194678066,0.103301369788158,0.164720564991707,-10.7212613876444,"chr19:46770011:A:G"
-0.627347703548236,-0.186982818667621,0.112457085694376,-1.31316490748641,-2.04793393567024,"chr19:46770188:TA:T"
-1.07498216607555,-1.02350434930437,0.0978534375776114,-0.164562954627759,-7.19300481209612,"chr19:46770322:C:G"
1.02366238161355,0.785515546864199,0.101896517096451,0.746045205567183,-5.7695897203682,"chr19:46770338:C:G"
0.706299070643638,0.626942598847651,0.0991424964576187,0.252030107998398,-4.80052321716682,"chr19:46770811:A:G"
-0.618454875142367,-0.599802385650182,0.0974755991061629,-0.059743250432387,-4.56900207772305,"chr19:46770814:C:T"
-1.77679944675886,-1.66860665928109,0.100514741130774,-0.341258463337514,-10.8028700891167,"chr19:46770881:C:T"
0.617362406896724,0.599834456160837,0.0974755991061629,0.056141393395201,-4.56657096870532,"chr19:46770915:A:G"
1.06687444133444,1.0035416097627,0.0977383424667618,0.202579931850292,-7.10024312467403,"chr19:46770957:C:T"
-0.636016330530438,-0.599286851359416,0.0974755991061629,-0.117643195739898,-4.60556705106767,"chr19:46771038:TAAAC:T"
4.13553162231657,4.07540696986331,0.103421824640593,0.186959045076756,-34.0858658446434,"chr19:46771075:A:G"
-0.687478845570039,-0.597776117163104,0.0974755991061629,-0.28731460054859,-4.68549286471579,"chr19:46771402:A:G"
0.685053361308669,0.597847319707589,0.097475599106163,0.279317802847357,-4.68263554014812,"chr19:46771439:A:G"
0.619131236952444,0.599782530364937,0.0974755991061629,0.0619732086531677,-4.57049802154948,"chr19:46771850:A:G"
-0.619945606908841,-0.59975862371092,0.0974755991061629,-0.0646581783720127,-4.57228988148091,"chr19:46771906:A:G"
1.02086456108447,0.660749436764194,0.101844960513318,1.12842211628556,-4.84564502821893,"chr19:46771964:C:T"
0.55128068713656,0.70646550604232,0.0977787049699639,-0.496280365353085,-4.48033149789131,"chr19:46772547:A:C"
-0.553112666105613,-0.706405862573729,0.0977787049699639,0.490230965153483,-4.48962279643137,"chr19:46772568:TCGC:T"
2.38322699038756,2.25956907138453,0.103437172532511,0.384488729047355,-14.7345847834837,"chr19:46772799:A:AT"
1.02357985735713,0.9904527786802,0.0988201885305439,0.105380510982713,-6.91528052285513,"chr19:46772953:C:T"
-0.763126098680562,-0.678291080350774,0.0998034552228284,-0.268535909713307,-5.08415355199507,"chr19:46773116:G:T"
4.18200841947863,4.33232491543452,0.102901195011192,-0.468593687830414,-35.8189587168872,"chr19:46773197:A:G"
-1.07713690628005,-0.656501038924152,0.101844960513318,-1.31806409553965,-4.67339557224738,"chr19:46773578:C:G"
-1.43801920114092,-2.01219591195184,0.10569655164342,1.76609948449694,-8.470233794623,"chr19:46773636:A:G"
1.03441365420955,1.1158761546149,0.0980392661399779,-0.260170295543036,-7.31200397558778,"chr19:46773658:A:G"
-0.636924513088265,-0.827405939190862,0.101039840294988,0.599247606900765,-4.90343596303452,"chr19:46773772:C:G"
-0.697401838442786,-0.681836148306815,0.0998034552228284,-0.0492714782559375,-4.96235369780079,"chr19:46774085:A:T"
-0.693766731328388,-0.682032220528877,0.0998034552228284,-0.0371443019006341,-4.95359632702518,"chr19:46774105:G:T"
1.06350067171626,0.657530534838454,0.101844960513318,1.27210897312096,-4.71849053826149,"chr19:46774455:C:T"
-1.0820886518281,-0.952316726498429,0.104006032545735,-0.402393987572736,-6.70268991218015,"chr19:46774559:A:G"
0.87531945706913,0.70410381647373,0.0996300556724463,0.542435680024886,-5.32349669454849,"chr19:46774634:C:T"
0.841235440941296,0.705879845103022,0.0996300556724463,0.428825920449704,-5.31131210674169,"chr19:46775602:C:G"
-1.88901165748835,-1.6319902097655,0.104505204871287,-0.795060916546864,-10.4320733787746,"chr19:46775681:A:G"
-0.913226441960405,-1.25596992612072,0.0994268217950072,1.08696967642842,-6.48227056978019,"chr19:46775940:G:T"
1.68854642767989,1.65275632986404,0.104505204871287,0.110711803333451,-10.3853531827898,"chr19:46775995:C:T"
0.60622138111091,-0.201389696219206,0.156738819119751,2.03992397379905,1.92572941120906,"chr19:46777006:G:T"
-2.06406489789664,-2.60562756317727,0.114363530483704,1.60141886401519,-12.2289629679822,"chr19:46777432:C:G"
-0.940499953242593,-1.11919209852086,0.098039266139978,0.570696799348588,-6.83840510021078,"chr19:46777532:C:T"
-4.15455315663978,-3.9589434268619,0.102954562824415,-0.609631857361916,-33.3108573447869,"chr19:46777995:C:T"
2.54155015913018,2.7588447205515,0.104657678570806,-0.671681378168948,-17.1260054924404,"chr19:46777998:A:C"
0.928644651037607,0.669979975481433,0.134065518930255,0.706445359574569,-4.5810853520793,"chr19:46778274:C:CA"
-1.17693314741869,-1.19750050467539,0.107901354557906,0.0626130765136514,-7.69508966816979,"chr19:46778905:A:G"
-1.87375287240562,-2.18250914873486,0.103280539832173,0.960741487092471,-11.9986382906299,"chr19:46778983:A:G"
-3.74999805918568,-3.57011338808353,0.104998488963423,-0.555140141634388,-27.7832052772245,"chr19:46778988:C:T"
-1.99882511640641,-2.13575925581518,0.10219103118735,0.428356484774902,-12.9085357981062,"chr19:46779373:A:G"
-0.652889595439434,-0.694055409417643,0.102032403798894,0.12887469426908,-4.82178602088632,"chr19:46779946:A:G"
4.03693443341182,3.88190010846563,0.102864614679501,0.483386882332528,-32.150754269162,"chr19:46779998:A:G"
0.674027284842479,0.692417735033004,0.102032403798894,-0.0575735887799807,-4.88477924167595,"chr19:46780146:C:T"
-2.13665753717343,-2.05456992430667,0.105289330089298,-0.252979567173081,-12.9813459917798,"chr19:46780402:A:G"
-2.14252814054247,-2.05391317927404,0.105289330089298,-0.273095705476725,-12.9913459694027,"chr19:46780413:G:T"
2.07966815885725,2.06094533221099,0.105289330089298,0.0577004546217689,-12.8529605598234,"chr19:46780787:A:G"
1.99165228511515,2.07079167750796,0.105289330089298,-0.243893670855921,-12.5427907152849,"chr19:46781058:G:T"
1.05845193896191,1.21391252015478,0.107595994735038,-0.473938767154155,-7.24726893119503,"chr19:46781146:C:G"
2.17333514932008,1.71267356468286,0.107153111282945,1.40727704724215,-10.4360619960551,"chr19:46781814:A:T"
-2.10621390638971,-1.72150349165519,0.107153111282945,-1.17525349311958,-10.6733737603136,"chr19:46782126:C:T"
-3.96838695415501,-3.69784129096674,0.103600285988356,-0.840543316978309,-29.9587166296067,"chr19:46782332:A:C"
3.95131718981902,3.69944642176284,0.103600285988356,0.782523320968887,-29.9304483632437,"chr19:46783234:C:T"
-0.289589248591738,-0.489420451095851,0.11225727719784,0.596425289038551,-2.91634881095549,"chr19:46784148:C:T"
-0.0127297388733733,-0.398502520635057,0.110469825805325,1.16067264257453,-0.131944319191654,"chr19:46784250:C:T"
1.47708952947768,2.2337080881684,0.10948644173261,-2.28663485364749,-8.0965113623855,"chr19:46784682:C:T"
-2.15378179859711,-1.53557301838358,0.113716997485444,-1.83325330556156,-8.64585535108934,"chr19:46784893:A:C"
-3.16698478868207,-2.73357860536636,0.116506310408539,-1.26975630653063,-17.5965890324869,"chr19:46785388:C:T"
-0.733276873129434,-0.818953710072984,0.102810460436348,0.267205118175149,-5.34130042126871,"chr19:46786674:A:C"
-0.290368800429676,-0.822577301339836,0.109526426502371,1.60813442201646,-2.29628276242707,"chr19:46786702:C:T"
-0.386462507321665,-0.423610856856283,0.115166055551274,0.109465502999545,-3.26720588489057,"chr19:46787394:G:T"
0.767310321664248,0.816037285293786,0.102810460436348,-0.151967492491876,-5.47006738658473,"chr19:46789526:C:T"
0.663046254671339,0.688935669182145,0.103137816976835,-0.080614517980757,-4.82363292115322,"chr19:46789839:C:T"
0.825476822548241,0.811052829360004,0.102810460436348,0.0449849100633772,-5.64455135028324,"chr19:46791024:G:T"
-0.774576352748232,-0.815414638044938,0.102810460436348,0.127364632473144,-5.49501690583618,"chr19:46791533:C:T"
-0.774754483991958,-0.815399373462719,0.102810460436348,0.126761478150811,-5.49561728890464,"chr19:46791624:A:C"
-0.900482531715011,-0.804625372895533,0.102810460436348,-0.298955054411831,-5.78395130523071,"chr19:46792101:C:T"
-0.776959015246769,-0.815210460794315,0.102810460436348,0.119296911423521,-5.50300288613195,"chr19:46792395:A:G"
-1.32928173019683,0.0315406225553527,0.186126016892638,-3.15426293426068,0.110619679289074,"chr19:46794338:C:T"
-0.623414657490344,-1.21857216250364,0.113753541860211,1.76461290321994,-3.81547552250876,"chr19:46794744:C:T"
0.3544352662009,0.324706379338888,0.101333341978772,0.0933904494009771,-2.87970182218642,"chr19:46795883:C:T"
0.286957438857299,0.385024410012034,0.101225205256612,-0.308232500228338,-2.77570939716309,"chr19:46796562:A:G"
0.261765583599035,0.386761448366819,0.101225205256612,-0.39287221234544,-2.5968868091716,"chr19:46796809:A:G"
0.401928685779586,0.377096869005067,0.101225205256612,0.078048428329097,-3.35143002995214,"chr19:46796878:C:T"
-0.352461429249904,-0.449016782796688,0.10192916718467,0.302431567556704,-3.35997005277106,"chr19:46796933:A:G"
-0.361284374060188,-0.379899390996279,0.101225205256612,0.0585085186627281,-3.19419427505666,"chr19:46797073:G:T"
0.398380618743149,0.529159236851973,0.10205136015992,-0.409380682114729,-3.67737128995986,"chr19:46797105:C:T"
1.26041061913814,0.725226754990155,0.136388484800347,1.44915272764813,-4.36957169639338,"chr19:46797169:C:T"
0.389119108863473,0.250685498908686,0.101729391651328,0.434028572552826,-2.51015366660728,"chr19:46797395:A:G"
-0.413531705497465,-0.376296813190419,0.101225205256612,-0.117032307783063,-3.38715180390078,"chr19:46797649:A:G"
0.37948147626655,0.378644657505848,0.101225205256612,0.00263018971435441,-3.27083492787555,"chr19:46797915:A:G"
0.335345334907185,0.381687949458247,0.101225205256612,-0.145658622694211,-3.06727622993967,"chr19:46797963:A:C"
-0.122226024211638,-0.616836642420846,0.102892949365647,1.54195119322864,-1.43490692323898,"chr19:46801157:A:G"
-0.129405179030286,-0.616215186127257,0.102892949365647,1.51763274722363,-1.51331017677357,"chr19:46801426:A:C"
0.64149445860221,0.463219801293567,0.129956619041668,0.494527455666864,-3.74382183461733,"chr19:46801867:C:T"
-3.18648931065125,-2.3581426752514,0.138802612188873,-2.22337794266506,-12.3853339743375,"chr19:46802503:G:T"
2.96157425708499,2.56661544678282,0.138713792125265,1.06045436424834,-14.5186683513047,"chr19:46802804:C:T"
1.14868516869659,0.909828943966159,0.124639711333173,0.676563160699218,-6.00592250605546,"chr19:46802938:A:G"
-1.14767099177277,0.272124614649103,0.141540570950231,-3.77385627529284,1.27558870602965,"chr19:46805738:C:G"
0.679002167533506,0.970421704500903,0.113990767728752,-0.863145129939396,-4.86890684451305,"chr19:46808552:G:T"
0.728899237629261,0.872646528781222,0.121318515774259,-0.412701573911402,-5.04050178462262,"chr19:46808822:A:G"
-1.31688168104382,0.61766595742744,0.224054391073005,-4.08698175427266,3.12847031089149,"chr19:46809249:G:T"
-0.529028864172537,-0.939644021829819,0.125600758260869,1.15861419877894,-3.76221003556617,"chr19:46810074:A:G"
1.22591482815079,0.950463864545154,0.112711902274375,0.820463766136238,-6.48212236732069,"chr19:46810991:C:G"
0.307412473369932,-0.096362144389812,0.181713548958308,0.947208004478205,0.494022046535582,"chr19:46811903:A:G"
-1.14442307049235,-0.785539531213775,0.112046641125555,-1.07214646555129,-5.42363356516956,"chr19:46814282:C:T"
-2.20825571385669,-0.950560909370222,0.156991055544177,-3.17422576243073,-4.33907592125856,"chr19:46818596:A:C"
-1.49652763922195,-1.56292390658142,0.123509333298432,0.188926890351644,-8.94748525756862,"chr19:46820127:A:G"
-1.56836674274057,-1.47046953595636,0.123752340910214,-0.278287429449282,-8.85860882993396,"chr19:46820451:C:G"
-1.05743003163998,-0.83026897485462,0.113327253984201,-0.674786985181649,-5.78718753940936,"chr19:46820784:A:G"
1.47242305439395,1.57025835082063,0.123509333298432,-0.278384901073654,-8.87494038268879,"chr19:46821815:C:G"
0.969947887197635,0.767167647058934,0.116179563378073,0.594923005138692,-5.3662622436472,"chr19:46824624:G:T"
-0.975005846044605,-1.11823748893522,0.12376341756859,0.407139113531387,-6.34761087001936,"chr19:46824880:C:T"
-0.958706538704234,-0.849692991180818,0.113327253984201,-0.323827174068785,-5.82475957675333,"chr19:46825144:A:C"
0.952044236349824,1.18766560023232,0.123843853878316,-0.669541400520041,-6.25940013590733,"chr19:46825289:A:C"
-0.436460793474318,0.0434595743702322,0.132110456137713,-1.32038501160309,0.411771131272215,"chr19:46836196:C:T"
0.30448154728976,0.0987480114648353,0.131428964993604,0.567491742054887,-0.685715681390378,"chr19:46837079:A:G"
1.07527086114676,0.0209148073654003,0.136387813630597,2.85495661040087,-0.0914783216189519,"chr19:46838982:A:T"
1.2729327997329,1.97711228801742,0.1743319856524,-1.68653295648792,-6.17286825308839,"chr19:46839156:A:G"
0.978769376331947,0.0634019465058151,0.136387813630597,2.47860699936732,-0.346033512175906,"chr19:46839460:C:T"
0.823614776413199,0.428711702674751,0.132205592381512,1.08608946442147,-3.32364505795974,"chr19:46839610:A:C"
0.191903949846769,-0.319365072271579,0.0988086482752937,1.62649225833885,1.76881984748196,"chr19:46854618:A:G"
-0.890484630378887,-0.720223704609313,0.100891511925114,-0.536028245884021,-5.39289355450034,"chr19:46855422:A:G"
0.352868418361521,0.293570772667377,0.0978010353283846,0.189611958768976,-2.74094606536221,"chr19:46855447:G:T"
-0.386351203364423,-0.445753173615125,0.097965849180322,0.189785704469167,-3.56153918301385,"chr19:46855738:AAGAG:A"
0.40483715287436,0.21692355022335,0.134532791098889,0.512323341288083,-1.83361774611603,"chr19:46856323:C:T"
-0.0694360837061315,0.671512201487525,0.110772064693347,-2.22624405097091,0.772292032813462,"chr19:46856603:CGTTT:C"
0.851153920387142,0.721995437218368,0.104039083449423,0.400428220619366,-5.30660118068988,"chr19:46857294:C:T"
0.404092816921887,0.17415386672009,0.0971013940427732,0.737903910309738,-1.94454742805132,"chr19:46858223:C:T"
-1.50668655680874,-1.24024037090785,0.0971772180073038,-0.854726712168867,-8.50631594829086,"chr19:46859141:A:T"
-0.434698461281357,-0.00115282480512858,0.0987565740420386,-1.37959563563056,-0.0139598536978054,"chr19:46860134:A:G"
0.0748704965805242,0.257971663652979,0.110640673789304,-0.550470064799586,-0.526927980191485,"chr19:46860163:G:T"
-0.867502835460229,-0.612815337738035,0.0974764433718517,-0.815751327490983,-4.79434320011592,"chr19:46861927:CT:C"
0.96932048866086,0.694282597891248,0.100132381930879,0.869171055244385,-5.21709587364167,"chr19:46863144:C:T"
-0.0930454192772432,0.179398637632827,0.097515106121278,-0.872451693114115,0.522250198762024,"chr19:46863828:C:T"
-1.37303690183428,-1.24374266886474,0.0971772180073038,-0.414760054735974,-8.5798550958885,"chr19:46865044:A:G"
1.28270719431911,1.24610976476288,0.0971772180073038,0.117400069108375,-8.46285576847062,"chr19:46866496:C:G"
0.14893015601156,1.67193098204638,0.211057201222302,-3.31512609124519,-0.502534915316081,"chr19:46867867:A:T"
0.808831002744402,0.614538231841265,0.0974764433718517,0.622310035646182,-4.83853970086797,"chr19:46868359:A:G"
0.00387353626579635,0.273952108374345,0.115431081809536,-0.794929741418455,-0.0277674560791912,"chr19:46869095:A:T"
1.3122971535493,1.24533435794439,0.0971772180073038,0.214808442205698,-8.51643010118423,"chr19:46869803:C:G"
0.42858582230173,0.567594886770303,0.0969952103376388,-0.446342226977692,-3.87916542930008,"chr19:46872705:C:T"
-0.439936995491607,-0.567319245790036,0.0969952103376388,0.409009854810473,-3.93012795334909,"chr19:46872844:A:G"
0.261329609035394,0.177780673755167,0.0971013940427731,0.268119368168764,-1.40779836156423,"chr19:46873129:C:T"
0.00938217065961122,0.176349039346628,0.0975151061212779,-0.534680509944226,-0.0520011905457777,"chr19:46874162:C:G"
0.135078176248573,-0.540250145621973,0.114226291650961,1.99816765522064,1.56218644891989,"chr19:46874661:C:T"
0.014354748740689,-0.177055763665416,0.097515106121278,0.612956757150588,0.0798683757674388,"chr19:46875600:A:G"
0.438479572509504,0.567354636449023,0.0969952103376387,-0.413803108887637,-3.92370572038284,"chr19:46875768:A:G"
1.25449755433735,1.23335595005278,0.111106833385887,0.0634260338015846,-7.90669605395675,"chr19:46877025:A:G"
-1.31160401345519,-1.24535252172592,0.0971772180073038,-0.212526666540841,-8.51534608114621,"chr19:46879333:A:T"
0.915125602644876,-0.0503662688135033,0.134690536852805,2.63075303321654,0.327143668084054,"chr19:46879780:A:G"
-0.71988977139331,-0.0594857650231646,0.0991652822862648,-2.09715182652819,-0.565839813239241,"chr19:46881242:A:G"
-0.390026693304082,-0.104632682211129,0.0974850810463554,-0.914062257318891,-1.17306019503715,"chr19:46882447:C:T"
-0.987268981383804,-0.435159790979997,0.114613631171229,-1.63082304750356,-2.91689247221254,"chr19:46883568:C:T"
0.156875276954801,0.0526663108185698,0.110975312617111,0.312818117884889,-0.228802810335635,"chr19:46885049:A:G"
0.358860738811615,0.105550711003819,0.0974850810463554,0.811303414997353,-1.112247567147,"chr19:46886056:C:T"
-0.992320161168624,-0.434097345844553,0.114613631171229,-1.64888150513667,-2.89016301336506,"chr19:46886113:A:G"
-0.0337094054746957,-0.175624739442223,0.0975151061212779,0.454457604262197,-0.185998534239859,"chr19:46888058:C:T"
1.30579425003073,1.24550476695675,0.0971772180073038,0.19340127340142,-8.50593820935088,"chr19:46888829:C:T"
-0.87195013437132,-0.577027646575433,0.0977139419663876,-0.943473316240257,-4.52819434836454,"chr19:46889045:A:G"
0.495175562174255,0.368345829156644,0.0984003555818769,0.404317690952329,-3.55205034578819,"chr19:46889487:A:T"
-0.96496595998981,-0.694532600140877,0.100132381930879,-0.854619878357325,-5.22335906559602,"chr19:46891431:G:T"
-0.362442513462059,-0.569201047312633,0.0969952103376388,0.663878034129,-3.53762460126417,"chr19:46892026:A:C"
1.30428115754422,1.24554441764441,0.0971772180073038,0.188420263582835,-8.50339357469131,"chr19:46892282:A:G"
-0.388779665499112,-0.561236165828573,0.0977761780926429,0.55152225274158,-3.67807265730313,"chr19:46893915:A:G"
1.09272450043594,1.25108827369177,0.0971772180073038,-0.508011577587245,-7.75950895884558,"chr19:46893932:C:T"
0.146540092026581,0.563485552394245,0.110420922376073,-1.25473948352516,-1.71531068602329,"chr19:46894238:C:T"
-1.09704560403419,-1.25097503888914,0.0971772180073038,0.493786763412391,-7.78241625938541,"chr19:46895794:C:T"
-1.73965134630626,-1.46491841172063,0.186745593012849,-0.635748792915636,-7.55582439189993,"chr19:46896009:A:G"
0.967299430335884,0.654461765356349,0.100524226957704,0.98669667486311,-4.91681550424983,"chr19:46896014:A:G"
-0.369301536433744,-0.569034489390915,0.0969952103376388,0.641319696413677,-3.57671319244817,"chr19:46896132:A:G"
-1.2560890328302,-1.24680729542705,0.0971772180073038,-0.0297746761395227,-8.40184002645729,"chr19:46896810:A:G"
-0.228871515115632,-0.164521282436549,0.115004045490149,-0.189755146113997,-0.984896627350037,"chr19:46897201:C:T"
-1.30267156733062,-1.24558659706131,0.0971772180073038,-0.183121589027698,-8.50064377672415,"chr19:46899517:A:C"
-1.55997065994086,-1.32996803420906,0.0995010962578056,-0.729153326046899,-8.95293733651395,"chr19:46899698:C:CA"
-0.104033918620096,-0.329106726302353,0.0970953300345052,0.722310382501181,-1.02625836806713,"chr19:46900290:C:T"
0.342313499833037,0.461620268627639,0.0968491281671717,-0.383369206549632,-3.39846181429348,"chr19:46900597:C:T"
0.34187346538455,0.280896793975613,0.0969840746901225,0.195800366384338,-2.61427442036629,"chr19:46904910:C:T"
-0.341662750121303,-0.280901886003695,0.0969840746901225,-0.195107394043699,-2.61323507830343,"chr19:46905251:C:G"
-1.09676310397858,-1.04520004129545,0.0993702891960637,-0.1635725515698,-7.27531122628297,"chr19:46905435:G:T"
0.276523344042342,-0.124696860718924,0.1258463441217,1.13099970953731,0.823012680364544,"chr19:46905558:C:G"
-0.0376085521947086,-0.292004000687657,0.0971463651396713,0.816199001448343,-0.337011616657728,"chr19:46905830:A:G"
-1.88020370453807,-0.665755842948409,0.127672061577388,-3.39884170774932,-3.42227001596696,"chr19:46908530:CAGTG:C"
-0.298759445904178,-0.281938663438245,0.0969840746901226,-0.0540127116420154,-2.37815426255656,"chr19:46908967:C:T"
1.07048971963053,1.2516709375782,0.0971772180073037,-0.581207143947512,-7.63661556755398,"chr19:46910456:A:G"
-0.217864423032566,-0.139988105932023,0.11267145427615,-0.232005593136003,-0.818649004108602,"chr19:46911729:A:G"
1.09345379467976,1.25106916248838,0.0971772180073038,-0.505610784627451,-7.76339747393669,"chr19:46912722:A:T"
-0.0242315397794608,0.29360437618737,0.0971463651396713,-1.01974056050668,0.218350705957583,"chr19:46913353:C:T"
-0.169844038615712,0.40519112770393,0.122063060838817,-1.64589557175981,1.5866037832346,"chr19:46915499:C:T"
-1.05143601278516,-1.25217024121328,0.0971772180073038,0.643930805404512,-7.52465602104643,"chr19:46916646:A:ATT"
1.25271618803299,1.24689568104573,0.0971772180073038,0.0186714731290061,-8.39323845430437,"chr19:46917994:A:G"
-0.111074202833022,-0.263833861991975,0.112318353655087,0.455809440875631,-0.783879972670209,"chr19:46918066:G:T"
0.323574968585125,0.451685846626148,0.239334267596975,-0.261868683775436,-1.75792167345639,"chr19:46918459:C:T"
1.03775880515782,1.25252865333442,0.0971772180073038,-0.688955353533467,-7.4405395675314,"chr19:46923161:A:G"
-1.63550820256533,-1.16732537229845,0.111106833385887,-1.40457552880764,-7.27028306266242,"chr19:46923339:C:T"
0.473536336433986,0.458636210056852,0.0968491281671717,0.0478786718004703,-3.8778426061209,"chr19:46923953:A:G"
-1.55790037563223,-1.18077510047399,0.111106833385887,-1.13139760482067,-7.59683226843849,"chr19:46924074:C:T"
1.1171421627099,1.25044840725358,0.0971772180073038,-0.427630096205533,-7.88475920402645,"chr19:46925711:C:T"
-0.194060160385963,-0.0923127078870423,0.0979405201537479,-0.325118993131953,-0.556738620416543,"chr19:46926541:C:G"
1.51971742276852,1.6098391941391,0.119384988641794,-0.260828388478451,-9.2198462512845,"chr19:46928108:C:T"
-1.51433841827778,-1.36772948932866,0.125815126488251,-0.41332720544139,-8.35269938073064,"chr19:46928588:C:CG"
-0.00316272911938051,-0.162308835806944,0.108332624154898,0.483522164715869,-0.014565967497213,"chr19:46931542:A:C"
1.53184215695544,1.60667800626743,0.119384988641794,-0.216588219246142,-9.25820188149946,"chr19:46933947:A:G"
-1.30927168266075,-1.24541364060706,0.0971772180073038,-0.204848773291883,-8.51163839661954,"chr19:46934197:A:C"
-0.397675757311,-0.460361309263518,0.0968491281671717,0.201427886757501,-3.65088456135491,"chr19:46934699:G:T"
-0.280399144884544,-0.282382348281088,0.0969840746901225,0.00636820512969288,-2.26450032983649,"chr19:46938589:C:G"
-1.15752881227001,-1.24939007245827,0.0971772180073038,0.294679665355037,-8.06944437236465,"chr19:46938947:G:T"
-0.48230173253199,-0.4584368815251,0.0968491281671716,-0.0766850790392918,-3.89630583570695,"chr19:46939651:A:G"
-1.32962786215155,-1.24488020559105,0.0971772180073038,-0.271860096668496,-8.54087907353644,"chr19:46939919:A:AC"
-1.23877952592637,-1.24726089218848,0.0971772180073037,0.0272071836022043,-8.35561699754572,"chr19:46940009:A:G"
-0.168715424974587,-0.221116035258562,0.0969627324405185,0.168280549797108,-1.14981489928938,"chr19:46941819:CA:C"
0.50403283895076,0.105510496824349,0.115004045490149,1.17515760412271,-1.20651098089185,"chr19:46942530:A:G"
1.2693005154087,1.24646108766129,0.0971772180073038,0.0732660853085875,-8.43364640215442,"chr19:46942599:A:T"
-0.439838089270633,-0.459402521362666,0.0968491281671716,0.0628665153159047,-3.79246588529407,"chr19:46943305:A:G"
0.337802988351458,0.280995158864116,0.0969840746901226,0.182413922736528,-2.59398740765954,"chr19:46943434:A:G"
0.379211219689998,0.46078120006279,0.0968491281671717,-0.262109341906851,-3.57557568214405,"chr19:46943901:C:T"
-0.0553883841474685,0.213987843862643,0.0992566299136897,-0.855026361255994,0.363256319105829,"chr19:46951450:C:CT"
0.743254730139921,0.653918527250573,0.105970157162861,0.274432600032086,-4.8413505971265,"chr19:46952058:A:G"
-1.2797881171122,-1.24618625937216,0.0971772180073038,-0.107790641820598,-8.45675865646697,"chr19:46952639:A:T"
-0.289547797774343,-0.0181033591581308,0.0978941555199605,-0.867566084743535,-0.15995933234232,"chr19:46956144:A:G"
0.870687293197717,0.544113181236731,0.10049348991851,1.03017923162799,-4.24546513363095,"chr19:46956219:A:T"
-0.454233145297739,-0.47915617684532,0.0976157574567907,0.0797702407785686,-3.86855759145059,"chr19:46956233:A:G"
0.0931582306674799,0.290566416402006,0.0971463651396713,-0.633361819280801,-0.826284856349249,"chr19:46956493:C:G"
-0.0373550235973084,-0.292010561818843,0.0971463651396713,0.817033469902933,-0.334751488536606,"chr19:46956999:A:G"
0.230498072078404,0.0137083844516201,0.127031575924311,0.608250923034753,-0.0759230571190952,"chr19:46957051:C:T"
-0.417040785221974,-0.426044670516826,0.0970811082163404,0.0288976542774905,-3.63444939877525,"chr19:46957109:A:C"
-0.197136153661555,-0.0685406390032637,0.108593110115532,-0.390233622210769,-0.379991690286522,"chr19:46958110:A:G"
0.319037771722794,0.462149567778281,0.0968491281671716,-0.4598620535616,-3.26720055472185,"chr19:46959107:C:T"
-1.29499950845572,-1.02626117105006,0.0983415427888738,-0.856961117597355,-7.29349695676401,"chr19:46960372:C:T"
-0.114855196530622,0.0326033188002731,0.0976992770248108,-0.47176333181238,0.118235920055478,"chr19:46960515:A:G"
0.0932172678617222,0.290564888563413,0.0971463651396713,-0.633167503228312,-0.826797159940459,"chr19:46961137:C:T"
0.131140478296801,-0.126482610983222,0.0990028137013036,0.818768290731574,0.512938326693526,"chr19:46962109:C:T"
-0.0873164353190653,-0.290717597712567,0.0971463651396713,0.652589606545615,-0.77549749484665,"chr19:46963226:C:T"
-0.212092583240642,-0.503620751026031,0.0977199772050597,0.93258589934361,-2.47554843610671,"chr19:46963581:C:G"
1.3427905336927,1.24453527692173,0.0971772180073038,0.315190822826775,-8.55604728257146,"chr19:46963744:A:G"
-0.159797069464512,-0.288841852910328,0.0971463651396713,0.41402558109648,-1.38949332506148,"chr19:46966513:C:T"
0.165609826968667,0.288691423077538,0.0971463651396713,-0.394893369499545,-1.43688708489623,"chr19:46966849:A:T"
0.163209686199471,0.288753536932165,0.0971463651396713,-0.402793234757282,-1.41735773713011,"chr19:46966874:C:T"
-0.3099060898249,-0.462357225792237,0.0968491281671717,0.489872214492764,-3.2113585474367,"chr19:46967279:C:T"
-0.186814386966675,-0.288142664865515,0.0971463651396713,0.325100310282502,-1.6068149476572,"chr19:46967493:A:T"
-0.221163469974899,-0.047164431618796,0.0969673596742124,-0.558771263210002,-0.32674091250035,"chr19:46967605:C:T"
-0.187855579438242,-0.288115719580204,0.0971463651396713,0.321673311192156,-1.61503083557818,"chr19:46967815:C:G"
-0.0145622980328862,-0.160667209872449,0.108332624154898,0.443900040778109,-0.0663955345543414,"chr19:46970387:A:C"
0.130999293301659,0.289587117898562,0.0971463651396713,-0.508811084650538,-1.15019623407927,"chr19:46970596:C:T"
-0.113462010081345,-0.290040969720278,0.0971463651396713,0.56653360501487,-1.00125652229652,"chr19:46970794:A:G"
0.330878879146818,0.193347366968537,0.0984526594634306,0.43831717878767,-1.83775830866199,"chr19:46972095:C:T"
1.53948999664418,1.60468404436313,0.119384988641794,-0.18868313556552,-9.28085231413209,"chr19:46972581:A:G"
-0.114885674112114,-0.290004126356008,0.0971463651396713,0.561847732352835,-1.01342769040011,"chr19:46973564:A:G"
0.363694606366942,0.461134053911828,0.0968491281671717,-0.313102802710446,-3.50555243289569,"chr19:46975527:C:T"
1.34248167013207,1.24454337071155,0.0971772180073038,0.314174062488743,-8.5557248872467,"chr19:46975970:G:T"
-0.091958651767875,0.0318770843164976,0.0976992770248108,-0.396187085713605,0.0927152695926413,"chr19:46977417:A:G"
-0.0736650575813061,0.0312968465964372,0.0976992770248108,-0.33580412441525,0.0729971851766537,"chr19:46977603:C:T"
-0.110097313157722,-0.368434016822383,0.11173028225782,0.772859706696893,-1.04892896329729,"chr19:46978425:A:G"
0.167468748546359,0.288643315572292,0.0971463651396713,-0.388774882543717,-1.451973305437,"chr19:46979848:A:G"
-0.00173229808369356,0.347965524695744,0.122206460425448,-1.00033587849734,0.0146238693558358,"chr19:46980738:A:G"
0.0571658101215338,-0.030773522112955,0.0976992770248108,0.281343890376239,0.0557420758527109,"chr19:46980746:G:T"
1.279173032524,0.79162211615354,0.114674348767519,1.43974916661787,-5.11582119965247,"chr19:46984930:A:G"
-1.39029706721538,-1.24329036510113,0.0971772180073038,-0.4715794851409,-8.58659818621465,"chr19:46984972:C:T"
1.25698499221726,0.796303287277127,0.114674348767519,1.36040376193177,-5.21691468237198,"chr19:46985016:A:G"
-0.131661926225783,-0.289569969452247,0.0971463651396713,0.506630083067994,-1.1557796093827,"chr19:46985380:C:T"
0.17064897057656,0.288561013795912,0.0971463651396713,-0.378307444195634,-1.47770152193431,"chr19:46985573:A:G"
-0.386968148330262,-0.460604804475018,0.0968491281671717,0.236617140204203,-3.60825101900558,"chr19:46985634:A:G"
-1.39499074657189,-1.02241145852527,0.0983415427888738,-1.1880923509477,-7.06546928017607,"chr19:46985821:C:G"
-0.329712997567679,-0.49986434563493,0.0977199772050597,0.544306744584074,-3.35629095693494,"chr19:46986301:C:T"
-0.459701621983942,-0.698679098431307,0.103149130038032,0.744087803561836,-3.91395010728833,"chr19:46988460:A:G"
1.26449258155304,0.600214810815998,0.100541641896651,2.09496481289228,-3.58834674145285,"chr19:46989218:A:G"
-1.39504625552744,-1.0224093214028,0.0983415427888738,-1.18827617454324,-7.0653034159803,"chr19:46990420:C:T"
0.360672019456003,0.461202788719052,0.0968491281671717,-0.323036166644911,-3.49117120885551,"chr19:46991688:G:T"
-0.00200028552958906,0.270915246561469,0.110640673789304,-0.820485379951346,0.0147845439856737,"chr19:46992690:G:T"
0.791663940341782,0.505058485849361,0.097284088964041,0.918890038063316,-4.14018941592932,"chr19:46995774:C:T"
-1.13178232675795,-0.616335136799752,0.11517967131274,-1.51878485891097,-4.0128207583601,"chr19:46996452:C:T"
-1.06671467496908,-0.775277950899764,0.111659078295343,-0.872162194071701,-5.46258976204102,"chr19:46996581:C:T"
-0.16034385183131,-0.288827702590109,0.0971463651396713,0.412225892062204,-1.39396541539643,"chr19:46997505:A:G"
1.54178075368654,1.60408679305291,0.119384988641794,-0.180324727235765,-9.2874042785002,"chr19:46997601:A:G"
0.942340383124555,1.01336717437286,0.120832546207402,-0.20432910447081,-6.12335392832145,"chr19:46998080:C:T"
-0.131654328702782,-0.0610465267921734,0.0980505234847327,-0.225490231957063,-0.252207580235509,"chr19:47003095:A:G"
-0.62518075309368,-0.118152694174587,0.0997088865662302,-1.60570241497839,-1.37776042952015,"chr19:47003106:C:T"
0.0694144716327187,0.196079452556488,0.0975551114037244,-0.405537992938148,-0.425288085213898,"chr19:47003512:C:T"
0.393648806721493,-0.0755866893560387,0.0980499938545581,1.49853562577516,0.85509361331154,"chr19:47004177:C:T"
-0.420364761359612,0.0765330139115014,0.0980499938545581,-1.58687700490832,0.904437035622325,"chr19:47004211:A:G"
0.0331558965447562,0.763512342611622,0.102957324552292,-2.27617811006943,-0.28001536286191,"chr19:47005433:G:T"
-1.1032377485065,-0.768735370278841,0.111659078295343,-1.00104174945315,-5.37084796331352,"chr19:47005887:A:G"
0.182516281244951,-0.600619976634743,0.100193840445451,2.47409755320236,2.09074431747682,"chr19:47006362:A:C"
1.50482989977368,1.14976297764796,0.100961021617585,1.1174635017667,-7.7367897472658,"chr19:47007321:C:G"
-1.4979181656068,-1.15022027569391,0.100961021617585,-1.0942717482463,-7.7570629623656,"chr19:47007488:C:T"
0.675931835284294,0.951460070870991,0.101880910325711,-0.863216439570789,-5.07153752854406,"chr19:47007686:C:T"
0.16898792677899,-0.599834506549476,0.100193840445451,2.42887707216494,1.95928181882237,"chr19:47008261:C:T"
-0.0987864294848088,-0.834984464612984,0.100365061810921,2.32382476571468,-0.653543777413994,"chr19:47008573:G:GTATTGTCCCCTCCTCCTCC"
-0.705901818049129,-0.949186046978668,0.101880910325711,0.762197549202542,-5.27902123940588,"chr19:47008735:A:G"
-0.961046901154511,-1.14676930455298,0.104315277952028,0.575029778111009,-6.78459371301976,"chr19:47011171:A:G"
-1.42674239662837,-1.15492944697969,0.100961021617585,-0.855447330101938,-7.92514813269679,"chr19:47011316:G:T"
-0.752449419184844,-1.19954239845394,0.100961021617585,1.40708710132242,-5.20671907581585,"chr19:47011343:C:T"
0.63493519135331,0.0622596112666211,0.103459374596753,1.78042523027521,-0.734265010534908,"chr19:47011373:A:C"
-1.32562397405347,-1.16161970096482,0.100961021617585,-0.516152809203265,-8.02387074088432,"chr19:47012260:C:T"
-1.32550147258865,-1.16162780597568,0.100961021617585,-0.515741765649009,-8.02388464145743,"chr19:47012292:A:G"
-0.66546257867303,-0.0594344383013833,0.103459374596754,-1.88411699205179,-0.664474129016241,"chr19:47012605:C:T"
-1.30502414020191,-1.16298263876595,0.100961021617585,-0.44703176697102,-8.02251831957271,"chr19:47012689:A:T"
0.48281988099732,0.174344274175472,0.115292039217557,0.908492124428367,-1.89072852925209,"chr19:47013202:A:G"
-0.052818502253076,-0.155158021105777,0.108332624154898,0.310930796370563,-0.232477064518907,"chr19:47013320:C:G"
-0.284610701380986,0.184421996539392,0.106002064426476,-1.44060845146354,1.45102799381636,"chr19:47015627:C:T"
0.0656751550096561,-0.0769133387049175,0.131519655696436,0.393177946027291,0.118758143978752,"chr19:47015967:C:T"
-1.93310327125471,-1.48357945484373,0.119387977831591,-1.30098535584424,-8.7310688276759,"chr19:47016765:C:G"
-0.918374493652594,-0.886822685078383,0.111482789024806,-0.094497505815745,-5.93287941808398,"chr19:47018452:C:T"
-0.111720717120024,-0.146675647407396,0.108332624154898,0.106201049537604,-0.463539592493066,"chr19:47020636:A:C"
0.822943140309717,0.418712042662742,0.199015752138512,0.906120580959822,-3.0792416933893,"chr19:47040876:C:G"
-0.519653996120727,-0.48519709820067,0.114249429712142,-0.101941062506174,-3.85403861975387,"chr19:47041770:C:T"
0.469295245768593,0.324603103919721,0.114957540531027,0.426752637224327,-3.07306252641911,"chr19:47041945:A:T"
-0.397602812651333,-0.538812102323902,0.114376283983469,0.417537298681377,-3.55807843627166,"chr19:47042461:C:T"
0.0855924999913785,0.244612616533608,0.174706687381974,-0.380449749815902,-0.366249760583469,"chr19:47042685:C:T"
0.542256639568661,0.480529877949811,0.114249429712142,0.182619215435176,-3.87736563360285,"chr19:47043539:A:G"
-0.815841621376712,-0.0620399630610731,0.125592458166352,-2.12703829096046,-0.515997235963228,"chr19:47044435:A:G"
-0.309704303599938,0.0647375914679366,0.156719039200462,-0.945852801112032,0.386516366406933,"chr19:47055799:C:T"
0.855257905333117,1.54887934167286,0.144161957829061,-1.82682594389233,-4.54656224956532,"chr19:47059127:G:T"
0.916115996031244,1.60833997420989,0.1030733990837,-2.15612204414976,-5.33466405991262,"chr19:47065746:A:G"
0.821938305870277,1.36369589397783,0.10017870953106,-1.71165915178537,-5.33008888515261,"chr19:47068681:A:G"
1.27676764810258,1.74007315104533,0.138945513581806,-1.24292577548961,-7.30174833836515,"chr19:47069018:C:G"
1.42255519881576,2.01670731344493,0.1012134562413,-1.86757701146898,-8.45235836958787,"chr19:47069730:C:T"
-2.30928299016156,-1.76985361272,0.0991351054016316,-1.71325046434283,-11.0017835492031,"chr19:47070270:A:G"
-2.16773481728527,-1.90064945838492,0.0981148655273948,-0.852673321606799,-12.5564541109607,"chr19:47073995:A:G"
-1.36916168216122,-1.92948334285345,0.0981148655273947,1.78883385280936,-8.34778760140289,"chr19:47074008:C:G"
2.19184684034994,1.88785510889653,0.0978655662861661,0.971732692760993,-12.4540728228649,"chr19:47076356:A:T"
-1.221999030695,-1.93479690864201,0.0981148655273948,2.27561606793328,-7.04349303206407,"chr19:47076928:A:G"
-0.788735775234428,-1.41619458063403,0.0994749110750369,1.98942897318257,-4.8554197823684,"chr19:47077985:C:T"
-0.803290952606648,-1.41026058551709,0.0997934992760242,1.92139137932929,-5.00192081049491,"chr19:47078207:A:C"
0.807014774907774,1.42859687730042,0.0999351969460097,-1.9662523954053,-4.97469279163778,"chr19:47078492:A:C"
3.02498091578787,2.23075964211016,0.129437281272334,2.20755648399888,-12.0575436962681,"chr19:47078899:C:T"
-0.78009167149152,-1.43008652481172,0.0999351969460098,2.05613052953482,-4.73138677694403,"chr19:47079099:A:G"
-2.17383312144002,-1.90042926841143,0.0981148655273948,-0.872845192495049,-12.5516497406864,"chr19:47081442:C:T"
-2.19730276539763,-1.8995818557292,0.0981148655273948,-0.950477697482071,-12.5282406691418,"chr19:47081983:A:G"
2.17841962758149,1.88830457302698,0.0978655662861661,0.927374839522458,-12.4695514525281,"chr19:47082260:C:G"
2.1996109393521,1.88241953887396,0.0979885628788525,1.01328989180966,-12.3920557582043,"chr19:47082441:C:G"
-0.631990891445689,-1.21979418592496,0.125739267103302,1.65766418189385,-3.80073623127807,"chr19:47082827:A:G"
2.19411463966146,1.88777919631042,0.0978655662861661,0.979224546116547,-12.451215049741,"chr19:47083207:C:T"
2.20903613896803,1.8872797122532,0.0978655662861661,1.02851889243796,-12.4306901269341,"chr19:47084515:A:G"
-2.16315435788108,-1.88881556449559,0.0978655662861661,-0.876944820672355,-12.4841006658289,"chr19:47084945:G:T"
2.21688278885607,1.89887488462104,0.0981148655273948,1.01524417930553,-12.5028888576812,"chr19:47086638:C:T"
-1.3645364035074,-1.85169788568868,0.127922621612281,1.36206949816963,-7.84355675065002,"chr19:47087145:A:G"
-2.20964204178864,-0.526787521510666,0.124661672667781,-4.76628600198123,-2.83525207227222,"chr19:47087437:T:TA"
2.22449983841547,1.88155407765448,0.0979885628788525,1.09556397901787,-12.352318290354,"chr19:47088557:A:G"
-3.26804186698524,-2.14158644594562,0.129437281272335,-3.13100901608534,-11.639745113198,"chr19:47089184:A:G"
-2.1334178085083,-1.88981096931539,0.0978655662861661,-0.778707791465711,-12.5028659534396,"chr19:47089705:T:TC"
-0.519698260267546,-0.99726471310437,0.117407885849869,1.39375095444694,-3.5845643321383,"chr19:47092874:C:T"
-3.49958870055869,-2.52732569957407,0.137894477012588,-2.61824524311534,-13.7047120602057,"chr19:47092904:C:T"
2.16175512787191,1.90433527993162,0.0982644234452984,0.821190420031988,-12.5765957533259,"chr19:47093845:C:T"
2.26112421206309,1.80497073347723,0.0997217534397282,1.44449498362174,-11.4532001084456,"chr19:47097184:A:G"
1.75531532450374,2.2469899922835,0.121612595764671,-1.40990078977567,-10.0268319156966,"chr19:47097336:C:T"
-2.16852254537556,-1.82224708745725,0.0999228418235383,-1.09544183786407,-11.7977242064518,"chr19:47097344:A:G"
-0.692318752375089,-0.705687458876315,0.122143114524921,0.0382520657755731,-4.65095975484252,"chr19:47100028:C:T"
-0.217963111410798,-1.36109698226642,0.141804201598437,3.03565591383686,-0.903863314481169,"chr19:47103510:A:G"
-2.22156873582512,-1.88686019460306,0.0978655662861661,-1.0699213116646,-12.4111891054202,"chr19:47105955:C:T"
2.20359312914364,1.8874619122168,0.0978655662861661,1.01053748146835,-12.4385207180569,"chr19:47105966:A:G"
-2.24712396927453,-1.88076736917723,0.0979885628788525,-1.17035152629218,-12.3094660734177,"chr19:47107122:A:G"
-2.20293144289011,-1.9027835048965,0.0982644234452984,-0.957496530453527,-12.5391345358838,"chr19:47107871:A:G"
-0.141423461275799,-1.93518870431306,0.126992086660269,5.03358347261244,-0.775624964822743,"chr19:47111403:A:C"
-2.20604481037964,-1.83739966289944,0.10069315507646,-1.16173894127688,-11.8195257641964,"chr19:47111643:T:TA"
-2.19997416296632,-1.85815741178588,0.0993159344946444,-1.08463565147882,-12.0966457813168,"chr19:47113120:G:T"
2.22124431452001,1.90645155202546,0.0996748651305734,0.997084374611028,-12.4548829861418,"chr19:47116303:A:G"
-2.26615301102174,-1.90204377741479,0.100115716351378,-1.15074888548356,-12.3268580908827,"chr19:47116511:C:T"
1.08010577633237,1.56291443519538,0.104341510354293,-1.49467403734471,-6.90266050761463,"chr19:47123808:A:G"
-1.12817500973848,-1.59789045877946,0.102893410539022,1.46433709130939,-7.23002063151668,"chr19:47124153:T:TA"
-0.247284025234213,-0.222790450045419,0.102360437545143,-0.0765572129136214,-1.57583390512947,"chr19:47124785:A:C"
1.23783403418848,1.44745977298869,0.118561507857295,-0.608797344231344,-7.91872579250605,"chr19:47126007:C:T"
1.2223081453305,1.4513727032708,0.118561507857295,-0.665251773612072,-7.83451269028202,"chr19:47131056:G:T"
-1.23583939033822,-1.40502914079287,0.101717296342455,0.530489321073319,-8.39937883808241,"chr19:47132027:C:T"
-0.506190090248152,-0.419827403771488,0.0999560401403872,-0.273162841718085,-3.76962263600341,"chr19:47133570:G:T"
-1.51080732018578,-1.76425278458531,0.102595493728476,0.79126212983493,-9.81377450289646,"chr19:47134351:G:T"
-1.48433141060281,-1.58741242438271,0.101922263936261,0.322882234569787,-9.67629793730448,"chr19:47135282:A:T"
-0.615317128374412,-1.30272264490635,0.173813733962211,1.64881135010473,-3.23302861228218,"chr19:47139406:A:G"
1.45567774526,1.63097590244067,0.102680079066444,-0.547059108485716,-9.53575466274055,"chr19:47139523:A:G"
-0.506884114170752,-0.475118133901503,0.100734502079347,-0.100085955525423,-3.94717337722626,"chr19:47140940:C:T"
0.505774009614548,0.475188925807102,0.100734502079347,0.0963652722738949,-3.94527226634458,"chr19:47144155:A:G"
0.468549800851094,0.334479834830304,0.103736167812881,0.416261647835923,-3.27670674372822,"chr19:47144642:C:T"
0.562815056555492,0.47155139059666,0.100734502079347,0.287546964860546,-4.01380999828714,"chr19:47145572:A:G"
-0.509257143532947,-0.0909518466690311,0.104159005450812,-1.29611922285972,-1.11916265219228,"chr19:47147822:C:G"
-0.17246518079075,-0.203812600434929,0.140222166520125,0.0837131070588012,-0.761362529804899,"chr19:47149859:C:T"
-0.418767578338699,-0.444395247013691,0.0983695398243178,0.081710671723686,-3.67258367765245,"chr19:47155063:C:T"
-0.306493553081819,-0.471558609902772,0.0995315921743237,0.52320835440563,-3.16682643053904,"chr19:47155225:A:G"
-0.381526547554928,-0.445840055676386,0.0983695398243178,0.205055715998039,-3.53634110337026,"chr19:47157877:C:G"
0.339221270329328,0.44748133760997,0.0983695398243179,-0.345173918491646,-3.33615497186958,"chr19:47158598:G:T"
-0.166882380436084,-0.206496619718815,0.140222166520125,0.105789602199173,-0.746642146314869,"chr19:47158999:G:T"
1.25676911379358,1.38294108695772,0.102013577393634,-0.395033481332942,-8.48254222184501,"chr19:47159459:C:G"
-0.297403794179687,-0.449103694739213,0.0983695398243178,0.4836764877966,-3.08659230389169,"chr19:47161749:C:T"
0.881123471914201,0.393906605389134,0.13533215963206,1.3244080388748,-2.92840473723758,"chr19:47167529:C:T"
1.17702825806194,0.581681226227762,0.18233772985713,1.39422196681136,-3.31630114311781,"chr19:47170485:A:C"
0.427515662125468,0.435553266549603,0.0989838403109131,-0.0255472688668929,-3.66922179561745,"chr19:47172833:G:T"
1.2852775634115,1.34263849703605,0.101911642120787,-0.179681891889873,-8.55034406369504,"chr19:47176541:C:T"
-0.370708565696386,-0.439891021640899,0.0985505563604528,0.22037708540012,-3.47323484018393,"chr19:47179075:C:T"
0.381821361397739,0.439438645162,0.0985505563604528,-0.183536835911455,-3.52048218484125,"chr19:47179274:A:G"
-0.385393440731653,-0.292721139270187,0.0997095491436918,-0.293482069152811,-2.84394102692194,"chr19:47179323:C:T"
0.321791081402188,0.441882340467968,0.0985505563604528,-0.382544408024104,-3.22295042967702,"chr19:47182461:C:T"
-0.664436150808601,-0.48689290001905,0.13533215963206,-0.482618161950574,-3.80188626310558,"chr19:47184777:G:T"
-0.152828373956516,-1.16434704109785,0.134510104336489,2.75801387770059,-0.643889318171747,"chr19:47185233:C:T"
0.484628004969341,0.17678266034438,0.175382900525606,0.735087379005925,-1.38548041515474,"chr19:47185867:G:T"
-0.380364729072281,-0.292987393650692,0.0997095491436917,-0.276713546466201,-2.82540517661098,"chr19:47186320:C:T"
-1.39395787618601,-1.44270422792295,0.102381188587381,0.152346343228512,-9.09198440434281,"chr19:47186440:A:G"
1.39088841674554,1.44295334440826,0.102381188587381,-0.162717845689765,-9.08201276446385,"chr19:47186664:C:G"
-1.39517445484867,-1.48041312017586,0.102984837715746,0.265613409366621,-9.13586757950479,"chr19:47187554:A:G"
0.395926428033838,0.377137391182809,0.0990572917036759,0.05969820778496,-3.36297854366943,"chr19:47189904:C:T"
0.416606467889555,0.444479089781542,0.0983695398243179,-0.0888684291332705,-3.66563510903398,"chr19:47191665:A:G"
0.403689165037348,0.31055321255123,0.100113591259832,0.294354608799777,-3.02231416666664,"chr19:47191974:A:T"
1.37750374474266,1.5032165751551,0.102312057783351,-0.393021396781145,-9.109558203866,"chr19:47192494:G:T"
1.39275314594252,1.48109078093462,0.102460764363956,-0.275973239958751,-9.14628727964238,"chr19:47193079:A:G"
0.397656893595822,0.445214260331812,0.0983695398243179,-0.151630818654971,-3.59972697595313,"chr19:47196848:A:T"
0.210663491866299,0.23656729375703,0.102578102975502,-0.0808790755085187,-1.43386240188473,"chr19:47200919:A:G"
-0.77427485612208,-1.08523053819024,0.109663829155453,0.939002598234564,-5.47321822899601,"chr19:47202026:A:G"
0.376802040533202,-0.752523765710031,0.199485298234221,2.52850493235564,2.9103945956682,"chr19:47202865:A:G"
0.315918736972138,0.448385386218415,0.0983695398243179,-0.422353629905526,-3.20364891636886,"chr19:47211215:A:G"
-0.313772750686405,-0.618860447554826,0.0992401218149323,0.968458577644989,-3.13888410955301,"chr19:47211639:C:T"
-0.319768988380288,-0.582514938765086,0.0987788269845097,0.835995806309963,-3.24558364176996,"chr19:47212392:A:C"
0.442290540384714,0.440054354540411,0.11380298830631,0.00662874115839307,-3.5459835846945,"chr19:47214470:C:T"
1.743887734919,-0.681018891139025,0.219132148285986,5.18014566270048,2.60994619805774,"chr19:47216440:C:T"
0.229177237558038,0.0864759951105761,0.115672644908537,0.419577722604011,-0.520438176119572,"chr19:47231359:CT:C"
-0.25736677465049,-0.135893746994714,0.112862347751527,-0.361580762370859,-0.929472093831938,"chr19:47232618:C:T"
-0.055288967946991,0.147919201919465,0.131035681685188,-0.561366352826026,0.192218086849326,"chr19:47237146:T:TCC"
0.83087967526818,0.66026903927547,0.126934327785784,0.47886881770381,-4.63069681606767,"chr19:47237234:A:G"
0.831345265510624,0.406936609765219,0.113256969189568,1.26110650228673,-3.20681162335758,"chr19:47237799:A:G"
0.202255284697875,-0.204318289534747,0.131035681685188,1.12316706888508,0.951667362754904,"chr19:47237994:C:T"
1.0885570328661,0.630497309332157,0.110379474123211,1.37872593879596,-4.30853411301632,"chr19:47238036:A:T"
1.04433125734308,0.569650471285341,0.109675570905447,1.43333168358644,-3.91691920654041,"chr19:47238421:A:G"
1.03115555856272,0.698009180940282,0.109559152987601,1.00649300845628,-4.99281147670012,"chr19:47239053:C:T"
0.303314766503551,0.452873877176333,0.114570098871588,-0.441852412015038,-2.90216984858356,"chr19:47240186:A:G"
-0.285410862438101,-0.456631482841311,0.114570098871588,0.50584844862706,-2.78816648543681,"chr19:47241768:C:G"
1.45195821896184,0.931181720919968,0.155305000515531,1.32147410456542,-5.27361835751191,"chr19:47249138:A:G"
1.18023289373283,1.09585422721639,0.103678958193539,0.262051919619768,-7.49866118984209,"chr19:47255118:C:G"
1.07753356902394,1.22524785552991,0.103994467384651,-0.458054742056598,-7.45604883656043,"chr19:47255671:C:T"
-1.08393833337873,-1.1800828342775,0.10312308981856,0.299396342614344,-7.46532466138292,"chr19:47257375:A:C"
1.70830370737868,0.451417820682125,0.153808508702053,3.20483495634133,-2.00058651187108,"chr19:47259503:A:G"
-1.1152378324083,-1.33615775101077,0.103249532971385,0.687528691527156,-7.69276845913378,"chr19:47260028:A:G"
1.12081714767724,1.33565377389507,0.103249532971385,-0.668596772305728,-7.72619496673295,"chr19:47260316:C:T"
1.16852791595365,1.15335444592041,0.102772884443757,0.0473309954451032,-7.70932820035841,"chr19:47261106:C:T"
-1.14397405530091,-1.15544879419499,0.102772884443757,0.0357934482448435,-7.64623692650389,"chr19:47261804:A:T"
-1.14303352157894,-1.1555290180427,0.102772884443757,0.0389775235931517,-7.64359914142683,"chr19:47261805:A:G"
-0.0187376677644432,-0.93923695155848,0.178187560153303,2.18064396722941,-0.141471897558958,"chr19:47263436:C:T"
-1.13479389189963,-1.15623182622615,0.102772884443757,0.0668719000820761,-7.61979320923855,"chr19:47264386:A:G"
-1.47933400170849,-0.559533437150394,0.155045715452203,-2.33595131479777,-2.51151637326848,"chr19:47265520:A:C"
-1.13431770811538,-1.15627244284042,0.102772884443757,0.0684839688609871,-7.61837915814092,"chr19:47269512:A:G"
1.18352933704714,1.19127917854779,0.103074453535035,-0.0241388902365906,-7.84974327225895,"chr19:47270091:C:T"
-1.24626145995185,-0.780590162656547,0.105831167253371,-1.43143844438674,-5.24519690116214,"chr19:47271072:C:T"
1.72994598542884,0.42318120060244,0.127279192260144,3.66284648511253,-2.17767788053001,"chr19:47285079:C:T"
-0.538832834835009,-0.22145546078133,0.202542667367429,-0.705208762547507,-1.64225374571022,"chr19:47286847:C:T"
-1.34249097429144,-1.28192136363513,0.0995192423537209,-0.192000010072638,-8.62071081836111,"chr19:47289852:C:T"
-1.4291804445771,-1.27750564723155,0.0995192423537209,-0.480794944899895,-8.69088990512694,"chr19:47290182:C:T"
-1.42622689504089,-1.44262064076393,0.100101196233928,0.0518153648969523,-9.27892945529738,"chr19:47290306:C:G"
1.38224457715845,1.27989642755347,0.0995192423537209,0.32443407745469,-8.66886718691977,"chr19:47291369:C:T"
1.3834938680562,1.24595536229055,0.100180802430285,0.434542290086989,-8.49356544064327,"chr19:47291424:C:T"
-1.41094954326173,-1.294557819507,0.0994072456600027,-0.369158676052426,-8.7648891626487,"chr19:47292202:A:G"
1.51869195830297,1.28919715269014,0.0994072456600027,0.727886793561634,-8.73735475646424,"chr19:47292420:C:T"
-1.56484777331201,-1.28690069455126,0.0994072456600027,-0.881562471092694,-8.66836992360238,"chr19:47292459:C:T"
-1.4299977908505,-1.29361008403319,0.0994072456600027,-0.432579771604741,-8.77406414931508,"chr19:47292712:C:T"
-1.40712038286044,-1.29474833735544,0.0994072456600027,-0.356409495501125,-8.76230279297364,"chr19:47293127:CTT:C"
-1.38155007763437,-1.29602057435394,0.0994072456600027,-0.271273224382863,-8.73862519243167,"chr19:47294152:C:T"
1.41845598934878,1.44421282474658,0.104566841228753,-0.0796517841325226,-9.09431371255924,"chr19:47294183:C:T"
1.01573355588315,0.753198530388799,0.100034460351825,0.830065636682458,-5.5957345892008,"chr19:47294464:C:T"
1.42945026606557,1.44306677557898,0.104566841228753,-0.0421084057746076,-9.12356981449119,"chr19:47294721:C:T"
1.36879016305691,1.29665543714809,0.0994072456600027,0.228789118803838,-8.722622204641,"chr19:47295033:C:G"
1.43945910189931,1.44202344928554,0.104566841228753,-0.00793012189946901,-9.1483174310585,"chr19:47295223:C:T"
-1.35771018914085,-1.29720671538406,0.0994072456600027,-0.191898371706359,-8.70645346290946,"chr19:47295554:C:T"
-1.3856631695062,-1.21553232990984,0.099774883108733,-0.538607543216374,-8.35425215060958,"chr19:47295635:C:G"
-1.43526558278426,-1.27059366314457,0.0987835063784177,-0.523934901321395,-8.68224638804491,"chr19:47297065:G:T"
-1.48595996642052,-2.04738401416695,0.144580036389943,1.47651154184618,-7.87809100289372,"chr19:47297100:A:G"
-1.46342360048154,-1.26937814639179,0.0987835063784177,-0.617392364544184,-8.67276588541203,"chr19:47297843:A:G"
0.903502525916307,0.701326523772921,0.0999523127457434,0.639489150591185,-5.30476838652855,"chr19:47297849:C:T"
0.815200373984192,0.706228216448941,0.0999523127457433,0.344682413943885,-5.27782622841475,"chr19:47298341:A:C"
0.787355874676024,0.707773877288913,0.0999523127457434,0.251720398919257,-5.24334093486903,"chr19:47298591:C:T"
-1.19972805350782,-1.40347831294513,0.100990259099866,0.641148199782112,-8.22485776743081,"chr19:47298856:C:T"
0.810553109459694,0.706486188219561,0.0999523127457434,0.32916699491018,-5.27294165300774,"chr19:47298900:C:T"
1.53536834261774,1.26627245762205,0.0987835063784177,0.856179525080524,-8.59068452538748,"chr19:47299991:C:T"
-1.15024299031359,-1.54711648914495,0.131762156260434,1.09334381686536,-6.97713620596022,"chr19:47300132:C:T"
1.53938974259413,1.26609886304969,0.0987835063784177,0.869526694772564,-8.58372158663584,"chr19:47300212:G:T"
0.727854466992898,0.733440790288235,0.10120348863182,-0.0175601541542918,-5.16769959426416,"chr19:47300233:G:T"
-0.767364402044603,-0.770332482647177,0.100097887246626,0.0093813045558188,-5.41452787308667,"chr19:47300244:A:G"
-1.19554161546128,-1.38081222804734,0.100569495255928,0.584215939961992,-8.22072165201171,"chr19:47300763:TTTTTC:T"
-1.55073336664714,-1.26560918493307,0.0987835063784177,-0.907176586861731,-8.5627725915176,"chr19:47300910:A:G"
1.56226647045275,1.2188387666493,0.101371837608057,1.0786403601783,-8.11985667909639,"chr19:47301625:G:T"
-1.56282071999665,-1.26508740173614,0.0987835063784177,-0.947294942964334,-8.53835404958982,"chr19:47301657:A:G"
-1.63651275332542,-1.4880368100112,0.105526595276041,-0.457062015129912,-9.59283944433095,"chr19:47303652:TA:T"
0.518549057144675,0.366512274876763,0.099102484083618,0.482954702658821,-3.55004317250913,"chr19:47304209:CAT:C"
0.499748430159197,0.367387183590074,0.099102484083618,0.420454087009662,-3.54334003401182,"chr19:47304259:A:G"
-0.544420368948487,-1.02582631676741,0.206675038407585,1.05893045344188,-3.37372065020171,"chr19:47304514:C:T"
-0.712309175968801,-0.890805056059389,0.0990583165840943,0.567130135441241,-5.38823429243021,"chr19:47305505:A:G"
0.713916207304274,0.890731020558815,0.0990583165840942,-0.561788927218791,-5.39752938956169,"chr19:47305541:C:G"
0.716779131750621,0.890599126401054,0.0990583165840943,-0.552273571011648,-5.4139874741515,"chr19:47305571:G:T"
-1.88310381989543,-2.02339744077538,0.119137083113078,0.406456845950352,-11.2049059900833,"chr19:47305582:A:G"
-0.651639282400487,-0.823388777990843,0.0989610466661877,0.545963149310863,-5.02539571496101,"chr19:47306267:C:CT"
0.643677931892985,0.823747377491584,0.0989610466661877,-0.572410889917005,-4.98051215458719,"chr19:47306414:A:G"
-0.656418321161717,-0.82317351791504,0.0989610466661877,0.530087101976379,-5.05186743478807,"chr19:47306432:A:T"
-0.651078891367242,-0.823414019430041,0.0989610466661878,0.547824777770932,-5.02226845212303,"chr19:47306457:A:T"
0.609002147268004,0.642770402928231,0.0990211720159348,-0.107311087493102,-4.62489209242836,"chr19:47306828:C:T"
0.617542999778746,0.642380278319832,0.0990211720159348,-0.078929613582389,-4.65035443383225,"chr19:47307101:A:G"
-0.500922809411131,-0.137577669588435,0.099778880590893,-1.15027065822539,-1.68810748241953,"chr19:47307643:A:G"
1.448104589978,1.4806679547087,0.0984727401747283,-0.103769867472712,-9.49922336964801,"chr19:47308073:C:T"
0.633633652115258,0.641645297890909,0.0990211720159348,-0.0254599594792584,-4.69521257781862,"chr19:47308566:G:T"
0.600631200810476,0.643152766656513,0.0990211720159348,-0.135127959192227,-4.59882581266698,"chr19:47309432:A:G"
-0.619037543962775,-0.642312011309744,0.0990211720159348,0.0739632045835206,-4.65469231415921,"chr19:47309500:A:G"
0.460767558226077,0.114390844700641,0.0991386342308585,1.10008747848557,-1.38984179388229,"chr19:47309643:C:T"
0.625264728400813,0.642027569225389,0.0990211720159348,-0.0532701095507821,-4.67238899903582,"chr19:47309908:A:G"
0.61451859215875,0.642518425634393,0.0990211720159348,-0.0889797983683252,-4.64146887373775,"chr19:47311899:C:T"
0.595669671299304,0.64337939681494,0.0990211720159348,-0.151615250150768,-4.58285761344022,"chr19:47311935:C:T"
1.15453335163658,1.63330556087923,0.146430902475234,-1.25115917190199,-6.57932446043593,"chr19:47312285:C:T"
0.590354828308567,0.643622165442294,0.0990211720159348,-0.169276610944837,-4.56532449349159,"chr19:47312458:C:G"
-1.15296529774534,-0.4759413091261,0.135303051029873,-1.84056119791245,-2.68745589857823,"chr19:47312534:C:T"
-1.62224605167463,-1.47372215508389,0.0984727401747283,-0.473301981942224,-9.79854318425977,"chr19:47316351:C:T"
-1.60475888933473,-1.47441964736652,0.0984727401747283,-0.415352835230213,-9.79089332987658,"chr19:47317278:C:G"
1.54966531091817,1.47661710771036,0.0984727401747283,0.232783142303666,-9.73435954066638,"chr19:47317537:C:G"
0.449937878737775,0.261489105623278,0.137657742555833,0.507917285096871,-2.28609351956087,"chr19:47318117:C:T"
1.56513403756557,1.59116644022519,0.0989451353574114,-0.0827593421217381,-10.1160472427949,"chr19:47319354:A:G"
1.62599703735407,1.58843524227019,0.0989451353574114,0.119412314364499,-10.2770819796087,"chr19:47319466:A:G"
1.56899904932934,1.59099299967408,0.0989451353574114,-0.0699207401248715,-10.128088464137,"chr19:47319781:A:G"
1.62747364722963,1.47351364740922,0.0984727401747283,0.490625244337748,-9.79987632467473,"chr19:47320227:C:T"
-1.54481869767793,-1.59207808136921,0.0989451353574114,0.150241818033806,-10.048707741481,"chr19:47320614:G:T"
-1.62734507290143,-1.29803332705772,0.0986775076171073,-1.04833029300277,-8.6572913159199,"chr19:47321194:TA:T"
-1.6256164619403,-1.29810601226941,0.0986775076171073,-1.0425960506975,-8.66160471148867,"chr19:47321531:A:AC"
1.41500276309235,1.55942540977537,0.0964345071972453,-0.465070793747024,-9.55216838644262,"chr19:47322635:A:G"
-1.71879739197667,-2.01050602485932,0.125164236947888,0.824535111057467,-10.0644079140837,"chr19:47322748:G:T"
-1.55303322233592,-1.44376158273358,0.0962886600241042,-0.352143671663943,-9.69239841535381,"chr19:47323840:A:C"
1.28971851663343,1.44819100173035,0.0962886600241042,-0.510700516280549,-8.87321379896656,"chr19:47324014:C:G"
-1.54267881259919,-1.44393576221613,0.0962886600241042,-0.318213769279268,-9.68133541432394,"chr19:47324593:A:G"
1.54225948143201,1.44394281610792,0.0962886600241042,0.316839681723198,-9.68085142337612,"chr19:47324676:C:G"
1.54194434115942,1.4439481173246,0.0962886600241042,0.315807012651946,-9.68048584462265,"chr19:47324745:A:G"
1.54173669547156,1.44395161029227,0.0962886600241041,0.315126587779944,-9.68024409983593,"chr19:47324764:A:G"
-1.54166121044827,-1.44395288008385,0.0962886600241041,-0.314879234281613,-9.68015604848017,"chr19:47324813:C:T"
1.53902598280158,1.44399720927302,0.0962886600241041,0.306243974610896,-9.67702516701464,"chr19:47325295:A:T"
-1.53637516971979,-1.44404180063676,0.0962886600241042,-0.297557643724616,-9.67376398566394,"chr19:47325814:A:G"
1.49931672734945,1.44466518917174,0.0962886600241041,0.176122490575037,-9.61638820435019,"chr19:47325875:A:G"
-1.49900653022525,-1.44467040723592,0.0962886600241042,-0.175106019485749,-9.61581481134377,"chr19:47325930:A:G"
1.57389380266474,1.44341067088251,0.0962886600241042,0.420500774795875,-9.70952137729017,"chr19:47326325:A:G"
-1.44551192778271,-1.44557028104908,0.0962886600241042,0.000188051845382257,-9.49367148832829,"chr19:47326358:G:T"
1.5316253114538,1.44412170165247,0.0962886600241042,0.281993045509589,-9.66763973983798,"chr19:47326699:C:T"
-1.50661594166851,-1.55774321454256,0.0964345071972453,0.164640393482335,-9.9522149326034,"chr19:47326796:C:T"
1.58939535908357,1.55622322425825,0.0964345071972453,0.106821135243109,-10.198296960389,"chr19:47326946:C:G"
-1.48105002614144,-1.55821265422242,0.0964345071972453,0.248479622229809,-9.85403655138823,"chr19:47326999:G:T"
-1.44441566313311,-1.44558872215913,0.0962886600241041,0.00378035246843196,-9.49068350170447,"chr19:47327026:A:G"
-1.52536362277773,-1.32023672387209,0.105650934808503,-0.631082216789448,-8.71001344334855,"chr19:47327096:A:G"
-1.52778939472239,-0.918540634987911,0.113629353394783,-1.80737964168174,-5.45919319414306,"chr19:47327252:C:CA"
-1.52831925219479,-1.44417731541564,0.0962886600241042,-0.271159567717232,-9.66316417198086,"chr19:47327323:A:T"
-1.80928258054804,-1.43945101537599,0.0962886600241041,-1.19183573826519,-9.45132112057426,"chr19:47327417:TCCCC:T"
1.47703068523957,1.7268763710523,0.0991439747587514,-0.79348494583782,-9.76617499480312,"chr19:47327779:A:G"
1.52572639287305,1.44422093189467,0.0962886600241042,0.262663142916485,-9.65953171887971,"chr19:47327817:C:T"
1.49895987847459,1.5578837946775,0.0964345071972453,-0.189747197607539,-9.92391099533408,"chr19:47328212:C:T"
1.33688710183912,1.41677400043844,0.0996793200473969,-0.253030589748007,-8.93933107689993,"chr19:47328654:C:T"
1.19116215176604,1.54461354838355,0.0999285577661696,-1.11811092855179,-7.98861863323306,"chr19:47328684:C:T"
1.52046036054879,1.55748900422256,0.0964345071972453,-0.119239891389978,-10.0010135632987,"chr19:47328912:C:G"
-1.5163181350048,-1.55756506349887,0.0964345071972453,0.132823640993556,-9.98673495371389,"chr19:47329446:G:T"
-1.63616851025851,-1.55536437869527,0.0964345071972453,-0.26020601662726,-10.2889330637873,"chr19:47329467:TC:T"
1.51602756974665,1.55757039883927,0.0964345071972453,-0.133776502122993,-9.9857230338298,"chr19:47329506:A:G"
1.51601669717375,1.55757059848074,0.0964345071972453,-0.133812156943389,-9.98568514285875,"chr19:47329523:A:G"
1.53900910692765,1.44399749315506,0.0962886600241042,0.306188674814002,-9.67700476004488,"chr19:47329673:C:T"
-1.5384930050212,-1.44400617490179,0.0962886600241041,-0.304497483548534,-9.67637847484959,"chr19:47329746:C:G"
-1.51410223495096,-1.5576057517117,0.0964345071972453,0.140090321950062,-9.97898371174555,"chr19:47329881:A:G"
1.51588918571108,1.55757293983794,0.0964345071972453,-0.134230309881243,-9.98524062344798,"chr19:47330058:C:G"
1.5053041510738,1.55776730155622,0.0964345071972453,-0.168942195685435,-9.94743194929416,"chr19:47330122:A:G"
-1.66629851823646,-1.47196508010166,0.0984727401747283,-0.619283519609614,-9.79617830591693,"chr19:47330188:CG:C"
-1.65711442015574,-1.44201075292861,0.0962886600241042,-0.69320269597303,-9.71026027999343,"chr19:47331032:A:G"
1.53835956930816,1.55716034011425,0.0964345071972453,-0.0605423706230621,-10.0595533069721,"chr19:47331163:C:G"
1.52856303589062,1.44417321454278,0.0962886600241042,0.271958411612013,-9.66350016500504,"chr19:47331586:G:T"
1.50261064294605,1.55781675957747,0.0964345071972453,-0.1777751140222,-9.93752465776918,"chr19:47331989:A:G"
1.37838623874775,1.56009776001638,0.0964345071972453,-0.585148682497542,-9.35511905577913,"chr19:47332635:C:T"
1.49409410493329,1.55797313969513,0.0964345071972453,-0.205703704251346,-9.90543498548084,"chr19:47333529:C:G"
-1.43913527616781,-1.5589822901382,0.0964345071972453,0.385932173350552,-9.67049864414817,"chr19:47333664:C:T"
1.49242625214251,1.55800376469971,0.0964345071972453,-0.211173154054384,-9.89901474484109,"chr19:47333794:C:T"
1.51539913848836,1.44439465457618,0.0962886600241042,0.228822224690956,-9.64399471437686,"chr19:47333967:C:T"
-1.30738317254725,-1.56140151370481,0.0964345071972453,0.817991598005638,-8.9140588767115,"chr19:47334725:CT:C"
1.26778635134535,1.56212858796308,0.0964345071972453,-0.947842881715936,-8.63546461275702,"chr19:47334826:C:T"
-1.5941085810568,-1.44307062256205,0.0962886600241041,-0.486741678431112,-9.71957037221905,"chr19:47334887:CA:C"
-1.47699686564843,-1.55828707809206,0.0964345071972453,0.261771297599869,-9.83751182080124,"chr19:47335066:TA:T"
-1.47359368911771,-1.5583495669984,0.0964345071972453,0.272931457122603,-9.82343443979455,"chr19:47335159:C:T"
-1.4547979464578,-1.55869469320395,0.0964345071972453,0.334569013840441,-9.74235709215264,"chr19:47335859:G:T"
-1.4064033833014,-1.55958331102838,0.0964345071972453,0.493271050006834,-9.50778060026265,"chr19:47336377:A:G"
1.36462061308213,1.73215675470417,0.0991439747587515,-1.16725807964118,-8.91923748143539,"chr19:47337025:G:T"
-1.31283884227515,-1.41803960296703,0.0996793200473969,0.333208711146875,-8.84220678249206,"chr19:47337304:A:G"
1.30192148272723,1.44798572626089,0.0962886600241042,-0.470713162206965,-8.93600506336851,"chr19:47337576:C:T"
-1.32538009071796,-1.44759111099017,0.0962886600241042,0.39384269837136,-9.04997581700064,"chr19:47337916:C:T"
1.38118225972958,1.44665241982661,0.0962886600241041,-0.210987065307105,-9.28526191159003,"chr19:47338248:C:G"
1.38120902658576,1.44665196956075,0.0962886600241041,-0.210899354192651,-9.28536263099175,"chr19:47338258:C:T"
-1.55852091728087,-1.44366927000014,0.0962886600241042,-0.370126053908136,-9.69757081841851,"chr19:47338282:A:AT"
1.5600388536075,1.55676226650447,0.0964345071972453,0.0105512881794162,-10.1235828539648,"chr19:47338436:G:T"
-1.28818495379308,-0.228894385818296,0.152531497739773,-2.71228509863017,-0.916378378336306,"chr19:47338446:TA:T"
-1.35421534711356,-1.56054158435816,0.0964345071972453,0.664413159085653,-9.2136086486137,"chr19:47338518:A:T"
-1.38370401929766,-1.44660999937118,0.0962886600241041,0.2027236241107,-9.29469970463277,"chr19:47338585:A:G"
-1.37369316305869,-1.56018393396727,0.0964345071972453,0.600538854846655,-9.32835003827197,"chr19:47341396:A:G"
1.30496862264844,1.52743395970513,0.0996709109439988,-0.704657596552101,-8.81833378229798,"chr19:47342029:ATTC:A"
1.29240482370398,1.5280940467881,0.0996709109439988,-0.746544174786956,-8.74027282518076,"chr19:47342164:A:G"
1.49039326793043,1.44481529753946,0.0962886600241042,0.146881605317497,-9.59927381292554,"chr19:47342277:A:G"
1.39301461807977,1.52280812761813,0.0996709109439988,-0.411120148825949,-9.29367860248139,"chr19:47342295:A:G"
1.03112647393505,0.883997020164987,0.104615191007935,0.454885660298546,-6.28723540985133,"chr19:47342965:C:CCCCG"
-0.155011917876686,0.01655238896599,0.11673804245611,-0.502135280880612,0.0676506891147033,"chr19:47343306:C:T"
-0.154850512080775,0.0165148185198396,0.11673804245611,-0.501552916209109,0.0674279480389929,"chr19:47343313:C:T"
-1.02375759363347,-0.653929676002419,0.110036559957692,-1.11488786858665,-4.66348871432936,"chr19:47343655:A:G"
0.447818903651355,0.580540728698968,0.104361746055579,-0.410839012542607,-3.89120626207012,"chr19:47343902:C:T"
0.753379104431997,0.687221387389922,0.103755259430318,0.205388181610132,-5.02607603983575,"chr19:47344335:A:G"
0.937686149308393,1.08599188686779,0.104743064118205,-0.458242447445067,-6.61152207241451,"chr19:47344503:G:T"
-0.470018229495069,-0.578274739388006,0.104361746055579,0.335106886977837,-3.98054484433694,"chr19:47344864:C:T"
-0.93795799698067,-1.08596304343215,0.104743064118205,0.457313357097777,-6.61291171549163,"chr19:47345117:C:T"
-0.937920156246197,-1.08596705838942,0.104743064118205,0.457442684896818,-6.61271835934074,"chr19:47345193:A:G"
-0.938086963779176,-1.0859493598662,0.104743064118205,0.456872588903552,-6.61357050784624,"chr19:47345306:A:G"
-0.450837256873924,-0.580232631228464,0.104361746055579,0.40054201943297,-3.90387799197138,"chr19:47345386:C:T"
0.450366695345732,0.580280663650744,0.104361746055579,-0.402147321548472,-3.90191338640612,"chr19:47345398:A:C"
0.937678152594319,1.08599273533085,0.104743064118205,-0.458269777713506,-6.61148117428634,"chr19:47345509:C:T"
-0.795031068417772,-0.683236539563003,0.103755259430318,-0.347068732447938,-5.07099777565043,"chr19:47346275:C:T"
0.389673923726096,0.586475859518857,0.104361746055579,-0.609198320913423,-3.61415184724507,"chr19:47346354:C:T"
0.786240670949944,0.639123922777776,0.104328474290801,0.455470956132972,-4.8455853005098,"chr19:47346472:G:T"
0.770210294749321,0.685611145621165,0.103755259430318,0.262640039319159,-5.04773877041826,"chr19:47346851:A:G"
-0.801449684706424,-0.682622469859633,0.103755259430318,-0.368901870777333,-5.07533124960067,"chr19:47347020:A:G"
0.782204454278466,0.684463663102653,0.103755259430318,0.303438574761711,-5.06026945464763,"chr19:47347030:G:T"
1.1296709071732,1.27357593208993,0.108468857435827,-0.436941631804454,-7.61278483093946,"chr19:47347104:C:T"
-0.204757092186524,-0.070859401690102,0.107721168088919,-0.407964674377832,-0.410714220352865,"chr19:47347584:A:G"
1.04347131238757,1.28611334965426,0.108468857435827,-0.736738746746442,-7.13951038349,"chr19:47347657:C:T"
-0.90977949056566,-1.12375938830532,0.109702648173415,0.646047454937089,-6.34149356353709,"chr19:47347764:A:G"
0.89336331375409,1.09069460454682,0.104743064118205,-0.609724041284233,-6.36727636322761,"chr19:47347853:C:T"
0.903801259532571,1.08958712323315,0.104743064118205,-0.574050406166863,-6.42793782864872,"chr19:47347963:G:T"
-0.373605789293904,-1.08932350883734,0.150500033218789,1.84490272187308,-2.12597078694338,"chr19:47348192:C:T"
0.677190436351487,1.17017262553904,0.116245091043971,-1.44591884517355,-4.41667019218932,"chr19:47348237:A:G"
-0.562368860514198,-1.06146472244938,0.111698001766811,1.49334883394942,-3.78522447082808,"chr19:47348245:A:C"
-0.388728208824496,-0.0230957303462748,0.107187705581333,-1.11679196080918,-0.241097411929686,"chr19:47348448:CAG:C"
-0.56361767383722,0.25655264596308,0.138023962437725,-2.20763262464219,2.48797285209383,"chr19:47348629:C:T"
-0.817655959713455,-0.963574591226608,0.124957656808138,0.412790136707362,-5.45217440106641,"chr19:47349055:A:G"
-2.24316657801354,-1.52692941920955,0.107869067589499,-2.18076257951204,-8.52729165091857,"chr19:47349722:C:T"
-0.762678486953376,-0.692404274190955,0.100246339513456,-0.221953361842025,-5.13184031167566,"chr19:47349742:AG:A"
0.194939570427939,-0.265398201398588,0.112385171680023,1.37316303726656,1.36051355341927,"chr19:47349830:C:T"
0.105043396545509,0.192809510083295,0.0967772993534673,-0.282124055423667,-0.636131316033241,"chr19:47349867:A:G"
0.109006200539277,0.192722400247707,0.0967772993534673,-0.269105612797033,-0.659542582072272,"chr19:47349900:C:T"
-0.0511345722470204,-0.193994526760602,0.0967772993534673,0.459223134081926,-0.312866926925772,"chr19:47349962:C:G"
-2.23615104379333,-1.5279053677007,0.107869067589499,-2.1564305182143,-8.54960387889107,"chr19:47350306:C:T"
1.99888153603988,1.62061241800088,0.119670144441296,1.09347278680797,-9.60835350046509,"chr19:47350608:C:T"
0.105641612723025,0.19279636017405,0.0967772993534673,-0.280158819949601,-0.639668929703498,"chr19:47351149:A:G"
-0.077231422264272,-0.193420869239809,0.0967772993534673,0.373490823016322,-0.470385633995209,"chr19:47351278:A:G"
-0.0573928325007822,-0.193856958507757,0.0967772993534673,0.438663751840381,-0.350796870377427,"chr19:47351628:C:G"
0.763178510392461,0.692374965107332,0.100246339513456,0.223625200320594,-5.13261630579797,"chr19:47351637:A:G"
2.56003903495334,2.1937304396604,0.101955912869535,1.14720465510534,-14.4370560681558,"chr19:47352042:C:T"
0.960608322835195,1.06813829259938,0.121597143847263,-0.308366958079591,-6.27150345257754,"chr19:47352094:A:G"
-0.520100313942295,-0.373652848281879,0.102060821047964,-0.458408151286951,-3.55583493256193,"chr19:47352883:C:G"
-0.0632703579954172,0.0183022597682209,0.0962492017705964,-0.262933444812661,0.0372427859710734,"chr19:47353946:C:T"
-0.0633493570092775,0.0183035557536559,0.0962492017705964,-0.263192260103193,0.0372917985601936,"chr19:47354256:C:T"
0.0634440259800575,-0.018305108806037,0.0962492017705964,0.263502413052923,0.0373505411120629,"chr19:47354291:A:C"
0.0605973960569908,-0.018258409603861,0.0962492017705964,0.25417633017446,0.0355880126855259,"chr19:47354799:C:T"
-0.0649630637816952,0.018330028748334,0.0962492017705964,-0.26847906011155,0.0382943036527373,"chr19:47354923:A:G"
0.0633098698244266,-0.0183029079630688,0.0962492017705964,0.263062892827277,0.0372672991508616,"chr19:47354994:C:T"
-0.06497845967846,0.0183302813193102,0.0962492017705964,-0.268529499899337,0.0383038804452252,"chr19:47355167:A:G"
-0.741131354981127,-0.715573713154362,0.0978047965423373,-0.0817223228730897,-5.22161807149369,"chr19:47355232:C:G"
0.418245386815736,0.3218525866588,0.0992341358512888,0.305994802923655,-3.15242936682545,"chr19:47356300:C:T"
-0.0625948410117557,0.0182911778555614,0.0962492017705964,-0.260720327004706,0.0368239297882822,"chr19:47356583:C:G"
-0.230987919369212,0.0896489426709262,0.129926655443122,-0.889537620482398,0.485170429660177,"chr19:47356651:A:G"
-0.513034467320339,0.397481931602695,0.135144229024416,-2.47678905344826,3.31443657127561,"chr19:47357136:A:G"
0.0640793833781521,-0.0183155318973372,0.0962492017705964,0.265583960676678,0.0377450091420189,"chr19:47357231:C:T"
0.0359912393462527,-0.0178547435433044,0.0962492017705964,0.173562037833557,0.0206866873063867,"chr19:47357753:CTG:C"
0.0615879753088223,-0.0182746601394095,0.0962492017705964,0.257421649885823,0.0362004457111057,"chr19:47358281:C:T"
0.741552201588043,0.715559895757438,0.0978047965423372,0.0831121910113163,-5.2226340902462,"chr19:47358337:A:G"
0.639757005810268,0.128255036990485,0.134751265795395,1.39341628850638,-1.38073330696932,"chr19:47358724:C:T"
0.0545421552809003,-0.0181590728720623,0.0962492017705964,0.234338248353857,0.0318652302806232,"chr19:47358804:C:T"
-0.0613194043564347,0.018270254210464,0.0962492017705964,-0.256541762078727,0.0360343049836926,"chr19:47358836:A:G"
0.37956844474573,0.323706233513304,0.0992341358512888,0.177332189635701,-3.02618628723358,"chr19:47358983:C:G"
0.0480484914481718,-0.0180525437733148,0.0962492017705963,0.213063812011387,0.0279131260445479,"chr19:47359506:G:T"
0.4028098873589,0.322592354682965,0.0992341358512888,0.254647111218176,-3.10766810510398,"chr19:47360970:C:T"
-0.362166444397169,-0.324540248858929,0.0992341358512888,-0.119442741260196,-2.95416809421239,"chr19:47361945:A:G"
-0.741898007139935,-0.715548542137132,0.0978047965423373,-0.0842542321035748,-5.22346685092455,"chr19:47362048:C:T"
0.0577056967223381,-0.0182109710342149,0.0962492017705964,0.24470259161925,0.0338056925857696,"chr19:47362654:A:G"
-0.0309882859453397,0.0177726696739919,0.0962492017705964,-0.157171442879245,0.0177312880258864,"chr19:47362702:C:T"
0.709764308496977,0.387878449079185,0.127609529313962,0.90107376437149,-3.31932629059514,"chr19:47362737:C:T"
-0.0948342991755973,0.0188200688654204,0.0962492017705964,-0.366342718013786,0.0573009646801771,"chr19:47362893:C:G"
-0.0927762686112254,0.119041655813865,0.0987738420732309,-0.673971814247004,0.343804452819184,"chr19:47362928:A:G"
1.24389475532673,1.00331180868742,0.121124215140882,0.69127261391362,-6.60529353010218,"chr19:47363162:A:G"
0.764643924933614,0.714801739454812,0.0978047965423372,0.159373826505912,-5.27409574360202,"chr19:47363703:A:G"
-0.0907817892895177,0.0187535871015106,0.0962492017705964,-0.353065950718853,0.05467324277968,"chr19:47363710:C:T"
0.623935795092464,1.29386587563135,0.128715711495253,-1.86729828209436,-3.49442661651255,"chr19:47364245:C:T"
2.26174761167664,1.58015951916851,0.101961374369029,2.13453929498933,-9.17561143346243,"chr19:47364506:C:G"
0.669391968177652,1.09414379096029,0.116951502880496,-1.24203074879728,-4.54279189846161,"chr19:47364652:C:T"
0.788520860048075,0.71401780277874,0.0978047965423372,0.238228665323137,-5.31844481792357,"chr19:47364857:A:G"
-0.732762573224282,-0.715848480201376,0.0978047965423373,-0.0540839792846542,-5.20083365565796,"chr19:47364973:C:G"
-2.06476866766045,-2.48897031033707,0.10989263367486,1.27964073048395,-12.7659979622173,"chr19:47365803:C:T"
0.516736757009287,0.316831856097081,0.0993919434676944,0.634085541060246,-3.26559368870866,"chr19:47366174:C:G"
0.0988977492652484,0.192944602892578,0.0967772993534673,-0.302313486101386,-0.599717982672085,"chr19:47367175:C:G"
0.423903387050721,0.321581419038585,0.0992341358512888,0.324816691554335,-3.16697175566481,"chr19:47369282:C:T"
-0.742067143700577,-0.71554298898081,0.0978047965423372,-0.0848128145247994,-5.22387347425816,"chr19:47369528:C:G"
0.13127389191341,-0.112695574716477,0.0985680934157428,0.777082804094557,0.460128788172976,"chr19:47370044:G:T"
-0.49963234169089,0.391757320425311,0.135144229024416,-2.42476045472408,3.25936980218541,"chr19:47370159:C:T"
-0.742083314100205,-0.71554245806806,0.0978047965423373,-0.0848662181232907,-5.22391232607286,"chr19:47370162:A:G"
0.742067817474268,0.715542966859232,0.0978047965423372,0.0848150396979289,-5.22387509318314,"chr19:47370447:C:G"
2.25214258261068,1.91674629316441,0.105086247625483,1.03463058189002,-12.1555299951742,"chr19:47370670:TTTTATTTA:T"
0.451362728249514,0.320265391485331,0.0992341358512887,0.41616286342612,-3.22350925256516,"chr19:47371253:G:T"
-0.163726745977489,0.0739107922538259,0.0981482248059701,-0.75853184848488,0.377654254376766,"chr19:47371709:C:T"
0.741771297905319,1.21994717089152,0.101916574651496,-1.49783939878041,-5.0309432897214,"chr19:47372066:A:G"
-0.0972145688159772,0.111302790051203,0.0985680934157428,-0.664162020638077,0.337651287059996,"chr19:47372178:A:G"
-0.698621740804841,-0.716969405083775,0.0978047965423373,0.0586679222728534,-5.10461264529865,"chr19:47372389:A:T"
0.142185282634012,-0.073125411318515,0.0981482248059701,0.687265235526038,0.325369134444193,"chr19:47372470:A:G"
0.0788654836622415,-0.0185580991102035,0.0962492017705964,0.314025943099854,0.0470351255507988,"chr19:47372598:A:G"
0.076613744058368,0.0554672608434308,0.100921655665331,0.066565004948487,-0.13015124222599,"chr19:47372634:AGGAGGGCAGGCG:A"
-0.0360745203507533,-0.0166724987230311,0.0962492017705964,-0.0625386376306876,-0.0193618531655101,"chr19:47372942:GCCCTCTGTCTGTCA:G"
-0.0755818858349501,0.0185042314129909,0.0962492017705963,-0.303268273046357,0.0449539404066691,"chr19:47373313:C:T"
0.0724740750417709,-0.0184532475167728,0.0962492017705963,0.293086513628683,0.0429936433574001,"chr19:47373550:C:G"
1.85785654395709,1.06073870404864,0.118893482452073,2.31176404582685,-5.60085674642792,"chr19:47373561:C:T"
0.108771951983251,-0.0190487172264009,0.0962492017705964,0.412005030547574,0.0664527945494501,"chr19:47373784:A:G"
0.446127236587849,0.592088284138994,0.1006545701998,-0.460066088149351,-3.924288033141,"chr19:47373934:C:T"
2.04311180934186,2.38913936805067,0.110655855553409,-1.04021590180297,-12.6786507116618,"chr19:47373953:A:G"
0,0.0717169175665484,0.0988420675496049,-0.228113351032343,0,"chr19:47374050:A:G"
0.748196737394853,0.715341739813662,0.0978047965423372,0.105056121316832,-5.23830497707349,"chr19:47374165:A:G"
0.0641807685818335,-0.0997662856436324,0.0979528933931378,0.523835567911805,0.201658410502556,"chr19:47374671:G:T"
-0.0661607444183716,0.0183496767994327,0.0962492017705964,-0.27240288202779,0.0390399904981968,"chr19:47374717:A:T"
-0.781225259044193,-0.575545325813514,0.102251749793764,-0.64321556956465,-4.53888392063566,"chr19:47374884:A:G"
-2.26204260225227,-2.59847183651676,0.102181970803571,1.05246240105532,-15.0068813453425,"chr19:47375601:C:T"
0.771688263086604,0.714570457047326,0.0978047965423373,0.182638125167564,-5.28811731647396,"chr19:47375722:A:G"
-0.012491778857416,0.0638650748985743,0.0986889013013474,-0.243060209671657,0.0250256397185902,"chr19:47375766:TG:T"
0.449575398896394,0.288732713628522,0.0988972716696377,0.511457038626748,-3.02067552101275,"chr19:47375836:C:T"
-0.0230250138296601,0.0176420315283394,0.0962492017705964,-0.131082299667205,0.013079829613483,"chr19:47376022:A:G"
-0.0128080764637105,-0.0170541866825732,0.0962492017705964,0.0136865092417993,-0.0070343639815591,"chr19:47376281:A:C"
0.0327918684640428,-0.347920131157928,0.116456814423361,1.11561440271234,0.28935412962002,"chr19:47376291:C:T"
-2.21817465945503,-1.64732952090665,0.100262438090051,-1.80280675328447,-9.99517038806894,"chr19:47376356:A:G"
-2.20461299778224,-2.38710536338787,0.104225559007008,0.565272143862009,-14.3357556432277,"chr19:47376617:C:T"
0.464454841549161,0.288072526542042,0.0988972716696377,0.560870868012617,-3.04186455971889,"chr19:47377878:C:T"
1.92481224192904,1.63023978857226,0.099945411780598,0.931774242751729,-10.598904563046,"chr19:47378251:C:T"
-0.0138222476407617,-0.0170375491195206,0.0962492017705963,0.010363898046903,-0.0075838870238375,"chr19:47378296:TAGTGTTC:T"
2.48239035281143,2.0221756892985,0.102866826831214,1.43490378303746,-12.8486335413437,"chr19:47378521:G:T"
-0.82767542208682,-0.272003550617738,0.106428350135889,-1.70329451606986,-2.10794503384132,"chr19:47378655:CTCTA:C"
-0.0194449967217443,0.0175833010480086,0.0962492017705964,-0.119353505564339,0.0110099248436203,"chr19:47378656:A:T"
0.0328071169458662,-0.108668982237783,0.0985680934157428,0.45062460226948,0.111634530711382,"chr19:47378663:A:G"
1.90948419252889,1.63108953854244,0.099945411780598,0.88060158018297,-10.6231381016227,"chr19:47378750:C:T"
0.0417552014463536,0.0165793066741494,0.0962492017705964,0.0811495930886684,-0.0222822038218166,"chr19:47379335:C:G"
0.558815097013244,0.802026967482904,0.114274692672682,-0.719465108072961,-4.27574942412616,"chr19:47379458:GTCTC:G"
0.0109102693155436,0.0170853203677083,0.0962492017705964,-0.0199040743027799,-0.00600309069048904,"chr19:47379700:C:T"
2.35185138852545,2.60019163236723,0.102134978046686,-0.777069482189287,-15.7720897760983,"chr19:47379829:G:T"
0.0699599196908413,-0.257475298209753,0.166019484832168,0.803610972537215,0.330984642169303,"chr19:47379839:C:T"
0.565558227826362,0.283292831733914,0.0991387309550324,0.896470415732171,-3.01239746932107,"chr19:47380585:A:G"
0.0136767462530365,-0.0174886724162173,0.0962492017705964,0.100455656743536,0.00770271825996544,"chr19:47381743:C:G"
-0.775861077406658,-0.714433453609805,0.0978047965423372,-0.196419064766613,-5.29605318736008,"chr19:47381777:C:G"
1.8097620572938,1.07302837801195,0.118893482452073,2.13664071463903,-5.7923115986829,"chr19:47381937:A:G"
1.02020873650657,0.689652412552114,0.128937562371661,0.920567720678226,-4.67659256006794,"chr19:47382156:C:T"
-0.131946517535378,0.0194288979141752,0.0962492017705964,-0.487929167106378,0.0820497495559562,"chr19:47382267:G:T"
0.100288794679193,-0.01890955032072,0.0962492017705963,0.384212647896239,0.0608615647871031,"chr19:47382284:C:CTGT"
-0.735055722071387,-0.715773190660394,0.0978047965423372,-0.0616572244208135,-5.20663872618272,"chr19:47382433:C:G"
-0.496796810211412,-0.455070969239411,0.0968041935777379,-0.134109027372062,-3.91478055431323,"chr19:47382503:A:T"
-2.29361458680134,-1.41141068570999,0.101662395663348,-2.7668703158921,-7.94596436086793,"chr19:47382708:A:G"
0.0615636081827805,-0.0182742603946624,0.0962492017705964,0.257341818701876,0.0361853690531844,"chr19:47383250:A:AAAG"
-0.0141087495321257,0.0174957594661851,0.0962492017705963,-0.101870978894131,0.00794920908581137,"chr19:47383429:A:G"
-0.0198774431988643,0.0175903953686692,0.0962492017705964,-0.120770279713123,0.0112592555197484,"chr19:47383897:C:G"
-1.24014705058202,-1.00435775079727,0.121124215140882,-0.677498916161468,-6.6121291339118,"chr19:47384024:C:T"
-0.0701740610594086,0.152159237360675,0.0970411344726121,-0.713717882734208,0.337571349459426,"chr19:47384225:C:T"
0.0862734546127844,-0.152557987208224,0.097041134472612,0.766679000393267,0.415618549053967,"chr19:47384229:T:TC"
0.107546564974059,-0.153084879695532,0.0970411344726121,0.836659754455992,0.518878541094151,"chr19:47384496:A:G"
0.0970549519861473,0.0610118815909152,0.0964883219395539,0.116033770097978,-0.189373691846339,"chr19:47385025:C:T"
0.0850943719437433,0.0612382980773562,0.0964883219395539,0.0768000661458326,-0.166784073987426,"chr19:47385176:C:T"
-0.496611562510809,-0.286645762622315,0.0988972716696376,-0.667661610131775,-3.06474829961998,"chr19:47385310:A:G"
1.86424104494952,1.59644647998489,0.10014719272355,0.846218213489685,-10.4109225606531,"chr19:47385432:A:T"
0.0681492454567001,0.0615590731558153,0.0964883219395539,0.0212157990227182,-0.134395655146301,"chr19:47385441:C:T"
-0.0989331429273086,-0.0609763270114367,0.0964883219395539,-0.122194707702153,-0.192899931335444,"chr19:47385522:C:T"
-0.782811437949062,-0.714205256711205,0.0978047965423373,-0.219372997407703,-5.30866018761317,"chr19:47385558:C:T"
-0.0995027557480481,-0.0609655441118561,0.0964883219395539,-0.124063180694021,-0.193968214372602,"chr19:47385644:A:G"
-0.093506546180216,0.152737136450734,0.097041134472612,-0.790473226695762,0.450717901140658,"chr19:47385828:C:G"
-0.0399681785505511,0.349569249443277,0.116456814423361,-1.14147588071021,0.353987736710417,"chr19:47385898:A:G"
-0.0714874214467207,-0.0614958807290207,0.0964883219395539,-0.0321658539588665,-0.140810913293278,"chr19:47386048:A:G"
0.0523046732682745,0.061859014492385,0.0964883219395539,-0.0307583738255197,-0.103720605898126,"chr19:47386298:C:T"
0.0497866030347333,0.0619066821316539,0.0964883219395539,-0.0390182760813691,-0.0988121046231942,"chr19:47386406:A:G"
0.0324391751384169,0.0242425165154803,0.0985200508040313,0.02611406821667,-0.0247321677283699,"chr19:47386619:A:G"
-0.104250030189571,-0.0608756771325442,0.0964883219395539,-0.139635432153232,-0.202850620897675,"chr19:47386741:C:T"
0.472032241897302,0.287736324308144,0.0988972716696377,0.586035007337559,-3.05004874032843,"chr19:47386751:C:T"
-0.782575089795012,-0.714213016584296,0.0978047965423373,-0.218592445150765,-5.30824403071687,"chr19:47386966:C:T"
-0.751169887604173,-0.715244124207563,0.0978047965423373,-0.114875106852989,-5.24509129232034,"chr19:47387446:G:GT"
-0.114916143610348,-0.0606737651921385,0.0964883219395539,-0.174622960750276,-0.222669165539118,"chr19:47387611:A:T"
-1.24078755801556,-1.00417899239925,0.121124215140882,-0.679852931858689,-6.6109807777247,"chr19:47387670:C:G"
0.121037683851536,0.0605578830502902,0.0964883219395539,0.19470314889354,-0.233955087019621,"chr19:47387780:A:AGTT"
0.0579133338846155,0.0617528412778827,0.0964883219395539,-0.0123605595548483,-0.114620919035201,"chr19:47387974:A:G"
0.0140376722601818,0.0625834174798823,0.0964883219395539,-0.156283739933623,-0.0281870263626508,"chr19:47388077:C:T"
0.782172494712352,0.714226234740213,0.0978047965423372,0.217262853634919,-5.30753311586578,"chr19:47388191:A:G"
-0.119762413926944,-0.0605820241985083,0.0964883219395539,-0.190519943521972,-0.231609351588824,"chr19:47388254:A:G"
-0.178509963097013,0.066228387783631,0.0964883219395539,-0.787888302212994,0.374589596983681,"chr19:47389043:AATTTTTTATTTTTATT:A"
-2.31418928616051,-1.46795377437856,0.102053181075009,-2.64897569170896,-8.28252810555282,"chr19:47389196:G:T"
0.129513351000157,0.0603974367534399,0.0964883219395538,0.222505464042709,-0.249471858923922,"chr19:47389411:C:T"
-0.130770020644919,-0.0603736477127224,0.0964883219395539,-0.226627655828857,-0.251761508376531,"chr19:47389707:C:T"
0.133802164762726,0.0603162485385129,0.0964883219395539,0.236573849427864,-0.257274221065709,"chr19:47389935:C:G"
-0.134673990458425,-0.0602997446808313,0.0964883219395539,-0.239433656487529,-0.258856160883397,"chr19:47390075:C:G"
0.150646379168371,-0.0316365306771323,0.0985200508040313,0.580742539297454,0.148712319485763,"chr19:47390303:G:T"
-0.776184502644917,-0.714422834788536,0.0978047965423372,-0.197487193691477,-5.29665678192509,"chr19:47390341:C:T"
0.577693241597523,0.275178907729847,0.0982225528634096,0.965251196529888,-2.94065874461826,"chr19:47390412:A:G"
2.23846527729059,1.50617871743837,0.101322771964135,2.30052804516214,-8.63005566261406,"chr19:47390677:C:T"
1.85775256421974,1.72669120562136,0.0995364823604912,0.415416288532577,-11.242572266535,"chr19:47391252:C:T"
-0.127363871109179,-0.0604381268941259,0.0964883219395539,-0.215454630605298,-0.245548887252437,"chr19:47391422:A:G"
-0.121680582452427,-0.0605457128343175,0.0964883219395539,-0.196812017634767,-0.235136550629094,"chr19:47391674:C:T"
0.140176671186195,0.0601955776895975,0.0964883219395539,0.257483830128874,-0.268808381792934,"chr19:47392058:C:T"
0.0792829308487575,0.061348309972198,0.0964883219395539,0.057737081019057,-0.155726164392286,"chr19:47392144:C:T"
0.0847173779381952,0.0612454346591797,0.0964883219395538,0.0755634312039723,-0.166068342869305,"chr19:47392349:G:T"
-0.0935813982921,0.0293319289933335,0.0985200508040313,-0.391594570559257,0.0860929923624278,"chr19:47392886:A:G"
-0.0878361284630932,-0.0611863960060881,0.0964883219395538,-0.0857937155514306,-0.171982594103612,"chr19:47393143:A:G"
-0.517194295134219,-0.72000291170031,0.13104215954725,0.560248731375678,-3.95371393658649,"chr19:47393589:A:G"
-0.0758922574002245,-0.0614124961877667,0.0964883219395539,-0.0466148212451455,-0.149250196965745,"chr19:47393634:C:T"
-0.0743610771706781,-0.0614414817759617,0.0964883219395539,-0.0415921658546525,-0.146319946048901,"chr19:47393697:C:T"
-0.0896173770909982,-0.0611526765665321,0.0964883219395539,-0.0916366580412249,-0.175353535515474,"chr19:47393838:A:G"
-0.0680537726991361,-0.0615608804767204,0.0964883219395539,-0.0209026244197663,-0.134211930303163,"chr19:47394003:C:T"
0.623107383017139,0.788734100270677,0.114274692672682,-0.489954062679898,-4.6148774202853,"chr19:47394052:A:G"
-2.23974284764742,-2.60899884654942,0.102134978046686,1.15542114086385,-14.796652616872,"chr19:47394063:C:T"
0.0688574403736243,0.0615456668657954,0.0964883219395538,0.023538856066162,-0.135758056530774,"chr19:47394075:G:T"
-0.0620894215740861,-0.0616737869930285,0.0964883219395539,-0.00133805602281824,-0.122707371225971,"chr19:47394140:A:T"
-0.203017933142285,0.0882571971138163,0.0994551762855465,-0.923612303148748,0.547863798187453,"chr19:47394450:A:G"
-1.26430367737917,-1.30057955562222,0.133977934874962,0.0991063075876953,-7.4873420375526,"chr19:47394619:A:G"
-0.553495861186889,-0.212256671931358,0.101208589573164,-1.07263068095403,-2.43239601360277,"chr19:47394752:A:G"
-0.280035053783642,0.173586298286618,0.100550436391192,-1.43054495080192,1.41757192452253,"chr19:47394766:C:T"
-0.235597041569133,0.289345170701786,0.10033813176935,-1.65721361232279,1.93626605852758,"chr19:47394821:A:G"
-0.198841245007409,-0.0507034486806705,0.100661657626044,-0.466910715469772,-0.305680586560752,"chr19:47394905:C:G"
0.222745283132088,-0.212599815319086,0.0992130158534192,1.38213139929293,1.41094249468579,"chr19:47394948:C:G"
0.174136136364902,-0.212301938067094,0.0992234805750995,1.2267969308395,1.11600847816483,"chr19:47395180:C:T"
-0.633472646293154,-0.115655629288635,0.0999149513476007,-1.63817795724707,-1.33361078159138,"chr19:47395445:G:T"
0.623348080844451,0.852215780632452,0.107857821084361,-0.696881095645507,-4.70404289643237,"chr19:47395531:A:G"
0.725903003848326,1.11149430695671,0.105901563742821,-1.18488456868705,-5.12054384755155,"chr19:47395623:C:T"
0.601869551628317,0.87395208487647,0.101280501769711,-0.854944140870764,-4.64925670702799,"chr19:47395738:C:T"
0.23658842899898,-0.198015730083496,0.107286547310964,1.32684821213036,1.29717880109578,"chr19:47395845:A:G"
-0.707897857923375,-0.342753227989167,0.12075362394897,-1.0507873391251,-3.06482784951093,"chr19:47396054:A:G"
-1.00510648504707,-0.66985279000393,0.10933418165788,-1.01390109908032,-4.82899169403286,"chr19:47398580:A:G"
-1.03272103859892,-0.665584013341425,0.10933418165788,-1.1103252221389,-4.74630833342517,"chr19:47398630:A:G"
-0.654510436749608,-1.03350299123183,0.118929395857263,1.09897059374383,-4.53458589281043,"chr19:47398748:C:T"
-0.685893670827448,-0.929120034762567,0.117149201745243,0.710625815835874,-4.89474010498634,"chr19:47398815:C:T"
1.61437792749136,1.9379208978397,0.113508303950492,-0.960324814549853,-9.88526473862772,"chr19:47398844:C:G"
2.14418171646196,2.22280270211317,0.153521865131997,-0.200656561206769,-11.1311540923186,"chr19:47401989:C:G"
0.350348026668942,0.485353551514883,0.108907901977408,-0.40909280906715,-3.326606765655,"chr19:47402897:C:T"
1.1136125708531,1.13642282797124,0.113042764160014,-0.0678435861782422,-7.19498884567834,"chr19:47403234:A:C"
-0.328611470586831,-0.735098298609016,0.123520380804687,1.1565839629671,-2.89670542071074,"chr19:47403261:C:G"
1.10826483328186,1.13745893854396,0.113042764160014,-0.0868307966012417,-7.18048813477868,"chr19:47403928:A:G"
-0.529649527144066,-0.212915690550458,0.110696029212776,-0.951981349605558,-2.35955661045893,"chr19:47406103:A:G"
-0.371482111876456,0.705776268078878,0.202929926648306,-2.39137030433876,2.85971157428405,"chr19:47406301:A:G"
-1.20736715172479,-0.47042384609306,0.127987109043375,-2.05992288934037,-2.50031099467995,"chr19:47407714:A:G"
-0.620704130358885,-0.937355561564139,0.138116433163599,0.852037634902857,-4.25876909627529,"chr19:47407925:C:G"
0.727636674773546,1.07724941195334,0.103652851878949,-1.08591696673363,-5.24428168221144,"chr19:47408569:A:G"
1.04646082939638,0.790627129442196,0.105213380829276,0.788718928806417,-5.71603349579359,"chr19:47409066:G:T"
0.770658070278804,1.07318007544431,0.103652851878949,-0.939650485475758,-5.58273456067348,"chr19:47409839:A:G"
0.623019906431631,1.21375267951067,0.10447929522346,-1.82757811347192,-3.905414200094,"chr19:47410377:A:G"
-0.590250635459901,-1.21713827036378,0.10447929522346,1.93943213135936,-3.59350790124045,"chr19:47411120:A:T"
-0.62666585111715,-1.21638729662525,0.104942864492647,1.82041524649823,-3.92662065514613,"chr19:47411373:GAATA:G"
-0.6294380818576,-1.46039525576618,0.112601852514543,2.4763149170455,-3.35888992665914,"chr19:47411532:TTTTTC:T"
0.671723676098051,0.891666026152366,0.126120660241371,-0.619320910093355,-4.70108683320064,"chr19:47413228:C:T"
0.502297577748915,-0.131740831466318,0.113916911682138,1.87854440930833,1.49737867314666,"chr19:47414286:A:G"
-1.23112866102354,-1.46964909719415,0.140166312763898,0.637094374648966,-7.37248005009815,"chr19:47415711:C:T"
0.69863319190718,0.947171166605512,0.116474064214187,-0.728246053970158,-4.97203093528944,"chr19:47421059:C:G"
-0.491554995829414,-0.134873186208453,0.109355054033097,-1.0786027708136,-1.55944270257192,"chr19:47421203:C:T"
1.1566252431601,0.996216732061714,0.105674887279026,0.493448134131015,-6.94411004366126,"chr19:47421369:C:G"
-1.10363090484294,-1.0023609828752,0.105674887279026,-0.311526200800693,-6.91820865940859,"chr19:47421464:A:G"
-0.108218778771648,-0.502020691954579,0.107309121153613,1.20215233044748,-1.29231848765763,"chr19:47421542:C:T"
0.656819635125994,0.618291298228341,0.10395224284734,0.119498741295736,-4.60377381809041,"chr19:47421722:C:T"
0.504726857744551,-0.091313195341749,0.10822498056636,1.81180597052067,1.09377538185127,"chr19:47421837:A:G"
-1.00627648235744,-0.702345933406603,0.101350764407955,-0.95468662935789,-5.20731687228893,"chr19:47422060:C:T"
-1.03307429902145,-0.938479475566637,0.106239160618291,-0.290218474953888,-6.50791170816186,"chr19:47422081:C:T"
0.0843209064594115,0.282763841086946,0.103418679236475,-0.617072435973003,-0.688680400594806,"chr19:47422198:C:T"
1.04955183460828,0.75958942494942,0.102637154198145,0.905085066366661,-5.55135126110554,"chr19:47422238:G:T"
1.15791214053919,-0.733303244903732,0.227416804946365,3.96579001929528,4.01864469748993,"chr19:47422368:C:T"
0.957525857304651,0.705772044527381,0.101350764407955,0.790792501043417,-5.28347095594143,"chr19:47422795:A:T"
0.889187978696154,0.710574714557078,0.101350764407955,0.561048225287575,-5.32798489840649,"chr19:47422808:CCTCT:C"
-0.300185620303898,-0.228438309104757,0.102958730600685,-0.223601153888963,-1.89993998076724,"chr19:47422965:TTCTCTCTGTC:T"
0.699201217155149,0.702241129848549,0.102087034209665,-0.00951427756741082,-4.98213235224125,"chr19:47423195:A:C"
-0.698751986014375,-0.70227619387271,0.102087034209665,0.011030018014084,-4.98096425084238,"chr19:47423213:A:C"
-0.714137486261312,-0.834050828818649,0.105351067670261,0.369443507142402,-5.22459807089758,"chr19:47423427:C:T"
0.20865494844151,0.195722431472077,0.102452375029156,0.0404037840897826,-1.19091833956906,"chr19:47423896:A:G"
0.826537235845321,0.692302118880811,0.102087034209665,0.420127250649965,-5.17870057492396,"chr19:47424135:A:G"
-0.69122155367356,-0.750625447915976,0.100446900073293,0.187433254896734,-5.10074844767368,"chr19:47424350:G:T"
-0.66785667995125,-0.697199221398492,0.0998539311854435,0.0928571057311742,-4.91724150205408,"chr19:47424429:C:T"
-0.935726512318888,-0.769135130427995,0.102637154198145,-0.519996271627849,-5.64814201659064,"chr19:47424430:A:G"
-0.66590649705229,-0.697305450849493,0.0998539311854435,0.0993648071635968,-4.91117775099935,"chr19:47424746:A:G"
-0.546629505899337,-0.65881872440335,0.102289556651111,0.350780525733905,-4.37006625398336,"chr19:47424878:G:T"
0.670817905774333,0.697037918890068,0.0998539311854435,-0.0829755845974747,-4.92633260049685,"chr19:47424965:C:T"
0.789366868716868,0.70911724577964,0.0996974126696573,0.25415640370981,-5.25781949620731,"chr19:47425076:C:T"
0.773757454331463,0.7099417143637,0.0996974126696572,0.202109098792575,-5.23291206735147,"chr19:47425078:C:T"
-0.653794213209371,-0.697965225511501,0.0998539311854435,0.139783132519948,-4.87215584635793,"chr19:47425161:A:G"
0.707751635369614,0.695026082041101,0.0998539311854435,0.0402711555520191,-5.02791350911814,"chr19:47425177:CA:C"
-0.69421630927139,-0.473431368794185,0.101933989478784,-0.691528265776238,-4.01021366247661,"chr19:47425202:C:T"
0.784169375248342,0.70939177049754,0.0996974126696573,0.236826123362144,-5.24996281383344,"chr19:47425643:C:T"
-0.730084287532541,-0.712248473163447,0.0996974126696573,-0.0564873238199568,-5.14232715431585,"chr19:47425883:C:G"
0.0854170218018728,0.211274262021276,0.0985435668311854,-0.40092585635562,-0.556031145372619,"chr19:47426459:A:G"
-0.630005826278129,-0.699261015401397,0.0998539311854435,0.219164261228508,-4.78871016515939,"chr19:47426488:A:T"
0.715021217620475,0.749180014188055,0.100446900073293,-0.107779035460024,-5.18301794280339,"chr19:47427312:A:G"
0.264984221447909,0.0389567738930678,0.0984913532786079,0.72021494384142,-0.315272120454572,"chr19:47427453:C:G"
-0.248900763270575,-0.210098192977505,0.0987978808352692,-0.123448745144257,-1.55093681097486,"chr19:47427926:A:G"
0.273541152928436,0.287651070959938,0.0991879997637594,-0.0448017444673112,-2.21172556955798,"chr19:47428355:C:G"
0.737631224407045,0.76798354694708,0.100119177390532,-0.0959253278717714,-5.31232082328127,"chr19:47428550:A:G"
-0.7550470026086,-0.766986100578172,0.100119177390532,0.0377322653221608,-5.3666573598264,"chr19:47428557:A:C"
-0.228722873903709,-0.228486425062645,0.101278634797803,-0.000742981962436108,-1.51663641955178,"chr19:47428756:C:T"
-0.17178526050138,-0.239473366607394,0.0979058808421088,0.216325628075382,-1.24859056021224,"chr19:47429131:G:T"
-0.718608586886008,-0.769073022278154,0.100119177390532,0.159487548423036,-5.2473124580837,"chr19:47430000:A:G"
0.125842954713783,0.0586246614789936,0.100721815263699,0.211799879557913,-0.22556950706723,"chr19:47430471:A:G"
0.226889707477738,0.224233909635138,0.10260937379866,0.00829089652924599,-1.46177989863769,"chr19:47430553:A:G"
-0.726284491366089,-0.748495957648644,0.100446900073293,0.070082399049112,-5.21873760703456,"chr19:47431177:C:T"
-0.237023494536894,-0.237261800435871,0.0979058808421088,0.000761606081716961,-1.67248035831762,"chr19:47431432:C:T"
-0.45583658736783,-0.318895335328174,0.0980924899860123,-0.437236505686033,-3.23935765373033,"chr19:47432315:A:G"
0.219333245602729,0.237861497173329,0.0979058808421088,-0.0592147703448966,-1.56173511796978,"chr19:47433674:A:G"
0.321192174341188,0.323725093174841,0.0980924899860123,-0.0080872970234868,-2.75430628403394,"chr19:47434209:A:G"
-0.675853418527765,-0.696580790548589,0.0983694745393169,0.0660867000576418,-4.9696672627703,"chr19:47434289:C:T"
-0.426065038030401,-0.319963254678012,0.0980924899860123,-0.338769890804129,-3.18088099323829,"chr19:47434546:A:G"
-0.73652146175119,-0.768047105906001,0.100119177390532,0.0996334876163175,-5.3086903737055,"chr19:47435082:A:G"
-0.231087495610625,-0.237463029893009,0.0979058808421088,0.0203756839612685,-1.63571233508968,"chr19:47435406:C:T"
0.746214082187866,0.747285566492621,0.100446900073293,-0.00338078493627772,-5.27686337205014,"chr19:47435584:C:T"
-0.215099040110885,-0.238005036092915,0.0979058808421088,0.0732056819516241,-1.53472233814068,"chr19:47435591:C:G"
0.329857062971022,0.323414279581392,0.0980924899860123,0.0205710116872479,-2.80226495411437,"chr19:47435888:A:G"
0.330073800738675,0.323406505096654,0.0980924899860123,0.021287851582141,-2.80343679416447,"chr19:47436139:C:T"
0.0629930812569642,-0.0624886984680591,0.100872245469759,0.395088897335918,0.120661749625662,"chr19:47436586:A:G"
0.328377015207742,0.323467369584438,0.0980924899860123,0.0156758921399998,-2.79422630180675,"chr19:47436805:C:T"
0.329782763412448,0.323416944741185,0.0980924899860123,0.0203252728465469,-2.80186292309475,"chr19:47436936:A:G"
-0.240961849626244,-0.237128290799752,0.0979058808421088,-0.0122517391697435,-1.69664596838584,"chr19:47437107:C:T"
-0.0478398562464191,0.111628855414463,0.0998413263596794,-0.504684904294768,0.164986120322811,"chr19:47437206:A:AT"
-0.325498143765796,-0.323570636044756,0.0980924899860123,-0.00615429410844167,-2.77840872709457,"chr19:47438219:C:T"
0.253501807835452,0.236703188131387,0.0979058808421088,0.0536870089493964,-1.77231738977329,"chr19:47438513:A:G"
0.326571889460863,0.323532120286265,0.0980924899860123,0.00970560756673008,-2.7843362219556,"chr19:47438580:A:G"
0.75372147044993,0.746829617525161,0.100446900073293,0.0217454165662546,-5.29707328766201,"chr19:47438759:A:G"
-0.310314103546601,-0.324115294643978,0.0980924899860123,0.0440654987437581,-2.6910870134562,"chr19:47438870:C:T"
-0.817577690967408,-0.742951414241302,0.100446900073293,-0.235463451108413,-5.4315640213796,"chr19:47439487:C:T"
-0.744218751703975,-0.747406749631435,0.100446900073293,0.0100588831046925,-5.27133662329683,"chr19:47439580:A:G"
0.380515900397198,0.321597123473227,0.0980924899860123,0.188120378321587,-3.03769753785126,"chr19:47439942:A:G"
0.380351580899737,0.321603017690181,0.0980924899860123,0.187576906952646,-3.03706216883864,"chr19:47439944:A:G"
0.220971171313916,0.327320067261691,0.0980924899860123,-0.339558890803095,-2.06035248167292,"chr19:47439966:G:T"
0.271067214450637,0.32552309884698,0.0980924899860123,-0.173870913642621,-2.43684995767259,"chr19:47440003:C:T"
0.277328807776965,0.325298492576131,0.0980924899860123,-0.153161279366525,-2.48001210457444,"chr19:47440042:C:T"
-0.773445295595364,-0.745631723211505,0.100446900073293,-0.0877583611090992,-5.3457655039296,"chr19:47440291:G:T"
0.231429192019807,0.326944933184983,0.0980924899860123,-0.304969965463577,-2.14319027630502,"chr19:47440438:A:ATCTTTTTTTT"
-0.289428593603445,0.0871072594942022,0.120308028803837,-1.08557299139633,0.62891206307911,"chr19:47440593:A:AT"
0.879922670017002,0.759834150227261,0.100119177390532,0.379527155435048,-5.61021782549347,"chr19:47440694:C:T"
-0.382122491528518,0.223905013476747,0.131491913899718,-1.67125535582431,1.8401870360612,"chr19:47440927:C:G"
0.810949003080569,0.541809128189777,0.106140245765838,0.826110232919116,-4.2573019699348,"chr19:47441453:C:T"
-0.147166738247311,-0.0605068478048722,0.101487917389206,-0.272026344430912,-0.269613044932536,"chr19:47442134:C:T"
0.0314210369131055,0.0114286579907258,0.101751689051646,0.0626749016253757,-0.0109368782531884,"chr19:47442294:C:T"
0.15448511374305,0.0927542974492649,0.104415103947965,0.191038261508191,-0.420618944533199,"chr19:47442338:C:T"
0.0907597495766924,-0.0165256601041877,0.101549147707687,0.336668529871785,0.045661069742951,"chr19:47442408:A:G"
-0.47494091337505,-0.418004296185788,0.101746997376313,-0.178496974669581,-3.69498803695675,"chr19:47443257:C:T"
0.13651454485214,0.0612708940176114,0.101487917389206,0.236190643372071,-0.253533995434554,"chr19:47443297:A:G"
-0.468138712528195,-0.418510805591301,0.101746997376313,-0.155584080767797,-3.68362692998269,"chr19:47443348:A:G"
0.748634981375545,1.25266257223455,0.164903420327541,-1.24119346096375,-4.32597747788269,"chr19:47443365:AC:A"
-0.457467203463536,-0.449368615545504,0.101975215605124,-0.0253607437068071,-3.75372384593171,"chr19:47444725:A:G"
0.114763715222183,0.0628310082951254,0.101487917389206,0.163017335351385,-0.218986513913003,"chr19:47444971:A:G"
-0.492698162743977,-0.446660320326724,0.101975215605124,-0.144167592446416,-3.82134531263089,"chr19:47445069:C:T"
-0.835745855219403,-0.83018377296506,0.103377167285321,-0.0172991631001685,-5.72047295390127,"chr19:47445263:C:T"
0.185716198785646,0.0604762951792152,0.103972572753802,0.388403674064448,-0.330385630372741,"chr19:47445356:G:T"
-0.169516865185368,-0.0589037479354085,0.101487917389206,-0.34721578550345,-0.301527764920306,"chr19:47445489:C:G"
-0.826474326951979,-0.742411091581879,0.100446900073293,-0.265239274689125,-5.4449814083811,"chr19:47445792:TAAG:T"
-0.375455150891611,-0.45275998981746,0.102409160082298,0.241566817334469,-3.47200219873658,"chr19:47446243:A:G"
-0.399855406878159,-0.450772464323207,0.102409160082298,0.159108688226291,-3.56940122001693,"chr19:47446689:A:G"
-0.829982648052578,-0.830712128815394,0.103377167285321,0.00226882777300316,-5.70498187594545,"chr19:47447001:G:T"
0.225616470412189,0.0565674664410478,0.103972572753802,0.524267843942634,-0.37293274629273,"chr19:47447083:C:CTA"
-0.341825187944399,-0.424881675444429,0.102066281495369,0.259975495287623,-3.24124401127212,"chr19:47448646:A:G"
0.417414751312404,0.422287842467832,0.101746997376313,-0.0152771989533831,-3.56318142279174,"chr19:47448901:C:G"
-0.74379000388606,-0.838614046355952,0.103377167285321,0.294921308512318,-5.40505416931084,"chr19:47449864:CCT:C"
0.545056527872055,0.400413683360119,0.104206639865294,0.448073498131968,-3.67222690073432,"chr19:47450680:A:G"
-0.44963212515172,-0.227190808031919,0.104664319755946,-0.6875687509287,-2.45045371956026,"chr19:47450914:C:T"
0.433021354177811,-0.701194003222892,0.136576733026103,3.0690726101991,3.5318488028926,"chr19:47453351:G:T"
0.569191117568077,1.71692367029999,0.117489250112841,-3.3484331558237,-3.03292085981345,"chr19:47456039:C:G"
-0.699734482974418,-0.451957012021676,0.104999175604221,-0.764660878093514,-3.85023130089595,"chr19:47456279:A:G"
1.42885708084777,1.78597896261332,0.14318061278915,-0.943787786658949,-8.12024825816889,"chr19:47459203:A:G"
-0.724119609462393,-2.24644939299445,0.170293553975552,3.68900836154812,-3.26842661181092,"chr19:47465011:C:T"
-0.196813692688204,-0.420702553607894,0.103838285928099,0.694790275829507,-2.11198403017327,"chr19:47466491:C:T"
0.174003970209744,0.125111968966828,0.102758363985721,0.152520852306442,-0.645410579151721,"chr19:47466723:A:G"
1.52929937885898,0.553023414563771,0.116819998846548,2.85636694363433,-2.84796048000994,"chr19:47468713:A:C"
0.354746959345014,0.449143577315089,0.106401410471943,-0.289389481846185,-3.31105947470256,"chr19:47469866:C:T"
-0.0506234106625221,0.0554459539194303,0.100631467314074,-0.334366735096988,0.0863098065020789,"chr19:47469987:C:G"
-1.47524699536007,-1.27208919051218,0.0963070212173448,-0.654643012080106,-8.76974192799421,"chr19:47471111:A:T"
1.52942250356518,1.27116735820344,0.0963070212173448,0.832185238324353,-8.71468430365651,"chr19:47471149:C:G"
0.316600295046412,0.504191248511055,0.0975660643838284,-0.600568427825682,-3.28075948672567,"chr19:47471321:A:G"
0.311875081502426,0.535053451514609,0.106521410271047,-0.683807165832659,-3.16510484941691,"chr19:47473099:C:T"
-0.860007551681001,-0.0667656399149242,0.122831893620822,-2.26334146025009,-0.476737935305447,"chr19:47473388:A:G"
-0.0594390864941814,-0.153392390736039,0.0978007195404012,0.300428433580745,-0.286164785266137,"chr19:47474620:C:T"
0.00734951827858331,-0.0301746858168786,0.128917229809647,0.104509557053571,0.00533161950419025,"chr19:47474914:C:T"
-1.50939792284539,-1.27150808976441,0.0963070212173449,-0.766561328952978,-8.74024019526187,"chr19:47475381:C:T"
-0.334510642330584,-0.560767329246725,0.0984613801636132,0.721055118166597,-3.36627678974097,"chr19:47475414:A:G"
-0.664162168669347,-0.638731393307495,0.121093734205642,-0.0730800382001921,-4.4414044498665,"chr19:47475482:C:T"
0.35676562533781,0.388831617894783,0.116769279696628,-0.0938383551911143,-2.9617273865524,"chr19:47476896:A:G"
-1.50884584433929,-1.27151748374742,0.0963070212173448,-0.764752075098574,-8.74085930485563,"chr19:47477965:C:T"
-1.50872302236408,-1.27151957364502,0.0963070212173448,-0.764349566887158,-8.74099641093931,"chr19:47478618:C:T"
-1.50872302236408,-1.27151957364503,0.0963070212173449,-0.764349566887135,-8.74099641093935,"chr19:47478624:C:G"
0.222897910817821,0.268573954898077,0.0985378457592997,-0.145508026894329,-1.75613805214491,"chr19:47479205:A:G"
0.4002079474017,0.243235168695441,0.116112721734778,0.460664179500561,-2.26363305007859,"chr19:47481963:A:G"
0.401956058176544,0.374077057540034,0.096817053675818,0.0895986096905725,-3.40532776070471,"chr19:47483667:A:G"
0.393575115579072,0.374264804730434,0.0968170536758179,0.0620602232945536,-3.37686549987309,"chr19:47485708:C:T"
-0.30810960400356,-0.376179375733399,0.0968170536758179,0.218765263090574,-2.9599100966176,"chr19:47486181:A:G"
0.313578237592175,0.376056869156162,0.0968170536758179,-0.200796240743717,-2.99357976161285,"chr19:47486200:C:G"
1.50795871859736,1.27153257878201,0.0963070212173448,0.761844815261103,-8.74184445975809,"chr19:47486608:C:T"
1.50795871859736,1.27153257878201,0.0963070212173449,0.761844815261097,-8.7418444597581,"chr19:47486609:A:G"
-0.110437490283348,0.0308833567634428,0.0968385614706989,-0.454131960252268,0.108686888088645,"chr19:47486731:A:C"
0.0224308617744063,0.247802908309878,0.0997480904337779,-0.713588353402417,-0.168548165353245,"chr19:47487380:C:T"
0.329139144213604,-0.0925248258619045,0.117358636255776,1.23086087274315,0.767924063200427,"chr19:47487632:C:G"
0.437729619646747,0.500519656637367,0.0975660643838284,-0.201020961310274,-3.85484951644954,"chr19:47488184:C:G"
0.218972673736455,0.0596099608042959,0.0968765492929773,0.512008751148559,-0.409124537192258,"chr19:47488194:A:G"
-0.299957287895608,-1.33306249375614,0.119538626844283,2.98806760122382,-1.41295468069878,"chr19:47488785:C:T"
-0.351098067553986,-0.532317019555516,0.107475410597713,0.552775846157532,-3.38894973098261,"chr19:47489004:G:T"
1.39937665211264,1.9347556730699,0.123431562856639,-1.52387110844821,-7.95408926659305,"chr19:47489415:C:T"
-0.0186037299080191,-0.248007100488162,0.0997480904337779,0.726352606695096,-0.139912146496189,"chr19:47489428:C:T"
0.677621502618391,2.04212618720948,0.120354352788415,-3.93318278937207,-3.64254615357416,"chr19:47489571:A:G"
0.344612647293604,0.415199906283553,0.0969336075632096,-0.226719632980369,-3.30618080751232,"chr19:47490308:CGT:C"
-0.204023009223754,-1.4032267758964,0.120135674643414,3.45984774999851,-0.980501873379937,"chr19:47490953:C:T"
0.381268234450511,0.374540499537747,0.0968170536758179,0.0216218544706726,-3.33114388580731,"chr19:47491218:G:T"
-1.50653305581527,-1.27155683738258,0.0963070212173448,-0.757172679224122,-8.74340263198782,"chr19:47491242:A:T"
0.337302215256617,0.446930624574709,0.0973143627248552,-0.351426608391152,-3.33935361123724,"chr19:47492753:C:T"
-1.31274635612205,-1.43656844536186,0.103121486109645,0.38558803228456,-8.73886458154397,"chr19:47492915:CCT:C"
1.5254176508819,1.41764551263092,0.103121486109645,0.335607701165603,-9.27661997526983,"chr19:47494200:A:G"
0.41989815452281,0.501060152199944,0.0975660643838284,-0.259838400753879,-3.79059090512503,"chr19:47494713:A:G"
-0.351617592752149,-0.446534756674821,0.0973143627248552,0.304268001359634,-3.41361921678774,"chr19:47495859:A:G"
0.110821762022656,0.519251652877722,0.135268421863223,-1.11050190193431,-1.1418525030484,"chr19:47496254:C:T"
-0.322570323585669,-0.447338010479755,0.0973143627248552,0.399957322328507,-3.25659023627531,"chr19:47496407:A:G"
0.404934729938009,0.445060360129408,0.0973143627248552,-0.128627371458121,-3.63993876938728,"chr19:47496814:CCTT:C"
0.47800034063355,0.642189314769313,0.153176256071092,-0.419515744109546,-3.63698876696201,"chr19:47497043:A:G"
-0.268391659067875,0.0575420430973639,0.155468330276801,-0.8266245561509,0.302313299912029,"chr19:47498097:A:G"
-1.28825477139558,-1.43874764218661,0.103121486109645,0.468642148403586,-8.62565835647517,"chr19:47498760:G:T"
-0.291146264803977,-0.448206990439221,0.0973143627248552,0.503476411495629,-3.05788207325255,"chr19:47499137:A:G"
-0.398553816043744,-0.501707127653397,0.0975660643838284,0.330243122252152,-3.70512263342314,"chr19:47501628:C:T"
-0.123187931045356,0.445652786733377,0.103087583516935,-1.77168902977347,1.42646917163533,"chr19:47502292:A:G"
0.354714533462756,0.446449115942286,0.0973143627248552,-0.294065866626048,-3.4289037586607,"chr19:47502739:C:T"
-1.31092117827211,-1.43673084488887,0.103121486109645,0.391777445292355,-8.73079128996267,"chr19:47503074:C:T"
-0.168433574559144,0.449662426479513,0.103087583516935,-1.92509760669594,1.91413897052658,"chr19:47503590:A:G"
0.173422396041105,-0.308507321495375,0.0983421078728131,1.53678796547071,1.57111985386921,"chr19:47503840:A:G"
-1.31085981235046,-1.43673630506726,0.103121486109645,0.391985545031075,-8.73051883272132,"chr19:47503905:A:T"
-0.484744592860858,-0.7342541933816,0.097825604363873,0.797739306058314,-4.0805821994894,"chr19:47504911:C:T"
-1.31056018334616,-1.43676296526839,0.103121486109645,0.39300162554989,-8.72918756538515,"chr19:47505103:C:T"
-0.393515390219096,-0.335832219420427,0.0971073802550773,-0.185107069851335,-3.1858077255367,"chr19:47505146:C:T"
-0.405005119039034,-0.374008753455662,0.0968170536758179,-0.0996173176341887,-3.41515248995393,"chr19:47506803:A:C"
-1.50347402215781,-1.27160888887508,0.0963070212173448,-0.747147712893473,-8.74664165785112,"chr19:47507697:C:T"
-0.384586764458483,-0.502130487671863,0.0975660643838285,0.376313717411442,-3.6439239795033,"chr19:47508106:A:G"
0.0655684529500044,-0.029868024072276,0.096838561470699,0.30668337542124,0.0625839295942949,"chr19:47508291:A:G"
0.216863538535488,0.0903615822359087,0.0970306904871892,0.406109062242028,-0.611928054019011,"chr19:47509212:C:T"
-0.36981982681517,-0.374796963096964,0.0968170536758179,0.0159957129347464,-3.28434975193191,"chr19:47509521:A:G"
-0.0138583842955895,-0.248260282895009,0.0997480904337779,0.742179287215345,-0.104333760672304,"chr19:47509664:A:T"
0.693494249014294,0.280526548074135,0.115157620141014,1.21694162254538,-2.66953580383516,"chr19:47509741:C:T"
-0.579837662915516,1.1329757544657,0.128038112000788,-4.78674646869065,3.61322317690425,"chr19:47509796:A:G"
-0.364049201158516,-0.267812514269349,0.0970470070197345,-0.308922535184532,-2.62366016181625,"chr19:47510217:A:G"
1.50301215286595,1.2716167478883,0.0963070212173448,0.745634089763286,-8.74711831508855,"chr19:47510922:A:G"
0.389508332616662,0.501981308356985,0.0975660643838284,-0.360079827761914,-3.66597686435585,"chr19:47512315:A:G"
0.460356036563712,-0.00560117667137753,0.0968343490809828,1.49737755998774,0.0710058357941283,"chr19:47513098:A:G"
0.439834678314511,0.50045584949303,0.0975660643838284,-0.194077383771583,-3.86202014788249,"chr19:47513941:C:CT"
0.391614692787901,0.501917461762335,0.0975660643838284,-0.353131957188333,-3.67525181545071,"chr19:47514077:C:G"
-0.388922422105918,-0.501999068088392,0.0975660643838284,0.362012465138919,-3.66337957861552,"chr19:47514159:C:T"
-1.50218076186949,-1.27163089455915,0.0963070212173448,-0.742909482033995,-8.74796812234376,"chr19:47514427:A:G"
-1.51754731339016,-1.27136942246345,0.0963070212173449,-0.793268248514728,-8.73056544548528,"chr19:47514428:G:T"
0.407146753955302,0.413722068697375,0.0969336075632097,-0.0211192921553366,-3.56714413555314,"chr19:47514700:C:T"
0.162730942016489,0.352196094154994,0.1140204209322,-0.561097098531099,-1.44810081207965,"chr19:47515000:G:T"
-0.113893173599014,0.0594118559692089,0.100631467314074,-0.546316433034174,0.207284391075442,"chr19:47515284:C:T"
0.383500732065618,0.502163406766571,0.0975660643838284,-0.379896016681707,-3.63898509599443,"chr19:47515603:A:G"
-0.489241226426391,-0.41178197066908,0.0969336075632096,-0.248791839880488,-3.7512487803545,"chr19:47516117:A:T"
-0.00412369425229142,0.249219695822707,0.0997480904337779,-0.802153130115674,0.0311615797022003,"chr19:47516875:A:C"
-0.113756961851783,-0.00222652824880109,0.0968343490809828,-0.358408806193434,-0.00807237075226741,"chr19:47517160:C:T"
0.391646616934673,0.414088375762479,0.0969336075632097,-0.0720808173837518,-3.51304001208863,"chr19:47517464:C:T"
0.411799954314457,0.384635950981963,0.0974835573859752,0.0870017704658451,-3.47086195076062,"chr19:47518032:A:T"
-0.422794169224153,-0.413352281078344,0.0969336075632096,-0.0303264561578223,-3.61512948034532,"chr19:47518383:C:G"
-0.268808737565063,0.124414396243172,0.180626028525023,-0.925228268838554,0.563210064521571,"chr19:47519627:A:G"
1.5013492419924,1.27164504342295,0.0963070212173448,0.740184451941378,-8.74880750470007,"chr19:47519775:C:G"
-1.5013492419924,-1.27164504342297,0.0963070212173449,-0.740184451941322,-8.74880750470018,"chr19:47519947:G:T"
1.50124543590232,1.27164680975263,0.0963070212173448,0.739844261974685,-8.74891155063968,"chr19:47520103:C:G"
-1.50124543590232,-1.27164680975264,0.0963070212173448,-0.739844261974645,-8.74891155063976,"chr19:47520526:C:T"
-1.50113962613552,-1.27164861017621,0.0963070212173449,-0.739497505623328,-8.74901743539766,"chr19:47520740:C:G"
0.600297265901436,0.914061244187496,0.134313182004129,-0.856137980380701,-4.2021999335508,"chr19:47522315:C:T"
0.00714244792517712,-0.249380757920827,0.0997480904337779,0.812221279804319,0.0540051232176634,"chr19:47522321:GCT:G"
0.0992107966225596,0.00255504352031393,0.0968343490809829,0.310608252492052,-0.00808786564110175,"chr19:47522593:A:G"
0.0350906124281758,-0.291034224029002,0.101823262535712,1.02202229582351,0.299841273915743,"chr19:47523410:C:T"
1.50082348323073,1.27165398955801,0.0963070212173448,0.738461452303562,-8.74933278280664,"chr19:47523651:A:G"
-0.380329227963072,-0.385562450811796,0.0974835573859751,0.0167611396416205,-3.36152105588787,"chr19:47523938:C:G"
-1.50082348323073,-1.27165398955803,0.0963070212173449,-0.738461452303518,-8.74933278280673,"chr19:47524243:C:T"
-0.427767086510543,-0.565196541795862,0.0991092632533581,0.436538650210477,-3.85271975099777,"chr19:47526226:A:G"
0.331445193449151,-0.205234388516921,0.126871486565572,1.50672175362139,1.55734525609156,"chr19:47527311:A:G"
0.475353481729896,0.691364993253256,0.121093734205642,-0.620749044777018,-3.85068000183732,"chr19:47529572:A:G"
-0.45407788608655,-0.412612968484261,0.0969336075632096,-0.133181413117212,-3.69222701690608,"chr19:47529689:C:G"
-0.45719820798257,-0.412539227461557,0.0969336075632096,-0.143440442622136,-3.69860616274638,"chr19:47530511:C:T"
0.658195338057006,0.3076268603151,0.121017694717454,1.00773983221162,-2.92834643054078,"chr19:47531523:A:G"
-1.50089004517989,-1.27165285696218,0.0963070212173449,-0.73867958697415,-8.74926651532942,"chr19:47532291:G:T"
-0.647127879400665,0.0171551539929947,0.107234735625491,-2.02854860213727,0.200462253073059,"chr19:47532560:C:T"
1.48919327363441,1.27185188531051,0.0963070212173449,0.70034730493647,-8.75986768327331,"chr19:47534022:C:T"
-0.363252941154704,-0.482386497531565,0.0976804864431601,0.381180082479446,-3.52262374877755,"chr19:47535245:A:G"
-1.50095627138209,-1.2716517300793,0.0963070212173449,-0.73889662134565,-8.74920051488877,"chr19:47535808:C:T"
0.159100732997904,-0.019137022974027,0.0982921030520264,0.568512989612687,0.0951524840324317,"chr19:47538676:A:G"
-1.50089137638869,-1.27165283431078,0.0963070212173448,-0.738683949568635,-8.74926518931903,"chr19:47538916:C:T"
0.502994985700125,0.270686740911955,0.0982534459896473,0.741123745043108,-2.95902848983437,"chr19:47539719:C:T"
0.487154670741768,0.411831281206652,0.0969336075632097,0.241931638579002,-3.74851119803909,"chr19:47540390:C:T"
-0.387989053801839,-0.481606823898863,0.0976804864431602,0.299539696559049,-3.63532957412584,"chr19:47540986:A:G"
0.338585255795301,0.483164014360047,0.0976804864431601,-0.462594627328608,-3.39484931719823,"chr19:47541024:C:T"
1.50089137638869,1.27165283431077,0.0963070212173448,0.738683949568666,-8.74926518931896,"chr19:47542108:A:G"
0.430001193192303,0.350457525746647,0.109488083907905,0.24039320241382,-3.19303365593503,"chr19:47542648:C:T"
-0.47128157736884,-0.372524049474399,0.096817053675818,-0.31739075984783,-3.56279351748704,"chr19:47544021:C:T"
0.474340364893488,0.372455527496457,0.096817053675818,0.327441427988971,-3.56675450357814,"chr19:47544564:C:T"
-0.454381748009446,-0.485491008804315,0.114892079751858,0.0917792799639874,-3.68981261563606,"chr19:47545258:C:T"
-0.735407303869676,-0.755267603156081,0.145043449188977,0.0521478886352508,-4.57947514464116,"chr19:47545853:A:G"
-0.461651249790648,-0.372739784986778,0.0968170536758179,-0.285747101764709,-3.54876810965016,"chr19:47546400:G:T"
0.0922681398705504,-0.295337859189204,0.101823262535712,1.21469427884567,0.794593073389557,"chr19:47546511:C:CAATA"
-0.418703086512557,-0.384432722408977,0.0974835573859751,-0.109762258347025,-3.49093272766491,"chr19:47547402:A:G"
0.0220938742850082,-0.250178473918945,0.0997480904337779,0.862087289078633,0.167512934405434,"chr19:47547977:CT:C"
0.20498412408699,-0.0330228340922563,0.096838561470699,0.764831012057503,0.213115687411373,"chr19:47548129:CA:C"
0.0220485534758171,-0.25017605587978,0.0997480904337779,0.861936135079211,0.167168002920506,"chr19:47548167:G:T"
-0.279452237113145,-1.29243643374579,0.0963070212173449,3.26417695923448,-1.52730162998386,"chr19:47550329:GAGAGAGAA:G"
-0.0619442585799663,-0.245694716889646,0.0997480904337779,0.581803240454252,-0.460804984515293,"chr19:47550770:C:T"
0.213326979573876,-0.0332116229412463,0.096838561470699,0.792247295269729,0.222705093841279,"chr19:47551351:C:T"
0.264918155333363,0.450141486336624,0.132927842560108,-0.508028073670024,-2.37126115810863,"chr19:47553033:C:T"
1.5011406243758,1.27164859319047,0.0963070212173448,0.739500777024209,-8.74901643724937,"chr19:47554108:C:T"
0.425839619692913,0.384222622498881,0.0974835573859751,0.13329229837863,-3.51025100270416,"chr19:47555007:C:T"
-0.476607930123634,-0.372404730226812,0.0968170536758179,-0.334892270988991,-3.56953961180747,"chr19:47555264:A:G"
0.430598558484583,0.384082519091943,0.0974835573859752,0.148983113154668,-3.52233705898082,"chr19:47556978:A:G"
-0.560493098083424,-0.820600769531706,0.0977659702601066,0.831877357967507,-4.48003195670925,"chr19:47557809:C:T"
-0.425409585051203,-0.384235282741217,0.0974835573859751,-0.131874420526948,-3.50912765721604,"chr19:47557871:G:T"
-1.50125508484867,-1.2716466455694,0.0963070212173448,-0.739875883190083,-8.74890188634131,"chr19:47557925:C:T"
1.50130000153912,1.27164588128202,0.0963070212173448,0.740023082717779,-8.7488568794569,"chr19:47558935:A:G"
-1.53718574401413,-1.27103526150324,0.0963070212173449,-0.857626679260262,-8.7031716133808,"chr19:47559668:A:T"
0.173136653764312,0.000885478198596878,0.0968343490809829,0.553538045227082,-0.00485426842479705,"chr19:47560220:C:T"
0.0917135813383842,0.0027243630403268,0.0968343490809829,0.285971447110386,-0.00797617212158941,"chr19:47560905:A:G"
1.27506369610872,1.2629013841623,0.110165257946363,0.0366432352217918,-8.07035053426919,"chr19:47561278:A:T"
-0.413871386092628,-0.38457496792205,0.0974835573859751,-0.0938315394071167,-3.47702893604519,"chr19:47561352:C:T"
-0.550038400719945,-0.379042653938753,0.123067250428423,-0.487432024774303,-3.39598091302027,"chr19:47561716:G:GT"
-0.121984362315216,-0.00204071799197657,0.0968343490809829,-0.385445093178877,-0.00792821115399289,"chr19:47562003:C:T"
-0.49710372631262,-0.411596160101483,0.0969336075632096,-0.274642255639845,-3.76073419447435,"chr19:47562174:A:G"
-0.426012216311495,-0.384217541245388,0.0974835573859751,-0.133861370958027,-3.51070040291197,"chr19:47562607:A:C"
1.22106057606003,0.691688926258412,0.134870614127281,1.44145806263224,-4.22082935514197,"chr19:47562808:C:T"
-0.487611259025793,-0.411820490881776,0.0969336075632096,-0.243432814686266,-3.74911821927342,"chr19:47563550:C:G"
0.485120990595156,0.411879342162819,0.0969336075632097,0.23524528206742,-3.74575300277895,"chr19:47563807:C:T"
-0.712264250427286,-1.61513634007085,0.124937454391193,2.55434704124722,-3.61496127714121,"chr19:47564121:C:T"
0.0385671360477312,-0.211375757856485,0.0969619575113436,0.802675683578334,0.255976333810419,"chr19:47564839:A:C"
-0.179504601796752,-0.00074166241320828,0.0968343490809828,-0.574463934428493,-0.00421152848033893,"chr19:47566670:C:T"
-0.494558134453156,-0.411656318813742,0.0969336075632096,-0.266272830028013,-3.75780578195862,"chr19:47566734:A:G"
0.0213806089063167,0.247858943332541,0.0997480904337779,-0.717091157616545,-0.160695040631525,"chr19:47566777:C:T"
-0.196202870494036,0.0505444947329714,0.0975025126616338,-0.790213818810876,0.310384081897985,"chr19:47567555:C:T"
-1.49956790322128,-1.27167535408707,0.0963070212173448,-0.734346706037355,-8.7505701122244,"chr19:47568639:C:T"
-1.52161528215445,-1.27130020326899,0.0963070212173449,-0.806599664400489,-8.72536223446154,"chr19:47568771:CAA:C"
0.159314348611788,-1.04677657562343,0.151006856210088,3.10371415117844,0.832617175473071,"chr19:47568798:A:G"
0.24334318072062,-0.306708967502463,0.101823262535712,1.72377413954923,2.06413235557877,"chr19:47568862:A:G"
-0.398997760920171,-0.385012848225091,0.0974835573859751,-0.0447913420341398,-3.42996100829356,"chr19:47569870:CCT:C"
-0.581811763667563,-0.599587185026322,0.132404849577879,0.0488503813252143,-4.06685468534265,"chr19:47570143:A:G"
-0.20210438934774,0.0507194170659273,0.0975025126616338,-0.80967375424108,0.320490006928458,"chr19:47571010:A:C"
-0.474583836674229,-0.382787590201391,0.0974835573859751,-0.294008061606386,-3.60535822939318,"chr19:47571181:C:T"
-1.49824792543552,-1.27169781438713,0.0963070212173448,-0.730020917457945,-8.75184488060724,"chr19:47572068:A:C"
0.816055462663166,0.183687879856762,0.132639319780099,1.73633474379626,-1.55103858479372,"chr19:47573184:C:T"
0.0867993926637154,0.185459724675345,0.100362038630628,-0.311428128122124,-0.489416664644474,"chr19:47573464:A:C"
0.50094976277963,0.491498093075406,0.104144950378192,0.0292879805717112,-3.94014506150294,"chr19:47573725:C:T"
-0.483511260652135,-0.462155758291909,0.105367262672986,-0.0657895541516331,-3.81145546147738,"chr19:47573969:A:G"
1.49717168596436,1.27171612731761,0.0963070212173448,0.726493900213271,-8.75286449519226,"chr19:47574138:A:G"
0.484199587267881,0.493169514322623,0.104144950378192,-0.0277951999519784,-3.9046393276794,"chr19:47574322:A:G"
-0.399081728795639,-0.736092240311939,0.15476145701005,0.856667008788292,-3.23134989812371,"chr19:47574332:A:G"
-0.0596071360980938,-0.187086833669577,0.100362038630628,0.402398438954995,-0.339596947630637,"chr19:47574423:A:ACTAT"
-0.0549350426212732,-0.187366398747222,0.100362038630628,0.418028689971535,-0.313511646031896,"chr19:47574728:T:TAC"
1.49700552847455,1.27171895459782,0.0963070212173448,0.725949374252657,-8.75302032721155,"chr19:47574808:A:G"
0.735118978403382,-0.197125584962391,0.174450305038114,2.23199898487932,1.81295399290004,"chr19:47576043:A:G"
-0.35879105236814,-0.233479317447996,0.0994624257318212,-0.397339937718528,-2.28495443303106,"chr19:47576533:A:G"
1.49420542933464,1.27176660014726,0.0963070212173448,0.716772979762317,-8.75558263417855,"chr19:47576627:A:G"
-1.50817003377881,-1.27152898311365,0.0963070212173449,-0.762537330550629,-8.74161087725594,"chr19:47577665:A:G"
-0.705975478912129,-0.264667023623737,0.100532029558195,-1.3918422747992,-2.4999475786907,"chr19:47578566:C:G"
0.0546520823836638,0.187383330300764,0.100362038630628,-0.418975319049841,-0.311928704024951,"chr19:47578804:G:T"
0.736225423446449,0.642701882042684,0.101061578481372,0.294189999179569,-4.87246448823897,"chr19:47579522:C:T"
1.08458138120996,0.608765003188785,0.117109144798308,1.39041351974318,-4.07005472743232,"chr19:47579783:G:T"
-0.536664274105412,-0.412744915409228,0.100163302037111,-0.391547847275738,-3.76458379705,"chr19:47580713:A:G"
-0.642595682619254,-0.296093860829415,0.100802603245767,-1.09136406130103,-2.94899335852078,"chr19:47580796:C:T"
0.0947762692636097,0.184982410568283,0.100362038630629,-0.284741893310502,-0.532687520324612,"chr19:47580797:A:G"
-0.253014041294778,0.0800001624100949,0.10356535452764,-1.03479782997347,0.589031996202916,"chr19:47581153:A:G"
-0.683871390463085,-0.373296961180594,0.101503685860745,-0.974820804756091,-3.39895122343078,"chr19:47581400:C:T"
-0.245438711450323,-0.175967189114163,0.100362038630628,-0.219291641511954,-1.27689475450048,"chr19:47581772:G:T"
0.319714244254085,0.402666484962716,0.107882864243692,-0.25255262540064,-2.94780822821287,"chr19:47582149:A:G"
-0.735998561211768,-0.449905167871307,0.105316883610812,-0.881574113529137,-3.78194225441296,"chr19:47582400:T:TTCC"
-0.612954292632444,-0.192036686732071,0.100413224259436,-1.32831670782527,-2.15436304716285,"chr19:47582497:C:T"
1.31527386529149,1.17280217976637,0.137821457415926,0.383769223347989,-7.0940500414925,"chr19:47582627:G:T"
-0.44748264654983,-0.375008109825392,0.135268421863223,-0.19705489895904,-3.02647045902859,"chr19:47583416:C:T"
0.635033624409358,0.190703586450557,0.100413224259436,1.40220082252632,-2.08585328618441,"chr19:47583608:A:G"
1.4568258651589,1.27240263829596,0.0963070212173449,0.594273878975422,-8.77811627205252,"chr19:47583647:C:T"
1.4568258651589,1.27240263829596,0.0963070212173448,0.594273878975432,-8.7781162720525,"chr19:47583667:C:T"
1.45614711933291,1.27241418760768,0.0963070212173448,0.592049515070165,-8.77832247718339,"chr19:47583879:C:T"
0.325519653393682,0.171175368303381,0.100362038630629,0.487198358367107,-1.59374309726263,"chr19:47584234:C:T"
-0.635932989328694,-0.664206954902245,0.101926932661702,0.0885609460798469,-4.70609090810969,"chr19:47584446:C:G"
0.610037464418872,0.11285013194774,0.10342323190522,1.54600538555704,-1.34160642505968,"chr19:47584569:A:G"
0.286537107918936,0.43982664183981,0.100664354046575,-0.483141839189807,-2.95781407753163,"chr19:47584717:C:T"
0.671627644926502,0.369938468065167,0.100424548705372,0.952006219611064,-3.40835003341497,"chr19:47585188:A:T"
-0.602752055569562,-0.113521583269812,0.10342323190522,-1.52126350684517,-1.35877320251245,"chr19:47585297:C:T"
-0.550326519429928,-0.670744097711873,0.101926932661702,0.377177181939727,-4.39948160544792,"chr19:47585370:A:G"
1.45049356112166,1.27251038666129,0.0963070212173448,0.57352185664515,-8.77975573591305,"chr19:47585536:A:G"
-0.920685001593391,-0.292982711363293,0.101009742067786,-1.97502265718316,-1.90783406489562,"chr19:47585698:A:G"
-1.4918069383665,-1.27180741206654,0.0963070212173448,-0.708912722605141,-8.75768152018324,"chr19:47585733:A:G"
-0.647538814977796,-0.0575046242021926,0.105399553706165,-1.81743041810003,-0.666099416454438,"chr19:47587626:G:T"
1.44402722430697,1.27262041568349,0.0963070212173448,0.552330586424331,-8.78077088324608,"chr19:47587832:C:T"
-1.05881407021275,-0.557449988629526,0.105865851378029,-1.54090289121861,-3.7930713596406,"chr19:47588515:C:T"
-1.0982404114841,-0.552799326263302,0.105865851378029,-1.67637007930858,-3.62001181696173,"chr19:47588842:TA:T"
1.55103898799534,1.27079953934196,0.0963070212173448,0.903026083135106,-8.68043929009671,"chr19:47588879:C:T"
-1.5538685118883,-1.27075139311077,0.0963070212173449,-0.912298907476015,-8.67545526798649,"chr19:47589278:C:T"
2.10215399108319,1.52518049651922,0.123832449345752,1.63960272372925,-8.44661075234633,"chr19:47589282:A:G"
-0.600112314261005,-0.774940134625141,0.11456811543122,0.516509909940365,-4.49805245081788,"chr19:47589512:A:G"
1.56427636433091,-0.831065052117039,0.136752060507099,6.47739653014425,4.38068691654054,"chr19:47589650:A:G"
-0.162287770771786,-0.339946754684286,0.145652233568626,0.465509554757956,-1.12049492633418,"chr19:47589885:C:T"
-1.54758539801068,-1.27085830447282,0.0963070212173449,-0.891708089548581,-8.68636664434363,"chr19:47589888:C:T"
-0.859848839199764,-0.983750447328618,0.106026767697902,0.380512722666257,-6.07896642980021,"chr19:47590098:C:T"
0.839887096229756,0.583274232168782,0.105865851378029,0.788679362324457,-4.49482998282132,"chr19:47590391:A:G"
-0.894366090753038,-0.713189395405039,0.11456811543122,-0.535266975259303,-5.09014554635227,"chr19:47590432:A:G"
0.813055332921872,0.989349643768887,0.106026767697902,-0.541415315136231,-5.84017211409851,"chr19:47590584:G:T"
-0.775315716639184,-0.575348583281712,0.105290074603275,-0.616261311838429,-4.49586269973076,"chr19:47590696:A:G"
0.363673979754093,0.104323706628948,0.117611822300871,0.756242743034451,-0.939970156848494,"chr19:47590755:A:T"
0.211653527071054,0.172653888826871,0.104486026476264,0.120651151664014,-1.05046707015045,"chr19:47590887:A:G"
-1.13294045000883,-1.27791376407773,0.0963070212173448,0.467152945782028,-8.00949188883037,"chr19:47591703:C:T"
-1.25611250375599,-1.27581790965131,0.0963070212173449,0.0634974682820094,-8.51008792411684,"chr19:47591807:C:T"
-1.69602383349263,-1.19748259124764,0.106200751223574,-1.52980930128193,-7.42089621134435,"chr19:47592116:A:G"
-1.01971720367076,-1.27984033292833,0.0963070212173448,0.838204512873004,-7.32444454987157,"chr19:47592317:A:C"
0.621927420519801,1.31331575321833,0.107194711911273,-2.11171529624581,-3.58838273673525,"chr19:47593714:C:T"
1.90630000165886,1.32190009248565,0.103176106441328,1.8193680858314,-7.84635290459231,"chr19:47593793:A:T"
0.620148830650412,1.38668835179009,0.107137692088474,-2.34187336742759,-3.43993389696334,"chr19:47593868:G:T"
0.634496387942601,1.38480323957832,0.107137692088474,-2.29228054755959,-3.54930007384451,"chr19:47593948:A:T"
-0.620900663083502,-1.38658956922579,0.107137692088474,2.33927463304612,-3.4455704257622,"chr19:47594000:A:T"
1.930600975106,1.31972383898957,0.103176106441328,1.90179763611993,-7.74335834167104,"chr19:47594304:C:T"
-1.90275139351614,-1.32221788514089,0.103176106441328,-1.80733111233358,-7.86169790370371,"chr19:47594645:C:CG"
0.0359634361547314,0.211494910632419,0.103432546544337,-0.545791028093458,-0.224198621111359,"chr19:47595301:C:T"
-0.174179212340431,0.180170934956011,0.112691345482972,-1.05557072123976,0.843667592395523,"chr19:47595821:A:C"
0.649079045897321,0.965820656229517,0.109496772788628,-0.957203902802935,-4.73603566134173,"chr19:47595831:A:G"
-1.80067499816602,-2.24557866045138,0.121077037134107,1.27860114290551,-10.4258804778119,"chr19:47595878:A:C"
1.78075373082936,1.70653613105368,0.102843249652042,0.231429655814564,-10.858065384643,"chr19:47595994:A:G"
-0.646811002708392,-0.966175154313799,0.109496772788628,0.965129311590704,-4.71925923963266,"chr19:47597130:A:G"
1.40468770291296,1.37531086458028,0.103223527422828,0.0914356813052849,-8.92422787274254,"chr19:47597319:A:G"
1.77941033670234,1.70665171554935,0.102843249652042,0.226880183431856,-10.8560102680063,"chr19:47597377:C:T"
-1.801860911854,-1.70472008703148,0.102843249652042,-0.302910195454564,-10.8863239781986,"chr19:47597695:C:T"
1.80537690914754,1.70441757359496,0.102843249652042,0.314817298711078,-10.89029612065,"chr19:47598081:C:T"
1.36925436371514,1.27389272564408,0.0963070212173448,0.307287381995845,-8.74333061780361,"chr19:47598181:A:G"
-1.81043112528169,-1.70398271310901,0.102843249652042,-0.331933658129472,-10.8956390885271,"chr19:47598611:C:T"
0.680647479899618,0.960886469159144,0.109496772788628,-0.846891742311448,-4.961056763172,"chr19:47600223:A:G"
-0.05809440762977,-0.675047261343602,0.104696196564778,1.90671825703924,-0.638390735778175,"chr19:47603563:C:T"
0.829038819491554,1.50065070481523,0.138702783148704,-1.80333239894187,-4.51935200025383,"chr19:47604760:G:T"
0.593009352584729,-0.536858514941987,0.131842303781542,3.1117182449003,3.94971410483345,"chr19:47605762:C:G"
1.46005439834273,0.663003523435409,0.124259096215051,2.26111133740716,-3.45232389423371,"chr19:47605844:A:G"
0.0069291922902575,-0.681914178402211,0.104696196564778,2.12889886679898,0.0755183670861097,"chr19:47606438:A:G"
-1.74015151417823,-0.562425509440724,0.140543893333874,-3.14150875592767,-2.67434278183039,"chr19:47607110:TTTC:T"
1.46214265572612,0.662351583050809,0.124259096215051,2.26888485906679,-3.4444331041438,"chr19:47607610:G:T"
-0.553560002350223,0.790963730416117,0.108429597720237,-4.08314261656885,4.32211704363838,"chr19:47610931:C:T"
1.07232354524664,1.53139961930065,0.208851404671244,-1.00453704856371,-5.45966924463448,"chr19:47611101:TCACACAGCCCTGGGTCA:T"
0.568073410817084,0.34680537001585,0.128331037238371,0.617664780239517,-3.18635215490619,"chr19:47612309:G:T"
-0.00866149032943169,0.031717384491437,0.105749900897492,-0.124169298739805,0.00805081861437751,"chr19:47612504:A:C"
-0.296150032527208,-0.649907031742127,0.104696196564778,1.09330060619408,-2.9198869203899,"chr19:47612640:TG:T"
-1.11429408839212,-1.11134846576999,0.123630996531329,-0.00837748042190014,-6.84885806148719,"chr19:47613035:C:G"
-0.336000879423009,0.134734709570458,0.100857092631317,-1.48225802771364,1.29687984611683,"chr19:47613437:C:T"
-0.270688723079477,0.0594837461499271,0.101358190273343,-1.03707802943009,0.476977975083846,"chr19:47613771:C:T"
-0.195873766455054,0.10835643383898,0.101352870427028,-0.955617945843836,0.636635331780828,"chr19:47613804:A:G"
0.789543560419578,0.750181628220947,0.192857262159619,0.0896310347863073,-4.25586111020097,"chr19:47614402:C:T"
-0.272050665767984,1.86719188172095,0.182641422805005,-5.00564892593862,1.11570012260207,"chr19:47614666:A:G"
-0.0478503096115569,0.430283280081524,0.0996654633937688,-1.51452661450541,0.569492950103715,"chr19:47615277:C:T"
-0.708869787661345,-0.547971584698713,0.0983178435145808,-0.513138997583598,-4.4557173172216,"chr19:47615399:C:T"
0.522415209556108,-0.788200827786654,0.103066415133637,4.08241257028776,4.19616213474764,"chr19:47615686:C:G"
-0.721782690607389,-0.547477663178755,0.0983178435145808,-0.555896246207817,-4.45354561313098,"chr19:47616293:C:T"
-1.68402952605487,-0.935649294214976,0.121867168635178,-2.14377373954931,-5.04161019746424,"chr19:47616674:A:G"
0.00173229808369356,0.418615828201469,0.100464082072815,-1.3152530799743,-0.0201958937495643,"chr19:47616712:C:T"
-0.0672107411324362,0.426749473279182,0.10004919677123,-1.56165525629867,0.79056467879141,"chr19:47616729:C:T"
0.724020172924256,0.547392078963376,0.0983178435145809,0.563305005346996,-4.45291510866685,"chr19:47616819:C:T"
-0.709311902385543,-0.547954673708404,0.0983178435145808,-0.514602929378175,-4.45568440340103,"chr19:47616897:C:T"
0.741196116175949,0.546735095167161,0.0983178435145809,0.620178047685885,-4.44558828350017,"chr19:47616922:A:G"
0.795414579733157,0.54466122641418,0.0983178435145808,0.799706410597446,-4.39403101800948,"chr19:47617090:AGTGCT:A"
-0.703476630739623,-0.54817787419654,0.0983178435145808,-0.495281157844903,-4.45588161930995,"chr19:47617282:C:T"
-0.71089125010418,-0.547894263293414,0.0983178435145808,-0.519832470973269,-4.45554279000916,"chr19:47617468:A:G"
-0.711005182100717,-0.547889905368238,0.0983178435145808,-0.520209722991839,-4.45553112220905,"chr19:47617508:C:T"
-0.696885441444028,-0.548429988709351,0.0983178435145808,-0.473456389191514,-4.45548598658661,"chr19:47617609:C:T"
0.713350794005534,0.253165120835723,0.123311053061231,1.31048510913366,-2.40029577796401,"chr19:47617777:C:CT"
-0.112474733514355,0.433674852959988,0.0996654633937688,-1.72997275666719,1.32173528469082,"chr19:47618352:G:T"
-0.520862208576275,0.788063549000993,0.103066415133637,-4.07714755050672,4.18623005169388,"chr19:47618737:C:T"
0.636410873579756,0.755927587052998,0.0989201069931412,-0.380002412221249,-4.90660135684572,"chr19:47618789:A:T"
-0.238829132393188,-0.521816948260057,0.130643102249417,0.782932813086692,-2.36601523455308,"chr19:47619132:A:G"
0.728159403926154,0.547233752421591,0.0983178435145808,0.577010841269447,-4.45155140400459,"chr19:47619133:C:T"
0.114833421877057,-0.540865804682032,0.0996887847784201,2.07673709511103,1.4364480966657,"chr19:47619283:C:T"
0.709041166294836,0.547965029426407,0.0983178435145808,0.513706467103928,-4.45570490813652,"chr19:47619297:C:G"
-0.630588918610026,-0.756187305732469,0.0989201069931413,0.39933904380923,-4.87929678790966,"chr19:47619340:C:T"
-0.714975763269423,-0.547738029721512,0.0983178435145808,-0.533357125006912,-4.45500253527308,"chr19:47620179:A:C"
-0.713204287949877,-0.547805789061615,0.0983178435145808,-0.527491409839214,-4.45526764947308,"chr19:47620833:C:T"
0.617045634340493,0.756791474594026,0.0989201069931412,-0.444320755239953,-4.81373986911973,"chr19:47620840:C:T"
0.71979391799729,0.0328967197642201,0.133050872582211,1.88314118384984,-0.345056545519457,"chr19:47621316:A:G"
-0.677907744329355,-0.530122500731023,0.0986122377885992,-0.470614890813258,-4.35627166267388,"chr19:47621395:G:T"
0.550588149519702,0.554025893913276,0.0983178435145808,-0.0109637067387071,-4.27466372055941,"chr19:47621790:C:T"
-1.17032875855707,-1.09405621634021,0.123509932292618,-0.217028755544178,-6.9226642027765,"chr19:47622314:C:T"
-0.470805962162749,0.783638786356926,0.103066415133637,-3.90744570810472,3.85401183703584,"chr19:47622584:C:T"
1.41716920029811,0.677028509215612,0.181149311479706,1.73898540654063,-3.34546918870177,"chr19:47622761:C:T"
-1.24811531453598,0.195299397477571,0.104164116182417,-4.47231166486475,0.978614782052664,"chr19:47623003:C:T"
-0.457069121435265,-0.555707666676398,0.0986282924548576,0.314084063736485,-3.97619047882962,"chr19:47623868:C:T"
-0.0363645019129477,0.0344627003218156,0.0981862877584279,-0.226034466409448,0.0395356358426623,"chr19:47624948:C:T"
-0.180748503981983,0.562936097513147,0.154798084316949,-1.89019233757606,1.71353430896165,"chr19:47625114:C:T"
0.443928117769831,0.517864933768462,0.0973713184481988,-0.236943728952142,-3.90257601486813,"chr19:47625161:A:G"
-0.799699832766976,-0.670725516407801,0.0993870553725519,-0.409108330315216,-5.10321408364317,"chr19:47625453:C:T"
-0.463574338161194,-0.517309833870929,0.0973713184481987,0.172204990958661,-3.96899669849644,"chr19:47625508:G:T"
0.395658558412139,0.477958861326502,0.0998497502224374,-0.260452147268736,-3.63657569611569,"chr19:47626264:C:T"
0.504983402882997,0.516139829303829,0.0973713184481987,-0.0357527605459924,-4.08671058475904,"chr19:47626274:C:T"
0.634552338473106,0.646431472821612,0.0985456709937151,-0.0378412974606699,-4.71797430696292,"chr19:47626335:C:G"
-0.486711011137779,-0.565246707385189,0.0979512661300776,0.25093548014904,-4.10481106164095,"chr19:47626446:C:T"
0.489134912013883,0.565163375800504,0.0979512661300775,-0.242924427704667,-4.11343160006186,"chr19:47626497:A:G"
0.378621259505531,0.51971016555396,0.0973713184481987,-0.452144592127313,-3.62888442562155,"chr19:47627109:A:G"
-0.383323341420167,-0.519577309201083,0.0973713184481987,0.43665016912729,-3.65147140447699,"chr19:47627117:A:G"
1.08825625191305,0.103757099080092,0.127330878916332,2.75897953032236,-0.454243746413514,"chr19:47627119:C:T"
0.125592323929557,0.470601371609626,0.124197620493982,-0.978980061381463,-1.30038735254417,"chr19:47627490:A:G"
0.769268467243099,0.653345078084729,0.099563504727811,0.367384628973239,-4.98679934861113,"chr19:47627634:A:G"
0.569563491538757,0.649073667253954,0.098545670993715,-0.253281773075276,-4.50587954409933,"chr19:47627839:A:G"
0.460805543004832,0.517388065605943,0.0973713184481988,-0.181328796994374,-3.9600575524452,"chr19:47628330:CT:C"
-0.412574020815444,-0.518750837299019,0.0973713184481988,0.340262567248654,-3.78169557918652,"chr19:47628560:C:G"
0.375571016144641,0.428175831547058,0.0990240500638651,-0.167168774417609,-3.45875164868553,"chr19:47629340:C:T"
-1.265922277977,-0.780483114050319,0.125063877193818,-1.37267861202937,-4.92037065515412,"chr19:47629472:A:C"
1.32710327309256,0.487479467344061,0.0994694703631199,2.66219486148161,-2.68837200833437,"chr19:47629662:G:T"
-0.46253433379254,-0.517339218979465,0.0973713184481987,0.175632040487441,-3.96565506090963,"chr19:47629727:A:G"
-1.720411775337,-1.11486631013675,0.126339631219288,-1.70363656884159,-6.30427815044355,"chr19:47629952:C:T"
-1.08358045821139,-0.313644406335055,0.0977354189729866,-2.4627972853323,-1.68218006212758,"chr19:47630709:C:T"
-0.351498098822014,-0.466145171143648,0.0999103545721174,0.362708487846141,-3.41408091329356,"chr19:47631753:A:G"
0.923798529230083,0.518892323771559,0.170094015356883,0.981770358770389,-3.52321363384516,"chr19:47631841:A:G"
0.843675633602027,0.935404957847974,0.109496772788628,-0.277209132951016,-5.85085788168798,"chr19:47631843:C:T"
-0.462847769025043,-0.517330362931737,0.0973713184481987,0.174599200531932,-3.96666419020558,"chr19:47632489:A:G"
-0.44902890295941,-0.51772081213694,0.0973713184481988,0.220135488518568,-3.92049516201596,"chr19:47632760:A:G"
-0.447817786936245,-0.517755031969912,0.0973713184481987,0.224126389635493,-3.91628370876594,"chr19:47633380:C:G"
-0.789382069558971,-0.652311146639433,0.099563504727811,-0.434405433842317,-4.99995449855253,"chr19:47633495:G:T"
0.447100280005109,0.51777530497999,0.0973713184481987,-0.226490737194366,-3.91377602823099,"chr19:47633623:G:T"
0.493663467536661,0.40787651345476,0.0990317279247139,0.272605158566275,-3.71766308531325,"chr19:47633687:A:G"
0.440174506950345,0.517970991266537,0.0973713184481987,-0.249312725254316,-3.88908312950116,"chr19:47634299:A:G"
0.860630490961057,0.932754891710553,0.109496772788628,-0.217962388371815,-5.91585130392276,"chr19:47634954:A:G"
0.623213301519213,0.790120875427237,0.0982486374822732,-0.532491618552038,-4.87289635624246,"chr19:47635333:C:T"
0.639362182367677,0.754565685136066,0.0972727301659979,-0.369377239492361,-4.95053924783711,"chr19:47635490:C:G"
0.64047878506645,0.754535298259425,0.0972727301659979,-0.365699644341936,-4.95573810248655,"chr19:47635582:C:T"
-0.303400493893593,0.850211647745071,0.100499188856816,-3.63897054298919,2.26664905746226,"chr19:47635697:CAT:C"
0.606587501075858,0.755457605062864,0.0972727301659979,-0.47732253561955,-4.78948040403717,"chr19:47635802:A:T"
-0.566460249103154,-0.909549449247353,0.0999679708268646,1.08511710399608,-4.34598815796252,"chr19:47636882:C:T"
-0.718433228270175,-0.643021201206463,0.098545670993715,-0.240227011877261,-4.89420230493273,"chr19:47637051:A:G"
-1.10047036174387,-1.13933903409363,0.107402187435935,0.11860230875091,-7.3224585024057,"chr19:47637600:A:G"
0.636114596212778,0.754654063930042,0.0972727301659979,-0.380073351105704,-4.93531017162665,"chr19:47637852:C:G"
0.643032066957245,0.754465814044558,0.0972727301659979,-0.357290263718403,-4.96755430139167,"chr19:47638578:C:G"
0.252921120883715,0.148508587614396,0.0980254509750294,0.333490301447686,-1.14000053926846,"chr19:47638687:A:G"
-1.06189448900106,-1.99529675905674,0.143446883060083,2.46446863203082,-5.063355114647,"chr19:47638895:C:T"
-0.185268622145846,-0.219842323582295,0.187414392180649,0.0798627770815533,-0.662216142356346,"chr19:47639034:C:T"
0.631268115916253,0.75478595452915,0.0972727301659979,-0.396035512449834,-4.91228354923717,"chr19:47639304:G:T"
-0.630900473298441,-0.754795959440376,0.0972727301659979,0.397246364537012,-4.91052217350671,"chr19:47639489:A:C"
-0.760969509193352,-0.641291841017313,0.0985456709937151,-0.381236385412092,-4.94151668147409,"chr19:47640366:C:G"
-1.0734979499225,0.0474037006189148,0.125574909383389,-3.16312294097053,0.206202230744589,"chr19:47640373:C:T"
0.281422846853256,0.343938091832468,0.0986862308347271,-0.199002098603219,-2.59609131881724,"chr19:47640427:G:T"
-0.21002151444266,-0.252940864691993,0.0984196697155719,0.136808218304709,-1.57858146105631,"chr19:47641980:C:T"
0.272469484894307,0.250485065160829,0.0984196697155719,0.0700767666967812,-1.97465990221419,"chr19:47642312:C:T"
-0.606411890040723,-0.708181004611505,0.0970955222295784,0.326600161414576,-4.75388882841394,"chr19:47643471:A:G"
0.536038675592368,0.731413759735738,0.0986146153185835,-0.622154913874388,-4.38393575036844,"chr19:47643710:A:G"
-0.6798690825059,-0.899245866979462,0.0980475605486546,0.700603447614983,-5.21072691771135,"chr19:47643902:A:G"
-0.89257618671355,-1.29219208122605,0.145845075319217,1.04639792357545,-5.41943260334547,"chr19:47644054:A:T"
-0.679527747238482,-0.899257948884249,0.0980475605486546,0.701732123513339,-5.20851816534467,"chr19:47644187:A:T"
0.225019382959108,0.127177059686475,0.0978526200690742,0.312781117652103,-0.880461840554839,"chr19:47644797:A:G"
0.536220556678336,0.731406232735617,0.0986146153185835,-0.621551760345348,-4.38497082757416,"chr19:47645167:A:G"
0.675219091819071,0.899410458072515,0.0980475605486546,-0.715979334365737,-5.18048590527898,"chr19:47645641:A:G"
-0.775562014527586,-0.50963543046458,0.0977300677684055,-0.850643631546605,-4.19150790062587,"chr19:47645653:A:G"
-0.609380545566599,-0.70810577191431,0.0970955222295784,0.316831634006476,-4.76672649858358,"chr19:47645907:A:G"
-0.697429799024454,-0.898624287771763,0.0980475605486546,0.642536323046918,-5.32196959957731,"chr19:47646022:C:T"
0.626658669775489,0.707667903702451,0.0970955222295784,-0.259976997817107,-4.83878190137776,"chr19:47646112:A:C"
0.507215488535923,0.732606583779746,0.0986146153185835,-0.717738283078987,-4.21374117783237,"chr19:47646360:A:G"
-0.644762241314866,-0.707209116718272,0.0970955222295784,0.200406180918506,-4.90938541735313,"chr19:47646438:GAC:G"
-0.692248693562705,-0.898807678205995,0.0980475605486546,0.659668419902378,-5.28963843223107,"chr19:47646655:A:G"
-0.681753637961613,-0.899179161245337,0.0980475605486546,0.694371884325011,-5.2228899722979,"chr19:47647285:A:G"
0.529448387373182,0.710131440369687,0.0970955222295784,-0.57985288092974,-4.37484273122702,"chr19:47647450:A:G"
-0.147085153193024,-0.41586514901779,0.0981940739991152,0.857737313703912,-1.68065662065134,"chr19:47648101:A:C"
0.133240301672438,0.206262456954063,0.100984287399185,-0.229788211325819,-0.822981598059885,"chr19:47648545:C:T"
-0.10806153153256,-0.337234682036326,0.0975912312198988,0.733598334338388,-1.08177453015194,"chr19:47648620:C:G"
0.0492309883449487,0.339033549621259,0.0975912312198988,-0.927677067631907,-0.499792203023091,"chr19:47648775:C:T"
0.112020253913587,0.337113635773908,0.0975912312198988,-0.720538726462253,-1.12003183292196,"chr19:47648851:C:T"
-0.100373537821694,-0.337469758612714,0.0975912312198988,0.758960603665307,-1.00709730808093,"chr19:47648948:C:T"
0.781555418892575,0.509443382390756,0.0977300677684055,0.87042960271549,-4.18158264593919,"chr19:47649044:A:G"
1.01253474742315,0.861742493753996,0.125063877193818,0.426395966483274,-5.69518843625769,"chr19:47650167:C:T"
-0.653444606851806,-0.900181187848829,0.0980475605486546,0.78797991188571,-5.03457099690625,"chr19:47650229:G:T"
-0.641380645974987,-0.900608203866967,0.0980475605486546,0.827871195266889,-4.95071805847437,"chr19:47650410:C:T"
-0.0582749187371803,-0.372980775109687,0.0983809644322859,1.00334268090083,-0.633509588161893,"chr19:47650446:A:G"
0.741185997612489,0.0228790744290593,0.147014571029444,1.87339717825354,-0.232801930311704,"chr19:47651025:C:T"
-0.674896148247689,-0.899421888984763,0.0980475605486546,0.71704719538206,-5.17837354639705,"chr19:47652161:A:G"
-0.369438284133409,-0.196742757288736,0.0984460464598019,-0.550404465506506,-2.02562154818326,"chr19:47652526:C:T"
0.571150375547488,-0.483308078607405,0.128392156674665,2.94279646806661,3.79186315216795,"chr19:47652937:A:C"
0.895952128036396,0.505777741578879,0.0977300677684055,1.24808641528691,-3.90405677481605,"chr19:47653059:A:G"
-0.183824156519656,-0.156177079386993,0.101473710121474,-0.0867905527718372,-0.8564413459554,"chr19:47653265:C:T"
1.14081197462363,0.413677206760204,0.102094574596598,2.27569250384457,-2.30166904280248,"chr19:47653411:G:T"
0.0699527703553826,0.384130325510106,0.0975350707014305,-1.00599252624012,-0.781876884595773,"chr19:47653968:G:T"
-0.742339971983725,-0.897034647070249,0.0980475605486546,0.494034147475437,-5.58473795345015,"chr19:47654031:A:T"
0.641059367081411,0.900619575856249,0.0980475605486546,-0.828933551778045,-4.94845602001401,"chr19:47654383:C:T"
-0.679548349919852,-0.89925721963164,0.0980475605486546,0.701663997678939,-5.20865153357248,"chr19:47654861:A:G"
0.866457979287143,0.450171936012746,0.101473033872458,1.30682227359473,-3.49241222499373,"chr19:47656261:AAAC:A"
0.557115884118473,0.75592434579083,0.0971716361441249,-0.63777149872198,-4.51772062375906,"chr19:47656400:A:G"
1.31359637403859,0.670664234600777,0.102512862829368,2.00805662451923,-4.0597017064946,"chr19:47656457:A:G"
0.929766882112883,0.639684226126801,0.098910017138279,0.922362472030372,-4.88897137217868,"chr19:47657054:A:G"
-0.929199480352678,-0.639709477586121,0.098910017138279,-0.920478039861343,-4.88992733377505,"chr19:47657110:C:T"
-0.891596065759501,-0.64138296744823,0.098910017138279,-0.795591074234495,-4.94298428340545,"chr19:47657155:C:T"
0.658670727155675,0.75326908065808,0.0971716361441249,-0.303468641034454,-5.03872576500059,"chr19:47657350:G:T"
0.84121464041295,0.64362512565295,0.098910017138279,0.628266287282132,-4.9813171433192,"chr19:47657541:C:T"
0.85461642229525,0.64302869720737,0.098910017138279,0.672775752483126,-4.97485613638525,"chr19:47657554:G:T"
-0.860364983427991,-0.390622272967578,0.117938428365202,-1.36783080826782,-2.98181961943581,"chr19:47657603:A:C"
-0.861904599697421,-0.506868734583452,0.0977300677684055,-1.135685620503,-4.00306686095184,"chr19:47657867:A:G"
0.943039821522595,0.639093531643788,0.098910017138279,0.966444030733528,-4.86532036959492,"chr19:47658040:C:T"
0.826376929693157,0.508007156117549,0.0977300677684055,1.01839844753866,-4.09211733848152,"chr19:47658359:A:C"
0.431076782652059,-0.116986402153254,0.0992112431564525,1.74000375014583,1.37242315410903,"chr19:47658825:A:T"
-0.98234242771212,-0.637344421523782,0.098910017138279,-1.0969742839389,-4.78121397004096,"chr19:47658867:AT:A"
0.594281262989299,0.395129429953091,0.097745928727517,0.636993454048145,-3.69556635210697,"chr19:47658874:C:T"
-0.991236044641082,-0.648563545913134,0.102095253177088,-1.07244857424648,-4.80281858823874,"chr19:47659263:A:G"
-1.03134652721593,-0.355303856506345,0.0975350707014304,-2.16468001292558,-2.09017257734826,"chr19:47659441:C:G"
-1.00701336833784,-0.356033462919075,0.0975350707014305,-2.08442935798284,-2.16292256872966,"chr19:47659455:C:T"
1.00932578927265,0.636143562971266,0.098910017138279,1.18659035163293,-4.71195092607122,"chr19:47659493:A:G"
0.717190573687284,0.751739013716697,0.0971716361441249,-0.110830344899397,-5.26729781180532,"chr19:47660173:A:G"
-0.658231042136825,-0.753280576715436,0.0971716361441249,0.304916016205242,-5.03680736809022,"chr19:47660283:A:G"
-0.64260268577757,-0.495706680453689,0.101468779680546,-0.461151650249923,-4.14905544421708,"chr19:47660431:A:C"
-0.71511351602163,-0.751793320716082,0.0971716361441249,0.117667697924064,-5.26009940883596,"chr19:47660978:C:G"
0.715323939778239,0.751787818951249,0.0971716361441249,-0.116975015418175,-5.26083174779997,"chr19:47661096:C:G"
-1.07174215552626,-0.823187270148741,0.0981797703169842,-0.793252222909687,-6.08989470895846,"chr19:47661169:A:G"
-1.04611257280941,-0.824130237820949,0.0981797703169842,-0.708447071594759,-6.1087083719149,"chr19:47661289:A:G"
-0.636893109726359,-0.393756871241435,0.0977459287275171,-0.777678969837187,-3.64207660102158,"chr19:47661512:A:G"
-0.717837942114753,-0.751722087543973,0.0971716361441249,0.108699308025037,-5.26952755088568,"chr19:47661666:A:AG"
-1.11468558147628,-0.82160728881029,0.0981797703169842,-0.935346761705215,-6.03529280408033,"chr19:47661913:G:T"
0.120432887689083,-0.471862793799596,0.102351108022087,1.85136603470305,1.44209109851773,"chr19:47662186:C:G"
1.30117058087808,0.906511940842761,0.0987483779089837,1.25590453830781,-6.33287618877361,"chr19:47662367:A:G"
-0.231953729994119,0.105977235527746,0.101151815627242,-1.06252987010603,0.733470824566952,"chr19:47662479:T:TG"
0.873485910795049,1.22998612187594,0.131152032231341,-0.984401527876108,-5.59895600944427,"chr19:47662891:C:T"
-0.943908756009557,-0.639054860872266,0.098910017138279,-0.969329901407175,-4.86368644726146,"chr19:47663244:C:T"
-1.21668358175222,-0.927205074540912,0.0981552168556889,-0.923973745330596,-6.69061182538213,"chr19:47663258:C:T"
1.02253283234274,0.824997787371981,0.0981797703169842,0.630424597318314,-6.11671289817332,"chr19:47663473:A:G"
-0.995699467571768,-0.636749984262296,0.098910017138279,-1.141335153713,-4.7480485880463,"chr19:47663757:A:G"
1.53415282931935,0.730378620383646,0.0971716361441249,2.57848321723762,-4.2239460432399,"chr19:47664678:C:T"
-0.904284003279193,-0.640818307694851,0.098910017138279,-0.837729747917213,-4.92737269460019,"chr19:47665181:TC:T"
1.4640170777269,0.911665737832544,0.0990677027610756,1.75488784394554,-5.82623426734636,"chr19:47665393:A:G"
-0.618653739245654,-0.0738621225133611,0.133050872582211,-1.49355614307894,-0.819510507746264,"chr19:47665768:A:T"
-0.741679622403399,-0.257049865545945,0.101183851733723,-1.523542147319,-2.30123575184592,"chr19:47666235:A:C"
0.105807183638851,0.164504082956025,0.101951449057188,-0.183830876822458,-0.521829501990125,"chr19:47666450:A:G"
0.616652480538314,0.703777508612682,0.129083139637052,-0.242498005539627,-4.34610071595106,"chr19:47667178:C:T"
1.94978413553817,1.28565980460627,0.110580662990485,1.99714591647574,-7.21229628279312,"chr19:47667500:A:G"
-1.08468229813639,-1.75901737221966,0.105547364823494,2.07564009685478,-6.23091995599315,"chr19:47667624:A:G"
-0.451978325190967,-0.107480641391083,0.10536899998378,-1.06127974874709,-1.24131899387984,"chr19:47668113:C:T"
0.113572156299399,-0.253812515602071,0.0994419835536823,1.16502741022736,0.868413612717863,"chr19:47669414:A:G"
0.00854522344407481,-0.383074960764763,0.0993039182313627,1.2427445721395,0.094417837586782,"chr19:47670117:A:G"
0.0831562406835123,-0.0114242832480546,0.101125025111705,0.297421523728116,0.0290565166785537,"chr19:47670195:A:C"
-0.585805729099718,-0.167040674640304,0.116350531421298,-1.22768301508164,-1.88089962878081,"chr19:47670334:C:T"
0.00700099930858247,-0.233260289162657,0.100663473735244,0.757264931233205,0.0492548804715317,"chr19:47670959:A:G"
0.834367661068933,1.33365041039797,0.0979610655473965,-1.59521715293181,-5.58770946814795,"chr19:47671136:C:T"
0.0686901782590475,-0.38600181385128,0.0993039182313628,1.44289295591842,0.758846826843929,"chr19:47671525:A:G"
-0.252117020925723,-0.0971530529691216,0.109363419381296,-0.468591803766371,-0.675263780818198,"chr19:47672128:GTAGA:G"
-0.0368291553270945,0.249966056044888,0.0994419835536823,-0.909467127849905,0.279695635295208,"chr19:47672814:C:T"
-0.0187376677644432,0.38357095892804,0.0993039182313628,-1.2766626499526,0.207167977266177,"chr19:47673189:C:G"
0.00574538274405596,0.38237953244566,0.0993039182313627,-1.19518876732473,-0.0633974073156676,"chr19:47673244:A:G"
-0.0638291337183685,0.251319330266785,0.0994419835536823,-0.999379198194265,0.486383240194714,"chr19:47673936:G:T"
0.0014144154626856,-0.382727951985496,0.0993039182313628,1.21901490608684,0.0156187685454414,"chr19:47674001:A:G"
0.890116838608386,-1.6332257516483,0.108420363257464,7.6633875481011,4.99763731104697,"chr19:47674112:C:T"
0.101182472267793,-0.253191528437765,0.0994419835536823,1.12376877934807,0.773295405756482,"chr19:47674581:C:G"
0.0913857984374074,-0.387106258042381,0.0993039182313627,1.51841868723759,1.00689253974259,"chr19:47675001:A:T"
-0.18786090401377,0.131531651717869,0.100184758233267,-1.00907619830662,0.748562895340192,"chr19:47676417:C:T"
0.322951496773649,-0.253298437889539,0.118568841206687,1.67349955584207,1.96015895109494,"chr19:47676531:C:T"
-1.38307924911082,-0.988494530934113,0.111228952649276,-1.1831269240575,-6.5388121903623,"chr19:47676603:C:CT"
-0.316792952372187,-0.43716833604853,0.100710765026178,0.379314755160273,-3.15005810966682,"chr19:47677424:C:T"
-0.231841582996953,0.551564518508275,0.13388030725872,-2.14105882459022,2.31633635989977,"chr19:47677569:A:G"
-0.259158032083493,0.0561697656371088,0.100133597148623,-0.99648863233308,0.437784837028914,"chr19:47678736:G:GT"
-0.114230803235256,1.24711771749683,0.129636828036572,-3.78098649116211,0.480443464876323,"chr19:47679079:A:T"
-0.975045834692467,-0.215337936862214,0.101403758079528,-2.38572079486538,-1.16617689963073,"chr19:47679114:C:T"
1.13748732412621,1.39154762219583,0.105493434794231,-0.782211302260724,-7.72467541041993,"chr19:47679251:A:G"
-0.0680170167241091,0.18210894978629,0.0987480957738059,-0.795965812937434,0.383366063158912,"chr19:47679265:A:G"
-0.707027140625819,-1.33804144333231,0.0979610655473965,2.01610177955362,-4.37223566393119,"chr19:47679311:C:T"
-0.19367835904993,0.132731288841833,0.100738434805195,-1.0284078607424,0.773645730330945,"chr19:47679530:C:T"
0.789658800351292,1.33519208840576,0.0979610655473965,-1.74298843645062,-5.15644588137025,"chr19:47679689:C:T"
-0.791866637247323,-1.335115956437,0.0979610655473965,1.73569111581462,-5.17779360366863,"chr19:47679857:A:G"
-0.00916645974616776,0.179590513456638,0.098748095773806,-0.600673731396593,0.0510779269858437,"chr19:47680514:C:T"
-0.00282883092294892,0.179319302520126,0.098748095773806,-0.579642686178389,0.0157403487286883,"chr19:47681217:C:T"
1.64378864703347,1.43323905896267,0.0979842935748551,0.672629891180664,-9.59187227283842,"chr19:47681290:A:G"
-0.80367487410079,-1.20634484034386,0.0984402729771284,1.28340236018145,-5.69516033753128,"chr19:47681385:TG:T"
-1.50190774164018,-1.23487983439629,0.0983171795286888,-0.85161234132672,-8.43985311270823,"chr19:47681500:A:G"
1.57735517345397,1.43554615377458,0.0979842935748551,0.453028601715013,-9.60146071473324,"chr19:47681890:A:G"
0.0228286814029597,0.178221321218192,0.098748095773806,-0.494499753866552,-0.126237385489,"chr19:47682232:C:G"
0.00346459616293599,0.179049983141936,0.098748095773806,-0.558758321802878,-0.0192496703008164,"chr19:47682772:A:G"
0.830244632087441,1.33379258317992,0.0979610655473965,-1.6088445474751,-5.54815193175784,"chr19:47682798:A:C"
0.0511150067080978,-0.20084224280306,0.0989194733192955,0.80109857839195,0.316527226392898,"chr19:47682991:A:G"
1.41660894739784,1.26075814168635,0.099601316861459,0.493828910646944,-8.59984314322545,"chr19:47683654:G:T"
-0.457469389770311,-0.574427408263129,0.127091503164054,0.328073947086292,-3.71633234856088,"chr19:47684363:A:G"
-0.275670175772603,0.138230129063791,0.0998363172828489,-1.30994019943566,1.13054553606449,"chr19:47685093:C:T"
-0.146047797696044,0.173013232633607,0.0998352087196294,-1.00979193603069,0.768521356419516,"chr19:47685552:G:T"
-2.20665944992038,-0.816792244110136,0.119389828626447,-4.02244063567442,-4.34226470222905,"chr19:47687130:A:G"
-0.939320843686708,-1.33923548355527,0.0986149448222468,1.27349116055725,-6.51260367185651,"chr19:47687211:A:G"
-1.56768193320721,-1.29971949249057,0.0990028051306596,-0.851628476607596,-8.76524868000203,"chr19:47687915:A:G"
0.418712641484088,0.629093986775276,0.131322197145677,-0.580548032764542,-3.53737997435165,"chr19:47688463:G:T"
1.65619597433156,1.50451610261048,0.0983911441103199,0.483559530646418,-9.97879160686479,"chr19:47688903:A:G"
1.01721420550955,1.32734538513361,0.0979610655473965,-0.990874565684713,-7.18788490788651,"chr19:47689078:C:T"
-0.967029636408567,-0.330349007935131,0.10114375486625,-2.0019448078026,-2.06997824642083,"chr19:47689196:C:T"
-1.15042546014674,-1.23641206613806,0.0981980936231945,0.274396949373141,-7.98699195230991,"chr19:47689681:GATT:G"
0.164403489403399,-0.271711482033037,0.098919200163048,1.38663033783984,1.33026488260582,"chr19:47690063:A:G"
-1.02779423948063,-1.32698055799569,0.0979610655473965,0.955905542218551,-7.26743427592839,"chr19:47690511:C:T"
-2.32470210503746,-1.28163653077857,0.115202503477619,-3.07312802814248,-6.72410844517569,"chr19:47691290:G:T"
1.70409429123306,1.43114477077684,0.097984293574855,0.871975138609891,-9.52423256987957,"chr19:47691841:A:G"
-1.70304294480558,-1.43118128182703,0.0979842935748551,-0.868499826862522,-9.52587405158178,"chr19:47691852:C:T"
-1.16308457070186,-1.23594386063882,0.0981980936231944,0.232505593885315,-8.0375745024134,"chr19:47692070:A:G"
-1.64724550711322,-1.32954375133159,0.0979820049461943,-1.01495422088763,-8.87796128568578,"chr19:47692139:C:T"
-1.53878548407832,-1.30103380476403,0.0990028051306597,-0.75561373423761,-8.80739104405397,"chr19:47693241:C:T"
0.389476233170848,-0.144408150880683,0.0998363172828489,1.68967407935707,1.56381624745969,"chr19:47693316:A:G"
0.975102226149312,1.32879751590595,0.0979610655473965,-1.13006266266801,-6.85493516600197,"chr19:47693368:C:T"
1.62103979413801,1.33045318728036,0.0979820049461943,0.928330101412156,-8.93325344375715,"chr19:47693398:A:G"
-2.2264192704963,-1.30805802425658,0.100495629687345,-2.8969430714104,-7.36467443323239,"chr19:47693895:C:T"
0.306292784035588,-0.26410804380743,0.0999584267085938,1.80414085458213,2.24467684386792,"chr19:47693920:A:G"
1.18456212650896,1.23514949916332,0.0981980936231945,-0.161432359995224,-8.11696940541431,"chr19:47693934:C:T"
-1.46440531817485,-1.37704081260563,0.0991661300907815,-0.277429948136381,-9.1838111447841,"chr19:47693961:A:C"
-2.09983433258217,-1.20129755685512,0.0981980936231945,-2.86737390453537,-6.80111371498744,"chr19:47695211:A:C"
1.70232506422906,1.43120621230958,0.0979842935748551,0.866126813804594,-9.52698568259006,"chr19:47695300:A:G"
-0.341028356576814,0.279589064429554,0.098919200163048,-1.97325705495707,2.56393558428196,"chr19:47695418:A:G"
-1.60690973184471,-1.33094355312617,0.0979820049461943,-0.881622568384948,-8.95901751572432,"chr19:47695539:C:G"
1.9070669764991,1.23195068788858,0.0985601918961406,2.15044240894819,-7.17399459698467,"chr19:47695560:A:T"
1.61511338056004,1.43423489065634,0.097984293574855,0.577841448637468,-9.60454537462413,"chr19:47695576:C:G"
-0.774818368908493,-0.842387356324342,0.154260152772669,0.172036473713257,-4.72723392542026,"chr19:47695626:A:G"
1.75825101697144,1.35929394407752,0.100886903315073,1.25605533642919,-8.74744490612691,"chr19:47698166:G:T"
-0.0558649097288679,-0.0494226543792029,0.105201166400665,-0.0198622140249674,-0.0812200236650076,"chr19:47698395:C:G"
-1.73761791075555,-1.27171561637527,0.101288771792534,-1.46390939059469,-8.04309605292083,"chr19:47698868:C:G"
0.196882291590554,0.226601348640541,0.133966548351844,-0.0811964125874267,-1.00261606920493,"chr19:47699841:C:T"
-1.28292415288511,-1.12412388208143,0.112999860687861,-0.472402605936551,-7.4638485163495,"chr19:47704898:C:T"
-0.229124856969361,-0.189731595843199,0.103659126858464,-0.122353997126253,-1.24864584270538,"chr19:47709166:A:G"
-0.133056245602639,-0.159265605229756,0.100301631312901,0.0827565565668244,-0.644133263651649,"chr19:47709749:TGG:T"
-0.2170779085998,0.42930647055642,0.106561245519184,-1.98011862383025,2.28147520496673,"chr19:47710040:A:G"
-0.164752961695613,0.105787240211608,0.128853870267135,-0.753673206284418,0.414795707081389,"chr19:47710483:A:AT"
-0.140404831472233,-0.158830574026948,0.100301631312901,0.0581796361188981,-0.677249714559827,"chr19:47710918:G:T"
-0.142399688591579,-0.158712479864686,0.100301631312901,0.0515079518523988,-0.686188439378617,"chr19:47711085:A:G"
-0.394296187474896,-0.812961829108663,0.113253478256969,1.24406063121777,-3.16606702254243,"chr19:47711162:A:G"
-0.142480446420376,-0.158707699057054,0.100301631312901,0.0512378619644741,-0.68654984163374,"chr19:47711180:C:T"
0.416013048978093,0.808705918628534,0.113253478256969,-1.16688280744899,-3.33945485538813,"chr19:47711294:C:T"
0.144723370338883,0.158574919511792,0.100301631312901,-0.043736532634701,-0.696572728830429,"chr19:47711593:A:G"
-0.388632996012364,-0.620911464238965,0.112093152513221,0.693776222970159,-3.52521681854365,"chr19:47711807:A:G"
0.0595819588738751,0.163615232205401,0.100301631312901,-0.328487059271184,-0.298040663232512,"chr19:47711825:C:T"
0.149148278923629,0.158312967982868,0.100301631312901,-0.0289376817800438,-0.716263491962579,"chr19:47712025:C:T"
-0.614416057161098,-0.256510745877508,0.133438416537042,-0.979778044937474,-2.54274290427954,"chr19:47712083:A:G"
1.47157807145987,-0.709637977920521,0.149012420264174,5.65050742923679,3.58512317754087,"chr19:47712376:C:T"
0.210561382062108,-0.179607531216943,0.100301631312901,1.23196583975245,1.12905720216169,"chr19:47712668:A:G"
0.210471104255953,-0.179602186833236,0.100301631312901,1.23166391085083,1.12856681288022,"chr19:47712671:G:T"
-0.0769524557906604,-0.162586910797556,0.100301631312901,0.270392436926056,-0.382167830560055,"chr19:47712978:C:T"
0.0178350995615343,0.166086617413717,0.100301631312901,-0.468107015882923,-0.0906594526900981,"chr19:47713401:A:G"
-0.00282883092294892,0.167309907811759,0.100301631312901,-0.537216336325122,0.0144850853765709,"chr19:47713402:A:C"
0.250943908240979,-0.18199814884704,0.100301631312901,1.3670228631032,1.34640721028703,"chr19:47713664:C:T"
-0.50512796161925,-0.584435346076934,0.112285733767579,0.236674428162856,-4.02890782503497,"chr19:47714285:A:G"
0.713174842907706,-0.0764059122111853,0.130143230237832,2.18869760908244,0.800661524902444,"chr19:47714507:C:T"
1.55912839777956,1.63807580814875,0.131469427997894,-0.217733624527801,-9.03305581856625,"chr19:47714682:C:T"
1.23025445625218,1.57869748299483,0.1428388525183,-0.921952616615049,-7.23379424385949,"chr19:47714688:A:C"
-0.34528390843215,-0.359519691353756,0.141817903176534,0.0378020913244573,-2.39307856433581,"chr19:47714758:A:G"
-0.396100698638764,-0.545277778434012,0.11298214070049,0.443810120807726,-3.56861187287817,"chr19:47715024:C:T"
-0.134881796829331,0.762125514446574,0.128438550829011,-2.50292758361847,1.27334378003759,"chr19:47715082:A:T"
-0.66451290575067,-0.0287909831189833,0.12898683398295,-1.7700865278248,-0.321284057011072,"chr19:47715155:A:G"
-0.0571833053803271,-1.25795256446024,0.172018311500413,2.89515767302788,-0.212340631861439,"chr19:47715268:C:T"
-0.232771625526589,-0.153362523679534,0.100301631312901,-0.250735764720002,-1.06546660938414,"chr19:47715772:C:T"
0.315587706652148,0.374297025251215,0.141817903176534,-0.155898346827861,-2.29585974575563,"chr19:47716415:CTGTGACCACATATT:C"
0.115597420830638,0.753443075939873,0.140748481471903,-1.70017545681926,-1.13144901153847,"chr19:47716636:C:T"
