"z","condmean","condvar","z_std_diff","logLR","snp"
-0.699111823151834,-0.347016259326741,0.118855043463032,-1.02129626978945,-3.07889088551432,"chr19:45717458:A:G"
-0.753882647072154,-0.948970226849244,0.115089083332978,0.575059199532943,-5.30078720410948,"chr19:45718468:A:G"
-0.619127198754041,-0.300983112495951,0.147449669455488,-0.828518009686438,-2.73921872000386,"chr19:45719043:A:G"
-0.0856742668124958,-0.180258809405471,0.0979647447564702,0.302193599937361,-0.485908529502204,"chr19:45721396:C:T"
-0.0941886940415832,-0.179860098897717,0.0979647447564687,0.273716503092645,-0.532624545217673,"chr19:45721713:C:T"
0.318929591120594,0.458826927395816,0.126687392590596,-0.39304542584616,-2.84437817862395,"chr19:45724672:C:T"
-0.671028815156922,-0.591149754729775,0.105320779269018,-0.246136440617532,-4.49218613475102,"chr19:45726453:G:T"
-0.203054882008509,1.9923304252254,0.260970630136016,-4.29749060805253,0.657079692640226,"chr19:45727293:C:T"
-0.507396863716231,-2.1339146593044,0.168594396456833,3.96129559712515,-2.33962257071279,"chr19:45728139:C:T"
-0.980010129892018,-1.02682984429523,0.159342807758184,0.117290416219162,-5.55514079464721,"chr19:45730619:A:C"
0.289882688847617,0.4691022959414,0.126687392590601,-0.503522430559908,-2.68070570301875,"chr19:45734981:C:T"
-0.508967383697733,-0.564987467127642,0.0965753964008428,0.180264621729938,-4.17050946379385,"chr19:45735297:C:T"
0.70124700211431,0.663733082190631,0.0999093915717114,0.11868321160155,-4.89632969274971,"chr19:45735668:G:T"
-0.707714898383256,-0.629066514694143,0.11720000999455,-0.229734371939269,-4.51113298660673,"chr19:45735865:C:T"
-0.0405397137314671,-0.101396347567051,0.0977380655091588,0.194659703289899,-0.131213853422803,"chr19:45736340:C:T"
0.791348109581681,0.735561887160378,0.137681916297711,0.150344831626529,-4.7120384543094,"chr19:45736657:C:T"
-0.606383853523337,-0.561871952473558,0.0965753964008436,-0.14323293565348,-4.41762946729539,"chr19:45737937:C:T"
0.5971042608696,1.03490095809542,0.127527429620673,-1.22594412774536,-3.99960024651118,"chr19:45738074:A:G"
0.88166117239871,0.99072694790754,0.119885371401096,-0.314996258441665,-5.85859433614812,"chr19:45738688:C:T"
0.426330221450839,0.12222314978524,0.102446089183025,0.950120803225919,-1.38875244816214,"chr19:45740802:A:G"
0.565279644621804,0.696875700118968,0.0978847427461202,-0.420615594113128,-4.52260243223397,"chr19:45743446:C:T"
0.561138654611449,0.69706607283746,0.0978847427461205,-0.434459768246089,-4.50270832255006,"chr19:45744383:A:G"
-0.575865678721253,-0.617178186657214,0.0975578091908182,0.132266706864865,-4.46888480581957,"chr19:45745149:A:G"
0.623171578198725,0.791120547503358,0.0999679746147778,-0.531186337726866,-4.8263357825326,"chr19:45746967:G:T"
-0.502051612538997,-0.507489877012155,0.0959067008415745,0.0175604583965848,-4.04758557957684,"chr19:45748104:A:G"
-0.465102566617622,-0.508407538937233,0.0959067008415747,0.139834163736824,-3.94514243420502,"chr19:45748202:C:T"
0.41859677274126,0.00529826443185874,0.0982273902703426,1.31870464192812,-0.06309723569689,"chr19:45748510:A:G"
-1.21651270888736,-0.272966514987835,0.139487164645899,-2.5263646965527,-1.19709661434908,"chr19:45748851:C:T"
-0.215878864392293,-0.305313953678527,0.103057496364851,0.278591685618328,-1.83863563842567,"chr19:45749075:A:T"
-0.72744081219027,-0.784005875190481,0.0999679746147772,0.178903084566548,-5.30550854345912,"chr19:45750508:G:T"
-0.26660804419135,-0.193177152460965,0.114035421738935,-0.21744975150241,-1.34592443406263,"chr19:45750812:A:G"
0.195126767456569,0.208799744012585,0.114035421738937,-0.0404895716821813,-1.08191970395474,"chr19:45751043:C:G"
1.09267876042122,0.240731016234024,0.118855043463032,2.47117868723318,-1.16005344582351,"chr19:45751774:A:G"
-0.511916213162268,-0.507244881013695,0.0959067008415745,-0.0150839912726808,-4.07097414020678,"chr19:45751817:A:G"
0.529705228403884,0.506803075235832,0.0959067008415746,0.0739523261299254,-4.10903540204972,"chr19:45751881:C:T"
-0.801200742316151,0.281023079147719,0.162781766506579,-2.68234237569717,2.33504950612752,"chr19:45751984:C:T"
0.500809988828182,0.620587030612899,0.0959176186413339,-0.386744716081934,-4.20680434793982,"chr19:45754100:A:C"
-1.3101239594065,-0.449724475419432,0.160381746337575,-2.14843724301457,-2.06997441493215,"chr19:45754696:C:T"
0.441916128403604,0.622056582081977,0.095917618641334,-0.581650436299241,-3.91700229962706,"chr19:45755735:G:T"
-0.842128189914773,-1.21939288325952,0.114647573504675,1.11420147631764,-5.66052479519675,"chr19:45756035:A:G"
-0.502393143056802,-0.543676649938603,0.095673082854949,0.133469396796459,-4.12581333047927,"chr19:45756987:A:G"
0.523611318608535,0.543202646705434,0.0956730828549491,-0.0633386778652609,-4.18759517312086,"chr19:45757117:C:T"
-0.445044205767818,-0.621978528603196,0.095917618641334,0.571298250737471,-3.93374234452586,"chr19:45757490:C:T"
-0.542033425789518,-0.542791106215255,0.095673082854949,0.0024495774953711,-4.23536759144265,"chr19:45757989:A:G"
0.560602823798442,0.54237627532305,0.095673082854949,0.0589263513309799,-4.27805530644879,"chr19:45758504:A:G"
0.511954309091989,0.543463058359864,0.095673082854949,-0.101867648275006,-4.1545536117582,"chr19:45758724:C:T"
0.067329698135657,0.079945700092686,0.0967619133539311,-0.0405573456419736,-0.17361060182805,"chr19:45759028:A:C"
-0.495068502276205,-0.661252607049331,0.128906374685831,0.462862806801796,-3.85119831770856,"chr19:45759621:C:T"
-0.625831466611114,-0.824370219280271,0.138503342891977,0.533476337934838,-4.32397514914599,"chr19:45759852:A:G"
-0.680975771388528,-0.464215111859829,0.0975213519345697,-0.694113685282838,-3.98618117936073,"chr19:45760477:A:G"
0.66744777176443,0.00899564143559783,0.115310987694949,1.93904934452175,-0.0999063538948368,"chr19:45761705:C:T"
0.464336388812737,0.621497139614057,0.095917618641334,-0.507451921021107,-4.03364536298004,"chr19:45761771:C:T"
0.244798043680347,2.26078780215314,0.183863796825317,-4.70154080168478,-1.10874767904999,"chr19:45763482:C:T"
0.344695356923112,-0.0322940191834695,0.0975551725786441,1.20699080278673,0.335042457537849,"chr19:45764195:G:T"
0.729170138939858,0.6957479807814,0.0999730677909312,0.105704379319852,-5.0679594681307,"chr19:45764276:C:T"
0.183767012623936,-0.220136040357589,0.102031454213984,1.26447456418211,1.19363115080256,"chr19:45765644:C:T"
-0.519915677188743,-0.485462755891529,0.102921416853854,-0.107392307484292,-3.9441290531394,"chr19:45765818:A:G"
-0.737422423677811,-0.201051366457961,0.100819399727211,-1.68924748671494,-1.78378099341624,"chr19:45766055:C:G"
0.485137483538811,0.544062132582185,0.0956730828549491,-0.190503132080794,-4.07017325572226,"chr19:45767919:G:T"
1.04072825131967,1.43914245926058,0.157971859600223,-1.0024089883624,-5.98248555998886,"chr19:45769395:A:G"
0.466059590183421,0.544488323001364,0.0956730828549491,-0.253559749434365,-4.0029434669889,"chr19:45770913:A:C"
0.00200028552958906,-0.163651007530925,0.10377914765701,0.514209126560737,0.00978908841132181,"chr19:45771134:C:G"
-1.67925751459487,-0.971542980648587,0.131333470658837,-1.95285682541351,-5.19488158827262,"chr19:45771366:A:G"
0.40281609490998,0.416910364845454,0.0963653579959201,-0.0454027454937988,-3.54210621285417,"chr19:45771714:A:C"
-1.23976742376746,-0.458378733906618,0.154141599495129,-1.99024797241851,-2.28736664986751,"chr19:45772004:A:G"
-0.0137496894131245,-0.477617426053782,0.107850245122342,1.41248420113243,-0.163745864651489,"chr19:45772718:C:G"
-0.444222037816402,-0.544976162797148,0.0956730828549491,0.32573764444084,-3.9184934811697,"chr19:45772798:A:C"
-0.459624378756962,-0.544632082346541,0.095673082854949,0.274829533102352,-3.97889582569968,"chr19:45774030:A:C"
0.338548327332693,0.259799605549572,0.101778704057024,0.246839725548639,-2.35875487356078,"chr19:45774110:C:T"
1.67821555102216,1.00649972815588,0.129682564428551,1.8652832212225,-5.48776993277489,"chr19:45776499:C:T"
0.36207943904007,0.257738687574317,0.101778704057024,0.327058546121896,-2.45310607425652,"chr19:45779245:A:C"
0.111281136521984,-0.277437769843828,0.096712647822227,1.24995399046153,0.955287668073966,"chr19:45779632:A:T"
-0.48420371840479,-0.5440829924196,0.0956730828549491,0.193589430429169,-4.06702305066733,"chr19:45781076:G:T"
-0.456590745708056,-0.544699852163509,0.095673082854949,0.284856354973766,-3.96731754388218,"chr19:45781262:A:G"
-0.670852937721664,-0.336055248262651,0.0980317172775659,-1.06929896605531,-3.14169024402629,"chr19:45781689:C:T"
0.0747635388444468,-0.0208351307540524,0.097555172578644,0.306074182131366,0.0499281125228016,"chr19:45783456:A:C"
0.456202860678838,0.544708517317488,0.095673082854949,-0.286138399977897,-3.96582591015571,"chr19:45783942:C:G"
0.637930171713617,0.466026886008717,0.0975213519345697,0.550470843797457,-4.02081020808237,"chr19:45785448:A:T"
-0.677891517363277,-0.464344927026835,0.0975213519345697,-0.683821552860646,-3.9895994654407,"chr19:45786134:C:G"
0.137208866981647,-0.165187124122907,0.0962940769566795,0.974487431424335,0.722654255486641,"chr19:45786245:C:T"
-0.35149240762144,-0.258665928226029,0.101778704057024,-0.290966788778037,-2.41234765090462,"chr19:45787357:C:G"
0.13793595661337,-0.146168427051396,0.0965046206943986,0.914542475292259,0.643391400885444,"chr19:45787564:C:T"
-0.365919535957645,-0.171472127828959,0.114035421738936,-0.575814069276435,-1.57617094926484,"chr19:45787710:A:G"
-0.60883708867133,-0.102839917537387,0.0999853438858451,-1.60022081977724,-1.21478337398903,"chr19:45787877:C:T"
-0.184391909135256,0.0254889699079507,0.0975551725786443,-0.671966656732321,0.148897959393556,"chr19:45788414:A:C"
0.0953497340218746,-0.163974243865486,0.0962940769566795,0.835685539993884,0.501190267809299,"chr19:45788802:G:T"
-0.396978462519937,-0.712467232714413,0.0965137961683164,1.01552169571852,-3.49486027782833,"chr19:45789001:A:G"
2.58916100157774,3.00008807848821,0.132790539920266,-1.12766782839888,-15.0466219137984,"chr19:45789746:A:G"
0.245854046744659,0.255023303488055,0.102284838922099,-0.0286700533145556,-1.7828178707786,"chr19:45790878:A:G"
-0.387990342753048,-0.54623235022026,0.0956730828549491,0.511595716540734,-3.66275210871776,"chr19:45791252:A:G"
-0.743323342039585,-0.883344597528168,0.124473612020988,0.396876442622227,-5.04915036183748,"chr19:45791965:A:G"
0.437934072017274,0.574685690182688,0.0962916662609382,-0.440694999863018,-3.89875786606406,"chr19:45792972:A:T"
-1.24141887887192,-1.92013152245262,0.166185302385885,1.66490567562963,-6.14950786303216,"chr19:45793507:G:T"
0.335519775177974,0.0434240470210924,0.140847745266968,0.778305780569338,-0.312314345114744,"chr19:45795419:A:G"
-0.294119974280752,-0.588664974807052,0.122448654480823,0.841733567939669,-2.87365157468438,"chr19:45797000:C:T"
-0.65190702508822,-0.486829706646818,0.0977931056800718,-0.527877664060626,-4.12264310173461,"chr19:45797590:A:C"
-0.940574893927849,-1.30563654460932,0.0968692854990562,1.17293289149927,-6.62078871811735,"chr19:45798198:A:C"
-0.0565323749728016,-0.140096133287061,0.0965046206943986,0.268994815875926,-0.254887994969849,"chr19:45798221:C:T"
-0.0114907653256924,-0.141502562206176,0.0965046206943986,0.418512762818091,-0.0523920117813411,"chr19:45798362:A:G"
-0.0179190298977263,0.142420886103385,0.0965046206943986,-0.51614009532791,0.0822160912770078,"chr19:45798413:A:G"
1.75158617703936,1.78015216949315,0.0990603428618008,-0.0907610274724592,-11.1844992638993,"chr19:45798887:A:G"
-0.0847645938840215,0.0473608731803632,0.0968670753298179,-0.424520279826859,0.129418434725339,"chr19:45799116:A:T"
0.0562218773193165,-0.475329288690544,0.129352727751503,1.47794162021411,0.577352825040126,"chr19:45799262:A:G"
0.095825869619519,-0.200124139397407,0.0982550518831805,0.944149816103247,0.598797053475411,"chr19:45800370:C:T"
0.0352470454630825,-0.197099451491981,0.0982550518831805,0.741239721874146,0.218001619011608,"chr19:45800996:C:T"
-0.611105394133527,-0.245891819663168,0.0973625709475664,-1.1704446870849,-2.60340389859397,"chr19:45801142:A:G"
0.522420952827987,0.163056952096399,0.0971976504381804,1.15267450134035,-1.97757692643022,"chr19:45801327:G:T"
-0.0521034824345952,0.197941089832564,0.0982550518831805,-0.797700725564606,0.323328622660939,"chr19:45801773:C:T"
-0.0765092233876734,0.199159663327688,0.0982550518831804,-0.879448287777583,0.476770727383648,"chr19:45802272:C:T"
0.0819201007441146,-0.199429827292164,0.0982550518831805,0.897572139627546,0.510910290147366,"chr19:45803157:C:T"
0.0157184768250273,0.119020907563661,0.0966143769662895,-0.332345392234607,-0.0603527124385777,"chr19:45803461:C:G"
0.0445933464403959,0.193113037573975,0.0982550518831805,-0.473812585906899,-0.27031685682238,"chr19:45803600:C:T"
0.658899186645674,0.243961287252705,0.0973625709475664,1.32980232325424,-2.44355053460193,"chr19:45803646:C:T"
0.407402158741906,0.00011478838546643,0.1141857426549,1.20529957314198,-0.00118124500572647,"chr19:45804148:A:G"
-0.0375153462594275,-0.402592285069219,0.0970417247123311,1.17193937768665,-0.439044487643361,"chr19:45805458:A:G"
-0.096900233743941,-0.187284308409347,0.0966190790972895,0.290777279681909,-0.57740902136058,"chr19:45805657:A:C"
-1.93246341067114,-1.582417201344,0.0960583084976891,-1.12942633908329,-10.3398077574245,"chr19:45805849:C:T"
-0.0907652600066251,-0.20729916391506,0.0964471322883233,0.375238711590023,-0.597650864569298,"chr19:45805945:A:C"
-1.92383861836529,-1.6119534564076,0.0954651767635689,-1.0094207384435,-10.632925764123,"chr19:45806405:A:G"
-1.58986253711788,-1.70479667477015,0.098920979472387,0.365430538355394,-10.3698195913015,"chr19:45806970:C:G"
-1.90252395766012,-1.61238226168753,0.0954651767635689,-0.939047703210807,-10.6674416740597,"chr19:45807051:A:G"
1.74560697383963,1.345205937504,0.096038016473249,1.29203298754927,-8.76299503167053,"chr19:45807254:A:C"
0.0287269104718916,-0.196773902527903,0.0982550518831805,0.719400387356339,0.177431153487836,"chr19:45807417:A:G"
0.00509974745804772,-0.130839247035365,0.0967308296541073,0.43708066672328,0.021476371770157,"chr19:45807549:C:T"
-0.0830358641338822,0.220131452178342,0.0969156512455053,-0.97383509169896,0.576667827930796,"chr19:45807637:A:C"
0.0372880190433522,0.193477791029172,0.0982550518831804,-0.498281939532516,-0.226516829338361,"chr19:45808090:A:T"
0.0473987331784689,0.215485727027195,0.0969156512455053,-0.539929617279382,-0.323475982348432,"chr19:45808162:C:T"
-0.430670558207785,-0.453954779919311,0.139761865129151,0.0622826929496101,-3.22756654243822,"chr19:45808321:A:G"
1.88079613528082,1.61281937889464,0.0954651767635689,0.867310562705511,-10.6961905930104,"chr19:45808375:C:T"
-1.7247890906229,-1.78172073518192,0.0990603428618008,0.180885525480389,-11.086094788556,"chr19:45808810:C:T"
-0.05766234487043,-0.215120165129032,0.0969156512455053,0.505786549472028,-0.392633536316815,"chr19:45808819:A:G"
0.0531300625875441,0.215281592681446,0.0969156512455053,-0.520863700279272,-0.362138984604663,"chr19:45809087:C:T"
1.82709729871067,1.60253005575392,0.0964051808537654,0.723262953109315,-10.6125883664901,"chr19:45809433:G:T"
1.82398490711353,1.60262393330673,0.0964051808537652,0.712936532998691,-10.6144680936187,"chr19:45809454:A:G"
0.264784084860434,0.201972309137753,0.0964471322883232,0.202253670428648,-1.62520803089459,"chr19:45809622:A:G"
-1.72220033917392,-1.69724736816871,0.0989209794723871,-0.079337417187469,-10.844836434837,"chr19:45809847:C:T"
1.71134221086909,1.69786677803055,0.098920979472387,0.0428448394649819,-10.8170324246289,"chr19:45810118:A:G"
1.75403264632054,1.62401517296849,0.0973089446258655,0.416797726041483,-10.6727424901107,"chr19:45810295:C:G"
-0.101488472423165,-0.213559197814808,0.0969156512455053,0.359993967905632,-0.683380332357104,"chr19:45810500:C:G"
-0.407141840754305,-0.280303887282948,0.0965392131056404,-0.408222886094227,-2.87828160999799,"chr19:45810567:A:T"
-0.419071988954741,-0.220975168660599,0.124382236437432,-0.561692110650633,-2.04042016698542,"chr19:45810985:A:T"
-1.67526103213099,-1.44929269900776,0.0947468086125699,-0.734117009515962,-9.75850930345365,"chr19:45811224:C:T"
0.229648125186029,-0.116298363733532,0.117430904503723,1.00952650135168,0.695404235871728,"chr19:45811246:C:T"
-0.246565001828712,-0.476888004977398,0.0964358823133958,0.741682420606332,-2.75462431971119,"chr19:45811636:A:C"
1.43387825027634,1.44249426028515,0.0981026770956525,-0.027508427524784,-9.32951979415953,"chr19:45811721:A:C"
1.61460435169949,1.45004736197402,0.0947468086125699,0.534606258861646,-9.77860416834912,"chr19:45811895:A:C"
-0.0238990158073079,0.196532846766194,0.0982550518831805,-0.70322924876196,0.14745717023513,"chr19:45812411:G:T"
0.164628452325136,0.372196221645725,0.0977651958894099,-0.663846669411263,-1.74640354692884,"chr19:45812551:A:G"
1.45957533197299,1.45197616287529,0.0947468086125698,0.0246878808889192,-9.56504462512045,"chr19:45813807:C:T"
0.395143790239211,0.00681881968315678,0.096380614167143,1.25083629147184,-0.079414459540405,"chr19:45813935:C:T"
-1.5469033094122,-1.45088966770241,0.0947468086125698,-0.311925332857542,-9.73301794440301,"chr19:45814020:G:T"
-0.286203544037552,0.178367530303064,0.0973454681048605,-1.48899862544516,1.53620986688945,"chr19:45814335:G:T"
1.37023917300972,1.4226026505551,0.0977456973365422,-0.167486441874599,-9.09696350640193,"chr19:45814451:C:G"
-2.54437950364145,-2.09971270579989,0.121583047344932,-1.27525839401108,-12.2390163651821,"chr19:45814958:C:T"
-0.307706793376871,-0.00568811121204123,0.0982126424193556,-0.963718309761456,-0.0533201140482452,"chr19:45815433:C:T"
0.25668769001236,1.20725839666364,0.116603369889061,-2.78374131915253,-1.20444807577874,"chr19:45815705:A:C"
-0.209422948026971,-0.729248776816792,0.0979134015944479,1.66125685248715,-1.87507806429223,"chr19:45816783:G:T"
-0.93052896754109,-1.38641526110368,0.0974182197124007,1.46061730174797,-6.27247439864429,"chr19:45817460:C:G"
0.178991209005045,0.0132817817688062,0.096380614167143,0.533767800533904,-0.0763044500524495,"chr19:45817522:C:T"
1.4932938623255,1.45155665218079,0.0947468086125698,0.135594202397652,-9.64463139761972,"chr19:45818281:C:G"
1.49292486354483,1.45156124309662,0.0947468086125698,0.134380498924309,-9.64386104165684,"chr19:45818720:A:G"
-0.28828588897403,-0.0100138708848931,0.0963806141671429,-0.8963439529232,-0.090181372632964,"chr19:45819133:A:G"
0.364712108602818,0.00772872695096302,0.0963806141671429,1.1498816792108,-0.0848728824658973,"chr19:45819327:C:T"
-0.836836260503653,-0.3895274487711,0.0961467805948468,-1.44258057600139,-3.05574243995043,"chr19:45819572:C:T"
-1.45971393523208,-1.45197443843627,0.0947468086125698,-0.0251437719806373,-9.56540987810488,"chr19:45820684:G:T"
0.58237873338204,0.378540769259471,0.118855043463032,0.591256959156888,-3.40619971795691,"chr19:45821171:C:T"
-0.1141782513027,-0.574716652250063,0.0966643492384134,1.48126473286869,-1.39915779359699,"chr19:45821622:C:T"
0.013492663222707,-1.11483163541932,0.137681916297705,3.04085344618497,0.0562811491766273,"chr19:45821728:A:G"
1.33852937442232,1.16348348856872,0.100347144923464,0.55258538923232,-8.01628252648238,"chr19:45821816:C:T"
1.48749774885512,1.27894367830998,0.096422486605363,0.671629103798592,-8.7484877489668,"chr19:45821821:A:C"
-1.47137982029754,-1.45182929677397,0.0947468086125699,-0.0635149698421069,-9.59502391439705,"chr19:45822180:A:G"
0.221716809354447,0.686199851351166,0.0962340227933874,-1.49728868440174,-2.1476069734576,"chr19:45822225:C:T"
0.439806252651158,-0.0457744170969332,0.0968483712629911,1.56032558250128,0.565008966811806,"chr19:45822360:C:T"
-1.5109018722848,-1.51475230897602,0.0954628172116048,0.0124621468278762,-9.8561207901058,"chr19:45822369:C:G"
0.596232683453037,0.374799422333061,0.118855043463032,0.642294271283367,-3.38268647479971,"chr19:45822494:G:T"
-1.48577977653835,-1.45165013903547,0.0947468086125699,-0.110879020405971,-9.62850593986572,"chr19:45822942:A:G"
0.99591129688922,1.26634410894889,0.0962154700958838,-0.871840282094841,-7.14552399152191,"chr19:45823214:C:G"
0.982955403342318,0.656074054593167,0.0965535884072836,1.05197624204368,-4.95994145357456,"chr19:45823795:C:T"
0.259774834551801,0.685121532029748,0.0962340227933874,-1.37113035245295,-2.4854029518807,"chr19:45823908:A:G"
1.54797714790347,1.45087630748988,0.0947468086125699,0.315457381132425,-9.7343128865706,"chr19:45823927:C:G"
1.33393287239609,1.16381574851331,0.100347144923464,0.53702625832902,-8.01803023596397,"chr19:45823984:G:T"
1.33629610649324,1.1636449212134,0.100347144923464,0.545025791117817,-8.01717837202426,"chr19:45823987:G:T"
-1.48453768573174,-1.45166559256715,0.0947468086125699,-0.106793559951421,-9.62575153585211,"chr19:45824039:A:G"
1.48453566686483,1.45166561768497,0.0947468086125699,0.106786919534441,-9.62574703837908,"chr19:45824109:C:T"
0.984757014457635,0.656016856393853,0.0965535884072836,1.05795830019709,-4.95608093083754,"chr19:45824180:C:T"
1.49776476414136,1.45150102724381,0.0947468086125698,0.150299804007244,-9.65378870661566,"chr19:45824295:C:T"
-1.48429674817704,-1.45166859020316,0.0947468086125699,-0.106001072923482,-9.62521432365407,"chr19:45824412:A:C"
-1.48431256511276,-1.45166839341599,0.0947468086125698,-0.10605309767493,-9.62524961936497,"chr19:45824451:C:G"
-1.5388344956476,-1.45099005623152,0.0947468086125698,-0.285385550600907,-9.72269277481134,"chr19:45824488:A:G"
-1.32213068187338,-1.04270804560271,0.126843929187507,-0.784561048196386,-6.65928816974191,"chr19:45824573:C:G"
0.908968094589832,0.387550941995082,0.0961467805948467,1.68158157540807,-2.76982306058671,"chr19:45824675:C:T"
-0.985471967672342,-0.655994157801384,0.0965535884072836,-1.06033222632967,-4.95453694032066,"chr19:45824684:A:G"
-1.50446041756632,-1.45141772295418,0.0947468086125699,-0.172323014499997,-9.66689311191101,"chr19:45824723:A:C"
1.63487450758251,1.44979516986826,0.0947468086125699,0.601278453702099,-9.77818367950768,"chr19:45824799:C:T"
1.63486534392053,1.4497952838784,0.0947468086125698,0.601248312766799,-9.77818531118526,"chr19:45824800:A:G"
0.369290702768153,0.00759182698738857,0.0963806141671429,1.16507079048587,-0.0841700731411197,"chr19:45824921:C:T"
1.47292065420119,1.45181012641587,0.0947468086125699,0.068583050168421,-9.59876868469586,"chr19:45824970:A:G"
1.00926635950423,1.26596836012416,0.0962154700958838,-0.827573928364152,-7.23955499382335,"chr19:45825821:C:T"
-1.48097683631792,-1.45170989504399,0.0947468086125698,-0.0950812846593832,-9.61771537123938,"chr19:45826129:C:G"
1.48100584285686,1.45170953415776,0.0947468086125699,0.0951766923921648,-9.61778167105529,"chr19:45826180:A:G"
-1.48098324478833,-1.4517098153127,0.0947468086125699,-0.0951023632732022,-9.6177300201693,"chr19:45827289:A:G"
1.11251022181481,1.26306356206797,0.0962154700958838,-0.485364426146898,-7.86618631339684,"chr19:45827378:A:C"
-1.29629528497788,-1.16653639622299,0.100347144923464,-0.40962325792072,-8.01816731036492,"chr19:45827551:A:G"
-1.48001153811885,-1.42430047949131,0.0953843832675997,-0.180385977035366,-9.49265780410269,"chr19:45828044:C:G"
-1.00380615934672,-0.655412077273095,0.0965535884072836,-1.12120896041496,-4.9126571940053,"chr19:45828884:A:G"
-1.46965077693065,-1.451850808749,0.0947468086125698,-0.0578278346809938,-9.59077544164705,"chr19:45828936:C:T"
-0.219153033829657,-0.594225628845292,0.0966868769429663,1.20623400358971,-2.41839781779497,"chr19:45829584:C:T"
1.45257221160931,1.45206329252941,0.0947468086125699,0.00165335623740724,-9.54617965441367,"chr19:45830374:A:G"
-1.51230722210323,-1.45132009656338,0.0947468086125699,-0.198132568406695,-9.68132114483651,"chr19:45830529:C:T"
1.49718603202915,1.45150822756681,0.0947468086125698,0.148396249818135,-9.65262172122819,"chr19:45830699:C:T"
-2.67471212532137,-2.24294370761961,0.117278307133116,-1.26078788748276,-13.5358405943485,"chr19:45830870:C:G"
1.47268730868058,1.33240062437412,0.0946027894265916,0.456104628788877,-9.11403501072214,"chr19:45831295:A:G"
-1.48431290164147,-1.3322738752641,0.0946027894265917,-0.494314225402805,-9.117460118905,"chr19:45831697:C:T"
0.396810878998067,-0.0909617738230472,0.0963039377513673,1.57179327078891,1.04960365180268,"chr19:45831873:A:G"
-0.258934078319117,-0.492198633835107,0.0961375894365397,0.752319187983094,-2.86441727312094,"chr19:45832253:C:T"
1.49863694180095,1.33211770608217,0.0946027894265916,0.54139275277052,-9.11870527691442,"chr19:45833035:C:T"
1.4934684608907,1.33217405592667,0.0946027894265917,0.524405613159502,-9.11863323014044,"chr19:45833787:G:T"
-1.49430170319272,-1.33216497142486,0.0946027894265916,-0.52714421344847,-9.11867358546583,"chr19:45833794:C:T"
0.132562922441685,0.908196858303476,0.211090603175675,-1.68819399772261,-1.05817413846271,"chr19:45833847:C:T"
1.48865582872422,1.3322265260971,0.0946027894265917,0.508588034275476,-9.11818353148636,"chr19:45834017:C:G"
1.50267911995998,1.25789252117895,0.095592405285783,0.791727888733058,-8.63029384025978,"chr19:45834504:G:T"
1.48320665514577,1.25831073889125,0.095592405285783,0.727394268507959,-8.65337147656056,"chr19:45834556:C:T"
1.47213873289213,1.25854844896899,0.0955924052857831,0.69082778790369,-8.66385709759871,"chr19:45834581:C:T"
-1.48620567515467,-1.33225323912458,0.0946027894265916,-0.500535165071366,-9.11781249791944,"chr19:45834880:C:T"
0.294846842088869,0.491218104201663,0.0961375894365398,-0.633331832730094,-3.12266269458449,"chr19:45835234:A:G"
-0.536523554759871,-0.134185763838672,0.114035421738936,-1.19143660922806,-1.54341335245861,"chr19:45835247:C:G"
0.0707843426118522,1.64690671037689,0.186331987406083,-3.65128913100228,-0.266846033409506,"chr19:45835271:C:T"
0.413993409590076,-0.091461453047996,0.0963039377513673,1.62877223064291,1.08362931363038,"chr19:45835471:C:T"
-1.48656156128208,-1.33224935904294,0.0946027894265916,-0.501704848666372,-9.11787234984287,"chr19:45835516:A:G"
1.50021996408966,1.33210044703423,0.0946027894265917,0.546595639477965,-9.11864241268502,"chr19:45836023:C:T"
1.48334775936437,1.33228439781766,0.0946027894265917,0.491142112186126,-9.11725835282472,"chr19:45836213:C:T"
0.413749326600807,0.00626251415397534,0.0963806141671429,1.31255863503915,-0.075188321436408,"chr19:45836401:C:T"
0.964237340846823,0.656668322390704,0.0965535884072836,0.98982490571167,-4.99745424255951,"chr19:45836491:C:T"
-1.42044764064557,-1.33297017222028,0.0946027894265917,-0.284409589268982,-9.07159544018394,"chr19:45836912:A:T"
-1.00285161404746,-1.26614884097518,0.0962154700958839,0.848836081876035,-7.19474892672028,"chr19:45837548:C:T"
-1.44526239429601,-1.15576825053181,0.100347144923464,-0.913876000754481,-7.87360249085804,"chr19:45837574:A:G"
-1.0029024530552,-1.26614741060395,0.0962154700958839,0.848667572183159,-7.19510664717677,"chr19:45837910:C:T"
0.984853454355455,1.26665522477485,0.0962154700958838,-0.908492328079822,-7.06550510689053,"chr19:45837919:A:G"
-1.54737302413659,-1.3315863564054,0.0946027894265916,-0.701572629431601,-9.09873246070779,"chr19:45838115:A:T"
1.53013231800713,1.33177432480971,0.0946027894265917,0.644907956174803,-9.11002847825496,"chr19:45838193:C:T"
-0.0310527777475123,0.185395130563817,0.192614837628643,-0.493183483475792,0.0930331115043382,"chr19:45838435:A:G"
1.5864663105443,1.33116013820934,0.0946027894265917,0.83005972759302,-9.05640591582811,"chr19:45838566:C:T"
-1.51869162941175,-1.33189905798267,0.0946027894265916,-0.60730608092546,-9.11498109701664,"chr19:45838929:A:G"
0.264307680002721,0.0107308193227852,0.0963806141671429,0.816798207856107,-0.0893061222408216,"chr19:45838962:C:T"
1.53994868087354,1.33166730099931,0.0946027894265917,0.677171193551405,-9.10415835117043,"chr19:45839076:A:T"
0.983811910706955,1.26668452892812,0.0962154700958838,-0.911944602389544,-7.05786823972688,"chr19:45839242:A:G"
1.44049707334894,1.15611271361804,0.100347144923464,0.89774541884927,-7.88399687083171,"chr19:45839404:G:T"
0.283570290792469,0.586286012333731,0.0962998583677984,-0.975488496750683,-2.96139113964436,"chr19:45839627:A:G"
1.44914669573752,1.33265727809921,0.0946027894265917,0.378734181739522,-9.10041658428241,"chr19:45840301:C:T"
-0.250261382739973,-0.491651956799875,0.173855779589858,0.578929581407493,-1.95405968467166,"chr19:45840351:A:G"
1.42423247057157,1.33292890775951,0.0946027894265916,0.296849111727009,-9.07616977885657,"chr19:45840385:C:T"
1.00758403426301,0.655292135938015,0.0965535884072836,1.13375299239469,-4.90349168307937,"chr19:45840599:C:G"
1.46061573204946,1.33253223586264,0.0946027894265916,0.416429226844182,-9.10817344936925,"chr19:45840678:C:G"
1.46140827756014,1.33252359506139,0.0946027894265916,0.419034069828387,-9.10863058644538,"chr19:45840844:A:G"
-0.962907200470165,-0.656710552167011,0.0965535884072836,-0.985408316017169,-4.99993698938714,"chr19:45840863:G:T"
1.04075418573082,1.26508244037678,0.0962154700958838,-0.72320517367255,-7.44971208845075,"chr19:45841362:A:G"
1.52117469643593,1.33187198611318,0.0946027894265917,0.615467126102111,-9.11407980355967,"chr19:45841417:A:G"
2.13625196551157,0.685275665092247,0.201185964083119,3.23490461628558,-2.77316734186449,"chr19:45841694:C:T"
0.98225795458522,1.2667282499651,0.0962154700958839,-0.917095306160082,-7.04644247472191,"chr19:45841950:G:T"
0.234531104002632,-0.613708452847263,0.0966207398696743,2.72887311169926,2.50222729104019,"chr19:45842628:C:T"
0.522750128200107,-0.0946241695391335,0.0963039377513673,1.98942019633981,1.20744604601027,"chr19:45843072:C:T"
-1.44885814008789,-1.33266042410406,0.0946027894265916,-0.377785791837138,-9.10019383370004,"chr19:45843165:C:T"
-1.40816025147795,-1.33310413662508,0.0946027894265916,-0.244024880711596,-9.05511751780217,"chr19:45843458:A:G"
-1.00283267336528,-1.26614937387715,0.0962154700958838,0.848898862183548,-7.19461564300681,"chr19:45844284:G:T"
-1.45851055584938,-1.33255518774222,0.0946027894265916,-0.409510187645361,-9.10690974198736,"chr19:45844346:C:T"
-1.45814026945131,-1.34273423637605,0.0950936370101648,-0.374242222839909,-9.13549743687039,"chr19:45845607:C:T"
-1.47246376418533,-1.33240306158879,0.0946027894265917,-0.455369909706845,-9.11394784930474,"chr19:45845761:C:T"
-0.449228211698958,0.0400392328731779,0.0969359940521697,-1.57146164306239,0.499617864524708,"chr19:45846053:A:G"
1.45827489881465,1.33255775701499,0.0946027894265916,0.408735658529596,-9.10676380657693,"chr19:45846097:G:T"
-1.4698241128769,-1.33243184063303,0.0946027894265916,-0.446694222192594,-9.11285770256248,"chr19:45846415:G:T"
-1.19637356072588,-1.17375927709506,0.100347144923464,-0.0713888399113703,-7.89347124494933,"chr19:45846820:A:G"
1.49115018421977,1.33219933115398,0.0946027894265916,0.516786181038202,-9.11846273566542,"chr19:45847026:C:T"
-0.278970407016103,-0.586419579446768,0.0962998583677984,0.990741840280505,-2.92660488494603,"chr19:45847117:A:C"
-0.875545025598859,-1.29011679630651,0.0967355010879084,1.33292828441785,-6.10589774332287,"chr19:45847160:C:T"
-1.49252498376589,-1.33218434227388,0.0946027894265917,-0.521304706352082,-9.11857418255488,"chr19:45847280:A:C"
-1.47388382975149,-1.3323875791917,0.0946027894265916,-0.460037209915178,-9.1144878530735,"chr19:45847293:A:G"
-0.050544311592778,0.197863240761481,0.0982550518831804,-0.792478248785989,0.313561430635096,"chr19:45847514:C:T"
1.42134312930061,1.33296040907181,0.0946027894265917,0.287352773362633,-9.07269901729967,"chr19:45847702:A:G"
1.423619911651,1.34329165979251,0.0950936370101647,0.260490918293337,-9.09910306480969,"chr19:45848864:A:G"
-0.640003158412471,0.0533450417482793,0.0967068069694322,-2.22957902701714,0.606986242156549,"chr19:45848945:C:T"
1.45784630249679,1.34273898325802,0.0950936370101647,0.373273544451235,-9.13527022685997,"chr19:45849270:A:C"
-1.49856827960396,-1.34208141812687,0.0950936370101646,-0.507460392874252,-9.15334982262566,"chr19:45850143:C:G"
-1.47606246151436,-1.34244483469637,0.0950936370101647,-0.433299337464844,-9.14668421077871,"chr19:45850153:A:G"
-1.01656979083679,-1.28536535668809,0.0967355010879084,0.864229640715104,-7.25056120738943,"chr19:45850376:C:T"
-1.4360749354143,-0.844848418487097,0.121418502164419,-1.69672503833477,-4.99892282064598,"chr19:45850486:C:T"
0.980560844851934,0.656150077899562,0.0965535884072836,1.04402536517603,-4.96500541837663,"chr19:45850568:C:T"
0.469238765696143,0.171609454006475,0.0952907099126158,0.964162905559827,-2.06740340127517,"chr19:45851071:A:G"
0.584647098902631,0.163782997171236,0.177742178786043,0.998266813791957,-1.4426510223125,"chr19:45851201:C:T"
1.06313402710387,1.28379650346839,0.0967355010879084,-0.709472464933871,-7.56229466530232,"chr19:45851300:A:G"
0.246274773884832,0.587368964591839,0.0962998583677984,-1.09916147615021,-2.66667432252324,"chr19:45851535:A:G"
1.44982838222621,1.34286845400499,0.0950936370101647,0.346852935029861,-9.12852699988882,"chr19:45851596:A:G"
1.4362972011702,1.343086951079,0.0950936370101648,0.302265057172932,-9.1147510179126,"chr19:45851733:A:G"
-1.45845233019076,-1.34272919732157,0.0950936370101647,-0.375270523775143,-9.13573708386744,"chr19:45852653:C:T"
-1.08343515294225,-1.28311251315333,0.0967355010879084,0.642001264892994,-7.68688672083632,"chr19:45853160:C:T"
0.258379151495579,-0.557849025813705,0.0955931510725729,2.63996515298514,2.82262516766148,"chr19:45853290:C:T"
-0.91922271742613,-0.65809746288661,0.0965535884072836,-0.840358634790102,-5.06748305100195,"chr19:45853569:A:G"
1.45103932367009,1.34284890011969,0.0950936370101647,0.350843223014949,-9.12961303219137,"chr19:45853749:A:G"
0.216847394578012,-0.556956701112796,0.0955931510725729,2.50275095206233,2.47602659349819,"chr19:45854055:C:T"
-1.41652078166161,-1.33301298516608,0.0946027894265917,-0.271503262835448,-9.06660012059328,"chr19:45854553:A:C"
0.345360665025738,0.699416608799658,0.176023110816805,-0.843892337672838,-2.83407663144425,"chr19:45854941:A:G"
-1.05065467981516,-0.653924713552449,0.0965535884072836,-1.27676449149577,-4.78691947948128,"chr19:45855019:A:G"
-0.246644095629295,-0.587358240573234,0.0962998583677984,1.09793679489406,-2.66973725730876,"chr19:45855167:A:G"
-1.07515511350785,-0.653146864949113,0.0965535884072836,-1.3581155765817,-4.71164454616268,"chr19:45855420:C:T"
-0.181579464699961,0.556198956983575,0.0955931510725729,-2.38623142157329,2.14665913037503,"chr19:45856295:A:G"
-1.08401810127691,-1.26386519670758,0.0962154700958838,0.579803690314074,-7.71136362004741,"chr19:45856536:C:T"
1.37740690421555,1.33343942785786,0.0946027894265916,0.142948488532982,-9.00291766730238,"chr19:45856761:A:C"
1.48374069232471,1.33228011382946,0.0946027894265916,0.49243355684288,-9.11734229776611,"chr19:45857293:C:T"
-0.990780068945648,-1.26648847763698,0.0962154700958839,0.888848120827625,-7.10863411843095,"chr19:45857481:C:T"
-0.452057981459052,-0.171923064234114,0.0952907099126159,-0.907490240820033,-2.04923132541877,"chr19:45857659:C:T"
-0.99038192724294,-1.26649967947716,0.0962154700958839,0.890167791274353,-7.10575422345995,"chr19:45857925:A:G"
-1.41282380272425,-1.33305329182327,0.0946027894265916,-0.259352478409953,-9.06166488703481,"chr19:45858217:C:G"
0.974579711172235,0.821022538693172,0.0986774277134441,0.488833765649982,-6.05361389156346,"chr19:45858349:C:T"
-1.41746986124734,-1.35191493275111,0.0955676147757161,-0.212055711692773,-9.10500405889907,"chr19:45858960:A:G"
0.478773892604149,0.187661307359758,0.0957616372178223,0.9407304459063,-2.23321144564845,"chr19:45859003:A:G"
1.44055949424869,1.20794586437058,0.0967714942404382,0.74775863156241,-8.33574766274214,"chr19:45860032:A:C"
1.44045615150999,1.20794938596556,0.0967714942404381,0.747415106000473,-8.33587368592956,"chr19:45860075:G:T"
1.15572183138661,0.650589003738851,0.0965535884072836,1.62562879710086,-4.43199094204737,"chr19:45860278:A:G"
0.331808634519843,-0.24127833953567,0.179903961620465,1.35113944787037,1.32765339199093,"chr19:45860336:C:T"
2.17443283053851,-0.968393228885556,0.190919349279316,7.1927567424771,3.98788297956299,"chr19:45860351:A:G"
1.44706035108972,1.33268002466604,0.0946027894265917,0.371877035815157,-9.09877546780344,"chr19:45860389:A:G"
-0.470911105987942,-0.0833208527825158,0.0976412359363066,-1.24038416474164,-1.04288535560903,"chr19:45860431:C:G"
1.5223901006676,1.34169675117293,0.0950936370101646,0.585957934479716,-9.15155172670843,"chr19:45861104:A:C"
-1.43718591964206,-1.20806082516563,0.0967714942404382,-0.736544402802523,-8.33977350310884,"chr19:45861605:A:G"
0.915916802360695,1.26859477883872,0.0962154700958838,-1.13698801620784,-6.52455576391344,"chr19:45861919:C:T"
0.926320557220321,1.26830206597214,0.0962154700958838,-1.10250399273152,-6.61063687127534,"chr19:45862414:C:T"
-1.31934937103854,-1.31237330731305,0.0953429565178715,-0.0225925957573381,-8.77628837514262,"chr19:45862436:C:T"
-0.107248523458511,0.200694470092936,0.0982550518831805,-0.982410244546587,0.671108421186233,"chr19:45862712:A:G"
0.181747402373906,-1.62897156299583,0.191837282411154,4.13413394559925,0.665012771205476,"chr19:45863072:C:T"
-1.4306275164249,-1.33285918517647,0.0946027894265916,-0.317867577039326,-9.08336367901028,"chr19:45863218:A:C"
-0.227464296529021,-0.606054192987194,0.0967058253660793,1.21742636201554,-2.46165674401202,"chr19:45863767:C:T"
0.486187753652879,0.0040966052163715,0.0963806141671429,1.55286718595057,-0.0530665857885437,"chr19:45863948:C:T"
0.530786936874947,0.116675139038562,0.0959744208021409,1.33671817653532,-1.46951706037118,"chr19:45864007:A:G"
-0.118177540947387,0.715840943587733,0.122448654480823,-2.38340950775262,1.18243639595383,"chr19:45864238:C:T"
-1.37585688989297,-1.36357704424121,0.0962080023978655,-0.0395901647868926,-9.03302170922281,"chr19:45864445:C:T"
-1.45661874239281,-1.34275880549599,0.0950936370101647,-0.369228494743344,-9.1343061423061,"chr19:45864687:C:G"
-0.786825476425592,-1.36428465019953,0.0979008256713154,1.84555974071,-5.00705891220663,"chr19:45864964:G:T"
0.434354347395524,1.11334582192241,0.139265592403898,-1.81945955412301,-2.46209172207489,"chr19:45865402:A:T"
-1.38243395828836,-1.37943700806754,0.0965628292701158,-0.00964438498840973,-9.08102507825949,"chr19:45865499:G:T"
1.25442386267109,0.760996047244586,0.0970261668325777,1.58408758650729,-5.15522852619381,"chr19:45865719:A:C"
-0.821543452040962,-1.36268260264771,0.0979008256713153,1.72948093274694,-5.33702379936152,"chr19:45867043:C:T"
0.300353841788824,0.536793912912196,0.0971128745454899,-0.758721999104412,-3.14163791063459,"chr19:45867123:A:G"
-1.28023469769003,-0.760046254467745,0.0970261668325777,-1.66999919702686,-5.05713972626393,"chr19:45867384:A:G"
-0.847333945812691,-1.59288114590989,0.10369066746559,2.31528953357059,-4.81971723100253,"chr19:45867967:A:G"
0.9795800508835,0.70404584134676,0.141845103073363,0.731590999187172,-4.62874721487389,"chr19:45868002:A:G"
1.10093079035233,0.529429485022954,0.156731248462075,1.44357525883541,-3.19201664094047,"chr19:45870442:A:G"
0.684090698819212,1.18174383604356,0.111784708937307,-1.48845444052858,-4.47786095506732,"chr19:45870779:A:G"
0.685873258851732,0.970559543850468,0.112320474664932,-0.849448551459059,-4.92732170014135,"chr19:45871299:C:T"
1.36096074619171,1.15443802226273,0.101120934945595,0.649452370558772,-7.93633432288322,"chr19:45871387:A:G"
-0.646004198339417,-0.690077497952079,0.111396231814946,0.132050580794151,-4.62086867763774,"chr19:45871658:C:T"
1.15255257073446,0.680415350818018,0.108490383103413,1.43341721867404,-4.57026813709063,"chr19:45872521:C:T"
0.855526752233198,1.51303284012023,0.107729954883363,-2.00323333889784,-5.01338387804226,"chr19:45872959:A:C"
0.578608314442871,0.60640128822383,0.117659473112619,-0.081025471715579,-4.18993249362507,"chr19:45876389:C:T"
0.188403220210737,1.3826896411341,0.187037119935868,-2.76149709797459,-0.677214364085079,"chr19:45876901:C:T"
-0.0212162305832237,-0.197099175846022,0.105653435475758,0.541105462082804,-0.122236554297231,"chr19:45877067:G:T"
-0.745856872101792,-0.706639846523128,0.108120155640141,-0.119267281501635,-4.98469650789884,"chr19:45877352:A:G"
0.0702025638885083,0.231487073507783,0.234457376334083,-0.333089319834966,-0.215166022534775,"chr19:45877519:A:G"
0.868700102752628,0.494710364843427,0.128441538516031,1.04353479864578,-3.63721676059589,"chr19:45877845:A:G"
1.12123399635645,0.722605946723304,0.120663776559878,1.14757055894189,-4.8379098288279,"chr19:45877923:A:G"
-1.07190863215523,-0.736879918741106,0.120663776559878,-0.964480769148202,-5.02547463372764,"chr19:45878606:C:G"
2.59349566297924,2.0008721865954,0.116042988826363,1.7396801123951,-11.526214789296,"chr19:45878985:A:T"
-0.699582979631985,-0.902342083983669,0.108882488008525,0.61447093624675,-5.10710589688751,"chr19:45879487:C:T"
1.12709180158314,0.617746325359047,0.149938189616359,1.31539540949619,-3.77956186295065,"chr19:45880197:C:G"
-1.08411814865492,-1.12096216700325,0.125939588222356,0.10382115484897,-6.71934432296616,"chr19:45880957:G:T"
-0.309141836904234,-1.10988545331129,0.11202112150391,2.39245361805278,-1.57313335420867,"chr19:45881201:C:T"
-0.010051310250347,-0.147405663673363,0.101808017717349,0.430478472627688,-0.0452438390165109,"chr19:45881296:A:G"
-0.135838766055398,-0.351743823561459,0.101636802748366,0.677231762128193,-1.35370217533437,"chr19:45881572:C:T"
-0.118713800511184,0.0607703062492519,0.0989783599244615,-0.570500292474263,0.226889036612078,"chr19:45882180:A:C"
0.158363442083836,-0.179767412243242,0.101232265908431,1.06273582963266,0.859282145158277,"chr19:45882282:A:G"
-0.166125437338925,0.0509066821468726,0.0999697732888333,-0.686419571860182,0.26202363743035,"chr19:45882537:C:G"
0.144947824075962,-0.148246427388389,0.100910982498739,0.922967128132651,0.655522831667016,"chr19:45882739:A:T"
0.24543667376178,0.537358164939729,0.104075615148944,-0.904881221325497,-2.67713565045517,"chr19:45883008:C:G"
-0.222650960819904,-0.070903216755039,0.100172208575143,-0.479455846576529,-0.482584000723122,"chr19:45883355:C:G"
0.0616366806612668,0.102276086854292,0.122862631494555,-0.115941108191797,-0.160112232290272,"chr19:45883416:C:T"
0.177816593352218,0.186270432051513,0.0998020394606922,-0.0267598853896114,-1.00824827628082,"chr19:45884086:A:G"
0.0698955493455956,0.0834242999626255,0.100089931951438,-0.0427624416183175,-0.181777697274805,"chr19:45884245:C:T"
0.153790741476644,0.200972425262374,0.100845813307286,-0.148574575876834,-0.932892782411889,"chr19:45885121:C:G"
-0.717125037739143,-0.484469199453231,0.104075615148944,-0.721173005273295,-4.00252325956994,"chr19:45886068:C:T"
-0.56602752902628,-0.197179568159671,0.100322460143776,-1.16452361554667,-2.25759789248813,"chr19:45886270:C:G"
-0.530548528223648,-0.372938377724391,0.101917736412883,-0.49369564816893,-3.52462047772002,"chr19:45886273:C:G"
-0.356017693220896,-0.212304815710376,0.100322460143776,-0.453729063123894,-2.08438975007436,"chr19:45886345:G:T"
-0.251260591339846,-0.219849591375608,0.100322460143776,-0.0991705394286259,-1.6187052288034,"chr19:45886419:A:G"
0.235537595487545,0.220981986930295,0.100322460143776,0.0459548423793546,-1.53436748949128,"chr19:45886476:C:T"
-0.0788908463718751,0.0334910704338706,0.0979002156158822,-0.359173768257427,0.0843471084599041,"chr19:45886501:A:G"
0.263321897856062,0.218980916600728,0.100322460143776,0.139992965359029,-1.68119946216475,"chr19:45886578:C:G"
-0.0723773970061404,0.00365658349457479,0.0990032165645199,-0.241647927457635,0.00836133058359106,"chr19:45886622:C:T"
0.135314933787215,0.0770530759385668,0.100172208575143,0.184081737426059,-0.323173202508571,"chr19:45886631:C:T"
0.107467478315822,0.230205803608405,0.100322460143776,-0.387508386924639,-0.750795836520501,"chr19:45886841:C:G"
0.187162094729416,-0.00837156226371011,0.0996807743834142,0.619321021155119,0.0485882994400472,"chr19:45887022:C:T"
-0.379377351414294,-0.172874598224129,0.0998020394606922,-0.653666364425533,-1.81995413390948,"chr19:45887197:C:G"
0.301442504377278,0.194530536659989,0.0994580089796435,0.339005264350546,-1.70678771099999,"chr19:45887347:A:G"
-0.432727914311847,-0.0100308188206957,0.13164681039543,-1.16499508469755,-0.0953434813190648,"chr19:45887848:C:G"
0.0865801586908919,0.0804847869330551,0.100172208575143,0.019258682521851,-0.216879659792275,"chr19:45888746:C:T"
-0.476757948370123,-0.745954485340406,0.103483078782458,0.83682529271143,-3.92643643479021,"chr19:45889634:A:G"
0.289998257251348,0.563655706315754,0.103625516398748,-0.850107642291359,-2.99671661724678,"chr19:45889712:A:G"
-0.181937177810558,-0.531967066771741,0.104237205930962,1.08416092223504,-2.10959751936649,"chr19:45889937:A:G"
1.30699596744193,0.441146584269907,0.129370855789863,2.40726624632139,-2.12231091267115,"chr19:45890842:C:T"
-0.474524824686423,-1.30792885960401,0.129454594109078,2.31631097579169,-2.33306812423684,"chr19:45890929:C:T"
0.578324779480232,0.377960211469954,0.142453686661407,0.530864981209896,-3.21321920945749,"chr19:45891010:A:G"
0.277637009299781,0.196025147966051,0.0994580089796435,0.258781605243127,-1.6027928317301,"chr19:45891064:A:G"
0.133716165673888,0.451053550619498,0.104895199055018,-0.979813531399069,-1.53078566501016,"chr19:45891815:A:G"
0.273010424533374,0.824449171876181,0.103767885066998,-1.71185035126,-2.08010469438918,"chr19:45891982:C:T"
-0.239583901309802,-0.485671595487757,0.104831945382896,0.760051594442613,-2.60332871734583,"chr19:45892001:C:G"
-0.251702086075255,-0.403708138497201,0.10649547786061,0.465795509354324,-2.49037133771146,"chr19:45892045:A:G"
0.30474751896375,0.489927527838354,0.105067750766473,-0.571293631736775,-3.08441146983075,"chr19:45892720:A:G"
0.0662060858251745,-0.0801987609165074,0.0994947573463391,0.464146794771467,0.166576476005457,"chr19:45893249:A:T"
0.0655226703032754,-0.0801555847859962,0.0994947573463392,0.461843283691885,0.164774334157,"chr19:45893352:C:T"
-0.238485456545939,-0.36819258312367,0.102170373558803,0.405790006940454,-2.32170921292349,"chr19:45893483:C:G"
-0.181425155541986,-0.0214805862214279,0.0979002156158822,-0.511184497542216,-0.123105962107322,"chr19:45894273:C:T"
-0.0173518277137197,-0.0853595734499746,0.100172208575143,0.21487443854058,-0.0462104862355581,"chr19:45894274:A:G"
-0.130762371299627,0.0176840804455077,0.0995021044175857,-0.470601913072305,0.0723613499097052,"chr19:45894381:A:G"
0.211249073509979,0.361487247800556,0.101225225755985,-0.472210805096178,-2.08282941482855,"chr19:45894401:C:T"
0.209726021846822,-0.0226789649791949,0.0995021044175857,0.73676554826412,0.147127460400398,"chr19:45894629:C:T"
0.0548712759191353,0.0273195410380975,0.0979002156158823,0.088055629593479,-0.0479187989347886,"chr19:45894630:G:T"
-0.0496356885682178,-0.0275611010603828,0.0979002156158823,-0.0705506099493051,-0.0437383018612506,"chr19:45895731:A:G"
0.629708122085742,1.08454081162939,0.103304160073951,-1.41511835825139,-4.37821246975055,"chr19:45896054:A:G"
-0.148667986072787,-0.0918355484024078,0.0980474243163136,-0.181500652066297,-0.431047378059846,"chr19:45896641:C:T"
1.02504428361308,0.105400814060466,0.122356828543905,2.62908958905291,-0.494378981167727,"chr19:45896658:G:T"
0.604297265515461,1.08718057631842,0.103304160073951,-1.50239209652258,-4.13801292483133,"chr19:45896877:A:G"
0.0330652652512655,-0.0889097466455223,0.100172208575143,0.385387163087964,0.0916721625613717,"chr19:45897033:A:G"
-0.168237484706848,0.0200545871667438,0.0995021044175857,-0.59691968516832,0.105097549463302,"chr19:45897091:G:T"
-0.153988989078887,-0.0915816773317333,0.0980474243163135,-0.199304626725816,-0.444927445243406,"chr19:45897185:C:T"
0.0263666137388987,-0.0884380539784739,0.100172208575142,0.362732042512879,0.0727257207076414,"chr19:45897254:A:G"
-0.155285922694724,-0.366057666025751,0.101225225755985,0.662472737570482,-1.58899905138485,"chr19:45897399:A:T"
0.377219885648941,-0.0322984723679288,0.126000239120475,1.15368618083633,0.285859566338911,"chr19:45897678:C:T"
0.133510291056428,0.451416102232611,0.101919643489771,-0.995794031174798,-1.56038723464352,"chr19:45898554:C:G"
0.135934460360866,0.451200136065307,0.101919643489771,-0.987524188184117,-1.58638429246588,"chr19:45898634:A:G"
-0.744573390660662,-0.730531244337988,0.10366261096031,-0.0436136488464117,-5.14388708378853,"chr19:45898685:C:T"
0.124069846064557,0.211010446709622,0.100493865399316,-0.274253930630398,-0.794998185323845,"chr19:45898740:C:T"
0.0288138301975289,-0.205384308056224,0.110707581928843,0.703873728514154,0.164965741743461,"chr19:45898774:C:T"
-0.0382023037401451,-0.0193854627018755,0.100466877175251,-0.0593656550793499,-0.0230845721991382,"chr19:45899125:A:G"
-0.536400511571192,-0.411654808105422,0.0993115341882355,-0.39584553528037,-3.7351873897142,"chr19:45899638:C:G"
-0.859804650287728,-0.613747552253095,0.101237833036814,-0.773329321844484,-4.72820511486151,"chr19:45899834:C:G"
-0.790256258522185,-0.516096174964916,0.100101468683248,-0.866530790316429,-4.16238733087224,"chr19:45900116:A:G"
0.809148036989676,0.53544473477221,0.100564638932774,0.863092589655233,-4.26340577299066,"chr19:45900156:A:T"
-0.726979467574189,-0.547150298555337,0.100409454248715,-0.567509105639901,-4.39874063410697,"chr19:45900656:A:G"
0.225725063491229,0.35886235295146,0.106214536620336,-0.408514740186022,-2.11357741025871,"chr19:45900787:C:T"
0.758750777832936,0.26304729306414,0.111687801305582,1.48326620313207,-2.27700206820788,"chr19:45901321:A:G"
-0.312675840755648,-0.102261822542247,0.098107424239735,-0.67177483849171,-0.963483798149171,"chr19:45901988:A:G"
-0.289989634334056,-0.103358752246598,0.098107424239735,-0.595844001917749,-0.911938758699587,"chr19:45902011:C:T"
-0.323072262649732,-0.10175913188597,0.0981074242397349,-0.706571710085105,-0.985709443048088,"chr19:45902332:C:T"
0.33832075910046,0.101021832383682,0.0981074242397349,0.757608497394626,-1.0166017379937,"chr19:45902984:A:G"
0.0645149845599345,0.659153264809594,0.127734049779227,-1.66379388188883,-0.7087376564678,"chr19:45903167:C:T"
-0.278182282128481,-0.0694518188160598,0.100782720441829,-0.657495520790417,-0.578348155386276,"chr19:45903205:C:T"
-0.345953866934897,-0.100652754250275,0.098107424239735,-0.783156544201454,-1.03126410993606,"chr19:45903241:A:G"
0.62441966215669,0.373833452819842,0.099128022566896,0.795900807093662,-3.49077394681792,"chr19:45903440:A:G"
0.255666658879025,0.00338773642516791,0.100466877175251,0.795920179360934,-0.0262701159007153,"chr19:45903690:A:T"
-0.187359732472911,-0.350435622165159,0.105889082274625,0.501145880112705,-1.76263968888468,"chr19:45903853:C:T"
0.73640197438305,0.367197588931043,0.099128022566896,1.1726505985362,-3.19090277825634,"chr19:45904427:A:G"
-0.570269805832614,-0.439104249038692,0.0990672624672589,-0.416729961608277,-3.87246687532193,"chr19:45904480:C:G"
-0.235157210045897,-0.0727621612188334,0.100782720441829,-0.511540172468833,-0.518373960630765,"chr19:45904760:A:C"
-0.765010656614059,-0.604335976192286,0.100302105867841,-0.507332190211446,-4.7113938310775,"chr19:45904783:C:T"
0.151563211374522,-0.648003163352369,0.194441343386944,1.81326056002275,1.31859054916109,"chr19:45904949:A:C"
0.547882262649378,0.881881221839778,0.176912716907397,-0.794082430970026,-3.66503516225957,"chr19:45905075:C:G"
0.595859359271553,0.466126834246682,0.0990416352756973,0.412230356386621,-4.00141338457577,"chr19:45905098:A:G"
-0.423668555758723,1.06740480445133,0.136394578854522,-4.03738770842211,2.52171338625965,"chr19:45905380:G:T"
0.620816902648073,0.46467093522018,0.0990416352756972,0.496160140171433,-3.99887640233442,"chr19:45905467:A:G"
-0.551159124933385,-0.44022430455401,0.0990672624672589,-0.352454291871388,-3.86804500728458,"chr19:45905754:A:G"
-0.349928101790808,-0.100460590951379,0.0981074242397349,-0.796458326427289,-1.03867754219849,"chr19:45906153:C:T"
-0.356035954163955,-0.100165262390343,0.098107424239735,-0.816901336234418,-1.04976826184039,"chr19:45906311:C:T"
0.331887001131825,0.101332919221874,0.0981074242397349,0.736074680069949,-1.0038221663063,"chr19:45906312:C:T"
0.0812088063127127,-0.130363535088867,0.16512058843296,0.520664872717799,0.199867213530986,"chr19:45906933:G:T"
0.22635785298993,0.00554383347294529,0.100466877175251,0.696650882720941,-0.0383316496167265,"chr19:45906958:A:G"
-0.44239228944073,-0.09598973707052,0.098107424239735,-1.105936385073,-1.16088341784545,"chr19:45907423:A:G"
-0.828122289275559,-0.599804301315573,0.100302105867841,-0.720916728088996,-4.67554135143,"chr19:45907456:C:T"
-0.506079432370827,-0.0621718673096098,0.138543590118711,-1.19261241939167,-0.627323673091244,"chr19:45907830:C:G"
-0.387483454601736,-0.0986447041834326,0.0981074242397349,-0.922156263921608,-1.10067623572422,"chr19:45908024:C:T"
-0.524846624761598,-0.0531552937307284,0.138543590118711,-1.2672569331618,-0.548054142839408,"chr19:45908462:A:G"
-0.387132242550029,0.0637745396891084,0.118057676206745,-1.31231971250836,0.609959498749937,"chr19:45908845:C:T"
0.222893423260072,-0.0287402556049973,0.106692876477846,0.770373003098027,0.184570324803693,"chr19:45908997:A:C"
-0.472309727665001,-0.133737374918506,0.102750065398939,-1.05623471679598,-1.5834169408679,"chr19:45909273:C:T"
-0.406132147931937,-0.137850904087724,0.10154324734514,-0.841908292551819,-1.52153881754726,"chr19:45909374:A:G"
-0.389408173593353,-0.677706408003784,0.101965388025119,0.902849983757194,-3.48155426547084,"chr19:45909779:C:T"
-1.22383702938996,-0.995351629110284,0.101027323782464,-0.718851247058775,-7.05155435860869,"chr19:45910140:A:G"
1.20449998283866,0.996889961123017,0.101027323782464,0.653174000743656,-7.06965070957598,"chr19:45910150:A:G"
0.331372759237775,0.692117973336761,0.102457247470079,-1.12701380541572,-3.03463874063326,"chr19:45910206:A:G"
0.102200541000335,0.205953860498935,0.113293813341242,-0.308247031583456,-0.570969549943059,"chr19:45910337:A:C"
0.253308393437207,0.209472652029143,0.101514559557574,0.137582814343825,-1.54298384238841,"chr19:45910531:C:T"
-0.494793676522157,-0.727027561358057,0.101678602919447,0.728300825167083,-4.08111536887946,"chr19:45910976:A:C"
-1.05086397999987,-0.997587196258834,0.099658883348823,-0.168764070090153,-6.9702944976554,"chr19:45911035:G:T"
0.337038195380575,0.202375705484863,0.101514559557574,0.422651556726963,-1.90083048616996,"chr19:45911070:A:G"
1.09261975297013,1.05385626677784,0.0991102369868595,0.123129912568231,-7.29007984848362,"chr19:45911370:C:T"
1.00793371735216,1.05885850921385,0.0991102369868595,-0.16175957803127,-7.04446767544172,"chr19:45911752:C:T"
-1.14813858221474,-1.05057687553445,0.0991102369868594,-0.309898969199047,-7.37922650726381,"chr19:45911987:A:G"
-1.07641882988107,-1.05481322437289,0.0991102369868595,-0.0686289232090626,-7.25334440574286,"chr19:45911995:A:G"
1.15403847562625,1.05022838009507,0.0991102369868594,0.329746605427811,-7.38536808113283,"chr19:45912085:G:T"
-1.06104502791924,-1.05572132550214,0.0991102369868595,-0.0169104246688568,-7.21399663105884,"chr19:45912326:A:G"
-0.213406675244399,-0.461179841776094,0.105358313053552,0.763343245374521,-2.33410482382819,"chr19:45912438:C:T"
-0.353747443431959,-0.200959427917485,0.101514559557574,-0.479540313389615,-1.95822448896765,"chr19:45912696:A:G"
0.255265331694361,0.209306781743061,0.101514559557574,0.144245459124317,-1.55251368744304,"chr19:45912779:A:G"
-0.262147420413196,-0.208723455202042,0.101514559557574,-0.167676404026898,-1.58562964283637,"chr19:45912918:A:G"
1.06020949999111,1.05577067854161,0.0991102369868595,0.0140996528091376,-7.21173296314281,"chr19:45913389:A:G"
-1.04247401797112,-1.05681827960282,0.0991102369868594,0.045563695478942,-7.1606387990492,"chr19:45913480:C:T"
0.300208943761548,0.112025351000244,0.106943888848951,0.575444931924194,-0.938929870722158,"chr19:45914171:A:G"
1.145443617947,0.991808918447513,0.0999026258753946,0.48607229001066,-7.0654261484931,"chr19:45914831:C:T"
0.114519407792135,0.203359133064218,0.113293813341242,-0.263939329692279,-0.631214534579716,"chr19:45915628:G:T"
-0.302256014170157,-0.334265831285521,0.105079390869245,0.0987471157846962,-2.56853649537557,"chr19:45915836:A:G"
-0.555588807940592,-0.760313789421323,0.102039827875058,0.640893669516365,-4.41421832908758,"chr19:45916189:A:G"
0.764793645929799,0.188824847442835,0.104116966740244,1.78499993133822,-1.58990212768782,"chr19:45916195:A:C"
0.986802052716184,0.127752557029417,0.173475613912209,2.06252380940378,-0.820175843069305,"chr19:45916221:A:G"
-0.226059379380629,-0.343626818713644,0.105079390869245,0.362683907330276,-2.06801535471749,"chr19:45916515:A:G"
0.55489984659298,0.287184954411819,0.101544437811853,0.840126068202992,-3.00049808813071,"chr19:45916862:A:C"
-0.321349398233756,-0.732267970933902,0.102536450491578,1.28326583284935,-2.83294999136056,"chr19:45916889:A:C"
0.0980495693389842,0.206828181183817,0.113293813341242,-0.323176977497971,-0.550237642880146,"chr19:45917629:C:T"
0.518270283246324,0.290301374720756,0.101544437811853,0.715397717443793,-3.03994742692648,"chr19:45918162:C:T"
0.412597050680464,0.195971329210659,0.101514559557574,0.679901273749058,-2.11476475206258,"chr19:45918306:C:T"
-0.609579910393567,-0.589120686224528,0.119488225133873,-0.0591870379197479,-4.20232344199424,"chr19:45918469:A:G"
-0.349846629441518,-0.201290061308782,0.101514559557574,-0.466259496849799,-1.94529925988103,"chr19:45918813:C:G"
-0.384054549648832,-0.198390594506429,0.101514559557574,-0.582724704777051,-2.04821574121947,"chr19:45919612:C:G"
-1.34350474058589,-1.42982100789663,0.102541062914184,0.269552735696091,-8.83444692137348,"chr19:45920087:A:T"
1.47651586702674,1.22312825230502,0.100757402447259,0.798264657936107,-8.26861407337947,"chr19:45920606:A:C"
-0.956940454701824,-0.684601032964453,0.116142727763719,-0.799124600057028,-4.87091638972661,"chr19:45920936:A:C"
-0.46654111722344,-0.191399024633927,0.101514559557574,-0.863560697890931,-2.1865914866797,"chr19:45920986:C:T"
0.444723842310151,0.641190824985117,0.103234137213151,-0.61147387838248,-3.84722718155263,"chr19:45921857:C:T"
1.41123347851935,0.961014580835601,0.103320680610619,1.40065150136297,-6.35106536045323,"chr19:45922172:A:G"
0.644416267869439,-0.0488741978825251,0.15632528476657,1.75347917949001,0.499075441682711,"chr19:45922293:A:G"
0.374249094502166,0.648459244726563,0.103234137213151,-0.853437772426885,-3.42792720715233,"chr19:45922394:A:G"
-0.345521364142284,-0.651422081898299,0.103234137213151,0.952069888484568,-3.23310395292261,"chr19:45922437:C:G"
0.337844439216751,0.652213842272309,0.103234137213151,-0.978427395351151,-3.17871888314618,"chr19:45922752:A:T"
1.43987618457196,1.11598049729488,0.101451362427506,1.01689526119165,-7.56822856029998,"chr19:45922818:C:T"
-0.794413918204908,-0.561118895850605,0.114064635190677,-0.690764427936629,-4.27295942172565,"chr19:45922864:A:G"
-1.45105756958809,-1.11504031285478,0.101451362427506,-1.05495185478779,-7.53668196168551,"chr19:45923056:C:T"
-1.47518943190284,-1.28538546787039,0.104028304821406,-0.588477032548766,-8.53705579794692,"chr19:45923708:C:T"
0.444201773713524,0.193292509666046,0.101514559557574,0.787503566353259,-2.16583521783422,"chr19:45924127:C:T"
0.741876441139918,0.170270529385013,0.129352727751503,1.58931109809161,-1.60541392299809,"chr19:45925990:C:G"
-1.37033251070813,-1.331266167985,0.104468184350021,-0.120867832029398,-8.62824700928525,"chr19:45927097:C:G"
1.36300287830352,1.33211876419644,0.104468184350021,0.09555273557921,-8.6158429981797,"chr19:45927753:G:T"
-0.064878321042699,0.896785592286165,0.114726217840801,-2.83917381581086,0.378428397276411,"chr19:45930139:C:T"
1.37272721491876,-1.02761348652729,0.129765316764302,6.6633645456731,6.45245598632069,"chr19:45930633:C:G"
-0.337334832576716,0.331586793076969,0.163554509813995,-1.65403225599019,1.96106044707772,"chr19:45931166:A:G"
-0.343621489506158,0.34588575392172,0.11372587698051,-2.04460390367773,2.72554233600932,"chr19:45932502:A:G"
0.364330706740639,-0.3503433569122,0.113725876980511,2.11923137041658,2.85482226863656,"chr19:45932807:C:T"
-0.930863056195304,-0.249079310613946,0.130074961641969,-1.89038294195028,-1.62116380836939,"chr19:45933306:C:T"
0.00547800750970108,0.0163168181350616,0.122267901591297,-0.0309974093802941,-0.00229067655128651,"chr19:45934467:A:G"
-0.247126221970161,-0.311529217786473,0.119029563141817,0.186671771945602,-1.86343931588975,"chr19:45935173:C:T"
-0.196060071481903,-0.325415187024631,0.119029563141817,0.374935176889289,-1.56433724172407,"chr19:45935429:A:G"
0.109345198262481,0.590888927291074,0.122050631687713,-1.37836969412933,-1.23743126900471,"chr19:45936063:A:G"
-0.0500271192537216,-0.306808018149008,0.117803889431257,0.748140042716679,-0.393142411352643,"chr19:45936788:C:T"
0.0488434173114896,0.460769058816915,0.126490900507639,-1.15821499827748,-0.501160030192121,"chr19:45941750:A:T"
0.325707034304941,0.298320447528813,0.125924652613903,0.07717604668852,-2.16837849423512,"chr19:45942164:A:C"
0.178932521606949,-0.65193860132719,0.123287052329084,2.36632793489601,1.87490068125913,"chr19:45946085:A:G"
-0.52496570892686,-0.293050088008283,0.114939617106905,-0.684061469413868,-2.92746523757659,"chr19:45949613:G:T"
-0.569029445468618,-0.574969050891951,0.121175657194106,0.0170627844009956,-4.06750724232188,"chr19:45949625:C:T"
-0.548080284701157,-0.287774948192901,0.114939617106905,-0.767800160605077,-2.89854956301086,"chr19:45950992:A:G"
-1.05588702995833,0.268094906650032,0.15374652435919,-3.37659837075108,1.47466877196537,"chr19:45954869:C:T"
-0.393755507369606,-0.674398223565615,0.120504385287502,0.808448480658574,-3.40477493047917,"chr19:45955718:C:T"
-1.00007297649489,0.167417455127797,0.116455677095921,-3.42115694252032,0.845088380331968,"chr19:45955853:C:T"
0.433149527277151,0.0448610758051619,0.212403703408826,0.842506832445451,-0.274898553700289,"chr19:45959073:C:T"
-0.491216107996123,-0.690427522662662,0.110405253460023,0.599541637845205,-3.99353787452304,"chr19:45960967:A:G"
-0.175785518924889,-0.0608592429758804,0.138082661920335,-0.309278520248902,-0.240492449122539,"chr19:45961440:C:T"
-1.25022383885736,0.121866219767644,0.166829279177614,-3.35928214040049,0.465881151943732,"chr19:45961472:A:C"
0.437079077064411,1.29493724133109,0.125845343277621,-2.41822615417151,-2.12955761548269,"chr19:45961775:C:G"
-0.409713165631293,-0.730535579238787,0.111519986077241,0.960701233921444,-3.45540618318877,"chr19:45962073:G:T"
-0.502755329783949,-0.17003767124055,0.103652724176492,-1.03344053201761,-1.98812619703974,"chr19:45962138:A:G"
-0.281349975790562,-0.719895676731671,0.0992675149809204,1.39191041010792,-2.54566544324287,"chr19:45963673:A:G"
-0.143023494813552,-0.279389864932318,0.100699911300653,0.429727093821781,-1.18169860532333,"chr19:45964243:A:G"
0.212805880034881,0.691197274903346,0.0989257537726426,-1.52099811236617,-2.05813490380775,"chr19:45964656:A:G"
-0.584997664312549,-0.394011192455183,0.101314811086442,-0.6000205662473,-3.62903483676213,"chr19:45965161:A:G"
-0.557504399245467,-0.372003380642792,0.102178603837998,-0.58031836760793,-3.5163336600241,"chr19:45965445:A:G"
-0.452680365788789,-0.722299812070714,0.111519986077241,0.807374185050426,-3.73995319540919,"chr19:45965593:A:G"
-1.03456102223548,0.175846929483215,0.116455677095921,-3.54692034738876,0.852370502255033,"chr19:45966013:C:G"
0.239928088114075,0.272019789278616,0.100699911300653,-0.101129578100703,-1.87061700991423,"chr19:45966153:A:G"
-0.314794355384963,-0.68537406466818,0.0989257537726426,1.17822152393848,-2.93543586825565,"chr19:45966208:C:G"
0.739057351606846,0.523367017473904,0.0997758955931575,0.682838289648736,-4.26701582243584,"chr19:45966224:C:G"
-0.581820358241552,-0.369769815884502,0.102178603837998,-0.663375465633402,-3.49129589395797,"chr19:45966658:A:G"
0.237863906573173,0.67716649011513,0.0987019378023387,-1.39830180338862,-2.3294112548207,"chr19:45966912:C:G"
-0.0014144154626856,-0.103137250003645,0.125411081386894,0.28724368997237,-0.00363416671821809,"chr19:45967012:A:C"
-0.181849190640683,-0.276436977914189,0.100699911300653,0.298071547264004,-1.47210590027344,"chr19:45967047:C:T"
-0.215760679654187,-0.27385784073352,0.100699911300653,0.183079773760746,-1.71065740367013,"chr19:45967176:A:G"
0.00774707248181792,0.681017103576319,0.108608615434437,-2.04294721093911,-0.0832313986750561,"chr19:45968595:A:G"
0.200763648376463,0.679196063602559,0.0987019378023387,-1.52285220727897,-1.99322156757269,"chr19:45968756:A:G"
0.207792670432799,0.678811540219125,0.0987019378023387,-1.49925486379341,-2.05809315096022,"chr19:45968834:A:G"
-0.318625234333434,-0.321761663579403,0.10104254125915,0.00986695993283313,-2.67102893106012,"chr19:45969657:A:G"
-0.227857525683789,-0.677713890223526,0.0987019378023386,1.43189452866418,-2.24027947059615,"chr19:45970318:C:T"
-0.243745672642485,-0.271729443012968,0.100699911300653,0.0881843837671302,-1.89504182048555,"chr19:45970738:C:T"
0.555258393333849,0.358686002265277,0.10165767408722,0.616527475874309,-3.44926851599432,"chr19:45971170:A:G"
-0.48691132422063,-0.607979308174201,0.0978535578390357,0.387026765256398,-4.11286028338536,"chr19:45972497:C:G"
-0.520232981120282,-0.448879862743867,0.12305210753348,-0.203408187445343,-3.62446915341265,"chr19:45973014:A:C"
0.297608880013512,0.219784967345163,0.116501294469264,0.228006740494855,-1.64216560154626,"chr19:45973817:A:G"
0.359041860256273,0.620767589466272,0.0974961921370363,-0.838209524732053,-3.4135894752493,"chr19:45974440:C:T"
0.295063875255346,0.220408251065918,0.116501294469264,0.218724360513466,-1.63421048593146,"chr19:45975830:C:T"
-0.398590203006853,-0.408891337183478,0.100632937063008,0.0324724435129736,-3.44486134254142,"chr19:45976897:A:G"
-0.81186522967027,-0.859804103354321,0.112268323759502,0.143073501824172,-5.51303304396244,"chr19:45976911:A:T"
-0.248830426596808,-0.13613159607069,0.217188391052134,-0.241824949294222,-0.481516082504431,"chr19:45977149:C:T"
0.102844482015979,-0.20601986828881,0.101082755698193,0.971469673215837,0.642274460018415,"chr19:45978077:A:G"
-0.137066635111452,-0.674841996599154,0.101470152997625,1.68823050462103,-1.41869642570718,"chr19:45978187:C:T"
-0.313434666946048,-0.721793485222674,0.0992735317758873,1.29606028267302,-2.80605776133963,"chr19:45978711:C:T"
-0.389347808918899,-0.420085523162251,0.100689340646685,0.0968678856308688,-3.44420911415148,"chr19:45979086:A:G"
-0.114103761299355,0.206922253923159,0.101082755698193,-1.00972170402394,0.714576001701104,"chr19:45979564:A:T"
0.43688910527571,0.417184390268784,0.101149540028507,0.0619566891573553,-3.58368160295994,"chr19:45979636:C:T"
1.1073255190377,-0.325566737383167,0.134155060729702,3.91210052258832,1.6767643718358,"chr19:45980254:A:G"
-0.294746749550353,-0.220485916653269,0.116501294469264,-0.217567709907543,-1.63321089457094,"chr19:45980416:C:T"
0.191885705864567,-0.213156161762219,0.101082755698193,1.27397639252906,1.21742401627431,"chr19:45980472:A:G"
0.131794811980306,-0.208340119986257,0.101082755698193,1.06982489523565,0.828639273744869,"chr19:45981564:A:C"
-1.34367802718243,-0.377042231853012,0.139903454006501,-2.58433408183964,-1.67582786717869,"chr19:45985005:C:T"
-0.319883138834454,0.111515859455102,0.128463075317931,-1.20362160598519,0.833045953214785,"chr19:45985160:C:T"
-0.0727495900659203,0.125877582355928,0.102607555676211,-0.620081806649927,0.277519852313283,"chr19:45985847:C:T"
-0.410604452726753,-0.6044782321413,0.0980152990934133,0.619258735835134,-3.73638053843018,"chr19:45985984:A:G"
-2.00571371042743,-0.472570695704252,0.144359920107066,-4.03514692060288,-2.36322300057193,"chr19:45987409:C:T"
0.535642987614848,0.546987373149076,0.101160841757017,-0.035667671669136,-4.15539687687306,"chr19:45987988:C:G"
0.52081228243007,-0.0661203936126571,0.191821542499506,1.34010738036214,0.51804750174929,"chr19:45988039:A:G"
-0.595730109424304,-0.705202262196967,0.0971861813145607,0.35115705618935,-4.68339958669684,"chr19:45988100:A:G"
-0.405609714378786,0.350869479211624,0.146566925058693,-1.97596386971632,2.583416402059,"chr19:45988390:A:T"
0.503934607693891,0.623924202337368,0.098089123344914,-0.383118531707982,-4.19356837635539,"chr19:45988698:C:T"
-0.583102963827405,-0.620111714246305,0.098089123344914,0.118166397369416,-4.48969424278881,"chr19:45989018:C:T"
0.568088374989935,0.620834767546012,0.098089123344914,-0.168415607445137,-4.44127113289733,"chr19:45989957:A:G"
-0.662758872177814,-0.702621112177284,0.0971861813145608,0.127867284024241,-4.949277823625,"chr19:45990065:C:T"
0.585582896648401,0.588397339039525,0.098273285805694,-0.00897789713139615,-4.42209131876318,"chr19:45990579:C:T"
0.736837738086362,0.668743965388195,0.0972321775214271,0.218374734881446,-5.04035461656746,"chr19:45990789:C:T"
0.436465376573295,0.414890435094625,0.109776242022566,0.0651171593310231,-3.46813697918033,"chr19:45991947:C:T"
0.761117982777625,0.366711532439009,0.105084086925762,1.2166776534914,-3.09488208015545,"chr19:45992246:C:T"
-1.04178815342184,-0.708515836432707,0.096961119007147,-1.07028744592747,-5.27148042013409,"chr19:45992487:A:G"
1.04688679625517,0.708331759445781,0.096961119007147,1.08725263750131,-5.26003670451979,"chr19:45992535:C:T"
1.01287482345633,0.729506084247904,0.0966747046314749,0.911371641751463,-5.4897175319886,"chr19:45992577:A:G"
-0.909314510788667,-0.732927984096396,0.0966747046314749,-0.567295033543325,-5.56216799575536,"chr19:45992677:A:G"
0.886105615100878,0.73369486587371,0.096674704631475,0.490184044760027,-5.55494368636178,"chr19:45992858:C:T"
0.912964744870352,0.732807370947116,0.096674704631475,0.579422847081539,-5.56250915062118,"chr19:45993113:C:T"
-1.99749479713726,-1.89545683394317,0.106877081644275,-0.31211848317508,-11.816175341876,"chr19:45993192:A:G"
-0.394080512077271,-0.310725577507312,0.0971433966112064,-0.267438958750456,-3.02694858109894,"chr19:45993535:A:C"
-0.844656364281537,-0.679531666484113,0.096461508198224,-0.53166125466695,-5.23073234615349,"chr19:45994035:A:C"
-0.830102508488968,-0.679979407324296,0.0964615081982239,-0.48335977224691,-5.22556785318477,"chr19:45994039:A:T"
-0.365141051833949,-0.302824031967598,0.0994414230846998,-0.197616412486405,-2.82386855702452,"chr19:45994080:C:T"
0.952800552597552,0.676204673938098,0.096461508198224,0.890571270351096,-5.16558910267781,"chr19:45994143:A:G"
-0.913848629217023,-0.677403007022451,0.0964615081982239,-0.761297236774926,-5.20972979105943,"chr19:45994327:G:T"
0.526057166267957,0.953423413892305,0.127385372622041,-1.19740326697477,-3.67035019904889,"chr19:45994448:A:G"
-0.138142476389313,-0.202106237703505,0.128809657010883,0.178221371765666,-0.666008984862467,"chr19:45994501:A:G"
-0.894552204872506,-0.73341576876097,0.0966747046314749,-0.51824763287292,-5.55858605957206,"chr19:45995095:C:G"
2.09803125155229,1.26516089807835,0.231210455609332,1.73210281948451,-5.34407415312519,"chr19:45995531:A:C"
-0.855820633726678,-0.679188204280512,0.096461508198224,-0.568713343956745,-5.23241793609416,"chr19:45995641:C:T"
-2.02527204927493,-1.89151072195949,0.106877081644275,-0.409155389644215,-11.83844921194,"chr19:45995774:A:G"
-0.860205755774004,-0.679053298571823,0.0964615081982239,-0.583266730942143,-5.23254138990253,"chr19:45995781:C:T"
-0.555021490173457,-0.276248231902967,0.103728681995417,-0.865568974687828,-2.90544449025909,"chr19:45996279:A:G"
1.99697486423296,1.89553069702561,0.106877081644275,0.310302152302774,-11.8156240063223,"chr19:45996389:G:T"
0.875552448384625,0.678581166571796,0.096461508198224,0.63419948813738,-5.23059158908087,"chr19:45996498:C:T"
-0.369034664891393,-0.278063177260153,0.0974860309742966,-0.291362800087576,-2.70887516279007,"chr19:45996794:A:G"
0.847653672317925,0.598172836615953,0.0974287927032962,0.799270031863342,-4.6978501417832,"chr19:45996798:C:T"
-0.941617066050563,-0.698095725901628,0.0969793695266109,-0.78198306327446,-5.32343688249788,"chr19:45996823:C:T"
0.892068048127436,0.648937802111784,0.0979640760688942,0.776793470033321,-4.99911608113512,"chr19:45996939:C:T"
0.874624683105765,0.64975450903688,0.0979640760688942,0.718453115910231,-5.01529493108826,"chr19:45996941:C:T"
0.35882729100798,0.303219318005234,0.0994414230846999,0.176341040601934,-2.79792165279946,"chr19:45996951:A:G"
-0.855419808052234,-0.716586873220184,0.0965034055205602,-0.446911144521602,-5.44175494342816,"chr19:45997036:C:T"
-1.92206412689132,-1.90617272010495,0.106877081644275,-0.0486093766125545,-11.684166326721,"chr19:45997197:G:T"
-1.30294693734656,-0.674694262541672,0.126899128616534,-1.763620045137,-3.89445903685973,"chr19:45997249:A:C"
2.00388777697506,1.89454862984063,0.106877081644275,0.334451685304062,-11.8225498400916,"chr19:45997404:A:T"
-0.784853832437882,-0.516065733993651,0.216984252578799,-0.577026723195345,-3.42380586136209,"chr19:45997451:C:T"
0.0468041022456046,0.0352878974755053,0.100896767940151,0.0362552372297951,-0.0512353442011479,"chr19:45997477:A:G"
-0.379780511567166,-0.301907498353074,0.0994414230846999,-0.246946749601949,-2.87940689956719,"chr19:45997603:C:G"
1.90412749331934,1.90872084705195,0.106877081644275,-0.0140503647351294,-11.6372953027285,"chr19:45997669:A:G"
-0.884636412790277,-0.706604662073368,0.0970633112088415,-0.571439044901865,-5.38893015356699,"chr19:45997869:C:T"
-1.3215497093923,-0.662896069316105,0.104943774945372,-2.03319369939995,-3.93735093746543,"chr19:45998205:A:G"
-0.670116882040785,-0.63290293642898,0.0986589184121339,-0.118477953407768,-4.74749078904975,"chr19:45998300:A:C"
0.498534171148648,-1.44312115674777,0.183460800337132,4.53315424847659,2.10382037121831,"chr19:45998892:A:G"
0.514798610050984,0.417648624312921,0.100926330244611,0.305802125753791,-3.72712055998374,"chr19:45999043:C:T"
-0.771742684321995,-0.627390203189986,0.0986589184121339,-0.459574663548404,-4.864471408525,"chr19:45999459:G:T"
-0.240756283377451,-0.660668429585123,0.104118816656796,1.30134912756817,-2.41294628557564,"chr19:45999536:C:T"
0.702376227358633,0.631153015038842,0.0986589184121339,0.22675317792959,-4.80281760060085,"chr19:46000517:A:T"
-0.576304891978381,-0.637991806226064,0.0986589184121338,0.196392487599797,-4.49024216355348,"chr19:46001491:C:T"
0.540465571519736,0.639935924832954,0.0986589184121338,-0.316683536011813,-4.35426979763208,"chr19:46001776:A:C"
-0.553513929872452,-0.639228111293572,0.0986589184121339,0.272888043066709,-4.40617424164147,"chr19:46001800:G:T"
-0.456372737926589,-0.422233561051392,0.100926330244611,-0.107460981909641,-3.65040034350773,"chr19:46001984:A:G"
-0.593641436927914,-0.63705137824963,0.0986589184121339,0.138204130757816,-4.54856074764558,"chr19:46002064:A:C"
0.617031857930014,0.358946813794783,0.100758552823809,0.813058655669852,-3.39728920106776,"chr19:46002196:C:T"
-0.620564747708807,-0.635590912236927,0.0986589184121339,0.0478387655915561,-4.62945544460063,"chr19:46002268:C:T"
0.676449453440102,0.632559423501577,0.0986589184121339,0.139732587787536,-4.75969009002599,"chr19:46002571:A:G"
0.582449136514496,0.637658509166434,0.0986589184121339,-0.175769953257884,-4.51146817766306,"chr19:46002747:A:G"
-0.0161578002643639,-0.380295416433757,0.114757059155886,1.07491924811178,-0.156858630028331,"chr19:46002945:C:G"
-0.64632456535189,-0.634193560385686,0.0986589184121339,-0.038621452725491,-4.69581165964568,"chr19:46003551:A:G"
0.953955648176546,0.493913119988525,0.107590662642734,1.40252525520204,-3.5319327590602,"chr19:46007492:A:G"
0.899305379018372,0.502093602599545,0.107590662642734,1.21097401643568,-3.75773587881209,"chr19:46008357:C:T"
0.867267679735839,0.506889257697215,0.107590662642734,1.09868068139226,-3.87384605937064,"chr19:46008502:G:T"
-0.881754725977036,-0.444165780196211,0.107155800962874,-1.33677556673206,-3.33820999872815,"chr19:46008751:A:G"
-0.195654056206702,-0.146553886191269,0.126710709352985,-0.137935589356385,-0.695071081763714,"chr19:46008941:C:T"
1.11299080978638,0.542040350197699,0.113295311449621,1.69626014482908,-3.41313947288952,"chr19:46009040:C:T"
-1.18672228484611,-0.467359642975763,0.113382429139301,-2.13636277282668,-2.57050284691319,"chr19:46009259:A:G"
0.324943010875396,-1.33091953897485,0.138234350773752,4.45365216705746,1.42305718061314,"chr19:46009377:A:G"
0.942092618089085,0.362654506235785,0.110799627099597,1.74075602751121,-2.42770370695975,"chr19:46009393:A:G"
0.939575724868166,0.175276412922476,0.110944514032838,2.29461882670894,-0.981813566434676,"chr19:46009412:A:G"
-0.536770488104546,-0.532243176298095,0.104629775144055,-0.0139962844570514,-4.08148639508155,"chr19:46009719:C:T"
0.537219336175349,0.532190190436689,0.104629775144055,0.0155477151438887,-4.08237084801114,"chr19:46009925:G:T"
-0.750153487853149,-0.748739560677653,0.101045560845294,-0.00444803731847509,-5.26951024505024,"chr19:46011183:A:G"
0.00100014276522293,-0.319131852160173,0.102589946807836,0.999485915779561,0.00929149013652425,"chr19:46011186:C:T"
0.666603699807904,0.827383679462213,0.100325074946495,-0.507606556413118,-5.06993466789219,"chr19:46011800:A:G"
0.776427305068541,0.81947093744297,0.100325074946495,-0.135895215636138,-5.56209829862503,"chr19:46012388:A:G"
-0.0865570491286241,-0.31070434717172,0.102589946807836,0.699811549627606,-0.780482187968397,"chr19:46012400:C:T"
0.762292923865139,0.836563897611289,0.100469895431521,-0.234315567204581,-5.53908357855496,"chr19:46012579:A:G"
0.813510851866355,0.815805086266906,0.100951127335636,-0.00722074820354483,-5.66304314433677,"chr19:46012648:A:G"
-0.712471305516782,-0.824078938826971,0.100325074946495,0.352362069803784,-5.30036143069882,"chr19:46012703:C:T"
-0.095632562009967,-0.309830816072496,0.102589946807836,0.668749583027343,-0.858954439329074,"chr19:46012957:C:T"
-0.698816384010983,-0.8250627698614,0.100325074946495,0.398578811360201,-5.23545011204203,"chr19:46013016:A:T"
1.13110208253102,0.723341367239244,0.103571952814058,1.26702242062294,-5.07712491112292,"chr19:46013121:C:T"
0.667088084900357,0.827348779731271,0.100325074946495,-0.505967096191963,-5.07255131336953,"chr19:46013590:C:T"
0.142676883035996,-0.244105253428774,0.112026972519361,1.15559354755825,0.942207330844057,"chr19:46013781:A:G"
0.593497380966721,0.694355647180286,0.10140281101081,-0.31672803110038,-4.59087495832173,"chr19:46013933:C:T"
0.667730139903744,0.827302519953224,0.100325074946495,-0.5037939829929,-5.07601371507775,"chr19:46014295:C:T"
0.688774411621236,0.825786289515442,0.100325074946495,-0.432567087488794,-5.18571105838047,"chr19:46014357:A:G"
0.92919033454661,0.744894418619097,0.103571952814057,0.572657072524284,-5.47943657607383,"chr19:46015043:C:T"
-0.130620777609956,-0.306463150263113,0.102589946807836,0.548998468288211,-1.15391902965698,"chr19:46015157:C:G"
0.788837823576665,-0.0380906864439263,0.144033585636837,2.17889388068947,0.351493528006817,"chr19:46015318:C:T"
0.96530468911367,0.74103939508875,0.103571952814057,0.696852700716501,-5.45572940261722,"chr19:46015393:A:G"
-0.971256537967832,-0.740404065518082,0.103571952814057,-0.717320839112155,-5.44967940914941,"chr19:46015424:A:G"
-0.985950680752807,-0.738835540568007,0.103571952814057,-0.767853330023413,-5.4321811361298,"chr19:46015977:A:G"
-0.10573152624923,-0.308858776315805,0.102589946807836,0.634184738704068,-0.945365681117128,"chr19:46016811:C:T"
0.0457995365112194,0.314627316073194,0.102589946807836,-0.839308734214782,-0.419481605031699,"chr19:46017248:C:G"
0.282662318988261,0.330307388729578,0.109962978524844,-0.143679470736556,-2.33694878288542,"chr19:46017470:C:G"
-0.56685470756416,-0.763829696371758,0.110006776267446,0.59388364517916,-4.36755074986971,"chr19:46017687:A:T"
-0.571763780706897,-0.697460279463362,0.109955096787785,0.379066580963037,-4.37679683979159,"chr19:46017814:A:G"
0.086140016837502,0.101419609032642,0.103269192241833,-0.0475473561584627,-0.263416606886886,"chr19:46018776:A:G"
0.0927870496281244,0.38973619129919,0.103251276092324,-0.924132747972481,-0.997429577699578,"chr19:46021038:A:T"
0.275900483071516,0.438166471544264,0.10425810158788,-0.502542265608058,-2.80989066696126,"chr19:46021213:C:T"
-0.226816954626457,-0.408958876316428,0.103086916118402,0.567293934893092,-2.35667975782284,"chr19:46021709:A:G"
0.0959614744370045,0.517770857453353,0.104207669730245,-1.30667142570831,-1.17597724579675,"chr19:46021848:A:G"
-0.087092760374863,-0.319333475539539,0.101079630922057,0.730476983657926,-0.815129415832853,"chr19:46023390:A:G"
0.123045750287963,-0.296337410520932,0.101604005279209,1.31569606067823,1.06694652297644,"chr19:46023692:A:T"
-0.0725912966990633,-0.320495224909414,0.101079630922057,0.779743179776394,-0.6830061663341,"chr19:46024746:A:G"
-0.246169151608724,-0.249293374176486,0.110274792390067,0.00940814150293638,-1.63548904979643,"chr19:46024912:C:T"
-0.165156211808697,-0.0932406676914454,0.103269192241833,-0.223788301795142,-0.460841597213257,"chr19:46025162:C:T"
-0.180099859031201,-0.091693855495529,0.103269192241833,-0.275103660030534,-0.493142116107781,"chr19:46025376:C:T"
0.106128125824295,0.294921538000683,0.101379747020757,-0.592940662419695,-0.92133566287236,"chr19:46025683:C:T"
-0.0854228768825172,-0.296646689562115,0.101379747020758,0.663387487758529,-0.747913983309633,"chr19:46026198:A:G"
0.0810423507453889,0.297011672930671,0.101379747020758,-0.678291638901212,-0.710765697835279,"chr19:46026410:C:T"
1.29461669741114,0.70954542298776,0.109222058102296,1.77032742764463,-4.38540737361394,"chr19:46026809:C:T"
-0.196778113471751,-0.0899674946552959,0.103269192241833,-0.332375528712558,-0.527229270454357,"chr19:46027068:C:G"
-0.340323720507284,-0.324251283756122,0.10202911322327,-0.0503175711497524,-2.78744329531173,"chr19:46027131:C:T"
1.31648778685275,0.705890313997317,0.109222058102296,1.84756541758408,-4.28479957219533,"chr19:46028658:C:T"
-0.530507054909175,-0.772638982539213,0.157914651832795,0.609313563743978,-3.77358017841778,"chr19:46029507:A:G"
-1.00516815018989,-0.9178326004961,0.106356867871884,-0.267798591480165,-6.36162134168588,"chr19:46029755:A:G"
0.0922735602210091,0.82286675820016,0.100905788131254,-2.29994571221424,-0.617499103402533,"chr19:46029850:A:T"
0.105722065268596,0.776427974430405,0.101102381667626,-2.10936356150314,-0.827759795562397,"chr19:46029891:C:T"
-2.57684274996552,-1.42334261060601,0.132831088679921,-3.16495679097413,-6.97335354478053,"chr19:46030528:G:T"
0.136081550965115,0.472539394003689,0.100704128259862,-1.06024691934068,-1.62995878433191,"chr19:46030629:C:T"
-0.145409450708145,-0.545075537282284,0.100131002204538,1.26302811053307,-1.75898568020371,"chr19:46030656:A:G"
-0.130248841789292,-0.546136412135739,0.100131002204538,1.31429137926473,-1.59237680531375,"chr19:46030738:C:T"
0.929090800830521,0.280929878585107,0.106088634596062,1.9899786355134,-1.77258279811586,"chr19:46031026:A:G"
-0.156779604459559,-0.544279902340491,0.100131002204538,1.2245816833217,-1.88029827687486,"chr19:46031146:A:G"
-0.151550011390382,-0.544645846994201,0.100131002204538,1.24226474844772,-1.82489933364249,"chr19:46031306:A:G"
0.973110140909227,0.761217371156706,0.107174409084645,0.647247809100847,-5.50272542167342,"chr19:46033583:C:T"
1.02393871612983,0.620840501055617,0.100500175659051,1.2715324987732,-4.50509992009411,"chr19:46034617:A:G"
1.05649513413016,0.831376170011806,0.107016997329715,0.688154098812071,-5.9264074431662,"chr19:46035067:C:T"
-1.13608664005084,0.545347902778004,0.215609180567784,-3.62114854550998,3.10615417735993,"chr19:46035168:A:G"
0.824372593137136,0.243805465694346,0.105947285057643,1.78364132409299,-1.84056177870656,"chr19:46035387:A:G"
0.606226330152433,0.168117781079513,0.105639680239713,1.34793263721029,-1.89456494402135,"chr19:46035639:C:T"
-0.24783352736455,-0.631284485132692,0.100461973623405,1.20978716868172,-2.55955548993409,"chr19:46035725:C:T"
0.29348334009232,0.627928656814867,0.100461973623405,-1.05517444825704,-2.92690037120629,"chr19:46036373:A:G"
-0.288573722463251,-0.628289574700064,0.100461973623405,1.07180297951526,-2.88916910732974,"chr19:46036975:C:T"
0.100766409070937,0.0978672345725051,0.11395643523132,0.00858825494800748,-0.269445204531707,"chr19:46037021:A:G"
-0.886445183298514,-0.499493567436259,0.101984227597282,-1.21168619262549,-3.81625227895839,"chr19:46039991:C:T"
1.27783366168529,0.500903775352873,0.119494295574987,2.24754419939198,-2.61790190578541,"chr19:46040308:C:T"
-1.19488308601299,-0.628217687877674,0.113147594075316,-1.68462806911275,-3.92480806795196,"chr19:46042992:A:G"
1.13372098443739,0.887354851702973,0.112108182880851,0.735804347764735,-6.13510357578481,"chr19:46043490:A:G"
-1.06231190697756,0.718072019430971,0.177331614708381,-4.22785983125714,4.31099372224195,"chr19:46043582:A:C"
0.763266291941667,1.19548420555006,0.160119070960621,-1.08014294108929,-4.54878137760785,"chr19:46044262:A:G"
0.228637580189758,0.293346360707896,0.0951385247253186,-0.209790109173918,-2.00445909702343,"chr19:46044831:A:G"
0.997931949068137,0.481115677501166,0.129934449881771,1.43375195340794,-3.19825058043001,"chr19:46044970:A:G"
0.00244983944298332,-0.297188727802419,0.0951385247253186,0.971447881288831,0.0229489554785006,"chr19:46048117:C:T"
0.0142146990706799,-0.297384346021602,0.0951385247253186,1.01022453467617,0.133210784930852,"chr19:46048141:C:T"
-0.00529225804427943,0.297235989638298,0.0951385247253186,-0.980816414732649,0.0495814013158641,"chr19:46051973:A:C"
-0.046104289456702,-0.29526266119421,0.100982554231574,0.784065434372515,-0.405187977588794,"chr19:46052537:C:T"
-0.170973977568075,-0.38600519628993,0.100933751126819,0.676835780687884,-1.80643727271314,"chr19:46054295:C:T"
-0.925312463664651,-0.509324585606221,0.129934449881771,-1.15403377481123,-3.60366475272487,"chr19:46054316:C:G"
0.177052727625499,0.4376951821585,0.0971014762301967,-0.836435083440306,-2.05307408534353,"chr19:46055245:C:G"
0.0623225840951643,-0.0341495131203796,0.0995736278095594,0.30572401516142,0.0668597948450519,"chr19:46055494:C:T"
0.206788987388002,0.361353475151714,0.0970862511179798,-0.496056166971117,-2.11133344394407,"chr19:46055888:C:T"
1.13072998349566,1.02552504437562,0.101227269974596,0.330664344248403,-7.17849735874415,"chr19:46055932:A:G"
1.13270618464426,1.02536360811904,0.101227269974596,0.337383044689065,-7.18029335082047,"chr19:46056766:A:C"
-1.11084452113828,-1.16741139546033,0.102682581013955,0.176528078367679,-7.54372334958804,"chr19:46057055:A:C"
0.0906273987419755,0.117200616607293,0.113961035156146,-0.0787165325870087,-0.289969072965178,"chr19:46057247:A:T"
-0.178063933486314,-0.437657157827262,0.0971014762301967,0.833067969111943,-2.06320835182765,"chr19:46057252:C:T"
-1.69310668467045,-1.98114688784562,0.120325077241731,0.830376469509053,-10.0509013658409,"chr19:46057423:A:G"
1.60820146102584,1.18474790948358,0.105177033845675,1.30570576083754,-7.57189854706195,"chr19:46057435:A:G"
0.223162516991216,0.36074044585044,0.0970862511179798,-0.441539845517827,-2.25115892099272,"chr19:46057623:G:T"
-1.40834507586,-1.16625002743119,0.0999948885512103,-0.765591329938222,-8.00488898376775,"chr19:46057705:A:T"
1.75609733063501,1.09099391055724,0.128502576852332,1.85538167434182,-5.92449321238463,"chr19:46057767:C:T"
0.0220485534758171,-0.297514602114454,0.0951385247253186,1.03604470309022,0.206651868647012,"chr19:46058514:C:T"
0.240019787899351,0.360109305146101,0.0970862511179797,-0.385412888049052,-2.38852027931985,"chr19:46058730:A:G"
-0.257386206256663,-0.43467440575729,0.0971014762301966,0.568940582638326,-2.76944151912495,"chr19:46059266:G:T"
-1.04647277029407,-1.03240803252642,0.101227269974596,-0.0442061687394544,-7.0340237768777,"chr19:46059446:A:G"
1.40214283881983,1.16667501255285,0.0999948885512103,0.744633677720217,-8.01380766605648,"chr19:46059515:G:T"
0.127947633132983,0.109073757196968,0.113961035156146,0.0559091517516046,-0.380108158683512,"chr19:46060081:C:T"
-0.261442496744496,-0.359307233231681,0.0970862511179797,0.314085122435667,-2.55263110084238,"chr19:46060213:C:G"
-0.200097407261869,-0.361604009690615,0.0970862511179797,0.518336050540978,-2.05248593196301,"chr19:46060395:A:G"
0.27141201206114,0.358933971927808,0.0970862511179798,-0.280891222592023,-2.62476325112807,"chr19:46061267:A:G"
-1.03581931736984,-1.03327831516996,0.101227269974596,-0.00798649600660434,-7.00628288539785,"chr19:46061362:A:T"
-1.55349079044803,-1.19152636564292,0.105177033845675,-1.11610596478637,-7.77919017204016,"chr19:46061566:A:G"
0.264572455283126,0.359190046751886,0.0970862511179797,-0.303663800340632,-2.57557550491725,"chr19:46061714:A:G"
0.105707872209931,-0.0369270294307036,0.0995736278095594,0.452015827273866,0.122288567118583,"chr19:46062223:C:T"
-1.08213391633085,-1.02949486656368,0.101227269974596,-0.165447145530507,-7.111397607751,"chr19:46062364:A:C"
1.47782082814138,1.16148946106696,0.0999948885512103,1.00035318190698,-7.86243651259506,"chr19:46062370:C:T"
0.0432496587472572,0.296428867103974,0.0951385247253186,-0.820823593589956,-0.403554399265494,"chr19:46063237:A:T"
0.276855926967454,0.358730150306441,0.0970862511179798,-0.262765490255194,-2.66296707864628,"chr19:46063403:A:G"
0.363724856616237,0.355477754486127,0.0970862511179798,0.0264680841664969,-3.15041163353867,"chr19:46063550:C:T"
0.291661136639889,0.358175839320316,0.0970862511179797,-0.213470952715327,-2.76250914002662,"chr19:46063623:C:T"
1.05391976580243,1.03179968601346,0.101227269974596,0.0695245084434605,-7.05215161417233,"chr19:46063874:A:G"
-0.0146649711996327,0.297391832845479,0.0951385247253186,-1.01170861921494,0.137431896770356,"chr19:46063987:A:G"
0.0046910853740109,0.297069993279422,0.0951385247253186,-0.947911589717468,-0.0439277683725728,"chr19:46064730:A:G"
0.291144547041784,0.358195180572201,0.0970862511179798,-0.215190958436266,-2.75914500501575,"chr19:46065380:C:T"
0.32578072839482,0.284060535038429,0.0975075346744477,0.133606388405911,-2.54207510400191,"chr19:46066361:A:G"
0.329515753355594,0.283903880620266,0.0975075346744477,0.146069255541064,-2.56103630946048,"chr19:46066372:A:G"
-1.12062984960012,-1.14269197017201,0.102295218595745,0.0689794276231049,-7.53442627744218,"chr19:46066482:C:T"
1.56237260500397,1.1556958664422,0.0999948885512103,1.28605763377269,-7.59414425863067,"chr19:46066568:C:T"
0.34660233050663,0.283187235395614,0.0975075346744477,0.203082995225437,-2.64295153177193,"chr19:46066573:A:T"
-1.16573697670998,-0.862739437243124,0.11913982689921,-0.877830405325596,-5.80409512328403,"chr19:46067411:C:T"
0.136887724043564,0.36437934960021,0.103994828049597,-0.705439125994718,-1.37376978039277,"chr19:46068153:C:T"
2.01517256096083,1.55829836031175,0.122273863964184,1.30656137774111,-8.95810375196575,"chr19:46068189:C:T"
-0.0208596299268614,-0.457932111162115,0.104653923902205,1.35106332553945,-0.248710148293627,"chr19:46068410:A:C"
-0.940008704570313,-0.747883255448513,0.100944153590672,-0.604706045298802,-5.5583759648416,"chr19:46068707:C:G"
1.55843887640239,1.09053620542058,0.106429418282472,1.43424941074747,-6.91816812062533,"chr19:46069247:A:C"
-0.0373416323049895,1.04607989744645,0.147615747122033,-2.81988318062571,0.177375184416039,"chr19:46069283:C:T"
-0.343506493122403,-0.291436397232011,0.0951385247253185,-0.168814664935308,-2.72817447439593,"chr19:46069286:C:T"
0.955547834565796,0.746660871632036,0.100944153590672,0.657462141780462,-5.55117129752058,"chr19:46069445:A:T"
-0.907625170285316,-0.750430702328875,0.100944153590672,-0.494762383095466,-5.5602557874276,"chr19:46069504:C:T"
-0.920209240237457,-0.825743706514565,0.100475305064967,-0.298018837225923,-5.96547949221903,"chr19:46069901:C:T"
1.24510696514512,0.907429557378541,0.101841725563532,1.05813025092039,-6.3784951478761,"chr19:46070123:A:C"
-0.297959887499754,-0.335788175014571,0.0974700466836554,0.121166090186175,-2.68756556667749,"chr19:46070227:A:G"
-1.02796978749447,-0.817806616443709,0.100475305064967,-0.66302048372468,-6.0038690128536,"chr19:46070306:A:C"
-0.946836044520396,-0.823782512466534,0.100475305064967,-0.388207943087587,-5.99387303379409,"chr19:46070526:A:G"
0.233406737240156,0.338469804071165,0.0974700466836554,-0.33652279463869,-2.23136824180182,"chr19:46071585:A:C"
0.508976226268592,0.24457860114002,0.10326064251738,0.82279214777284,-2.67884812937186,"chr19:46071587:C:G"
-0.935905996227336,-0.824587563851196,0.100475305064967,-0.351186178398848,-5.98372905133157,"chr19:46072145:A:G"
-0.944730327952635,-0.823937608765574,0.100475305064967,-0.381075555271666,-5.99208226788861,"chr19:46072233:A:T"
-0.933155469273913,-1.21284889411808,0.143280436441538,0.738905346574535,-5.77072280723353,"chr19:46072239:C:G"
-0.899090225120312,-0.827299225017936,0.100475305064967,-0.226485465445601,-5.93406721999029,"chr19:46072545:G:T"
-0.958157856917108,-0.822948605744211,0.100475305064967,-0.426556673409974,-6.00216527845243,"chr19:46072866:A:G"
1.03067798193871,0.98156460094286,0.127201057486931,0.137706509863328,-6.1520837158658,"chr19:46073042:A:G"
-0.796096270016439,-0.879166866205406,0.101685495650491,0.260506055162117,-5.73211648101412,"chr19:46073975:C:T"
1.07773578754637,0.854780634366888,0.101685495650491,0.699178410863094,-6.19898961769013,"chr19:46074061:A:G"
-0.558010946252336,-0.506062901645521,0.0941655385928795,-0.169286843553124,-4.18249071573132,"chr19:46076545:C:T"
0.52945499881513,0.506240811942281,0.0941655385928795,0.0756497468018534,-4.13010407209511,"chr19:46077190:C:T"
0.486526033532792,0.19169568669897,0.0982467966133409,0.940617347197854,-2.2501198956424,"chr19:46077267:A:C"
-0.498743771696694,-0.506432150140489,0.0941655385928795,0.0250546739274401,-4.0591766427532,"chr19:46077354:C:G"
-0.488971306230393,-0.50649303490836,0.0941655385928795,0.0570993222928354,-4.03336146628124,"chr19:46077495:C:T"
-0.489095038149638,-0.289015648254673,0.0951385247253186,-0.648670500562901,-3.09370617804791,"chr19:46077581:A:G"
0.124472303648738,0.180173313448348,0.0952815874591743,-0.180450702218701,-0.721797690733286,"chr19:46077896:C:T"
-0.49379108701879,-0.506463006535742,0.0941655385928795,0.0412948990288401,-4.04629209173697,"chr19:46078305:C:G"
-1.06970082823007,-0.962376154748011,0.0993824636488328,-0.340443225559102,-6.8610266741407,"chr19:46078418:A:G"
-0.494499484218421,-0.50645859305388,0.0941655385928795,0.0389720113968904,-4.04815996079381,"chr19:46078596:G:T"
0.494499484218421,0.506458593053881,0.0941655385928795,-0.0389720113968951,-4.04815996079382,"chr19:46078667:A:G"
-0.57255908922409,-0.187407663689649,0.0982467966133408,-1.22877483965337,-2.16529530291423,"chr19:46078840:A:C"
-0.0564969758939112,0.142789872604039,0.176398112178568,-0.47449503543813,0.142618768694244,"chr19:46079132:A:G"
-0.668686457768324,0.513705516188933,0.0941655385928795,-3.85314609296205,4.31102991154,"chr19:46079137:A:G"
0.550931350396269,0.506107009199747,0.0941655385928795,0.146072316926282,-4.17070280062526,"chr19:46079171:C:T"
-0.532807694134413,-0.506219923858632,0.0941655385928795,-0.0866434866060791,-4.13692477739638,"chr19:46079194:C:T"
-0.57395650310734,-0.505963557060373,0.0941655385928795,-0.221573522300755,-4.2061759265374,"chr19:46079279:C:G"
0.343381263398324,0.507400095260074,0.0941655385928795,-0.534500009370959,-3.44282909837722,"chr19:46079414:C:T"
-0.343381263398324,-0.507400095260074,0.0941655385928795,0.534500009370959,-3.44282909837722,"chr19:46079416:C:T"
0.12435170314186,0.180175503079028,0.0952815874591743,-0.180848496919866,-0.721119296744694,"chr19:46079529:A:T"
0.496696140686614,0.506444907365294,0.0941655385928795,-0.0317690098262713,-4.05389899612433,"chr19:46079664:C:T"
1.28252253634588,1.22318229416299,0.10062448221455,0.187067130788063,-8.22739012303905,"chr19:46079952:C:G"
0.496714262707228,0.506444794460843,0.0941655385928795,-0.0317095863594216,-4.05394600914757,"chr19:46080100:A:C"
0.496960857813873,0.506443258115093,0.0941655385928795,-0.0309009824806797,-4.05458519709237,"chr19:46080300:A:G"
-0.437263247951177,-0.289877472604195,0.0951385247253186,-0.477834347257693,-3.04068244564402,"chr19:46080343:C:T"
-0.493751589276323,-0.506463252616026,0.0941655385928795,0.0414244150934969,-4.04618770023324,"chr19:46080557:A:T"
-1.14973365920371,-0.980197777659269,0.100289258888737,-0.535345822218014,-6.99267803324883,"chr19:46080581:A:G"
0.390063875860215,0.507109251559157,0.0941655385928795,-0.381424216340255,-3.67750510910879,"chr19:46080720:C:T"
0.390040797449603,0.507109395343108,0.0941655385928795,-0.381499892182295,-3.6774005220246,"chr19:46080726:A:C"
0.390126693504484,0.507108860190404,0.0941655385928795,-0.381218232565895,-3.67778973216644,"chr19:46080728:A:G"
0.497167098480819,0.506441973187041,0.0941655385928795,-0.0302247038411337,-4.05511901024609,"chr19:46080951:C:T"
-0.409827885727069,-0.50698611710991,0.0941655385928795,0.316616543326968,-3.76316039242427,"chr19:46081043:A:G"
0.497205319056816,0.506441735063826,0.0941655385928795,-0.0300993757013365,-4.05521785923641,"chr19:46081120:C:T"
-0.491078654395642,-0.50647990563163,0.0941655385928795,0.0501891693564733,-4.03906281746655,"chr19:46082203:C:T"
-0.397230334697237,-0.507064602828064,0.0941655385928795,0.357924859473834,-3.70946136070881,"chr19:46082492:A:G"
0.389820201497309,0.507110769708003,0.0941655385928795,-0.382223242880939,-3.6764002751798,"chr19:46082511:C:T"
0.389888189138023,0.507110346128945,0.0941655385928795,-0.382000306299851,-3.67670865667808,"chr19:46082521:A:G"
0.149673818471362,0.0757929583056063,0.146881136067464,0.192774209821484,-0.240305111227229,"chr19:46082677:A:G"
-0.498247206419855,-0.506435243859485,0.0941655385928795,0.0266829487720087,-4.05790315015892,"chr19:46082990:A:G"
-0.498300397676662,-0.506434912465391,0.0941655385928795,0.0265085306452418,-4.0580397596605,"chr19:46083030:A:G"
0.498416796462388,0.506434187273473,0.0941655385928795,-0.0261268502830674,-4.05833853985612,"chr19:46083061:C:T"
0.498621431845185,0.506432912346708,0.0941655385928795,-0.0254558354907926,-4.05886326828543,"chr19:46083189:C:G"
-1.07555250810319,-0.962013484955154,0.0993824636488328,-0.360155684739228,-6.86688494404827,"chr19:46083224:A:G"
-0.473346208990101,-0.506590382954483,0.0941655385928795,0.1083351898913,-3.98875450422255,"chr19:46083235:C:T"
0.491524474973242,0.506477128064149,0.0941655385928795,-0.0487272901927917,-4.04025945907135,"chr19:46083286:C:T"
-0.498496052486907,-0.506433693489713,0.0941655385928795,0.0258669638249774,-4.0585418512604,"chr19:46083362:C:T"
-0.498674583173818,-0.506432581201368,0.0941655385928795,0.0252815482914822,-4.0589994462294,"chr19:46083431:A:G"
-0.498787886901401,-0.506431875292387,0.0941655385928795,0.0249100168574372,-4.05928958347205,"chr19:46083527:A:G"
-0.524267967338484,-0.506273128373482,0.0941655385928795,-0.058641080943251,-4.11919688371728,"chr19:46083666:A:G"
1.03457744884453,1.05661856099553,0.0980229613192546,-0.0703995033092683,-7.16871934420172,"chr19:46083884:A:G"
-0.498945266174186,-0.50643089478235,0.0941655385928795,0.0243939583997486,-4.05969223291778,"chr19:46083907:C:T"
0.448008704751838,0.506748241590006,0.0941655385928795,-0.191418769625858,-3.90748798733371,"chr19:46083929:C:G"
-0.482675891560732,-0.506532256828622,0.0941655385928795,0.0777424599023628,-4.01588579457931,"chr19:46083955:C:G"
0.542399558795986,0.506160164276466,0.0941655385928795,0.118095931366028,-4.1554495034557,"chr19:46084021:A:T"
-0.187695771932185,-0.508370052641105,0.0941655385928795,1.04500443088398,-2.25813628191785,"chr19:46084120:A:G"
0.187711758805348,0.508369953039118,0.0941655385928795,-1.04495200872599,-2.25829401701064,"chr19:46084128:A:G"
-0.499260877472619,-0.50642892844942,0.0941655385928795,0.0233590452436664,-4.06049847965268,"chr19:46084172:A:G"
-0.413499052451635,-0.290272607756769,0.0951385247253187,-0.399508213238592,-2.98818898211054,"chr19:46084460:A:G"
-0.436173107671051,-0.289895598727837,0.0951385247253186,-0.47424127491143,-3.03867161228581,"chr19:46084494:A:G"
-0.499604316293969,-0.506426788744448,0.0941655385928795,0.0222328835495408,-4.06137394310946,"chr19:46084505:C:G"
-0.499571284342923,-0.506426994541307,0.0941655385928795,0.0223411977983682,-4.06128982572151,"chr19:46084652:G:T"
-0.499737422927661,-0.506425959458687,0.0941655385928795,0.0217964168987929,-4.0617127226507,"chr19:46084878:A:G"
-0.499757435895532,-0.506425834773167,0.0941655385928795,0.0217307928737688,-4.06176363382847,"chr19:46084891:A:G"
-0.703737430466006,-0.505154991231844,0.0941655385928795,-0.647134932170681,-4.25576542707954,"chr19:46084966:A:T"
-0.519650146886239,-0.506301898485518,0.0941655385928795,-0.0434989007925943,-4.10912253956361,"chr19:46085110:A:G"
-0.500133530599678,-0.506423491614337,0.0941655385928796,0.0204975500868843,-4.0627191546418,"chr19:46085440:A:G"
-0.345441747799052,-0.291404219111274,0.0951385247253186,-0.175193211062292,-2.73741936041217,"chr19:46085585:C:T"
0.500177523194055,0.506423217530089,0.0941655385928795,-0.0203532950652389,-4.06283077137048,"chr19:46085725:C:T"
0.500287487750595,0.506422532424935,0.0941655385928795,-0.0199927130238915,-4.06310963050692,"chr19:46085853:A:C"
1.07366368842837,0.962130548406174,0.0993824636488328,0.353792848503178,-6.86506204926999,"chr19:46085867:C:T"
0.465877144897496,0.506636916987802,0.0941655385928795,-0.132826812122342,-3.96596103261064,"chr19:46086072:C:T"
-0.377594888630119,-0.507186936294481,0.0941655385928795,0.422310962130178,-3.61940215633785,"chr19:46086236:A:G"
-0.377594888630119,-0.507186936294481,0.0941655385928795,0.42231096213018,-3.61940215633785,"chr19:46086252:C:T"
-0.501158352763063,-0.50641710673022,0.0941655385928795,0.0171370812291487,-4.06531101010943,"chr19:46086546:A:G"
0.518102367773329,0.506311541514949,0.0941655385928796,0.0384236168131457,-4.10566884793167,"chr19:46086621:A:G"
-0.500935787140012,-0.506418493366618,0.0941655385928794,0.0178668906261284,-4.06474959699561,"chr19:46086717:A:G"
-0.525239023978342,-0.506267078461276,0.0941655385928795,-0.0618252486105029,-4.12127166401438,"chr19:46086911:G:T"
0.501655026136811,0.506414012337808,0.0941655385928795,-0.0155084519268698,-4.06656090461966,"chr19:46087724:A:G"
-0.50176566342106,-0.506413323041387,0.0941655385928795,0.0151456639607811,-4.06683877320648,"chr19:46087932:G:T"
-0.52045882201457,-0.506296860248472,0.0941655385928795,-0.0461506072855753,-4.11091160592368,"chr19:46088100:C:T"
0.502241822919458,0.506410356455261,0.0941655385928795,-0.0135843011967558,-4.06803235939037,"chr19:46088570:C:T"
0.53731706452962,0.506191829416102,0.0941655385928795,0.101430050872889,-4.14581582862718,"chr19:46088872:A:G"
-0.502640930868211,-0.506407869918476,0.0941655385928795,0.0122755962520422,-4.06902992460027,"chr19:46089183:C:T"
-0.502881635729845,-0.506406370270338,0.0941655385928795,0.0114863069291449,-4.0696302958068,"chr19:46089381:C:T"
-0.416890864922557,0.219729749104151,0.112731473858808,-1.89608631895498,2.17819625081638,"chr19:46089487:C:T"
0.487926004513496,0.289035086164285,0.0951385247253186,0.64481739788754,-3.09339829689881,"chr19:46090192:A:G"
-0.503459056383577,-0.506402772803289,0.0941655385928795,0.00959290123007257,-4.07106662456881,"chr19:46090273:A:G"
-0.50361001067236,-0.506401832322418,0.0941655385928795,0.00909791077756136,-4.07144121786436,"chr19:46090365:G:T"
0.433453065372808,0.289940825772386,0.0951385247253186,0.465276090392816,-3.03348874589103,"chr19:46090696:A:G"
-0.503801617699,-0.506400638565386,0.0941655385928795,0.00846961694380255,-4.07191615142996,"chr19:46090700:A:G"
0.503748014787968,0.50640097252419,0.0941655385928795,-0.00864538491571965,-4.07178334747228,"chr19:46090733:C:T"
-0.0297027209844788,-0.181893956171285,0.0952815874591743,0.493043400106957,-0.17523412766714,"chr19:46090763:C:T"
-0.503830402093136,-0.506400459231818,0.0941655385928795,0.0083752307531803,-4.07198744675036,"chr19:46090809:A:C"
-0.442956007300226,-0.506779721088442,0.0941655385928796,0.20798694412508,-3.88992688009054,"chr19:46090837:C:G"
0.50396239221401,0.506399636902196,0.0941655385928795,-0.00794242523183337,-4.07231419527025,"chr19:46090980:A:G"
0.171930768507867,0.48290187105717,0.131080648688044,-0.858916098020916,-1.70452431346174,"chr19:46091060:C:T"
-0.520786357350409,-0.749379220984943,0.134695457860006,0.622853906601979,-3.89807466425191,"chr19:46091466:C:T"
-0.520956287149728,-0.506293760923196,0.0941655385928795,-0.0477818328330092,-4.11200692340038,"chr19:46091490:A:G"
0.50404970501791,0.506399092922811,0.0941655385928794,-0.00765611998897796,-4.07253018538706,"chr19:46091591:A:G"
-0.614805761803149,-0.505709056531125,0.0941655385928795,-0.355521310134612,-4.24899524174367,"chr19:46091838:A:G"
-0.433083713397799,-0.289946967110054,0.0951385247253186,-0.464058716453298,-3.0327667123571,"chr19:46092233:C:T"
0.678655975430464,0.662224539726648,0.0987766601922217,0.0522815365342857,-4.85925790042818,"chr19:46092329:A:T"
-0.466941831845352,-0.506630283736658,0.0941655385928795,0.129335623641695,-3.96926893551499,"chr19:46092568:A:G"
-0.451514491050446,-0.506726399713376,0.0941655385928795,0.179923033000253,-3.91940442241664,"chr19:46092598:A:C"
-0.761804132371025,-1.50249503383383,0.1523479832417,1.89766110008154,-3.87417342702649,"chr19:46092993:A:G"
-1.14343089544173,-0.980649476786336,0.100289258888737,-0.514017160367576,-6.99276794894137,"chr19:46093121:A:G"
-0.548867102904535,-0.506119869949185,0.0941655385928795,-0.139303494335795,-4.16711753237604,"chr19:46093198:C:T"
-0.558121160129291,-0.506062214987089,0.0941655385928795,-0.169648243134685,-4.18266802114232,"chr19:46093199:A:G"
-0.505224970989091,-0.506391770738238,0.0941655385928795,0.00380233458423072,-4.07542531373251,"chr19:46093366:C:T"
-0.497205319056816,-0.506441735063823,0.0941655385928795,0.0300993757013282,-4.05521785923641,"chr19:46093535:A:C"
0.338920382074681,0.499247847092287,0.0988470540974679,-0.509948196884753,-3.3654523600553,"chr19:46093754:A:G"
-0.505578204807575,-0.506389570008121,0.0941655385928795,0.00264405435871512,-4.07629103183687,"chr19:46093769:C:T"
0.505888688325399,0.506387635622484,0.0941655385928794,-0.00162595558047,-4.07705028575845,"chr19:46093964:A:G"
-0.64462573586738,-0.505523271049945,0.0941655385928795,-0.453303245148773,-4.26429897847982,"chr19:46094000:A:T"
-0.506275043268549,-0.50638522853992,0.0941655385928795,0.000359068699075619,-4.07799286773963,"chr19:46094241:C:T"
0.506339242486422,0.506384828563636,0.0941655385928795,-0.000148554641083137,-4.07814925613157,"chr19:46094301:A:C"
-0.506387633437844,-0.50638452707658,0.0941655385928795,-1.01229237247443e-05,-4.07826709116052,"chr19:46094466:A:T"
-0.506387633437844,-0.506384527076583,0.0941655385928795,-1.01229237156994e-05,-4.07826709116053,"chr19:46094493:C:T"
-0.506370845264451,-0.506384631670855,0.0941655385928795,4.49267579132592e-05,-4.07822621524354,"chr19:46094556:C:T"
-0.506390595998886,-0.506384508619118,0.0941655385928795,-1.98373839534573e-05,-4.07827430393742,"chr19:46094559:G:T"
-0.50651007151288,-0.506383764258449,0.0941655385928795,-0.000411606569260897,-4.07856506423379,"chr19:46094754:C:T"
0.50651007151288,0.506383764258455,0.0941655385928795,0.000411606569243531,-4.0785650642338,"chr19:46094762:A:G"
-0.506355044122058,-0.506384730115703,0.0941655385928795,9.67398907886505e-05,-4.07818773833418,"chr19:46094906:C:T"
-0.506452805776384,-0.506384121037508,0.0941655385928795,-0.000223827917538341,-4.07842572928171,"chr19:46094979:A:G"
-0.506785448995509,-0.506382048591691,0.0941655385928795,-0.00131459002099523,-4.07923434285266,"chr19:46095283:C:T"
-0.506755845695872,-0.506382233027241,0.0941655385928795,-0.00121751857770066,-4.0791624544655,"chr19:46096084:C:T"
-0.507171120601112,-0.506379645766502,0.0941655385928795,-0.00257923618717259,-4.08016959268404,"chr19:46096399:A:G"
0.512560531902815,0.506346068461248,0.0941655385928795,0.0202515206946049,-4.09298451642264,"chr19:46096445:A:T"
-0.507267739125352,-0.506379043810278,0.0941655385928795,-0.00289605558607793,-4.08040351010618,"chr19:46096446:C:T"
1.29785543568222,1.24463224537978,0.100974692528912,0.167492218017275,-8.31887008090448,"chr19:46096553:C:G"
-0.507254923441355,-0.506379123655013,0.0941655385928795,-0.00285403199555472,-4.08037249160022,"chr19:46096689:C:T"
-0.507492453878222,-0.506377643784293,0.0941655385928795,-0.00363291214117354,-4.08094696268528,"chr19:46096878:C:T"
0.508300800938461,0.506372607591202,0.0941655385928795,0.00628354287419528,-4.08289504507692,"chr19:46097741:C:T"
0.508394253844595,0.506372025357526,0.0941655385928795,0.00658998197353284,-4.0831195733632,"chr19:46097971:C:T"
-0.508544726097298,-0.627566721999313,0.0996941547936486,0.376957493360254,-4.19489641456984,"chr19:46098115:A:G"
-0.0167654471252366,-0.313460968269539,0.131443379384805,0.818354796539437,-0.121173801426241,"chr19:46098146:A:G"
0.508529975884825,0.506371179777162,0.0941655385928795,0.00703502473879514,-4.08344540241816,"chr19:46098396:A:T"
0.548740449454261,0.506120659030079,0.0941655385928795,0.138888188158267,-4.16689537199098,"chr19:46098440:A:G"
-0.508605689102628,-0.506370708065927,0.0941655385928795,-0.0072832940675231,-4.08362703691702,"chr19:46098540:C:T"
-0.508594873618936,-0.506370775448947,0.0941655385928795,-0.00724782928403591,-4.08360109652493,"chr19:46098694:A:G"
-0.508783619945008,-0.506369599514754,0.0941655385928795,-0.00786674266574468,-4.08405352057196,"chr19:46098773:C:T"
0.508790499998159,0.506369556650404,0.0941655385928795,0.00788930287683396,-4.08407000102663,"chr19:46098805:A:G"
-0.568822895235573,-0.505995540649864,0.0941655385928795,-0.204740036455809,-4.198981897223,"chr19:46098959:C:G"
0.503153036422934,0.506404679379904,0.0941655385928794,-0.0105963636689992,-4.07030608572507,"chr19:46099137:A:T"
1.32568842411634,1.24243368386135,0.100974692528912,0.262000850127933,-8.35487409743247,"chr19:46099449:C:G"
-0.509235540016014,-0.506366783945976,0.0941655385928795,-0.00934862252653437,-4.08513440492585,"chr19:46099456:C:T"
0.53022702515936,0.541218760326423,0.0984388205760641,-0.0350334619083278,-4.1638560981042,"chr19:46099714:A:G"
-0.513409599329618,-0.506340778570639,0.0941655385928795,-0.0230356765685328,-4.09496024495979,"chr19:46099871:A:C"
-0.381559315899309,0.21250016009224,0.112731473858808,-1.76932386456761,1.99712513815444,"chr19:46100217:A:T"
0.517224267639953,0.506317012286137,0.0941655385928795,0.0355442605135745,-4.10369223520904,"chr19:46100309:A:C"
-0.359115675859228,-0.808090492265093,0.104384127048187,1.38964781763961,-2.8809638160778,"chr19:46100827:G:T"
-0.524256521212807,-0.506273199685526,0.0941655385928795,-0.058603548237402,-4.11917233726428,"chr19:46101137:A:G"
-0.52485519972443,-0.506269469777005,0.0941655385928795,-0.0605666600493661,-4.12045338876847,"chr19:46101181:G:T"
0.520532799626689,0.506296399350466,0.0941655385928795,0.0463931854329025,-4.111074742498,"chr19:46101280:A:C"
0.525657767540967,0.506264469589961,0.0941655385928795,0.0631983402081761,-4.12216168346233,"chr19:46101282:C:G"
0.527852614290894,0.506250795176341,0.0941655385928795,0.070395407576677,-4.12678067728375,"chr19:46101523:C:G"
-0.459893042198161,0.484773452805564,0.109041763373872,-2.86076431129616,3.73578629005879,"chr19:46101677:A:G"
0.522256287313608,0.506285661615126,0.0941655385928795,0.0520446310256266,-4.11485041152274,"chr19:46101763:C:T"
0.52980717485602,0.506238617802402,0.0941655385928795,0.0768045584950698,-4.13082898482767,"chr19:46101779:C:T"
-0.4942496371637,-0.288929941028941,0.0951385247253186,-0.665659916981326,-3.0945975730501,"chr19:46101857:A:G"
-0.532126816925577,-0.50622416588446,0.0941655385928795,-0.0844108390912078,-4.13555413739598,"chr19:46102087:A:G"
0.532195413669176,0.506223738510548,0.0941655385928795,0.0846357729664071,-4.13569256133791,"chr19:46102098:C:T"
0.14754009249332,-1.12546781568074,0.168528664391303,3.10094606155004,0.676821043458077,"chr19:46102205:A:G"
0.535727002429159,0.506201735878509,0.0941655385928796,0.0962161178010616,-4.14271768655562,"chr19:46102547:C:G"
-0.605201841550603,-0.505768891222492,0.0941655385928795,-0.324029334186178,-4.24121631707494,"chr19:46103156:C:T"
0.545787239462466,0.506139058225805,0.0941655385928795,0.129204390751907,-4.16164353383537,"chr19:46103705:A:G"
0.548166953861594,0.506124232043068,0.0941655385928795,0.137007653029281,-4.16588625241613,"chr19:46103906:A:G"
-0.595104445765863,-0.50583180038299,0.0941655385928795,-0.290919214898053,-4.23152684958523,"chr19:46104147:A:G"
0.551989568212134,0.506100416252852,0.0941655385928795,0.149542292637076,-4.17251477605693,"chr19:46104400:C:G"
-0.566643834415642,-0.506009116713413,0.0941655385928795,-0.197594732337593,-4.19580466023435,"chr19:46104453:C:T"
-0.56675589812053,-0.506008418530065,0.0941655385928795,-0.197962197644074,-4.19596985709774,"chr19:46104455:A:G"
-0.559045025186896,-0.506056459089568,0.0941655385928795,-0.172677666058788,-4.1841468111354,"chr19:46105157:C:T"
-0.561571581383604,-0.506040718047747,0.0941655385928794,-0.180962433621105,-4.18812286791619,"chr19:46105486:A:G"
0.562044212614743,0.506037773443562,0.0941655385928795,0.182512226931737,-4.1888555892447,"chr19:46105535:A:G"
-0.899961641489777,-1.00233925373589,0.0993353169041731,0.32482777362092,-6.47180673598424,"chr19:46105838:C:T"
-0.567438390417812,-0.506004166441865,0.0941655385928795,-0.200200141155251,-4.19697172794362,"chr19:46106184:A:G"
0.840904948807559,0.781452257251381,0.0982526698508709,0.189670304168954,-5.68126335994894,"chr19:46106315:G:T"
-0.829061131803363,-1.00669773781601,0.0993353169041731,0.563612512332803,-6.09950025057024,"chr19:46106423:C:T"
0.575335746463641,0.505954964048544,0.0941655385928795,0.226096164873872,-4.20803920356183,"chr19:46107134:G:T"
0.990243120292326,0.967300708227234,0.0993824636488328,0.0727753321965759,-6.71965811885403,"chr19:46107350:G:T"
1.03567502432704,0.96448497333016,0.0993824636488328,0.225821051234277,-6.81460288301243,"chr19:46108431:C:G"
0.161561929167992,-0.0257896828363421,0.117010240332921,0.547703477661518,0.11063935217563,"chr19:46109519:C:T"
0.539755447178252,0.506176637716301,0.0941655385928795,0.109425690747553,-4.15048882298853,"chr19:46109650:C:T"
-0.549670989464091,-0.506114861546039,0.0941655385928795,-0.141939498752097,-4.16852172594928,"chr19:46110034:C:T"
-0.203659886927157,-0.216098914565379,0.0945026908086665,0.0404635838525345,-1.38902825956562,"chr19:46110324:C:G"
0.836579330375178,0.844493644924685,0.0972225284962345,-0.0253822344445197,-5.91969752887409,"chr19:46110819:A:T"
1.07541494720019,0.926619166858349,0.0998473747881743,0.470893060087231,-6.67296816615505,"chr19:46111053:C:T"
0.345210032198846,0.291408071923331,0.0951385247253186,0.174429482824318,-2.73631833311297,"chr19:46111127:A:G"
0.347973248662078,0.291362127007637,0.0951385247253186,0.183536968201928,-2.74934318566789,"chr19:46111697:C:T"
-0.317032820632457,-0.291876583756256,0.0951385247253186,-0.0815581693613248,-2.59076487844447,"chr19:46112398:A:G"
-0.908322748290496,-0.716413149780648,0.133240512796856,-0.525749113568761,-4.81082711838625,"chr19:46112927:C:T"
-0.635564112615073,-0.505579727102921,0.0941655385928795,-0.423589501801139,-4.26105690517475,"chr19:46113258:C:T"
0.627576416520489,0.505629492336099,0.0941655385928795,0.397397246276307,-4.25718170948753,"chr19:46113544:A:G"
-0.653284658853715,-0.505469323914688,0.0941655385928795,-0.48169650407385,-4.26625595042626,"chr19:46114721:C:G"
0.542144121798982,0.288133583563592,0.0951385247253186,0.823518819564078,-3.06854769309016,"chr19:46115407:A:G"
1.08945750051711,1.04244306788413,0.215183325681326,0.101350732486032,-5.1504820974897,"chr19:46115702:A:G"
-0.672392535549928,-0.505350277330052,0.0941655385928795,-0.544352667132313,-4.26665556597682,"chr19:46116335:C:T"
-0.464273919743832,-0.289428357214604,0.0951385247253186,-0.566860777747156,-3.07854523041278,"chr19:46117700:C:T"
-0.331751354902798,-0.291631853810116,0.0951385247253186,-0.130070053041375,-2.66964326857682,"chr19:46118106:A:G"
0.88450925326982,1.0437987201044,0.0977702123577034,-0.509429135123506,-6.48013387980917,"chr19:46118206:A:C"
0.158823862759705,0.286349335992676,0.100982554231574,-0.401304258278383,-1.33204393288353,"chr19:46118955:A:G"
-1.01272478948926,-1.62286855848806,0.10031101216455,1.92645058802932,-6.10352439919971,"chr19:46119519:C:T"
0.687872932673779,0.643253474577234,0.0979398828295842,0.142575368066578,-4.834061364459,"chr19:46120283:C:G"
1.07094905418682,1.29094616168047,0.100578876924592,-0.69368703852009,-7.49379683212111,"chr19:46120948:A:G"
0.59648926063057,0.57953888486013,0.0989113967763416,0.053895953923788,-4.41539485446608,"chr19:46121503:C:T"
0.708522671818792,0.6422919820745,0.0979398828295842,0.211631099310167,-4.87047390133773,"chr19:46121625:C:G"
0.707688757442603,0.64233081076938,0.0979398828295842,0.208842368341806,-4.86913719808608,"chr19:46121926:A:G"
0.706136231206372,0.64240309944702,0.0979398828295842,0.203650494790049,-4.86661862601872,"chr19:46122173:A:G"
0.704188449678331,0.642493791989088,0.0979398828295842,0.197136830051874,-4.86340367001687,"chr19:46122745:C:T"
-0.703650744830844,-0.642518828585239,0.0979398828295842,-0.195338666831705,-4.86250533073416,"chr19:46122932:C:G"
0.768147163085079,0.938377956748582,0.1015314272502,-0.534241816469032,-5.66268094859179,"chr19:46124335:A:G"
0.5389414048878,-0.285789820621454,0.135617356524946,2.23951925349709,2.68322573964078,"chr19:46128670:C:T"
-0.303151487722336,-0.12928835617922,0.101598717180833,-0.545460599481928,-1.14195067101465,"chr19:46129268:A:T"
0.364429525387807,0.291088503041913,0.0951385247253186,0.237776403166168,-2.82209636456594,"chr19:46130365:A:G"
0.134543948484838,0.288906353110389,0.0964053155941636,-0.497154122430242,-1.19442427693116,"chr19:46130510:A:T"
0.147289031093768,0.288521911036816,0.0964053155941636,-0.454867936637203,-1.30157763141927,"chr19:46131687:C:G"
0.292354775148541,0.292286913795314,0.0951385247253186,0.00022001095659843,-2.44536532033249,"chr19:46132600:C:T"
-1.91010539279435,-1.78819020835995,0.100146988297656,-0.385246634404351,-11.5457431714165,"chr19:46132658:A:G"
1.10316662114301,-0.27777043530865,0.117439711103744,4.02964137104068,1.37153499873158,"chr19:46132959:C:T"
-1.16040671244938,-1.12937450720509,0.0963078263181882,-0.0999958205608307,-7.79907161266159,"chr19:46133618:C:T"
1.06426222989285,1.0036355542752,0.0965930129931172,0.195070186144577,-7.11868532226293,"chr19:46133843:C:T"
-1.04339227294383,-1.00430693332298,0.0965930129931172,-0.125759567017121,-7.07485349639899,"chr19:46133900:A:G"
-1.03395498770604,-1.00461052741242,0.0965930129931172,-0.094417668022696,-7.05245515783367,"chr19:46133924:A:C"
-1.03517056437453,-1.07286334648669,0.0979655614581614,0.120426337396741,-7.21337772890035,"chr19:46133943:A:G"
0.262162682317129,0.292788927726647,0.0951385247253186,-0.0992922956761489,-2.24715360055555,"chr19:46134278:C:T"
0.232104611532187,0.406945626329018,0.0968347034967091,-0.561859599089968,-2.4958565838065,"chr19:46134925:A:G"
-0.245285837831456,-0.293069544611863,0.0951385247253186,0.154917910396815,-2.12769729824675,"chr19:46135467:C:T"
0.171391771815658,0.287794877097046,0.0964053155941636,-0.37489882199428,-1.49983064435969,"chr19:46137294:A:C"
-0.254804496015627,-0.292911274728329,0.0951385247253186,0.123544675118134,-2.19578416348382,"chr19:46137646:A:T"
-0.169212705958575,-0.287860606337279,0.0964053155941636,0.382128620852033,-1.48216354851706,"chr19:46138514:G:T"
-1.1339316805566,-1.07262043083155,0.0962905427707139,-0.197582443114159,-7.53856586563901,"chr19:46139026:G:T"
-0.276819796006992,-0.292545219040849,0.0951385247253186,0.050982852538138,-2.34599866023143,"chr19:46139384:A:G"
-0.150380549764533,-0.288428658612746,0.0964053155941636,0.444610762407286,-1.32733975385698,"chr19:46140338:A:G"
-0.192928043951639,-0.150187715327443,0.0964307841666145,-0.13763535515561,-0.915413113445302,"chr19:46141252:A:G"
0.27250252214472,0.292617003783837,0.0951385247253186,-0.0652124683119976,-2.31738044737931,"chr19:46142052:C:T"
1.8497220259151,1.79242589414281,0.100146988297656,0.181053262824211,-11.4543353125174,"chr19:46142837:A:G"
-0.151708335395979,-0.288388607349283,0.0964053155941636,0.44020537786585,-1.33837570706172,"chr19:46143584:A:G"
-1.03577492165411,-1.07546084384329,0.0962905427707138,0.127892376986942,-7.27575308054281,"chr19:46143639:C:T"
0.673586494151047,0.410187199628351,0.0999063746503209,0.833331901078469,-3.6388490541004,"chr19:46143679:C:T"
-0.876152343825662,-0.788866901182896,0.122512089185748,-0.249374674234914,-5.25988016170102,"chr19:46145410:A:G"
0.191073393806703,0.293970952881364,0.0951385247253186,-0.333600633162171,-1.70936932643626,"chr19:46145903:A:G"
-0.334010921633352,-0.471680456301019,0.0981207897465501,0.439498428925915,-3.32334834370497,"chr19:46146773:C:T"
1.23642716944173,1.24647919773663,0.0978183273708532,-0.032139830807595,-8.28742820815106,"chr19:46147067:A:G"
1.21758601607543,1.2473320059192,0.0978183273708532,-0.0951082759355639,-8.23255650034078,"chr19:46147313:A:G"
-0.282874557644046,-0.292444544512931,0.0951385247253185,0.0310265249003364,-2.38541034127781,"chr19:46148879:A:G"
-0.499426118054868,0.97593984325879,0.193194749863625,-3.35661939310432,3.22389177361663,"chr19:46149262:C:T"
-1.15215184114925,-1.25029375665239,0.0978183273708532,0.313793840095484,-7.99259665984763,"chr19:46149801:C:T"
0.298746053765299,0.292180643888075,0.0951385247253187,0.0212854892935012,-2.48453523160719,"chr19:46150648:A:C"
0.340045869349698,0.291493938170115,0.0951385247253186,0.1574085442688,-2.71136497482962,"chr19:46151657:A:C"
-1.21573855078665,-1.12776312200137,0.0963078263181882,-0.28348533793594,-7.8948736509422,"chr19:46152143:C:T"
0.354971039850747,0.2912457724149,0.0951385247253186,0.20660149527553,-2.78129567981274,"chr19:46153535:G:T"
-1.74280289258555,-1.79992590410194,0.100146988297656,0.180506210410333,-11.1393677436316,"chr19:46154699:C:T"
0.366095798613553,0.29106079736488,0.0951385247253186,0.243268393837396,-2.8289962344651,"chr19:46154729:A:G"
-0.0581202292555902,0.597838775849132,0.134821081168784,-1.78647850751407,0.637406296304337,"chr19:46154996:A:G"
-0.140294362671483,0.634050086330264,0.134821081168784,-2.10889659992334,1.48725502411933,"chr19:46154998:C:T"
0.336658118323503,0.291550267428919,0.0951385247253186,0.146242610168228,-2.69456704966866,"chr19:46155314:A:G"
0.286035741988621,0.292391982453405,0.0951385247253186,-0.020607348343846,-2.40564373222263,"chr19:46155855:A:G"
1.27762874332117,1.3283667209502,0.0978162147519022,-0.162228714294039,-8.59729865013498,"chr19:46156185:A:G"
0.242565060153601,-0.135196599275921,0.115388802635335,1.11208003528161,0.863766645248946,"chr19:46157115:A:G"
-0.370257709558841,-0.469922664835656,0.0981207897465501,0.318172000572754,-3.50449168967898,"chr19:46157177:C:T"
-0.826218407726712,-0.540548321207889,0.115357771102893,-0.841087809015513,-4.10589955558884,"chr19:46157320:A:T"
-1.11133842266026,-1.04851062363869,0.0962128570890149,-0.202551419028368,-7.40313899771657,"chr19:46158499:A:G"
-0.381596013103825,-0.290803070162726,0.0951385247253187,-0.294356673998753,-2.88898623683121,"chr19:46158703:A:G"
-1.06227661869097,-0.941833509696756,0.0961689852558286,-0.388386781589604,-6.84966413629838,"chr19:46158749:A:G"
1.27859282410418,1.65321279255162,0.113379447040665,-1.11256080442925,-7.98722523044321,"chr19:46159192:A:C"
-0.384028505555933,-0.290762624304743,0.0951385247253186,-0.302374102142201,-2.89770665204107,"chr19:46160633:A:G"
-0.163473009748789,-0.195705128840312,0.0963756542232994,0.103825776883258,-1.00792733520974,"chr19:46161143:A:G"
-0.349599237434764,-0.291335091153556,0.0951385247253186,-0.188896182425095,-2.7569001040411,"chr19:46161304:A:G"
0.811468551165707,0.916887611479873,0.118946311377427,-0.305663548989812,-5.47740023793461,"chr19:46161934:A:G"
-1.07030387580819,-1.06846210537022,0.096169828980296,-0.00593903761659617,-7.37439564755969,"chr19:46161984:G:T"
-1.06880146358789,-1.06850364346217,0.096169828980296,-0.000960361233506497,-7.37009369928566,"chr19:46162012:C:G"
-1.09973027493962,-1.06764853606067,0.096169828980296,-0.103451901539839,-7.4504323735037,"chr19:46162927:A:G"
-1.3683049923692,-0.96319417721404,0.102374309279766,-1.26613013444732,-6.51942446340835,"chr19:46163750:A:G"
1.09852071121351,1.06768197759462,0.096169828980296,0.0994436631378553,-7.44761512315604,"chr19:46165906:C:T"
0.144713002530784,0.196265058753323,0.0963756542232994,-0.166058963484105,-0.898014442534078,"chr19:46166252:A:G"
-1.01087072441154,-0.961772793359564,0.0961576195555822,-0.158332963290006,-6.85102954890735,"chr19:46166439:A:G"
0.346018912518738,0.291394622402234,0.0951385247253186,0.177095530086168,-2.74015484295789,"chr19:46166639:C:T"
1.12305026911585,1.06700379419212,0.096169828980296,0.180729430762532,-7.49958870424751,"chr19:46166815:C:T"
-0.986360748728675,-1.07020725349442,0.09673159424263,0.269588145078533,-7.05283511593063,"chr19:46167652:A:G"
-0.792980228179751,-0.438961624654781,0.112017632248897,-1.05774965001736,-3.51600478481333,"chr19:46167728:A:G"
-1.7820692149621,-1.84185537777548,0.0990656208697434,0.189949956149442,-11.4565773513454,"chr19:46167729:C:T"
-0.940260740852297,-1.01587776065404,0.0962941909781067,0.243679790537922,-6.76859448806503,"chr19:46167918:A:G"
0.345982777593197,0.291395223229611,0.0951385247253186,0.176976430366568,-2.73998387381518,"chr19:46168069:A:G"
0.345982777593197,0.291395223229613,0.0951385247253186,0.176976430366564,-2.73998387381519,"chr19:46168078:A:G"
-0.345521364142284,-0.29140289530395,0.0951385247253186,-0.175455624337363,-2.73779729692246,"chr19:46168730:A:G"
0.290948655666683,0.292310293809836,0.0951385247253186,-0.00441452013807199,-2.4366109463355,"chr19:46169565:A:G"
-0.343153985850116,-0.298290961930447,0.103520376253506,-0.139436226854342,-2.61718668692789,"chr19:46171237:C:T"
1.0484063513452,1.12200318098428,0.0963305013155528,-0.237124919385821,-7.41838954881806,"chr19:46171356:C:G"
-1.13354419865405,-1.06671366222692,0.096169828980296,-0.215504094101669,-7.5185128609738,"chr19:46171927:A:G"
-0.415788193668863,-0.290234545447263,0.0951385247253186,-0.407053159659068,-2.99403932032741,"chr19:46172355:A:G"
1.19019598298948,0.659070651133682,0.110937382663075,1.59462312454995,-4.2374222025772,"chr19:46172729:A:T"
0.684879627122013,0.505680583244414,0.100811167742404,0.56439267088278,-4.17790983687965,"chr19:46173462:C:T"
0.126398132725382,0.334006748858301,0.096377865153529,-0.668739109435567,-1.27043366538612,"chr19:46173892:A:G"
1.8251950030165,1.76037723373995,0.0995533164814669,0.205431110730541,-11.3004294717581,"chr19:46174014:C:T"
-1.88347777867857,-1.46902138750423,0.105498669038976,-1.27601373980748,-9.10739382191906,"chr19:46174821:A:G"
0.46116895327821,0.329008239855124,0.0974700466836554,0.423318050425058,-3.28996803020714,"chr19:46175152:C:T"
1.72638396994538,1.84511805054669,0.0990656208697433,-0.37723667722349,-11.2054405667994,"chr19:46175244:C:T"
1.03628969841441,1.03216530866575,0.0967676658048595,0.013258505285596,-7.1443769938797,"chr19:46176181:A:T"
-0.296134833558421,-0.292224061511649,0.0951385247253186,-0.0126789793916238,-2.46865604673509,"chr19:46176483:A:G"
1.82117036331863,1.76063401674542,0.0995533164814669,0.191861723334578,-11.2926628223445,"chr19:46177035:A:T"
-0.973063394419469,-0.962813142684587,0.0961576195555822,-0.0330554199918143,-6.75533945990004,"chr19:46177638:A:G"
-0.122090916339568,-0.196940260132839,0.0963756542232994,0.241103951200719,-0.762957304140864,"chr19:46178273:C:T"
-0.775855277715116,-0.228865413578876,0.116069261834544,-1.6055382907405,-1.94836955094497,"chr19:46178300:C:T"
-0.325527335059158,-0.334642984298161,0.0974700466836554,0.0291979270107296,-2.84754980154392,"chr19:46178572:A:G"
1.63841698509586,1.60710420390713,0.102444542865855,0.0978311657913867,-10.1589676063536,"chr19:46179137:A:G"
0.707524824652561,0.562647733736294,0.101417168488588,0.454929370825536,-4.46068156560517,"chr19:46179296:A:G"
1.87766224814015,1.75702968019404,0.0995533164814669,0.382328529661532,-11.3765971956839,"chr19:46180248:A:G"
-0.126315011583627,-0.212364541824547,0.103385638280459,0.26761989570548,-0.792035006651294,"chr19:46180333:C:T"
-0.544602204493967,-0.611840876249496,0.108542263134461,0.204089043120198,-4.20500574192465,"chr19:46180513:C:T"
-0.706214115624491,-0.944319456407228,0.101337926133269,0.747968194144997,-5.28476307101255,"chr19:46181599:C:G"
-0.713366914842677,-0.881526819500431,0.101162503548444,0.528704087636328,-5.33553890491451,"chr19:46182128:A:G"
-0.613420740903502,-0.417148625829515,0.115072347460202,-0.578592921499636,-3.6197684589268,"chr19:46182593:A:C"
1.03549499174109,0.613632311814906,0.118555112181904,1.22521121738693,-4.20529778466429,"chr19:46183174:A:G"
-0.615191968239668,-0.392377216966689,0.115479355009178,-0.655679740449202,-3.48976183084628,"chr19:46184393:A:G"
-1.12376519246432,-0.922312013614015,0.0966229941740471,-0.648087849215954,-6.75489620545683,"chr19:46184598:A:G"
0.26012498844422,0.447562782257846,0.131080648688044,-0.517711572439511,-2.35030398090883,"chr19:46184804:C:T"
-0.0191599780476683,-0.353201254257921,0.103160379619613,1.04002473534834,-0.192891983145198,"chr19:46186505:C:T"
-1.83511189445492,-1.83874753644263,0.0990656208697434,0.0115510011621978,-11.6471376801622,"chr19:46190005:A:C"
0.577209171974881,0.280034360092234,0.0989179129873131,0.94487536047335,-2.93738687334725,"chr19:46191062:A:G"
-0.515752596268498,-0.283538181560412,0.0989179129873131,-0.738332018835624,-3.01870585300604,"chr19:46191555:C:T"
1.90144464237564,1.83486101227604,0.0990656208697434,0.211546569014099,-11.818381721374,"chr19:46192184:C:G"
0.459426315664686,-0.65801384506716,0.140305470812925,2.98323161678993,3.61901698971936,"chr19:46192752:G:T"
1.18231686328794,1.02696938239707,0.0986801292226544,0.494526262528612,-7.30800029654265,"chr19:46194748:A:G"
0.732626093530367,0.581784045303808,0.108542263134461,0.457849753439219,-4.45956977235766,"chr19:46196103:A:C"
-0.180446647508243,-0.129457701538598,0.0973001665842087,-0.163462916203452,-0.736088748226852,"chr19:46197133:C:T"
-0.222949511239357,-0.606619958206711,0.118727684411371,1.11347981647038,-2.33995331582636,"chr19:46198284:A:T"
0.26774614480178,1.57070203842236,0.173085034944418,-3.13184279777808,-1.04564456471944,"chr19:46199148:A:G"
1.06825839288093,0.72082705517903,0.0974745285258907,1.11281614242043,-5.31099937452979,"chr19:46200382:C:T"
-0.655767472833742,-0.594070391367797,0.108542263134461,-0.187268695096707,-4.43397610323832,"chr19:46202441:A:G"
0.0594054195265437,-0.138986092321132,0.0973001665842087,0.636013442912478,0.263562893910966,"chr19:46203180:C:T"
0.807793128168824,0.607924615028597,0.0979897277278242,0.638490009485607,-4.77437332973005,"chr19:46203181:A:G"
1.79889535009337,1.83418743159541,0.103336212187871,-0.10978702185619,-11.2617905777451,"chr19:46203544:C:G"
0.947898748878148,0.725832729074363,0.0974745285258907,0.711273350168366,-5.49779599776391,"chr19:46204246:G:T"
-1.27095638137937,-1.27183818882168,0.0972274404837646,0.00282799953253,-8.46975048754134,"chr19:46205205:A:G"
0.884219826503491,0.728481091173265,0.0974745285258907,0.498828285962847,-5.50535166379892,"chr19:46205709:A:G"
0.944103626457148,0.840882973124649,0.09847372823391,0.32893221780279,-6.12787193982243,"chr19:46205872:A:C"
-0.0526002628232627,0.168607037135852,0.100523231443184,-0.697696001883907,0.273172908294123,"chr19:46206176:C:G"
-0.347674181901456,-1.38248365234666,0.12299072682259,2.95069425196835,-1.66317037082871,"chr19:46206433:A:G"
1.37591389868907,1.26513430654107,0.0970430220752282,0.355612980863236,-8.64033872458229,"chr19:46206772:C:T"
0.15798084366723,0.130350180644112,0.0973001665842087,0.088579763093799,-0.651379678112613,"chr19:46207120:A:G"
1.7763065425961,1.76662247396846,0.103639750424733,0.0300811668970557,-10.9780034622453,"chr19:46207628:C:T"
0.968923837341345,0.78094862943252,0.0974791191667935,0.602066933570765,-5.84804482551474,"chr19:46208380:C:T"
2.46987865801969,1.04918917402047,0.156944746487488,3.58612789728934,-4.78040757518165,"chr19:46208818:C:T"
-0.979688226146115,-0.78050041794622,0.0974791191667934,-0.637979839052819,-5.84626109204262,"chr19:46208848:C:T"
-0.0231333674178797,0.166421565646922,0.100523231443184,-0.597863266542864,0.118742531740823,"chr19:46209182:C:T"
-0.0356140649121278,0.167347221647,0.100523231443184,-0.640147401083462,0.183736417097212,"chr19:46209360:C:T"
0.0357402319939706,0.135206325233226,0.0973001665842086,-0.31887338235884,-0.154475549811233,"chr19:46209361:A:G"
-1.36915073510585,-1.2653843970408,0.0970430220752282,-0.333099771149849,-8.6350308577392,"chr19:46209940:C:T"
-0.394756323375547,-1.36768812488672,0.12299072682259,2.77425396294561,-1.89705030454023,"chr19:46210372:C:T"
-1.48978651849879,-1.20566998240697,0.163760699268868,-0.702088192252489,-6.77273600558634,"chr19:46210575:A:G"
-0.170264605615518,-0.129862194505103,0.0973001665842087,-0.129524072642935,-0.697996959995462,"chr19:46210612:C:T"
-0.169888202914092,-0.129877147522075,0.0973001665842087,-0.128269444884202,-0.696579108516096,"chr19:46211216:C:T"
1.36752558391046,1.26544449241918,0.0970430220752282,0.327689970066743,-8.63363844169633,"chr19:46211647:A:G"
-0.048339067934072,0.168290997057284,0.100523231443184,-0.683259233579793,0.250634259798066,"chr19:46212522:A:G"
-0.175697297527308,-0.129646374761804,0.0973001665842087,-0.147632354149671,-0.718384555798895,"chr19:46212950:C:T"
0.16819586049905,0.129944377711376,0.0973001665842087,0.122628518920581,-0.690195910789669,"chr19:46213237:A:G"
-1.29616538023658,-1.27085632399496,0.0972274404837646,-0.0811673793918539,-8.52951891303,"chr19:46213459:A:G"
-0.153488002337,-0.130528663775171,0.0973001665842087,-0.0736041972244943,-0.634154667286993,"chr19:46214783:C:G"
1.47997373660601,1.35129858265566,0.0982991103097357,0.410411860496291,-9.06923784319828,"chr19:46214850:C:T"
-0.883869787399259,-0.786725884085114,0.0983566496720274,-0.309751691243471,-5.78183551203053,"chr19:46214954:A:C"
-0.217680697688073,-0.127978537381636,0.0973001665842087,-0.287571677244882,-0.870768811690911,"chr19:46215253:C:T"
-0.895450373210629,-0.7861350954227,0.0983566496720274,-0.348561165635505,-5.79624077295029,"chr19:46215501:A:C"
-0.14583875525819,0.582772464677249,0.127744327278484,-2.03856724995785,1.58558559144256,"chr19:46215509:C:T"
0.152103424397171,0.130583667677552,0.0973001665842087,0.0689891136693,-0.628827971938818,"chr19:46216191:A:C"
0.152103424397171,0.130583667677555,0.0973001665842086,0.0689891136692888,-0.628827971938835,"chr19:46216193:C:G"
-1.04726390904468,-0.777686677396872,0.0974791191667935,-0.863430550359687,-5.79192034293266,"chr19:46216389:G:T"
-0.200913061447836,-0.12864465042611,0.0973001665842086,-0.231681690812625,-0.811055522301347,"chr19:46216497:A:G"
-0.879897671379454,-0.76467044598951,0.0982259918252136,-0.367656199094749,-5.67350163086059,"chr19:46217407:G:T"
1.4043729158514,1.24092848287022,0.0969046385934921,0.525046599074359,-8.54071762329251,"chr19:46217562:G:T"
-0.140700175781957,-0.131036674442666,0.0973001665842087,-0.03097973648243,-0.584635644942613,"chr19:46217856:A:G"
1.09189859793135,0.77582816219376,0.0974791191667935,1.01234391574237,-5.71664175752827,"chr19:46217928:C:G"
0.142673377611038,0.130958286800029,0.0973001665842087,0.0375568247418911,-0.592323158829686,"chr19:46218075:A:G"
1.39340547920295,1.21598910084739,0.0968305271504937,0.570147942671874,-8.4091067324067,"chr19:46218210:A:G"
1.40321595494597,1.25198266478466,0.0970016879675461,0.485576605444084,-8.59458143979802,"chr19:46218451:A:G"
-0.985143224744844,-0.780273280755807,0.0974791191667934,-0.656179186236732,-5.84462688011708,"chr19:46218615:A:G"
1.48094985297966,1.21295064038182,0.0968305271504937,0.861246301590728,-8.3159716982527,"chr19:46219054:A:T"
1.51554251104251,1.21175001012555,0.0968305271504937,0.976272151434789,-8.24624779834951,"chr19:46219066:A:G"
1.37153730767393,1.25314009625574,0.0970016879675461,0.380147227856816,-8.5840144788654,"chr19:46219879:G:T"
0.123577072847334,0.131716908797911,0.0973001665842087,-0.0260950936834649,-0.517237889212336,"chr19:46221176:A:G"
-1.42392973247856,-1.21492967540613,0.0968305271504937,-0.671645727765601,-8.39068987079297,"chr19:46221406:C:G"
-1.41688363657027,-1.21517422891574,0.0968305271504937,-0.648216387110083,-8.39630419703355,"chr19:46221545:C:T"
0.122176911363445,0.13177253177395,0.0973001665842087,-0.0307621204018654,-0.511673668739117,"chr19:46222076:C:T"
0.982575454421428,0.89299785816816,0.10416105650015,0.277553505069026,-6.27366870338345,"chr19:46222242:C:G"
-0.98260750398536,-1.04702048669992,0.104848334462907,0.19892650026445,-6.74962046687044,"chr19:46222244:C:G"
-0.00707207726496322,0.136907091951492,0.0973001665842086,-0.461575630268624,0.0309619991040636,"chr19:46222572:A:G"
1.42088965450628,1.21503518940243,0.0968305271504937,0.661537006090667,-8.39321179218362,"chr19:46222585:A:C"
0.171038320034304,0.129831457837179,0.0973001665842087,0.132103022218693,-0.700909280065513,"chr19:46223368:C:T"
-1.44398847844857,-1.25049297359135,0.0970016879675461,-0.621271218241968,-8.58334963571655,"chr19:46223488:A:G"
1.27175187572447,1.52105576658782,0.107585641749114,-0.760067038647609,-8.32214903859103,"chr19:46224656:G:T"
1.42689505012323,1.49983171712237,0.0979111270037204,-0.233093352718649,-9.43232371711546,"chr19:46225600:A:G"
-0.210803515522104,-0.12825174111079,0.0973001665842086,-0.264648612094788,-0.846471842164559,"chr19:46225777:C:T"
1.43794242605509,1.46184332332101,0.0977651971222521,-0.0764402440601244,-9.40264953684695,"chr19:46225962:A:G"
-0.173070201659974,-0.255831876228952,0.101986426160763,0.259154099209888,-1.29555347610337,"chr19:46225995:A:G"
1.37980958057028,1.46879767429508,0.0978844855168938,-0.284429719038307,-9.20036301071407,"chr19:46226041:A:G"
-1.36160302616029,-1.46963462971299,0.0978844855168938,0.345297863563422,-9.12359128321203,"chr19:46226587:C:T"
-1.28533471062131,-1.46527452182565,0.10629137372948,0.551922692338358,-8.46760741131894,"chr19:46226771:A:G"
-0.221908461834573,-0.127810584737224,0.0973001665842087,-0.30166368624375,-0.885567061858682,"chr19:46226790:C:T"
-1.38229264773205,-1.46868352768242,0.0978844855168938,0.276128330018478,-9.21039695794793,"chr19:46227203:C:T"
-1.42287262504943,-1.50001777314977,0.0979111270037203,0.246542952352015,-9.41679022890385,"chr19:46227357:A:G"
-0.826614655598087,-0.748898662111487,0.0974675549034529,-0.248931793152947,-5.53580590172973,"chr19:46228206:A:G"
-0.911105519661754,-0.745391041958501,0.097467554903453,-0.530799391931951,-5.61680511601624,"chr19:46228271:G:T"
0.962131301052886,0.743272717556061,0.097467554903453,0.701025068233509,-5.60874820809144,"chr19:46228523:G:T"
-0.986584212070353,-0.814851561096023,0.0976510217805581,-0.549559194181001,-6.05266436121877,"chr19:46228910:C:T"
-1.33042576382986,-1.34760489238289,0.106864521966962,0.0525514079251313,-8.49877731154869,"chr19:46230152:A:G"
-0.683376225848492,-0.930308382616565,0.100044422634564,0.780694659610245,-5.16590641343314,"chr19:46230655:A:G"
0.60976936958455,0.935390978238705,0.100044422634564,-1.02947730363348,-4.61849679205131,"chr19:46230659:A:G"
0.976455666897707,0.815291902321471,0.0976510217805581,0.51573785234895,-6.05002194988533,"chr19:46230765:C:G"
-1.40115589985848,-1.43710422945979,0.0989487265712976,0.114280889038265,-9.18427276329086,"chr19:46230998:A:C"
0.0223862232056652,0.115103158685949,0.105902212801486,-0.28490925123627,-0.075889906333774,"chr19:46231362:C:T"
-0.860940630074476,-0.568730475497654,0.0978940862999229,-0.933935912073853,-4.46325566233955,"chr19:46231615:A:G"
-1.12399598828253,-1.2256639169288,0.107618353623014,0.309913720360954,-7.54032520791831,"chr19:46231636:A:G"
-1.54614759181094,-1.29421136726742,0.102707876887473,-0.786119810719864,-8.58183833681761,"chr19:46231686:C:T"
-1.06277948358993,-0.554630630067032,0.0984099294403512,-1.61983765288619,-3.79819658616889,"chr19:46231749:C:T"
-0.686863268534069,-0.0173437492782093,0.153286688505919,-1.71005871403963,-0.178871606350429,"chr19:46232912:C:G"
-1.67195994503841,-1.37197330300378,0.110500825174642,-0.902441702287949,-8.68034720441883,"chr19:46233125:C:T"
-0.930243124395473,-0.504043981310707,0.0960823082208595,-1.37496251490825,-3.77915650538624,"chr19:46233183:A:C"
0.987184930286552,0.921161911182876,0.121418154269083,0.189475720218868,-5.97587720675696,"chr19:46233319:C:T"
-1.04054573160643,-0.587287285512005,0.105260721155376,-1.39705252632897,-4.10576019019575,"chr19:46233356:C:T"
-0.155614091603929,-0.0731888640368408,0.114983877993646,-0.243075774938974,-0.307357333730215,"chr19:46233398:A:G"
-0.101078617028073,-0.0856605811942149,0.114983877993646,-0.0454684945249507,-0.234646529167126,"chr19:46233431:C:T"
0.931190046042923,0.504018686785358,0.0960823082208596,1.37809898483241,-3.77594835761393,"chr19:46233632:C:T"
-1.34523697139811,-0.398611475688169,0.0987277043122993,-3.01271935774991,-2.21521729766227,"chr19:46233768:C:T"
0.30201103217603,0.455968495624202,0.0987277043122994,-0.489983243111918,-3.10290400872418,"chr19:46234376:C:T"
-0.267132771844435,-0.36122281194825,0.105270373550744,0.289995041152075,-2.45915648670004,"chr19:46234388:A:C"
0.171272088869894,0.463156580099186,0.0987277043122993,-0.928948207013988,-2.01543046019218,"chr19:46234638:C:T"
0.502550388047071,0.44494275383596,0.0987277043122993,0.183341390580051,-3.83675789569859,"chr19:46235053:C:G"
-0.526000127880289,-0.443653476849524,0.0987277043122993,-0.262075499477441,-3.86324986948788,"chr19:46235119:C:G"
-0.566069049177298,-0.441450469973218,0.0987277043122993,-0.396609649333242,-3.88491595442152,"chr19:46235331:A:G"
-0.403177209703247,-0.450406334789137,0.0987277043122993,0.150310867434585,-3.59787369242475,"chr19:46235743:A:G"
0.0780302990287055,0.0314279014733757,0.124869632836941,0.13188027469323,-0.0614199364177721,"chr19:46235775:A:G"
0.569090077890236,0.441284372488845,0.0987277043122993,0.406752960319208,-3.88538715489716,"chr19:46235879:C:G"
0.569049656993912,0.441286594847468,0.0987277043122993,0.406617244389053,-3.88538190189047,"chr19:46235974:A:T"
0.510673120611351,0.515251692240998,0.0960823082208595,-0.0147709456124716,-4.08512442205272,"chr19:46235983:C:T"
-0.621463336801055,-0.438404867731054,0.0987277043122993,-0.582599767137737,-3.86885630182452,"chr19:46235999:C:T"
0.585502622035467,0.440382003609444,0.0987277043122993,0.461859202316144,-3.88518555719565,"chr19:46236598:A:G"
-1.42019123053187,-0.118231002964299,0.127791148881638,-3.64206196310558,-0.553827673369577,"chr19:46236922:C:T"
-0.967812451174386,-0.503040415396592,0.0960823082208596,-1.49940265610756,-3.64724164869959,"chr19:46237316:A:G"
0.905144891865485,0.504714414688981,0.0960823082208595,1.29183013358385,-3.86150322699261,"chr19:46237341:C:T"
-0.557134732906962,-0.514010592268965,0.0960823082208595,-0.139122937779077,-4.18063580976048,"chr19:46237395:A:G"
-0.704738514860187,-0.510067744816987,0.0960823082208595,-0.62802803783322,-4.25758425714498,"chr19:46237553:A:G"
0.60757261809804,0.512663276607553,0.0960823082208595,0.306187351573562,-4.244971862456,"chr19:46237561:A:T"
-0.536637251399544,-0.514558128664474,0.0960823082208595,-0.071229533459532,-4.14285402222926,"chr19:46237590:A:C"
-1.09691575418533,-1.22185054712702,0.194021547008134,0.283634084978377,-5.73266979076867,"chr19:46237680:A:G"
-0.486393422963839,-0.515900260609224,0.0960823082208595,0.0951921099658772,-4.02094878883232,"chr19:46237726:C:T"
0.491810279421915,0.515755563512711,0.0960823082208595,-0.077249962999399,-4.03613303570673,"chr19:46237739:C:G"
0.566590000659022,0.513758019618925,0.0960823082208595,0.170441434942139,-4.19577841578255,"chr19:46238205:A:G"
-0.555810174765085,-0.442014507390289,0.0987277043122993,-0.362164775280012,-3.8821186867818,"chr19:46238262:G:T"
-0.554274989137829,-0.514086982814548,0.0960823082208595,-0.129650664812382,-4.17577282970761,"chr19:46238311:C:G"
0.601249447668572,0.512832183501988,0.0960823082208596,0.285243238688576,-4.23911052903441,"chr19:46238369:C:T"
0.594278738714889,0.513018387687765,0.0960823082208596,0.262154296702467,-4.23192162312712,"chr19:46238375:C:T"
-0.537883538714481,-0.514524837371396,0.0960823082208595,-0.0753575863884153,-4.14534616618816,"chr19:46238515:C:T"
0.499709403425731,0.515544559156724,0.0960823082208595,-0.0510858501269198,-4.05737988063863,"chr19:46239002:A:G"
0.581604596006296,0.513356944130043,0.0960823082208595,0.220173983413412,-4.2168876055392,"chr19:46239167:C:T"
0.0901349011420808,-0.538966842324076,0.113293394084936,1.86903999538955,1.06345187701038,"chr19:46239612:C:T"
-0.503840327364882,-0.515434212370806,0.0960823082208596,0.037403072117703,-4.06807071894534,"chr19:46239988:A:C"
-0.488392110794111,-0.515846870912054,0.0960823082208595,0.0885718956278192,-4.02660982394279,"chr19:46240080:C:T"
0.347354701536564,0.490928246675262,0.0963597204613952,-0.462515890730988,-3.43379876675229,"chr19:46240733:G:T"
-0.367238762540499,-0.490338152676701,0.0963597204613953,0.396559296646779,-3.53397965192523,"chr19:46240817:G:T"
0.379116254584929,-0.558275357509852,0.133785058423364,2.56281499724287,3.27718658673948,"chr19:46242291:G:T"
-0.311921581702824,-0.529633587809407,0.0967576232389618,0.699906108268305,-3.22515219463499,"chr19:46242798:A:G"
0.354140245141025,0.528201166500284,0.0967576232389618,-0.559575488044116,-3.47627577503879,"chr19:46242957:A:T"
0.353912812397101,0.542328279643498,0.097609978749294,-0.603072385273724,-3.46371571672755,"chr19:46242992:A:G"
0.294289963951911,0.492505474149635,0.0971557384004609,-0.635921350437243,-3.10803362629112,"chr19:46244017:A:G"
-0.514374912240959,-0.898202794343071,0.208023969407332,0.841549817411711,-3.37846219242057,"chr19:46244754:C:G"
0.348737002379303,0.788791896016332,0.10904673530277,-1.33260218475743,-2.85886314319125,"chr19:46245544:A:G"
-0.857659918624795,-0.444833778325511,0.0975923895475018,-1.32147579663473,-3.46865168535542,"chr19:46245592:A:G"
0.0117063707075054,0.692794516730475,0.111094602869604,-2.04341624314748,-0.123236178475368,"chr19:46245851:C:T"
-0.315191280659775,-0.491707403558989,0.0971557384004609,0.566304680880129,-3.24171754735986,"chr19:46246369:C:T"
-0.776293354508265,0.533383332384304,0.0971557384004608,-4.20174670758162,4.33462888178542,"chr19:46246632:A:G"
0.889171112011509,-0.537693320116701,0.0971557384004609,4.57771218642132,4.17444273618893,"chr19:46247326:C:T"
-0.052979231850407,0.405415437227457,0.103382697786983,-1.42565889427369,0.589607406003527,"chr19:46247460:C:T"
-0.841783201030417,0.535883917453944,0.0971557384004609,-4.41987578855784,4.25897867196548,"chr19:46248018:C:T"
-0.84514097861179,0.56889113251604,0.0967576232389618,-4.5458664846503,4.50466160748991,"chr19:46248876:A:G"
-0.885326146355822,0.570254560107042,0.0967576232389618,-4.67943796830437,4.44999291578624,"chr19:46249163:A:C"
0.144110393407125,0.464649942035063,0.0987277043122993,-1.02014546138076,-1.72942557258847,"chr19:46250033:C:T"
-0.0405150320276692,0.544324558324535,0.127744327278484,-1.63631138630614,0.450692140917072,"chr19:46250263:A:G"
-0.1426383186232,-0.464730877352692,0.0987277043122993,1.02508805337405,-1.71342741341002,"chr19:46250423:A:G"
-1.02036011809778,0.0594008858786773,0.138364462353646,-2.90278826530148,0.288475631335928,"chr19:46251276:C:T"
1.08200227450569,1.10095041456477,0.10317633588794,-0.0589897473227586,-7.27871473614952,"chr19:46252264:A:G"
-1.41396829138003,-1.0669181073514,0.103176335887939,-1.08044391694049,-7.21475631023038,"chr19:46253440:A:G"
1.19064013201495,1.08981313919975,0.103176335887939,0.313896710227931,-7.48188835830524,"chr19:46253726:C:T"
-1.15629637937093,-1.09333397290388,0.103176335887939,-0.196015885292398,-7.44201144044673,"chr19:46253891:C:T"
1.02621100607955,1.10666999274563,0.103176335887939,-0.250486605992931,-7.08671902575878,"chr19:46255545:A:C"
1.13302558528748,1.09571963520994,0.103176335887939,0.116141666772979,-7.40221730396603,"chr19:46255684:A:G"
-0.521203882167971,-0.600059114182421,0.102399975445598,0.246422629589887,-4.18532122903149,"chr19:46256322:A:G"
1.13280898502471,1.09574184051504,0.103176335887939,0.115398212266971,-7.40179830659781,"chr19:46256724:C:T"
0.809270367840345,0.739815115680368,0.106095286629598,0.213234291330096,-5.27189948385254,"chr19:46256843:C:T"
-0.812118288036637,-0.803255166697218,0.104740491687402,-0.0273860496289861,-5.53061467554406,"chr19:46257026:A:G"
-1.2817781803405,-1.21215761548097,0.102744948459369,-0.217198740867082,-8.11721843955929,"chr19:46257652:A:C"
-1.24602888216999,-1.21565774850627,0.102744948459369,-0.0947503371134251,-8.06119374026714,"chr19:46257689:C:T"
1.3186428943673,1.20854827460895,0.102744948459369,0.343467664130611,-8.14995603875382,"chr19:46257737:A:G"
-1.28698970904837,-1.21164736647817,0.102744948459369,-0.235049255535943,-8.12338404490764,"chr19:46257769:A:G"
-0.725914713127388,-0.580770964385056,0.102399975445598,-0.453574269200868,-4.5420481796634,"chr19:46258334:A:G"
-0.717904805876538,-0.675604972404653,0.103103401354314,-0.131735298920245,-4.91282745821117,"chr19:46258760:A:T"
1.62786667167901,1.51231918351445,0.102617391790863,0.360703223042506,-9.76335437291764,"chr19:46258900:A:C"
-1.84105017285693,-1.4917374460974,0.102617391790863,-1.09044539516507,-9.50109265916954,"chr19:46258965:G:T"
1.92345333764167,1.48378185717726,0.102617391790863,1.37251724466332,-9.22140610332816,"chr19:46259031:A:G"
1.87065463400421,1.48887929224246,0.102617391790863,1.19178355530762,-9.40979463084214,"chr19:46259160:A:G"
-0.984357449515892,-0.956645082314511,0.10848558091569,-0.0841371148524045,-6.40876406515253,"chr19:46259302:A:G"
-1.65808114527134,-1.50940213619025,0.102617391790863,-0.464129498842412,-9.77233739282259,"chr19:46260651:A:C"
-1.2535499870384,-1.08336378172314,0.103176335887939,-0.529827266320902,-7.49719794080402,"chr19:46260955:A:G"
0.0176093297259133,0.251380416367356,0.102442164703394,-0.730384288004026,-0.131880368458453,"chr19:46261116:A:T"
-1.57609924767434,-1.06080402418866,0.125577070746416,-1.45412232652302,-6.30079560070417,"chr19:46261579:C:T"
-1.36320226837354,-1.02237835685534,0.117985070577954,-0.992239537036435,-6.66364768354977,"chr19:46261708:G:T"
1.58925615298777,1.51604682450378,0.102617391790863,0.228536692232959,-9.72850766006512,"chr19:46261898:A:G"
-1.58953361037196,-1.51602003746351,0.102617391790863,-0.229486448443465,-9.72885224011719,"chr19:46261900:C:G"
-1.61904257871203,-1.92933146119894,0.10914024514086,0.93923388602885,-10.0457128213545,"chr19:46262280:A:G"
-1.7580181601551,-1.44837888057745,0.116504166848917,-0.907162980238141,-8.87582523066532,"chr19:46263342:C:T"
0.0572968943491613,1.35998982473231,0.166933288813774,-3.18838370896597,-0.211723185164047,"chr19:46266916:C:T"
-0.146720867822487,0.0193908382697564,0.12722875858046,-0.465701454104306,0.0696345330192829,"chr19:46270749:C:G"
-1.12254505472352,-0.386111881080668,0.147221666643542,-1.91932039719561,-2.0833096630748,"chr19:46271509:A:G"
0.495893073854296,0.594863793868416,0.129824035559807,-0.274681352590634,-3.81311740615448,"chr19:46271930:A:G"
1.94066966825484,1.57394427921579,0.103116773233825,1.14202686599164,-9.92883454632701,"chr19:46273094:C:T"
0.947924589287216,0.903360939334207,0.126487217797965,0.125301835888288,-5.72592167324632,"chr19:46273210:C:T"
0.475378729381925,-0.585912937412768,0.168223998309665,2.58756208386179,3.43345308372596,"chr19:46273771:A:G"
0.305054247281522,0.760884756518278,0.113358477086064,-1.3538682022062,-2.60889440101969,"chr19:46274250:C:G"
-0.234748513656201,-0.208706803906241,0.100542525901042,-0.0821286337687844,-1.44804492389218,"chr19:46274529:C:T"
1.01176335298511,0.317375529622208,0.106762515013692,2.12516521432538,-1.82310090525065,"chr19:46274835:G:T"
1.36874234726738,1.19449308852301,0.118257622222476,0.506706374703642,-7.67259996933033,"chr19:46275212:G:T"
1.80280431619029,1.40556675265964,0.111540790232042,1.18941510892719,-8.62168601722795,"chr19:46275971:A:G"
1.80535312876268,1.77458569281803,0.114206652388308,0.0910427996553445,-10.5780480616657,"chr19:46276155:A:G"
1.91846233186494,1.57620678420705,0.103116773233825,1.06582484371809,-9.99244195534072,"chr19:46276387:A:G"
-0.208203838797056,-0.210681015911239,0.100542525901042,0.00781235847970641,-1.30710289170506,"chr19:46276501:C:T"
1.97674760187025,1.67169862277516,0.102781258639545,0.951508363667578,-10.6539491458927,"chr19:46276547:C:T"
-1.92453607772453,-1.57558798508224,0.103116773233825,-1.08666623185887,-9.97570929817661,"chr19:46277306:C:T"
-1.92645025752383,-1.67664263759873,0.102781258639545,-0.779199590740264,-10.7384142626006,"chr19:46277558:A:G"
0.749694791120502,0.585342456065161,0.101063191358119,0.516986704847678,-4.59441989164068,"chr19:46278282:A:G"
0.774589262186987,0.583352469465741,0.101063191358119,0.601554454832082,-4.58433116474763,"chr19:46278361:A:G"
0.340601344973332,0.131704614932921,0.0991921412178746,0.663274054460712,-1.30886299130721,"chr19:46278517:C:T"
-1.67074724947381,-1.701777154712,0.102781258639545,0.0967884385174272,-10.5081405802702,"chr19:46278659:A:G"
0.279563173120996,0.135363444355113,0.0991921412178747,0.45785273293737,-1.1368657764969,"chr19:46279024:C:T"
0.717922217291886,0.515450184818122,0.099242106609681,0.642712956878888,-4.23991281672754,"chr19:46279320:C:T"
-0.512326327962746,-0.0800003483438842,0.103031994979173,-1.34686875982154,-0.991583552710439,"chr19:46279349:A:G"
-0.2712442776021,-0.136814439118553,0.098870227772813,-0.427526372114939,-1.12148219162342,"chr19:46279748:A:G"
-1.05532262275656,-0.781719252711405,0.221904084813852,-0.580816297481151,-4.28564595762174,"chr19:46279977:C:T"
0.303087141624677,0.0720859021233369,0.0989230496842352,0.734455625935425,-0.659318293398238,"chr19:46279999:C:T"
-0.248142087525904,-0.158458240122257,0.0987403786347972,-0.285408456531822,-1.19354847599968,"chr19:46280141:C:T"
-0.136276201465859,-0.227055114296077,0.098734726983563,0.288901643533993,-0.949920231769254,"chr19:46280217:A:G"
-0.211109345397084,-0.160499332055846,0.0987403786347972,-0.161060505441591,-1.03958997434807,"chr19:46280508:C:T"
-0.830532418021842,-0.479862978454729,0.105561525113407,-1.07930724222035,-3.77088223471661,"chr19:46280530:A:G"
-0.24425194997159,-0.158672648451922,0.0987403786347973,-0.272346214674177,-1.17791839311532,"chr19:46280620:A:G"
0.122418193148981,-0.23527042934537,0.100542525901042,1.12805488434359,0.869110569172889,"chr19:46280635:C:T"
-0.238134984228083,-0.259502224033878,0.0986678592280709,0.0680237502240551,-1.81635129268809,"chr19:46280690:C:T"
0.14483736724474,-0.513811725144132,0.118359617394648,1.91448655791448,1.60408190618205,"chr19:46280960:C:T"
-0.786271193302382,-0.339715154233299,0.105109983554795,-1.37738066704033,-2.79619886679905,"chr19:46281083:A:G"
0.0462450992283764,-0.117654017646003,0.100055843884337,0.518149858502087,0.169411270111661,"chr19:46281135:A:G"
1.69350330031891,1.41377708866703,0.110888757379439,0.840019572573862,-8.91091787639563,"chr19:46281157:A:G"
0.0890519280888854,0.0274827413796567,0.100106899137297,0.194594881342275,-0.0763753312941935,"chr19:46281358:C:T"
-0.0704798623920972,-0.0287775520382168,0.100106899137297,-0.131803854634898,-0.0633611791248767,"chr19:46281380:A:C"
0.070678277558123,0.0287637188935333,0.100106899137297,0.13247468426649,-0.0635083905653898,"chr19:46281403:C:T"
-0.0350049906654309,0.322706952577648,0.103867346484686,-1.1099257375803,0.324243726287204,"chr19:46281503:A:G"
-0.604669512796842,-1.03293091247224,0.102515273893104,1.33756422326783,-4.31222737386945,"chr19:46281603:A:G"
-0.00964502741225404,-0.264981408811208,0.103467390186037,0.793799739268641,-0.0751530337089284,"chr19:46281624:C:T"
-1.77016802672326,-1.94479358371734,0.107948724132978,0.531494833856567,-11.0561802348323,"chr19:46281665:A:G"
0.389948470146236,0.294798035258859,0.101963139651205,0.297981414695283,-2.82907116688005,"chr19:46281954:C:G"
1.76617101804089,1.94540718063956,0.107948724132978,-0.545527791586058,-11.0341843317645,"chr19:46282012:A:G"
-0.806627485758752,-0.80329210054717,0.0989527821087161,-0.0106030789288719,-5.65317107983318,"chr19:46282033:C:T"
-1.0153673631992,-0.84636251661831,0.100145653674083,-0.534051459537443,-6.18217395293923,"chr19:46282064:A:G"
-1.01539443842079,-0.846360617770644,0.100145653674083,-0.534143016935288,-6.18217642589106,"chr19:46282070:A:G"
0.971379020921624,0.849447520400481,0.100145653674083,0.385300759914842,-6.16113653737739,"chr19:46282083:A:C"
0.843997339447584,0.801147610346345,0.0989527821087161,0.136217867178759,-5.74756829178549,"chr19:46282201:A:G"
0.832631800711065,0.801799828218277,0.0989527821087161,0.09801381763602,-5.72139879875135,"chr19:46282219:C:T"
-2.15074520408082,-2.19764352162242,0.100797877820922,0.147717370603865,-13.8949289040758,"chr19:46282276:G:T"
0.791016351468764,0.663766736993645,0.0991826429955494,0.404053280084399,-5.05272906522986,"chr19:46282333:A:G"
0.774966122915453,0.65655136362116,0.0988845168905534,0.376566505764402,-5.0077119584559,"chr19:46282441:A:G"
0.78050366813538,0.804791230604451,0.0989527821087162,-0.0772093552958304,-5.57296050601524,"chr19:46282451:C:T"
1.82671202510113,1.93611328649201,0.107948724132978,-0.332976491228104,-11.33612139986,"chr19:46282470:A:G"
-0.791016351468764,-0.663766736993647,0.0991826429955494,-0.404053280084392,-5.05272906522987,"chr19:46282560:C:T"
-0.794165916467377,-0.804007214752721,0.0989527821087161,0.0312851607423747,-5.61636483975369,"chr19:46282602:C:T"
-0.145934746343555,0.237019430298663,0.100542525901042,-1.20773572955303,1.03876497139567,"chr19:46282794:A:G"
-2.14454019059916,-2.19812193941584,0.100797877820922,0.168768422034237,-13.8679391907388,"chr19:46282826:A:G"
-0.834201069856489,-0.47741741818247,0.107300824409421,-1.08918942678951,-3.73051730308844,"chr19:46283149:A:G"
-0.125009565428714,-0.693653730286374,0.10515510175151,1.75357931121179,-1.25978498668438,"chr19:46283670:G:T"
0.00648166588485695,0.225683736326994,0.100542525901042,-0.691305092390477,-0.0446560521669617,"chr19:46283693:C:T"
2.08398972963958,2.03328359892312,0.100044570171001,0.160311142902825,-13.0917113790595,"chr19:46283811:C:T"
-2.20064580908169,-2.29001829238648,0.102098457759691,0.279701138700731,-14.288620801964,"chr19:46283869:A:G"
-1.91415846747781,-2.04501081268132,0.100044570171001,0.413699265053147,-12.4152241374317,"chr19:46283870:A:G"
-0.559426836908797,-0.630716088065851,0.107981116785838,0.216945249825656,-4.28758092142963,"chr19:46284100:A:G"
0.487416363556393,0.641795631949482,0.107981116785838,-0.469802226925575,-4.00888888231924,"chr19:46284226:A:G"
0.491371842248152,0.641187041313902,0.107981116785838,-0.455912991951568,-4.02664871070022,"chr19:46284323:A:G"
-0.374548302315499,-0.479052781497293,0.108180852526723,0.3177310847052,-3.41925825714823,"chr19:46284488:C:T"
0.205132901021427,0.153771286201507,0.0953786818082465,0.166307950527513,-1.00339408589068,"chr19:46284763:C:T"
-0.239936425906475,-0.153103281544346,0.0953786818082466,-0.281164101388894,-1.15669489520699,"chr19:46284810:C:G"
-1.14313145713591,-0.925013639938083,0.110366125665658,-0.656558221920565,-6.40422108504053,"chr19:46284839:A:G"
-0.229050630628986,-0.153312219057605,0.0953786818082465,-0.245239563608123,-1.1095723245644,"chr19:46284976:A:G"
0.553478695389051,1.19167198660167,0.107569499839762,-1.94584238833225,-3.30861638364548,"chr19:46285078:C:T"
-0.338883490135894,-0.151204131962915,0.0953786818082465,-0.607702260209346,-1.53797351038544,"chr19:46285135:A:G"
0.336833363380764,0.15124348125942,0.0953786818082465,0.600936575737742,-1.53116080938843,"chr19:46285152:A:C"
0.264906828059221,0.152624009833098,0.0953786818082466,0.363569670543098,-1.26153968742525,"chr19:46285775:C:G"
0.25987877559397,0.152720516220721,0.0953786818082465,0.346976444586961,-1.24081742251381,"chr19:46285967:C:T"
0.552945386897659,1.1917516958133,0.107569499839762,-1.9477114707055,-3.30370321889946,"chr19:46285983:C:T"
-0.753573529039847,-0.754095324042714,0.099760011420687,0.00165204423028097,-5.32399592925101,"chr19:46286231:C:T"
0.903976581199793,0.140357965725218,0.0953786818082465,2.47258282998882,-0.775973377451192,"chr19:46286277:A:G"
-0.250415213041282,-0.152902155979318,0.0953786818082465,-0.315745459454637,-1.2012701006143,"chr19:46286462:A:T"
-2.02253668575568,-2.03752706371603,0.100044570171001,0.0473931769080464,-12.9038414543547,"chr19:46286489:C:T"
0.453642657062721,0.442957042289896,0.101286538128366,0.0335755897370893,-3.70302621455034,"chr19:46286647:C:T"
-0.271929308252817,-0.152489223213356,0.0953786818082465,-0.386744766950758,-1.29012893305683,"chr19:46286779:G:T"
-2.21554311315601,-2.10088077296684,0.100208964282317,-0.362215903411873,-13.7361993178652,"chr19:46286824:A:C"
0.120370578955365,0.15539817962909,0.0953786818082465,-0.113418717467662,-0.604386287803835,"chr19:46286945:C:T"
-0.0525907536084539,0.230077140290199,0.100542525901042,-0.891459437920832,0.368432863058086,"chr19:46286946:A:G"
0.268188471066203,0.1525610233161,0.0953786818082465,0.374399518540616,-1.2749517154446,"chr19:46287045:A:C"
-0.276030965631176,-0.152410497675075,0.0953786818082465,-0.400280768840968,-1.30663006415454,"chr19:46287150:C:T"
0.958170377878206,0.334934307552354,0.19541998723352,1.40983435816457,-2.31732757629009,"chr19:46287238:A:G"
-0.277939470931817,-0.152373866602981,0.0953786818082465,-0.406579084125256,-1.31425704214524,"chr19:46287349:A:C"
0.278809014002217,0.152357176948057,0.0953786818082465,0.409448689155313,-1.31772109654883,"chr19:46287453:G:T"
0.781361562878026,0.752260996369029,0.099760011420687,0.092134694151801,-5.39498788120903,"chr19:46287488:A:C"
-2.01554518460521,-2.03800984190091,0.100044570171001,0.0710236579898494,-12.8783685099007,"chr19:46287586:C:T"
-0.453670215583312,-0.442954773575487,0.101286538128366,-0.0336693107841843,-3.70308850259185,"chr19:46287606:A:G"
0.286931295152008,0.152201281197477,0.0953786818082465,0.436253271511844,-1.34974042119956,"chr19:46287664:A:G"
0.232108920992011,0.153253519480139,0.0953786818082465,0.255332318881401,-1.12289170306486,"chr19:46287739:C:T"
-0.331541747777586,-0.151345046370388,0.0953786818082466,-0.583473557206511,-1.51332025477945,"chr19:46288034:A:C"
0.559268599991366,0.98446905266611,0.0960423318606424,-1.37202609117449,-4.11882308675785,"chr19:46288082:C:T"
-1.20740729914249,-1.06521188792106,0.101094463653928,-0.447220698186505,-7.44604642604385,"chr19:46288179:A:G"
-0.0539798979865699,0.264073722785034,0.103735863110084,-0.987497219931366,0.417448766871473,"chr19:46288215:A:G"
-0.313436262536782,-0.151692555667249,0.0953786818082465,-0.523723105173131,-1.4496292410502,"chr19:46288236:A:G"
0.367849700673044,0.150648166335786,0.0953786818082465,0.703294515830741,-1.62784245508782,"chr19:46288302:A:C"
2.01116315860747,2.0383124302166,0.100044570171001,-0.0858344089588823,-12.861976129928,"chr19:46288332:C:T"
0.418752053436625,0.473061687151437,0.0966004421082428,-0.174737982350844,-3.72338435548098,"chr19:46288677:C:T"
0.799959242352361,0.735965687717907,0.102960509022563,0.199434777960564,-5.30536773284379,"chr19:46288682:A:G"
-0.30739132351583,-0.151808579760545,0.0953786818082465,-0.503774021554974,-1.42750720799331,"chr19:46288746:C:T"
-0.237964808753432,-0.153141123959587,0.0953786818082465,-0.274657508797501,-1.148220094107,"chr19:46289038:C:T"
-0.2453510755601,-0.15299935496802,0.0953786818082465,-0.29903314826078,-1.17982774909809,"chr19:46289055:C:T"
-3.16144663071695,-1.35881199551279,0.164604326970353,-4.4431102263116,-6.09307636581733,"chr19:46289319:C:T"
0.361040665013934,0.150778856188212,0.0953786818082465,0.680823814099622,-1.60784306518982,"chr19:46289395:A:G"
0.370622216585953,0.150594951796515,0.0953786818082465,0.712444178314929,-1.63577494136732,"chr19:46289409:C:T"
0.359229851239809,0.150813612208999,0.0953786818082465,0.6748478935367,-1.6024031585348,"chr19:46289416:A:C"
0.326392666429147,0.151443875737022,0.0953786818082465,0.566480920221964,-1.49561488902253,"chr19:46289614:C:T"
-0.443153534067833,-0.443820543815417,0.101286538128366,0.00209583127518768,-3.67805186018899,"chr19:46289636:C:T"
0.32373721441351,0.151494843399611,0.0953786818082465,0.557717583797837,-1.48635448281026,"chr19:46289658:G:T"
-0.56985226494171,-0.984190858954008,0.0960423318606424,1.33697731973086,-4.21673543368621,"chr19:46289784:A:G"
0.334722872389351,0.151283989162456,0.0953786818082465,0.59397168144894,-1.52408922756132,"chr19:46289991:C:T"
-0.32071536209091,-0.151552843600201,0.0953786818082466,-0.547745078788903,-1.47571155518697,"chr19:46290021:C:T"
-0.303963713855614,-0.151874367901924,0.0953786818082466,-0.492462464650126,-1.4147839758901,"chr19:46290206:C:T"
-0.286732525084141,-0.15220509630906,0.0953786818082465,-0.435597304480439,-1.34896426864662,"chr19:46290230:A:C"
-1.19497509291968,-1.06620983427256,0.101094463653928,-0.404981344894876,-7.44175340469033,"chr19:46290264:A:C"
-0.166510346403763,0.273964393753874,0.0962608338821257,-1.4196987445033,1.40029560094634,"chr19:46290292:A:G"
-0.225285937198263,0.162032569775825,0.0953786818082465,-1.25413009933742,1.15238192017166,"chr19:46290304:C:T"
-1.22821208551972,-1.59945396008718,0.0976850535683988,1.18779884176315,-8.14612899751481,"chr19:46290309:A:G"
0.345851214577219,0.151070396302745,0.0953786818082465,0.630696655525254,-1.56070086650991,"chr19:46290417:C:G"
0.330240425292019,0.151370023423247,0.0953786818082465,0.579179024046006,-1.50887731612848,"chr19:46290431:A:C"
-0.401880157402205,-0.149994999633398,0.0953786818082465,-0.815599441405859,-1.71608591304235,"chr19:46290679:C:T"
-1.19006497350476,-1.06660397475476,0.101094463653928,-0.38829884583122,-7.43927195657339,"chr19:46290700:C:G"
-0.377494217709821,-0.150463053410636,0.0953786818082465,-0.735122674254957,-1.65489354948569,"chr19:46290713:C:T"
-0.616009924762405,-0.982977595799227,0.0960423318606424,1.18412202083237,-4.6311886960222,"chr19:46290753:A:G"
-1.23052860040562,-1.06335591659757,0.101094463653928,-0.52577705376108,-7.44648462938387,"chr19:46291003:A:G"
-0.266626802248171,-0.152590997350239,0.0953786818082465,-0.369245808680745,-1.26858046661031,"chr19:46291014:A:G"
-0.294522690504242,-0.152055575052286,0.0953786818082465,-0.461305861808539,-1.37909423315243,"chr19:46291089:C:G"
0.460971553995517,0.442353701697467,0.101286538128366,0.0584997104831798,-3.71898461661746,"chr19:46291312:A:C"
1.14739792476777,1.17631348991674,0.101170244196977,-0.0909086661771459,-7.73629808969803,"chr19:46291515:C:G"
-0.465721473307318,-0.471546969018028,0.0966004421082427,0.0187431823243062,-3.862896971948,"chr19:46291810:C:T"
-1.15536502672272,-1.60264749679259,0.0976850535683988,1.43109287040682,-7.51176999219379,"chr19:46291850:A:G"
-0.465871777777775,-0.471542121844958,0.0966004421082428,0.0182439912362073,-3.86327226986932,"chr19:46291852:A:C"
-0.466113236967663,-0.471534335020799,0.0966004421082428,0.0174420571662341,-3.86387425663748,"chr19:46291914:C:T"
-0.466449997697404,-0.471523474814612,0.0966004421082428,0.0163236076976596,-3.86471195492985,"chr19:46291989:A:C"
-0.546337606278507,-0.984808946375774,0.0960423318606424,1.41484825583166,-3.99797707991058,"chr19:46292236:A:G"
0.47103533660569,0.471375602092072,0.0966004421082428,-0.00109478375174204,-3.87590017823718,"chr19:46292627:C:T"
-0.431583446041406,-0.472647887212887,0.0966004421082428,0.132122371407421,-3.76601616202888,"chr19:46292776:C:T"
-0.536651228831142,-0.469259553350857,0.0966004421082428,-0.216828665472218,-3.99346104216408,"chr19:46292921:A:G"
0.159490052516881,-0.102891192681471,0.150314214287968,0.676757010415004,0.338994803985246,"chr19:46293136:C:T"
-0.497252587809505,-0.470530121225684,0.0966004421082429,-0.0859779301553481,-3.93223438179223,"chr19:46293161:A:G"
0.515716720315043,0.469934670900751,0.0966004421082428,0.147300992390197,-3.96434424339231,"chr19:46293245:A:C"
2.03174225889749,2.0368913991003,0.100044570171001,-0.0162793835620159,-12.936103866236,"chr19:46293417:A:G"
-0.548537196115627,-0.468876242459892,0.0966004421082428,-0.256304330591552,-4.00663169635331,"chr19:46293937:A:G"
-0.512367321382609,-0.470042685760486,0.0966004421082428,-0.136176971311948,-3.95897262150309,"chr19:46293976:C:T"
0.430130266452453,0.472694750842039,0.0966004421082428,-0.136948670305829,-3.76136351148544,"chr19:46294033:A:G"
0.430086083571775,0.472696175696986,0.0966004421082428,-0.137095410454081,-3.76122135545186,"chr19:46294038:A:G"
-1.99870028852319,-2.03917301818879,0.100044570171001,0.127957496606671,-12.8135576548689,"chr19:46294267:C:T"
-0.508294898072628,-0.438457877439995,0.101286538128366,-0.219436991045681,-3.79383544899678,"chr19:46294591:A:G"
0.395382918283788,0.447753189054156,0.101286538128366,-0.164554193950353,-3.530918621516,"chr19:46295978:C:T"
0.435036555292731,0.651967167890312,0.0981898304582945,-0.692289249595187,-3.83395104471278,"chr19:46296578:G:T"
0.383719748447693,0.474191444933551,0.0966004421082428,-0.291087245898422,-3.58846653995231,"chr19:46296940:C:T"
-0.390338147957935,-0.473978007982877,0.0966004421082428,0.269106222693585,-3.6161093094861,"chr19:46296971:C:T"
0.28604972925275,0.349896363288044,0.0983409549345136,-0.203596728767138,-2.66298108986114,"chr19:46297176:A:G"
0.968276673420851,1.03017042974489,0.0998732245847629,-0.195849426760551,-6.80423008508104,"chr19:46297376:A:G"
0.34790138108912,0.451662036325889,0.101286538128366,-0.326029457840955,-3.32605042715035,"chr19:46297763:A:T"
0.921740465105888,1.03329864914845,0.0998732245847629,-0.353001783908494,-6.60386037182567,"chr19:46297823:A:C"
-0.297250728176771,-0.428944812925216,0.213401321768729,0.285080633920454,-1.73172578226357,"chr19:46297937:A:G"
-0.269130413822068,-0.281980016880635,0.0988703438478063,0.0408654880194145,-2.15995657659169,"chr19:46298865:A:T"
-2.04437203885635,-1.98942303221425,0.103865675898999,-0.170499778818345,-12.5251925052608,"chr19:46299220:G:T"
-0.400459036809495,-0.447335305109733,0.101286538128366,0.147291324487685,-3.54925799880141,"chr19:46299439:A:G"
-0.21451697428603,-0.307496640133285,0.123427960801007,0.264655670813884,-1.56857167199579,"chr19:46299554:A:G"
0.10455183590969,-0.233941651459233,0.100542525901042,1.06751852793707,0.740298171965893,"chr19:46300393:G:T"
-0.276317086373754,-0.28157393645981,0.0988703438478063,0.016718317541205,-2.20455080266751,"chr19:46300545:C:T"
-0.507036020979316,-0.648422429101202,0.0981898304582945,0.451205522400073,-4.21731168903231,"chr19:46300618:A:G"
1.97432563223736,1.99711998102711,0.103865675898999,-0.070727965152741,-12.3320608541947,"chr19:46300726:G:T"
-0.199899854024541,-0.286691680338994,0.122625754209406,0.247849462456465,-1.38804342371785,"chr19:46301534:C:T"
-0.811545561393387,-0.655223916506985,0.10094851389235,-0.492004586486671,-4.98880841006463,"chr19:46302152:C:T"
-0.504275854209153,-0.648558319973742,0.0981898304582945,0.460447692272936,-4.2041139695005,"chr19:46302276:A:G"
-0.115020549182887,0.234720243004662,0.100542525901042,-1.10298953914194,0.815748280969903,"chr19:46304710:G:T"
1.36623167437059,2.11174760197048,0.126463254415034,-2.09640288886316,-7.02817227263816,"chr19:46307889:A:G"
-0.0469641166365704,-0.342880469007949,0.117792686220174,0.862203540880057,-0.407437322395549,"chr19:46308131:A:G"
0.839361327283942,0.899199929529743,0.108441407235743,-0.181712108613794,-5.78470139454006,"chr19:46308509:A:G"
0.98982355250886,0.75816096562488,0.111558561137059,0.69359259772217,-5.39215781048315,"chr19:46308727:A:G"
0.787643474114803,0.831148286420687,0.105734338028706,-0.133791731400653,-5.50471016446497,"chr19:46308869:A:G"
-0.378132229184129,-0.343988817537181,0.101910464071929,-0.10695412141114,-3.07501755566844,"chr19:46309425:C:T"
-0.900450887077996,-1.10848843157966,0.104760012735941,0.642752756480157,-6.40006415118901,"chr19:46309569:A:G"
-0.339187360005484,-0.27101343765936,0.100490325222858,-0.215058273881927,-2.46620457136815,"chr19:46309709:C:T"
0.340670348730364,0.270903970281908,0.100490325222858,0.220081761585355,-2.47282232278532,"chr19:46310086:A:G"
-2.65918981453035,-2.31653622854663,0.10320646796231,-1.06660059961625,-15.3494197902385,"chr19:46310203:C:T"
0.711079017157446,0.825523190905252,0.106587189288919,-0.350542906314043,-5.16532589940157,"chr19:46310746:C:G"
0.428557817268888,0.397754004976078,0.101390769367816,0.0967398164445206,-3.49066106969779,"chr19:46311549:A:C"
0.862897618846187,1.11297380264493,0.104760012735941,-0.772635328164989,-6.15951832772839,"chr19:46311814:C:T"
2.73627279561987,2.30860905893364,0.10320646796231,1.33121734790584,-15.1883973673231,"chr19:46311897:C:T"
0.406752280821627,0.558021127340784,0.101900974343086,-0.473871213241182,-3.69311602547622,"chr19:46312040:C:T"
-0.678302235073393,-0.699744973779108,0.100802559665363,0.0675374211226722,-4.92333346928821,"chr19:46312053:A:G"
-0.301103862092983,-0.225336884448134,0.108487915402128,-0.230032543431612,-1.80691390051899,"chr19:46312242:C:T"
0.473130638834393,0.415983719321639,0.112961166527831,0.170031051489091,-3.52575222290739,"chr19:46312448:A:C"
2.60183986398785,2.32243406460356,0.10320646796231,0.869725009017442,-15.4171706072933,"chr19:46312483:C:T"
0.823451472336632,1.12738903547442,0.107663009920396,-0.926298836505705,-5.8056159956806,"chr19:46312736:C:T"
-0.708284107423418,-0.851446487623491,0.103484096041277,0.445032886495671,-5.24038190433764,"chr19:46313531:A:G"
1.32395886795561,0.880402164792359,0.119665416177265,1.28222670892075,-5.64522320473149,"chr19:46313909:C:T"
0.147190525369718,2.01369404523083,0.216747933365646,-4.00914100111304,-0.561125530922074,"chr19:46314033:G:T"
-0.765196896781225,-0.245599272039949,0.119511121354085,-1.50301389803405,-2.1339908201646,"chr19:46314251:G:T"
-0.432411145627917,-0.0828140730253923,0.103868580806127,-1.08474008327181,-0.951324935811247,"chr19:46314434:C:G"
-1.90696464384165,-1.92175791610825,0.126463254415033,0.0415989217229561,-10.7471792929538,"chr19:46314445:A:G"
-0.482559840030326,-0.366526323241964,0.121751746484942,-0.332541502993994,-3.22992157706198,"chr19:46314756:A:G"
0.832251635797028,1.11663416596637,0.104760012735941,-0.878628209148493,-5.94489647804644,"chr19:46315464:C:G"
-0.243753879842798,-0.278859076732876,0.100642970630776,0.110657203228125,-1.93808894151889,"chr19:46315651:C:T"
2.73120914301533,2.30912980206644,0.10320646796231,1.31383442799609,-15.2010605436906,"chr19:46315743:A:G"
0.629256136480566,0.703528970665414,0.100802559665363,-0.23393446840722,-4.7585032491306,"chr19:46315764:A:G"
-0.242422752689345,-0.27895950563472,0.100642970630776,0.115169697199872,-1.92942146741032,"chr19:46315845:C:T"
1.74524512486748,1.85815430443862,0.100902346369133,-0.355450082221466,-11.2145427563515,"chr19:46316735:A:G"
-1.25382102149235,-1.57823003794508,0.108124494913266,0.986576736079545,-8.10455801174414,"chr19:46316839:A:C"
0.233245977252782,0.278833541169768,0.100490325222858,-0.14380840164504,-1.8666753800642,"chr19:46316995:A:T"
-0.907334859396691,-1.04398131900751,0.100651941487017,0.430712331259254,-6.52166606275762,"chr19:46317065:C:T"
-1.29559819516453,-1.5717381878001,0.108124494913266,0.839783356253061,-8.39607498804429,"chr19:46317280:A:C"
-1.18435074611763,-1.58902518222174,0.108124494913266,1.23067598031634,-7.55922739110525,"chr19:46317527:C:G"
-0.811326217014555,-1.11913350283784,0.104760012735941,0.951001329599016,-5.7892519979681,"chr19:46317820:A:C"
0.729854830209437,0.849164173705499,0.103484096041277,-0.37088361794315,-5.34449043682002,"chr19:46318188:C:T"
-0.577240358639143,-0.707542083778156,0.100802559665363,0.410406646487679,-4.53976486399105,"chr19:46318282:A:G"
-0.359815473766309,-0.270102634199361,0.100642970630776,-0.282789239189197,-2.55489482487418,"chr19:46318321:A:G"
-1.03433440500637,-1.03438747193386,0.100651941487017,0.00016726800031582,-7.02285430329654,"chr19:46318411:A:G"
-0.576624109592996,-0.707589628527662,0.100802559665363,0.412497373877071,-4.53690521210051,"chr19:46318625:C:T"
0.622939641874263,0.704016299864037,0.100802559665363,-0.255364226977906,-4.73434067135328,"chr19:46318648:C:T"
0.880836904523158,1.04598303740423,0.100651941487017,-0.520543862565049,-6.37994426621139,"chr19:46319039:C:T"
0.880378202505035,1.04601768884328,0.100651941487017,-0.522098922376194,-6.37738041345497,"chr19:46319503:A:G"
-0.563913040200975,-0.397698752302429,0.101738165677537,-0.52110639369844,-3.65086321861585,"chr19:46319544:C:T"
0.579770392514797,0.396316791929919,0.101738165677537,0.575154190535841,-3.63977135483164,"chr19:46319745:G:T"
-0.594468029539108,-0.395035900168476,0.101738165677537,-0.625249243238132,-3.62527050751932,"chr19:46319937:C:G"
-0.596132873604119,-0.472641469259651,0.102940282329937,-0.384896579776318,-3.98565404371356,"chr19:46320046:A:G"
0.620415662235663,0.237938194317785,0.104725913614937,1.18189467700748,-2.49649501965076,"chr19:46320231:A:G"
-0.20448823443024,-0.114899594259869,0.113273316675024,-0.266188406363239,-0.636782605669562,"chr19:46320445:A:G"
0.197784555719259,-0.134602277762358,0.110329703594766,1.00068545293924,0.739371025001776,"chr19:46320494:C:T"
-2.70695274490965,-2.31162431615071,0.10320646796231,-1.23056508499427,-15.2579864827491,"chr19:46320546:C:T"
0.0217746478054889,0.330502751968475,0.106543971985711,-0.945827036837984,-0.201207981207247,"chr19:46320759:C:T"
-0.62085314653172,-0.752201864473258,0.127176538664723,0.368317486112793,-4.4015059235188,"chr19:46321168:C:T"
1.23909936860803,0.272619776124721,0.139132773833952,2.59106296249335,-1.18267375953724,"chr19:46321300:C:T"
0.919523950221807,1.27522291187609,0.121849610568714,-1.01899141396117,-6.00402971591614,"chr19:46321810:C:T"
-0.088770669956506,-0.313479429282473,0.10957197224935,0.678844435564888,-0.758473847849982,"chr19:46322518:A:C"
2.57255302577183,2.40848945644436,0.105225900659183,0.505767396592544,-15.8380293864495,"chr19:46322897:A:G"
-2.57185742236042,-2.40857600244547,0.105225900659183,-0.503356223449473,-15.8373748023094,"chr19:46322962:C:G"
-2.56702170127376,-2.40917765608276,0.105225900659183,-0.486594142326288,-15.8325884269557,"chr19:46323392:G:T"
0.169979439433758,0.299604125665958,0.109571972249351,-0.391595758102719,-1.37215599752884,"chr19:46323705:C:T"
1.17404261264042,1.23967822352105,0.0993958079596313,-0.208187906241621,-8.01386119224124,"chr19:46325462:C:G"
1.19822007116928,1.23817632866353,0.0993958079596314,-0.126736225615526,-8.09679247081874,"chr19:46326067:C:G"
-0.609050588807933,-1.2502758761755,0.134753486513603,1.74678975278754,-3.45285935353736,"chr19:46327769:A:C"
-1.13186225065245,-1.14952837321104,0.108229695903824,0.0536992252501745,-7.40695743048131,"chr19:46327821:C:G"
1.63376135657436,1.41445856147063,0.107911967235713,0.667589292011268,-9.06535122339696,"chr19:46328578:A:T"
-0.58427407165472,-0.724930073898105,0.174728420600987,0.336493356327739,-3.86326924377366,"chr19:46328680:C:T"
1.54375430353601,1.67425747319692,0.105068894897463,-0.402609462381536,-9.84924610977602,"chr19:46330592:A:G"
0.509978371215269,0.0627907541435532,0.105001782938497,1.3800392307783,-0.773351229754269,"chr19:46331063:A:G"
-0.136606104653882,0.0328625477119051,0.100811802845815,-0.53374483472164,0.13853862339368,"chr19:46332105:G:T"
-0.75519664134079,-1.01667856400143,0.102388355926022,0.817177470938713,-5.54761400473957,"chr19:46332144:A:G"
-1.18188395785577,-1.23919112203183,0.0993958079596313,0.181771120316944,-8.04192707923309,"chr19:46332255:C:T"
0.394435679291105,1.09731291572179,0.14412377943231,-1.85144858957136,-2.21388594846391,"chr19:46332571:C:G"
0.805358973042054,1.01195842507202,0.102388355926022,-0.645659998172348,-5.87980891249002,"chr19:46332712:A:T"
0.876899497621504,1.00522665635942,0.102388355926022,-0.401045173460418,-6.27777715713112,"chr19:46333012:A:C"
1.20903979387502,1.23750421145684,0.0993958079596314,-0.0902855541258439,-8.13044876230611,"chr19:46333402:C:T"
1.6975796487177,2.56977906579722,0.134168715097856,-2.38116868110326,-8.37415485525764,"chr19:46333568:A:C"
1.17207737099008,1.23980030361167,0.0993958079596314,-0.214808628393388,-8.00665130078712,"chr19:46334531:C:G"
-0.166939312395814,-0.0929535813827875,0.100432634313435,-0.233458957609709,-0.477166979166442,"chr19:46334701:C:T"
1.57655643843261,1.0388338874364,0.223510205503754,1.13739043414305,-5.07495924798471,"chr19:46335106:A:G"
-1.1653039062302,-1.24022106875861,0.0993958079596313,0.237627821225239,-7.98126149414079,"chr19:46336001:A:G"
-1.76446962267834,-1.41385421417358,0.105031810698582,-1.08185877457786,-8.97577053021373,"chr19:46336556:C:T"
1.16019953917686,1.2405381501681,0.0993958079596313,-0.254823974184467,-7.96157527382438,"chr19:46337047:C:G"
-0.813657104746482,-1.23400953796295,0.132239069501952,1.15593569101778,-5.14137344566712,"chr19:46337314:A:G"
0.420413534704257,0.073719789567339,0.105001782938497,1.06991104200828,-0.826781288110711,"chr19:46337395:C:T"
-1.15750074833754,-1.24070579806535,0.0993958079596314,0.263915957498533,-7.95097476895367,"chr19:46337628:A:G"
0.490311261674907,0.0651906082070848,0.105001782938497,1.31193968080206,-0.793239003741647,"chr19:46338033:A:G"
1.01903905772315,1.08749758024074,0.103465302030172,-0.21282868269076,-7.01425350751383,"chr19:46338037:C:T"
-1.84560151161778,-1.40392816572625,0.105031810698582,-1.36282711244113,-8.67901053871704,"chr19:46338084:A:G"
-1.85635808004309,-1.40261215767181,0.105031810698582,-1.40007824995411,-8.63423827159197,"chr19:46339376:A:G"
1.08353018018314,1.07218673618868,0.171417913623029,0.0273978717705288,-5.73895576897769,"chr19:46339745:A:C"
-1.12126564376664,-1.24295670947324,0.0993958079596314,0.385988761860427,-7.79581085066378,"chr19:46340450:C:G"
0.411714936773664,0.209032511844018,0.102216391191601,0.63395118750674,-2.22187209091476,"chr19:46341634:C:T"
1.54622705646726,1.23397629603375,0.100768217213158,0.983652538666697,-8.23018991715926,"chr19:46341744:C:T"
1.18483209841116,1.38292235897752,0.135764981184174,-0.537612355733759,-7.21519088851182,"chr19:46342821:A:G"
-2.09073433900127,-2.21598005034782,0.11417684020923,0.370658406002963,-12.6959146927089,"chr19:46344129:C:G"
-1.39592049818834,-1.45823159183477,0.0988900727710507,0.198147695405349,-9.20861437504312,"chr19:46344644:C:T"
-0.75920136536688,0.034316907791357,0.123678191675386,-2.25637026989779,0.32025595588946,"chr19:46345402:C:T"
-1.33041675067011,-1.37576182987789,0.0984255625291001,0.144536060074656,-8.84592479209058,"chr19:46346189:A:G"
0.73581851593273,0.555225421187041,0.0976251951037529,0.577989811491318,-4.48421677158541,"chr19:46346219:A:G"
-1.36775353571016,-1.43583798375081,0.0977520927871599,0.217763400153858,-9.11043147802589,"chr19:46346549:G:T"
1.3792221640664,1.27266824197341,0.10394261724283,0.330500876869127,-8.44331732874571,"chr19:46347058:A:C"
1.44479984822278,0.63407636387414,0.176574176362768,1.92934173480283,-2.97806117730948,"chr19:46348071:A:G"
-0.343630221836108,-0.140318216243275,0.131718329599731,-0.560195888788938,-1.0857628303921,"chr19:46348307:A:G"
1.72198462692093,1.2052715256673,0.132609611751364,1.418933268785,-6.87961441519921,"chr19:46348612:A:C"
-1.32623141373513,-1.40610116918715,0.0975204938587454,0.255761051474795,-8.91423098816922,"chr19:46348669:C:T"
2.05827453855985,2.10427922954488,0.101865898461894,-0.144141058792982,-13.1242701918585,"chr19:46349512:A:G"
1.4020049444636,1.34276315368288,0.0968674465205964,0.190344026575289,-8.99503211090649,"chr19:46350376:A:T"
-1.42263596664815,-1.50481389311812,0.0969673465720285,0.263901842893425,-9.46126364381354,"chr19:46350798:C:T"
-1.4632737426064,-1.15639619389936,0.12802179845823,-0.85767579641672,-7.18914224566144,"chr19:46351555:A:G"
0.659118463564539,0.558538809092827,0.0976251951037529,0.321906081790285,-4.46507981990479,"chr19:46351675:A:G"
0.720151566683667,0.555902222291598,0.0976251951037529,0.525681492619812,-4.48776284019689,"chr19:46351721:A:G"
-1.39489655534352,-1.23453065916795,0.0971373364939672,-0.514539736903713,-8.49831369337222,"chr19:46351856:A:G"
2.10521791224138,2.10012406383019,0.101865898461894,0.0159599529439258,-13.2953561777892,"chr19:46352086:A:G"
0.618445981350804,0.380925818900062,0.18757748941114,0.548416006799236,-2.91561962882984,"chr19:46352264:A:G"
1.40240291262807,1.34274918413565,0.0968674465205963,0.191667583505483,-8.99566818365158,"chr19:46352536:C:G"
-0.852437513583391,-1.18062456986211,0.0985083207064079,1.04564674683975,-6.14573530714994,"chr19:46352876:A:G"
-1.42536497392422,-1.34194316589466,0.0968674465205964,-0.26803448436107,-9.0278049983109,"chr19:46353103:A:G"
1.46214573052027,1.5033848375803,0.0969673465720285,-0.132433085378429,-9.6073851496308,"chr19:46353164:A:G"
-1.37517550601312,-1.33670921662905,0.0982933905238602,-0.122692534122084,-8.87048960638527,"chr19:46353528:C:T"
-0.754522370545423,-1.18577844685291,0.098508320706408,1.37403808169334,-5.29056294302305,"chr19:46353706:A:G"
0.811192486408658,1.13507448477047,0.0994686741967143,-1.02693663115593,-5.87909247518567,"chr19:46353758:C:T"
1.45516256297977,1.50363741651946,0.0969673465720285,-0.155669578591605,-9.58346249125198,"chr19:46354000:A:G"
-1.42934122518635,-1.34180359083619,0.0968674465205965,-0.281258644944731,-9.03246102801856,"chr19:46354029:A:G"
-0.474339310631354,-0.589643922281049,0.107943209692551,0.350953043953349,-3.93547547381481,"chr19:46354739:A:G"
-1.43488789076145,-1.50437074493684,0.0969673465720285,0.223133559753183,-9.50937318146914,"chr19:46354847:A:G"
-1.36352804697627,-1.34411377638311,0.0968674465205964,-0.0623781014892459,-8.92074648663516,"chr19:46355304:G:T"
-2.11635231287998,-2.09913850876333,0.101865898461894,-0.0539339771250105,-13.3302767189099,"chr19:46355419:C:T"
2.11744529430444,2.09904176414134,0.101865898461894,0.0576616050763364,-13.3335876506981,"chr19:46355847:A:G"
1.45625071802808,1.50359805829897,0.0969673465720285,-0.152048742166262,-9.58724404939342,"chr19:46356044:C:G"
2.11601308579434,2.09916853525365,0.101865898461894,0.0527770385549815,-13.3292448583571,"chr19:46356078:A:G"
0.937706940445508,1.1761363147926,0.098508320706408,-0.759667070554222,-6.77764903550021,"chr19:46356801:A:G"
1.44807181801314,1.50389388649976,0.0969673465720285,-0.179264035739875,-9.55833443609219,"chr19:46357305:A:C"
-1.13069152921798,-1.39833464607633,0.106702692863038,0.819347982935551,-7.60265209962846,"chr19:46358173:C:T"
0.724276332377157,0.555724035336813,0.0976251951037529,0.539453130973618,-4.48719704696422,"chr19:46358180:A:G"
-2.07376039113934,-2.05151013294282,0.0980223405756081,-0.0710677426153583,-13.2917047907559,"chr19:46359213:A:T"
0.925749421118424,1.17676571267544,0.098508320706408,-0.799770629733373,-6.69618083400488,"chr19:46359878:C:T"
1.4132498250338,1.33087852194138,0.0968309489318064,0.264709082356312,-8.96824107702976,"chr19:46361200:A:G"
1.44783411277313,1.32967802632623,0.0968309489318065,0.379707350059532,-9.0002525051698,"chr19:46361216:A:G"
1.34132819814301,1.33337507755554,0.0968309489318065,0.0255582123086954,-8.83644084116353,"chr19:46361651:C:G"
1.38665179242284,1.33180179732476,0.0968309489318065,0.17626638555629,-8.92982030421649,"chr19:46362137:A:G"
0.872606363888392,1.17956295906023,0.098508320706408,-0.978003729951627,-6.3056200033116,"chr19:46362688:C:T"
-0.945985126285542,-1.17570058289044,0.098508320706408,0.731903392599744,-6.83262907431395,"chr19:46362727:C:G"
-0.718737990785629,-0.555963287768594,0.0976251951037528,-0.520961889738131,-4.4878960905407,"chr19:46363525:G:T"
2.10968670553631,2.09936573755116,0.102702368760921,0.0322055114643631,-13.2457907110128,"chr19:46363862:A:G"
-1.33595881151478,-1.5079489781302,0.0969673465720285,0.552320116594105,-9.04956274327196,"chr19:46365128:A:G"
0.718516737713644,0.555972845744517,0.0976251951037529,0.520223176919356,-4.48791414227175,"chr19:46365473:C:G"
0.794588228383978,0.552686611258625,0.0976251951037529,0.774208284533901,-4.43758262446541,"chr19:46365703:A:G"
-2.38038609284556,-2.42092853897657,0.112553297028775,0.12084559870315,-14.66028187072,"chr19:46365921:A:G"
0.189020726853944,0.485175773998723,0.116605069915478,-0.867282176984981,-2.01613269774116,"chr19:46366374:C:T"
-1.64264446690827,-1.39223373947856,0.100040964194772,-0.791706107804756,-9.19840126021031,"chr19:46367045:C:T"
-2.01362140572249,-2.27289165114535,0.0972503020335765,0.831394599984403,-13.4374739566936,"chr19:46367875:G:T"
0.610994102183584,0.492537282788091,0.130251250114079,0.32822308066253,-3.81120962940487,"chr19:46367918:G:T"
-0.4967917772198,-0.679533589414719,0.108644631908126,0.55441349247933,-4.04357491634355,"chr19:46367994:A:G"
0.717395509155213,0.55602128202364,0.0976251951037529,0.51647965416774,-4.48799394566513,"chr19:46368010:G:T"
-1.35542897162163,-1.33288560913395,0.0968309489318065,-0.0724455310685708,-8.86927725399158,"chr19:46368896:C:T"
0.334332683793175,-0.199571000802314,0.133199990669677,1.46288713567073,1.47162561912549,"chr19:46369178:A:G"
-2.22420701507292,-1.81817603275568,0.129342307914997,-1.12898681712363,-10.2399923656997,"chr19:46370451:C:T"
1.72151889752968,1.20546575081225,0.132609611751364,1.41712098369867,-6.88248922411232,"chr19:46370628:C:G"
0.716906773763634,0.556042395046189,0.0976251951037528,0.514847879768026,-4.48802262612573,"chr19:46370708:A:G"
-1.58238276724702,-0.961574032497386,0.103760089831206,-1.92727039077692,-5.74655912208521,"chr19:46370826:C:T"
0.555462787417139,0.670090470637954,0.108644631908126,-0.347764605297229,-4.30617478166766,"chr19:46371377:A:G"
1.35934820268375,1.30898797690296,0.0970651533709569,0.161642662742231,-8.79083497801203,"chr19:46371769:C:G"
0.195101134645478,0.0626944334058723,0.107310533123318,0.40419300147451,-0.351653931755741,"chr19:46371994:A:C"
-0.760008328438074,-0.554180438429858,0.0976251951037529,-0.658753998944604,-4.47134062811022,"chr19:46372136:C:T"
-1.35461115783093,-1.30916426517645,0.0970651533709569,-0.145872196324303,-8.78244356491034,"chr19:46372357:C:T"
-0.69140381792861,-1.36210949578416,0.152157223833968,1.71943473153333,-3.70188613074438,"chr19:46372686:C:T"
-0.736543863473384,-0.629083430146546,0.177562481114119,-0.255019262266392,-3.98265375734851,"chr19:46373607:C:T"
-1.3608116938242,-1.37065056037362,0.105638915791086,0.0302714415145228,-8.67681047856839,"chr19:46373998:A:G"
1.3959219297491,1.0964779136016,0.0989588119015508,0.95189359073706,-7.57859580734612,"chr19:46374148:A:G"
0.115393893425268,0.563021100188986,0.218327115981974,-0.957993662557359,-0.851564639787942,"chr19:46374379:C:T"
-0.602508935695506,0.669521175795414,0.196410662405626,-2.87021785582609,3.73009267841805,"chr19:46374455:C:T"
-0.298095812751171,0.251447456508758,0.176347126241584,-1.30863249343061,1.27453836875688,"chr19:46374679:C:T"
0.0751372248073306,0.127825360037534,0.0986679851435214,-0.167735388208783,-0.302474729615703,"chr19:46375038:A:G"
2.23962216018729,2.04159562198613,0.104914131110641,0.61137320582981,-13.0529977589356,"chr19:46375192:G:T"
1.40446824866339,1.51824429058026,0.10049789867143,-0.358899068162243,-9.26005767657669,"chr19:46375732:A:G"
-0.921127412576026,-1.17700899744978,0.098508320706408,0.815272088525652,-6.66404635786096,"chr19:46375925:A:C"
-2.24547065252126,-2.08613321924682,0.102702368760921,-0.497195955011753,-13.503255600178,"chr19:46378769:A:G"
0.709308377840419,0.24855706645956,0.101716450885733,1.4446777391143,-2.31115564037631,"chr19:46379203:A:G"
-1.28508938725905,-1.26892400470703,0.0978437391333264,-0.0516796383773061,-8.47614702439537,"chr19:46379577:C:T"
0.713649320820586,0.5561831147048,0.0976251951037529,0.503971998028396,-4.48811902979112,"chr19:46380837:C:T"
-0.0414426042761806,0.00767172528524159,0.0981103512436103,-0.156801713690777,0.0101486197823288,"chr19:46380844:G:T"
0.00871904239207659,0.847617188173653,0.121470287612219,-2.40698954888669,-0.0616176490657985,"chr19:46382447:C:T"
0.709028473002628,0.55638273205579,0.0976251951037529,0.488544056233478,-4.48797276936438,"chr19:46382675:A:G"
0.789482767740188,0.90370015473387,0.0995188880314485,-0.362059096210035,-5.79401879115655,"chr19:46382720:C:T"
1.33925406591433,1.21073326672575,0.098000255554268,0.41054409829636,-8.33038037656917,"chr19:46382977:A:G"
0.772696376215703,1.84377526426073,0.150508796621815,-2.76083541535576,-3.57809411690696,"chr19:46383511:A:G"
-0.709020715878791,-0.556383067158038,0.0976251951037529,-0.48851815699167,-4.48797224439353,"chr19:46383750:C:G"
-1.20402733631239,-1.18827624000004,0.098266655030252,-0.050246718074635,-8.02479753171134,"chr19:46383942:A:G"
1.29670187575489,1.26618256178809,0.10549920560126,0.0939615499948785,-8.2405922874122,"chr19:46384310:C:T"
0.17564035697941,0.0630122968442607,0.128286524206845,0.314453247892391,-0.267558200785932,"chr19:46384590:C:T"
-2.24447611923303,-2.08779770375417,0.101865898461894,-0.490901953987243,-13.5767539856705,"chr19:46385178:A:G"
1.65474597854176,1.4739738298386,0.100364186225782,0.570613623613616,-9.67626525606491,"chr19:46385309:C:T"
-0.921980692061436,-1.17696408409552,0.0985083207064079,0.812410329041634,-6.67000564771795,"chr19:46385637:A:G"
1.34975418423139,1.29522903723632,0.0975833514855058,0.174545630026353,-8.70625414370104,"chr19:46385904:A:G"
0.905081375473976,0.270621381473792,0.0991460551001058,2.01496043699918,-1.74153910757175,"chr19:46386903:C:T"
2.2430434078065,2.08792451938185,0.101865898461894,0.486015672262551,-13.5755626733245,"chr19:46386965:A:G"
-1.62891948364276,-1.39318095022004,0.100040964194772,-0.745318056743754,-9.21782290063897,"chr19:46386990:C:G"
0.577571180021557,0.147086840651503,0.14236606848229,1.1409171565245,-1.50458971212099,"chr19:46387806:C:T"
-1.35198697912968,-1.53135067859602,0.0989786506241662,0.570116733925197,-9.06124620759767,"chr19:46388003:C:T"
-0.735543946948029,-0.182943879671676,0.101646173942105,-1.73326678831185,-1.63474796345994,"chr19:46388854:C:T"
-1.23422904214463,-1.31303005939634,0.0982784036927755,0.251363825353916,-8.39564228029334,"chr19:46388861:C:G"
0.941566630699173,0.268452302605286,0.0991460551001058,2.13772145369669,-1.61415251996739,"chr19:46388911:C:T"
2.15687885101122,1.60666492028041,0.098653956359981,1.75175888395925,-9.81136103261838,"chr19:46389981:A:C"
0.718174287248854,0.5559876393619,0.0976251951037529,0.519079814046031,-4.4879405850861,"chr19:46390208:A:G"
-1.59244727879404,-1.39569802900476,0.100040964194772,-0.622048361757578,-9.25465445220103,"chr19:46390553:A:G"
-1.61016812188574,-1.39447504952276,0.100040964194772,-0.681941722520171,-9.23946923541668,"chr19:46390906:A:C"
-1.35824366188503,-1.26559295406591,0.0978437391333264,-0.296198067697264,-8.59581514699268,"chr19:46391529:C:T"
-2.23561661343672,-2.04208064204071,0.104914131110641,-0.597509345719934,-13.0532757918403,"chr19:46391950:G:T"
-2.21398029176189,-2.08920204133081,0.102702368760921,-0.389357604881983,-13.4722240793255,"chr19:46392313:C:T"
-0.813383012672772,-0.292933385458702,0.0991702775624962,-1.6526768260106,-2.28141126660819,"chr19:46392490:A:C"
-0.843085223971208,-0.291159876228313,0.0991702775624962,-1.75262731339673,-2.14759038526318,"chr19:46392500:A:T"
-0.60252885364153,-0.0525754770187216,0.103623343843631,-1.70842953818528,-0.63677029904059,"chr19:46392960:A:G"
-0.0607622422056123,-0.204856027696173,0.11612896819754,0.422838931965067,-0.330664326980736,"chr19:46394602:C:T"
-0.278144525420858,-2.53578990540398,0.132691651765493,6.19774817192861,-1.3943686721814,"chr19:46394765:A:G"
-0.976116714683307,-0.551039364214636,0.11286917611098,-1.26526148297886,-3.90720700188126,"chr19:46394977:C:T"
0.903768624928392,0.593149571785514,0.11342980798861,0.922283614755363,-4.36578564337761,"chr19:46395484:C:T"
-0.483506089327944,0.0849720421242201,0.140910723770889,-1.51440397135933,0.818814173309005,"chr19:46395486:A:G"
-0.129578982781642,-0.383351492398398,0.102193729628402,0.793839034037924,-1.37334515463174,"chr19:46395685:C:T"
1.37012540907435,1.27521573489748,0.1417154932891,0.25211681733787,-7.44365319323895,"chr19:46396270:C:T"
0.432895453565381,0.533502180217473,0.126957700825663,-0.282356308002029,-3.54919025871752,"chr19:46396631:C:T"
0.874528079512261,0.306167402656476,0.104289436313798,1.75996431733943,-2.17547027301173,"chr19:46396758:A:G"
0.210395050793375,0.231234662882423,0.10151247546951,-0.0654078571695741,-1.4262053248121,"chr19:46396996:C:G"
-1.12826183402238,-1.36384133983942,0.116295036059725,0.690807298902226,-7.37424244752374,"chr19:46397217:C:T"
-0.855381819193487,-0.393600882708877,0.103465897454966,-1.43561301059189,-3.00947311019708,"chr19:46397260:C:T"
-0.882347568000402,-0.39075298607511,0.103465897454966,-1.5282995073833,-2.88892294073393,"chr19:46397567:A:G"
1.47945521816069,1.99072227778575,0.114229495229361,-1.51272046963726,-8.6057720128589,"chr19:46398040:C:T"
-0.155263375863979,-0.380988077487074,0.102193729628402,0.706101221781609,-1.62194250318958,"chr19:46398099:A:G"
-1.15046412265156,-1.15372416637638,0.11120948249375,0.00977580466447533,-7.38607055152561,"chr19:46398610:C:G"
0.201673346176475,0.153017499047593,0.111522284201248,0.145698208006629,-0.845217959030889,"chr19:46398988:C:T"
2.03155806201721,2.11126974010696,0.111169845159074,-0.239071855157218,-12.4029383876267,"chr19:46400440:C:T"
-1.5664670119477,-1.83019582457233,0.114595751366518,0.779064331620404,-9.60090926401326,"chr19:46400866:C:T"
0.225288157158483,0.148490534257774,0.111522284201248,0.229967757136433,-0.912265533881636,"chr19:46401188:A:G"
0.74385318915994,0.405379602903732,0.103465897454966,1.05226752726139,-3.43968841502121,"chr19:46401463:C:T"
0.7483377249846,0.404905983774126,0.103465897454966,1.06768174469327,-3.42522208547523,"chr19:46401543:A:G"
-0.548880768795391,-0.222547380537173,0.140273056589055,-0.871313373513212,-2.16700908366081,"chr19:46401657:A:G"
2.0425151129686,2.10921053599144,0.111169845159074,-0.200033406580841,-12.4456293748402,"chr19:46401957:C:G"
0.142494486587988,0.236988409473315,0.10151247546951,-0.296581576713905,-1.00562678608994,"chr19:46401958:A:G"
1.46709866703324,1.63509012160184,0.115324993538049,-0.494681274474418,-9.0981977355873,"chr19:46401966:C:T"
-2.2863246706221,-2.20425233315668,0.114241882073987,-0.242819817248241,-13.377495031934,"chr19:46402409:C:T"
-0.500258499441724,-0.267821995409431,0.125639693797918,-0.655753927148859,-2.60147104991865,"chr19:46402802:A:G"
-0.0702025638885083,-0.243114270261803,0.10151247546951,0.542706080376384,-0.512564615781123,"chr19:46403164:A:G"
2.20833973126817,1.59032933717799,0.106795407128761,1.89112175873547,-9.16049267627614,"chr19:46403250:A:G"
0.120341490505565,0.238865606329919,0.10151247546951,-0.372003490557457,-0.858924203092056,"chr19:46403298:A:G"
-2.17234414185607,-1.60152763701132,0.106339542297591,-1.75044765663737,-9.3883064848641,"chr19:46403700:A:G"
2.19618637198523,1.67628692988094,0.107709652645765,1.58413445039146,-9.95909836546747,"chr19:46403740:A:C"
2.18137336343117,1.60029678522944,0.106339542297591,1.78191086979294,-9.34932341192901,"chr19:46403810:A:C"
0.810672144548195,0.770739405061037,0.167375406679368,0.0976075208730145,-4.51255508908653,"chr19:46403880:A:C"
-2.22655792504577,-1.52353379840741,0.10654673093236,-2.15377417363066,-8.54534014152535,"chr19:46403929:C:G"
0.136730527588985,0.165467052563862,0.111522284201248,-0.0860505045177192,-0.624934836005086,"chr19:46404213:C:G"
-0.250469131162409,-0.721573771479374,0.112875316133099,1.40222560174531,-2.30634499993115,"chr19:46404293:C:T"
-0.0315639687865317,0.682748951611776,0.117043028963739,-2.08792901469319,0.341443887641598,"chr19:46405021:C:T"
0.0121260863365504,-0.641014413771763,0.112550404285551,1.9468526595633,0.139878253154511,"chr19:46405141:A:G"
0.285559767322271,0.131421580523604,0.105257534865092,0.475098488307646,-1.06528925574116,"chr19:46405354:A:G"
-2.04004243990187,-2.07160839908198,0.116577167763779,0.0924511335818375,-12.0276649564686,"chr19:46406725:A:G"
-2.05676744390594,-1.5907664842136,0.114278945118752,-1.37849025300918,-9.35588589940803,"chr19:46407218:A:G"
-2.10966022099238,-1.68148913546248,0.113674091328834,-1.26994990615497,-10.0004507465745,"chr19:46407234:C:G"
-1.33197999447639,-1.23774441237996,0.11709753397982,-0.275385483243288,-7.86201762936938,"chr19:46408126:A:C"
1.21008257380654,0.115887444167371,0.112340306715108,3.26457743728764,-0.543723970790613,"chr19:46409564:C:T"
-1.37882546179573,-1.55681247327546,0.110170328727343,0.536236026622606,-8.82063400406286,"chr19:46411290:C:G"
-1.51194023264421,-0.831483158316147,0.131037822304134,-1.87975998342487,-4.56343534884552,"chr19:46411664:A:G"
-1.38909958492675,-1.55499134833565,0.110170328727343,0.499795683517824,-8.87123015802537,"chr19:46411670:C:T"
0.319862813653065,0.543786518945979,0.0976140080948019,-0.716710882897365,-3.25981866624804,"chr19:46411834:C:T"
-2.49797130293765,-2.27998522140948,0.115704208126178,-0.640846751917375,-14.0212163288357,"chr19:46412751:A:G"
-0.325869753182113,-0.543527741495004,0.0976140080948019,0.69665625070528,-3.29763146253411,"chr19:46412982:C:T"
1.45422714797244,1.5434472556847,0.110170328727343,-0.268800715606788,-9.14505814618065,"chr19:46413718:C:G"
2.56593819016036,1.96966399452646,0.101198306701632,1.87438755608373,-12.1998774744925,"chr19:46413971:C:T"
-1.06786389692484,-0.848401516993172,0.119806830519533,-0.634043850863363,-5.75008570317316,"chr19:46414525:C:T"
-1.55113687711195,-1.44515996543176,0.0986760564809251,-0.337369150008708,-9.54522336628148,"chr19:46414713:C:T"
0.151701741861469,0.488774686711546,0.12763180071739,-0.943505523530854,-1.55754222199749,"chr19:46414757:C:T"
1.47643670030259,1.44922578718435,0.0986760564809251,0.0866237983737896,-9.43502039330624,"chr19:46415534:A:G"
1.47398211207572,1.44935938684412,0.0986760564809251,0.0783845061210362,-9.42977695052589,"chr19:46415557:C:T"
-1.47353131496105,-1.44938392307406,0.0986760564809251,-0.076871319862812,-9.4288026973515,"chr19:46415864:C:T"
1.47281857009625,1.44942271673827,0.0986760564809251,0.0744788561581121,-9.42725519160636,"chr19:46415998:C:T"
1.47320685885565,1.449401582747,0.0986760564809251,0.0757822212326166,-9.42809932512624,"chr19:46416053:A:G"
-1.47316718689386,-1.35385513951204,0.100641005578444,-0.376094354620417,-8.99020199519153,"chr19:46416175:C:T"
2.53823493487858,1.97191850483755,0.101198306701632,1.78021533892841,-12.2869801714437,"chr19:46416251:C:G"
-1.75907826030219,-1.23809807018966,0.10512294965712,-1.60683928368153,-7.51604104793902,"chr19:46416646:A:G"
1.46152346508781,1.45003749284192,0.0986760564809251,0.0365646878379934,-9.40156361875022,"chr19:46417058:C:T"
0.737747801680246,0.651392525597974,0.0994158632441075,0.273880450159287,-4.92669713674862,"chr19:46417278:C:T"
0.722671596674979,0.652332284844377,0.0994158632441075,0.223084949316891,-4.90624883005733,"chr19:46417315:A:G"
0.661571815738698,0.656140874875356,0.0994158632441075,0.0172245240351455,-4.78490493072492,"chr19:46417354:C:G"
0.640831566985817,1.23607116675763,0.103644114002032,-1.84892584969438,-3.99827451753894,"chr19:46417420:C:T"
1.62665968266352,1.6692035794252,0.108608839475426,-0.129093590346339,-10.0280810736021,"chr19:46417674:A:G"
-2.52448865170792,-1.97303718698634,0.101198306701632,-1.73348732986746,-12.3317610324255,"chr19:46418028:C:T"
0.711750212735239,0.653013057727031,0.0994158632441075,0.186288078558137,-4.88909002006835,"chr19:46418478:A:G"
0.724660746658625,0.652208293290209,0.0994158632441075,0.229786892520403,-4.90916178679664,"chr19:46418652:A:T"
0.336426298284777,-0.310099993446303,0.148549972349786,1.67745123232901,2.00510173904708,"chr19:46418805:A:G"
0.707624460748229,0.653270232100606,0.0994158632441076,0.172387389461754,-4.88209476683051,"chr19:46418854:C:G"
-0.713813247183594,-0.652884460663122,0.0994158632441075,-0.193238956980323,-4.89248235649704,"chr19:46419152:A:G"
-0.664664132180517,-0.843420319235124,0.100092120875798,0.565016507770328,-5.06914908026976,"chr19:46419659:A:C"
0.698237304198528,0.675793506013279,0.0995071049780285,0.0711490833565733,-4.93669773059089,"chr19:46419785:C:T"
0.709898142835461,0.675055270838481,0.0995071049780285,0.110455386545263,-4.96209321792451,"chr19:46420006:A:C"
0.704693106396448,0.675384796107206,0.0995071049780285,0.0929102727888584,-4.95103690462362,"chr19:46420060:A:G"
-0.242664007426346,-0.261537807802789,0.099705289578382,0.0597723399397387,-1.84245874092591,"chr19:46420495:C:T"
-0.851580825803132,-1.03848855354793,0.0998830049484067,0.59140018768419,-6.2279171966545,"chr19:46421083:C:T"
0.26715523713905,-2.20022312121278,0.101198306701632,7.75620230576683,1.53916075461738,"chr19:46421263:C:T"
-0.688449114671088,-0.691813917713893,0.0998456167006909,0.0106486645479408,-4.95159304032814,"chr19:46421301:A:G"
-2.52849180892609,-1.97271140724914,0.101198306701632,-1.74709534044317,-12.3186469691199,"chr19:46421356:C:T"
-2.54243796514951,-1.97157645929136,0.101198306701632,-1.79450278187903,-12.2734536343092,"chr19:46421365:C:T"
-0.159587233992281,-0.519986554592573,0.100013314082885,1.13960685869828,-1.91863406982903,"chr19:46421486:A:G"
0.440164281825372,0.56738531171863,0.108824705367783,-0.385651617296528,-3.7766021777899,"chr19:46421537:A:G"
-2.48234778961634,-1.97646663984801,0.101198306701632,-1.59023707369228,-12.4710469717716,"chr19:46421554:C:G"
0.769373749357802,0.0787150042226557,0.117566773788757,2.01428637408475,-0.693959879139495,"chr19:46421765:A:C"
0.821550754605537,1.04051034919676,0.0998830049484068,-0.692816433536198,-6.04048979922964,"chr19:46421930:C:T"
0.0332312338064043,0.528669505772774,0.100013314082885,-1.56660909308618,-0.425387315369856,"chr19:46422000:A:G"
-0.0022363872089664,-0.530799414439116,0.100013314082885,1.67135179412244,-0.0287125907718693,"chr19:46422031:G:T"
2.22636349263053,1.99729882116255,0.101198306701632,0.720064649588833,-13.011216174527,"chr19:46422150:A:G"
0.154089640110998,0.520364339099935,0.100013314082885,-1.15818519979503,-1.8604838489411,"chr19:46422168:A:G"
-2.47102295667158,-1.97738826268207,0.101198306701632,-1.55174034771282,-12.5081342432345,"chr19:46422256:C:G"
0.105911124301997,-0.368769805066615,0.135219237555433,1.29087010324291,0.855247588966949,"chr19:46422396:C:T"
0.0014144154626856,-0.0809418306429035,0.1013307224131,0.25871759968804,0.0035324350768251,"chr19:46422418:C:T"
-0.0930884111654849,-0.809634527863763,0.106724351600202,2.1933724502171,-0.679132750630237,"chr19:46422448:A:G"
-0.340724661004671,-0.542887795785215,0.0976140080948019,0.647061992067022,-3.38770805277382,"chr19:46422681:G:T"
-0.462964442386963,0.00400216451802545,0.102119483024211,-1.46127354282266,0.0489074744288818,"chr19:46422851:A:G"
0.524491116846308,-0.0993327299490761,0.10241218961394,1.94933350113928,1.22807109246161,"chr19:46422860:C:T"
0.362512877427792,0.606680011088359,0.10582962451219,-0.750556823036033,-3.39848634175458,"chr19:46422921:C:T"
-0.376442189875471,-0.541349093584031,0.0976140080948019,0.527816259552458,-3.58508145408489,"chr19:46422956:C:T"
-0.133951596884105,0.237318975235305,0.104082508561563,-1.15080476597057,0.925709751160972,"chr19:46423127:C:T"
1.73352110606778,1.95204636718312,0.107335616802371,-0.667005967900684,-10.8734513789756,"chr19:46423236:A:C"
-1.80164174729885,-1.94203518637062,0.107335616802371,0.428523737882862,-11.2533674489932,"chr19:46423292:C:G"
0.610010414324488,0.703667996345354,0.097369545954482,-0.300145176841783,-4.74144529643555,"chr19:46423410:C:T"
0.571293066350065,0.705234790088452,0.0973695459544819,-0.429244077099866,-4.56517073647022,"chr19:46423527:A:G"
-0.75334592115607,-0.975739781423091,0.102107446935761,0.69597571305154,-5.56359358290775,"chr19:46423614:A:G"
-0.562562670411114,-0.705588087265232,0.0973695459544819,0.458354658622142,-4.5221651720667,"chr19:46423650:C:G"
0.551073833946153,0.706053011595814,0.0973695459544819,-0.496662968216373,-4.46376188756574,"chr19:46423696:C:T"
-0.523511986069165,-0.707168370293165,0.0973695459544819,0.588565033728442,-4.31534034603265,"chr19:46424078:C:T"
-0.54012405070056,-0.706496121797698,0.0973695459544819,0.533173861886156,-4.40619536775578,"chr19:46424168:A:G"
-0.153040940858253,0.00938115030303437,0.0979043347926999,-0.519091762620328,0.0455427399750181,"chr19:46424263:C:T"
-1.20376582774913,0.0917688472530842,0.117554003051782,-3.77859486490332,0.413889372012843,"chr19:46424309:A:G"
-0.47257435221144,-0.537207744099135,0.0976140080948019,0.206871600770829,-3.99341820693438,"chr19:46424312:C:T"
-0.547009930872609,-0.706217467537175,0.0973695459544819,0.510213623026109,-4.4426128115184,"chr19:46424321:C:T"
-0.535537483678881,-0.70668172863515,0.0973695459544819,0.548467284329515,-4.38153310975419,"chr19:46424467:A:G"
-0.523235857183151,-0.666338441470075,0.0973558141335823,0.458634298942706,-4.31259660475154,"chr19:46424708:A:T"
-0.511057814501182,-0.740719604292987,0.0973665348963842,0.736010292746291,-4.22177501204778,"chr19:46425317:C:T"
0.510836626449797,0.740728548100558,0.0973665348963842,-0.736747809496615,-4.22036925764254,"chr19:46425358:A:G"
1.76410146805003,1.94755220025245,0.107335616802371,-0.55994777249199,-11.0542795665257,"chr19:46425449:A:G"
-0.496869279636246,-0.604006687643302,0.101045697537248,0.337040602193668,-4.11278054670743,"chr19:46425674:A:G"
-0.816859469714052,-0.882428460579992,0.100575193775101,0.206753590722876,-5.85417679364878,"chr19:46426068:C:T"
-0.149586914012952,0.00922163605287441,0.0979043347926999,-0.507543090865567,0.0437768280480828,"chr19:46426268:C:T"
-0.501086503819632,-0.6672315200369,0.0973558141335823,0.532483766211018,-4.20074143353734,"chr19:46426334:A:C"
-0.536244802827275,-0.504003088424257,0.0986378257849328,-0.102658846776353,-4.07888318014475,"chr19:46426362:A:G"
0.144564315571044,-0.0393914604357457,0.0976563147061461,0.588658288201935,0.181165840053317,"chr19:46426768:A:C"
0.325372130243859,0.399598486786671,0.0978774990680654,-0.237255730831229,-3.11970737146316,"chr19:46426890:A:G"
-0.309764046019796,-0.0428421089254226,0.103021571023361,-0.831610920533806,-0.385638613527402,"chr19:46427444:A:G"
-0.218410092067198,-0.532143702227148,0.0980605586036754,1.00187575170349,-2.50097097622332,"chr19:46427590:C:T"
-0.27130695975536,-0.47899490506755,0.0995502463551314,0.658248867004786,-2.90941786681245,"chr19:46427900:C:T"
0.407803361066079,0.470290539829776,0.0995502463551315,-0.198047674657769,-3.6439345343086,"chr19:46428485:A:G"
1.79908682472016,1.97692015930735,0.107998731951069,-0.541132781391562,-11.2325946617584,"chr19:46428585:C:T"
0.150934937207199,0.464993461950702,0.0976561860146153,-1.0049876084184,-1.81591536032143,"chr19:46428805:A:G"
0.829175699074493,0.701491459717354,0.0978996486366343,0.408081331056354,-5.30621937623061,"chr19:46428968:C:T"
0.559162189536912,0.570538828910399,0.101144236248267,-0.0357720164666297,-4.26908697255258,"chr19:46429077:A:C"
0.467102449657357,0.284236165072785,0.0971236544777365,0.586774366854657,-3.02030536509347,"chr19:46429603:G:T"
-0.627154786649558,-0.72721158428108,0.0980499279603482,0.319538328809603,-4.83360726695387,"chr19:46429605:A:G"
-0.725557839610166,-0.579661429289648,0.0972744766371299,-0.467783775836612,-4.61932978101418,"chr19:46430899:C:T"
0.670850701694606,0.581819713321929,0.0972744766371299,0.285457687519127,-4.58198654238016,"chr19:46431481:A:C"
0.614085550101515,0.584059189283221,0.0972744766371299,0.0962727212229373,-4.49320547589918,"chr19:46431507:A:T"
-0.559261446982405,-0.586222087779727,0.0972744766371299,0.0864431847462161,-4.35872763620958,"chr19:46431528:A:G"
0.62469507448716,0.583640626588406,0.0972744766371299,0.131631783199986,-4.51369113516782,"chr19:46431545:C:T"
-0.754492550945868,-0.525062778681294,0.0976140080948019,-0.734334109144838,-4.29489286968492,"chr19:46431722:C:T"
1.72219917950311,1.37352346874746,0.103701991274346,1.08274988677786,-8.8045388935817,"chr19:46431823:C:G"
-0.72364854601091,-0.579736753973872,0.0972744766371299,-0.46142054707587,-4.61881739744543,"chr19:46431903:A:G"
-0.456885274256542,-0.652798260093567,0.101245458041276,0.615708924854141,-3.92529565011395,"chr19:46431955:A:G"
1.51865281974691,1.26732810470121,0.103384515166552,0.781641214948699,-8.4216966458145,"chr19:46432156:C:G"
0.737578351892928,0.705717031796101,0.0978996486366343,0.101829403376546,-5.16608466397761,"chr19:46432287:G:T"
0.95750601901531,0.695571320832506,0.0978996486366343,0.83714842820424,-5.27291094499562,"chr19:46432374:A:G"
-0.953120533242605,-0.69577363221819,0.0978996486366343,-0.822485738584615,-5.27834626292424,"chr19:46432383:A:G"
0.912994860282822,0.697624711190636,0.0978996486366342,0.688327216842448,-5.31421955772593,"chr19:46432423:C:T"
0.747381026690133,0.705264814453634,0.0978996486366342,0.134604239607443,-5.18768220636393,"chr19:46432627:A:G"
-0.220311560175656,0.210064818605778,0.0972245728189927,-1.38025842025056,1.41755346332723,"chr19:46432874:A:T"
1.71896325575768,1.37387338364563,0.103701991274346,1.07161470796961,-8.81444809995332,"chr19:46432897:A:G"
-0.726510259546492,-0.579623854800855,0.0972744766371299,-0.470957968602715,-4.61956410762719,"chr19:46432929:A:T"
-0.173041301480738,-0.0566324657526156,0.103021571023361,-0.362678542243252,-0.294378747879353,"chr19:46432933:A:G"
-1.35653396755206,-0.985090464294756,0.101647608251106,-1.16504898164214,-6.7471811298351,"chr19:46433179:C:G"
-0.249713217970084,-0.885985928603885,0.121752238495084,1.82349601946386,-1.7405574973944,"chr19:46433267:A:G"
0.522476467866978,0.676993762104483,0.0984337747586869,-0.492498627637515,-4.29620941177497,"chr19:46433397:A:G"
0.783878586856501,0.703581107709642,0.0978996486366342,0.256632316844265,-5.25418006059812,"chr19:46433491:C:T"
1.76071626501041,1.98283108280463,0.107998731951069,-0.675877834829327,-11.0061751713329,"chr19:46433785:A:G"
-0.373747652313014,-0.154943289051118,0.098012670678463,-0.698899720205059,-1.652561966328,"chr19:46433801:A:C"
-0.339380456100045,-0.141497458933425,0.0983443458891231,-0.631006425400032,-1.40828801666915,"chr19:46433913:A:C"
-0.673933065958103,-0.676893761687288,0.0981753221518813,0.0094491470948613,-4.90090519665178,"chr19:46434280:A:G"
1.05400275697842,0.757696080085352,0.0990691589201958,0.941395677556766,-5.59781937019604,"chr19:46434399:A:C"
0.372764210212466,0.226777231016324,0.0979014732509659,0.466572898359196,-2.3156067580336,"chr19:46434474:C:G"
-0.694354582351277,-0.527653507311654,0.0976140080948018,-0.533558849945345,-4.33595008221775,"chr19:46434667:C:T"
0.672415587796211,0.581757976063976,0.0972744766371299,0.290673086687114,-4.58370999338369,"chr19:46435078:C:T"
1.03668224260664,0.758711566954648,0.0990691589201958,0.88314038444957,-5.62688781049748,"chr19:46435079:A:G"
1.02904236118221,0.759159486635494,0.0990691589201958,0.857444638807658,-5.63822698828194,"chr19:46435112:A:C"
0.568858058020352,0.646168771298317,0.0978247835261004,-0.247181083939195,-4.48807612719899,"chr19:46435226:C:T"
-0.698152799985914,-0.58074260190585,0.0972744766371299,-0.376449191991483,-4.60650680869075,"chr19:46435414:A:G"
-0.436503185303349,-0.248019141994562,0.104296411096427,-0.583633090634057,-2.59161778435063,"chr19:46435639:A:T"
0.683011022291366,0.528142185038969,0.0976140080948019,0.495687497378896,-4.33749992811406,"chr19:46435760:A:G"
-0.162755527257837,-0.301769866829593,0.105015729384194,0.428975435932081,-1.37702271161227,"chr19:46436181:G:T"
-0.8704363428043,-0.64085238790683,0.128882753763101,-0.639505272613686,-4.49374765632938,"chr19:46436230:A:G"
0.210869934891358,0.0970870420121685,0.103674501947191,0.3533792075221,-0.60527580585059,"chr19:46436323:C:T"
0.25789673185422,0.0513971687539912,0.102159248765821,0.646071066023894,-0.39468626819273,"chr19:46436904:A:G"
-0.346749473882716,-0.156221376388589,0.098012670678463,-0.608580341108021,-1.57690620243245,"chr19:46437051:A:G"
0.338344409679207,0.337406913521887,0.0981578021224821,0.00299231344242286,-2.91914135085793,"chr19:46437255:C:T"
-0.201293562778012,-0.143499410957963,0.102317180052024,-0.180679805096535,-0.861272155905463,"chr19:46437337:A:G"
0.321003715603196,0.33825471048513,0.098157802122482,-0.0550619684969497,-2.82814026966113,"chr19:46437379:C:T"
-0.744097141468494,-0.922930270452383,0.0985065539745751,0.569790772881416,-5.58895194893102,"chr19:46437397:A:G"
-0.308788965086147,-0.338851896984689,0.0981578021224821,0.0959552895617044,-2.75858420776435,"chr19:46437778:C:G"
0.240209328653316,0.549841875882487,0.10507630637126,-0.955199764036863,-2.62000015130013,"chr19:46438214:A:C"
1.3086055737932,0.862276456223571,0.142780640632197,1.18119216372997,-5.21114764817927,"chr19:46438454:A:T"
1.88145019262486,1.96423221390477,0.107998731951069,-0.251899147752024,-11.6282161821376,"chr19:46438508:A:G"
-1.20010371151992,-1.85328760198827,0.11625091827434,1.91574309597125,-6.65298114690702,"chr19:46441334:A:G"
-1.84036596855239,-1.31347031497635,0.100091966386166,-1.66542471507323,-8.02806817315235,"chr19:46441531:C:T"
-2.70088635991437,-2.52606500957873,0.139149694863952,-0.468655093322127,-14.1267023646351,"chr19:46441563:C:T"
-1.79414773054496,-1.31668519156942,0.100091966386166,-1.50917531305221,-8.22205376207345,"chr19:46441918:A:G"
1.79423009104564,1.31667946268712,0.100091966386166,1.5094537481362,-8.22171459108668,"chr19:46441924:A:G"
0.460737168147774,0.660950677538246,0.0981019614608525,-0.639226149362227,-3.97503815191199,"chr19:46442733:C:T"
-0.388621414484402,-0.789159438212034,0.099039553710549,1.27273917908409,-3.20150424992817,"chr19:46443129:G:T"
-0.475905468219242,-0.660218141146788,0.0981019614608525,0.58845919315244,-4.05921469576075,"chr19:46443174:C:T"
-0.490339818367113,-0.659521050060738,0.0981019614608525,0.540148702298415,-4.13600712877016,"chr19:46443383:C:G"
-0.105565836669861,-0.391926782522178,0.132918616291833,0.785454229197074,-0.911163344805649,"chr19:46443572:C:T"
0.688497047541097,0.646546728461269,0.0964364199547546,0.13508736445673,-4.87593936308803,"chr19:46443845:A:G"
0.369114611129528,-0.959304235462234,0.174918092304316,3.17627182569364,2.50751730237956,"chr19:46443914:A:T"
-0.698485028765819,-0.646242131722189,0.0964364199547546,-0.168231265649699,-4.89573173244829,"chr19:46444313:C:G"
0.897055668601393,0.990289480316027,0.0989774716280999,-0.296350225620779,-6.44972283008127,"chr19:46444609:A:G"
0.540570113317257,0.657095233137867,0.0981019614608526,-0.372032356226437,-4.37779867741998,"chr19:46444663:C:T"
-0.475486016942948,-0.00444889123072155,0.125383482781184,-1.33025522584464,-0.047053010534311,"chr19:46444894:C:T"
1.50487537332747,1.58760361648674,0.101755578679853,-0.25934309379959,-9.71742475441922,"chr19:46444941:A:G"
-1.43833876368992,-1.55679827206753,0.102647350835564,0.369739673370948,-9.36389387391891,"chr19:46444986:A:G"
-1.40550333046892,-1.29943465785557,0.105747904055574,-0.326175434649535,-8.52278549233209,"chr19:46445079:A:G"
1.52899724031186,1.5148667179898,0.0984567877208332,0.0450334670998723,-9.77383611253332,"chr19:46445193:A:G"
-1.5348191217421,-0.728074131546914,0.115008087039739,-2.37887754710712,-3.91917449138889,"chr19:46445819:A:T"
0.684031492496085,0.687154550926232,0.0948257532831867,-0.0101418447690389,-5.02776374992033,"chr19:46445826:G:T"
1.54517785769393,1.54863069657431,0.100065376454,-0.0109152678310248,-9.84521839137451,"chr19:46445925:C:T"
0.426370102025869,0.280698206557779,0.097575184970297,0.466343662996846,-2.916524016379,"chr19:46446091:C:G"
0.847405924300806,0.697632712437656,0.0986645635753495,0.476818990206952,-5.28440672789899,"chr19:46446114:A:T"
-0.681508632461498,-0.687188067452619,0.0948257532831867,0.0184434423319747,-5.02026523197019,"chr19:46446288:C:T"
1.50413899697074,1.77142965054184,0.0996999897066007,-0.846518037012433,-9.82683922652358,"chr19:46446405:C:T"
-0.678879915604597,-0.687222990300786,0.0948257532831867,0.0270933670815974,-5.01234595684328,"chr19:46446473:A:G"
0.679012476930178,0.687221229206207,0.0948257532831867,-0.0266571673867364,-5.01274790362273,"chr19:46446586:A:C"
0.607171680659559,0.688175643605667,0.0948257532831866,-0.263052913114339,-4.75476925656809,"chr19:46446672:A:G"
-0.645640303892179,-0.687664582901341,0.0948257532831867,0.136469977675589,-4.9028877823604,"chr19:46446722:A:G"
-1.88609393494482,-1.6304825396179,0.108698225961888,-0.775298570102987,-10.1879385621189,"chr19:46446827:A:G"
0.708483857644057,0.686829698048632,0.0948257532831867,0.0703198899837622,-5.09526436976916,"chr19:46446883:A:G"
0.721342678576644,0.68665886692627,0.0948257532831867,0.112632485630486,-5.12698825755993,"chr19:46447138:C:T"
-0.681176193695073,-0.687192483945232,0.0948257532831867,0.0195373487775969,-5.01926970801105,"chr19:46447180:C:G"
0.681240786114162,0.687191625826487,0.0948257532831867,-0.0193248041808158,-5.01946327259878,"chr19:46447649:A:G"
0.67907433002172,0.687220407479778,0.0948257532831867,-0.0264536366846976,-5.01293535772282,"chr19:46447665:A:G"
0.702872226857611,0.686904249299519,0.0948257532831867,0.0518545372402971,-5.08060424565899,"chr19:46447745:A:G"
0.427969288167941,0.786864954062877,0.0990395537105491,-1.14041750877208,-3.52711157538189,"chr19:46447749:C:G"
0.679112617206129,0.687219898829505,0.0948257532831867,-0.0263276507827935,-5.01305136214236,"chr19:46447790:A:G"
0.501352891929841,0.689581460090728,0.0948257532831867,-0.611254948341272,-4.23099640216928,"chr19:46447993:C:T"
0.501352891929841,0.689581460090728,0.0948257532831867,-0.611254948341271,-4.23099640216928,"chr19:46447994:A:G"
0.979744350108544,-0.418219233790751,0.166460107171988,3.42642139744631,2.76264863678123,"chr19:46448098:C:T"
0.716976513890441,0.686716871996682,0.0948257532831867,0.0982654015982586,-5.11650850246821,"chr19:46448548:A:G"
-1.62456642132763,-1.65710208694176,0.11186852753615,0.0972760069486263,-9.86552286980752,"chr19:46448839:C:T"
0.672938141136245,0.687301927553799,0.0948257532831867,-0.0466450741799316,-4.99404694259226,"chr19:46448880:C:G"
-0.647186600465841,-0.687644040148582,0.0948257532831867,0.131381811193274,-4.90836193588847,"chr19:46448927:A:G"
-1.48850918856895,-1.60393998262311,0.0985190033331142,0.367757618499991,-9.80328997905078,"chr19:46448964:A:G"
-1.4208249610087,-0.323128550611084,0.162341957922664,-2.72437479874719,-1.29353093966442,"chr19:46448998:C:T"
0.632046272745143,0.848635277146603,0.0993686366314254,-0.687087012340637,-4.88605237959467,"chr19:46449078:C:G"
0.527900927126508,-0.0133626208531811,0.125383482781184,1.52858155749506,0.149210042354781,"chr19:46449141:A:C"
-0.477521993965008,-0.689898056695299,0.0948257532831867,0.689671714137291,-4.09012893295456,"chr19:46449161:A:G"
0.665514421982225,0.687400552636287,0.0948257532831867,-0.0710731946433589,-4.97040765872148,"chr19:46449281:C:T"
-0.418962187888742,-0.896969708870366,0.0996882325849055,1.51395435547965,-3.0962026503055,"chr19:46449377:A:G"
-0.678865184969734,-0.687223185999202,0.0948257532831866,0.0271418389749277,-5.01230127424662,"chr19:46449481:A:C"
1.3331902919633,1.23533156353415,0.100790438367274,0.308240642477405,-8.34152284081864,"chr19:46449488:A:T"
-0.678882125172244,-0.733695021257237,0.0981981303378768,0.174916645295307,-5.05381598507783,"chr19:46449538:C:G"
0.678815098418864,0.687223851405608,0.0948257532831867,-0.027306651284376,-5.01214932073106,"chr19:46449565:C:T"
-0.674153383987936,-0.687285782893145,0.0948257532831867,0.042646256584913,-4.99783451674221,"chr19:46449681:A:G"
-0.674143741945428,-0.687285910988942,0.0948257532831867,0.0426779842097018,-4.99780455614689,"chr19:46449688:A:G"
-0.674035444913166,-0.687287349729216,0.0948257532831867,0.0430343410296509,-4.99746794620238,"chr19:46449942:C:T"
0.206173759143873,0.394959986140905,0.139716838883549,-0.505063438813641,-1.66947462426508,"chr19:46450085:A:G"
-0.598527891573011,-0.688290477477196,0.0948257532831867,0.291495734924486,-4.71834559931386,"chr19:46450125:A:G"
0.643912489987163,0.687687537135662,0.0948257532831867,-0.142155436046888,-4.89672702745596,"chr19:46450176:A:T"
-1.3133818288703,-1.23685725726739,0.100790438367274,-0.241041177366883,-8.32203662546447,"chr19:46450231:C:T"
1.3183833157299,1.31075996358748,0.105747904055574,0.0234428331879429,-8.41079338259115,"chr19:46450394:C:T"
1.10149992959827,-0.720308117913797,0.177082650434149,4.32926937649046,4.28501123292558,"chr19:46450508:C:T"
-1.51300593986236,-1.60264777138623,0.0985190033331142,0.285595076680577,-9.91081021941317,"chr19:46450772:C:G"
-0.749531379256885,-0.838629676619889,0.0992371029613851,0.282834488829297,-5.51685356549558,"chr19:46451005:C:T"
-0.432620423941348,-0.777777993778968,0.0997554119447667,1.09282134577731,-3.58220512797788,"chr19:46451039:A:G"
0.614403035618994,0.952741951878867,0.0973200875924784,-1.08455282096518,-4.66472379303597,"chr19:46451149:C:T"
0.687051783944164,0.687114425958275,0.0948257532831867,-0.000203424174522852,-5.03660948333908,"chr19:46451212:A:G"
-0.688406262763484,-0.687096431529522,0.0948257532831867,-0.00425355636009066,-5.04052996102785,"chr19:46451332:C:T"
0.693777541909785,0.687025073381705,0.0948257532831867,0.0219280199686787,-5.05579338558864,"chr19:46451807:C:T"
-0.681540180028064,-0.687187648339071,0.0948257532831867,0.01833963348089,-5.02035961459322,"chr19:46451847:A:G"
-0.681672957257688,-0.687185884376156,0.0948257532831867,0.0179027233428659,-5.0207566806812,"chr19:46451863:C:G"
0.695787543197288,0.686998370251009,0.0948257532831867,0.028542030084661,-5.06138867255389,"chr19:46451987:C:G"
-0.637962307790441,-0.687766586086428,0.0948257532831867,0.161734809197332,-4.87515579151661,"chr19:46452014:A:C"
0.857531670313637,-0.00882734907115223,0.13571566071584,2.35170541074623,0.0664099590463132,"chr19:46452043:A:C"
-0.699739484883526,-0.686945868187455,0.0948257532831867,-0.0415460925462239,-5.07220469951388,"chr19:46452338:C:T"
0.701477982176037,0.686922772022954,0.0948257532831867,0.0472667051401826,-5.07688503352432,"chr19:46452492:C:G"
1.40054000210533,1.30007987366889,0.105747904055574,0.308928406949663,-8.52026802680665,"chr19:46452514:C:T"
0.708694134441092,0.686826904493806,0.0948257532831867,0.0710118163379429,-5.09580407825533,"chr19:46452557:C:T"
-0.457442060184411,-0.518126104785588,0.144051292518634,0.159888025443326,-3.4523267910795,"chr19:46452716:C:T"
0.805793407726938,0.685536927914863,0.0948257532831867,0.390521848375339,-5.27052692084865,"chr19:46453314:A:T"
1.40514499633194,1.24351162267942,0.100887083847951,0.50887750504233,-8.42142393613107,"chr19:46453395:C:T"
0.668799359566843,0.871809625505275,0.100004477623044,-0.641960456638154,-5.0966182598775,"chr19:46453396:A:G"
0.711677852480338,0.686787265408377,0.0948257532831867,0.0808298902951366,-5.10338726932591,"chr19:46453398:C:T"
-1.61661695199621,-1.93373278544861,0.0989080060313973,1.00832887346219,-10.4792640332664,"chr19:46454016:C:T"
0.74108750304033,0.26720773793973,0.0999216946681738,1.49912645770496,-2.34557786806605,"chr19:46454103:A:T"
-0.77978653832842,-0.685882432585288,0.0948257532831867,-0.304944939367492,-5.23831487667868,"chr19:46454445:C:T"
0.723354148284473,0.686632144287417,0.0948257532831866,0.119251327657247,-5.13171516549017,"chr19:46454479:G:T"
0.726693300496405,0.632581804004873,0.0973052455395892,0.301699473901757,-4.87098907591586,"chr19:46454783:C:T"
-0.568693653318035,-0.400687051012628,0.100122662108509,-0.530957982901298,-3.68021199901527,"chr19:46454846:G:T"
-0.728673523917245,-0.686561475684561,0.0948257532831867,-0.136755000149672,-5.14390826601779,"chr19:46454957:C:G"
1.59948399734516,1.53150183142639,0.0988898611025858,0.216181792576932,-9.96488464266818,"chr19:46454981:A:T"
-0.956515669829318,-0.559666618618726,0.0979179096293886,-1.26821907077642,-4.18136487712014,"chr19:46455148:C:T"
0.790330276412337,0.762732120966216,0.0988345779665493,0.0877860686682188,-5.47608528604309,"chr19:46455750:A:C"
0.737813537712049,0.686440049402704,0.0948257532831867,0.166830674267247,-5.1638171087102,"chr19:46455812:C:T"
-0.465646302873971,-0.617902211146083,0.102852974269423,0.474750823654947,-3.96140185635137,"chr19:46455851:A:G"
0.787284752202687,0.664262939107975,0.0986700789844556,0.391642113376546,-5.06197763713248,"chr19:46456032:A:G"
1.36871935129157,1.44442627822693,0.0994027240857818,-0.240124500651403,-9.06510288145909,"chr19:46456109:A:G"
0.782555284409235,0.685845649430521,0.0948257532831867,0.314055637306286,-5.24225150327209,"chr19:46456198:A:G"
0.843457538463319,0.685036554998862,0.0948257532831867,0.5144575608787,-5.2983181458059,"chr19:46456295:C:T"
-0.847965024187159,-0.684976672459913,0.0948257532831867,-0.529289668878061,-5.30015536392844,"chr19:46456396:C:T"
0.749251828971684,0.686288090203339,0.0948257532831867,0.2044689457305,-5.18687533830876,"chr19:46456526:C:T"
1.16204986504074,1.27793626641109,0.111098589725176,-0.347678795054665,-7.66131821075672,"chr19:46456654:A:G"
0.783367532571374,0.685834858607179,0.0948257532831868,0.316728380649492,-5.2433834197071,"chr19:46456660:C:T"
0.65886200096689,0.953237562396905,0.104051020754641,-0.912596040646143,-4.89604891030274,"chr19:46456832:A:G"
-0.031149265092912,-1.15956400040077,0.131231169462927,3.11494404166917,-0.129236199036704,"chr19:46456936:A:G"
0.747867217226929,0.667393671996105,0.0990180470765216,0.255738407316849,-5.01732361314173,"chr19:46457065:C:G"
-0.705554658527698,-0.948014329603092,0.104051020754641,0.751651172281077,-5.22360628173929,"chr19:46457709:A:G"
-1.2891856983597,-1.27760106588732,0.111848977711186,-0.0346390721697125,-8.06306263336912,"chr19:46458040:C:T"
0.718920229860847,-0.0475029778783695,0.133354656125316,2.09876858555768,0.487568523266301,"chr19:46458060:A:G"
0.772823834319062,0.685974933021135,0.0948257532831867,0.282033812375307,-5.22788064885636,"chr19:46458220:A:G"
-0.803111684886308,-0.685572554954476,0.0948257532831868,-0.381697504775947,-5.26769820249291,"chr19:46458417:A:T"
-0.775811456421178,-0.685935242069712,0.0948257532831867,-0.29186473284734,-5.23245157495042,"chr19:46458485:C:T"
1.394630063499,1.45241010394103,0.100451745488602,-0.182305217295589,-9.1347826026396,"chr19:46458667:C:T"
-0.742540655651613,-0.467199002390556,0.101547344134498,-0.864047526090113,-3.88752804997009,"chr19:46458732:A:T"
-1.9927954708885,-1.69901631354529,0.1066184626063,-0.899714610061829,-10.6521203157101,"chr19:46459030:C:G"
-1.47223407833664,-1.44671372657921,0.100451745488602,-0.0805207687119268,-9.34736910670053,"chr19:46459507:C:T"
-0.786294084288626,-0.685795978983823,0.0948257532831867,-0.326358345955095,-5.24737544190053,"chr19:46459673:G:T"
-0.78611411771368,-0.685798369863367,0.0948257532831868,-0.325766156907952,-5.24713385326026,"chr19:46459979:G:T"
0.834020058930065,0.685161933152065,0.0948257532831867,0.483403060819318,-5.29344308153019,"chr19:46460180:C:G"
-0.743101339442689,-0.467151282352016,0.101547344134498,-0.865956753472229,-3.88633028338098,"chr19:46460252:A:G"
-1.03612279792303,-0.593119167285413,0.0986408587140846,-1.41051874913046,-4.24448122514092,"chr19:46460570:A:G"
1.57256523568149,1.38006769560288,0.0995404628969923,0.610134181368522,-9.18972457902851,"chr19:46462327:A:G"
1.93722627725589,1.37279443970498,0.100591274325239,1.77963667742028,-8.222440529807,"chr19:46462336:C:T"
-0.972956536857047,-0.596533457045407,0.0986408587140846,-1.19852699833533,-4.44955228481489,"chr19:46462927:A:G"
1.50045966988204,1.29725616918351,0.0995212062265501,0.644129767550788,-8.74228161205971,"chr19:46463144:A:G"
-1.20950758626302,-0.86295757938764,0.121253616818399,-0.99521877592708,-5.71238032549114,"chr19:46463189:C:T"
0.374884625610149,0.0578708989882928,0.130572767994471,0.877307338371447,-0.492206641489181,"chr19:46463438:C:T"
0.966172204539301,0.695055315366172,0.0987268534699729,0.862857194915456,-5.24342006423186,"chr19:46463510:A:G"
-1.09253512431126,-1.15628881220255,0.101600671148925,0.200012447212104,-7.48754863460599,"chr19:46463526:C:T"
1.35357582913306,0.723967255634981,0.108091071149776,1.91503062238304,-4.34650760896411,"chr19:46463670:C:T"
2.07799179137041,1.68714853604827,0.1066184626063,1.19697867689991,-10.4176507806787,"chr19:46463751:A:G"
0.617370506364077,0.898371967713903,0.100734902285224,-0.885357343227486,-4.72187067126297,"chr19:46463912:A:C"
0.687931081381493,0.496551277314863,0.10203746743778,0.599123383407707,-4.11334132752067,"chr19:46463970:A:C"
0.743147763654641,0.448730628224027,0.101498248531459,0.924131574359304,-3.76188094865474,"chr19:46464150:A:T"
-1.30632066361546,-1.45887875738957,0.100266699006366,0.481789016350553,-8.77026570407908,"chr19:46464415:A:G"
-0.822112857133963,-0.685320121889403,0.0948257532831867,-0.444221815701776,-5.28530185089369,"chr19:46464655:C:T"
1.46673804663445,1.62603427483903,0.101174073318493,-0.500807558765905,-9.59963989669402,"chr19:46465636:C:T"
1.62021549839056,2.61692918371462,0.127912955278763,-2.78684718370162,-8.15075926610618,"chr19:46466030:C:T"
1.29269359442756,0.409606248328472,0.122225385334052,2.52593955717115,-1.99020940828925,"chr19:46466039:A:G"
-2.02307788969334,-1.30076112691825,0.100091966386166,-2.28311655386187,-7.38789957756383,"chr19:46467164:A:G"
0.283139632220329,0.435248047646909,0.0978459360179849,-0.486274891988129,-2.95000208540106,"chr19:46467482:C:T"
1.15336271110912,0.444954166837253,0.101024663264863,2.22879479527078,-2.53337209852829,"chr19:46468097:A:T"
-1.67856512582774,-1.84740699112979,0.102275153264407,0.527952768924627,-10.7810997730737,"chr19:46468106:A:G"
-0.725159421946083,-0.765585815684425,0.104363027259285,0.12513870819639,-5.16356616715623,"chr19:46468516:G:T"
0.42771447503428,0.659698147249805,0.141593230562027,-0.616504390123968,-3.46833446928319,"chr19:46468761:G:T"
0.0924738898335335,0.18097041166916,0.115010101129967,-0.260950545683953,-0.449485895552795,"chr19:46468877:C:G"
0.954049441472753,0.653700690703597,0.100211705096158,0.948782365489304,-4.92348074984556,"chr19:46469056:A:G"
-0.20865974223722,0.08594461735768,0.0974550499346977,-0.943706605963063,0.564010834681208,"chr19:46469097:A:T"
-0.231106972900107,0.0868735098252381,0.0974550499346977,-1.01858737775592,0.628051588559609,"chr19:46469167:G:T"
-0.849640702975939,-0.814028826290335,0.0963094334937245,-0.114752048399204,-5.87988185611193,"chr19:46469469:C:T"
-0.854389419552855,-0.961278247547973,0.101193314542774,0.33601325100744,-6.14342108114197,"chr19:46469710:C:G"
-0.173090428914264,-0.610138321233503,0.114444389578108,1.29190856246637,-1.90733475237232,"chr19:46470450:C:T"
0.205495854073846,0.0687786686539609,0.097254928932505,0.438396722461685,-0.446392418140527,"chr19:46470724:A:G"
-2.22054591735575,-2.2396251827662,0.107109472289982,0.0582972018089912,-13.8272814284864,"chr19:46470746:C:T"
0.197176741260489,0.181762937924748,0.0980292044439824,0.0492302537707008,-1.10588227961006,"chr19:46470976:A:G"
-0.11289637778756,-0.0724125236313109,0.097254928932505,-0.129815347794126,-0.261602437744978,"chr19:46471049:A:C"
0.276857733391692,0.468857419073662,0.0972178108531288,-0.615782863755486,-2.96886403466968,"chr19:46471050:C:T"
-0.170748587993552,-0.0701422457589236,0.097254928932505,-0.322603852317929,-0.380594655455615,"chr19:46471067:A:G"
-0.201141945918175,-0.0689495278365174,0.097254928932505,-0.423887623514919,-0.438398350018822,"chr19:46471142:C:G"
0.820772666191167,0.814870022985751,0.0963094334937245,0.0190200703201052,-5.80150700443653,"chr19:46471289:A:G"
-0.817726272896246,-0.814958792997781,0.0963094334937245,-0.00891764256223351,-5.7924192675076,"chr19:46471345:C:T"
0.0583435379686566,0.00364936514860364,0.0972257744915976,0.175408386165223,-0.00685410576354795,"chr19:46471395:C:G"
0.796963088939553,0.815563819306321,0.0963094334937244,-0.0599370802654373,-5.7263399934478,"chr19:46471726:C:G"
-0.784773563922046,-0.8700043422434,0.102889833321528,0.265711421365311,-5.63776015171234,"chr19:46471845:C:G"
-0.302647903340253,-0.489432763140546,0.0979834081196603,0.596712863460509,-3.15218754580592,"chr19:46471910:A:G"
-0.180141508898971,0.00109237345640975,0.0972257744915976,-0.581230891396897,0.00626135284236942,"chr19:46472263:C:T"
0.218910997605332,-0.0026017153599836,0.0972257744915976,0.71040817500179,0.0179921182074985,"chr19:46472333:G:T"
-0.901472391359555,-1.47144966416959,0.120268504018941,1.64354494343,-5.38441573198767,"chr19:46472448:A:G"
0.800947353035456,0.815447720320575,0.0963094334937245,-0.0467244920338862,-5.73957908572023,"chr19:46472466:C:T"
-1.98883333479884,-1.01571267955034,0.211436692087617,-2.11629649692886,-4.18449157282678,"chr19:46472642:A:C"
-1.36644156118633,-1.46510543987422,0.0992552901210061,0.313170865778678,-9.08813949650172,"chr19:46473289:A:T"
0.252202305615361,-0.00389778523041912,0.0972257744915976,0.821332535365727,0.0308037207608167,"chr19:46473305:A:C"
-0.273592341164962,0.00473052453266877,0.0972257744915976,-0.892602670224538,0.0402988056157844,"chr19:46473478:C:T"
0.137685544528862,0.485913136723219,0.186036926509879,-0.80735325759547,-1.04068358461505,"chr19:46473820:C:T"
-0.300373822237625,0.00577315916550981,0.0972257744915976,-0.981836732661762,0.0534863475178385,"chr19:46474073:C:G"
-2.3226675152562,-2.84743439980512,0.109080775065041,1.58888444543584,-14.6165992124094,"chr19:46474455:C:T"
1.50865846231997,1.37981180358429,0.0999884133978721,0.407472517300689,-9.15912868027688,"chr19:46474854:C:T"
-1.47176102266326,-0.971055032666505,0.100431351320665,-1.57996742807907,-6.28121301312392,"chr19:46475312:A:G"
0.8833221135185,0.318066257272272,0.117776645235483,1.64708298449221,-2.28322006034403,"chr19:46475466:A:G"
-1.73712275924365,-1.64015480701423,0.098806921713238,-0.308485346785536,-10.6528944568084,"chr19:46476305:A:G"
1.96175918832624,1.8208369693521,0.0998169201665439,0.446043679950163,-11.805175986156,"chr19:46476536:A:G"
-0.814303252157201,-0.560336184979991,0.100619613139416,-0.800637784903248,-4.42502826366211,"chr19:46476559:C:G"
1.9347414603024,1.83959405212611,0.0985727278713932,0.303052991191889,-11.9405411814412,"chr19:46476570:A:G"
0.165222819968299,0.709156408086337,0.129507567985299,-1.51146572602753,-1.63768299672303,"chr19:46476712:A:G"
0.561266073099962,0.402541113120382,0.0984270138282746,0.505927249790058,-3.70682030530351,"chr19:46476834:C:T"
0.789970876760311,0.514229270375034,0.101355803631332,0.866119847208718,-4.13511839851977,"chr19:46477079:A:G"
2.44316360059674,2.29668482953984,0.102491787839704,0.45754114340904,-15.1426749941658,"chr19:46477084:A:G"
-0.48356710742856,-0.335223467307363,0.0973853980334077,-0.475359316375771,-3.35074816662358,"chr19:46477315:C:G"
-0.485131298750666,-0.301430607962118,0.0981827603359746,-0.586263924023245,-3.13926485841881,"chr19:46477456:C:T"
0.484083901117109,0.335202466425466,0.0973853980334077,0.477082650514994,-3.35105546930851,"chr19:46477669:G:T"
-1.72103534478735,-1.77332528766798,0.0974690490808978,0.167488426640011,-11.1407550735644,"chr19:46478069:C:T"
0.379027862902999,0.339471615796451,0.0973853980334077,0.126755893057481,-3.13013818730249,"chr19:46478088:A:G"
1.76023245538941,1.77169740216622,0.0974690490808978,-0.0367230444589113,-11.2813537824043,"chr19:46478265:A:G"
1.72727249098725,1.77306625429242,0.0974690490808977,-0.146680698875814,-11.164835090118,"chr19:46478384:A:T"
-0.0989179757657256,0.0456031661214547,0.102705734222594,-0.450955863891969,0.137062924226512,"chr19:46478402:A:G"
1.69779700166696,1.64235024359988,0.098806921713238,0.176393457809541,-10.5910419490962,"chr19:46478415:C:G"
-1.24824302349467,-0.791273759374088,0.101094196591183,-1.43722207020147,-5.39354342077996,"chr19:46478442:A:C"
1.8058068374635,1.76980466378091,0.0974690490808977,0.115317537054547,-11.4127073536431,"chr19:46478457:A:G"
1.7590453370064,1.77174670408605,0.0974690490808978,-0.040683387113361,-11.2774706817174,"chr19:46478686:A:G"
-0.136858491862986,0.0493019379823801,0.102705734222594,-0.580884819806868,0.204296443406175,"chr19:46478729:A:C"
0.0400306972189548,0.0408250000128179,0.145919511231175,-0.0020793586673323,-0.0350688703314843,"chr19:46478914:C:T"
-1.76116734124428,-1.7716585756531,0.0974690490808978,0.0336041741077515,-11.2843953239304,"chr19:46479053:A:G"
-1.70473000043502,-1.64196319551532,0.0988069217132381,-0.199680813476023,-10.6038384885478,"chr19:46479476:A:G"
-0.784497657878632,-0.824171830016941,0.170047935797556,0.0962104378471519,-4.54210427572878,"chr19:46479622:C:T"
1.07422263420969,0.682617423962404,0.102933267101983,1.22059217836012,-4.87743930858985,"chr19:46479958:A:T"
1.76198669353112,1.77162454733601,0.0974690490808978,-0.0308707350025829,-11.2870490364963,"chr19:46479992:A:G"
0.705277516747112,0.521264212050955,0.101355803631333,0.577996108157569,-4.24940737528439,"chr19:46480103:A:G"
1.77061866024316,1.64629386011963,0.0993106585882744,0.394511655613184,-10.6999096173388,"chr19:46480837:G:T"
1.77131215153612,1.6462514116926,0.0993106585882744,0.396846964393721,-10.7004540876052,"chr19:46480838:C:T"
1.79152718631753,1.741057975748,0.098741943940641,0.16061114387088,-11.1913743950504,"chr19:46480952:A:C"
-1.88495433326744,-1.04025072399155,0.0964370108911953,-2.72008502473288,-5.91297784720085,"chr19:46481073:C:T"
-1.03972207295218,-1.0660325404947,0.0964370108911952,0.0847240475478645,-7.26176845390409,"chr19:46481791:G:T"
1.88775934203789,1.04016516381501,0.0964370108911952,2.72939313377767,-5.91205965295821,"chr19:46482076:C:T"
-1.88790898711901,-1.04016059924477,0.0964370108911953,-2.72988971430454,-5.9120126386922,"chr19:46482142:C:T"
-1.11620853845167,-1.0636995012686,0.0964370108911953,-0.169087765384643,-7.46430354853531,"chr19:46482150:A:C"
-2.43091879290648,-2.2978505661825,0.102491787839704,-0.415651962174486,-15.125993330274,"chr19:46482704:C:T"
-0.711460024755632,-0.755634162454937,0.0973462076257677,0.141582169243576,-5.24153217135406,"chr19:46483088:A:C"
-2.23923600543897,-1.90038561624132,0.184703459211644,-0.788443313092227,-9.2345177948472,"chr19:46483427:C:T"
0.0536639519058338,0.141473756204917,0.0998727270119118,-0.277855856500453,-0.236167137611493,"chr19:46483572:C:G"
0.305069001827665,0.715445983699938,0.0992259905850235,-1.30277756649437,-2.75927204636665,"chr19:46483943:A:C"
1.11471472493835,1.06374506652646,0.0964370108911952,0.164130711695185,-7.46136127005718,"chr19:46483999:C:T"
1.11471696671152,1.06374499814645,0.0964370108911952,0.164138150769656,-7.46136571574155,"chr19:46484015:A:G"
-0.673466228411353,-0.670553327833227,0.0974951153471757,-0.00932898152512794,-4.89489146127013,"chr19:46484211:C:G"
1.11509307233157,1.06373352593161,0.0964370108911952,0.165386215360641,-7.46211028986786,"chr19:46484391:C:T"
-0.0501369702528129,-0.141710825363739,0.0998727270119118,0.289766412167715,-0.221044304204503,"chr19:46484443:A:C"
-1.23421932511797,-0.936155800065633,0.0987136981598445,-0.94868082401125,-6.69286612375356,"chr19:46484601:C:T"
0.676901675125697,0.371432716892132,0.117776645235483,0.890097321128684,-3.28253356577239,"chr19:46484825:G:T"
0.874856716744307,1.07106136932797,0.0964370108911952,-0.63181136130486,-6.46835529141626,"chr19:46485493:G:T"
1.04521679564905,0.758986882195341,0.101151659856879,0.899970993975975,-5.57331482103586,"chr19:46485976:C:G"
1.82771657125946,1.83088957969315,0.0984432209766783,-0.0101129606860894,-11.6350339412943,"chr19:46486202:C:T"
-2.46417543257685,-2.47564460918232,0.122722179233105,0.0327393996097162,-14.4072880574709,"chr19:46486210:C:T"
0.750301437674664,1.24966248241473,0.0978573769784989,-1.59631235390367,-5.05693809588898,"chr19:46486327:G:T"
-1.22223046515738,-0.856762818403064,0.115170138734949,-1.07690896362626,-5.75740635121759,"chr19:46486373:C:T"
2.28305908734925,2.26039308966058,0.102600894426066,0.0707618643655717,-14.5082244557403,"chr19:46487009:C:T"
-0.213221454204953,0.332477581443102,0.182210240106126,-1.27840010046168,1.16787820432398,"chr19:46487206:C:T"
1.03075169349801,0.800286138028222,0.100394082547152,0.727364278891832,-5.89163477962605,"chr19:46487214:C:T"
2.32923818162466,2.25594288357075,0.102600894426066,0.228823456649303,-14.6348918579968,"chr19:46487350:A:G"
-0.872169696716761,-1.0711433305362,0.0964370108911952,0.640727937853708,-6.45148778223715,"chr19:46487536:C:T"
0.468444126889631,0.277234305000809,0.0974403319775632,0.61254897782947,-2.96824904917606,"chr19:46488044:C:T"
0.47487036198859,0.276969390601444,0.0974403319775632,0.633984366164728,-2.97288418629644,"chr19:46488279:C:G"
-0.435044601947013,-0.307145609723266,0.098106221681514,-0.408337106812701,-3.10471522322993,"chr19:46488780:A:T"
-2.12991059282602,-2.63027437782367,0.104979359551758,1.54430795866423,-13.4184817283719,"chr19:46488978:C:G"
-2.17900250196644,-2.62429576291649,0.104979359551758,1.37433992515652,-13.9242166825507,"chr19:46489801:A:G"
-0.285307459232832,-0.516504561171443,0.115194067908735,0.681188532782886,-2.8651694404712,"chr19:46490009:C:T"
0.149453116168852,0.0479637255312708,0.0997238395636237,0.321381704114893,-0.223161217276706,"chr19:46490229:G:T"
0.458888284814753,0.277628233969279,0.0974403319775632,0.580674453696583,-2.95902294107316,"chr19:46490339:A:C"
0.926436576761933,1.0694880473564,0.0964370108911952,-0.460649343340176,-6.7681332529299,"chr19:46490458:C:G"
-0.818457782485281,-0.81573836532874,0.100394082547152,-0.00858265737386071,-5.6917534155306,"chr19:46491560:A:C"
-0.895472145944238,-0.810132724338398,0.100394082547152,-0.269336763712247,-5.85517907076969,"chr19:46491576:G:T"
0.898763782176409,0.809893136160825,0.100394082547152,0.280481537564298,-5.8598465047293,"chr19:46491702:C:G"
-0.975568099742502,-1.45315277168325,0.120286523131385,1.37702521810229,-6.0590803906056,"chr19:46492517:C:T"
0.219390243808562,0.353490361051275,0.102981614522248,-0.417877809414364,-2.09039456175423,"chr19:46492637:A:G"
0.147441754507453,-0.24335454687139,0.102982941196504,1.21777708935362,1.05098030167204,"chr19:46492929:C:T"
1.21084962383609,1.19748081264946,0.0987619680512472,0.0425400427293429,-8.05270259750106,"chr19:46493671:A:C"
-1.99318556624333,-0.706589084667409,0.142916649439963,-3.40330558493914,-3.44065109884221,"chr19:46493903:C:T"
0.870504112289188,1.07119413526064,0.0964370108911953,-0.646254994181825,-6.44097088943706,"chr19:46494128:A:C"
0.129134352669329,-0.0531938002445286,0.102527041838914,0.569422362422326,0.208474343933112,"chr19:46494265:C:T"
-1.31808123056864,-1.19154591071238,0.0987619680512472,-0.402639983339709,-8.20121376744373,"chr19:46494979:C:T"
-0.867468257737441,-1.07128673684326,0.0964370108911952,0.656329139228888,-6.42168125465783,"chr19:46495033:C:T"
1.47539089415299,-0.182800108847835,0.20162338724159,3.6928706945932,0.625665990817018,"chr19:46496429:C:T"
0.800889299369907,0.576182175223288,0.102268877914854,0.702659781165061,-4.51331498776076,"chr19:46496434:C:G"
2.21675724993788,2.59132356838338,0.129461482423475,-1.04101846908639,-12.6852358666216,"chr19:46496515:C:T"
-2.18634254948466,-2.33172310606233,0.0980844525643124,0.464201180888854,-14.649114190245,"chr19:46496720:A:G"
-1.67376734150881,-1.89681937065799,0.103502034260638,0.6933168188004,-10.6967921531447,"chr19:46496826:C:T"
0.859107211021447,1.07154177085265,0.0964370108911952,-0.684074341090964,-6.36775394736656,"chr19:46497232:A:G"
-2.23574443338702,-2.32934653922836,0.0980844525643124,0.298872208829535,-14.9394451061455,"chr19:46497246:C:T"
-0.859050762883155,-1.07154349266996,0.0964370108911952,0.684261657947915,-6.36738588234169,"chr19:46497306:A:C"
-0.858826097419889,-1.07155034556002,0.0964370108911953,0.685007185253464,-6.3659204431244,"chr19:46497308:A:C"
-2.19479308833326,-2.33131657763121,0.0980844525643124,0.435920500258378,-14.7016176084092,"chr19:46497431:G:T"
-2.15252962669066,-2.33334973777197,0.0980844525643124,0.577359937726977,-14.4274363055932,"chr19:46497587:G:T"
2.25924326292378,2.32821608559981,0.0980844525643124,-0.220230727472438,-15.0633949697072,"chr19:46497668:A:G"
-0.931535703421716,-0.892323598219732,0.0990468601503847,-0.124594767151197,-6.30584423159124,"chr19:46497711:A:C"
0.147258467403622,-0.370700512557822,0.105734372480016,1.59289544675124,1.47081924636897,"chr19:46497800:A:C"
-2.20106823076859,-2.33101470057285,0.0980844525643124,0.414920028891535,-14.7398499161977,"chr19:46497948:A:G"
-2.22033568126208,-2.33008780507411,0.0980844525643124,0.350439334378159,-14.8532003700964,"chr19:46498116:C:T"
0.274726991861163,0.4524616159901,0.120579928655659,-0.5118403607186,-2.60885648267899,"chr19:46498403:A:C"
0.841407174206909,1.07208166872768,0.0964370108911952,-0.742809940958634,-6.24974508751282,"chr19:46498501:C:T"
2.22490896384776,2.25705719913267,0.098256171454058,-0.102559812742764,-14.6471738014377,"chr19:46498797:C:T"
1.13815145151404,-0.658664966669425,0.175823750238986,4.28513923376366,3.8841410229734,"chr19:46498815:A:C"
0.298236706830691,0.255685643297573,0.10084403032259,0.133993990856511,-2.13025978158942,"chr19:46499075:A:C"
-0.274286094011377,-0.257544090816572,0.10084403032259,-0.0527208402501698,-2.00107877991989,"chr19:46499089:C:T"
-0.267959000479709,-0.258035041564474,0.10084403032259,-0.0312507079667562,-1.96518523360422,"chr19:46499658:A:C"
0.860034872850032,1.07151347471658,0.0964370108911952,-0.68099599868143,-6.37379504514803,"chr19:46499817:A:G"
-0.85487143586586,-0.0860293090810191,0.160835912503355,-1.91710393099723,-0.716201219341846,"chr19:46499833:C:T"
0.264844519390987,0.258276709687779,0.10084403032259,0.0206821395341637,-1.947258594355,"chr19:46499848:C:T"
1.0150143346098,1.66571448871258,0.100112417339249,-2.05653893230368,-5.98760686317474,"chr19:46499861:A:G"
-1.56036825415711,-1.68248783997213,0.0981409280689626,0.389816522045026,-10.2408215105641,"chr19:46500293:G:T"
-1.37689393459651,-1.36518858722367,0.0980404545527394,-0.0373836453910722,-8.97092430198076,"chr19:46500649:C:T"
0.346495540313595,0.0896106754477403,0.101625659140019,0.805817750110403,-0.892984888628822,"chr19:46500915:A:G"
-1.36970782887613,-1.36553090925287,0.0980404545527394,-0.0133399272186513,-8.95363501653145,"chr19:46501038:C:T"
-1.41059011664147,-1.29206830692211,0.0976266862710394,-0.37932721280189,-8.76980607671695,"chr19:46501228:A:G"
-0.946046422220776,-0.831505913361606,0.0970121981068064,-0.367744287952966,-6.12534049216503,"chr19:46502477:A:G"
-1.62312561809189,-1.59604302168168,0.0977262508043113,-0.0866332643561282,-10.3041869206338,"chr19:46502549:C:T"
1.48757800439597,1.38524467465039,0.138193569883762,0.275279066951812,-8.05009968378672,"chr19:46502587:C:T"
1.41580925920488,1.29184276049899,0.0976266862710394,0.396752855413368,-8.7725885061312,"chr19:46502641:A:G"
-0.948176100926133,-0.831427862866333,0.0970121981068063,-0.37483243354412,-6.12773330121938,"chr19:46502774:C:T"
1.4152544675584,1.29186673594513,0.0976266862710395,0.394900520314651,-8.77231480308286,"chr19:46502952:C:T"
-1.66503100305419,-1.59418748693241,0.0977262508043113,-0.226618045298754,-10.3879850464548,"chr19:46503423:A:G"
-0.355265370900069,-0.0888569323168201,0.101625659140019,-0.835692086031161,-0.903542226207838,"chr19:46503974:A:G"
0.772175973580831,0.987962684748183,0.115877057060082,-0.633907612975647,-5.39206089576786,"chr19:46504087:C:T"
-0.353270691616434,-0.0890283695861694,0.101625659140019,-0.828897231970319,-0.901208038220928,"chr19:46504246:G:T"
-1.38392857856931,-1.11966722440571,0.101897043450164,-0.827852309275368,-7.67773500739154,"chr19:46504263:C:T"
-1.89568445513071,-3.64161498409184,0.140828734284821,4.65244578513115,-10.0300222731793,"chr19:46504599:C:T"
0.990626684776132,1.13559484846139,0.102533396303594,-0.452730721725089,-6.97582769344372,"chr19:46505164:C:G"
0.39491971360778,0.135146399852936,0.110686276321179,0.780814097332262,-1.36620917682692,"chr19:46505168:G:T"
0.114933551125451,0.338078147911716,0.104555479048032,-0.690101509265122,-1.08832722288089,"chr19:46505532:C:T"
0.344856366107949,0.0897515580207447,0.101625659140019,0.800233920369442,-0.89092759969733,"chr19:46505705:C:T"
-0.74171872069524,-0.650846109986708,0.0994792772554988,-0.288115547448082,-4.92895242681172,"chr19:46505727:C:T"
2.11134250833382,1.49697258086829,0.0991255247853243,1.95135910730225,-8.87801400641703,"chr19:46506021:C:T"
-0.937072869758513,-0.83183478466613,0.0970121981068064,-0.33787788314626,-6.1144045553849,"chr19:46506036:C:T"
-2.19679447639651,-1.82383483283644,0.100202862589778,-1.17820748334161,-11.7014755262292,"chr19:46506071:A:G"
0.338523213676789,0.0902958752792078,0.101625659140019,0.778660103030541,-0.882734174208637,"chr19:46506136:C:T"
-1.5579776363167,-1.43482263869646,0.0986078672880868,-0.392189766403355,-9.50725752530972,"chr19:46506431:C:T"
-1.14978581953037,-1.14538104472816,0.101800202844418,-0.0138054125081546,-7.64305059200174,"chr19:46506652:C:T"
-0.548387670234293,-0.367746574999672,0.101149268632425,-0.567982799914378,-3.5052186697528,"chr19:46506734:C:T"
-0.550539103351841,-0.367572617236524,0.101149268632425,-0.575294436403281,-3.5038075061678,"chr19:46506792:C:T"
1.75002632702867,1.67194311746556,0.0979595987633548,0.24947909366626,-10.8602072459231,"chr19:46506889:C:T"
-0.474129465804728,-0.423727757393015,0.100066257346527,-0.159331420899335,-3.70175957301562,"chr19:46507058:A:T"
1.12344537953389,1.01356191065824,0.100453121845665,0.346697445701046,-7.13776416293632,"chr19:46507248:C:G"
1.93957127121681,1.94981552030171,0.0978752262611771,-0.0327449054011449,-12.4544041948542,"chr19:46507591:A:G"
-1.51693037947214,-1.46001559017092,0.098668771691706,-0.181190436623526,-9.55558011507774,"chr19:46508034:A:C"
-1.76516157870835,-1.67123520166376,0.0979595987633548,-0.300098670988881,-10.8831709048784,"chr19:46508083:C:T"
-1.51604305479128,-1.46006381688761,0.098668771691706,-0.178212072506092,-9.55411429976859,"chr19:46508122:A:G"
1.2110666873975,1.31656766300217,0.0989496775955231,-0.335389362461153,-8.28166979999874,"chr19:46508379:G:T"
-0.939900212435482,-0.831731165516591,0.0970121981068064,-0.347288042753911,-6.11799912112463,"chr19:46508719:C:T"
1.0351406269581,1.02004505436698,0.100453121845665,0.0476286061250883,-6.98657480790026,"chr19:46508725:C:T"
-1.93249543457904,-1.9501400964567,0.0978752262611771,0.0563997203924499,-12.4291042259207,"chr19:46508823:A:G"
-0.937659493329331,-0.831813285526317,0.0970121981068064,-0.339830324736021,-6.11516163159729,"chr19:46509147:C:T"
1.91833797502575,1.95078951418938,0.0978752262611771,-0.103728694141234,-12.3759753411337,"chr19:46509283:C:T"
1.10500177819999,1.01491599992825,0.100453121845665,0.284233011028661,-7.11814640050502,"chr19:46509492:A:C"
1.50199620431305,1.53965137674296,0.0994568357057157,-0.119400823416264,-9.71539745257671,"chr19:46509626:C:T"
-0.44256746907806,-0.425914495420554,0.100066257346527,-0.0526438892383454,-3.63944990719336,"chr19:46509781:A:G"
0.348663857901629,0.432420503239413,0.100066257346527,-0.264774066831616,-3.30463336142783,"chr19:46510013:C:T"
2.00783970392942,1.99942159553479,0.0981096602947901,0.026875628398624,-12.8568600718332,"chr19:46510020:A:G"
2.08041674555803,1.99591059626665,0.0981096602947901,0.269794086662257,-13.0514516676288,"chr19:46510743:A:G"
-0.399287187578765,-0.428913121845133,0.100066257346527,0.0936544087667005,-3.5145443950274,"chr19:46511112:A:G"
-0.398074201391986,-0.428997162251211,0.100066257346527,0.0977546088689686,-3.51034536979005,"chr19:46511235:A:G"
-0.988460622258868,-0.82995147732799,0.0970121981068063,-0.508910194456257,-6.15838921428088,"chr19:46511273:C:G"
1.93621355773879,2.02674844022357,0.0982048764942123,-0.288901246264702,-12.6265608192482,"chr19:46511678:C:T"
-2.06650168795916,-1.91338410349878,0.0982444702974173,-0.488507247692832,-12.5632126170458,"chr19:46512232:A:G"
-0.447442412830744,-0.146363346919313,0.103713000298827,-0.934897419264235,-1.67166237148296,"chr19:46512365:G:T"
0.419581232872346,0.149379378422209,0.103713000298827,0.839018865828931,-1.64585161643296,"chr19:46512922:A:G"
-0.514762667590085,0.356019102863856,0.242350222921413,-1.76883619669739,2.11253759223302,"chr19:46513374:C:T"
0.421443590539829,0.367377556843314,0.106896895488305,0.165364379067948,-3.26916476207101,"chr19:46513432:A:C"
0.906466125803799,0.832956489793956,0.0970121981068063,0.236010377650396,-6.06671632442079,"chr19:46513514:A:C"
-0.905364127219366,-0.832996876888535,0.0970121981068063,-0.23234262890124,-6.06469954824771,"chr19:46513611:C:T"
0.441124407351368,0.312266480628801,0.100565282998716,0.406337682559726,-3.1141142405114,"chr19:46513627:C:T"
-1.95615465135194,-1.91412860340248,0.111779862897171,-0.125700430594105,-11.5359628873456,"chr19:46513644:C:T"
0.42438208701075,0.313515731655955,0.100565282998716,0.349603466814281,-3.08158760018891,"chr19:46513812:C:T"
-0.139253108937925,-0.627111843559211,0.101597387673799,1.53056865264658,-1.56783961323965,"chr19:46515194:C:T"
-0.878301400038899,-0.833988697511342,0.0970121981068064,-0.142270567859131,-6.00863597790701,"chr19:46515265:C:T"
0.8760610446952,0.834070804189562,0.0970121981068064,0.134814060540846,-6.00343224948987,"chr19:46515406:A:T"
0.0569817855928073,0.395316442272422,0.104317339614105,-1.04753425802045,-0.617790566329139,"chr19:46515748:A:G"
1.99889975973897,2.5406712469305,0.118662001919053,-1.57275222915457,-11.5012968594308,"chr19:46516460:A:G"
0.236548261287201,0.500732137065966,0.127776186448665,-0.73906280538386,-2.33428177513163,"chr19:46517823:A:G"
-0.829432513394324,-0.835779691052539,0.0970121981068064,0.0203782779706435,-5.87565486538069,"chr19:46517989:A:T"
0.13816057743158,-0.0823634559258633,0.102643335778097,0.688320252885026,0.344070607406465,"chr19:46519240:C:T"
-0.144488184004226,0.0829761070214813,0.102643335778097,-0.709982834693348,0.362222959644541,"chr19:46519527:A:C"
0.773223541076362,0.837839691050305,0.0970121981068063,-0.207456910215458,-5.67255386469358,"chr19:46520820:A:G"
0.770225873923093,0.837949552413617,0.0970121981068063,-0.217433955655589,-5.66022903398169,"chr19:46520884:A:G"
-1.42093465693733,-2.12412520625047,0.119126591926964,2.03736418155925,-7.57326453401257,"chr19:46521428:C:T"
1.54815685490985,1.74001074721677,0.148089048248115,-0.498550485535596,-8.60078513448325,"chr19:46522106:C:G"
1.36356615321276,2.13978440015033,0.119126591926964,-2.24894838949133,-7.1113814241285,"chr19:46522174:A:G"
-1.8221451012529,-1.98706924637774,0.124802659093891,0.466844581286549,-10.5939026942817,"chr19:46523625:C:T"
-0.798872284786805,-0.334547233076896,0.100397052440157,-1.46541838044271,-2.70631647086763,"chr19:46523698:C:T"
1.34921771805545,0.932349923392552,0.141516066404683,1.10814214055389,-5.64750371768612,"chr19:46524028:C:T"
-2.04195391690927,-1.27918116216828,0.110890250962181,-2.29059595278464,-6.89071102586185,"chr19:46524041:C:G"
0.735314154474362,-0.0647494716046485,0.13749712339242,2.15763371646803,0.647083817516487,"chr19:46524043:C:T"
0.753768566773953,0.672203282207889,0.106704097382938,0.249697852625585,-4.90039994728116,"chr19:46524820:G:T"
-0.712668478288492,-0.677966100354428,0.106704097382938,-0.106235260469409,-4.84443925589869,"chr19:46524865:C:T"
-0.0341076488431469,-0.0991267011161265,0.118873976092826,0.188580698602093,-0.088833689072055,"chr19:46525391:C:T"
-2.83537608934018,-2.40517068578696,0.113061169817329,-1.2794376414712,-15.1206959376031,"chr19:46525641:C:T"
-1.12287180087347,-1.25348546483915,0.10321248572588,0.406557983512937,-7.69394507207844,"chr19:46525856:C:T"
0.171164010469271,0.773299170865665,0.164761301469983,-1.48342768772073,-1.55842787046481,"chr19:46526447:C:T"
0.0436181394022359,-0.35904530074036,0.108529608946153,1.2222726122052,0.42435660861398,"chr19:46528326:C:T"
0.05133956022381,-0.18934603733969,0.101336159686024,0.756080229982795,0.29611861488419,"chr19:46529087:A:G"
1.68549098562797,1.70398664768037,0.108605294859056,-0.0561234528460842,-10.2960685415415,"chr19:46529773:A:C"
-1.12170727695398,-1.25360529869583,0.10321248572588,0.410555772807995,-7.68855108663767,"chr19:46530306:C:G"
0.329623493670441,0.439279066407593,0.102345339523376,-0.342765159959517,-3.18708582173904,"chr19:46530434:A:G"
-1.17026342293784,-1.24860869008917,0.10321248572588,0.243863412630395,-7.89184237377896,"chr19:46530712:C:G"
-1.15955969548469,-0.960358413508278,0.103003480018813,-0.620677754325151,-6.80338354017236,"chr19:46530730:C:G"
-0.341863225285208,-0.425921578011115,0.100920465096245,0.264600861174853,-3.24105933725352,"chr19:46530821:C:T"
0.0782351365601111,0.0406781440220697,0.10228175840001,0.117433421634477,-0.0972401972952103,"chr19:46530867:A:C"
-0.251445636194327,0.176299943733125,0.118873976092826,-1.24062959189269,1.12397257629357,"chr19:46530906:C:T"
0.498407766495122,0.356879383773877,0.100570525896998,0.446280779890238,-3.44200425035925,"chr19:46531009:A:G"
0.484528934802886,0.357915749249326,0.100570525896998,0.399248759201344,-3.43460603034529,"chr19:46531043:C:T"
0.339342140425235,0.426119260691308,0.100920465096245,-0.273159061628863,-3.22826089228718,"chr19:46531220:G:T"
-0.38932854162674,-0.540283313273212,0.101727848039691,0.47328955132614,-3.60916534366827,"chr19:46531366:C:T"
-0.443837988352015,-0.368333690016188,0.100333331050514,-0.238368608093702,-3.42116275716957,"chr19:46531508:C:G"
0.294522690504242,0.429633632272249,0.100920465096245,-0.425305402575918,-2.96847631626585,"chr19:46531730:C:T"
-0.280764545078469,-0.430712432555967,0.100920465096245,0.472009489494408,-2.87638657299457,"chr19:46531733:C:T"
0.438591327694729,0.368712172462831,0.100333331050514,0.220609916713675,-3.41108953808855,"chr19:46531763:A:C"
0.428966042874909,0.369406519131357,0.100333331050514,0.18803062986333,-3.39059859377673,"chr19:46532068:A:G"
-0.582848212881431,-0.442291778560252,0.100636704132782,-0.443070187245472,-3.87329671399645,"chr19:46532179:C:T"
-0.576526975123585,-0.442768270621234,0.100636704132782,-0.421641986976887,-3.873890923972,"chr19:46532224:C:T"
-0.495142234688215,-0.358088559676443,0.104046354996758,-0.424890724277837,-3.40717721051612,"chr19:46532238:C:T"
0.264067261328646,-0.123087699038005,0.101458466904194,1.21546002549468,0.96386771586081,"chr19:46532327:C:T"
0.0234127400411332,-0.0409208630165597,0.101651476883583,0.201781352497182,0.029512604336756,"chr19:46532370:C:T"
0.636771407064193,0.43822707241958,0.100636704132782,0.625863027561599,-3.84024647785732,"chr19:46532445:C:T"
-0.61924994821242,-0.439547832112465,0.100636704132782,-0.566467487691648,-3.85637704042842,"chr19:46532466:C:G"
1.79414383502189,1.77986489773692,0.107658414693006,0.043518297414091,-10.8680785708982,"chr19:46532679:C:T"
-0.820249873162357,-0.935718613464293,0.101233852970996,0.362912180451676,-5.94264983212338,"chr19:46532807:A:G"
0.814486806897356,0.936189804868443,0.101233852970996,-0.38250612456411,-5.91488655971279,"chr19:46533031:G:T"
-0.289934441589979,0.0959222825726819,0.101880342029405,-1.20887355109888,0.81784891406549,"chr19:46533292:A:G"
-0.829065352983941,-0.963074757757761,0.101745053307402,0.420125097601098,-6.00583063316545,"chr19:46533571:A:C"
-1.12812893699281,-1.25294448591572,0.10321248572588,0.388510331464972,-7.71797961728253,"chr19:46533791:C:T"
1.90233191443402,2.07298406283985,0.124347886585586,-0.483941154204762,-11.060102042322,"chr19:46533828:C:T"
0.0864876833921789,0.064335272005917,0.100550089250915,0.0698601924612276,-0.172686026764429,"chr19:46534040:C:T"
-0.0887932033926316,-0.0641636168087571,0.100550089250915,-0.0776722510695614,-0.176790870457877,"chr19:46534048:A:G"
-0.0526002628232627,-0.0668583261793213,0.100550089250915,0.0449644525289178,-0.109321093903813,"chr19:46534363:A:G"
-0.0521130805634499,-0.261255349334332,0.101608931567009,0.656108814858434,-0.407106037908472,"chr19:46534412:C:G"
0.75844760048199,0.969234257223841,0.101745053307402,-0.660824998709195,-5.60540514684511,"chr19:46534546:C:T"
0.0583435379686566,-0.0807890818867474,0.107467722159482,0.424414234168059,0.13698804264067,"chr19:46534647:C:T"
0.0527142396007681,0.131842405818517,0.100543322578504,-0.249548224733935,-0.215001155779462,"chr19:46534761:A:G"
0.0650938128336185,0.130921592143886,0.100543322578504,-0.207602504269458,-0.263501937831369,"chr19:46534816:C:T"
-1.46091461130243,-0.923524449095431,0.106424530064381,-1.64728536915577,-5.7983578392652,"chr19:46534851:A:G"
-0.270507598629896,0.0941997283961676,0.101880342029405,-1.14261334304989,0.754598421200104,"chr19:46535182:C:T"
-1.69329394605167,-1.3799205906198,0.102218735305454,-0.980159641159696,-8.9609722127528,"chr19:46535429:C:G"
-2.23835922559673,-2.14315090626608,0.106518508164114,-0.29171741813386,-13.5208705865237,"chr19:46536294:A:T"
-0.931460571435582,-1.56997337862845,0.149608256286012,1.65079001035747,-5.0172459883361,"chr19:46536365:A:C"
-0.119348264872975,0.242056705229585,0.114792704695891,-1.06668693654829,0.766526407873609,"chr19:46536432:C:G"
-1.94884711260511,-1.66212537158062,0.108167277962604,-0.871791589108853,-10.3672881051478,"chr19:46537572:C:T"
-1.96428666044656,-1.33257547449146,0.10955508846959,-1.90854449883313,-7.53432688495936,"chr19:46537709:A:G"
0.944195222837079,-1.52024448129968,0.225573898984668,5.18888175306651,4.60991432942804,"chr19:46538512:C:T"
0.423502088925001,0.508275061787164,0.136539560562646,-0.229418355886619,-3.37837469243409,"chr19:46539079:A:G"
2.44624572396645,2.95477311141009,0.141696247379195,-1.35093723819145,-13.3553017710997,"chr19:46539194:A:G"
-1.02672133402204,-1.21103616433777,0.142115494810659,0.488921983546227,-6.27004771787046,"chr19:46539761:C:T"
-1.71596098876609,-2.17075158262062,0.113361308634482,1.35076266577747,-10.1528254613416,"chr19:46540315:C:T"
3.22646034033896,2.98284057994502,0.128131007476272,0.680589729799847,-18.5495396046443,"chr19:46540418:C:T"
-0.261279846425479,-2.59077776427895,0.169214431693891,5.66296173070688,-1.22036363504786,"chr19:46540979:C:T"
-1.46291968920453,-0.75499798200793,0.108052347205292,-2.15361529393706,-4.32235185004315,"chr19:46541332:A:G"
1.18454904818009,-0.588396205615896,0.17877112881316,4.19321020591269,3.32202894529364,"chr19:46541756:G:T"
-1.38262367476158,-0.76741345807512,0.108052347205292,-1.87157155681671,-4.64330030090506,"chr19:46543475:C:T"
-0.733653842549329,-0.979416202058389,0.101848662504066,0.770083295511776,-5.43783653873186,"chr19:46544410:G:T"
-0.763188337187466,-0.850800426554935,0.101220378442897,0.275378518480497,-5.5505368319673,"chr19:46544515:A:G"
-0.169852872394089,-0.533138660750687,0.102913806329899,1.1324305791091,-1.99967717122193,"chr19:46544881:C:T"
0.721714800755252,0.854185353657831,0.101220378442897,-0.416375694997975,-5.35936175290805,"chr19:46544896:C:G"
0.26380956214922,0.523770040453895,0.102913806329899,-0.81034602626149,-2.8349095376895,"chr19:46545031:A:G"
1.31221376764599,0.788566672521241,0.106297491024791,1.60611704742783,-5.08515746105981,"chr19:46545260:A:T"
-1.79888979979913,-2.07029580856684,0.114186717013593,0.803177742881039,-10.921386195971,"chr19:46545308:C:T"
1.68711189303078,1.0546946143282,0.124040680448216,1.79564986451394,-5.91017718209127,"chr19:46545648:G:T"
0.243001773260339,0.525844829101982,0.102913806329899,-0.881675352544579,-2.67086880588857,"chr19:46545791:A:C"
0.759085450288214,0.851135290042836,0.101220378442897,-0.289327062977307,-5.53295013082384,"chr19:46545809:A:G"
0.773632088949593,0.84994804353104,0.101220378442897,-0.239872997674078,-5.59398049905264,"chr19:46546059:C:T"
0.743701266561274,0.852390894096242,0.101220378442897,-0.3416285220552,-5.4644067585157,"chr19:46546671:A:C"
0.0714734276485657,-0.485694385168021,0.161329952352561,1.38716625967056,0.617582469922678,"chr19:46546758:C:T"
0.866324109711579,0.989972923100146,0.104471782611417,-0.382551976701444,-6.15228180470068,"chr19:46547362:A:G"
-2.3607185650432,-1.73025162409819,0.112117309379619,-1.88289449399419,-9.80125630208938,"chr19:46547902:C:T"
-2.3633263287909,-1.75147193579262,0.112103809833787,-1.82741799162638,-9.98856745975295,"chr19:46547952:C:T"
0.995650268525937,0.911351639858739,0.0985749445240132,0.268495640839238,-6.53528591633235,"chr19:46548204:C:T"
-2.15101097958553,-1.49191869396256,0.115501180990044,-1.93933580640731,-8.1733850889186,"chr19:46548205:A:G"
-1.99107242500974,-1.59309571983115,0.108420551040138,-1.20865359207637,-9.75741852326373,"chr19:46548387:C:G"
-0.999926018384985,-0.911123536793658,0.0985749445240132,-0.282840653281656,-6.54170483585758,"chr19:46548513:A:G"
0.9892724415426,1.16697844989644,0.12982807919097,-0.493194013003671,-6.31424906899556,"chr19:46548790:A:G"
0.989870516595635,1.16674680852391,0.12982807919097,-0.490891270528201,-6.31700592900931,"chr19:46548791:A:C"
1.01240885574365,0.910457601330548,0.0985749445240132,0.324720197953361,-6.55857455637575,"chr19:46549439:A:G"
-0.947543239829801,-0.956966214349929,0.104717594124948,0.0291191161598676,-6.40608476828708,"chr19:46549529:A:G"
-1.08541239856303,-0.906563002154234,0.0985749445240132,-0.569644892944439,-6.60169596496154,"chr19:46549682:A:C"
-0.96569868750228,-0.912949499336235,0.0985749445240132,-0.168008985487835,-6.48115113896596,"chr19:46550142:A:G"
0.365713105066413,0.454830323879147,0.113606016195467,-0.264399700649566,-3.26297229056418,"chr19:46550593:C:T"
-1.02832176565776,-0.909608678066687,0.0985749445240131,-0.378107533096469,-6.57604482538892,"chr19:46550661:G:T"
-1.02902341739752,-0.909571246290339,0.0985749445240132,-0.380461553623585,-6.57671117291546,"chr19:46550710:G:T"
-1.03246061304783,-0.909387878486095,0.0985749445240132,-0.391993241864534,-6.57984867371667,"chr19:46551098:A:C"
0.856926895730619,0.918752266082614,0.0985749445240131,-0.196917111170534,-6.14999807297441,"chr19:46551133:C:T"
0.616878675927565,-0.247349902911868,0.109169561272016,2.6156392230422,2.5666746495067,"chr19:46551864:G:T"
1.04165956346142,0.908897132101452,0.0985749445240132,0.422855444399882,-6.58721073858096,"chr19:46552377:A:C"
-0.993341200128034,-0.911474824234914,0.0985749445240132,-0.260748785669894,-6.53168348125977,"chr19:46553215:A:G"
0.980394643153215,0.912165498251303,0.0985749445240132,0.217313475604382,-6.50971849645221,"chr19:46553546:C:T"
-1.05040917458174,-0.908430357107451,0.0985749445240132,-0.45221012709298,-6.59281716820318,"chr19:46553795:A:C"
3.68972308899219,3.46597336321251,0.122927724910882,0.638171771173165,-23.6917977234031,"chr19:46554052:C:G"
0.967609445273018,0.912847564069071,0.0985749445240132,0.174419520458192,-6.48508399351711,"chr19:46554229:A:G"
-1.052741058929,-0.908305955544089,0.0985749445240132,-0.460033529087566,-6.5940820016825,"chr19:46554252:C:T"
0.362700447923355,0.45547493155819,0.113606016195467,-0.275250350356123,-3.2497349468955,"chr19:46554342:C:T"
-0.681174725614326,0.258059027493697,0.109169561272016,-2.84264684643217,2.49232726322795,"chr19:46555284:A:C"
-0.651138023870329,-0.64033938468519,0.118744218692633,-0.0313373878841517,-4.42372350313697,"chr19:46555729:A:C"
-1.79778272749785,-1.62884730041679,0.109092637902227,-0.511473352866753,-10.1768492051156,"chr19:46556089:C:T"
0.743365716811952,0.934604490780349,0.102215701988859,-0.598159690564929,-5.50172783810839,"chr19:46557558:A:G"
-1.41672990183953,-0.971750952529643,0.106662404142994,-1.36249143875204,-6.36490781558042,"chr19:46558260:A:G"
0.181796928109159,0.242261414202587,0.118482290991372,-0.175660309831922,-1.12165263461756,"chr19:46558274:C:T"
-0.864216397104701,-0.497608346346622,0.100782985058469,-1.15480429157915,-3.86924023765435,"chr19:46559980:C:T"
-0.0115774893098804,-0.634191034562277,0.122711379681304,1.77736304153133,-0.132142616012783,"chr19:46560185:C:T"
0.0225642476390166,-0.644818135336616,0.122711379681304,1.90516379078958,0.255296622868838,"chr19:46560380:C:G"
-1.00008847081793,-0.454280462599519,0.104732802813539,-1.68654735715298,-3.03801788984837,"chr19:46560776:A:G"
0.752965536337724,0.831316222608411,0.0983442721143795,-0.249843623369776,-5.54067212559815,"chr19:46561094:A:G"
-1.81756720797168,-1.63180571787211,0.101793313127449,-0.582231986912576,-10.5275804184794,"chr19:46561369:A:G"
1.01813906909011,0.00715952297580315,0.120885731057267,2.90773516400533,-0.0327748809580388,"chr19:46561479:A:G"
-1.39935487466884,-0.83261612217738,0.137204918761824,-1.53002338749538,-4.83335924706094,"chr19:46561525:A:G"
-0.226799314056807,-0.792296206180585,0.103021057020627,1.76184306656417,-1.80443747707894,"chr19:46561728:A:G"
-1.00691210335088,-0.621171676273007,0.0982986225771505,-1.23032950991585,-4.58309422622718,"chr19:46561890:C:T"
-0.239092840440976,-0.791056303600816,0.103021057020627,1.71967877120012,-1.91559460235115,"chr19:46562051:C:G"
-0.694208386541584,-0.834305972934078,0.0983442721143794,0.446741314922678,-5.2634441111685,"chr19:46562466:C:T"
0.7053512428439,0.833738989028732,0.0983442721143794,-0.40940113264966,-5.32041781056865,"chr19:46562821:C:T"
-0.94753268856006,-0.623255377947588,0.106169967268737,-0.995212267719356,-4.60913796599972,"chr19:46563141:G:T"
0.226183238462925,0.792358342437857,0.103021057020627,-1.76395608055993,-1.79887727692555,"chr19:46563228:A:G"
-0.657361438512076,-0.843806167747684,0.098802852205856,0.59315114012459,-5.05241170635968,"chr19:46563387:A:G"
0.192881376461335,-0.309791151518259,0.151902564515166,1.28974127286731,1.17919193753829,"chr19:46563661:C:T"
2.51332531191503,2.04585271341606,0.131745243617451,1.28791940515408,-11.3509270530409,"chr19:46563817:C:T"
-0.199784733032448,-0.79502084739879,0.103021057020627,1.85449758552411,-1.56212293181128,"chr19:46564218:A:G"
0.976873307017485,0.622685492675343,0.0982986225771505,1.12969159944898,-4.66689766841323,"chr19:46564219:C:T"
-1.84497176126593,-1.74519463526479,0.102479619181606,-0.311682370934285,-11.1087569717699,"chr19:46564312:C:T"
-0.838977063414085,-0.565833257460913,0.0995892807367395,-0.865535845654913,-4.44870911789796,"chr19:46565124:A:G"
0.908606140971911,0.62612584210059,0.0982986225771505,0.90097854223891,-4.81381413041529,"chr19:46565431:G:T"
0.816587677840533,0.583180847881284,0.104342515922612,0.722574960953847,-4.51573881119289,"chr19:46566394:A:C"
0.81532424884611,0.583326115635135,0.104342515922612,0.718213953188749,-4.51747872617107,"chr19:46566498:A:G"
-1.96781436875766,-1.59255576752476,0.106348225153581,-1.15070905934045,-9.88793865336721,"chr19:46567169:A:G"
-0.843040155640882,-0.580139369451712,0.104342515922612,-0.813881604700863,-4.47336803379813,"chr19:46567514:A:T"
0.765763180301375,0.596064703094825,0.105684075303292,0.522003204720529,-4.58130447131002,"chr19:46568227:A:T"
0.556678592660642,0.587748384914807,0.102235613111513,-0.0971711285062218,-4.28371538219722,"chr19:46568570:C:T"
0.715994645349392,0.570264766060711,0.106715167742314,0.446103396126417,-4.42420403732055,"chr19:46568571:A:G"
0.818751546562258,0.582932048502596,0.104342515922612,0.730044037838852,-4.5126982902078,"chr19:46568797:A:T"
0.957172883111367,0.623678302923498,0.0982986225771505,1.06368997024857,-4.7157763560438,"chr19:46568801:C:T"
1.0101846535065,-1.46920952152704,0.165754129064035,6.08994539588543,5.64021362478015,"chr19:46568923:C:T"
0.707874549106417,0.833610595195028,0.0983442721143794,-0.400945426750149,-5.33303570183499,"chr19:46569138:A:G"
0.915448936019367,0.60066302339757,0.099310750845642,0.998888827856199,-4.59440527144172,"chr19:46569216:C:G"
0.960197656822326,0.623525868318394,0.0982986225771505,1.07382376198001,-4.70859985782662,"chr19:46569534:A:G"
0.664567080369742,-1.13932092096436,0.219107737798182,3.85372492888127,3.72234977884365,"chr19:46569591:C:T"
-0.0650861289837286,0.898159704149401,0.112226028859786,-2.87534751560057,0.372158880039462,"chr19:46569640:C:T"
0.701093686281338,0.604427409070849,0.105684075303292,0.297351557438316,-4.57611757491943,"chr19:46570068:C:T"
0.0513200728358929,-0.133106993357205,0.101439212086651,0.579057544094383,0.209456190062166,"chr19:46570165:A:G"
-0.395714168908313,-0.795378642433446,0.0983253622035199,1.2745672871787,-3.24339202448124,"chr19:46570381:C:T"
2.33392881684156,0.536881140621185,0.221347630880736,3.81963760344703,-2.13650451758517,"chr19:46570504:C:G"
1.6568121460035,1.79185908894018,0.0996317062157068,-0.427844519860186,-10.7586836308461,"chr19:46570506:A:G"
0.620683184676803,0.73991761856484,0.103101835434513,-0.371337231915621,-4.72813211581677,"chr19:46570562:C:T"
-0.423629601300391,-0.788721590839259,0.0984442952196994,1.16360888076032,-3.49124393622934,"chr19:46570688:A:G"
0.693603110616148,0.605396049429468,0.105684075303292,0.271330476126686,-4.57077234806601,"chr19:46570761:C:T"
-0.622910744100664,-0.0691974288646221,0.154808099457062,-1.40730466639248,-0.703933594420333,"chr19:46571397:G:T"
0.447820020363678,0.787464850245828,0.0984442952196994,-1.08250455139916,-3.68507551970929,"chr19:46571447:A:G"
-0.936008008924208,-0.624744914692561,0.0982986225771505,-0.992782045382047,-4.7625449490857,"chr19:46572284:A:G"
-0.373098120794621,-0.602504558558696,0.0983397208598646,0.73154511672004,-3.52104766004477,"chr19:46572998:C:T"
-0.393717403315394,-0.781414536186973,0.0991614842643429,1.23117866185801,-3.26718582342464,"chr19:46573021:A:C"
-1.57415430477855,-1.7972021236332,0.0996317062157068,0.706641593571486,-10.2797350111278,"chr19:46573611:C:T"
0.231506976346834,-0.033130140843223,0.104809628675681,0.817429234538593,0.224427044615396,"chr19:46575008:A:G"
-1.6065942525773,-1.79510519291301,0.0996317062157068,0.597224720548797,-10.4810311358387,"chr19:46575021:C:T"
-1.35170350780528,-1.02914553696504,0.101884306977155,-1.01054144667224,-7.09487848920201,"chr19:46575892:A:G"
1.35086161270445,1.02922022243386,0.101884306977155,1.00766989259958,-7.09710260283715,"chr19:46575924:C:T"
-1.33788196938319,-1.04817155623344,0.102242770275654,-0.906040896982184,-7.247872636249,"chr19:46576940:A:G"
-1.65275033953991,-1.79386730924037,0.100094036113311,0.446041370050298,-10.7156441935891,"chr19:46577040:C:T"
0.468210278521084,-0.107228499690747,0.103820382795844,1.78590277572768,1.27280893528881,"chr19:46577369:C:T"
1.76707139035027,1.84937536993816,0.10010705225407,-0.26012883634648,-11.3470824773229,"chr19:46577537:A:C"
-0.388254487381378,-0.70820580168196,0.191230820476816,0.73165265740608,-2.98850752944612,"chr19:46577777:A:G"
-0.575382678197787,-0.513999802669385,0.102504257271774,-0.191723910212718,-4.12663640732125,"chr19:46577993:A:G"
-2.51507292938446,-1.94781219561772,0.10478516388723,-1.752398302876,-11.8611442643069,"chr19:46579197:C:T"
-0.342995093560357,1.02608496587131,0.205941045814548,-3.01687549974625,2.20237806044617,"chr19:46579329:C:T"
-1.24597554354876,-0.639559348163358,0.104103941689077,-1.87947781867011,-3.95174930789672,"chr19:46579780:C:T"
-2.58474268314002,-2.34963876344921,0.106592556228204,-0.720106002734732,-15.3105810178175,"chr19:46579995:C:T"
1.70507734284368,1.85369758366521,0.10010705225407,-0.469727107923767,-11.0452325296741,"chr19:46580129:C:G"
1.30452516303472,0.939184177877395,0.105107724520539,1.12688884138246,-6.4302011444635,"chr19:46580648:A:G"
-2.60397594555782,-2.33130045126401,0.10650957913863,-0.835510235767098,-15.1850270993826,"chr19:46581628:A:G"
-0.728478626625892,-0.730676529770356,0.112684515182313,0.00654751391525715,-4.93258542863563,"chr19:46582628:A:G"
-1.26683927530764,-0.44643302746123,0.196574083576879,-1.85040089262473,-2.16211637528842,"chr19:46584159:A:G"
1.79725810055314,1.84727075798814,0.10010705225407,-0.158069323577104,-11.4704221793542,"chr19:46584982:C:T"
-2.21174853383678,-2.07852548448653,0.113052064560354,-0.396223400687627,-12.6967808311199,"chr19:46585663:C:T"
1.05794181751958,0.204743103245321,0.138291222177202,2.29431415691802,-1.01884123648905,"chr19:46586443:A:G"
-1.70631267393255,-1.84133202871415,0.100630664997405,0.425628653312346,-11.0120991037771,"chr19:46586828:C:T"
-0.140941683374483,-0.194114251275894,0.102206596499045,0.166321415057566,-0.818196125027573,"chr19:46586829:A:G"
-0.422112311782714,-0.577945586131291,0.102681609416939,0.486310741823451,-3.75891174477717,"chr19:46588362:A:G"
-0.480620134013954,-0.523034063069613,0.102504257271774,0.132476106015483,-3.94016019427151,"chr19:46588444:A:C"
-1.44375079131575,2.1900822242551,0.205178380164572,-8.0223049742681,6.41034632317885,"chr19:46588802:C:T"
0.00100014276522293,0.523146542100577,0.154204629669272,-1.3296691146851,-0.00949144382036882,"chr19:46589063:C:G"
1.46584820422193,1.7474137747393,0.101004499242758,-0.885949951719956,-9.53474042945576,"chr19:46590172:A:G"
-0.324730548650352,-0.177177180721942,0.102206596499045,-0.461540337789695,-1.62490762860576,"chr19:46590377:A:G"
1.71224643738396,1.46246300962953,0.104127113792809,0.774072619258391,-9.43263676141154,"chr19:46592489:A:G"
-0.318771173596056,-0.177726367178918,0.102206596499045,-0.441181848379307,-1.60519564807666,"chr19:46592656:A:G"
0.287061989866269,0.530062881004629,0.143137021379177,-0.642291062022243,-2.6032696848068,"chr19:46594502:A:G"
0.351162160150314,0.174741374460447,0.102206596499045,0.551836329889331,-1.70566422311985,"chr19:46595224:A:T"
0.413276459278894,0.52945432435643,0.102504257271774,-0.362871149014916,-3.7048203427892,"chr19:46595260:C:T"
-0.376951987461531,-0.54068391225246,0.102950232341507,0.51029310677786,-3.53651889151812,"chr19:46595689:G:T"
0.045117401450525,0.80495733538278,0.150330835530622,-1.95973829341552,-0.407941612274106,"chr19:46595967:C:T"
-0.411648124957016,-0.550703937929886,0.103027269142695,0.433224544944116,-3.70316302969897,"chr19:46597242:A:G"
-0.640202355452804,-0.637515571521419,0.104254416993651,-0.0083211913758477,-4.5959605747182,"chr19:46598151:A:G"
-0.00244983944298332,0.0734305971072337,0.17181562817771,-0.183062120470748,0.0032774136146005,"chr19:46598942:C:T"
1.60889566934955,1.67005702060159,0.102346704395192,-0.19117898011121,-10.237285417568,"chr19:46600217:A:C"
-0.415103258961575,-0.168848879829527,0.102206596499045,-0.770272687926312,-1.8501843330185,"chr19:46600294:A:T"
-0.283570290792469,-0.180970306003565,0.102206596499045,-0.320928165188771,-1.4783967640254,"chr19:46600969:C:T"
-0.533278633379557,-0.157958423265399,0.102206596499045,-1.17398483672316,-1.8826490137635,"chr19:46601421:A:C"
-1.59075817881727,-1.06599628306069,0.126891601147773,-1.47314621280316,-6.27837783100259,"chr19:46602459:G:T"
-1.11128400530998,-1.51358679654528,0.111961465846401,1.20231636348603,-7.11478529040721,"chr19:46603007:C:G"
0.644129884724718,0.908491474640875,0.104368797270164,-0.818300875355358,-4.83708284747892,"chr19:46603377:G:T"
1.7083712236383,1.78614658693936,0.109677231376924,-0.234846346906287,-10.5025167496021,"chr19:46604926:C:T"
-1.14106778682284,-1.30507558714863,0.112436262440259,0.48911536243149,-7.54684522145103,"chr19:46605228:C:T"
-0.647879261264615,-0.769341190352882,0.10423746378691,0.376208199166752,-4.86029915635615,"chr19:46605754:C:T"
-1.13047801785243,-0.525544152749759,0.131215977186593,-1.66999256691291,-3.14265977343464,"chr19:46606257:C:T"
0.424385622192473,0.45948371608706,0.110699856979792,-0.105489686475882,-3.55046196794833,"chr19:46606860:G:T"
0.667676970950881,0.631096071774414,0.105127526845824,0.112822612675352,-4.62670916024886,"chr19:46607584:A:C"
-0.569696924804502,-0.869358461640622,0.10742356372308,0.914284220925419,-4.32824162012121,"chr19:46608406:C:T"
0.114440769640305,0.814343424238398,0.128485602446299,-1.95258706561698,-0.938644494210467,"chr19:46609391:C:T"
0.0712561723496051,1.23528623972145,0.149169667787915,-3.01386598634762,-0.278626507421763,"chr19:46609581:C:T"
2.20682579571175,0.865525877829312,0.124964243038037,3.79431180122514,-4.45472007643072,"chr19:46609881:A:G"
0.530641831325942,0.921217481474085,0.103857849019342,-1.21195223098274,-3.96468705265445,"chr19:46610916:A:G"
0.604362632193157,0.98552293479208,0.123278110110311,-1.08558711283418,-4.19733641724783,"chr19:46610937:A:G"
0.306521291304526,-0.290434353618216,0.198153294756303,1.34103901922572,1.34334958102253,"chr19:46611162:A:G"
1.54475080023664,1.67290089772951,0.109602869133085,-0.387086459204902,-9.67452507932131,"chr19:46611732:C:G"
-1.8890179988807,-2.06194132324792,0.115668467052951,0.508447464633463,-11.3887101477593,"chr19:46612288:C:T"
0.71531625096388,1.38442491697416,0.148587912058513,-1.73582090608468,-3.8478750635086,"chr19:46613852:A:G"
-2.95178968615374,-2.69939416610033,0.0974383564766149,-0.808568218607226,-19.5876601132771,"chr19:46614145:A:C"
1.75005713829992,1.65969282241457,0.0994227253314567,0.286585447247505,-10.7296025043485,"chr19:46614380:C:G"
-2.96675097600622,-2.76661607008801,0.0974692102107627,-0.641045886733996,-20.1924940971798,"chr19:46615087:A:G"
-1.71021680033947,-1.44405729927062,0.10725936533517,-0.812688964139483,-9.20413101944117,"chr19:46615128:G:T"
-2.99897767754133,-2.76527761543275,0.0974692102107627,-0.748557393608344,-20.2384211503774,"chr19:46615346:A:G"
-1.76628719364134,-1.6586799490365,0.0994227253314566,-0.341270445308074,-10.7491253568383,"chr19:46615476:A:G"
-2.02679602889118,-1.93003262070364,0.102293380158724,-0.302543197014864,-12.317373832333,"chr19:46615775:C:G"
2.9891727829265,2.69785387863315,0.0974383564766149,0.933262236355211,-19.6071428880713,"chr19:46615848:C:T"
-2.06061167564021,-1.9386293217849,0.102174766432116,-0.381614776568553,-12.4286880802342,"chr19:46615970:C:T"
2.9630663440197,2.76676910197153,0.0974692102107627,0.628753585062458,-20.1862129407399,"chr19:46616096:A:C"
-3.01081605635925,-2.69696211562542,0.0974383564766149,-1.0054549371887,-19.6093166229033,"chr19:46616280:A:G"
2.0226874185151,0.685439306751098,0.14420137174377,3.52149679505228,-3.34136567474866,"chr19:46616286:A:T"
2.95954758622899,2.76691524468926,0.0974692102107627,0.61701465633612,-20.1800151937627,"chr19:46616316:G:T"
1.11793463764911,0.631257334930534,0.224250774561683,1.02771836319537,-3.57274157320653,"chr19:46616543:A:C"
-3.05447675330965,-2.91634751116921,0.0988859819486941,-0.439256567753091,-21.3876501752662,"chr19:46616653:G:T"
1.69927155864805,1.66286221158405,0.0994227253314566,0.115470237450425,-10.6396792736128,"chr19:46616776:A:G"
3.06328998269656,2.91584804998841,0.0988859819486941,0.468871299810794,-21.4110462776513,"chr19:46617124:A:G"
-2.94459682123647,-2.69969053212245,0.0974383564766149,-0.784575898465735,-19.5815473658673,"chr19:46617171:A:G"
-3.01153120164957,-2.69693264965221,0.0974383564766149,-1.00784035592664,-19.6092785653893,"chr19:46617326:C:T"
1.71167478859542,1.44384421762434,0.10725936533517,0.817791393556401,-9.20111004302097,"chr19:46617908:A:G"
2.07120716776388,1.93765649759379,0.102174766432116,0.417805588650898,-12.4394207381754,"chr19:46618171:C:T"
-2.94099533382359,-2.69983892341167,0.0974383564766149,-0.772562877230226,-19.5781941137465,"chr19:46618236:G:T"
-2.92388223862576,-2.70054403048769,0.0974383564766149,-0.715480912905739,-19.5595655030232,"chr19:46618441:C:T"
3.07410252465222,2.91523528425457,0.0988859819486941,0.505204239624556,-21.4380053976923,"chr19:46618488:A:G"
-2.92980326074062,-2.80944694003522,0.09818777942116,-0.384096353161046,-20.3181433836003,"chr19:46618610:C:T"
-1.70259019928571,-1.44517190955733,0.10725936533517,-0.785998630106392,-9.21934524647087,"chr19:46619050:G:T"
-1.92016297085471,0.28849280073519,0.158334402924957,-5.55060586399335,1.35948501000493,"chr19:46619314:C:G"
-3.96907572301036,-3.79143493345016,0.0993514456879497,-0.563580034498637,-32.1107203457631,"chr19:46619414:A:G"
-1.81064425928002,-1.3500417301504,0.110128736339764,-1.38795693216081,-8.18882905448889,"chr19:46619930:A:G"
-1.29789508908787,-1.3872111625859,0.0994138702070849,0.283273619511222,-8.70806878879945,"chr19:46619997:G:T"
-3.99616328527112,-3.93472076022774,0.099097860523016,-0.195180720111753,-33.5568233527702,"chr19:46620145:G:T"
4.0219350034964,3.87700677128095,0.0991692108645394,0.460219023064409,-33.1849919232218,"chr19:46620526:A:G"
-3.20440983638215,-3.22469644476874,0.0974798759014212,0.0649758488447391,-24.3350753272814,"chr19:46621457:G:T"
-3.26203894325192,-3.20152893327587,0.0973458534975946,-0.193940493294524,-24.5359510544668,"chr19:46623095:C:G"
3.29180022431278,3.20033210376611,0.0973458534975945,0.293164262021579,-24.6658142485632,"chr19:46623357:C:G"
1.51202744614949,1.43474993153387,0.0989265569140016,0.245695215246169,-9.44098273444525,"chr19:46624067:C:G"
-1.55529627072864,-1.36367453788021,0.0992602460871706,-0.608214947849823,-9.11156898037038,"chr19:46624373:A:G"
-2.34582463885209,-2.25350838661437,0.100545098799567,-0.291137207802079,-14.8513394844892,"chr19:46626045:A:G"
2.66445543425206,1.71434472241375,0.144227844462997,2.50178312070836,-8.1041282014021,"chr19:46626086:C:G"
-1.11601957015955,-1.3480753471232,0.166124346959103,0.569345301714432,-6.31159808681318,"chr19:46626363:C:T"
2.57202073475681,2.47989633822691,0.0993689222763176,0.292246531965602,-16.8991255946824,"chr19:46626465:C:T"
2.86003362841397,2.78667739473205,0.0977925197731144,0.234576340633349,-19.9750105077589,"chr19:46626665:A:T"
1.52682955997906,1.5240121240457,0.103575439452305,0.008754385299794,-9.58329909697298,"chr19:46627134:C:T"
-1.6743659921465,-1.3499630970029,0.147530364862056,-0.844586262499135,-7.68260841298572,"chr19:46627141:C:T"
-1.56969314612865,-1.41513574321309,0.0990022024834927,-0.49121020788115,-9.4009160364022,"chr19:46627310:A:G"
2.84169443734393,2.79003891758295,0.0985406584225626,0.164554213040413,-19.8121132147061,"chr19:46627353:C:T"
-3.45497986089155,-3.1838841900622,0.0971810773464491,-0.869624421884973,-25.0563358336274,"chr19:46627517:A:G"
-1.52277129355985,-1.41785315943344,0.0990022024834926,-0.333448010270286,-9.3814832922855,"chr19:46627705:A:G"
0.331731756973509,0.339143935617412,0.10303915284361,-0.0230911061735668,-2.80543199384725,"chr19:46628152:A:G"
3.44543809963275,3.16992893434807,0.0975046514749795,0.882314433639773,-24.8322866135615,"chr19:46628300:A:G"
3.42300804411294,3.20503637400044,0.100283469910491,0.688312054553795,-24.5900660289954,"chr19:46628365:C:T"
-3.48620422681771,-3.17143499854274,0.0976939730017455,-1.00706704254993,-24.8701466113671,"chr19:46628431:A:C"
-3.46879051766006,-3.18335312119792,0.097181077346449,-0.915630006644406,-25.0743626991931,"chr19:46628624:A:G"
3.43462075141379,3.18466707021985,0.097181077346449,0.801804856718377,-25.0246900581802,"chr19:46628667:C:T"
-3.49795470524724,-3.18543560507741,0.0973863208268464,-1.00144611421262,-25.0973329331665,"chr19:46628700:A:T"
-0.427485247291492,-0.264066007634872,0.102182641207536,-0.511227989787334,-2.72607810231675,"chr19:46629420:A:G"
-0.867467681430375,0.187314626145356,0.138443327166998,-2.83482871033395,1.40631294080507,"chr19:46629564:C:T"
1.45555557332625,1.49601368550803,0.10362621884993,-0.125681335930467,-9.30544355803574,"chr19:46630417:A:C"
2.55401572963443,2.88130234127222,0.102071838542269,-1.02441344836286,-17.5996521713398,"chr19:46630680:A:G"
2.59250132661638,2.87781111838965,0.102071838542269,-0.893025187249625,-17.9534460880363,"chr19:46631055:A:G"
0.277244037385611,1.04781025265874,0.108249830158568,-2.34205102220774,-1.45697626744596,"chr19:46631491:A:G"
2.5670424700544,2.88012061985418,0.102071838542269,-0.979940686967049,-17.721842287056,"chr19:46631965:A:G"
-2.50348214552767,-2.55729909647802,0.100858790555357,0.169458052417932,-16.8153336673864,"chr19:46632722:A:G"
0.344522659885219,0.36635822160348,0.111636036866571,-0.065352493621305,-2.86703866120054,"chr19:46633137:A:G"
1.72226701892775,2.39889191549765,0.103933317796871,-2.09879769278734,-10.0246577893039,"chr19:46633270:C:T"
0.175757065248102,0.417306723529367,0.15152630855358,-0.620529461610098,-1.39871375195291,"chr19:46633618:A:T"
0.0861284037825908,0.911224584638468,0.130825858698307,-2.28117067451101,-0.540082747039999,"chr19:46633679:C:T"
2.19507667874049,2.77561574589438,0.104129406587701,-1.7990562982087,-13.848757097193,"chr19:46633905:A:C"
-2.48644454121745,-2.40340561450875,0.12522857799207,-0.23465510273614,-14.0165584088992,"chr19:46634202:C:T"
-0.18466294367046,-0.347425978586453,0.104006627890722,0.504690664277719,-1.75418103733137,"chr19:46634375:A:C"
-2.79630096673513,-2.84404764382865,0.10274333635387,0.148958853260924,-19.2770342175249,"chr19:46634715:A:G"
-0.0335010451892365,0.370148449709002,0.104517979819015,-1.2485585412038,0.345839888868898,"chr19:46634757:C:G"
-0.206784150221176,-0.61109218606485,0.117320201859664,1.18039122548815,-2.20273585090361,"chr19:46635240:C:G"
2.59397549697838,2.77899337779366,0.102457125240282,-0.578019671938216,-17.8049754458347,"chr19:46635389:G:T"
-1.24872051501368,-0.942849251537281,0.135782490088195,-0.830073965106151,-5.9354452928871,"chr19:46636170:C:G"
0.117626081694385,0.044629002916597,0.105827669896094,0.224391222031367,-0.154598708000924,"chr19:46636866:A:T"
-0.0190027115625143,-0.0575337682126483,0.105827669896094,0.118443519009891,-0.0323346112229972,"chr19:46637645:A:G"
-2.96429932157269,-3.18398046382261,0.106518858896125,0.673099898990458,-20.9374877133775,"chr19:46637892:C:T"
3.03064057257673,3.46160635461162,0.110644718008755,-1.29561941140702,-21.1784140671731,"chr19:46638060:C:G"
0.67331549470594,1.15163709194793,0.160434755213612,-1.19418266517249,-4.04226005929447,"chr19:46638734:G:T"
-1.50417585757986,-1.99861631044047,0.112355689449044,1.47508301056768,-8.84853580064797,"chr19:46639003:A:G"
-1.62165058026818,0.0660743729463553,0.213838332988176,-3.6497144873148,0.220229807195484,"chr19:46639987:A:G"
3.2046186827258,3.16134675803055,0.106125664900196,0.132829947361562,-22.4655233479084,"chr19:46640111:A:G"
-3.35577864485663,-3.4125370267497,0.109925141695882,0.171191220703973,-23.9943593555931,"chr19:46640496:C:T"
3.2628977105461,3.13643192568461,0.106832712325964,0.386919765893671,-22.4267268489161,"chr19:46640522:A:T"
-1.06140627332502,-1.02731653776685,0.135782490088195,-0.0925127834585703,-6.18622283712279,"chr19:46640788:A:C"
-0.241540231370165,0.0382974478024139,0.103457212438746,-0.870013124266168,0.273436196580404,"chr19:46641702:A:G"
0.0456573526171085,0.0142586763233822,0.102997811187688,0.0978356966205944,-0.0197916122990996,"chr19:46641780:A:G"
0.275014469358773,-0.0418296099652131,0.103457212438746,0.985065728721606,0.336951670416095,"chr19:46641817:A:C"
-0.196024355474152,0.0334946661916294,0.103457212438746,-0.713572817314617,0.195902359654284,"chr19:46642383:A:C"
-0.208837035316322,0.034846645076346,0.103457212438746,-0.757610628911615,0.216628401602894,"chr19:46642745:A:G"
1.80165920386365,2.7269161019797,0.156685195520419,-2.33748240059276,-8.21884883982935,"chr19:46644173:C:T"
2.68007839844087,2.25546000151402,0.119315344886285,1.22927954734374,-13.5018009915735,"chr19:46648121:A:G"
-0.681842375703586,-1.03608248307379,0.110370608221341,1.06627938523813,-4.83642795189542,"chr19:46650444:C:T"
-1.04593959567119,-0.933264001797027,0.108590696455865,-0.341927118591233,-6.43393933358896,"chr19:46650822:G:T"
0.677119549866294,0.838851919592628,0.110128681944672,-0.487356462366706,-4.94778904959422,"chr19:46650948:C:T"
-1.2923476030897,-0.794170541938903,0.110318102477831,-1.49989319499424,-5.1428956079161,"chr19:46651176:A:G"
-2.39920044283203,-2.38601161078694,0.119742238696065,-0.038113835129219,-14.0714651226805,"chr19:46651327:C:T"
-1.17529085016215,-0.877493368097334,0.109804889493225,-0.898690564081993,-6.08734812290547,"chr19:46651990:C:T"
0.38260642087236,-0.239316022748665,0.109674718993943,1.87794541397461,2.26499277358674,"chr19:46654181:A:G"
0.328891379920074,-0.247267853569804,0.109291278012731,1.74280891979938,2.09357753218829,"chr19:46654314:C:T"
-0.303993328102679,0.225831793752599,0.109412102757236,-1.60176892658947,1.81163519777433,"chr19:46655334:A:G"
0.85243047582601,0.888731817889531,0.106620621509895,-0.111173704244801,-5.85259308253285,"chr19:46655698:A:G"
-2.47076719010152,-2.16150903837194,0.122539974562454,-0.883450585880325,-12.7600018351239,"chr19:46657144:A:C"
-0.159537083203666,0.41761817687668,0.106379883137726,-1.76955026552734,1.71082799979823,"chr19:46658945:A:C"
-2.67382758870094,-1.93416454443081,0.111250366276078,-2.2175999128626,-11.0400709717363,"chr19:46660517:A:G"
-0.0745088988678193,0.373018550900744,0.10599815147939,-1.37458162083977,0.760447357762034,"chr19:46661729:A:G"
2.70554650807467,1.92817618422454,0.111250366276078,2.33065093056402,-10.9683400376138,"chr19:46662617:C:T"
-0.122992898429629,0.379450956280565,0.10599815147939,-1.54325748855336,1.25740826191398,"chr19:46663485:C:T"
-0.538238559695793,-0.651210439445398,0.106421759243312,0.346302110348222,-4.24979397513632,"chr19:46664011:C:G"
-0.20767710842099,-0.657955017525285,0.176083320776747,1.07305388369156,-1.87911708250559,"chr19:46664053:A:G"
0.789749334206749,0.538201754790353,0.10843468604337,0.763899154573143,-4.20757564590511,"chr19:46664872:A:C"
0.608509302331793,0.81496475866841,0.10633642482719,-0.633118986706022,-4.63742179310665,"chr19:46665129:G:T"
0.00244983944298332,0.0899486914382084,0.102743863700886,-0.272975963972976,-0.00670224132731806,"chr19:46667387:G:T"
-0.0431802185595078,-0.023253616629342,0.101702294240284,-0.0624838627925873,-0.0309130335131195,"chr19:46667787:A:G"
3.65494476394122,3.42379566409812,0.101517839548564,0.725472614539104,-26.9982340846641,"chr19:46669216:C:T"
-3.31592376636475,-2.95828049328628,0.0994917484011527,-1.13385241481773,-22.1103603697929,"chr19:46669588:C:T"
0.858233303592083,1.15165223999277,0.110163976697767,-0.884032713196096,-5.97121216256213,"chr19:46670338:C:T"
-0.317236250742,-0.430559518061687,0.0983706681831336,0.361315237260657,-3.15217407817389,"chr19:46670370:A:G"
0.469287786526088,0.74965199692851,0.101743591127158,-0.878959859826815,-3.88830505629946,"chr19:46670948:A:G"
2.77634844928818,2.6871151684038,0.10267177845817,0.278484686426566,-18.3996485250039,"chr19:46671636:A:C"
-3.57027977465541,-3.10184014506969,0.0992865959060616,-1.48664857334306,-23.7872485118282,"chr19:46672271:C:T"
-3.53909930248253,-3.18556921847224,0.0985689935816174,-1.12604621544684,-24.9062852485011,"chr19:46672358:C:G"
4.85687020679637,4.77163228979909,0.103676790525807,0.26472323162074,-37.466213104618,"chr19:46673495:A:C"
-3.50444268580777,-3.03170537107613,0.0998201923164339,-1.49627246117037,-22.869109944325,"chr19:46673568:C:T"
-2.78810283849734,-2.55446206971497,0.102467911925021,-0.729885411684745,-17.5105231916138,"chr19:46673623:A:G"
4.65486965885931,4.83625395523484,0.0994001760704896,-0.575315543674123,-37.2973554918649,"chr19:46676197:A:G"
-0.871104617861593,-0.972179129257745,0.0991677383992451,0.320964090448527,-6.29471763301286,"chr19:46676399:C:T"
-0.0701598053025429,-1.02374103236542,0.130554272486855,2.63913829250901,-0.330067321337439,"chr19:46677706:C:T"
-1.77744248879598,-2.61535872676777,0.145606306298366,2.19588966256398,-8.50079205925118,"chr19:46679238:A:G"
4.67078227425405,4.83526472665549,0.0994001760704896,-0.521706197389165,-37.3509232049952,"chr19:46679585:A:G"
1.84752135154143,1.57367792093145,0.178196403307312,0.648713386399418,-8.10056375761172,"chr19:46679664:A:G"
-4.66764127979647,-4.83545999069023,0.0994001760704896,0.532288157386273,-37.3406934020553,"chr19:46679685:C:T"
-0.320574988210166,-0.52995046404001,0.0982474945871041,0.667982476006079,-3.26610072272558,"chr19:46679718:A:G"
0.302492531261598,0.530851857042467,0.0982474945871041,-0.728547731053998,-3.14967270068497,"chr19:46680159:C:T"
-0.103571373464367,0.141027968963912,0.0981497753206402,-0.780747550348739,0.460637036084262,"chr19:46680583:C:T"
-3.29951534378742,-3.23601656269771,0.0978147063298252,-0.203031447566491,-24.8641539674771,"chr19:46681099:A:G"
0.332615527619992,0.489019393874563,0.0981079175201202,-0.499338963945241,-3.33200245213194,"chr19:46682248:C:T"
0.357706380061465,0.487806061807453,0.0981079175201202,-0.41535955503113,-3.46499273854097,"chr19:46682662:C:G"
0.0143895481805877,0.0968701495769629,0.0979954189098509,-0.263480774880352,-0.0444192213128337,"chr19:46683398:C:T"
0.0162195893963436,0.0967838532264943,0.0979954189098509,-0.257359115989255,-0.0500230086819771,"chr19:46683704:C:T"
-3.25791196183198,-3.15536990714306,0.0979938126938974,-0.327568919160735,-24.0649598414388,"chr19:46684181:A:T"
-2.96655505316176,-2.67191343382889,0.101009618310463,-0.927070427297115,-18.8581980262904,"chr19:46685046:A:G"
3.1882560668981,2.50412275479376,0.102244593136763,2.13954074859911,-16.7249339644768,"chr19:46685553:C:T"
-2.70182611670447,-3.0582628652733,0.0995261165620037,1.12983219012913,-19.3696031224767,"chr19:46686070:A:T"
0.505538639070149,0.216471354372162,0.152600953596038,0.73998057482603,-1.92825562345639,"chr19:46686088:A:G"
1.38778623424725,2.318201567864,0.132843992737213,-2.55273597624504,-6.73818590508602,"chr19:46686612:A:G"
-0.632436968548033,-0.580315290288255,0.0985398199256384,-0.1660399174978,-4.49672833950874,"chr19:46689165:A:G"
0.556524066723547,0.584336605578596,0.0985398199256383,-0.0886002103362849,-4.32813046537985,"chr19:46690593:C:T"
0.317852053507972,0.183290924551386,0.0984278281316321,0.42890456737968,-1.70278445355962,"chr19:46690997:A:G"
-0.692035584494041,-0.577158187611015,0.0985398199256384,-0.36595585824678,-4.56371486009912,"chr19:46691052:A:C"
4.70481748950871,4.87609132618442,0.10013532061466,-0.541249340329837,-37.3561280634012,"chr19:46692822:C:T"
1.23141803072811,0.99599631837425,0.0980546933902453,0.751817310789343,-7.13331164723487,"chr19:46693167:C:T"
-5.20196800441196,-4.94060593074952,0.103010409611563,-0.814332954366715,-37.29774171062,"chr19:46695675:A:C"
2.28086294903864,2.27046868147912,0.100019623738086,0.0328663354536862,-14.7718775907235,"chr19:46695899:C:T"
1.87715870076571,2.20756386296146,0.117291827235492,-0.964745914369162,-11.1974664530523,"chr19:46697348:C:T"
2.9156690288062,2.99209978224796,0.0989947389803613,-0.242919334896914,-21.1409778356383,"chr19:46697361:C:T"
-0.65770516062487,-0.984915350251957,0.0991677383992451,1.03906236546147,-4.92280098720965,"chr19:46697551:C:T"
1.76858792594217,1.28195892508878,0.135050951544911,1.32418652168586,-7.27877742835079,"chr19:46697618:C:T"
-1.28013399647043,-0.968259385165982,0.0980665080909683,-0.995909020405912,-6.87037708518582,"chr19:46698293:C:G"
0.554247923117762,0.991089940653479,0.0991677383992451,-1.38720038208752,-4.01914837836642,"chr19:46698547:C:T"
-3.03942217017286,-2.93735420681456,0.104605890830021,-0.315581385036955,-20.6210311137042,"chr19:46698561:C:T"
0.719486823291574,1.45495660057488,0.103204740623941,-2.28936483435193,-4.13194344482325,"chr19:46698981:A:G"
5.07968882658447,5.05308466199227,0.0993051870817887,0.0844235594928888,-37.9003004065629,"chr19:46700002:A:G"
5.55291861788625,4.95715306654821,0.100323208551229,1.88093886822475,-35.668127217846,"chr19:46700099:A:C"
1.03339067896501,1.09193715663475,0.097907981127411,-0.18710772745535,-7.25058524100433,"chr19:46702162:C:G"
-0.200865759333878,-0.748804002018506,0.122792984731455,1.56366902992157,-1.83108106562895,"chr19:46702260:C:G"
-5.30511581166384,-5.00134608919653,0.0976745089035795,-0.971972250746563,-37.3239114787218,"chr19:46702450:A:G"
-1.92371123782559,-2.19576967624027,0.117291827235492,0.794380042932647,-11.5314012756983,"chr19:46702451:C:T"
-2.9047977249902,-2.89301389368515,0.0972812497837891,-0.0377808692587837,-20.8764280313252,"chr19:46702455:C:T"
2.8225455869907,2.94605346028672,0.0973473321212325,-0.395851793237573,-20.5917208405932,"chr19:46702503:C:G"
-0.695206658295925,-0.982677165731072,0.0991677383992451,0.912868226372763,-5.21652795323085,"chr19:46702596:C:T"
-0.717786397044839,-0.981329549638595,0.0991677383992451,0.836886442464788,-5.38328566917339,"chr19:46702782:G:T"
-0.948277846618025,-1.09587116320484,0.0979079811274109,0.471691059023863,-6.86084604636498,"chr19:46703699:A:G"
1.50780998525322,0.402230191276206,0.114974910929751,3.26053263798853,-2.10972279388662,"chr19:46703751:A:G"
-1.90817893250264,-2.1997048196451,0.117291827235492,0.851222803797804,-11.4243507181277,"chr19:46703893:C:G"
-2.3891978122263,-2.06044256790626,0.105722197127131,-1.01108949780622,-13.1149746097935,"chr19:46704707:A:T"
2.98422261489508,2.88987470635646,0.0972812497837892,0.302494656029892,-21.2096053986544,"chr19:46704934:A:T"
5.35402442311215,4.99920749918742,0.0976745089035795,1.1353080265832,-37.0953796626304,"chr19:46705224:C:T"
1.24826303938626,0.995661262734456,0.0986188530739483,0.804371041682721,-7.09979044868751,"chr19:46705784:C:T"
-2.96782882115216,-2.89052265424343,0.0972812497837891,-0.247856075775911,-21.1493558057795,"chr19:46705858:G:T"
-1.0671287999244,-1.09037774443031,0.097907981127411,0.0743009203179682,-7.36862856835919,"chr19:46705902:A:G"
-2.09566487091822,-1.42897966653157,0.110504565302567,-2.0055371298066,-7.93918410684577,"chr19:46707138:C:T"
0.751748074796774,0.979302630550885,0.0991677383992451,-0.722603948376025,-5.61904063830682,"chr19:46707461:A:G"
1.35057531515831,1.10480710604932,0.0966575941586893,0.790510629928477,-7.77006619686223,"chr19:46707602:A:C"
2.96333034521889,2.70393131058745,0.101765366265345,0.81314567330889,-19.0463050646289,"chr19:46708039:G:T"
-0.767984424964246,-0.978333603981874,0.0991677383992451,0.667967937587852,-5.72515261756226,"chr19:46708379:A:G"
-2.40179915679292,-2.44128689713263,0.0969950311669526,0.126790740643725,-16.2910675241787,"chr19:46708521:C:T"
-5.18746252095057,-4.70336280971913,0.0995628991849592,-1.5342144060198,-36.0470774639193,"chr19:46709086:C:T"
2.93735075660624,2.70821117701601,0.0966067740096096,0.737218664583914,-19.7673306565848,"chr19:46709336:A:G"
-2.96184612141511,-2.70406109135712,0.101765366265345,-0.808086206385768,-19.045899895343,"chr19:46709476:A:G"
-5.01149352590137,-5.20433265286534,0.0992890214982487,0.611990303699064,-37.6607180846861,"chr19:46711154:C:T"
5.01941341210605,5.20384970977624,0.0992890214982487,-0.585323256754841,-37.6894895942564,"chr19:46711739:A:T"
-0.881790443813509,-0.971541372055398,0.0991677383992451,0.285005830373626,-6.34313275530035,"chr19:46711764:A:C"
-5.01311818410301,-5.20423358358197,0.0992890214982487,0.60651991745715,-37.6667068054714,"chr19:46711896:C:T"
-2.28564060082996,-2.06795748730405,0.0994984861048557,-0.690107113553406,-13.6704310231647,"chr19:46712717:A:G"
-2.90857710196561,-3.01666299096738,0.0978617564622444,0.345511491062088,-21.3669942858151,"chr19:46712758:A:G"
-2.95051735772917,-2.80826843661236,0.102127139945279,-0.445121320116119,-19.8050989178816,"chr19:46713752:C:T"
1.05691847053116,1.20795001770112,0.0973299716384688,-0.484110355819768,-7.51931947073739,"chr19:46713856:C:T"
1.13057041178464,1.20500065483874,0.0973299716384688,-0.238575662660251,-7.85665877392074,"chr19:46714330:C:T"
-1.1740762397205,-1.08969124981119,0.0965556848401889,-0.271566552202592,-7.66705021436098,"chr19:46714657:A:C"
2.37698060053033,2.47990814040729,0.0976790350119852,-0.329329710486234,-16.2046217661786,"chr19:46714844:G:T"
0.921775716776218,0.96915494952387,0.0991677383992451,-0.150453681496384,-6.50620988448834,"chr19:46715342:G:T"
5.50684400224581,5.084034139936,0.0999642493360394,1.33728124691233,-36.8032807001075,"chr19:46715865:C:T"
-2.98492452627505,-2.48979671408247,0.102026223589423,-1.55010606724433,-16.8433678381496,"chr19:46716923:A:G"
1.21842626225201,1.12503146965274,0.100368358843949,0.294797808401892,-7.75526979918879,"chr19:46717670:C:G"
1.33601416066673,0.939066723432542,0.0992332593081264,1.26009815134899,-6.47285819322779,"chr19:46717872:A:G"
-5.57788522336216,-5.07918956479612,0.0999642493360394,-1.57729611242675,-36.3716683806528,"chr19:46718300:C:G"
-2.97485522558617,-2.49070524312215,0.102026223589423,-1.51573756673117,-16.8687142684798,"chr19:46718501:A:G"
1.27341710484208,1.24120832037172,0.112109386914077,0.0961951877184919,-7.9146978467247,"chr19:46718980:A:G"
1.19167513600967,0.971893813585986,0.113250299796037,0.653087094763275,-6.60410459623526,"chr19:46718981:C:T"
3.00875971845541,2.4876461214116,0.102026223589423,1.63146025856239,-16.7820594495822,"chr19:46720037:C:T"
1.23313377463708,1.09687210885798,0.0964318893137856,0.438796703265522,-7.76553778490464,"chr19:46720286:C:T"
5.07478037845591,5.04660081653205,0.0981605355164759,0.0899426704383314,-37.9256597259707,"chr19:46720692:A:G"
-1.17687072687516,-1.09858520126498,0.0964318893137856,-0.252099006384109,-7.71240448141364,"chr19:46721060:C:T"
-1.21407062536507,-1.07651242384656,0.0963651121500178,-0.443125327489698,-7.65395600982146,"chr19:46721227:A:G"
3.0064891380329,2.48785099047992,0.102026223589423,1.62371032171698,-16.7879494303206,"chr19:46721333:C:T"
3.06102890816915,2.68991754255248,0.0970961049667835,1.19097693547315,-19.5864933529682,"chr19:46721350:C:T"
-0.913576166684339,-0.969644319475293,0.0991677383992451,0.178045517263443,-6.47510604755853,"chr19:46722546:A:G"
-2.93136295579633,-2.88935576908873,0.0962881159700459,-0.135374620608483,-21.1422524790899,"chr19:46724038:A:C"
-2.90863254590139,-2.89001294129245,0.096288115970046,-0.0600045398745925,-21.0363211943193,"chr19:46724070:A:C"
-1.50803920734704,-1.30052253049021,0.121563611878259,-0.595183943294361,-8.11064699681193,"chr19:46724561:A:G"
-1.02512668983979,-1.25272512312234,0.0982369303170727,0.726159254443029,-7.30019097685373,"chr19:46724564:A:G"
-1.30251007672514,-1.87782502412913,0.0981450847572308,1.83641732153255,-7.84782924535344,"chr19:46725733:C:T"
1.63703386259428,1.44121070646807,0.13723031990055,0.528614422466579,-8.38110871721884,"chr19:46726153:A:C"
-0.145855901156838,0.467031408361376,0.140530010317035,-1.63491843113468,1.35590425419842,"chr19:46726326:A:G"
2.92472589849418,2.87720963260331,0.0967485374284403,0.152763675751478,-20.9649777267195,"chr19:46726856:C:T"
2.48208054823458,2.30138696926237,0.103919830415331,0.560523087198977,-15.1047875770118,"chr19:46727370:C:T"
-0.573546878299279,-0.669654446130578,0.0963897325573449,0.309558119090774,-4.56057603729533,"chr19:46728966:C:T"
0.412037910087011,0.3243527103606,0.122090929475701,0.250948495041311,-2.78684318070284,"chr19:46729491:G:T"
5.05223622130923,5.33583014546915,0.100433650283257,-0.894864538598263,-37.397446840821,"chr19:46731628:A:G"
2.17186190297474,2.11306965957256,0.101337917872108,0.184686029196704,-13.6028138598735,"chr19:46732458:C:T"
-2.15305815337136,-2.07500119065731,0.0984003384929115,-0.248836080600878,-13.6026135725418,"chr19:46733011:C:G"
-3.02562065455639,-2.69848463585493,0.101765366265345,-1.02548276083036,-19.0329779106169,"chr19:46734278:C:G"
-1.11381406355473,-1.07542384912498,0.0970644187564626,-0.123222639890994,-7.48135404852422,"chr19:46734294:C:T"
-0.0941993134063467,-0.462737752736815,0.138038976490973,0.991932059808636,-0.894740588452523,"chr19:46734526:A:C"
2.33968616283148,2.60603141845134,0.0966368762058077,-0.856788292907479,-16.2350499661552,"chr19:46734810:A:G"
-2.11402023112149,-2.09788793997467,0.0970448715457752,-0.051785688728639,-13.6989266625629,"chr19:46735402:A:G"
1.07876113710522,1.07672806232539,0.0970644187564625,0.00652564319289349,-7.39441714960309,"chr19:46735692:C:T"
-2.23301578849688,-2.09147756739942,0.097036533172552,-0.454366283560374,-13.9773610260561,"chr19:46736662:C:G"
0.556808828292666,0.57295724821653,0.097336222198454,-0.0517598240167464,-4.32183996423159,"chr19:46737960:A:G"
0.951831561721461,1.08145072729249,0.0970644187564625,-0.41604393201177,-6.89304385768656,"chr19:46738342:C:T"
2.22293213150835,2.0918497450133,0.097036533172552,0.420800942177784,-13.9620830101863,"chr19:46738402:C:T"
-3.01430638260012,-2.69947395762644,0.101765366265345,-0.986914328915772,-19.0396743189892,"chr19:46738895:A:G"
-0.945210658442886,-1.05927867959075,0.0983560105439685,0.363716878361061,-6.79612963087312,"chr19:46739735:A:G"
1.06595346450262,1.07720459702211,0.0970644187564626,-0.0361132197724672,-7.35707327276324,"chr19:46740364:A:T"
-2.22620824803893,-2.12023570061311,0.097596337702191,-0.339216222630556,-14.0857859659576,"chr19:46741273:A:C"
2.634307899705,2.28457159408314,0.103919830415331,1.08490448220565,-15.0090422641538,"chr19:46741828:C:T"
-2.95664406516974,-2.88862485211733,0.096288115970046,-0.219202376611274,-21.250162263172,"chr19:46742535:C:T"
-0.604986982617706,-1.09897860692167,0.130573868572005,1.36707219358889,-3.87636642741121,"chr19:46743722:A:G"
1.11498011951117,1.0753804637154,0.0970644187564626,0.127104633261614,-7.48386193311954,"chr19:46744524:C:T"
-2.25150388287218,-2.0928013069419,0.0970448715457752,-0.509445442235316,-14.013446779623,"chr19:46744529:A:G"
-1.07426125167812,-1.07689548942973,0.0970644187564626,0.00845522054709625,-7.38163692334201,"chr19:46745051:A:G"
1.08234220098582,1.07659482178721,0.0970644187564626,0.0184475978534305,-7.40432438713138,"chr19:46745328:C:T"
2.31437112701558,2.09047533875101,0.0970448715457752,0.718719832986057,-14.0558507920117,"chr19:46745722:C:G"
1.09319231070521,1.09435099024064,0.0988962200938491,-0.00368445698096382,-7.42880747494488,"chr19:46746450:C:T"
-1.61433647480191,-2.05542398039651,0.133003499146218,1.20946477015576,-8.99015186805858,"chr19:46747633:A:G"
-0.814429105186728,-1.38669653844401,0.102446909749617,1.78792624860946,-5.12394769052161,"chr19:46748673:C:G"
-0.119716468117868,0.323810597526332,0.145179491094624,-1.16403889596009,0.804693992611956,"chr19:46748751:C:G"
2.35796455046021,2.42972052741864,0.0973147020600426,-0.230021723433674,-15.985431418198,"chr19:46749618:A:G"
2.37383713127235,2.08827520995222,0.0970448715457752,0.916672073151583,-14.0403727866756,"chr19:46749961:C:T"
-2.32741710625603,-2.08999266238837,0.0970448715457752,-0.762147684715433,-14.0569697274244,"chr19:46750027:C:T"
0.622181433988431,1.09218196922473,0.130573868572005,-1.30067926475223,-4.02710386529816,"chr19:46750709:G:T"
0.363826588993713,0.49653106449874,0.0970384354044333,-0.426004000085501,-3.51446041985736,"chr19:46751283:C:G"
-1.58377907342377,-1.73557004762643,0.138032595171138,0.40855931966046,-8.98966466947763,"chr19:46751870:A:C"
1.21199722556922,0.555945760265506,0.11928879150856,1.8994947187644,-3.2009090310639,"chr19:46752757:C:T"
1.10084362340416,1.26204625392877,0.0975480582735342,-0.516134405249578,-7.76209324036042,"chr19:46753087:A:G"
-1.04947801632904,-1.02196472441273,0.0984227139543777,-0.0876990498001449,-7.09458106283116,"chr19:46753207:C:T"
-5.05988389604552,-4.8321259396052,0.101070541072553,-0.716409377773441,-37.3289126338403,"chr19:46753285:C:T"
-1.82975564969802,-1.78495923797819,0.10282811852409,-0.139697065330942,-11.2266283698379,"chr19:46753945:G:T"
-0.95135300115883,-1.07465894316331,0.0994870637336825,0.390931529564306,-6.81060237149246,"chr19:46754224:A:G"
1.7560302339994,1.56654867182384,0.0998908346940425,0.599520634704485,-10.229319986604,"chr19:46754411:C:T"
-1.03363587926883,-0.970508884617728,0.0979607893171479,-0.201692140965456,-6.87897696492792,"chr19:46754547:A:G"
-1.84895816337545,-1.93643427632059,0.10517879000627,0.26972760210395,-11.5899245949276,"chr19:46754638:A:G"
-4.1714390748122,-3.93789510119375,0.101563630704947,-0.732823784566828,-33.7049772910592,"chr19:46754939:C:G"
0.867204268985364,0.828189382188847,0.0988174956943824,0.124111901488351,-5.90997262487702,"chr19:46755417:C:T"
-4.17810862867389,-3.881584916071,0.102300310976699,-0.927087983719962,-32.9365191164238,"chr19:46755585:C:T"
1.58402281139768,1.82010785325433,0.202117013793398,-0.525130248137436,-7.760410239841,"chr19:46755699:C:T"
-1.15646147119345,-1.10311910477861,0.138783785795966,-0.143186776857853,-6.56730838271486,"chr19:46758940:C:T"
0.910181072389416,0.859649424470081,0.102681327265586,0.157694927804606,-6.03027434702729,"chr19:46759685:A:C"
-0.996958737207994,0.398320537475517,0.203459166846044,-3.09330335378459,2.60402305453316,"chr19:46760128:A:T"
0.837504506602724,0.848005018222899,0.0983638111368566,-0.0334805656115548,-5.90242118785677,"chr19:46760253:A:T"
0.139848038613818,-0.29280050835305,0.244743849875015,0.874539350918069,0.515111510594167,"chr19:46760611:A:G"
-0.861078820852371,-0.846800560205255,0.0983638111368566,-0.0455258048089962,-5.97173568559072,"chr19:46760927:C:T"
0.868955582246807,0.868243396445979,0.0978308574977896,0.0022769598914736,-6.0802212025639,"chr19:46761430:G:T"
-1.40465427125909,-1.21279212394702,0.0981352405431209,-0.612458695640563,-8.34526005689656,"chr19:46761896:C:T"
0.867869274551132,0.868292711502179,0.0978308574977896,-0.00135378850993655,-6.07695677820966,"chr19:46762125:C:T"
-0.568526562396934,-0.574682601776752,0.10021668033356,0.0194460493237873,-4.31583600311964,"chr19:46762703:A:G"
-0.576729031119433,-0.574101118290303,0.10021668033356,-0.00830120136355961,-4.33497943522933,"chr19:46763373:C:T"
-2.84580282447804,-2.63317807068207,0.0997227630425413,-0.67331249224764,-18.5624377824375,"chr19:46763378:A:G"
0.848989083579579,0.869149814588751,0.0978308574977896,-0.0644567412566987,-6.01694998647792,"chr19:46764182:C:T"
-1.76149359754325,-1.58709081402193,0.104535717325851,-0.53941256702905,-10.13778401074,"chr19:46764201:A:G"
-1.63373354097699,-1.77794506585414,0.102858844580628,0.449654711447024,-10.468557494528,"chr19:46764948:A:G"
-1.25834222731656,-1.62187450498761,0.12284100683607,1.03722098258374,-7.69920004841396,"chr19:46764983:C:T"
1.19005741482451,0.749316727113807,0.118442858626243,1.28064484212861,-4.92716101700975,"chr19:46765116:G:T"
-0.95172389346611,-0.855610303206715,0.102681327265586,-0.29994322966058,-6.09474304887441,"chr19:46765278:C:T"
-0.760496960036355,-0.873167087101509,0.0978308574977896,0.360222514962092,-5.65404467813566,"chr19:46765357:A:C"
0.183595474216831,-0.485964212416623,0.140530010317035,1.78609583755668,1.7254768331499,"chr19:46765367:G:T"
-0.86081287095204,-0.868613050703947,0.0978308574977896,0.0249382905706985,-6.05525292482723,"chr19:46765516:A:C"
1.44230929722401,1.22215818666959,0.0981028381457496,0.702878233901481,-8.37982629503653,"chr19:46765721:A:T"
-0.792646630664991,-0.550674379614202,0.0968634151429432,-0.777473645132476,-4.43745489615077,"chr19:46766113:A:G"
0.724103728154425,0.612309916755585,0.0974149750871698,0.358182943373342,-4.77469768754698,"chr19:46766408:C:T"
-0.950651797884792,-0.855714540808943,0.102681327265586,-0.296272227742146,-6.09347366333622,"chr19:46766446:C:T"
0.654949566948419,0.678633112830732,0.0993228208892846,-0.0751488263628951,-4.82632784004086,"chr19:46766924:G:T"
0.934213953121654,0.396354441419381,0.0987627612130501,1.71148162794048,-2.75502340390715,"chr19:46767185:A:G"
-3.97485109775073,-4.0140432130282,0.101791830097025,0.122840688689558,-33.2456600980385,"chr19:46767708:C:T"
4.01373315686397,4.01063236417804,0.101791830097025,0.00971888111489848,-33.4955225258248,"chr19:46767933:A:G"
0.659350559601822,0.760036291575051,0.0993244973526569,-0.319477107489573,-4.99428671167083,"chr19:46767996:C:T"
0.462769970437742,0.532972544569981,0.0968295573315392,-0.22560517820497,-3.9630317540137,"chr19:46768826:A:G"
-1.2414704010699,-0.735658773578206,0.118442858626243,-1.46971920201091,-4.67676854431664,"chr19:46768858:A:G"
4.04110913300157,4.08290442693579,0.102163634753103,-0.130761295898707,-34.0471619279652,"chr19:46769165:A:G"
-0.672643093366087,-0.551962933119422,0.0967511625208909,-0.387978609468064,-4.46158695980105,"chr19:46769468:C:G"
0.63629143618065,0.553193785324419,0.0967511625208909,0.267153366082427,-4.4303666482765,"chr19:46769760:A:G"
-1.69449988342507,-1.74839216368272,0.102356833361311,0.168448884294422,-10.7214288930792,"chr19:46770011:A:G"
-1.07498216607555,-0.989196073803179,0.0970327194327586,-0.27539609875012,-7.06370847839961,"chr19:46770322:C:G"
1.02366238161355,0.82339993829652,0.101075945838306,0.629905794576061,-6.02377407579863,"chr19:46770338:C:G"
0.706299070643638,0.627149601707099,0.0982733959735393,0.252481768344832,-4.80025772902441,"chr19:46770811:A:G"
-0.618454875142367,-0.553797723966658,0.0967511625208909,-0.20786839820269,-4.40747147396818,"chr19:46770814:C:T"
-1.77679944675886,-1.68326252698443,0.0996384226633744,-0.296325920630739,-10.867531622315,"chr19:46770881:C:T"
0.617362406896724,0.553834714493453,0.0967511625208909,0.204237264111663,-4.40590631864948,"chr19:46770915:A:G"
1.06687444133444,0.968832796462141,0.0969309875376988,0.314904792551049,-6.96233250654884,"chr19:46770957:C:T"
4.13553162231657,4.0729617753887,0.102664645865917,0.195278592330319,-34.4506029500323,"chr19:46771075:A:G"
-0.687478845570039,-0.551460600633725,0.0967511625208908,-0.437289521532071,-4.46841363959511,"chr19:46771402:A:G"
0.685053361308669,0.55154272653616,0.0967511625208908,0.429227723284106,-4.46753081797851,"chr19:46771439:A:G"
0.619131236952444,0.553774822633139,0.0967511625208909,0.21011648224194,-4.40843104823875,"chr19:46771850:A:G"
-0.619945606908841,-0.553747248400377,0.0967511625208909,-0.212823276259217,-4.40957684708766,"chr19:46771906:A:G"
1.02086456108447,0.679630111971224,0.101089642419265,1.07324664237364,-4.99855742674749,"chr19:46771964:C:T"
0.55128068713656,0.676656019877053,0.0971555713503909,-0.402233505195965,-4.45487901419604,"chr19:46772547:A:C"
1.02357985735713,0.975139351119083,0.0981216713405657,0.154641553769643,-6.87043763301159,"chr19:46772953:C:T"
-0.763126098680562,-0.643369515761367,0.0989889300872819,-0.380632686685747,-4.93056994471685,"chr19:46773116:G:T"
4.18200841947863,4.3093088949868,0.102230634428157,-0.39814337896361,-36.032622668257,"chr19:46773197:A:G"
-1.07713690628005,-0.675115970334586,0.101089642419265,-1.26443159765557,-4.83424849774177,"chr19:46773578:C:G"
-1.43801920114092,-2.03575206295869,0.104937662039549,1.84519148089029,-8.3610340225497,"chr19:46773636:A:G"
1.03441365420955,1.09804232386009,0.0973245898869486,-0.203958379121983,-7.28540888800652,"chr19:46773658:A:G"
-0.636924513088265,-0.782097420390111,0.100269842463684,0.458458899948271,-4.8896496801305,"chr19:46773772:C:G"
-0.697401838442786,-0.647166526843982,0.0989889300872819,-0.159667227923915,-4.84773016330713,"chr19:46774085:A:T"
-0.693766731328388,-0.647376533650447,0.0989889300872819,-0.147445970381038,-4.84108011325332,"chr19:46774105:G:T"
1.06350067171626,0.676209862796284,0.101089642419265,1.21810257251486,-4.8777033298726,"chr19:46774455:C:T"
-1.0820886518281,-0.92647639153961,0.103626374384531,-0.483402240697761,-6.57062866786787,"chr19:46774559:A:G"
0.87531945706913,0.702333693244854,0.0987552622453113,0.550465671310302,-5.32300423525505,"chr19:46774634:C:T"
0.841235440941296,0.704217684381956,0.0987552622453113,0.436010280143552,-5.31246875038191,"chr19:46775602:C:G"
-1.88901165748835,-1.64790626359618,0.103598485556891,-0.749083486059418,-10.5278659600219,"chr19:46775681:A:G"
-0.913226441960405,-1.22885235867871,0.0987812271745055,1.00423521911416,-6.52649639578934,"chr19:46775940:G:T"
1.68854642767989,1.66936174292478,0.103598485556891,0.0596043510404808,-10.4317280186581,"chr19:46775995:C:T"
0.60622138111091,-0.264298599674038,0.159614948896615,2.1789233964697,2.38973938613324,"chr19:46777006:G:T"
-2.06406489789664,-2.68406231740423,0.113681525829915,1.83884420267398,-12.0510475592892,"chr19:46777432:C:G"
-0.940499953242593,-1.10179766007945,0.0973245898869486,0.517031379458645,-6.83896438545306,"chr19:46777532:C:T"
-4.15455315663978,-3.94960336567638,0.101982115721224,-0.64177895373563,-33.6569283827143,"chr19:46777995:C:T"
2.54155015913018,2.76441218992644,0.104292283915426,-0.690096769715922,-17.1741931829753,"chr19:46777998:A:C"
-1.17693314741869,-1.19330078618396,0.107813905385499,0.0498481038008044,-7.6636552071952,"chr19:46778905:A:G"
-1.87375287240562,-2.18558712430806,0.102279639826664,0.975055241900104,-12.0144105343644,"chr19:46778983:A:G"
-3.74999805918563,-3.57567327324669,0.104114842282087,-0.540260004420749,-28.1423413403448,"chr19:46778988:C:T"
-1.99882511640641,-2.12902722891238,0.101133536134544,0.409421301319284,-12.9384792896605,"chr19:46779373:A:G"
-0.652889595439434,-0.688316438228884,0.101838384687424,0.111013731043298,-4.79602526938291,"chr19:46779946:A:G"
4.03693443341182,3.89369289099435,0.101860129454177,0.448814497479179,-32.6902237019787,"chr19:46779998:A:G"
0.674027284842479,0.686451662410164,0.101838384687424,-0.0389330914379456,-4.85738636069044,"chr19:46780146:C:T"
-2.13665753717343,-2.08214088441877,0.104209000871128,-0.168879357062284,-13.1490428913164,"chr19:46780402:A:G"
-2.14252814054247,-2.08147426418578,0.104209000871128,-0.189130088959761,-13.1619638094653,"chr19:46780413:G:T"
2.07966815885725,2.08861215666503,0.104209000871128,-0.0277063341753853,-12.9914564728106,"chr19:46780787:A:G"
1.99165228511515,2.09860655733768,0.104209000871128,-0.331318373658956,-12.6335165500749,"chr19:46781058:G:T"
1.05845193896191,1.22919589305592,0.107439334161411,-0.520911182372945,-7.23838228573816,"chr19:46781146:C:G"
2.17333514932008,1.70629099608067,0.106168471642203,1.43337609382884,-10.3705076111372,"chr19:46781814:A:T"
-2.10621390638971,-1.71531817795866,0.106168471642203,-1.19967371056173,-10.6157758744992,"chr19:46782126:C:T"
-3.96838695415501,-3.69773182215642,0.102615545101129,-0.844908517197277,-30.3408943286392,"chr19:46782332:A:C"
3.95131718981902,3.69937948061094,0.102615545101129,0.78647803476414,-30.3122495460524,"chr19:46783234:C:T"
-0.289589248591738,-0.497835208901982,0.111550829992017,0.623505347324281,-2.91670777713669,"chr19:46784148:C:T"
-0.0127297388733733,-0.426634245973033,0.109648713694022,1.24996653212972,-0.140137551160995,"chr19:46784250:C:T"
1.47708952947768,2.22980856676864,0.108983899113779,-2.28008863189759,-8.08785010549627,"chr19:46784682:C:T"
-2.15378179859711,-1.59144335400955,0.113369398124961,-1.67012837574428,-9.10028295101363,"chr19:46784893:A:C"
-3.16698478868207,-2.72919017317729,0.116286934101833,-1.28382241956332,-17.5845091280959,"chr19:46785388:C:T"
-0.733276873129434,-0.818193431640866,0.101753894884568,0.266205401791542,-5.35391627663645,"chr19:46786674:A:C"
-0.290368800429676,-0.83007150924173,0.108806317859198,1.63616666846358,-2.2259962287507,"chr19:46786702:C:T"
-0.386462507321665,-0.454218632788526,0.114984235052132,0.199815610087266,-3.33998150667082,"chr19:46787394:G:T"
0.767310321664248,0.815221713225384,0.101753894884568,-0.150197693647781,-5.48454947028925,"chr19:46789526:C:T"
0.663046254671339,0.670184571421802,0.102126497229888,-0.0223370901422135,-4.77843319017669,"chr19:46789839:C:T"
0.825476822548241,0.810142755045076,0.101753894884568,0.0480708553471222,-5.66078229950222,"chr19:46791024:G:T"
-0.774576352748232,-0.814587260964196,0.101753894884568,0.125430423516768,-5.50981782656554,"chr19:46791533:C:T"
-0.774754483991958,-0.814571706974804,0.101753894884568,0.124823238578904,-5.51042567016452,"chr19:46791624:A:C"
-0.900482531715011,-0.8035934379235,0.101753894884568,-0.30373817067157,-5.79968510703935,"chr19:46792101:C:T"
-0.776959015246769,-0.814379212637341,0.101753894884568,0.117308789429272,-5.51790218459513,"chr19:46792395:A:G"
-1.32928173019683,-0.00352492999837097,0.189610256788117,-3.04461897863758,-0.0123675830105219,"chr19:46794338:C:T"
-0.623414657490344,-1.26372353968607,0.113680465034879,1.89909462910492,-3.67014155608016,"chr19:46794744:C:T"
0.3544352662009,0.33094080241616,0.100268944879508,0.0741963113679468,-2.92725179043031,"chr19:46795883:C:T"
0.286957438857299,0.399321205621276,0.100136585913792,-0.35508301550695,-2.83999580489884,"chr19:46796562:A:G"
0.261765583599035,0.401085527478843,0.100136585913792,-0.440267776862755,-2.66271164292355,"chr19:46796809:A:G"
0.401928685779586,0.391269147451758,0.100136585913792,0.0336854230003475,-3.40181836100319,"chr19:46796878:C:T"
-0.352461429249904,-0.454967511394776,0.100910288120932,0.322687328594391,-3.36028350038953,"chr19:46796933:A:G"
-0.361284374060188,-0.394115688399915,0.100136585913792,0.103750901509863,-3.24956382858239,"chr19:46797073:G:T"
0.398380618743149,0.551139675814356,0.100987543642584,-0.480698829415972,-3.66147544138161,"chr19:46797105:C:T"
1.26041061913814,0.557553927692608,0.141390541939538,1.86920358059547,-2.98791953338666,"chr19:46797169:C:T"
0.389119108863473,0.256616997268409,0.100662466202083,0.417627430583136,-2.57252425342915,"chr19:46797395:A:G"
-0.413531705497465,-0.3904565252335,0.100136585913792,-0.0729203445867569,-3.43637686417106,"chr19:46797649:A:G"
0.37948147626655,0.392841246925159,0.100136585913792,-0.042218481887534,-3.32384024093563,"chr19:46797915:A:G"
0.335345334907185,0.395932339586297,0.100136585913792,-0.191462220799184,-3.12612084097911,"chr19:46797963:A:C"
-0.122226024211638,-0.597071958541487,0.101991313291415,1.48686360783458,-1.44404766289857,"chr19:46801157:A:G"
-0.129405179030286,-0.596426878619756,0.101991313291415,1.46236393530176,-1.52268020831745,"chr19:46801426:A:C"
0.64149445860221,0.457490399085392,0.132328737949516,0.505825033883148,-3.66789145613682,"chr19:46801867:C:T"
-3.18648931065124,-2.38764582394713,0.138751739327342,-2.14458113121625,-12.6159550987991,"chr19:46802503:G:T"
2.96157425708499,2.60818628295,0.138999502280255,0.94786206778103,-14.7910536308884,"chr19:46802804:C:T"
1.14868516869659,0.828302805525025,0.124580712562417,0.907701796878308,-5.49210698972789,"chr19:46802938:A:G"
-1.14767099177277,0.294130910579456,0.142833100070361,-3.8149703157648,1.40014554901541,"chr19:46805738:C:G"
0.679002167533506,0.929651353652529,0.113429121638396,-0.744224587846229,-4.89756566540538,"chr19:46808552:G:T"
0.728899237629261,0.84997281348464,0.121473464918496,-0.347383078490942,-5.00382310024866,"chr19:46808822:A:G"
-1.31688168104382,0.579703752622176,0.228728933566832,-3.96562695768826,2.86922736180149,"chr19:46809249:G:T"
-0.529028864172537,-0.927248478326143,0.125304636701899,1.1249651697514,-3.76578105380664,"chr19:46810074:A:G"
1.22591482815079,0.914912034962187,0.112050399923104,0.929089568683031,-6.23921527889805,"chr19:46810991:C:G"
0.307412473369932,0.00277096352020962,0.18338757373416,0.711384055198922,-0.0142512285505075,"chr19:46811903:A:G"
-1.14442307049235,-0.732513741415777,0.111269170900916,-1.23484998878182,-5.00101889366127,"chr19:46814282:C:T"
-2.20825571385669,-1.14206476846547,0.15851487649344,-2.67793466221267,-5.1070596289852,"chr19:46818596:A:C"
-1.49652763922195,-1.56031450974887,0.122574466128831,0.182192833612355,-8.9240997055116,"chr19:46820127:A:G"
-1.56836674274057,-1.45507050191606,0.122870646148802,-0.323214941571318,-8.78016968576078,"chr19:46820451:C:G"
-1.05743003163998,-0.874253938901403,0.112545622829951,-0.546014890424108,-6.04902023506638,"chr19:46820784:A:G"
1.47242305439395,1.56778213868403,0.122574466128831,-0.272371753528148,-8.85241062116179,"chr19:46821815:C:G"
0.969947887197635,0.811996221563541,0.115684912625011,0.464393196472362,-5.60280300612178,"chr19:46824624:G:T"
-0.975005846044605,-1.08341345352755,0.123223332373176,0.308825593774133,-6.31104791293642,"chr19:46824880:C:T"
-0.958706538704234,-0.894258811776607,0.11254562282995,-0.192107048634845,-6.02106778389028,"chr19:46825144:A:C"
0.952044236349824,1.16252188754379,0.123311832672412,-0.599381883977988,-6.26103450229439,"chr19:46825289:A:C"
-0.436460793474318,0.0278240320872806,0.131318802434295,-1.2812121039059,0.266592669017813,"chr19:46836196:C:T"
0.30448154728976,0.128517439885625,0.130774147681652,0.486589957789653,-0.900622473013835,"chr19:46837079:A:G"
1.07527086114676,0.0851563155306274,0.135992964538723,2.68489446840069,-0.376686787645716,"chr19:46838982:A:T"
1.2729327997329,2.19671056402757,0.176843260076392,-2.19671263582816,-5.56625661900507,"chr19:46839156:A:G"
0.978769376331947,0.128889632613055,0.135992964538723,2.30461963499052,-0.708040737037796,"chr19:46839460:C:T"
0.823614776413199,0.517321449501142,0.131812741744019,0.843643254380319,-3.8313830426819,"chr19:46839610:A:C"
0.191903949846769,-0.293252996394746,0.0982765699665427,1.54759478853311,1.66453575415799,"chr19:46854618:A:G"
-0.890484630378887,-0.669055462241807,0.100022094342887,-0.700143169965023,-5.09315631393098,"chr19:46855422:A:G"
0.352868418361521,0.282434702918589,0.0970065532469792,0.226141392192979,-2.67683763288095,"chr19:46855447:G:T"
0.40483715287436,0.248433872972312,0.134497892583167,0.426469637051002,-2.07691521495058,"chr19:46856323:C:T"
0.851153920387142,0.735161967957164,0.103192025822594,0.361081127187603,-5.37839132672842,"chr19:46857294:C:T"
0.404092816921887,0.143031301699501,0.096253089316253,0.841463951919376,-1.63627831324469,"chr19:46858223:C:T"
-1.50668655680874,-1.25008695210615,0.0962922386106263,-0.826913993430553,-8.54940504404276,"chr19:46859141:A:T"
-0.434698461281357,-0.0122273055328213,0.0979979194246815,-1.349548929762,-0.149165848860904,"chr19:46860134:A:G"
0.0748704965805242,0.232335087151395,0.109606022301614,-0.475626123230894,-0.486013882766175,"chr19:46860163:G:T"
0.96932048866086,0.65370408466302,0.0992399710014926,1.00188125935265,-4.91692771640334,"chr19:46863144:C:T"
-0.0930454192772432,0.143224303942803,0.0965804275857788,-0.760262397117007,0.427298355202947,"chr19:46863828:C:T"
-1.37303690183428,-1.25395686335955,0.0962922386106263,-0.383745525512898,-8.61388168584967,"chr19:46865044:A:G"
1.28270719431911,1.25657241782317,0.0962922386106263,0.0842215342643307,-8.48776070077616,"chr19:46866496:C:G"
0.14893015601156,1.90324544628278,0.21816852529174,-3.75587906991728,-0.543506713128584,"chr19:46867867:A:T"
0.808831002744402,0.603347404826498,0.0965696069462482,0.661236669116972,-4.77149094160788,"chr19:46868359:A:G"
0.00387353626579635,0.289724698543949,0.114971279565353,-0.843034368210485,-0.0296167791045513,"chr19:46869095:A:T"
1.3122971535493,1.25571562162542,0.0962922386106263,0.182338786421041,-8.54458899279992,"chr19:46869803:C:G"
0.42858582230173,0.542677774647333,0.09613640578504,-0.367968863306049,-3.84634313892218,"chr19:46872705:C:T"
-0.439936995491607,-0.542367996049164,0.09613640578504,0.330360012845537,-3.89363373874683,"chr19:46872844:A:G"
0.261329609035394,0.147105378158544,0.096253089316253,0.368172124630125,-1.19275695163622,"chr19:46873129:C:T"
0.00938217065961122,0.139943019959398,0.0965804275857787,-0.420115209454255,-0.0422819168767486,"chr19:46874162:C:G"
0.135078176248573,-0.532913939775869,0.113430435589954,1.98338277322033,1.55573778830337,"chr19:46874661:C:T"
0.014354748740689,-0.140703435912677,0.0965804275857788,0.498942080053943,0.0650338956075673,"chr19:46875600:A:G"
0.438479572509504,0.54240776977482,0.09613640578504,-0.33518876508768,-3.8876886103265,"chr19:46875768:A:G"
1.25449755433735,1.23284894283278,0.111028056898399,0.0649701212432712,-7.87916984394093,"chr19:46877025:A:G"
-1.31160401345519,-1.25573569194024,0.0962922386106263,-0.180040405376848,-8.54343169820719,"chr19:46879333:A:T"
0.915125602644876,-0.102061323923078,0.135515665583815,2.76315990568383,0.654868328684101,"chr19:46879780:A:G"
-0.71988977139331,-0.0792309233294485,0.0984154428572955,-2.04218556910443,-0.726479952197341,"chr19:46881242:A:G"
-0.390026693304082,-0.064209468529103,0.096642878831263,-1.04806715491233,-0.734887162548999,"chr19:46882447:C:T"
-0.987268981383804,-0.520304734649836,0.116223469297661,-1.3697355022203,-3.60173176552147,"chr19:46883568:C:T"
0.156875276954801,0.0332744027412592,0.110137305106161,0.372438286248801,-0.147227558706179,"chr19:46885049:A:G"
0.358860738811615,0.0652286730474654,0.0966428788312631,0.944536078376466,-0.701991999808333,"chr19:46886056:C:T"
-0.992320161168624,-0.51908267259858,0.116223469297661,-1.38813665844797,-3.57685559095025,"chr19:46886113:A:G"
-0.0337094054746957,-0.139163693158794,0.0965804275857788,0.339327986880109,-0.15101287323185,"chr19:46888058:C:T"
1.30579425003073,1.25590391735661,0.0962922386106263,0.160775829226073,-8.53340407825046,"chr19:46888829:C:T"
-0.87195013437132,-0.566794569608161,0.0968056509413686,-0.980778505271671,-4.4464886721182,"chr19:46889045:A:G"
0.495175562174255,0.418713659915038,0.0979083798985404,0.24436284134121,-3.74205623682755,"chr19:46889487:A:T"
-0.96496595998981,-0.653967335068615,0.0992399710014927,-0.987222749027713,-4.92609961345709,"chr19:46891431:G:T"
-0.362442513462059,-0.544482855157362,0.09613640578504,0.587115710024457,-3.52392232097917,"chr19:46892026:A:C"
1.30428115754422,1.25594772991746,0.0962922386106264,0.155758570639113,-8.53069640273514,"chr19:46892282:A:G"
-0.388779665499112,-0.524618188560281,0.0969334621160629,0.43630087977781,-3.65057378542193,"chr19:46893915:A:G"
1.09272450043594,1.26207348825355,0.0962922386106263,-0.545741479072,-7.75766819904037,"chr19:46893932:C:T"
0.146540092026581,0.66438923355736,0.112155161196052,-1.54629954708337,-1.55790377684937,"chr19:46894238:C:T"
-1.09704560403419,-1.26194836793472,0.0962922386106263,0.531413145327185,-7.7812859991011,"chr19:46895794:C:T"
-1.73965134630626,-1.53264014602653,0.189405159878653,-0.475661433544595,-7.75298317511091,"chr19:46896009:A:G"
0.967299430335884,0.610203243528467,0.0996632812197811,1.13114328582063,-4.56334957069832,"chr19:46896014:A:G"
-0.369301536433744,-0.544295669349735,0.09613640578504,0.56439030843534,-3.56123015186417,"chr19:46896132:A:G"
-1.2560890328302,-1.25734316371631,0.0962922386106263,0.00404154316807382,-8.42359896891028,"chr19:46896810:A:G"
-0.228871515115632,-0.235105636388315,0.115598015307746,0.0183358082029306,-1.38852384678287,"chr19:46897201:C:T"
-1.30267156733062,-1.25599433663172,0.0962922386106263,-0.150421335544304,-8.52777242542178,"chr19:46899517:A:C"
-0.104033918620096,-0.364721344186329,0.0962822582741816,0.840130882298908,-1.12744845131603,"chr19:46900290:C:T"
0.342313499833037,0.434385332677913,0.0959494715685741,-0.297238797026256,-3.33455298542435,"chr19:46900597:C:T"
0.34187346538455,0.252635540589796,0.0961175371560453,0.287838011149342,-2.42350068957176,"chr19:46904910:C:T"
-0.341662750121303,-0.252641248618064,0.0961175371560453,-0.287139935191844,-2.42253780254597,"chr19:46905251:C:G"
-1.09676310397858,-1.06070883204148,0.0985593759725633,-0.114843853764931,-7.34152708845255,"chr19:46905435:G:T"
0.276523344042342,-0.0894725947805031,0.12653178985589,1.02890775529532,0.594826718721767,"chr19:46905558:C:G"
-0.0376085521947086,-0.258333537383913,0.0961771893064443,0.711730301125695,-0.306798765386175,"chr19:46905830:A:G"
-0.298759445904178,-0.253803448592319,0.0961175371560453,-0.145006115788132,-2.2044896852463,"chr19:46908967:C:T"
1.07048971963053,1.26271731055502,0.0962922386106264,-0.619469718369751,-7.63105844543096,"chr19:46910456:A:G"
-0.217864423032566,-0.135694920306605,0.112118064755828,-0.245399041599599,-0.804987271318773,"chr19:46911729:A:G"
1.09345379467976,1.26205237107221,0.0962922386106264,-0.543323214597188,-7.76167690805972,"chr19:46912722:A:T"
-0.0242315397794608,0.260048131268993,0.0961771893064443,-0.916663130391845,0.199003292257587,"chr19:46913353:C:T"
-0.169844038615712,0.440284439095415,0.123049414275339,-1.73932812971761,1.67400786191474,"chr19:46915499:C:T"
1.25271618803299,1.25744082659497,0.0962922386106263,-0.0152255485558279,-8.41458409056453,"chr19:46917994:A:G"
-0.111074202833022,-0.240429567876347,0.111398359581425,0.387565444381529,-0.730454463992166,"chr19:46918066:G:T"
0.323574968585125,0.521721624347767,0.245882443082451,-0.399597706652617,-1.93930429947541,"chr19:46918459:C:T"
1.03775880515782,1.26366505512103,0.0962922386106264,-0.72800205407375,-7.42935166338472,"chr19:46923161:A:G"
-1.63550820256533,-1.16182130349326,0.111028056898399,-1.42159210800056,-7.17245742656747,"chr19:46923339:C:T"
0.473536336433986,0.431066324791595,0.095949471568574,0.137107460340713,-3.77381301808554,"chr19:46923953:A:G"
-1.55790037563223,-1.17628888010028,0.111028056898399,-1.14526260159028,-7.51548479023481,"chr19:46924074:C:T"
1.1171421627099,1.26136645922281,0.0962922386106264,-0.464775030021685,-7.88687906909874,"chr19:46925711:C:T"
-0.194060160385963,-0.0865894189295808,0.0971312730478071,-0.344834496117913,-0.531753088862087,"chr19:46926541:C:G"
1.51971742276852,1.59094659551533,0.118304572910495,-0.20708904935124,-9.17854129655689,"chr19:46928108:C:T"
-0.00316272911938051,-0.146398488750166,0.107208485748499,0.437458515300969,-0.0134345381248578,"chr19:46931542:A:C"
1.53184215695544,1.58774355434386,0.118304572910495,-0.162525644987104,-9.21329913350809,"chr19:46933947:A:G"
-1.30927168266075,-1.25580322607034,0.0962922386106263,-0.1723066370776,-8.53947641219638,"chr19:46934197:A:C"
-0.397675757311,-0.432985059875307,0.095949471568574,0.113990286646442,-3.57296003441248,"chr19:46934699:G:T"
-0.280399144884544,-0.254300807519837,0.0961175371560453,-0.0841805044059409,-2.09902971348118,"chr19:46938589:C:G"
-1.15752881227001,-1.26019703795008,0.0962922386106264,0.330857066572394,-8.07780385400856,"chr19:46938947:G:T"
-0.48230173253199,-0.430844622384226,0.095949471568574,-0.166120832464997,-3.78881902513452,"chr19:46939651:A:G"
-1.23877952592637,-1.25784437156133,0.0962922386106263,0.0614380823244614,-8.37522012498372,"chr19:46940009:A:G"
0.50403283895076,0.170373243301178,0.115598015307746,0.981360176245741,-1.87457054437924,"chr19:46942530:A:G"
1.2693005154087,1.25696061678707,0.0962922386106264,0.0397663700985495,-8.45699256149509,"chr19:46942599:A:T"
-0.439838089270633,-0.431918651650148,0.0959494715685741,-0.0255666042339287,-3.70093369227483,"chr19:46943305:A:G"
0.337802988351458,0.25274580501789,0.0961175371560453,0.274352978747644,-2.40470266321166,"chr19:46943434:A:G"
0.379211219689998,0.433452081832519,0.0959494715685741,-0.175107718775115,-3.50282251397524,"chr19:46943901:C:T"
0.743254730139921,0.683282618148552,0.105476822717971,0.184659146451729,-4.94673411150048,"chr19:46952058:A:G"
-1.2797881171122,-1.25665694157099,0.0962922386106263,-0.074542175393043,-8.4813286598478,"chr19:46952639:A:T"
-0.289547797774343,-0.0204574734125811,0.0969264154113099,-0.864324863645118,-0.183919136809906,"chr19:46956144:A:G"
0.870687293197717,0.497431981222563,0.0996155424099472,1.18261244545164,-3.86193573684967,"chr19:46956219:A:T"
-0.454233145297739,-0.457330583754955,0.0967572703756654,0.00995774228548148,-3.79655435502664,"chr19:46956233:A:G"
0.0931582306674799,0.256793353079725,0.0961771893064443,-0.52764336964107,-0.751731006342518,"chr19:46956493:C:G"
-0.0373550235973084,-0.258340566781326,0.0961771893064444,0.712570473433102,-0.30474240395273,"chr19:46956999:A:G"
0.230498072078404,0.0807322072583094,0.12666334162808,0.420811275397622,-0.451519356482895,"chr19:46957051:C:T"
-0.417040785221974,-0.399690757390463,0.0961776903608093,-0.0559452223159122,-3.53430333959845,"chr19:46957109:A:C"
-0.197136153661555,-0.044113508016736,0.10760366250971,-0.466489829348502,-0.249496244409951,"chr19:46958110:A:G"
0.319037771722794,0.434974043661137,0.095949471568574,-0.374281220845487,-3.20789520463457,"chr19:46959107:C:T"
-1.29499950845572,-1.02682403160862,0.0974266740523011,-0.859172015715876,-7.28989687044693,"chr19:46960372:C:T"
-0.114855196530622,0.0648600470432814,0.0970236047460564,-0.576960674565398,0.23900878758769,"chr19:46960515:A:G"
0.0932172678617222,0.256791716199686,0.0961771893064444,-0.527447725377592,-0.752196733644699,"chr19:46961137:C:T"
0.131140478296801,-0.156558553454218,0.0984360791421001,0.916982920945296,0.642169653704315,"chr19:46962109:C:T"
-0.0873164353190653,-0.256955324161317,0.0961771893064443,0.547002584844795,-0.705560357502752,"chr19:46963226:C:T"
-0.212092583240642,-0.505863165449719,0.096761325337626,0.944403090999837,-2.46504573577327,"chr19:46963581:C:G"
1.3427905336927,1.25483266629722,0.0962922386106263,0.283451689124485,-8.58728898560421,"chr19:46963744:A:G"
-0.159797069464512,-0.254945707937839,0.0961771893064443,0.306807899677832,-1.26384104346988,"chr19:46966513:C:T"
0.165609826968667,0.254784541966799,0.0961771893064443,-0.287544913431588,-1.30696362955789,"chr19:46966849:A:T"
0.163209686199471,0.254851088871157,0.0961771893064443,-0.2954987767388,-1.28919335398624,"chr19:46966874:C:T"
-0.3099060898249,-0.435205010503659,0.0959494715685741,0.404506995250016,-3.15367390480503,"chr19:46967279:C:T"
-0.186814386966675,-0.254196619023164,0.0961771893064443,0.217274796829081,-1.46165068909135,"chr19:46967493:A:T"
-0.221163469974899,-0.0782702313566574,0.0960770255430872,-0.461001039671778,-0.550872772294936,"chr19:46967605:C:T"
-0.187855579438242,-0.254167750659808,0.0961771893064443,0.213824373128248,-1.46913308940474,"chr19:46967815:C:G"
-0.0145622980328862,-0.144738665644416,0.107208485748499,0.397573627210155,-0.0611618776403155,"chr19:46970387:A:C"
0.130999293301659,0.255744162295458,0.0961771893064443,-0.402241291790036,-1.04620337844891,"chr19:46970596:C:T"
-0.113462010081345,-0.256230405404273,0.0961771893064443,0.460358363632093,-0.910793564459726,"chr19:46970794:A:G"
0.330878879146818,0.19185370649929,0.097492438501981,0.44525415048583,-1.84729186773319,"chr19:46972095:C:T"
1.53948999664418,1.58572319290598,0.118304572910495,-0.134416676385638,-9.23364013856081,"chr19:46972581:A:G"
-0.114885674112114,-0.256190932538634,0.0961771893064444,0.455640461565064,-0.92185835946662,"chr19:46973564:A:G"
0.363694606366942,0.433844542194771,0.0959494715685741,-0.22646755139613,-3.43675908061543,"chr19:46975527:C:T"
1.34248167013207,1.2548416096392,0.0962922386106264,0.282427529421392,-8.58693674784172,"chr19:46975970:G:T"
-0.091958651767875,0.0640181218173731,0.0970236047460564,-0.500750313187941,0.18924538789137,"chr19:46977417:A:G"
-0.0736650575813061,0.0633454509590428,0.0970236047460563,-0.439860714416698,0.150187719752609,"chr19:46977603:C:T"
-0.110097313157722,-0.470962040851707,0.113516277054211,1.07106385837172,-1.22847723274021,"chr19:46978425:A:G"
0.167468748546359,0.254733001041355,0.0961771893064443,-0.281384604704052,-1.32069192485897,"chr19:46979848:A:G"
-0.00173229808369356,0.423576816524979,0.12463815002754,-1.20470078367619,0.0170004153577707,"chr19:46980738:A:G"
0.0571658101215338,-0.0627387597403937,0.0970236047460563,0.38494353698251,0.115531696951091,"chr19:46980746:G:T"
1.279173032524,0.833297729946804,0.114259131034221,1.31907035075971,-5.45911670452614,"chr19:46984930:A:G"
-1.39029706721538,-1.25345708422988,0.0962922386106263,-0.44097845327026,-8.62209181814158,"chr19:46984972:C:T"
1.25698499221726,0.838200078031881,0.114259131034221,1.23892657981823,-5.55485577652281,"chr19:46985016:A:G"
-0.131661926225783,-0.255725789968977,0.0961771893064444,0.400045382379662,-1.05128005598178,"chr19:46985380:C:T"
0.17064897057656,0.254644825408493,0.0961771893064443,-0.270845618141492,-1.34410629914477,"chr19:46985573:A:G"
-0.386968148330262,-0.43325588650557,0.095949471568574,0.149432363701019,-3.53338590890451,"chr19:46985634:A:G"
-1.39499074657189,-1.02271659720572,0.0974266740523011,-1.19268001336383,-7.04736390352357,"chr19:46985821:C:G"
-0.329712997567679,-0.501867813182855,0.096761325337626,0.55343710311255,-3.33666500387511,"chr19:46986301:C:T"
-0.459701621983942,-0.711156271991075,0.102126281906763,0.786848118601132,-3.87840223243311,"chr19:46988460:A:G"
1.26449258155304,0.54231313919198,0.0998574495998285,2.28536139403106,-3.1233321034465,"chr19:46989218:A:G"
-1.39504625552744,-1.022714317012,0.0974266740523011,-1.19286515639202,-7.04719007037019,"chr19:46990420:C:T"
0.360672019456003,0.433920992224767,0.095949471568574,-0.236472283395063,-3.42310823353046,"chr19:46991688:G:T"
-0.00200028552958906,0.245497173158353,0.109606022301613,-0.747572875644466,0.0137227417266984,"chr19:46992690:G:T"
0.791663940341782,0.491469295485041,0.0963346893114251,0.967189537877779,-4.02771689488313,"chr19:46995774:C:T"
-1.13178232675795,-0.580357790295986,0.115251215231297,-1.62428910062922,-3.68030784148867,"chr19:46996452:C:T"
-1.06671467496908,-0.605318478095303,0.114407407035709,-1.36410229344335,-4.09745332008279,"chr19:46996581:C:T"
-0.16034385183131,-0.25493054771293,0.0961771893064443,0.304995909206217,-1.26790978171217,"chr19:46997505:A:G"
1.54178075368654,1.58511803414478,0.118304572910495,-0.125997198415671,-9.23949437576916,"chr19:46997601:A:G"
0.942340383124555,0.97339000031301,0.121250869038866,-0.0891689843784035,-6.02234591532752,"chr19:46998080:C:T"
-0.131654328702782,-0.0366922811369145,0.0973649113956555,-0.304332850500267,-0.154377001161749,"chr19:47003095:A:G"
-0.62518075309368,-0.13835225212191,0.0988530562023087,-1.54839209455613,-1.56243959599141,"chr19:47003106:C:T"
0.0694144716327187,0.15435056183234,0.0965996483698779,-0.273277888100035,-0.343591708031684,"chr19:47003512:C:T"
0.393648806721493,-0.0776268126241767,0.097071137640038,1.51262026033883,0.888261488906459,"chr19:47004177:C:T"
-0.420364761359612,0.0786227504688716,0.097071137640038,-1.60156517558828,0.937722890213456,"chr19:47004211:A:G"
0.0331558965447562,0.76640693036272,0.102696114406678,-2.28810356603885,-0.267328999502404,"chr19:47005433:G:T"
-1.1032377485065,-0.59719099997383,0.114407407035709,-1.49611014338686,-3.92207983043185,"chr19:47005887:A:G"
0.182516281244951,-0.680756573655992,0.0995818977026468,2.73563332679017,1.82367274513944,"chr19:47006362:A:C"
1.50482989977368,1.15732825523016,0.100052643438511,1.09860755306345,-7.76777270929309,"chr19:47007321:C:G"
-1.4979181656068,-1.15780612160166,0.100052643438512,-1.07524573278702,-7.78826048121952,"chr19:47007488:C:T"
0.675931835284294,0.948100917522039,0.101130182018856,-0.855851457093369,-5.07722510736066,"chr19:47007686:C:T"
0.16898792677899,-0.679889295967944,0.0995818977026469,2.69001487503746,1.70079349328657,"chr19:47008261:C:T"
-0.705901818049129,-0.945683756407807,0.101130182018856,0.754008205640659,-5.28621795092758,"chr19:47008735:A:G"
-0.961046901154511,-1.13228624874672,0.103669980845693,0.531835172161429,-6.7841753154933,"chr19:47011171:A:G"
-1.42674239662837,-1.16272710172609,0.100052643438512,-0.834669998425292,-7.95799563499832,"chr19:47011316:G:T"
-0.752449419184844,-1.20934665199816,0.100052643438511,1.4444557567544,-5.17449892689451,"chr19:47011343:C:T"
0.63493519135331,0.0433577639118899,0.102890904485294,1.84426405537606,-0.503531565359842,"chr19:47011373:A:C"
-1.32562397405347,-1.16971826957503,0.100052643438512,-0.492887406995404,-8.05666294433328,"chr19:47012260:C:T"
-1.32550147258865,-1.16972673913261,0.100052643438511,-0.492473349229924,-8.05667475289761,"chr19:47012292:A:G"
-0.66546257867303,-0.040321284314647,0.102890904485294,-1.94890062608178,-0.440945528420162,"chr19:47012605:C:T"
-1.30502414020191,-1.17114250951518,0.100052643438511,-0.423259495310016,-8.05488437474546,"chr19:47012689:A:T"
0.48281988099732,0.241253077922487,0.115763016485727,0.709990167662726,-2.48014264114457,"chr19:47013202:A:G"
-0.052818502253076,-0.139168408366732,0.107208485748499,0.263722563570914,-0.213208032392057,"chr19:47013320:C:G"
-0.284610701380986,0.172748022614123,0.105520557080071,-1.4079538829858,1.37870503115084,"chr19:47015627:C:T"
0.0656751550096561,-0.0913080278785495,0.131126094508015,0.433519430187133,0.142813827221701,"chr19:47015967:C:T"
-1.93310327125471,-1.46112940753316,0.120597395717678,-1.35909240302094,-8.46149475146321,"chr19:47016765:C:G"
-0.918374493652594,-0.892748704060161,0.110923466578509,-0.0769423663956117,-5.96129028251186,"chr19:47018452:C:T"
-0.111720717120024,-0.130592008859194,0.107208485748499,0.05763509955411,-0.42190649242829,"chr19:47020636:A:C"
0.822943140309717,0.346422246876566,0.203226725924905,1.05704028020905,-2.6429635944623,"chr19:47040876:C:G"
-0.519653996120727,-0.506581464739843,0.113203052776174,-0.0388535426437871,-3.88848768221728,"chr19:47041770:C:T"
0.469295245768593,0.337474335219309,0.114079830291978,0.390283215081748,-3.14087059241214,"chr19:47041945:A:T"
-0.397602812651333,-0.561754862355429,0.113355205873035,0.487557200774248,-3.54545263674755,"chr19:47042461:C:T"
0.0855924999913785,0.412846739663195,0.179229491130694,-0.773001872239984,-0.58828671650491,"chr19:47042685:C:T"
0.542256639568661,0.501842582725054,0.113203052776174,0.120116696241217,-3.91873719374079,"chr19:47043539:A:G"
-0.815841621376712,-0.0496529896799925,0.125682414029759,-2.16121735811314,-0.399804388835173,"chr19:47044435:A:G"
-0.309704303599938,0.134691876622801,0.157803363356951,-1.11869626902031,0.801191880291598,"chr19:47055799:C:T"
0.855257905333117,1.55328204877932,0.144673019966251,-1.83517156214817,-4.51586293034867,"chr19:47059127:G:T"
0.916115996031244,1.59501488302585,0.102338259005868,-2.12219889698455,-5.35171345519473,"chr19:47065746:A:G"
0.821938305870277,1.34803735508258,0.0993428169861021,-1.66916504585571,-5.37144458975924,"chr19:47068681:A:G"
1.27676764810258,1.7258322955142,0.138981104412215,-1.20456707262092,-7.28756250928648,"chr19:47069018:C:G"
1.42255519881576,1.93917463993319,0.100518461793573,-1.6294754745127,-8.68253491391786,"chr19:47069730:C:T"
-2.30928299016156,-1.74766968153071,0.0983428104208512,-1.79087833697343,-10.7818254022911,"chr19:47070270:A:G"
-2.16773481728527,-1.83863064538217,0.0971994901040677,-1.05560489232614,-12.0701177381963,"chr19:47073995:A:G"
-1.36916168216122,-1.8694957448904,0.0971994901040677,1.60482646379166,-8.53174140034375,"chr19:47074008:C:G"
2.19184684034994,1.84101549418028,0.0970100890782696,1.12639298787746,-12.0674474781816,"chr19:47076356:A:T"
-1.221999030695,-1.87518362704122,0.0971994901040677,2.09509606489635,-7.16691299168129,"chr19:47076928:A:G"
-0.788735775234428,-1.38490643850778,0.0985924024068284,1.89866732540155,-4.94647532414084,"chr19:47077985:C:T"
-0.803290952606648,-1.36458451059283,0.0988845913970196,1.78494872995835,-5.14560133613878,"chr19:47078207:A:C"
0.807014774907774,1.38156730475548,0.0990108398223675,-1.8259478475613,-5.11979762525826,"chr19:47078492:A:C"
3.02498091578786,2.27166366989534,0.128559407686894,2.10099964270742,-12.4379818058791,"chr19:47078899:C:T"
-0.78009167149152,-1.38312900512398,0.0990108398223676,1.91647354096096,-4.86809030192659,"chr19:47079099:A:G"
-2.17383312144002,-1.838394944034,0.0971994901040677,-1.07592127773761,-12.059431575062,"chr19:47081442:C:T"
-2.19730276539763,-1.83748783501128,0.0971994901040677,-1.15410995446044,-12.0139400288073,"chr19:47081983:A:G"
2.17841962758149,1.84150728486976,0.0970100890782696,1.08170408517699,-12.0926001201353,"chr19:47082260:C:G"
2.1996109393521,1.82157413512137,0.0970795559898361,1.21330557319113,-11.8717803590873,"chr19:47082441:C:G"
-0.631990891445689,-1.23338623499617,0.126001563688302,1.69422893173716,-3.74388192244425,"chr19:47082827:A:G"
2.19411463966146,1.84093243281779,0.0970100890782696,1.13394075408364,-12.062979780741,"chr19:47083207:C:T"
2.20903613896803,1.84038591176695,0.0970100890782696,1.18360299167202,-12.0320558826198,"chr19:47084515:A:G"
-2.16315435788108,-1.84206639699828,0.0970100890782696,-1.03089769936167,-12.1184093202583,"chr19:47084945:G:T"
2.21688278885607,1.83673106102799,0.0971994901040677,1.2193404337631,-11.9709692687036,"chr19:47086638:C:T"
-1.3645364035074,-1.80550656047686,0.128058722107616,1.23226642994455,-7.91015257133358,"chr19:47087145:A:G"
2.22449983841547,1.82064406873835,0.0970795559898362,1.29617130033608,-11.8112874637443,"chr19:47088557:A:G"
-3.26804186698524,-2.1808184661807,0.128559407686894,-3.03226295307646,-11.9480052370253,"chr19:47089184:A:G"
-0.519698260267546,-0.94145045168528,0.117598759860387,1.22986085003367,-3.71437946795683,"chr19:47092874:C:T"
-3.49958870055867,-2.49102470346184,0.137652767219994,-2.71838514212154,-13.5194262195722,"chr19:47092904:C:T"
2.16175512787191,1.86963857591556,0.0974357518243865,0.935830069279676,-12.3215613281729,"chr19:47093845:C:T"
2.26112421206309,1.80248328854226,0.0989704058209612,1.45787445987638,-11.4289453572775,"chr19:47097184:A:G"
1.75531532450374,2.24098161521289,0.121668097953467,-1.39235379056332,-9.98571112745224,"chr19:47097336:C:T"
-2.16852254537556,-1.80511585212141,0.09903614876051,-1.15477148219003,-11.6577325949736,"chr19:47097344:A:G"
-0.692318752375089,-0.654156324847538,0.121844760714762,-0.109328291884639,-4.50405842195044,"chr19:47100028:C:T"
-0.217963111410798,-1.2929943727554,0.142342040145115,2.84940708883953,-0.905134680105565,"chr19:47103510:A:G"
-2.22156873582512,-1.8399268876526,0.0970100890782696,-1.22531440350328,-12.0041106949366,"chr19:47105955:C:T"
2.20359312914364,1.84058526971268,0.0970100890782696,1.16548738267449,-12.0436390649332,"chr19:47105966:A:G"
-2.24712396927453,-1.81979863385177,0.0970795559898361,-1.37149665120371,-11.7511173837918,"chr19:47107122:A:G"
-2.20293144289011,-1.86794314336351,0.0974357518243865,-1.0731748045578,-12.2606509259334,"chr19:47107871:A:G"
-0.141423461275799,-1.9845751839508,0.1273474663822,5.16494774500879,-0.778776544074783,"chr19:47111403:A:C"
-2.19997416296632,-1.81481720048971,0.0985591063873081,-1.22684408789875,-11.7147605262791,"chr19:47113120:G:T"
2.22124431452001,1.85474126805206,0.098988466196809,1.16489100416699,-12.0111161006446,"chr19:47116303:A:G"
-2.26615301102174,-1.83371736441217,0.0993763964576507,-1.37176546279167,-11.6963557700217,"chr19:47116511:C:T"
1.08010577633237,1.61421706516107,0.104300908596027,-1.65381798819248,-6.66571884011636,"chr19:47123808:A:G"
-0.247284025234213,-0.204230389719587,0.101414566472824,-0.135194698186878,-1.47612396176396,"chr19:47124785:A:C"
1.23783403418848,1.36659396311161,0.118271718947343,-0.374403822337157,-7.86682477419114,"chr19:47126007:C:T"
1.2223081453305,1.3706900507114,0.118271718947343,-0.431459950350259,-7.80227363550528,"chr19:47131056:G:T"
-1.23583939033822,-1.44658076319946,0.101197313057554,0.662468624356405,-8.36011369573014,"chr19:47132027:C:T"
-0.506190090248152,-0.382920056702608,0.0989215546184868,-0.391933194848342,-3.59204679454961,"chr19:47133570:G:T"
-1.51080732018578,-1.77753219068456,0.101861075184629,0.835717285446945,-9.77565420417815,"chr19:47134351:G:T"
-1.48433141060281,-1.59210306859317,0.101145072044366,0.338869280216923,-9.66170638255184,"chr19:47135282:A:T"
-0.615317128374412,-1.40021717745507,0.176657698315734,1.86744608601306,-2.9541717514065,"chr19:47139406:A:G"
1.45567774526,1.62939657437321,0.101943711140927,-0.544084900815996,-9.51130573380911,"chr19:47139523:A:G"
-0.506884114170752,-0.460247629342892,0.0997349359109358,-0.147673358505579,-3.88196055430391,"chr19:47140940:C:T"
0.505774009614548,0.460320611471566,0.0997349359109358,0.143927141679757,-3.88031146569135,"chr19:47144155:A:G"
0.468549800851094,0.320861956457846,0.102889268194682,0.460425864876357,-3.1843837702057,"chr19:47144642:C:T"
0.562815056555492,0.456570534954381,0.0997349359109358,0.336420838439387,-3.93532441051083,"chr19:47145572:A:G"
-0.509257143532947,-0.107477607459977,0.103407053553959,-1.24943230605008,-1.31205123843009,"chr19:47147822:C:G"
-0.17246518079075,-0.200589206801125,0.139871806104115,0.0751990578624781,-0.758498931754717,"chr19:47149859:C:T"
-0.418767578338699,-0.437903717808782,0.0972448060264297,0.0613650539547568,-3.64015915140764,"chr19:47155063:C:T"
-0.306493553081819,-0.479516966858486,0.0984647456542779,0.551397121702064,-3.16390757850848,"chr19:47155225:A:G"
-0.381526547554928,-0.439361128617462,0.0972448060264297,0.185461764265547,-3.50867733894784,"chr19:47157877:C:G"
0.339221270329328,0.441016726408286,0.0972448060264298,-0.326433848603594,-3.31421051707096,"chr19:47158598:G:T"
-0.166882380436084,-0.20335066300431,0.139871806104115,0.0975102387539229,-0.74428320253012,"chr19:47158999:G:T"
1.25676911379358,1.42601533356413,0.101446351760144,-0.531374562595326,-8.47334192125602,"chr19:47159459:C:G"
-0.297403794179687,-0.442653234325738,0.0972448060264297,0.46578045406679,-3.07044646596433,"chr19:47161749:C:T"
0.881123471914201,0.448153286397604,0.134946628218713,1.1786285934528,-3.2687618113223,"chr19:47167529:C:T"
1.17702825806194,0.463853267729799,0.186503441232144,1.65140152055204,-2.51036933091196,"chr19:47170485:A:C"
0.427515662125468,0.424989135896938,0.0978987903007673,0.008074862733894,-3.62282571307387,"chr19:47172833:G:T"
1.2852775634115,1.38662810131778,0.101379675633357,-0.31831023947359,-8.58802739311316,"chr19:47176541:C:T"
-0.370708565696386,-0.435538606921448,0.097445836533172,0.207679989741291,-3.45154824942713,"chr19:47179075:C:T"
0.381821361397739,0.435079840611671,0.097445836533172,-0.170611034757608,-3.49739108502785,"chr19:47179274:A:G"
-0.385393440731653,-0.268758390275585,0.098660779733652,-0.371327240235271,-2.6852310899742,"chr19:47179323:C:T"
0.321791081402188,0.437558053184704,0.097445836533172,-0.370854052501804,-3.20783993646188,"chr19:47182461:C:T"
-0.664436150808601,-0.54393062623096,0.134946628218713,-0.328039347020563,-3.98586673432741,"chr19:47184777:G:T"
-0.152828373956516,-1.11813094446734,0.13472571566115,2.62989381109211,-0.668013882036807,"chr19:47185233:C:T"
0.484628004969341,0.318779624329128,0.178510420668348,0.392535960262561,-2.33682646128751,"chr19:47185867:G:T"
-0.380364729072281,-0.269031274816967,0.0986607797336519,-0.354448719770198,-2.66814286231592,"chr19:47186320:C:T"
-1.39395787618601,-1.4804840716002,0.101759187402544,0.271244407648169,-9.12679466736762,"chr19:47186440:A:G"
1.39088841674554,1.48075226296695,0.101759187402544,-0.281707356028197,-9.11488578891016,"chr19:47186664:C:G"
-1.39517445484867,-1.5153988181811,0.10236307338647,0.375768894808041,-9.14678049862165,"chr19:47187554:A:G"
0.395926428033838,0.364118225226709,0.0979788053247661,0.101618565970619,-3.30180233717857,"chr19:47189904:C:T"
0.416606467889555,0.437988291883709,0.0972448060264297,-0.0685664308155596,-3.63347928929575,"chr19:47191665:A:G"
0.403689165037348,0.310449186837281,0.0991085277131974,0.296173809200664,-3.02484157774987,"chr19:47191974:A:T"
1.37750374474266,1.53830529405219,0.10170600240332,-0.504216364302419,-9.09755952430871,"chr19:47192494:G:T"
1.39275314594252,1.5177377341183,0.101814688494272,-0.391697901743523,-9.15771185479002,"chr19:47193079:A:G"
0.397656893595822,0.438729874858581,0.0972448060264297,-0.131711295019164,-3.5699668998876,"chr19:47196848:A:T"
0.210663491866299,0.218438240098826,0.101699938634185,-0.024379567051208,-1.35235649789571,"chr19:47200919:A:G"
-0.77427485612208,-1.11698858872059,0.109443123568733,1.03594635638056,-5.41958403183671,"chr19:47202026:A:G"
0.376802040533202,-0.849062386094561,0.203893689665442,2.71481693691405,2.77743640483954,"chr19:47202865:A:G"
0.315918736972138,0.441928660457095,0.0972448060264297,-0.404083894015201,-3.18493832019954,"chr19:47211215:A:G"
-0.313772750686405,-0.587575803637735,0.0981542587620488,0.873944215988825,-3.1644501321118,"chr19:47211639:C:T"
-0.319768988380288,-0.5633121709253,0.0976688053910358,0.77928809030857,-3.24093983386447,"chr19:47212392:A:C"
0.442290540384714,0.378156119780175,0.115294465160728,0.188880422764976,-3.26718670425673,"chr19:47214470:C:T"
1.743887734919,-0.625841806343979,0.222839420509211,5.01998907888641,2.32526426717566,"chr19:47216440:C:T"
-0.25736677465049,-0.0592400961890302,0.116177488417934,-0.581275431267835,-0.400804507804347,"chr19:47232618:C:T"
0.83087967526818,0.752345538185837,0.136191219145697,0.212806026348303,-4.8468503771045,"chr19:47237234:A:G"
0.831345265510624,0.480430059169891,0.113030639510042,1.04376828269158,-3.71671931925438,"chr19:47237799:A:G"
0.202255284697875,-0.330730746361413,0.154151382950709,1.35750711397705,1.29157358614745,"chr19:47237994:C:T"
1.0885570328661,0.673599412548012,0.110115329141518,1.25048893665728,-4.6619887529221,"chr19:47238036:A:T"
1.04433125734308,0.62149822795724,0.109393371967023,1.27841953997409,-4.34573528916976,"chr19:47238421:A:G"
1.03115555856272,0.738887317521229,0.109262007693955,0.884192929342737,-5.2816292075734,"chr19:47239053:C:T"
0.303314766503551,0.393498479200782,0.115918863494613,-0.264881149946705,-2.67431911282511,"chr19:47240186:A:G"
-0.285410862438101,-0.397771801284798,0.115918863494613,0.33001851221987,-2.57121933170745,"chr19:47241768:C:G"
1.45195821896184,1.00043386875906,0.156270201332041,1.14220245808548,-5.72658972796072,"chr19:47249138:A:G"
1.18023289373283,1.09282017193859,0.102593299267225,0.272907295116586,-7.49800769677109,"chr19:47255118:C:G"
1.07753356902394,1.21895090858924,0.102903594468079,-0.440846492927144,-7.4605656153432,"chr19:47255671:C:T"
-1.08393833337873,-1.1885814202974,0.102011108096385,0.327632375039894,-7.48904800434387,"chr19:47257375:A:C"
1.70830370737868,0.511038709263096,0.154458927177455,3.04637792109553,-2.28503846705281,"chr19:47259503:A:G"
-1.1152378324083,-1.34040270476534,0.102107068453673,0.704648828177941,-7.68724384383978,"chr19:47260028:A:G"
1.12081714767724,1.33989447651793,0.102107068453673,-0.685597986186596,-7.72117679986416,"chr19:47260316:C:T"
1.16852791595365,1.1589416167097,0.101620364543381,0.0300718819228224,-7.73816683717972,"chr19:47261106:C:T"
-1.14397405530091,-1.16105056519649,0.101620364543381,0.0535684080129019,-7.67418540031812,"chr19:47261804:A:T"
-1.14303352157894,-1.1611313483042,0.101620364543381,0.0567722428115367,-7.6715085015642,"chr19:47261805:A:G"
-0.0187376677644432,-0.859073411447072,0.181835637730011,1.97066741068587,-0.161053119756677,"chr19:47263436:C:T"
-1.13479389189963,-1.16183905593477,0.101620364543381,0.0848397237297922,-7.64734395401131,"chr19:47264386:A:G"
-1.47933400170849,-0.630896758234175,0.155137621442255,-2.15407668453326,-2.97249365366081,"chr19:47265520:A:C"
-1.13431770811538,-1.16187995569735,0.101620364543381,0.0864617965410688,-7.64590830048639,"chr19:47269512:A:G"
1.18352933704714,1.19920584679213,0.10194318344124,-0.0490987325263862,-7.87874243197573,"chr19:47270091:C:T"
-1.24626145995185,-0.775134997228969,0.104765803727656,-1.45555199643532,-5.19455854204284,"chr19:47271072:C:T"
1.72994598542884,0.367382303204765,0.127840834965826,3.81085136110799,-1.91214206255814,"chr19:47285079:C:T"
-0.538832834835009,-0.30771576835385,0.211052986893266,-0.503079088135064,-2.14430553819594,"chr19:47286847:C:T"
-1.34249097429144,-1.26746397506528,0.0987295612279506,-0.238777814763605,-8.55159200625104,"chr19:47289852:C:T"
-1.4291804445771,-1.26269602980675,0.0987295612279506,-0.529846390780358,-8.59450345894717,"chr19:47290182:C:T"
-1.42622689504089,-1.41004117316174,0.0994250651218999,-0.051331520827913,-9.16891226104133,"chr19:47290306:C:G"
1.38224457715845,1.26527751572166,0.0987295612279505,0.372254516604162,-8.58750755886565,"chr19:47291369:C:T"
1.3834938680562,1.22652348419359,0.0994324292570137,0.497798628080634,-8.37859719869328,"chr19:47291424:C:T"
-1.41094954326173,-1.2804667113222,0.0986304055315303,-0.415477935036244,-8.68085564536897,"chr19:47292202:A:G"
1.51869195830297,1.27465500706986,0.0986304055315303,0.777052176625512,-8.61916869024696,"chr19:47292420:C:T"
-1.56484777331201,-1.27216532882888,0.0986304055315303,-0.931947106356229,-8.53526216956038,"chr19:47292459:C:T"
-1.4299977908505,-1.27943923498924,0.0986304055315303,-0.479402209175413,-8.68416044985695,"chr19:47292712:C:T"
-1.38155007763437,-1.28205253988691,0.0986304055315303,-0.316815866961422,-8.66345448241801,"chr19:47294152:C:T"
1.41845598934878,1.41607055829702,0.103828971353252,0.00740299732684533,-9.0047832796435,"chr19:47294183:C:T"
1.01573355588315,0.748107721408623,0.0992624974877571,0.849445334651548,-5.56687647496202,"chr19:47294464:C:T"
1.42945026606557,1.4148667801169,0.103828971353252,0.0452586996445171,-9.02862321661735,"chr19:47294721:C:T"
1.36879016305691,1.28274081896235,0.0986304055315303,0.273994695426282,-8.65121683752971,"chr19:47295033:C:G"
1.43945910189931,1.41377089918763,0.103828971353252,0.0797213132050758,-9.04839249597113,"chr19:47295223:C:T"
-1.35771018914085,-1.2833384808163,0.0986304055315303,-0.23681125969217,-8.63827530702692,"chr19:47295554:C:T"
-1.3856631695062,-1.18888095488713,0.0990351514727521,-0.62530393085695,-8.18751869668592,"chr19:47295635:C:G"
-1.43526558278426,-1.24387042238641,0.0981153914483484,-0.61102978627932,-8.51127621995516,"chr19:47297065:G:T"
-1.48595996642052,-1.96123522566474,0.145961203659578,1.24401749886449,-8.0273251144219,"chr19:47297100:A:G"
-1.46342360048154,-1.24250652090373,0.0981153914483484,-0.705278626895706,-8.48700099656286,"chr19:47297843:A:G"
0.903502525916307,0.723034225881867,0.0993127732494312,0.572662009207521,-5.4400421504269,"chr19:47297849:C:T"
0.815200373984192,0.72844117365972,0.0993127732494313,0.275304294247624,-5.38293850722146,"chr19:47298341:A:C"
0.787355874676024,0.730146157630842,0.0993127732494313,0.181537873981391,-5.33774088551987,"chr19:47298591:C:T"
-1.19972805350782,-1.44945577537097,0.100477238594309,0.787830717437042,-8.15856603722836,"chr19:47298856:C:T"
0.810553109459694,0.728725736561576,0.0993127732494312,0.259654619470934,-5.37630444047244,"chr19:47298900:C:T"
1.53536834261774,1.23902170384293,0.0981153914483484,0.946087784972013,-8.36732891416187,"chr19:47299991:C:T"
-1.15024299031359,-1.578982657071,0.131898758748311,1.18051989836157,-6.86961250636928,"chr19:47300132:C:T"
1.53938974259413,1.23882691763854,0.0981153914483484,0.959547975582904,-8.35830212544472,"chr19:47300212:G:T"
0.727854466992898,0.742252029965773,0.100666978999332,-0.0453780123419902,-5.19170729931822,"chr19:47300233:G:T"
-0.767364402044603,-0.798894883843243,0.0995039004130135,0.099956388094916,-5.49840259031891,"chr19:47300244:A:G"
-1.55073336664714,-1.23827746185542,0.0981153914483484,-0.997516678738,-8.33156995447135,"chr19:47300910:A:G"
1.56226647045275,1.20372860230672,0.100767920404914,1.12946787741413,-7.96484074869019,"chr19:47301625:G:T"
-1.56282071999665,-1.23769198175053,0.0981153914483484,-1.03797474832085,-8.30106254759055,"chr19:47301657:A:G"
0.499748430159197,0.387784897969373,0.098454453790509,0.356827984930244,-3.61394044487533,"chr19:47304259:A:G"
-0.544420368948487,-1.00062065501334,0.210812547228696,0.993590259583574,-3.36985665140127,"chr19:47304514:C:T"
-0.712309175968801,-0.911544837110922,0.0983810543418114,0.635201242650617,-5.39708408880946,"chr19:47305505:A:G"
0.713916207304274,0.911462434617267,0.0983810543418113,-0.629815005761667,-5.40706486714956,"chr19:47305541:C:G"
0.716779131750621,0.911315634671097,0.0983810543418113,-0.620219431037727,-5.42474189333544,"chr19:47305571:G:T"
-1.88310381989543,-2.06081790358988,0.118300024528384,0.516689254049246,-11.2288537826183,"chr19:47305582:A:G"
0.643677931892985,0.832427362271654,0.0982449338026831,-0.60218587928095,-4.9817768147182,"chr19:47306414:A:G"
-0.656418321161717,-0.831792614807061,0.0982449338026831,0.559513864546378,-5.05627752149152,"chr19:47306432:A:T"
-0.651078891367242,-0.832058634114076,0.0982449338026831,0.577397480349476,-5.02536911627838,"chr19:47306457:A:T"
0.609002147268004,0.654978179710355,0.098250125691338,-0.146677984352681,-4.64248813421268,"chr19:47306828:C:T"
0.617542999778746,0.654552186338284,0.098250125691338,-0.118070929541213,-4.67038697468296,"chr19:47307101:A:G"
-0.500922809411131,-0.147770841381544,0.0990573620012645,-1.12206560950814,-1.7967892392622,"chr19:47307643:A:G"
1.448104589978,1.4710431551192,0.0977846542132155,-0.0733551984173069,-9.45507262130241,"chr19:47308073:C:T"
0.633633652115258,0.653749630476458,0.0982501256913379,-0.0641762893090579,-4.71973949959612,"chr19:47308566:G:T"
0.600631200810476,0.655395698652904,0.0982501256913379,-0.174715949395728,-4.6140005200834,"chr19:47309432:A:G"
-0.619037543962775,-0.654477642735542,0.098250125691338,0.113065046658117,-4.67514762625035,"chr19:47309500:A:G"
0.460767558226077,0.128059243249468,0.0983895380644536,1.06069175748707,-1.55010798796775,"chr19:47309643:C:T"
0.625264728400813,0.654167048530351,0.098250125691338,-0.0922074792998342,-4.69459418220783,"chr19:47309908:A:G"
0.61451859215875,0.654703035167362,0.098250125691338,-0.128200994947291,-4.66064259799027,"chr19:47311899:C:T"
0.595669671299304,0.655643165598909,0.098250125691338,-0.191334284216093,-4.59658193048455,"chr19:47311935:C:T"
1.15453335163658,1.59240197738711,0.147621870157898,-1.13964207999158,-6.61646333766149,"chr19:47312285:C:T"
0.590354828308567,0.655908254813918,0.098250125691338,-0.209136020583619,-4.57748278567827,"chr19:47312458:C:G"
-1.15296529774534,-0.520963273415777,0.136055072542143,-1.71340922272692,-3.02381784724306,"chr19:47312534:C:T"
-1.62224605167463,-1.46322364050731,0.0977846542132155,-0.508537497972182,-9.72028038149469,"chr19:47316351:C:T"
-1.60475888933473,-1.46400887063059,0.0977846542132155,-0.450104245218808,-9.71655056625743,"chr19:47317278:C:G"
1.54966531091817,1.46648275041346,0.0977846542132155,0.266009368638477,-9.67169495506315,"chr19:47317537:C:G"
0.449937878737775,0.160935719805342,0.140000753405715,0.772388680826313,-1.4558785280187,"chr19:47318117:C:T"
1.56513403756557,1.60220788044037,0.0982101710291807,-0.118301260296594,-10.1255057083986,"chr19:47319354:A:G"
1.62599703735407,1.59919819274716,0.0982101710291807,0.0855141211607343,-10.2986800226991,"chr19:47319466:A:G"
1.56899904932934,1.60201675482415,0.0982101710291807,-0.105358276058113,-10.1383628802835,"chr19:47319781:A:G"
1.62747364722963,1.46298890456662,0.0977846542132155,0.526005478563882,-9.72042349125668,"chr19:47320227:C:T"
-1.54481869767793,-1.60321247812133,0.0982101710291807,0.186332391904029,-10.0537811759115,"chr19:47320614:G:T"
1.41500276309235,1.54094469696613,0.0955584760050455,-0.407413813951667,-9.52519874421195,"chr19:47322635:A:G"
-1.71879739197667,-2.08650699860487,0.124678330183094,1.04138061139576,-9.92899222079709,"chr19:47322748:G:T"
-1.55303322233592,-1.40396231579968,0.0953808480396883,-0.482683332834197,-9.48376115875343,"chr19:47323840:A:C"
1.28971851663343,1.40902236599444,0.0953808480396883,-0.386299251594881,-8.83949445248991,"chr19:47324014:C:G"
-1.54267881259919,-1.40416129379776,0.0953808480396883,-0.448512048289887,-9.47998315746724,"chr19:47324593:A:G"
1.54225948143201,1.40416935197572,0.0953808480396883,0.447128185279164,-9.47979385714514,"chr19:47324676:C:G"
1.54194434115942,1.40417540794435,0.0953808480396882,0.446088169653019,-9.47964972908742,"chr19:47324745:A:G"
1.54173669547156,1.4041793982175,0.0953808480396883,0.445402904141548,-9.47955388933396,"chr19:47324764:A:G"
-1.54166121044827,-1.40418084879355,0.0953808480396883,-0.445153790935185,-9.47951887683309,"chr19:47324813:C:T"
1.53902598280158,1.40423148927765,0.0953808480396883,0.436457098796889,-9.47823903267684,"chr19:47325295:A:T"
-1.53637516971979,-1.404282429263,0.0953808480396883,-0.427708972115124,-9.47683866379374,"chr19:47325814:A:G"
1.49931672734945,1.4049945717088,0.0953808480396883,0.305409911984862,-9.44532894276108,"chr19:47325875:A:G"
-1.49900653022525,-1.40500053268623,0.0953808480396883,-0.304386209575426,-9.44497072129719,"chr19:47325930:A:G"
1.57389380266474,1.40356144345466,0.0953808480396883,0.551526738136818,-9.48616878047819,"chr19:47326325:A:G"
-1.44551192778271,-1.40602852454406,0.0953808480396883,-0.127845071246236,-9.35951779247657,"chr19:47326358:G:T"
1.5316253114538,1.40437370605357,0.0953808480396883,0.412033645130856,-9.47404562292751,"chr19:47326699:C:T"
-1.50661594166851,-1.53901030032625,0.0955584760050455,0.104793604523307,-9.90037697747283,"chr19:47326796:C:T"
1.58939535908357,1.5372624270466,0.0955584760050455,0.168646581963336,-10.1211150070166,"chr19:47326946:C:G"
-1.48105002614144,-1.53955012027203,0.0955584760050456,0.189243929588679,-9.80948779409559,"chr19:47326999:G:T"
-1.44441566313311,-1.40604959117662,0.0953808480396883,-0.124227214484769,-9.35727211533171,"chr19:47327026:A:G"
-1.52536362277773,-1.28883462597616,0.105560413164145,-0.728004140094214,-8.48120493556034,"chr19:47327096:A:G"
-1.52831925219479,-1.40443723773423,0.0953808480396883,-0.401123096434008,-9.47188622420443,"chr19:47327323:A:T"
1.47703068523957,1.73010885133691,0.0983709341655295,-0.806902908548721,-9.74059300481727,"chr19:47327779:A:G"
1.52572639287305,1.40448706403725,0.0953808480396883,0.392566226856748,-9.4700688055958,"chr19:47327817:C:T"
1.49895987847459,1.53917195679476,0.0955584760050455,-0.130083409801859,-9.87428352600973,"chr19:47328212:C:T"
1.33688710183912,1.38938425470914,0.0990717389168992,-0.166786485582135,-8.87021594832046,"chr19:47328654:C:T"
1.19116215176604,1.54046212923601,0.0993229444073008,-1.10834193342318,-7.96121612608333,"chr19:47328684:C:T"
1.52046036054879,1.53871797778294,0.0955584760050456,-0.0590621824061515,-9.94511924557433,"chr19:47328912:C:G"
-1.5163181350048,-1.53880544016879,0.0955584760050456,0.0727449426935041,-9.93206222646725,"chr19:47329446:G:T"
1.51602756974665,1.53881157540465,0.0955584760050455,-0.0737047491388076,-9.93113574431392,"chr19:47329506:A:G"
1.51601669717375,1.53881180497718,0.0955584760050455,-0.0737406638438868,-9.93110104966553,"chr19:47329523:A:G"
1.53900910692765,1.40423181357693,0.0953808480396883,0.436401405589373,-9.4782304759691,"chr19:47329673:C:T"
-1.5384930050212,-1.40424173137299,0.0953808480396883,-0.434698182948283,-9.47796657516797,"chr19:47329746:C:G"
-1.51410223495096,-1.53885222852048,0.0955584760050456,0.0800645898096579,-9.92496170588241,"chr19:47329881:A:G"
1.51588918571108,1.53881449735997,0.0955584760050456,-0.074161864659504,-9.93069401264008,"chr19:47330058:C:G"
1.5053041510738,1.53903799856093,0.0955584760050456,-0.109126762161443,-9.89597440220557,"chr19:47330122:A:G"
-1.65711442015574,-1.40196221449925,0.0953808480396883,-0.826168699633779,-9.42829430749637,"chr19:47331032:A:G"
1.53835956930816,1.53834003904292,0.0955584760050455,6.31791143900586e-05,-9.99830342010197,"chr19:47331163:C:G"
1.52856303589062,1.40443255300637,0.0953808480396883,0.401927623418098,-9.47205149783428,"chr19:47331586:G:T"
1.50261064294605,1.53909487152563,0.0955584760050455,-0.118024062816028,-9.88684605181332,"chr19:47331989:A:G"
1.37838623874775,1.54171784863226,0.0955584760050455,-0.52836693923252,-9.33708894861927,"chr19:47332635:C:T"
1.49409410493329,1.53927469677316,0.0955584760050455,-0.146156221934178,-9.85720015459112,"chr19:47333529:C:G"
-1.43913527616781,-1.54043514306864,0.0955584760050455,0.327698359533088,-9.63731930971988,"chr19:47333664:C:T"
1.49242625214251,1.53930991320037,0.0955584760050455,-0.151665538046655,-9.85125507465542,"chr19:47333794:C:T"
1.51539913848836,1.40468552019799,0.0953808480396883,0.358484559517567,-9.46174726496194,"chr19:47333967:C:T"
1.26778635134535,1.54405314639058,0.0955584760050455,-0.89370478263723,-8.64072006582754,"chr19:47334826:C:T"
-1.47359368911771,-1.53970755955652,0.0955584760050455,0.213873991625183,-9.7809615416114,"chr19:47335159:C:T"
-1.4547979464578,-1.54010442845693,0.0955584760050456,0.275960818744442,-9.70501503548364,"chr19:47335859:G:T"
-1.4064033833014,-1.54112627140369,0.0955584760050456,0.435819619248866,-9.48296312277544,"chr19:47336377:A:G"
1.36462061308213,1.73586065879846,0.0983709341655295,-1.18364486860969,-8.87656691191159,"chr19:47337025:G:T"
-1.31283884227515,-1.39079484648787,0.0990717389168992,0.247670726160258,-8.78407869477472,"chr19:47337304:A:G"
1.30192148272723,1.40878786476977,0.0953808480396883,-0.346027421787286,-8.89484365775922,"chr19:47337576:C:T"
-1.32538009071796,-1.40833706680307,0.0953808480396883,0.26861009052004,-8.99428115735436,"chr19:47337916:C:T"
1.38118225972958,1.40726473103884,0.0953808480396883,-0.0844535964302722,-9.19389748123402,"chr19:47338248:C:G"
1.38120902658576,1.40726421666712,0.0953808480396883,-0.0843652613264442,-9.19398074689033,"chr19:47338258:C:T"
1.5600388536075,1.53788228465261,0.0955584760050455,0.0716750329643257,-10.0556824457579,"chr19:47338436:G:T"
-1.35421534711356,-1.54222821288647,0.0955584760050455,0.608209167196772,-9.20115343588103,"chr19:47338518:A:T"
-1.38370401929766,-1.40721627104128,0.0953808480396883,0.0761313679358686,-9.20168955504992,"chr19:47338585:A:G"
-1.37369316305869,-1.54181694212497,0.0955584760050455,0.543869289112305,-9.3114228948736,"chr19:47341396:A:G"
1.29240482370398,1.54145477943799,0.0992324937375604,-0.790604926371634,-8.68822977844854,"chr19:47342164:A:G"
1.49039326793043,1.4051660515069,0.0953808480396883,0.275961002903617,-9.43439430652443,"chr19:47342277:A:G"
1.39301461807977,1.53538051372027,0.0992324937375604,-0.451938158788111,-9.26655900254723,"chr19:47342295:A:G"
-0.155011917876686,0.0425960695311632,0.116154365682758,-0.579811368280999,0.176661749258368,"chr19:47343306:C:T"
-0.154850512080775,0.0425571388503167,0.116154365682758,-0.579223551117183,0.176319779048954,"chr19:47343313:C:T"
-1.02375759363347,-0.623093741385744,0.109724125305168,-1.20956468528432,-4.40586158490733,"chr19:47343655:A:G"
0.447818903651355,0.563163750799165,0.10357452359653,-0.35840307378834,-3.85842410193955,"chr19:47343902:C:T"
0.753379104431997,0.675028175036403,0.10278578853144,0.244386727783991,-4.98344573645166,"chr19:47344335:A:G"
0.937686149308393,1.05266329024908,0.103661204581463,-0.357111124719504,-6.5972969384613,"chr19:47344503:G:T"
-0.470018229495069,-0.560793475926062,0.10357452359653,0.282059651117926,-3.94289771828466,"chr19:47344864:C:T"
-0.93795799698067,-1.05263401262641,0.103661204581463,0.356175850178143,-6.59854975548408,"chr19:47345117:C:T"
-0.937920156246197,-1.05263808802178,0.103661204581463,0.356306038806514,-6.598375448225,"chr19:47345193:A:G"
-0.938086963779176,-1.05262012307851,0.103661204581463,0.355732148150777,-6.59914361927473,"chr19:47345306:A:G"
-0.450837256873924,-0.56284147403941,0.10357452359653,0.348022965065148,-3.870451280784,"chr19:47345386:C:T"
0.450366695345732,0.562891717014105,0.10357452359653,-0.349641224911974,-3.8685875143447,"chr19:47345398:A:C"
0.937678152594319,1.05266415148425,0.103661204581463,-0.357138636903162,-6.59726006448751,"chr19:47345509:C:T"
-0.795031068417772,-0.670931948120049,0.10278578853144,-0.387081278606225,-5.02001584770274,"chr19:47346275:C:T"
0.389673923726096,0.569372028738946,0.10357452359653,-0.558363505463001,-3.59270743131457,"chr19:47346354:C:T"
0.786240670949944,0.624903111941723,0.103381028752552,0.501781975676195,-4.77387246118064,"chr19:47346472:G:T"
0.770210294749321,0.673372925962536,0.10278578853144,0.302048333919889,-5.00182447526738,"chr19:47346851:A:G"
-0.801449684706424,-0.670300714768932,0.10278578853144,-0.40907067551731,-5.02299670279495,"chr19:47347020:A:G"
0.782204454278466,0.672193370561041,0.10278578853144,0.343138862258143,-5.01193913610153,"chr19:47347030:G:T"
1.1296709071732,1.26777643918428,0.107602237564386,-0.421017767446869,-7.60706104362025,"chr19:47347104:C:T"
-0.204757092186524,-0.0478476988779097,0.108042375429503,-0.477366437109038,-0.279552343762874,"chr19:47347584:A:G"
1.04347131238757,1.28069013503263,0.107602237564386,-0.723166825050761,-7.14047827744286,"chr19:47347657:C:T"
-0.90977949056566,-1.11486934782975,0.108866440190588,0.621580199792031,-6.35204801956256,"chr19:47347764:A:G"
0.89336331375409,1.05743679904578,0.103661204581463,-0.509601007554981,-6.37468251636637,"chr19:47347853:C:T"
0.903801259532571,1.05631264655485,0.103661204581463,-0.473689922244252,-6.43037411994849,"chr19:47347963:G:T"
-0.373605789293904,-1.04377296546789,0.152266286404034,1.717438818881,-2.24278149252092,"chr19:47348192:C:T"
0.677190436351487,1.15640134377316,0.115934126016638,-1.40741134779188,-4.4436696255865,"chr19:47348237:A:G"
-0.562368860514198,-1.10890224212174,0.112152158346835,1.63197264672937,-3.61392534755698,"chr19:47348245:A:C"
-0.56361767383722,0.277285474420928,0.139776190413401,-2.24920675224689,2.61051197999701,"chr19:47348629:C:T"
-0.817655959713455,-0.96539201105411,0.125098376086057,0.417696321924075,-5.44295140195755,"chr19:47349055:A:G"
-2.24316657801354,-1.56049490724388,0.107134764238812,-2.0856751750124,-8.79581384706808,"chr19:47349722:C:T"
0.194939570427939,-0.269083172365429,0.111561792420955,1.38925358182827,1.39698299746564,"chr19:47349830:C:T"
0.105043396545509,0.180032470157035,0.0958491578383066,-0.242216563295176,-0.606684889969534,"chr19:47349867:A:G"
0.109006200539277,0.179936487139337,0.0958491578383066,-0.2291065808175,-0.628951276899709,"chr19:47349900:C:T"
-0.0511345722470204,-0.181338195003633,0.0958491578383066,0.420560923262839,-0.298756617678756,"chr19:47349962:C:G"
-2.23615104379333,-1.56151087062759,0.107134764238812,-2.06113761781191,-8.8202432801264,"chr19:47350306:C:T"
1.99888153603988,1.61968895249775,0.118809881364622,1.10010351790108,-9.57300195936958,"chr19:47350608:C:T"
0.105641612723025,0.180017980771735,0.0958491578383066,-0.24023750916649,-0.61004982306923,"chr19:47351149:A:G"
-0.077231422264272,-0.18070610358022,0.0958491578383066,0.334225781028455,-0.448907900327131,"chr19:47351278:A:G"
-0.0573928325007822,-0.181186613773364,0.0958491578383067,0.399856976664274,-0.33492975537685,"chr19:47351628:C:G"
0.763178510392461,0.658573619412236,0.0997098624649232,0.331270629195352,-4.98718423978575,"chr19:47351637:A:G"
2.56003903495334,2.2209170802345,0.100999212819802,1.06707983361659,-14.7501299255397,"chr19:47352042:C:T"
0.960608322835195,1.11117280350388,0.121007110770902,-0.43282973095667,-6.32967939266197,"chr19:47352094:A:G"
-0.520100313942295,-0.390843973956357,0.101074667954357,-0.406565658960293,-3.61485271473567,"chr19:47352883:C:G"
-0.0632703579954172,0.0188071274978125,0.0953685762948736,-0.265779446935321,0.0390370171644488,"chr19:47353946:C:T"
-0.0633493570092775,0.0188086352419391,0.0953685762948736,-0.26604014012644,0.0390887452956484,"chr19:47354256:C:T"
0.0634440259800575,-0.0188104420566993,0.0953685762948736,0.266352543470298,0.0391507435585197,"chr19:47354291:A:C"
0.0605973960569908,-0.0187561123969065,0.0953685762948736,0.256958792810408,0.0372910451234632,"chr19:47354799:C:T"
-0.0649630637816952,0.0188394338150967,0.0953685762948736,-0.271365299865468,0.0401469735640402,"chr19:47354923:A:G"
0.0633098698244266,-0.0188078816050381,0.0953685762948736,0.265909834193148,0.0390628883942247,"chr19:47354994:C:T"
-0.06497845967846,0.0188397276551337,0.0953685762948736,-0.271416105632052,0.0401570843161835,"chr19:47355167:A:G"
-0.741131354981127,-0.69366590360698,0.0969709899253167,-0.152425174402926,-5.15115799816759,"chr19:47355232:C:G"
0.418245386815736,0.317770806745024,0.098135677134784,0.320732329088679,-3.1276746854508,"chr19:47356300:C:T"
-0.0625948410117557,0.0187942348461832,0.0953685762948736,-0.263550271284617,0.038594987763895,"chr19:47356583:C:G"
-0.230987919369212,0.0378233432775677,0.12986361984747,-0.745939677850467,0.2073000107693,"chr19:47356651:A:G"
-0.513034467320339,0.385230157628677,0.134726629854527,-2.44724569803079,3.23849240959158,"chr19:47357136:A:G"
0.0640793833781521,-0.0188225682382526,0.0953685762948736,0.268449194295605,0.0395671048074417,"chr19:47357231:C:T"
0.0615879753088223,-0.0187750182031406,0.0953685762948735,0.260227659769598,0.0379371209306532,"chr19:47358281:C:T"
0.741552201588043,0.693650665335266,0.0969709899253167,0.153825567989322,-5.15202525947091,"chr19:47358337:A:G"
0.639757005810268,0.109516040047719,0.134774347103233,1.44434073344418,-1.17712572671583,"chr19:47358724:C:T"
0.0545421552809003,-0.0186405444515793,0.0953685762948736,0.236976770709386,0.0333665874768982,"chr19:47358804:C:T"
-0.0613194043564347,0.0187698923635153,0.0953685762948736,-0.259341387711286,0.0377618407740752,"chr19:47358836:A:G"
0.37956844474573,0.319652601614827,0.098135677134784,0.191261788834173,-3.01002390794252,"chr19:47358983:C:G"
0.0480484914481718,-0.0185166089361169,0.0953685762948736,0.21554797224861,0.0292058451405272,"chr19:47359506:G:T"
0.4028098873589,0.318521808301413,0.098135677134784,0.26906220350951,-3.08639586163385,"chr19:47360970:C:T"
-0.362166444397169,-0.32049928165796,0.098135677134784,-0.133008828128053,-2.94165906119385,"chr19:47361945:A:G"
-0.741898007139935,-0.693638144196005,0.0969709899253167,-0.154976257739678,-5.15273572831292,"chr19:47362048:C:T"
0.0577056967223381,-0.018700922560038,0.0953685762948736,0.247416315120212,0.0354115601658783,"chr19:47362654:A:G"
-0.0309882859453397,0.0181910045597259,0.0953685762948736,-0.159250061725952,0.0185139713989421,"chr19:47362702:C:T"
0.709764308496977,0.37492142149712,0.127582032833784,0.937446126411178,-3.20354983199385,"chr19:47362737:C:T"
-0.0948342991755973,0.0194095444723815,0.0953685762948736,-0.369939032586831,0.0602709208467384,"chr19:47362893:C:G"
-0.0927762686112254,0.117866340931642,0.0979940203040706,-0.672893663529107,0.346641641695356,"chr19:47362928:A:G"
1.24389475532673,1.03261519468016,0.120226516493994,0.60933672379892,-6.7765502770161,"chr19:47363162:A:G"
0.764643924933614,0.692814546071678,0.0969709899253167,0.230664731574592,-5.19520486721459,"chr19:47363703:A:G"
-0.0907817892895177,0.0193321998616098,0.0953685762948736,-0.356565932308472,0.0574822114325649,"chr19:47363710:C:T"
0.623935795092464,1.35751805538643,0.131979206501559,-2.01927776945497,-3.30223817340876,"chr19:47364245:C:T"
2.26174761167664,1.60645790534722,0.10141977719966,2.05765244119484,-9.39654465717398,"chr19:47364506:C:G"
0.669391968177652,1.1721552926324,0.120487288748829,-1.44841486520956,-4.28595947534941,"chr19:47364652:C:T"
0.788520860048075,0.691949995379391,0.0969709899253168,0.310116736767894,-5.23075076524147,"chr19:47364857:A:G"
-0.732762573224282,-0.693968925583075,0.0969709899253167,-0.124577526100537,-5.13331517597789,"chr19:47364973:C:G"
-2.06476866766045,-2.50793236273178,0.109220430432948,1.34094891422417,-12.7378556383772,"chr19:47365803:C:T"
0.516736757009287,0.31623080719711,0.0982960461710271,0.639527523081517,-3.2414952225685,"chr19:47366174:C:G"
0.0988977492652484,0.180181323790134,0.0958491578383066,-0.262547956996485,-0.572042484108076,"chr19:47367175:C:G"
0.423903387050721,0.317495521387768,0.098135677134784,0.339672408318754,-3.14093168553705,"chr19:47369282:C:T"
-0.742067143700577,-0.693632019995819,0.0969709899253167,-0.155539070296218,-5.15308251815729,"chr19:47369528:C:G"
0.13127389191341,-0.140237282682194,0.0978133458568828,0.868137769364824,0.580778923769225,"chr19:47370044:G:T"
-0.49963234169089,0.3793378289897,0.134726629854527,-2.39467959568992,3.1837203758517,"chr19:47370159:C:T"
-0.742083314100205,-0.693631434488079,0.0969709899253167,-0.155592878319292,-5.15311564888671,"chr19:47370162:A:G"
0.742067817474268,0.693631995599416,0.0969709899253167,0.15554131232058,-5.15308389870353,"chr19:47370447:C:G"
0.451362728249514,0.316159509680786,0.098135677134784,0.431592181438479,-3.19123220900587,"chr19:47371253:G:T"
-0.163726745977489,0.0652526934450992,0.0971343027294717,-0.7347002275055,0.340391286003622,"chr19:47371709:C:T"
0.741771297905319,1.1482873897708,0.10140719179662,-1.27656626556229,-5.23019968357923,"chr19:47372066:A:G"
-0.0972145688159772,0.138697466649309,0.0978133458568828,-0.754312040895518,0.427042046421057,"chr19:47372178:A:G"
-0.698621740804841,-0.695205117756074,0.0969709899253167,-0.0109717562774737,-5.04876106563108,"chr19:47372389:A:T"
0.142185282634012,-0.0644351144800474,0.0971343027294718,0.662959317001459,0.292758724777378,"chr19:47372470:A:G"
0.0788654836622415,-0.0191047699363275,0.0953685762948736,0.317242659921503,0.0493876987685261,"chr19:47372598:A:G"
-0.0755818858349501,0.01904210047888,0.0953685762948736,-0.306406934839391,0.0471852543067421,"chr19:47373313:C:T"
0.0724740750417709,-0.0189827860236541,0.0953685762948736,0.296151299060132,0.0451119987963884,"chr19:47373550:C:G"
1.85785654395709,1.08657754076926,0.118425351016147,2.2412441460704,-5.75153064966417,"chr19:47373561:C:T"
0.108771951983251,-0.0196755530354045,0.0953685762948736,0.415932659716969,0.0699984058773392,"chr19:47373784:A:G"
0.446127236587849,0.596697662375119,0.0995783276770181,-0.477152566663597,-3.90385702788508,"chr19:47373934:C:T"
2.04311180934186,2.38748418068393,0.110010742134294,-1.03827107184684,-12.6837889345764,"chr19:47373953:A:G"
0,0.0642530905532824,0.0978056296085019,-0.205452814654513,0,"chr19:47374050:A:G"
0.748196737394853,0.693410075912702,0.0969709899253167,0.175935679312206,-5.16533702863164,"chr19:47374165:A:G"
0.0641807685818335,-0.0977980200202346,0.0969324069808291,0.520263847234268,0.201872358915538,"chr19:47374671:G:T"
-0.0661607444183716,0.0188622922769617,0.0953685762948736,-0.27531759207598,0.0409343291943842,"chr19:47374717:A:T"
-0.781225259044193,-0.555829099152998,0.101691225106637,-0.706813397553652,-4.40935027882312,"chr19:47374884:A:G"
-2.26204260225227,-2.59002335225356,0.101340135094993,1.03028556520118,-15.0718387091712,"chr19:47375601:C:T"
0.771688263086604,0.692559480360875,0.0969709899253168,0.254105210381079,-5.20665402467567,"chr19:47375722:A:G"
0.449575398896394,0.279299820291864,0.0977844240168792,0.544524623900874,-2.95164419952097,"chr19:47375836:C:T"
-0.0230250138296601,0.018039020678242,0.0953685762948736,-0.132971622057591,0.0136435438621461,"chr19:47376022:A:G"
-0.0128080764637105,-0.017355124401754,0.0953685762948736,0.0147240364260582,-0.00730276967137145,"chr19:47376281:A:C"
0.0327918684640428,-0.362093671125884,0.117154955708286,1.15369470236397,0.299814016593647,"chr19:47376291:C:T"
-2.21817465945503,-1.66364568973879,0.099354334470847,-1.75926324835495,-10.1531014953721,"chr19:47376356:A:G"
-2.20461299778224,-2.37719593160216,0.103498570848295,0.536451755761472,-14.360063614858,"chr19:47376617:C:T"
0.464454841549161,0.278631721813816,0.0977844240168792,0.594244137739691,-2.96902971294666,"chr19:47377878:C:T"
1.92481224192904,1.64731118661811,0.0989670110559846,0.882103229245496,-10.7243688585852,"chr19:47378251:C:T"
2.48239035281143,2.04763043817826,0.101892061157672,1.36200694160031,-13.137334104502,"chr19:47378521:G:T"
-0.0194449967217443,0.0179706938789165,0.0953685762948736,-0.121157726687022,0.011479196002295,"chr19:47378656:A:T"
0.0328071169458662,-0.135785617029062,0.0978133458568828,0.539063337713842,0.141667808756539,"chr19:47378663:A:G"
1.90948419252889,1.64819312599223,0.0989670110559846,0.830575917294189,-10.7453129228399,"chr19:47378750:C:T"
0.0417552014463536,0.0168026509525525,0.0953685762948736,0.0808001735191455,-0.0230365256323536,"chr19:47379335:C:G"
0.0109102693155436,0.0173913452030261,0.0953685762948736,-0.020986714621795,-0.00623378048076006,"chr19:47379700:C:T"
2.35185138852545,2.59474630788969,0.10127015237953,-0.763269131923253,-15.8435285865926,"chr19:47379829:G:T"
0.0699599196908413,-0.204525110708222,0.167627570379573,0.670418421454076,0.264648699262068,"chr19:47379839:C:T"
0.565558227826362,0.277329282784825,0.0980500794538589,0.920478432679736,-2.94052278772624,"chr19:47380585:A:G"
0.0136767462530365,-0.017860603317776,0.0953685762948736,0.102122759686977,0.00802506283662069,"chr19:47381743:C:G"
-0.775861077406658,-0.69240838854392,0.0969709899253167,-0.267990512805372,-5.21305621443139,"chr19:47381777:C:G"
1.8097620572938,1.09934493122284,0.118425351016147,2.06438684119985,-5.95789260837776,"chr19:47381937:A:G"
1.02020873650657,0.675188710252265,0.129163809944602,0.960005852013102,-4.56341724829427,"chr19:47382156:C:T"
-0.131946517535378,0.020117853684355,0.0953685762948736,-0.492407683282181,0.086625750409339,"chr19:47382267:G:T"
-0.735055722071387,-0.693885893844965,0.0969709899253167,-0.132208123295521,-5.13831735689866,"chr19:47382433:C:G"
-0.496796810211412,-0.441866508748676,0.0959294199940394,-0.177351992963974,-3.85011109149941,"chr19:47382503:A:T"
-2.29361458680134,-1.43934780004031,0.101127544984693,-2.68632645799862,-8.12816973135769,"chr19:47382708:A:G"
-0.0141087495321257,0.0178688483625608,0.0953685762948736,-0.103548351069684,0.00828233274747486,"chr19:47383429:A:G"
-0.0198774431988643,0.0179789473823951,0.0953685762948736,-0.122584780603257,0.0117398027639146,"chr19:47383897:C:G"
-1.24014705058202,-1.03368220954854,0.120226516493994,-0.595450924973542,-6.78215105298768,"chr19:47384024:C:T"
-0.0701740610594086,0.129485663640337,0.0962156942160238,-0.643676285590583,0.293429588903681,"chr19:47384225:C:T"
0.107546564974059,-0.130537240121015,0.0962156942160238,0.76755038880941,0.451921910450405,"chr19:47384496:A:G"
0.0970549519861473,0.0716355073869553,0.0954925914769794,0.0822585817742836,-0.2268790847531,"chr19:47385025:C:T"
0.0850943719437433,0.0718796324330738,0.0954925914769794,0.0427635515961991,-0.199771070883547,"chr19:47385176:C:T"
-0.496611562510809,-0.277187860183041,0.0977844240168792,-0.701695510091116,-2.9836752831733,"chr19:47385310:A:G"
1.86424104494952,1.60808193883455,0.0991520884745291,0.813502451283466,-10.4885748721106,"chr19:47385432:A:T"
0.0681492454567001,0.0722254960760089,0.0954925914769794,-0.013190948904979,-0.160923266743241,"chr19:47385441:C:T"
-0.0989331429273086,-0.0715971720011716,0.0954925914769794,-0.0884605558958028,-0.231111568559489,"chr19:47385522:C:T"
-0.782811437949062,-0.692156725632006,0.0969709899253167,-0.291118275194589,-5.22309259792286,"chr19:47385558:C:T"
-0.0995027557480481,-0.0715855457459535,0.0954925914769794,-0.0903414743349723,-0.2323938576605,"chr19:47385644:A:G"
-0.093506546180216,0.130142186217607,0.0962156942160238,-0.721013642402645,0.392267392168086,"chr19:47385828:C:G"
-0.0399681785505511,0.363901309026584,0.117154955708286,-1.17994213905137,0.366790499921398,"chr19:47385898:A:G"
-0.0714874214467207,-0.0721573612226295,0.0954925914769794,0.00216795829764857,-0.168616094648639,"chr19:47386048:A:G"
0.0523046732682745,0.0725488965216782,0.0954925914769794,-0.065511309165264,-0.124152749931782,"chr19:47386298:C:T"
0.0497866030347333,0.0726002923578085,0.0954925914769794,-0.0738262286350243,-0.118270983195091,"chr19:47386406:A:G"
0.0324391751384169,0.0397101355196961,0.0976174256665457,-0.0232716996420825,-0.0413133469460827,"chr19:47386619:A:G"
-0.104250030189571,-0.0714886500613114,0.0954925914769794,-0.106017448799984,-0.243056493060366,"chr19:47386741:C:T"
0.472032241897302,0.278291490680276,0.0977844240168792,0.619563947779868,-2.97527106612731,"chr19:47386751:C:T"
-0.782575089795012,-0.692165283470743,0.0969709899253168,-0.290331811828453,-5.22276418216561,"chr19:47386966:C:T"
-0.114916143610348,-0.0712709461187349,0.0954925914769794,-0.141238020874492,-0.266852301439132,"chr19:47387611:A:T"
-1.24078755801556,-1.03349984967725,0.120226516493994,-0.597824099482766,-6.78121461549376,"chr19:47387670:C:G"
0.0579133338846155,0.0724344192532929,0.0954925914769794,-0.0469909514973698,-0.137216501195576,"chr19:47387974:A:G"
0.0140376722601818,0.0733299567505865,0.0954925914769794,-0.191872769418931,-0.033710845470717,"chr19:47388077:C:T"
0.782172494712352,0.692179860880119,0.0969709899253167,0.288992151338268,-5.22220267273517,"chr19:47388191:A:G"
-0.119762413926944,-0.0711720298487561,0.0954925914769794,-0.157240889608838,-0.27758884924702,"chr19:47388254:A:G"
-2.31418928616051,-1.49683600846399,0.101494592527504,-2.56559651134063,-8.48250763711339,"chr19:47389196:G:T"
0.129513351000157,0.0709730053905624,0.0954925914769794,0.189439457956322,-0.299044256774781,"chr19:47389411:C:T"
-0.130770020644919,-0.0709473557536806,0.0954925914769794,-0.193589106666316,-0.301794790973958,"chr19:47389707:C:T"
0.133802164762726,0.0708854672566349,0.0954925914769794,0.203601549458605,-0.308417457532632,"chr19:47389935:C:G"
-0.134673990458425,-0.0708676725938831,0.0954925914769794,-0.206480405002368,-0.310317987580945,"chr19:47390075:C:G"
0.150646379168371,-0.0476041015252138,0.0976174256665456,0.634527682543625,0.227992675770195,"chr19:47390303:G:T"
-0.776184502644917,-0.692396677764784,0.0969709899253167,-0.269066730652693,-5.21354063290918,"chr19:47390341:C:T"
0.577693241597523,0.27672451500747,0.0971498395684376,0.965606825334727,-2.92173723121627,"chr19:47390412:A:G"
2.23846527729059,1.53137288224026,0.100708831405416,2.22813955259717,-8.82956179665725,"chr19:47390677:C:T"
1.85775256421974,1.73979505815599,0.0985515745906968,0.375745508625175,-11.3196755206364,"chr19:47391252:C:T"
-0.127363871109179,-0.0710168780017258,0.0954925914769794,-0.18234166062038,-0.294331801682248,"chr19:47391422:A:G"
-0.121680582452427,-0.0711328784883651,0.0954925914769794,-0.163574873707597,-0.281825128760493,"chr19:47391674:C:T"
0.140176671186195,0.0707553584601513,0.0954925914769794,0.224650806490669,-0.322275240939594,"chr19:47392058:C:T"
0.0792829308487575,0.0719982486139184,0.0954925914769794,0.0235735925297609,-0.186505231274201,"chr19:47392144:C:T"
0.0847173779381952,0.0718873271835488,0.0954925914769794,0.0415186797276774,-0.198912350799234,"chr19:47392349:G:T"
-0.0935813982921,0.0451436724605085,0.0976174256665457,-0.444008495451792,0.13507764124022,"chr19:47392886:A:G"
-0.0878361284630932,-0.0718236709801681,0.0954925914769794,-0.0518171055282736,-0.206008476179467,"chr19:47393143:A:G"
-0.517194295134219,-0.684966163814744,0.130947489485504,0.463628957584336,-3.92685921437256,"chr19:47393589:A:G"
-0.0758922574002245,-0.0720674549825929,0.0954925914769794,-0.0123772500698631,-0.178737442104246,"chr19:47393634:C:T"
-0.0743610771706781,-0.0720987076010105,0.0954925914769794,-0.00732113998494176,-0.175222971540084,"chr19:47393697:C:T"
-0.0896173770909982,-0.0717873142648703,0.0954925914769794,-0.0576989664467448,-0.210053375811336,"chr19:47393838:A:G"
-0.0680537726991361,-0.0722274447516772,0.0954925914769794,0.0135062094883029,-0.160702967810254,"chr19:47394003:C:T"
0.623107383017139,0.797167384390945,0.119610955232772,-0.503284439630859,-4.52500187290534,"chr19:47394052:A:G"
-2.23974284764742,-2.60395584803386,0.10127015237953,1.14449714044144,-14.8606300781613,"chr19:47394063:C:T"
0.0688574403736243,0.0722110412488942,0.0954925914769794,-0.0108524185396822,-0.162556905482167,"chr19:47394075:G:T"
-0.0620894215740861,-0.0723491819490595,0.0954925914769794,0.0332010927499232,-0.14690975861805,"chr19:47394140:A:T"
-0.203017933142285,0.0974306731033198,0.0984499609469589,-0.957552114421124,0.615960593599595,"chr19:47394450:A:G"
-1.26430367737917,-1.33082202208005,0.133808323783207,0.181844373583149,-7.5284266611489,"chr19:47394619:A:G"
-0.553495861186889,-0.249026744214426,0.100320184476689,-0.961278184937214,-2.72308121366615,"chr19:47394752:A:G"
-0.280035053783642,0.210709013996216,0.0996388756436094,-1.55467870305316,1.72271590544802,"chr19:47394766:C:T"
-0.235597041569133,0.289268703099125,0.0993174577182414,-1.66546470107833,1.96171153947657,"chr19:47394821:A:G"
-0.198841245007409,-0.0419961357697548,0.0996457898240027,-0.496868545150383,-0.258297658006569,"chr19:47394905:C:G"
0.222745283132088,-0.211403372131165,0.0981502680744642,1.38577497739302,1.42788538011612,"chr19:47394948:C:G"
0.174136136364902,-0.213862117172431,0.0981587133497349,1.23841254351985,1.14463061132023,"chr19:47395180:C:T"
-0.633472646293154,-0.118082092140941,0.0988648426701069,-1.63913798612939,-1.33097035583581,"chr19:47395445:G:T"
0.623348080844451,0.870870507782493,0.107432962110048,-0.755171827088778,-4.6826079524739,"chr19:47395531:A:G"
0.725903003848326,1.11818171718441,0.105417907688803,-1.20819642423942,-5.09995065943854,"chr19:47395623:C:T"
0.601869551628317,0.89201855197767,0.100566849562113,-0.914942193484913,-4.62075774344867,"chr19:47395738:C:T"
0.23658842899898,-0.169461651434134,0.106663978196818,1.24328505207511,1.13280410438078,"chr19:47395845:A:G"
-0.707897857923375,-0.229364871832631,0.120949374193928,-1.37597349090915,-2.1853952674793,"chr19:47396054:A:G"
-1.00510648504707,-0.688425935707461,0.108895900435192,-0.959656091705725,-4.9594296581573,"chr19:47398580:A:G"
-1.03272103859892,-0.683907219112961,0.108895900435192,-1.05703147047996,-4.88107739762935,"chr19:47398630:A:G"
-0.654510436749608,-1.0650286634764,0.119049558811015,1.1897851637874,-4.45160600805178,"chr19:47398748:C:T"
-0.685893670827448,-0.96117556903835,0.116966226195141,0.804910171068324,-4.86306586215377,"chr19:47398815:C:T"
1.61437792749136,1.93709499793513,0.113127578507118,-0.959483902515785,-9.84512999213544,"chr19:47398844:C:G"
2.14418171646196,2.03972204600132,0.156425978641582,0.26411569577488,-10.5161572125351,"chr19:47401989:C:G"
0.350348026668942,0.542764000861051,0.108332932094015,-0.584602778371867,-3.34665612139817,"chr19:47402897:C:T"
1.1136125708531,1.20099932580934,0.112848706935391,-0.260134119716371,-7.31543368527474,"chr19:47403234:A:C"
-0.328611470586831,-0.733714474497701,0.123184829192821,1.1542153633169,-2.860050444625,"chr19:47403261:C:G"
1.10826483328186,1.20210028629451,0.112848706935391,-0.279330694678612,-7.29571291202197,"chr19:47403928:A:G"
-0.529649527144066,-0.283378255066781,0.110175352906268,-0.741944685800323,-2.90923799319706,"chr19:47406103:A:G"
-0.371482111876456,0.62735804523351,0.20600209014674,-2.20069664250158,2.74233510725802,"chr19:47406301:A:G"
-1.20736715172479,-0.537691117510204,0.127276791949306,-1.87711183087684,-3.02617688425914,"chr19:47407714:A:G"
-0.620704130358885,-0.98965002887068,0.138411040056489,0.99169316670759,-4.16199634132846,"chr19:47407925:C:G"
0.727636674773546,1.18295932147041,0.10465109488714,-1.40749662924025,-4.95655895244332,"chr19:47408569:A:G"
1.04646082939638,0.915279950114558,0.106103210516343,0.402722853103843,-6.41470645442327,"chr19:47409066:G:T"
0.770658070278804,1.17787090732146,0.10465109488714,-1.25877924078413,-5.34863015775072,"chr19:47409839:A:G"
0.623019906431631,1.33844741178436,0.105716499988988,-2.20036255106995,-3.56201470151527,"chr19:47410377:A:G"
-0.590250635459901,-1.34269630901403,0.105716499988988,2.31421530401858,-3.30586958049223,"chr19:47411120:A:T"
0.671723676098051,0.877350868905169,0.125521754989101,-0.580391502433638,-4.69316861160398,"chr19:47413228:C:T"
0.502297577748915,-0.0713874039232358,0.113644520480733,1.70176360186283,0.829453268549419,"chr19:47414286:A:G"
-1.23112866102354,-1.47682353068242,0.1406304245411,0.655173682708844,-7.3342264969279,"chr19:47415711:C:T"
0.69863319190718,0.89083122542007,0.117007852171141,-0.56187723442771,-4.95969196657786,"chr19:47421059:C:G"
-0.491554995829414,-0.104461717847519,0.109104004863638,-1.17191276137195,-1.2237078079921,"chr19:47421203:C:T"
1.1566252431601,0.995974632682564,0.105449652009491,0.494720383754503,-6.93435119288669,"chr19:47421369:C:G"
-1.10363090484294,-1.00269482092149,0.105449652009491,-0.310830677977905,-6.91469102412555,"chr19:47421464:A:G"
-0.108218778771648,-0.474569376812695,0.107064820940608,1.11962737206352,-1.26428788909916,"chr19:47421542:C:T"
0.656819635125994,0.59688726668286,0.103789700323802,0.186030567855392,-4.51438766161151,"chr19:47421722:C:T"
0.504726857744551,-0.0879693018203501,0.108444276718862,1.79981884560881,1.0504121063057,"chr19:47421837:A:G"
-1.00627648235744,-0.692956837076736,0.100866957255358,-0.986536518533659,-5.13316972211713,"chr19:47422060:C:T"
-1.03307429902145,-0.912744729595192,0.106047204993866,-0.369507067389088,-6.38831747221208,"chr19:47422081:C:T"
0.0843209064594115,0.318119581165008,0.103263002675484,-0.727561434195044,-0.771590874506348,"chr19:47422198:C:T"
1.04955183460828,0.749448005591508,0.102105485706989,0.939176027856897,-5.47673184511835,"chr19:47422238:G:T"
1.15791214053919,-0.763057473252555,0.23769159233207,3.94015752640223,4.07461460924884,"chr19:47422368:C:T"
0.957525857304651,0.696751584749506,0.100866957255358,0.821089091745966,-5.22044861919195,"chr19:47422795:A:T"
0.699201217155149,0.722323768163999,0.101547495576156,-0.0725606455171225,-5.03103072527055,"chr19:47423195:A:C"
-0.698751986014375,-0.72236200314653,0.101547495576156,0.0740903580718121,-5.02968647523724,"chr19:47423213:A:C"
-0.714137486261312,-0.867033010871098,0.105081122067118,0.4716636664292,-5.24908120210291,"chr19:47423427:C:T"
0.20865494844151,0.2397300834888,0.102551280581135,-0.0970381438541867,-1.44907765867358,"chr19:47423896:A:G"
0.826537235845321,0.711485938797843,0.101547495576156,0.361041321874557,-5.27217226283664,"chr19:47424135:A:G"
-0.69122155367356,-0.750104321028471,0.100165205167246,0.186050041054919,-5.09306819333611,"chr19:47424350:G:T"
-0.66785667995125,-0.704884773310716,0.0991903099389404,0.117570056363983,-4.93238695858172,"chr19:47424429:C:T"
-0.935726512318888,-0.759814600858298,0.102105485706989,-0.550516968742305,-5.6005649323079,"chr19:47424430:A:G"
-0.66590649705229,-0.705001635546137,0.0991903099389404,0.124133251789597,-4.92594890804511,"chr19:47424746:A:G"
-0.546629505899337,-0.705923163672597,0.102185518206819,0.49831482645107,-4.37000819755559,"chr19:47424878:G:T"
0.670817905774333,0.704707325611091,0.0991903099389404,-0.107604271212944,-4.94204240530929,"chr19:47424965:C:T"
0.789366868716868,0.691816250377281,0.0989523771529713,0.310110813796618,-5.18806126854439,"chr19:47425076:C:T"
0.773757454331463,0.692711937908873,0.0989523771529713,0.257641535032458,-5.16773943486995,"chr19:47425078:C:T"
-0.653794213209371,-0.705727448784841,0.0991903099389404,0.164896241739951,-4.88455580346863,"chr19:47425161:A:G"
-0.69421630927139,-0.468939386583911,0.101307330112572,-0.707776713743399,-3.9614072750204,"chr19:47425202:C:T"
0.784169375248342,0.692114488990234,0.0989523771529713,0.292640028093728,-5.18174381285412,"chr19:47425643:C:T"
-0.730084287532541,-0.695217958314319,0.0989523771529713,-0.110839130617544,-5.08937412838081,"chr19:47425883:C:G"
0.0854170218018728,0.223759803317136,0.0977128792226704,-0.442568600388977,-0.597547445336169,"chr19:47426459:A:G"
-0.630005826278129,-0.707152937684036,0.0991903099389404,0.244954287768967,-4.79622458417795,"chr19:47426488:A:T"
0.715021217620475,0.748430223481089,0.100165205167246,-0.105561392427536,-5.17585521224447,"chr19:47427312:A:G"
0.264984221447909,0.0139575605125847,0.0976600653686873,0.803269623525082,-0.114962481445972,"chr19:47427453:C:G"
-0.248900763270575,-0.209825856791418,0.097992456019029,-0.124825014715175,-1.57091701474827,"chr19:47427926:A:G"
0.273541152928436,0.311761528261446,0.0983677418403607,-0.121862082851569,-2.37642440179304,"chr19:47428355:C:G"
0.737631224407045,0.750214889400815,0.0993579403382441,-0.0399214087020743,-5.27279575530477,"chr19:47428550:A:G"
-0.7550470026086,-0.749140074840456,0.0993579403382441,-0.0187396023116038,-5.32240820708181,"chr19:47428557:A:C"
-0.228722873903709,-0.265894632044634,0.101012924181372,0.116956572099402,-1.75292440287579,"chr19:47428756:C:T"
-0.17178526050138,-0.248014634687198,0.0970276646161529,0.244722874504807,-1.30999290420738,"chr19:47429131:G:T"
-0.718608586886008,-0.751388871266405,0.099357940338244,0.103994752782115,-5.21276180094642,"chr19:47430000:A:G"
0.125842954713783,0.0606322305804896,0.100171618281453,0.206037692746303,-0.236967820451362,"chr19:47430471:A:G"
0.226889707477738,0.267865531047512,0.102688236141779,-0.127869611039823,-1.72613586251365,"chr19:47430553:A:G"
-0.726284491366089,-0.747637950993741,0.100165205167246,0.0674698594996956,-5.21169240373298,"chr19:47431177:C:T"
-0.237023494536894,-0.245612939685461,0.0970276646161529,0.0275751143126892,-1.74935153745852,"chr19:47431432:C:T"
-0.45583658736783,-0.329965731840954,0.0972680212629034,-0.403589764521787,-3.29004333765707,"chr19:47432315:A:G"
0.219333245602729,0.246264192483347,0.0970276646161529,-0.0864577310800883,-1.63507955417959,"chr19:47433674:A:G"
0.321192174341188,0.335268381295978,0.0972680212629034,-0.045133665187734,-2.83000577511609,"chr19:47434209:A:G"
-0.675853418527765,-0.697875346662223,0.0975266825764567,0.07051696546896,-4.97530384381567,"chr19:47434289:C:T"
-0.426065038030401,-0.331138213389354,0.0972680212629034,-0.304371449954122,-3.23711592967826,"chr19:47434546:A:G"
-0.73652146175119,-0.750283378390914,0.0993579403382441,0.0436593869091647,-5.26946085261024,"chr19:47435082:A:G"
-0.231087495610625,-0.245831468883288,0.0970276646161529,0.0473332958514508,-1.71146181243484,"chr19:47435406:C:T"
0.746214082187866,0.746236079135829,0.100165205167246,-6.95030694962667e-05,-5.26982393640397,"chr19:47435584:C:T"
-0.215099040110885,-0.246420071475422,0.0970276646161529,0.100551433221796,-1.60714283104605,"chr19:47435591:C:G"
0.329857062971022,0.33492713529893,0.0972680212629034,-0.0162565773336766,-2.8767967157992,"chr19:47435888:A:G"
0.330073800738675,0.334918599598266,0.0972680212629034,-0.0155342650426348,-2.87793756642399,"chr19:47436139:C:T"
0.0629930812569642,-0.0854625650637741,0.100371092982285,0.468589327954816,0.167397959469628,"chr19:47436586:A:G"
0.328377015207742,0.334985423454297,0.0972680212629034,-0.0211890664993667,-2.86896742487764,"chr19:47436805:C:T"
0.329782763412448,0.334930061410047,0.0972680212629034,-0.0165041921585311,-2.8764052888924,"chr19:47436936:A:G"
-0.240961849626244,-0.245467952196557,0.0970276646161529,0.0144661606578632,-1.77422567597211,"chr19:47437107:C:T"
-0.325498143765796,-0.335098800947931,0.0972680212629034,0.0307833529467438,-2.85354559210236,"chr19:47438219:C:T"
0.253501807835452,0.24500630335829,0.0970276646161529,0.0272735319976743,-1.85195639967971,"chr19:47438513:A:G"
0.326571889460863,0.335056514031637,0.0972680212629035,-0.0272049285614271,-2.85932728332127,"chr19:47438580:A:G"
0.75372147044993,0.74570800023922,0.100165205167246,0.0253199115576327,-5.28996875066454,"chr19:47438759:A:G"
-0.310314103546601,-0.3356967882003,0.0972680212629034,0.0813865265270225,-2.76804132786609,"chr19:47438870:C:T"
-0.817577690967408,-0.741216275381576,0.100165205167246,-0.241276779997853,-5.42241178614393,"chr19:47439487:C:T"
-0.744218751703975,-0.74637643312892,0.100165205167246,0.00681755861226426,-5.26430828774716,"chr19:47439580:A:G"
0.380515900397198,0.33293205766718,0.0972680212629034,0.152571870605495,-3.10322676139505,"chr19:47439942:A:G"
0.380351580899737,0.332938528999145,0.0972680212629034,0.152024250345494,-3.1026245178522,"chr19:47439944:A:G"
0.220971171313916,0.339215346752163,0.0972680212629034,-0.379135731789838,-2.13649796294621,"chr19:47439966:G:T"
0.271067214450637,0.337242433432805,0.0972680212629035,-0.212182883276647,-2.51604845384874,"chr19:47440003:C:T"
0.277328807776965,0.336995835496112,0.0972680212629034,-0.191315150485677,-2.55911272356769,"chr19:47440042:C:T"
-0.773445295595364,-0.744320602191291,0.100165205167246,-0.0920243841611445,-5.33831392514636,"chr19:47440291:G:T"
0.879922670017002,0.741433374398421,0.0993579403382441,0.439354335480878,-5.52760589420074,"chr19:47440694:C:T"
-0.382122491528518,0.186784852376617,0.132357042844344,-1.56375248295327,1.55403980406151,"chr19:47440927:C:G"
0.810949003080569,0.530716244528116,0.105385696502444,0.863233064554023,-4.17009483571955,"chr19:47441453:C:T"
-0.147166738247311,-0.0629490211666733,0.100863194075185,-0.265177765145989,-0.285048577915631,"chr19:47442134:C:T"
0.0314210369131055,-0.000584830492042464,0.100897011378539,0.100760531688548,0.000570531545518227,"chr19:47442294:C:T"
0.15448511374305,0.0788540733136893,0.104888415077952,0.233526576899851,-0.359923969508121,"chr19:47442338:C:T"
0.0907597495766924,-0.00181905492586215,0.100703372315425,0.291735689070304,0.00512260443029705,"chr19:47442408:A:G"
-0.47494091337505,-0.430718738869052,0.100670009945414,-0.139376655289692,-3.71976998779661,"chr19:47443257:C:T"
0.13651454485214,0.0637777593354827,0.100863194075185,0.229027559708631,-0.268215268281749,"chr19:47443297:A:G"
-0.468138712528195,-0.431233906600373,0.100670009945414,-0.116314235376134,-3.70791099388557,"chr19:47443348:A:G"
-0.457467203463536,-0.461775102489462,0.100924047224721,0.013560265292192,-3.76685341762711,"chr19:47444725:A:G"
0.114763715222183,0.0654699688221945,0.100863194075185,0.155212061774438,-0.231944984468096,"chr19:47444971:A:G"
-0.492698162743977,-0.459011232694078,0.100924047224721,-0.10603862941239,-3.83901867549178,"chr19:47445069:C:T"
-0.835745855219403,-0.822636157928091,0.103858617041895,-0.0406791056416376,-5.67915123876477,"chr19:47445263:C:T"
0.185716198785646,0.0460505100993593,0.104433059737271,0.432186031377411,-0.253130640405132,"chr19:47445356:G:T"
-0.169516865185368,-0.0612101864887627,0.100863194075185,-0.341027090293254,-0.318351427751884,"chr19:47445489:C:G"
-0.375455150891611,-0.461863527476132,0.101364037948448,0.271402531618782,-3.4755681043249,"chr19:47446243:A:G"
-0.399855406878159,-0.459834605582019,0.101364037948448,0.188390373898192,-3.5727077173108,"chr19:47446689:A:G"
-0.829982648052578,-0.82326900495796,0.103858617041895,-0.0208322885431721,-5.6646670724421,"chr19:47447001:G:T"
-0.341825187944399,-0.434330650124793,0.100984432942916,0.29109863016559,-3.26113576467999,"chr19:47448646:A:G"
0.417414751312404,0.435075508548304,0.100670009945415,-0.0556620587051657,-3.58557406685865,"chr19:47448901:C:G"
0.545056527872055,0.402352035724944,0.103255730258161,0.444099785167995,-3.65679328923982,"chr19:47450680:A:G"
-0.44963212515172,-0.2256429012392,0.104831930845028,-0.691799641367103,-2.4267406121466,"chr19:47450914:C:T"
0.433021354177811,-0.710197775759905,0.137538877377366,3.08259695771332,3.48154462518341,"chr19:47453351:G:T"
0.569191117568077,1.70618253397461,0.117635449434404,-3.31503469448744,-3.04088969389933,"chr19:47456039:C:G"
-0.699734482974418,-0.450134640402497,0.10405747618716,-0.773762473106243,-3.81620964820571,"chr19:47456279:A:G"
1.42885708084777,1.74508184471523,0.144139803413486,-0.832921196359752,-8.10497043917102,"chr19:47459203:A:G"
-0.724119609462393,-2.27746342579391,0.172427976099135,3.74079343730586,-3.25553971963729,"chr19:47465011:C:T"
-0.196813692688204,-0.425116806737708,0.103217387007718,0.710616692690613,-2.13157264254784,"chr19:47466491:C:T"
0.174003970209744,0.129490543231788,0.102061940762471,0.13933464634174,-0.678467492490338,"chr19:47466723:A:G"
1.52929937885898,0.618104252490443,0.116742911952519,2.66683488354737,-3.22777495740105,"chr19:47468713:A:C"
0.354746959345014,0.441715742809523,0.105901591548705,-0.267246577206389,-3.27763601626328,"chr19:47469866:C:T"
-0.0506234106625221,0.0771264595258911,0.100415503892343,-0.403143889509209,0.121476833527764,"chr19:47469987:C:G"
-1.47524699536007,-1.29630792506418,0.0952620103196804,-0.579756071472752,-8.89649290043696,"chr19:47471111:A:T"
1.52942250356518,1.29533564433598,0.0952620103196803,0.758432899342267,-8.85798971159443,"chr19:47471149:C:G"
0.316600295046412,0.495615505651725,0.0967162282894229,-0.575625809028774,-3.25694379370891,"chr19:47471321:A:G"
0.311875081502426,0.540273615531404,0.105997376179785,-0.701529203267414,-3.13874328672312,"chr19:47473099:C:T"
-0.860007551681001,-0.0619421688858914,0.122343565548009,-2.28164412133779,-0.42616621248804,"chr19:47473388:A:G"
-0.0594390864941814,-0.136899705328453,0.0968514068967588,0.248901775933521,-0.261008295615688,"chr19:47474620:C:T"
0.00734951827858331,-0.0725998573754155,0.128884395811526,0.222697276893308,0.0129545307785741,"chr19:47474914:C:T"
-1.50939792284539,-1.29569502285534,0.0952620103196803,-0.692389613714302,-8.87756917790371,"chr19:47475381:C:T"
-0.334510642330584,-0.544355773834612,0.0975657969497822,0.671815623886214,-3.3503381948876,"chr19:47475414:A:G"
-0.664162168669347,-0.63548322178276,0.120417212859688,-0.0826454434279578,-4.41706403725957,"chr19:47475482:C:T"
0.35676562533781,0.376610896022537,0.11640579221947,-0.0581660713284801,-2.90434129568587,"chr19:47476896:A:G"
-1.50884584433929,-1.29570493093576,0.0952620103196804,-0.690568797639413,-8.87802105169233,"chr19:47477965:C:T"
-1.50872302236408,-1.29570713520561,0.0952620103196804,-0.690163717158384,-8.8781209349765,"chr19:47478618:C:T"
-1.50872302236408,-1.2957071352056,0.0952620103196804,-0.690163717158411,-8.87812093497645,"chr19:47478624:C:G"
0.222897910817821,0.25580571515478,0.097635808506329,-0.105315996874507,-1.70639847849968,"chr19:47479205:A:G"
0.4002079474017,0.245923006926769,0.115892985662245,0.453205280713144,-2.28998430094613,"chr19:47481963:A:G"
0.401956058176544,0.374039485938599,0.0958179834276272,0.0901858865204991,-3.39666639084864,"chr19:47483667:A:G"
0.393575115579072,0.37423968874862,0.0958179834276272,0.0624640659710507,-3.36965214337096,"chr19:47485708:C:T"
-0.30810960400356,-0.376281277195037,0.0958179834276272,0.22023200878518,-2.96804521887048,"chr19:47486181:A:G"
0.313578237592175,0.376150643224136,0.0958179834276272,-0.202143294153014,-3.0007891926087,"chr19:47486200:C:G"
1.50795871859736,1.29572085206488,0.0952620103196804,0.687642958662747,-8.87873720848271,"chr19:47486608:C:T"
1.50795871859736,1.29572085206488,0.0952620103196804,0.687642958662746,-8.87873720848271,"chr19:47486609:A:G"
-0.110437490283348,0.0317539579661302,0.095877008699638,-0.459215184067543,0.114047760948926,"chr19:47486731:A:C"
0.0224308617744063,0.299014470484645,0.0994601415772487,-0.877004662421609,-0.202513415449089,"chr19:47487380:C:T"
0.329139144213604,-0.0465880588035504,0.11738385227928,1.09665105446344,0.391258991030224,"chr19:47487632:C:G"
0.437729619646747,0.491559333822367,0.0967162282894229,-0.173090167407315,-3.81844967103276,"chr19:47488184:C:G"
0.218972673736455,0.0500606572954604,0.0958770516269404,0.545510621851455,-0.350511790965836,"chr19:47488194:A:G"
-0.299957287895608,-1.40027486679835,0.119663707997569,3.18080337359137,-1.46971125587838,"chr19:47488785:C:T"
-0.351098067553986,-0.535802329117714,0.106582017412097,0.565763528465053,-3.36631999946293,"chr19:47489004:G:T"
1.39937665211264,2.02278786783905,0.125384494897434,-1.76056755447688,-7.56660913255789,"chr19:47489415:C:T"
-0.0186037299080191,-0.299254841488001,0.0994601415772487,0.889902096936302,-0.168102723942086,"chr19:47489428:C:T"
0.677621502618391,2.09459876731462,0.120212643098671,-4.08684163429024,-3.6306191802314,"chr19:47489571:A:G"
-0.204023009223754,-1.50438008772032,0.119788544822608,3.75711926579358,-1.04634271109405,"chr19:47490953:C:T"
0.381268234450511,0.374533673841088,0.0958179834276272,0.0217563357603535,-3.32611262490579,"chr19:47491218:G:T"
-1.50653305581527,-1.29574643824755,0.0952620103196804,-0.682940964865965,-8.8798623910602,"chr19:47491242:A:T"
0.337302215256617,0.442184507707065,0.0963850210498166,-0.337829365910942,-3.3181614950193,"chr19:47492753:C:T"
1.5254176508819,1.42298222620069,0.10303670272533,0.319120126971172,-9.25201125887851,"chr19:47494200:A:G"
0.41989815452281,0.492156443454987,0.0967162282894229,-0.23234749653382,-3.75612675058436,"chr19:47494713:A:G"
-0.351617592752149,-0.441755803802327,0.0963850210498165,0.290338187428685,-3.39056375434219,"chr19:47495859:A:G"
0.110821762022656,0.506024940287692,0.134557446136996,-1.077374173861,-1.13121067185583,"chr19:47496254:C:T"
-0.322570323585669,-0.442625684999489,0.0963850210498166,0.386702327657473,-3.23736480316419,"chr19:47496407:A:G"
0.47800034063355,0.428554619425083,0.154830642811829,0.125660926486207,-3.13251471113038,"chr19:47497043:A:G"
-0.268391659067875,-0.0263159678199696,0.157901883489793,-0.609196676636737,-0.137589166381764,"chr19:47498097:A:G"
-1.28825477139558,-1.44694169069683,0.10303670272533,0.494362082196437,-8.584387634164,"chr19:47498760:G:T"
-0.291146264803977,-0.44356674413026,0.0963850210498166,0.490951453096507,-3.0429469807623,"chr19:47499137:A:G"
-0.398553816043744,-0.492871186187534,0.0967162282894229,0.303278767825968,-3.67291687826792,"chr19:47501628:C:T"
-0.123187931045356,0.488165277794289,0.103058083935377,-1.90436926709739,1.4799286171502,"chr19:47502292:A:G"
0.354714533462756,0.441663059438733,0.0963850210498166,-0.28006410530389,-3.40545235861052,"chr19:47502739:C:T"
-1.31092117827211,-1.44465180885702,0.10303670272533,0.416615013263287,-8.69229628120824,"chr19:47503074:C:T"
-0.168433574559144,0.492746572543103,0.103058083935377,-2.05958050755356,1.97034291131101,"chr19:47503590:A:G"
0.173422396041105,-0.308850774362033,0.0974220313977119,1.54512817417033,1.59433391623636,"chr19:47503840:A:G"
-1.31085981235046,-1.44465800837113,0.10303670272533,0.416825501876059,-8.69201660322124,"chr19:47503905:A:T"
-0.484744592860858,-0.715817106930787,0.0969689987259205,0.742047718054938,-4.08499405505815,"chr19:47504911:C:T"
-1.31056018334616,-1.44468827849818,0.10303670272533,0.417853246457682,-8.6906500559611,"chr19:47505103:C:T"
-0.393515390219096,-0.3282405867903,0.0961693311314168,-0.210487967679729,-3.14319174562691,"chr19:47505146:C:T"
-0.405005119039034,-0.373966650389917,0.0958179834276272,-0.100271329427567,-3.40597316685344,"chr19:47506803:A:C"
-1.50347402215781,-1.2958013383227,0.0952620103196804,-0.672851932970015,-8.88216948590996,"chr19:47507697:C:T"
-0.384586764458483,-0.493338890943311,0.0967162282894229,0.349693920308528,-3.61316984687953,"chr19:47508106:A:G"
0.0655684529500044,-0.03065383230173,0.0958770086996381,0.310755217541269,0.0655667936938513,"chr19:47508291:A:G"
0.216863538535488,0.0937014228018935,0.0960555420412278,0.397389078594546,-0.646376639036941,"chr19:47509212:C:T"
-0.36981982681517,-0.374807151836216,0.0958179834276272,0.0161118035751369,-3.28139321813839,"chr19:47509521:A:G"
-0.0138583842955895,-0.299552882821806,0.0994601415772487,0.905893911805121,-0.12535080606254,"chr19:47509664:A:T"
0.693494249014294,0.304907269630065,0.114760391601063,1.14707610659656,-2.81009853319944,"chr19:47509741:C:T"
-0.579837662915516,1.17544111536685,0.128879153219461,-4.88939095937786,3.46231973234877,"chr19:47509796:A:G"
-0.364049201158516,-0.25020867985285,0.096102092075314,-0.367223490918283,-2.50431730687995,"chr19:47510217:A:G"
1.50301215286595,1.29580962743019,0.0952620103196803,0.671328636877537,-8.88250509725584,"chr19:47510922:A:G"
0.389508332616662,0.493174085879076,0.0967162282894229,-0.333338619039579,-3.63471315648739,"chr19:47512315:A:G"
0.460356036563712,-0.00929568000824499,0.0958475688076282,1.51699924039323,0.118604533428698,"chr19:47513098:A:G"
0.391614692787901,0.493103551689138,0.0967162282894229,-0.326338786044462,-3.64376940648679,"chr19:47514077:C:G"
-0.388922422105918,-0.493193705849038,0.0967162282894229,0.335285710416168,-3.63217663802681,"chr19:47514159:C:T"
-1.50218076186949,-1.29582454829519,0.0952620103196803,-0.66858661726587,-8.8831007916272,"chr19:47514427:A:G"
-1.51754731339016,-1.2955487668139,0.0952620103196804,-0.719267206557465,-8.87034788504734,"chr19:47514428:G:T"
0.407146753955302,0.410833957590085,0.095936691085279,-0.0119043244667176,-3.54386162375875,"chr19:47514700:C:T"
0.162730942016489,0.393458359918922,0.113310269942865,-0.685432304258611,-1.5929255369767,"chr19:47515000:G:T"
-0.113893173599014,0.0817461555589027,0.100415503892343,-0.61738458114573,0.288423256743287,"chr19:47515284:C:T"
0.383500732065618,0.493375258140198,0.0967162282894228,-0.353303011232812,-3.60834315788689,"chr19:47515603:A:G"
-0.489241226426391,-0.408768760753034,0.0959366910852789,-0.259809448270095,-3.71879056431921,"chr19:47516117:A:T"
-0.00412369425229142,0.300682284790096,0.0994601415772487,-0.966493517098511,0.0374296080325757,"chr19:47516875:A:C"
-0.113756961851783,0.000906594129667252,0.0958475688076282,-0.370369193142289,0.00335544429472939,"chr19:47517160:C:T"
0.391646616934673,0.411223884377913,0.095936691085279,-0.0632062036437421,-3.49184294221695,"chr19:47517464:C:T"
0.411799954314457,0.36464150355463,0.0966575655191907,0.151684639256839,-3.37424802613401,"chr19:47518032:A:T"
-0.422794169224153,-0.410440325819904,0.0959366910852789,-0.0398850117492509,-3.58985985263259,"chr19:47518383:C:G"
-0.268808737565063,0.170520065016342,0.183270915185183,-1.02622573747485,0.765003772991366,"chr19:47519627:A:G"
1.5013492419924,1.29583947147316,0.0952620103196804,0.665844172591746,-8.8836857366216,"chr19:47519775:C:G"
-1.5013492419924,-1.29583947147318,0.0952620103196803,-0.665844172591703,-8.88368573662168,"chr19:47519947:G:T"
1.50124543590232,1.29584133446742,0.0952620103196803,0.665501808606542,-8.88375799888663,"chr19:47520103:C:G"
-1.50124543590232,-1.29584133446744,0.0952620103196803,-0.665501808606491,-8.88375799888672,"chr19:47520526:C:T"
-1.50113962613552,-1.29584323342142,0.0952620103196803,-0.66515283627351,-8.88383148192089,"chr19:47520740:C:G"
0.600297265901436,0.886375510872468,0.13397472148305,-0.781579934808842,-4.21127111451282,"chr19:47522315:C:T"
0.0992107966225596,-0.000554518667804674,0.0958475688076282,0.322247108171456,0.00179208152148791,"chr19:47522593:A:G"
0.0350906124281758,-0.336983475006296,0.101957687771146,1.16525087129059,0.343119637829845,"chr19:47523410:C:T"
1.50082348323073,1.29584890719658,0.0952620103196803,0.664110161949803,-8.88404999069541,"chr19:47523651:A:G"
-0.380329227963072,-0.365675613839243,0.0966575655191907,-0.0471331889909174,-3.2721653887647,"chr19:47523938:C:G"
-1.50082348323073,-1.2958489071966,0.0952620103196804,-0.664110161949758,-8.88404999069549,"chr19:47524243:C:T"
-0.427767086510543,-0.5417249416902,0.0983646099465112,0.363349719816502,-3.81773162911454,"chr19:47526226:A:G"
0.331445193449151,-0.237362089789707,0.127137609385626,1.59524770372972,1.78768384312422,"chr19:47527311:A:G"
0.475353481729896,0.689623979928746,0.120417212859688,-0.617473173167874,-3.82446899058804,"chr19:47529572:A:G"
-0.45407788608655,-0.409653341858974,0.0959366910852789,-0.143426900478807,-3.66333736041866,"chr19:47529689:C:G"
-0.45719820798257,-0.409574845966178,0.0959366910852789,-0.153754446402434,-3.66937991178601,"chr19:47530511:C:T"
0.658195338057006,0.298904205716211,0.121523361263864,1.03066282522761,-2.82863230681641,"chr19:47531523:A:G"
-1.50089004517989,-1.29584771261804,0.0952620103196803,-0.664329690632136,-8.88400411540832,"chr19:47532291:G:T"
-0.647127879400665,-0.0608366910408006,0.106947351165355,-1.79278558152672,-0.690193104663237,"chr19:47532560:C:T"
1.48919327363441,1.29605763304023,0.0952620103196803,0.625752442253676,-8.89099429147547,"chr19:47534022:C:T"
-0.363252941154704,-0.483701312314632,0.0968723120122506,0.386991208355938,-3.50274033599046,"chr19:47535245:A:G"
-1.50095627138209,-1.29584652406509,0.0952620103196803,-0.664548111983842,-8.88395840249238,"chr19:47535808:C:T"
0.159100732997904,-0.0187819218665284,0.097340189834566,0.570147872567287,0.0952480007019793,"chr19:47538676:A:G"
-1.50089137638869,-1.29584768872701,0.0952620103196803,-0.664334081106234,-8.88400319721391,"chr19:47538916:C:T"
0.502994985700125,0.269118357790528,0.0973313975808518,0.749653104269482,-2.93072643363525,"chr19:47539719:C:T"
0.487154670741768,0.408821250866795,0.095936691085279,0.25290343011777,-3.71625207500545,"chr19:47540390:C:T"
-0.387989053801839,-0.482831734949902,0.0968723120122506,0.304722126399468,-3.61480221747354,"chr19:47540986:A:G"
0.338585255795301,0.484568484175261,0.0968723120122505,-0.469032710084968,-3.37606343575493,"chr19:47541024:C:T"
1.50089137638869,1.295847688727,0.0952620103196803,0.664334081106271,-8.88400319721384,"chr19:47542108:A:G"
0.430001193192303,0.373173779833995,0.109663864470237,0.17160348975657,-3.28340856970068,"chr19:47542648:C:T"
-0.47128157736884,-0.372383447421831,0.0958179834276272,-0.319495368144352,-3.54383862984887,"chr19:47544021:C:T"
0.474340364893488,0.372310379523972,0.0958179834276272,0.329612984136937,-3.54742313123948,"chr19:47544564:C:T"
-0.454381748009446,-0.508217939282741,0.114434472497118,0.159146060088564,-3.70782100457918,"chr19:47545258:C:T"
-0.735407303869676,-0.758304353321074,0.146569984121493,0.0598076862903479,-4.54702138601142,"chr19:47545853:A:G"
-0.461651249790648,-0.372613495369315,0.0958179834276272,-0.287640930549775,-3.53104215944621,"chr19:47546400:G:T"
-0.418703086512557,-0.36441467053137,0.0966575655191907,-0.174618094132696,-3.39263429862693,"chr19:47547402:A:G"
0.0220485534758171,-0.301808092979324,0.0994601415772487,1.02690029326699,0.200713060682587,"chr19:47548167:G:T"
-0.0619442585799663,-0.296532749141509,0.0994601415772487,0.743844513896908,-0.553582600041111,"chr19:47550770:C:T"
0.213326979573876,-0.0342766634773772,0.0958770086996381,0.799649725207666,0.234284513090131,"chr19:47551351:C:T"
0.264918155333363,0.489631742359419,0.132773414178744,-0.616699747757856,-2.47636781909777,"chr19:47553033:C:T"
1.5011406243758,1.29584321550612,0.0952620103196803,0.665156128580606,-8.88383078948144,"chr19:47554108:C:T"
0.425839619692913,0.364180168083746,0.0966575655191907,0.198326949325452,-3.41017359078734,"chr19:47555007:C:T"
-0.476607930123634,-0.372256212236018,0.0958179834276272,-0.337113457462376,-3.54993340691289,"chr19:47555264:A:G"
0.430598558484583,0.364023792044202,0.0966575655191907,0.214137005529455,-3.42105174714343,"chr19:47556978:A:G"
-0.560493098083424,-0.808209177484401,0.096929894831999,0.795655972399024,-4.48707865469051,"chr19:47557809:C:T"
-0.425409585051203,-0.364194298779054,0.0966575655191907,-0.196898296394101,-3.40915853917434,"chr19:47557871:G:T"
-1.50125508484867,-1.29584116129906,0.0952620103196804,-0.665533631900521,-8.88375128911965,"chr19:47557925:C:T"
1.50130000153912,1.2958403551851,0.0952620103196803,0.665681772121745,-8.883720035334,"chr19:47558935:A:G"
-1.53718574401413,-1.29519631847958,0.0952620103196803,-0.78403692638994,-8.84874544434436,"chr19:47559668:A:T"
0.173136653764312,-0.00234382051381801,0.0958475688076282,0.566810972451712,0.0131094758260997,"chr19:47560220:C:T"
0.0917135813383842,-0.00037305602851915,0.0958475688076282,0.297444582882847,0.00111513769212396,"chr19:47560905:A:G"
1.27506369610872,1.22222406428934,0.110053643222122,0.15927865173825,-7.91730889111653,"chr19:47561278:A:T"
-0.413871386092628,-0.364573437476898,0.0966575655191907,-0.158566310627176,-3.37991323587093,"chr19:47561352:C:T"
-0.121984362315216,0.001105730174973,0.0958475688076282,-0.397587340190078,0.00438509448554186,"chr19:47562003:C:T"
-0.49710372631262,-0.408570968996682,0.0959366910852789,-0.285832509786007,-3.72753821484248,"chr19:47562174:A:G"
-0.426012216311495,-0.364174496656373,0.0966575655191907,-0.198900346538592,-3.41057948691985,"chr19:47562607:A:C"
1.22106057606003,0.747426809155585,0.135190291646418,1.28816028273723,-4.63657963618685,"chr19:47562808:C:T"
-0.487611259025793,-0.408809764774602,0.0959366910852789,-0.254414632047735,-3.71681540731956,"chr19:47563550:C:G"
0.485120990595156,0.408872410825316,0.095936691085279,0.246172417803014,-3.71368932009739,"chr19:47563807:C:T"
-0.712264250427286,-1.56164130068459,0.125573086664901,2.39691281631402,-3.65327994834304,"chr19:47564121:C:T"
0.0385671360477312,-0.205410614031,0.0959860765770731,0.787491911690332,0.253914558712658,"chr19:47564839:A:C"
-0.179504601796752,0.00249795036243047,0.0958475688076282,-0.58787762001676,0.0144709435636422,"chr19:47566670:C:T"
-0.494558134453156,-0.408635006782643,0.0959366910852789,-0.277407187749534,-3.72484656756856,"chr19:47566734:A:G"
0.0213806089063167,0.299080433807697,0.0994601415772487,-0.880544014621352,-0.193076613565524,"chr19:47566777:C:T"
-0.196202870494036,0.0468779211198971,0.0965962519284315,-0.782114800183747,0.293377552256726,"chr19:47567555:C:T"
-1.49956790322128,-1.29587144092606,0.0952620103196804,-0.659969119979753,-8.88490231543246,"chr19:47568639:C:T"
0.159314348611788,-1.08235669091027,0.151181641559907,3.19342722521788,0.757221821478839,"chr19:47568798:A:G"
0.24334318072062,-0.355621093400659,0.101957687771146,1.87581899912521,2.31034126865972,"chr19:47568862:A:G"
-0.581811763667563,-0.648219622092369,0.132258159177219,0.182603138667597,-4.11388875235932,"chr19:47570143:A:G"
-0.20210438934774,0.0470679751242642,0.0965962519284315,-0.801714494824623,0.303082191591832,"chr19:47571010:A:C"
-0.474583836674229,-0.362578460657802,0.0966575655191907,-0.360264062583483,-3.49207282946063,"chr19:47571181:C:T"
-1.49824792543552,-1.29589513039397,0.0952620103196804,-0.655615687009165,-8.88577163832023,"chr19:47572068:A:C"
0.816055462663166,0.15397511208894,0.13269798556016,1.81751721859702,-1.27375505928685,"chr19:47573184:C:T"
0.0867993926637154,0.192413885618315,0.100361486254345,-0.333380333183496,-0.512031935437051,"chr19:47573464:A:C"
0.50094976277963,0.501559940458292,0.103107662552325,-0.00190025045679239,-3.94428394078417,"chr19:47573725:C:T"
-0.483511260652135,-0.478961621528338,0.104371350564175,-0.0140827120152952,-3.83478102029015,"chr19:47573969:A:G"
1.49717168596436,1.29591444552235,0.0952620103196804,0.652066130002638,-8.88646014999996,"chr19:47574138:A:G"
0.484199587267881,0.503264833895519,0.103107662552325,-0.0593740886957886,-3.90603551152601,"chr19:47574322:A:G"
-0.399081728795639,-0.578277157243955,0.155515188009993,0.454402300150731,-3.20911591239821,"chr19:47574332:A:G"
1.49700552847455,1.29591742752899,0.0952620103196804,0.651518124193558,-8.8865648221655,"chr19:47574808:A:G"
0.735118978403382,-0.210274255201152,0.175885671063517,2.25422498788851,1.89186690868862,"chr19:47576043:A:G"
-0.35879105236814,-0.22354660492307,0.0987879383187669,-0.43029617239788,-2.21703357651254,"chr19:47576533:A:G"
1.49420542933464,1.29596768054038,0.0952620103196804,0.642283087022407,-8.88826330413556,"chr19:47576627:A:G"
-1.50817003377881,-1.29571705961909,0.0952620103196804,-0.688339899541588,-8.87856773200493,"chr19:47577665:A:G"
-0.705975478912129,-0.262922897023633,0.0996196874090124,-1.40372710017358,-2.44136616892624,"chr19:47578566:C:G"
0.0546520823836638,0.194742593011389,0.100361486254345,-0.442206555202545,-0.326937867624423,"chr19:47578804:G:T"
0.736225423446449,0.624983961390243,0.100539464980543,0.350831357005593,-4.78860531717862,"chr19:47579522:C:T"
1.08458138120996,0.645196682201955,0.116686578868777,1.28627691581536,-4.35774775921476,"chr19:47579783:G:T"
-0.536664274105412,-0.394351612730837,0.099573659319711,-0.450994563354435,-3.65362561924546,"chr19:47580713:A:G"
-0.642595682619254,-0.292562082530499,0.0998967015316271,-1.10747558432093,-2.88454922989076,"chr19:47580796:C:T"
0.0947762692636097,0.191836051536711,0.100361486254345,-0.306376725842291,-0.557038137819895,"chr19:47580797:A:G"
-0.253014041294778,0.0633877053972417,0.102578232584188,-0.987896089650327,0.475869925784326,"chr19:47581153:A:G"
-0.683871390463085,-0.349056044105913,0.100635287037694,-1.05543188675351,-3.19360657185542,"chr19:47581400:C:T"
-0.245438711450323,-0.180922269328402,0.100361486254345,-0.203651150222968,-1.32090024010399,"chr19:47581772:G:T"
0.319714244254085,0.418633442020168,0.107125820358986,-0.302227170488783,-3.00332526788408,"chr19:47582149:A:G"
-0.612954292632444,-0.201498817975538,0.0995117549740701,-1.30432450154224,-2.20806052875556,"chr19:47582497:C:T"
1.31527386529149,1.14244231741974,0.138102376666383,0.465074409349229,-6.94194924009743,"chr19:47582627:G:T"
-0.44748264654983,-0.358618504202556,0.134557446136996,-0.242254964566745,-2.93892956247946,"chr19:47583416:C:T"
0.635033624409358,0.200099902091445,0.0995117549740701,1.37875115415407,-2.13479285211769,"chr19:47583608:A:G"
1.4568258651589,1.29663852666772,0.0952620103196803,0.519001143292832,-8.89897647040116,"chr19:47583647:C:T"
1.4568258651589,1.29663852666773,0.0952620103196804,0.519001143292827,-8.89897647040116,"chr19:47583667:C:T"
1.45614711933291,1.29665070802989,0.0952620103196804,0.516762564364145,-8.89896329673362,"chr19:47583879:C:T"
0.325519653393682,0.175121314911894,0.100361486254345,0.474744012782943,-1.63617839356754,"chr19:47584234:C:T"
-0.635932989328694,-0.662118218397283,0.10151188151822,0.0821860179619015,-4.68941433389076,"chr19:47584446:C:G"
0.610037464418872,0.1380736443995,0.102417597708947,1.47476022229561,-1.59047924036308,"chr19:47584569:A:G"
0.286537107918936,0.435247058268656,0.100135218172207,-0.469944535962712,-2.93947686935147,"chr19:47584717:C:T"
0.671627644926502,0.371760731244771,0.0995362725428566,0.950468795385976,-3.38900025466718,"chr19:47585188:A:T"
-0.602752055569562,-0.138761458026162,0.102417597708947,-1.44984604274982,-1.61075687122305,"chr19:47585297:C:T"
-0.550326519429928,-0.669371781718372,0.10151188151822,0.37364027021071,-4.3804357821474,"chr19:47585370:A:G"
1.45049356112166,1.29675217169635,0.0952620103196803,0.498116503056586,-8.89856300783821,"chr19:47585536:A:G"
-0.920685001593391,-0.305796763737352,0.100123751294315,-1.94324531422346,-1.99122972948506,"chr19:47585698:A:G"
-1.4918069383665,-1.29601072594268,0.0952620103196804,-0.634372598093743,-8.88961976195411,"chr19:47585733:A:G"
-0.647538814977796,-0.11227896520009,0.104503423726364,-1.65576770788859,-1.24462350966778,"chr19:47587626:G:T"
1.44402722430697,1.29686822219361,0.0952620103196804,0.47678980787157,-8.89746751962856,"chr19:47587832:C:T"
-1.05881407021275,-0.48788591042303,0.107005453612213,-1.74533383492523,-3.13525325114777,"chr19:47588515:C:T"
1.55103898799534,1.29494769612987,0.0952620103196803,0.829726459765316,-8.82998987869687,"chr19:47588879:C:T"
-1.5538685118883,-1.29489691503631,0.0952620103196804,-0.839058543031789,-8.82580651640843,"chr19:47589278:C:T"
2.10215399108319,1.51751852449476,0.124773949686616,1.6550960288905,-8.30056411191415,"chr19:47589282:A:G"
-0.600112314261005,-0.80712022520685,0.113879174764484,0.613429682869307,-4.48449472854355,"chr19:47589512:A:G"
1.56427636433091,-0.855707639613928,0.137729205205603,6.52077889727986,4.55074593297114,"chr19:47589650:A:G"
-0.162287770771786,-0.420569163983902,0.146087201614646,0.675751526452068,-1.34635315890895,"chr19:47589885:C:T"
-1.54758539801068,-1.2950096772556,0.0952620103196804,-0.818336137391494,-8.8349345791594,"chr19:47589888:C:T"
-0.859848839199764,-0.965766835685548,0.105281420079624,0.326432875036545,-6.06824024505523,"chr19:47590098:C:T"
0.839887096229756,0.519287585247009,0.107005453612213,0.980076327264644,-4.02698379230428,"chr19:47590391:A:G"
-0.894366090753038,-0.743300877747185,0.113879174764484,-0.447653837398548,-5.24269958995027,"chr19:47590432:A:G"
0.813055332921872,0.971616579175504,0.105281420079624,-0.488676194804136,-5.84093506170333,"chr19:47590584:G:T"
-0.775315716639184,-0.549371746165732,0.104515738293773,-0.698891743531344,-4.3356314856875,"chr19:47590696:A:G"
0.363673979754093,0.137944735250265,0.117979454196698,0.657180451910715,-1.23770731233998,"chr19:47590755:A:T"
0.211653527071054,0.149331047978842,0.103798588990893,0.193441208014601,-0.926306189730484,"chr19:47590887:A:G"
-1.13294045000883,-1.30245125566144,0.0952620103196804,0.549208837370386,-8.01258353220408,"chr19:47591703:C:T"
-1.25611250375599,-1.30024070299515,0.0952620103196803,0.142973758552345,-8.56032663316942,"chr19:47591807:C:T"
-1.69602383349263,-1.10899086246379,0.106241643406727,-1.80100577051811,-6.58700000214062,"chr19:47592116:A:G"
-1.01971720367076,-1.30448325838824,0.0952620103196804,0.922631647179131,-7.28424819050506,"chr19:47592317:A:C"
0.621927420519801,1.31644498412651,0.106463274489412,-2.12854738746415,-3.58919823982724,"chr19:47593714:C:T"
1.90630000165886,1.21506445090585,0.103387900256813,2.14976609208107,-6.87402206454701,"chr19:47593793:A:T"
0.620148830650412,1.39746295466986,0.106366490282222,-2.38338468514938,-3.44822901016627,"chr19:47593868:G:T"
0.634496387942601,1.39550298273862,0.106366490282222,-2.33338287223652,-3.55207852179268,"chr19:47593948:A:T"
-0.620900663083502,-1.39736024934966,0.106366490282222,2.38076451894998,-3.45357975045306,"chr19:47594000:A:T"
1.930600975106,1.21251823940737,0.103387900256813,2.23326175112383,-6.80029830795522,"chr19:47594304:C:T"
0.0359634361547314,0.11469038446545,0.103437913514007,-0.244784289779419,-0.124325909230574,"chr19:47595301:C:T"
-0.174179212340431,0.066282447312893,0.113180370895978,-0.71476007191901,0.315869809227372,"chr19:47595821:A:C"
0.649079045897321,0.965541584748133,0.108435432580434,-0.961029457244021,-4.73747380712308,"chr19:47595831:A:G"
-1.80067499816602,-2.27719872719156,0.121072315412656,1.36950022414536,-10.2979492306388,"chr19:47595878:A:C"
1.78075373082936,1.62831472491606,0.102686921991133,0.475705902230375,-10.450534438473,"chr19:47595994:A:G"
-0.646811002708392,-0.965901556955138,0.108435432580434,0.969010181340952,-4.7204086147336,"chr19:47597130:A:G"
1.40468770291296,1.3608953134945,0.10306008794031,0.136412254822099,-8.83843495475289,"chr19:47597319:A:G"
1.77941033670234,1.62844542061956,0.102686921991133,0.471105811665691,-10.4503475012259,"chr19:47597377:C:T"
-1.801860911854,-1.62626125615569,0.102686921991133,-0.54798174617343,-10.4493974624455,"chr19:47597695:C:T"
1.80537690914754,1.6259191929216,0.102686921991133,0.560021329829579,-10.4484670948337,"chr19:47598081:C:T"
1.36925436371514,1.29821016089901,0.0952620103196803,0.230180629962395,-8.83466725511292,"chr19:47598181:A:G"
-1.81043112528169,-1.62542747993882,0.102686921991133,-0.577328128692979,-10.4467610428183,"chr19:47598611:C:T"
0.680647479899618,0.960531204471829,0.108435432580434,-0.849947374162566,-4.96636323360735,"chr19:47600223:A:G"
-0.05809440762977,-0.777554782190079,0.104992790497931,2.22037914825395,-0.460645263778291,"chr19:47603563:C:T"
0.829038819491554,1.53666394205405,0.139472164256998,-1.89478297153483,-4.40069681660925,"chr19:47604760:G:T"
0.593009352584729,-0.624455518960391,0.131754631969013,3.35408058644038,4.11282682687166,"chr19:47605762:C:G"
1.46005439834273,0.676973322890286,0.123810193679449,2.22550475795727,-3.56258152295265,"chr19:47605844:A:G"
0.0069291922902575,-0.785482956201275,0.104992790497931,2.44552093978628,0.0531469273515874,"chr19:47606438:A:G"
1.46214265572612,0.676298803494787,0.123810193679449,2.23335652843074,-3.5544390594773,"chr19:47607610:G:T"
-0.553560002350223,0.804342002451857,0.107853326864952,-4.13477285572838,4.2950792381689,"chr19:47610931:C:T"
0.568073410817084,0.277784502491829,0.128168951368092,0.810847209811865,-2.71747245559401,"chr19:47612309:G:T"
-0.00866149032943169,0.0448879236798649,0.105194637146563,-0.165104124558855,0.0115740018493851,"chr19:47612504:A:C"
-1.11429408839212,-1.13943808167713,0.123246572189866,0.071622063187781,-6.92253456113068,"chr19:47613035:C:G"
-0.336000879423009,0.111890028807568,0.0998758727665753,-1.41723527387981,1.09914010979014,"chr19:47613437:C:T"
-0.270688723079477,0.0371293195712935,0.100380006746373,-0.971561869753351,0.303497673590901,"chr19:47613771:C:T"
-0.195873766455054,0.0936538561898927,0.100372860697513,-0.913864597308443,0.561601913533413,"chr19:47613804:A:G"
0.789543560419578,0.765615091732214,0.198499390545128,0.053707547077423,-4.22029253382884,"chr19:47614402:C:T"
-0.272050665767984,1.73881438128577,0.188290154060158,-4.6341396791121,1.0554796202964,"chr19:47614666:A:G"
-0.0478503096115569,0.462351453192785,0.0986492348794735,-1.62440790474042,0.596480724341947,"chr19:47615277:C:T"
-0.708869787661345,-0.519599604333167,0.0974714254696083,-0.606238542847028,-4.29141295292068,"chr19:47615399:C:T"
0.522415209556108,-0.732062615571941,0.102095551139045,3.92608393372682,4.23558098010457,"chr19:47615686:C:G"
-0.721782690607389,-0.519062993851973,0.0974714254696083,-0.649317771063302,-4.28278784712685,"chr19:47616293:C:T"
-1.68402952605487,-0.913135250474618,0.121275820219369,-2.21364365288602,-4.86616663960659,"chr19:47616674:A:G"
0.00173229808369356,0.449670355368762,0.0994748562413545,-1.4202385675327,-0.0212802895311259,"chr19:47616712:C:T"
-0.0672107411324362,0.456025040799073,0.0990418322376033,-1.66260125089073,0.826597717585995,"chr19:47616729:C:T"
0.724020172924256,0.518970012709954,0.0974714254696083,0.656782321192804,-4.28103742416479,"chr19:47616819:C:T"
-0.709311902385543,-0.519581231749102,0.0974714254696083,-0.607713498647527,-4.29115941132856,"chr19:47616897:C:T"
0.741196116175949,0.518256246703063,0.0974714254696084,0.714083640831071,-4.26510355305486,"chr19:47616922:A:G"
-0.703476630739623,-0.519823723150055,0.0974714254696083,-0.588246226262012,-4.29426641053999,"chr19:47617282:C:T"
-0.71089125010418,-0.519515600144586,0.0974714254696083,-0.612982420832447,-4.29022945042267,"chr19:47617468:A:G"
-0.711005182100717,-0.519510865569895,0.0974714254696083,-0.613362513713221,-4.2901608999523,"chr19:47617508:C:T"
-0.696885441444028,-0.520097627575289,0.0974714254696083,-0.566257108163006,-4.29715129046353,"chr19:47617609:C:T"
-0.112474733514355,0.46585034444732,0.0986492348794735,-1.84130259171768,1.3756401188825,"chr19:47618352:G:T"
-0.520862208576275,0.731921341498856,0.102095551139045,-3.92078143580193,4.22670007478328,"chr19:47618737:C:T"
0.636410873579756,0.763473493151345,0.0979544053837753,-0.405981102240926,-4.91723323675984,"chr19:47618789:A:T"
-0.238829132393188,-0.478646225969318,0.130515598240932,0.663817849628803,-2.27583013235109,"chr19:47619132:A:G"
0.728159403926154,0.518798002221768,0.0974714254696083,0.670591367672557,-4.27760090826174,"chr19:47619133:C:T"
0.114833421877057,-0.561838066964237,0.0986774576147563,2.15411508652775,1.41416362725839,"chr19:47619283:C:T"
0.709041166294836,0.519592482497639,0.0974714254696083,0.606810285645251,-4.29131502411754,"chr19:47619297:C:G"
-0.630588918610026,-0.763745478312255,0.0979544053837754,0.425452009889208,-4.88855595668394,"chr19:47619340:C:T"
-0.714975763269423,-0.519345863518815,0.0974714254696083,-0.626608921049546,-4.28764894030929,"chr19:47620179:A:C"
-0.713204287949877,-0.519419479205977,0.0974714254696083,-0.620699034644527,-4.28879916821938,"chr19:47620833:C:T"
0.617045634340493,0.764378181995174,0.0979544053837753,-0.470746080117692,-4.81974969591315,"chr19:47620840:C:T"
0.71979391799729,0.0536857277358644,0.132436900650673,1.83037581736616,-0.549486250862864,"chr19:47621316:A:G"
-0.677907744329355,-0.500948644074349,0.0977560222988473,-0.565980072664299,-4.19319659566102,"chr19:47621395:G:T"
0.550588149519702,0.526177179210131,0.0974714254696083,0.0781891305314396,-4.18587977827699,"chr19:47621790:C:T"
-1.17032875855707,-1.23276902535677,0.123364175267273,0.17777480880942,-7.29916626990041,"chr19:47622314:C:T"
-0.470805962162749,0.727367802959487,0.102095551139045,-3.74987159982619,3.92747578281664,"chr19:47622584:C:T"
1.41716920029811,0.610562193489571,0.183107392675414,1.88499000177301,-2.86643273462057,"chr19:47622761:C:T"
-1.24811531453598,0.206432414523561,0.103304135213777,-4.52552661525365,1.0603363052479,"chr19:47623003:C:T"
-0.457069121435265,-0.519597324761067,0.0976952582498377,0.20005030013778,-3.91494500448765,"chr19:47623868:C:T"
-0.0363645019129477,0.0247784984502227,0.0972438537991014,-0.196072039105217,0.0290164536129381,"chr19:47624948:C:T"
-0.180748503981983,0.628677984519851,0.158369160492598,-2.033958583304,1.74233737644363,"chr19:47625114:C:T"
0.443928117769831,0.495134588571727,0.0963836838748511,-0.164938896316697,-3.84892987839074,"chr19:47625161:A:G"
-0.799699832766976,-0.652004203331439,0.0985050620576687,-0.470585313895883,-5.01305902362032,"chr19:47625453:C:T"
-0.463574338161194,-0.49454652215211,0.0963836838748511,0.0997631307914763,-3.90931313219066,"chr19:47625508:G:T"
0.395658558412139,0.521356266613252,0.0990764430119783,-0.399339395545267,-3.65834094755471,"chr19:47626264:C:T"
0.504983402882997,0.493307032828182,0.0963836838748512,0.0376102386996631,-4.01346882760518,"chr19:47626274:C:T"
0.634552338473106,0.666714437184195,0.097565099053638,-0.1029667809539,-4.76538578303452,"chr19:47626335:C:G"
-0.486711011137779,-0.534618123979693,0.0969945058066295,0.153824825556428,-4.04395007960797,"chr19:47626446:C:T"
0.489134912013883,0.534529748802005,0.0969945058066295,-0.145758164829048,-4.05147475331951,"chr19:47626497:A:G"
0.378621259505531,0.497089405811421,0.0963836838748511,-0.381592501775287,-3.59306940493825,"chr19:47627109:A:G"
-0.383323341420167,-0.496948659325784,0.0963836838748511,0.365993481595155,-3.61450184534269,"chr19:47627117:A:G"
1.08825625191305,0.231221767281724,0.12753024274089,2.39989203242855,-1.10774337548032,"chr19:47627119:C:T"
0.125592323929557,0.48418841330632,0.125043260312725,-1.01408744224154,-1.31622538634973,"chr19:47627490:A:G"
0.769268467243099,0.633873908507114,0.0986665793747186,0.431038611571452,-4.89564562733526,"chr19:47627634:A:G"
0.569563491538757,0.669480175303626,0.097565099053638,-0.319882709871486,-4.5240160587366,"chr19:47627839:A:G"
-0.412574020815444,-0.496073104539124,0.0963836838748511,0.268955202285282,-3.73707354358811,"chr19:47628560:C:G"
0.375571016144641,0.464211724758819,0.0981805185900008,-0.282891929860646,-3.51908513515334,"chr19:47629340:C:T"
-1.265922277977,-0.793739108083058,0.124940228783398,-1.33585510650526,-5.01460825365111,"chr19:47629472:A:C"
1.32710327309256,0.488961674631165,0.0986071805453354,2.66908942961345,-2.73503226139672,"chr19:47629662:G:T"
-0.46253433379254,-0.494577652396672,0.0963836838748511,0.103213315077636,-3.90629791770032,"chr19:47629727:A:G"
-1.720411775337,-1.08018198263932,0.125899813877973,-1.8043606024365,-5.98431707043885,"chr19:47629952:C:T"
-1.08358045821139,-0.289993998096724,0.0967398271481741,-2.55147663640809,-1.54260385438457,"chr19:47630709:C:T"
-0.351498098822014,-0.483416426350757,0.0989366348763778,0.419398206877467,-3.419738357293,"chr19:47631753:A:G"
0.923798529230083,0.523021661552222,0.172777746355001,0.964181388753031,-3.50095755136659,"chr19:47631841:A:G"
0.843675633602027,0.934656210300972,0.108435432580434,-0.276288670887375,-5.86931266769572,"chr19:47631843:C:T"
-0.462847769025043,-0.494568270401999,0.0963836838748511,0.102173502797498,-3.90720874784146,"chr19:47632489:A:G"
-0.44902890295941,-0.494981907780004,0.0963836838748511,0.148017189602221,-3.86530825078204,"chr19:47632760:A:G"
-0.447817786936245,-0.495018159875793,0.0963836838748511,0.152035031832293,-3.86146437561748,"chr19:47633380:C:G"
-0.789382069558971,-0.632781191353406,0.0986665793747186,-0.498550501163206,-4.9020129867407,"chr19:47633495:G:T"
0.447100280005109,0.495039636868497,0.0963836838748511,-0.15441534023639,-3.85917395225002,"chr19:47633623:G:T"
0.493663467536661,0.442926208859033,0.0981812789945361,0.161924534060256,-3.82209381858945,"chr19:47633687:A:G"
0.440174506950345,0.495246944660134,0.0963836838748511,-0.177391391186961,-3.83655839812059,"chr19:47634299:A:G"
0.860630490961057,0.931965222116608,0.108435432580434,-0.216628414263545,-5.93486517185505,"chr19:47634954:A:G"
0.623213301519213,0.75469743225185,0.0973299837126588,-0.421453839003586,-4.85653941416121,"chr19:47635333:C:T"
0.639362182367677,0.726460717039981,0.096307666680019,-0.280659933575387,-4.91961949130574,"chr19:47635490:C:G"
0.64047878506645,0.726428201010739,0.096307666680019,-0.276957097619671,-4.92437222544687,"chr19:47635582:C:T"
0.606587501075858,0.727415132156818,0.096307666680019,-0.38934610141079,-4.77136589467277,"chr19:47635802:A:T"
-0.566460249103154,-0.860726163918506,0.0990887405499353,0.934819592327203,-4.42943718359358,"chr19:47636882:C:T"
-0.718433228270175,-0.663144708140716,0.097565099053638,-0.177005891082364,-4.97649880191119,"chr19:47637051:A:G"
-1.10047036174387,-1.1449159506838,0.107200227994961,0.135747178267276,-7.32427261416156,"chr19:47637600:A:G"
0.636114596212778,0.726555288373624,0.096307666680019,-0.291429456877494,-4.90568429831706,"chr19:47637852:C:G"
0.643032066957245,0.726353848164642,0.096307666680019,-0.268490000056075,-4.93516590547124,"chr19:47638578:C:G"
0.252921120883715,0.153425437361678,0.0971139563139025,0.319273899296766,-1.19584439206072,"chr19:47638687:A:G"
-1.06189448900106,-1.92135112441741,0.149593274228333,2.22212218334515,-5.0733592746218,"chr19:47638895:C:T"
-0.185268622145846,-0.304113155762383,0.190871054765067,0.272025222345817,-0.89721833199036,"chr19:47639034:C:T"
0.631268115916253,0.726696420304619,0.096307666680019,-0.307501172914304,-4.88457846780795,"chr19:47639304:G:T"
-0.630900473298441,-0.726707126241588,0.096307666680019,0.308720335563284,-4.88296230257141,"chr19:47639489:A:C"
-0.760969509193352,-0.661334486554134,0.097565099053638,-0.318980973337169,-5.04003718163544,"chr19:47640366:C:G"
-1.0734979499225,-0.0557162298499188,0.125908277504578,-2.86831936600921,-0.243222754007412,"chr19:47640373:C:T"
0.281422846853256,0.370629137243822,0.0979255198356896,-0.285067388341888,-2.731327629655,"chr19:47640427:G:T"
-0.21002151444266,-0.264555970190688,0.0976344210642116,0.174529765654983,-1.66491660431396,"chr19:47641980:C:T"
0.272469484894307,0.261852105603516,0.0976344210642115,0.0339794116228749,-2.07395232760894,"chr19:47642312:C:T"
-0.606411890040723,-0.723368629579633,0.0961526600989186,0.377176478063007,-4.76965788014196,"chr19:47643471:A:G"
0.536038675592368,0.735803591427065,0.0976537356381118,-0.639255960206616,-4.37346755690223,"chr19:47643710:A:G"
-0.6798690825059,-0.885388307093353,0.0970165986048302,0.659826009043767,-5.22559807539912,"chr19:47643902:A:G"
-0.89257618671355,-1.28844371785089,0.147240445185427,1.03165935731416,-5.39365548474894,"chr19:47644054:A:T"
-0.679527747238482,-0.885400832724099,0.0970165986048302,0.660962090715258,-5.22342688658201,"chr19:47644187:A:T"
0.225019382959108,0.150523260046355,0.0969392717683882,0.239267545479787,-1.05579096907169,"chr19:47644797:A:G"
0.536220556678336,0.73579567882345,0.0976537356381118,-0.638648612581193,-4.3745403294994,"chr19:47645167:A:G"
0.675219091819071,0.885558943039492,0.0970165986048302,-0.675302784215074,-5.19586324443675,"chr19:47645641:A:G"
-0.775562014527586,-0.534483061691092,0.0967153050488516,-0.775196303979318,-4.34888252796017,"chr19:47645653:A:G"
-0.609380545566599,-0.723287098016469,0.0961526600989186,0.367339859598666,-4.78359898983335,"chr19:47645907:A:G"
-0.697429799024454,-0.884743899463309,0.0970165986048302,0.601377878776497,-5.33482101495291,"chr19:47646022:C:T"
0.626658669775489,0.72281256923971,0.0961526600989186,-0.310088920868674,-4.86200363039343,"chr19:47646112:A:C"
0.507215488535923,0.737057523098041,0.0976537356381118,-0.735503979194374,-4.1971773000924,"chr19:47646360:A:G"
-0.692248693562705,-0.884934025184436,0.0970165986048302,0.61862238737253,-5.30310356697642,"chr19:47646655:A:G"
-0.681753637961613,-0.885319151491775,0.0970165986048302,0.653553557537858,-5.23755257513566,"chr19:47647285:A:G"
0.529448387373182,0.725482365789341,0.0961526600989186,-0.632194483628598,-4.36091881005312,"chr19:47647450:A:G"
-0.147085153193024,-0.408305890630935,0.0973442961960241,0.837244679553441,-1.67507444090831,"chr19:47648101:A:C"
0.133240301672438,0.244459392911412,0.100090143149443,-0.351547235425732,-0.982644867665985,"chr19:47648545:C:T"
-0.10806153153256,-0.318690871219932,0.0966771622608895,0.677418291464833,-1.04729213009574,"chr19:47648620:C:G"
0.0492309883449487,0.320636329097499,0.0966771622608896,-0.87288381808494,-0.4841613753978,"chr19:47648775:C:T"
0.112020253913587,0.318559960859027,0.0966771622608896,-0.664265365909116,-1.08428761377589,"chr19:47648851:C:T"
-0.100373537821694,-0.318945104261431,0.0966771622608896,0.702961787375702,-0.975070160348595,"chr19:47648948:C:T"
0.781555418892575,0.534282423935686,0.0967153050488516,0.795113424499083,-4.34129898662964,"chr19:47649044:A:G"
1.01253474742315,0.878644494189815,0.124940228783398,0.378789397625506,-5.76778526565941,"chr19:47650167:C:T"
-0.653444606851806,-0.886357979014961,0.0970165986048302,0.747775791368584,-5.05215986892398,"chr19:47650229:G:T"
-0.641380645974987,-0.886800677832484,0.0970165986048302,0.787928820211267,-4.96942009282354,"chr19:47650410:C:T"
-0.0582749187371803,-0.348902106885399,0.0975008957321929,0.930747626296824,-0.609221260344997,"chr19:47650446:A:G"
0.741185997612489,0.13735691328574,0.147468873569207,1.57240293635632,-1.32562962390591,"chr19:47651025:C:T"
-0.674896148247689,-0.885570793769013,0.0970165986048302,0.676377651969461,-5.1937855958288,"chr19:47652161:A:G"
-0.369438284133409,-0.209139179634234,0.0976977150575762,-0.512848267703697,-2.15314024955194,"chr19:47652526:C:T"
0.571150375547488,-0.516292956438588,0.128037393562578,3.03905263723995,3.86278917220432,"chr19:47652937:A:C"
0.895952128036396,0.530452831011374,0.0967153050488516,1.1752734978611,-4.10269987062732,"chr19:47653059:A:G"
-0.183824156519656,-0.195863838713642,0.100593746031126,0.0379602909611359,-1.0837848654423,"chr19:47653265:C:T"
1.14081197462363,0.443344048154981,0.101324965679761,2.1911192201029,-2.54249911280293,"chr19:47653411:G:T"
0.0699527703553826,0.364324753115199,0.0966467729777526,-0.946897117068716,-0.76096996391692,"chr19:47653968:G:T"
-0.742339971983725,-0.883095876839001,0.0970165986048302,0.451901310626448,-5.59164119098349,"chr19:47654031:A:T"
0.641059367081411,0.886812467475007,0.0970165986048302,-0.788998147342848,-4.96718661120417,"chr19:47654383:C:T"
-0.679548349919852,-0.885400076688598,0.0970165986048302,0.660893517875225,-5.22355798933824,"chr19:47654861:A:G"
0.557115884118473,0.769857197068859,0.0962494143341468,-0.685729427769433,-4.50585144126082,"chr19:47656400:A:G"
1.31359637403859,0.67722527471946,0.10189475515011,1.99358397031803,-4.11790516982844,"chr19:47656457:A:G"
0.929766882112883,0.636678917193058,0.0982605613746233,0.934993011641338,-4.86440850102461,"chr19:47657054:A:G"
-0.929199480352678,-0.636707280847903,0.0982605613746233,-0.933092433772842,-4.86542819582267,"chr19:47657110:C:T"
-0.891596065759501,-0.638587025232096,0.0982605613746233,-0.807135444268126,-4.9224834561058,"chr19:47657155:C:T"
0.658670727155675,0.76696308412629,0.0962494143341468,-0.349058934286926,-5.06275606282943,"chr19:47657350:G:T"
0.84121464041295,0.641105525277547,0.0982605613746232,0.638377028782181,-4.96532810880303,"chr19:47657541:C:T"
0.85461642229525,0.640435588132103,0.0982605613746233,0.683267848356844,-4.95777295777197,"chr19:47657554:G:T"
-0.860364983427991,-0.399528079926218,0.117402402927909,-1.34495810636019,-3.01626072772552,"chr19:47657603:A:C"
-0.861904599697421,-0.531592620561202,0.0967153050488516,-1.06212766553767,-4.19139157508912,"chr19:47657867:A:G"
0.943039821522595,0.636015420710437,0.0982605613746233,0.97945225844147,-4.83924234165626,"chr19:47658040:C:T"
0.826376929693157,0.532781959963393,0.0967153050488516,0.944063066159879,-4.2684694302807,"chr19:47658359:A:C"
0.431076782652059,-0.143233297208588,0.0986064926976,1.82891567814047,1.66741601720477,"chr19:47658825:A:T"
0.594281262989299,0.4327226127581,0.0967430514207821,0.519421982319684,-3.86906415718737,"chr19:47658874:C:T"
-0.991236044641082,-0.66268800785106,0.101542055391943,-1.0310409188013,-4.90994359696707,"chr19:47659263:A:G"
-1.03134652721593,-0.332844771695534,0.0966467729777526,-2.24684867210804,-1.90838815812942,"chr19:47659441:C:G"
-1.00701336833784,-0.333641539288312,0.0966467729777526,-2.16601402641817,-1.96793943311921,"chr19:47659455:C:T"
1.00932578927265,0.632701873869638,0.0982605613746233,1.2014847795444,-4.67788055918303,"chr19:47659493:A:G"
0.717190573687284,0.765295383796305,0.0962494143341468,-0.155056314410871,-5.30997126907682,"chr19:47660173:A:G"
-0.658231042136825,-0.766975614283057,0.0962494143341468,0.350516560214412,-5.06069120057233,"chr19:47660283:A:G"
-0.64260268577757,-0.54519993204672,0.100709933882922,-0.306926989644235,-4.346849562509,"chr19:47660431:A:C"
-0.71511351602163,-0.765354575847542,0.0962494143341468,0.161942091675382,-5.30214150576698,"chr19:47660978:C:G"
0.715323939778239,0.765348579185066,0.0962494143341468,-0.161244503378689,-5.30293791304831,"chr19:47661096:C:G"
-1.07174215552626,-0.856249187625312,0.0973246002758708,-0.690751422917424,-6.32481900705676,"chr19:47661169:A:G"
-1.04611257280941,-0.857274043066837,0.0973246002758708,-0.60531201733353,-6.33327575659592,"chr19:47661289:A:G"
-0.636893109726359,-0.431283486409759,0.0967430514207821,-0.661048838760901,-3.83997984513258,"chr19:47661512:A:G"
-1.11468558147628,-0.854531999942285,0.0973246002758708,-0.83390868097502,-6.28601862977481,"chr19:47661913:G:T"
0.120432887689083,-0.476676987333912,0.102178401444571,1.8679906652298,1.44581303554873,"chr19:47662186:C:G"
1.30117058087808,0.935994530786798,0.0979525636385135,1.16679452693305,-6.56961494632323,"chr19:47662367:A:G"
0.873485910795049,1.2278652505875,0.131590967670227,-0.976911797761951,-5.58300214537112,"chr19:47662891:C:T"
-0.943908756009557,-0.635971983838037,0.0982605613746233,-0.98236285507842,-4.83750770211785,"chr19:47663244:C:T"
-1.21668358175222,-0.948494124780039,0.0972828441349287,-0.859851733999628,-6.84520867727983,"chr19:47663258:C:T"
1.02253283234274,0.858216931041009,0.0973246002758708,0.526706016153175,-6.33117568538777,"chr19:47663473:A:G"
-0.995699467571768,-0.633383035460199,0.0982605613746233,-1.15584183785851,-4.71564384086633,"chr19:47663757:A:G"
1.53415282931935,0.742013569094974,0.0962494143341468,2.55330379461391,-4.31610781731655,"chr19:47664678:C:T"
1.4640170777269,0.928775280434091,0.0982306230461843,1.70775895381192,-5.95904963870003,"chr19:47665393:A:G"
-0.618653739245654,-0.0956779953119877,0.132436900650673,-1.43706708423684,-1.04707154295741,"chr19:47665768:A:T"
-0.741679622403399,-0.237411117250413,0.100453123895547,-1.59103641966438,-2.08573044654558,"chr19:47666235:A:C"
0.105807183638851,0.117087220694316,0.101477330620132,-0.0354100067117627,-0.378977796332152,"chr19:47666450:A:G"
0.616652480538314,0.715796661714919,0.129251265685139,-0.275771783618375,-4.33170530495584,"chr19:47667178:C:T"
1.94978413553817,1.29217595955217,0.111115342557092,1.97278696347901,-7.20387586579706,"chr19:47667500:A:G"
-1.08468229813639,-1.77640520362067,0.105012808814567,2.13457303829928,-6.14969722340631,"chr19:47667624:A:G"
-0.451978325190967,-0.128848470426252,0.104537707413685,-0.999402887011817,-1.48355622952017,"chr19:47668113:C:T"
0.113572156299399,-0.277906057165082,0.0985164951182713,1.24724887636698,0.959253992003969,"chr19:47669414:A:G"
0.00854522344407481,-0.393262776843691,0.0983688109845201,1.28112016953165,0.097479625902245,"chr19:47670117:A:G"
0.0831562406835123,-0.0529170241242047,0.100333395815623,0.429585930567036,0.136958669756913,"chr19:47670195:A:C"
-0.585805729099718,-0.108702905499957,0.1173889241588,-1.39251033010893,-1.25204765021716,"chr19:47670334:C:T"
0.00700099930858247,-0.24160537801653,0.0997999591457172,0.786949897869759,0.0518203705658038,"chr19:47670959:A:G"
0.834367661068933,1.34213063567202,0.0971098743608768,-1.62940608332609,-5.54330918748091,"chr19:47671136:C:T"
0.0686901782590475,-0.396338914091212,0.0983688109845201,1.48269359794292,0.782515580277042,"chr19:47671525:A:G"
-0.0368291553270945,0.273859896915031,0.0985164951182713,-0.98985475559209,0.309778471402219,"chr19:47672814:C:T"
-0.0187376677644432,0.393784073396555,0.0983688109845201,-1.31527974204889,0.213864875578079,"chr19:47673189:C:G"
0.00574538274405596,0.392531878198576,0.0983688109845201,-1.2332257702046,-0.0654577994443319,"chr19:47673244:A:G"
-0.0638291337183685,0.275283430500307,0.0985164951182714,-1.08041201307373,0.538308644307161,"chr19:47673936:G:T"
0.0014144154626856,-0.39289806887934,0.0983688109845201,1.25722154966282,0.0161259749900742,"chr19:47674001:A:G"
0.890116838608386,-1.66689641873962,0.108050505567592,7.77892488875701,4.92644149877212,"chr19:47674112:C:T"
0.101182472267793,-0.277252829555998,0.0985164951182713,1.20569418359253,0.854670236346858,"chr19:47674581:C:G"
0.0913857984374074,-0.397499690465574,0.0983688109845201,1.55875706799366,1.03741477138346,"chr19:47675001:A:T"
-0.18786090401377,0.15138573589239,0.0992750519201857,-1.07670193467326,0.874408520628467,"chr19:47676417:C:T"
0.322951496773649,-0.287665004369417,0.121054496600842,1.75500384930209,2.15787857930242,"chr19:47676531:C:T"
-0.316792952372187,-0.433363441143078,0.100095137279135,0.368453026049666,-3.13086146107136,"chr19:47677424:C:T"
-0.231841582996953,0.485645494491161,0.134431730583897,-1.95687546764121,2.1914804278753,"chr19:47677569:A:G"
-0.114230803235256,1.22385217851392,0.130495609162114,-3.70412042555331,0.483407488681715,"chr19:47679079:A:T"
-0.975045834692467,-0.210807082501194,0.100801487410931,-2.40710805055915,-1.13067391388521,"chr19:47679114:C:T"
1.13748732412621,1.40716583388848,0.104609522272315,-0.833797771846611,-7.69106371543145,"chr19:47679251:A:G"
-0.0680170167241091,0.186844907676585,0.0977956464561914,-0.814976708592256,0.400650096399511,"chr19:47679265:A:G"
-0.707027140625819,-1.34693044346859,0.0971098743608768,2.05344301680818,-4.34820502763912,"chr19:47679311:C:T"
-0.19367835904993,0.145022966453837,0.100083110090316,-1.07062282970997,0.856742295908938,"chr19:47679530:C:T"
0.789658800351292,1.34381583326271,0.0971098743608768,-1.77828413198034,-5.11508999452673,"chr19:47679689:C:T"
-0.791866637247323,-1.34373261393307,0.0971098743608768,1.77093215647586,-5.13618876096626,"chr19:47679857:A:G"
-0.00916645974616776,0.184195414797042,0.0977956464561915,-0.618316857070802,0.0533778340658382,"chr19:47680514:C:T"
-0.00282883092294892,0.183910090353191,0.0977956464561915,-0.597138516416547,0.0164486375575046,"chr19:47681217:C:T"
1.64378864703347,1.43168660938711,0.0969518669840541,0.681187629445993,-9.57064860334776,"chr19:47681290:A:G"
-1.50190774164018,-1.25288030220973,0.0973185725565428,-0.798269135609808,-8.54020598075705,"chr19:47681500:A:G"
1.57735517345397,1.43407849806738,0.0969518669840541,0.460147860645364,-9.58468217927524,"chr19:47681890:A:G"
0.0228286814029597,0.182754971358478,0.0977956464561915,-0.511399267316229,-0.131897477516488,"chr19:47682232:C:G"
0.00346459616293599,0.183626755902195,0.0977956464561915,-0.576107883915725,-0.0201152344755753,"chr19:47682772:A:G"
0.830244632087441,1.3422860437588,0.0971098743608768,-1.64313554320177,-5.50386697305924,"chr19:47682798:A:C"
0.0511150067080978,-0.206315613619855,0.0980043206799857,0.822313825083581,0.330927145622124,"chr19:47682991:A:G"
1.41660894739784,1.27016080479769,0.098716523251813,0.466110560010962,-8.63071039738707,"chr19:47683654:G:T"
-0.457469389770311,-0.556881875197398,0.126691077561846,0.27929805850691,-3.67015177135485,"chr19:47684363:A:G"
-0.275670175772603,0.157359376940089,0.0991509610776341,-1.37521016018146,1.29847972837257,"chr19:47685093:C:T"
-0.146047797696044,0.219478567887182,0.0990013141258269,-1.16171133963682,0.981724270781715,"chr19:47685552:G:T"
-2.20665944992038,-0.808330858797617,0.119947297484555,-4.03751365289369,-4.26502609394146,"chr19:47687130:A:G"
-0.939320843686708,-1.33981890089743,0.0978235933745926,1.28049712520474,-6.49358191402342,"chr19:47687211:A:G"
-1.56768193320721,-1.30298677254645,0.0980977308133631,-0.84511638257551,-8.76336054272144,"chr19:47687915:A:G"
0.418712641484088,0.607569030813976,0.13249748840391,-0.518833320254139,-3.4959232121947,"chr19:47688463:G:T"
1.65619597433156,1.50860963971871,0.0973648674103121,0.472982430395628,-9.99415047648678,"chr19:47688903:A:G"
1.01721420550955,1.33523865606861,0.0971098743608768,-1.02053714096116,-7.15795848342541,"chr19:47689078:C:T"
-0.967029636408567,-0.324144637133882,0.100540502838001,-2.02750888383225,-1.99828867121833,"chr19:47689196:C:T"
0.164403489403399,-0.283513275188406,0.0980058540577866,1.43077488660789,1.40240522217446,"chr19:47690063:A:G"
-1.02779423948063,-1.33483986604194,0.0971098743608769,0.985306209395712,-7.23890947512205,"chr19:47690511:C:T"
-2.32470210503746,-1.24358851861588,0.115581442751209,-3.18000109518443,-6.50541124123891,"chr19:47691290:G:T"
1.70409429123306,1.42951534872669,0.0969518669840541,0.881838670751302,-9.49817099271094,"chr19:47691841:A:G"
-1.70304294480558,-1.42955320168671,0.0969518669840541,-0.878340594273579,-9.49990126869796,"chr19:47691852:C:T"
-1.16308457070186,-1.23696091593195,0.0974083684512451,0.236704910487558,-8.03299632949161,"chr19:47692070:A:G"
-1.64724550711322,-1.33902559225608,0.0969527070897536,-0.989875843879001,-8.92785400574601,"chr19:47692139:C:T"
-1.53878548407832,-1.30438098847658,0.098097730813363,-0.748404613397011,-8.8065951058662,"chr19:47693241:C:T"
0.389476233170848,-0.16413120819794,0.0991509610776341,1.75814000073003,1.77498787770749,"chr19:47693316:A:G"
0.975102226149312,1.33682597019422,0.0971098743608768,-1.16076771743939,-6.8196670351105,"chr19:47693368:C:T"
1.62103979413801,1.33996934505905,0.0969527070897536,0.902682904511349,-8.98150556086987,"chr19:47693398:A:G"
-2.2264192704963,-1.29730985104577,0.0999146250798643,-2.93935696573343,-7.31471929413411,"chr19:47693895:C:T"
0.306292784035588,-0.270844693618798,0.0992793717017967,1.83168069017586,2.30985580988746,"chr19:47693920:A:G"
1.18456212650896,1.2360828633221,0.0974083684512451,-0.165075997704349,-8.11190165577175,"chr19:47693934:C:T"
-1.46440531817485,-1.38639746677115,0.0982562039180809,-0.248861850109038,-9.20654011474143,"chr19:47693961:A:C"
-2.09983433258217,-1.19866439929949,0.0974083684512451,-2.88741068236899,-6.79937863858683,"chr19:47695211:A:C"
1.70232506422906,1.42957904845238,0.0969518669840541,0.875952036997996,-9.5010734660482,"chr19:47695300:A:G"
-0.341028356576814,0.291861788848071,0.0980058540577867,-2.02163303014738,2.66464422434748,"chr19:47695418:A:G"
-1.60690973184471,-1.34047821447649,0.0969527070897537,-0.85566866506035,-9.00630831929548,"chr19:47695539:C:G"
1.9070669764991,1.22551533094417,0.0977343291746615,2.18009391384974,-7.1015549845084,"chr19:47695560:A:T"
1.61511338056004,1.43271904140648,0.0969518669840541,0.585778283372933,-9.58537454215759,"chr19:47695576:C:G"
-0.774818368908493,-0.762261864881456,0.156357295899974,-0.0317548206921033,-4.53713703788044,"chr19:47695626:A:G"
1.75825101697144,1.37654125238908,0.100244185405664,1.20560120758423,-8.85248040006955,"chr19:47698166:G:T"
-0.0558649097288679,-0.0612102760419512,0.104762280401224,0.0165148639653518,-0.102047676939319,"chr19:47698395:C:G"
-1.73761791075555,-1.28440037469111,0.100657893173581,-1.42850836331951,-8.11158237547858,"chr19:47698868:C:G"
0.196882291590554,0.198243799868213,0.133871995958846,-0.00372113491982131,-0.890012536217435,"chr19:47699841:C:T"
-1.28292415288511,-1.10793752809948,0.112679427246384,-0.521293775157798,-7.36775408945444,"chr19:47704898:C:T"
-0.229124856969361,-0.181236591834754,0.103521730192566,-0.148837834625066,-1.20618174998773,"chr19:47709166:A:G"
-0.2170779085998,0.453051030129977,0.106189668530417,-2.05644567022594,2.34012638794403,"chr19:47710040:A:G"
-0.140404831472233,-0.156216770718887,0.0997595696785141,0.0500619605274869,-0.676292697186167,"chr19:47710918:G:T"
-0.142399688591579,-0.156085096776918,0.0997595696785141,0.0433291801650443,-0.685139119293617,"chr19:47711085:A:G"
-0.394296187474896,-0.813341619166936,0.112312423752094,1.25039494897037,-3.13152077542531,"chr19:47711162:A:G"
-0.142480446420376,-0.156079766218877,0.0997595696785141,0.0430566169230212,-0.685496734944345,"chr19:47711180:C:T"
0.416013048978093,0.80899513104756,0.112312423752094,-1.17262419129925,-3.30794315964341,"chr19:47711294:C:T"
0.144723370338883,0.1559317182053,0.0997595696785141,-0.0354865940043164,-0.695412899818222,"chr19:47711593:A:G"
-0.388632996012364,-0.636912137443474,0.111086448176709,0.744920102501833,-3.48008895234303,"chr19:47711807:A:G"
0.0595819588738751,0.161551622089108,0.099759569678514,-0.32284472987477,-0.298910420163582,"chr19:47711825:C:T"
0.149148278923629,0.155639644577278,0.0997595696785141,-0.0205522223462385,-0.714884284168122,"chr19:47712025:C:T"
-0.614416057161098,-0.279844050616779,0.133400402352305,-0.916032814102561,-2.6886862090433,"chr19:47712083:A:G"
1.47157807145987,-0.683906269485296,0.149438755563614,5.57587784766629,3.38880432686928,"chr19:47712376:C:T"
0.210561382062108,-0.179382893438576,0.099759569678514,1.2345971372339,1.14283159457074,"chr19:47712668:A:G"
0.210471104255953,-0.179376934498219,0.099759569678514,1.23429244341172,1.14233375479509,"chr19:47712671:G:T"
-0.0769524557906604,-0.160405052853212,0.0997595696785141,0.264218104742969,-0.382949613718297,"chr19:47712978:C:T"
0.0178350995615343,0.164307194644799,0.0997595696785141,-0.463743259321506,-0.0911030196390142,"chr19:47713401:A:G"
-0.00282883092294892,0.16567115257298,0.0997595696785141,-0.533485449891338,0.0145691942823924,"chr19:47713402:A:C"
0.250943908240979,-0.182048410861955,0.0997595696785141,1.37089094825759,1.36335907216544,"chr19:47713664:C:T"
-0.50512796161925,-0.611733846834338,0.111321377531222,0.319515473353582,-4.03384341507081,"chr19:47714285:A:G"
0.713174842907706,-0.094815891444134,0.129562260383019,2.24474556612437,0.967163301250489,"chr19:47714507:C:T"
1.55912839777956,1.61271179173625,0.130884141127191,-0.148110792077798,-8.96309381526082,"chr19:47714682:C:T"
1.23025445625218,1.52818868566229,0.142627554201008,-0.788894056918008,-7.25979060233637,"chr19:47714688:A:C"
-0.34528390843215,-0.450821245299373,0.192329127329575,0.240648744617655,-2.24178839692375,"chr19:47714758:A:G"
-0.396100698638764,-0.574393080219055,0.112110186811308,0.532488518637703,-3.54998973083679,"chr19:47715024:C:T"
-0.134881796829331,0.955991579335237,0.130065574412818,-3.02477559877868,0.764516988223585,"chr19:47715082:A:T"
-0.66451290575067,-0.0139836573697614,0.128386535779714,-1.81554529072918,-0.154158413632166,"chr19:47715155:A:G"
-0.0571833053803271,-1.26101506629404,0.173095915029197,2.89349267836513,-0.212219472335549,"chr19:47715268:C:T"
-0.232771625526589,-0.150119943150397,0.0997595696785141,-0.261682339914318,-1.05763481210335,"chr19:47715772:C:T"
0.115597420830638,0.839214029404702,0.141511398582093,-1.92359134661077,-0.937923085847473,"chr19:47716636:C:T"
