"z","condmean","condvar","z_std_diff","logLR","snp"
-0.699072802287738,-0.347780119407964,0.120073930626801,-1.01378238334699,-3.119161631036,"chr19:45717458:A:G"
-0.753847118698789,-0.962158928754603,0.115174260682882,0.613813132662841,-5.31109345918732,"chr19:45718468:A:G"
-0.619085515994424,-0.413143970602075,0.14657709352774,-0.537911605661218,-3.40245188852609,"chr19:45719043:A:G"
-0.0856649827127523,-0.181767240375169,0.0988267882287243,0.305700570797154,-0.480904761443123,"chr19:45721396:C:T"
-0.0941785030191304,-0.181402607226682,0.0988267882287207,0.27745923032511,-0.527275457249411,"chr19:45721713:C:T"
0.318898315634728,0.532373997139281,0.127160843127868,-0.598648238962686,-3.00034808183729,"chr19:45724672:C:T"
-0.670988543139865,-0.612943579648648,0.105973162458468,-0.178306261754065,-4.58144153411819,"chr19:45726453:G:T"
-0.203033629088179,1.95005700227985,0.254624353767625,-4.26689878746947,0.649213301477825,"chr19:45727293:C:T"
-0.507355731770027,-2.12608631410028,0.167206954210739,3.9586527171503,-2.3392394698998,"chr19:45728139:C:T"
-0.980005894782495,-1.13719911798322,0.157106194761738,0.39658580389219,-5.75543148275553,"chr19:45730619:A:C"
0.289853702268596,0.542301840913447,0.127160843127865,-0.70793840574261,-2.81729877427251,"chr19:45734981:C:T"
-0.508926213120155,-0.583762417204039,0.0976741580186205,0.239453898773091,-4.21016926924247,"chr19:45735297:C:T"
0.701208090967928,0.631403348012215,0.100876601424908,0.219780780370938,-4.77938692900996,"chr19:45735668:G:T"
-0.70767633240109,-0.647255616087643,0.117551667777626,-0.176226603996279,-4.58840548893677,"chr19:45735865:C:T"
-0.0405352954350342,-0.14051131437793,0.0986957484633234,0.318234028588126,-0.177544854870966,"chr19:45736340:C:T"
0.791315816996717,0.776410184938993,0.137892947055073,0.0401401850072426,-4.83791675724667,"chr19:45736657:C:T"
-0.606341994951612,-0.580774945496419,0.0976741580186207,-0.0818070577886102,-4.48335291821152,"chr19:45737937:C:T"
0.59706231493646,1.0822737613156,0.127865604004885,-1.35691977069539,-3.89861946872099,"chr19:45738074:A:G"
0.881639737863264,0.989257783313588,0.120347329302302,-0.310217912896621,-5.85286211815697,"chr19:45738688:C:T"
0.426292138596367,0.158331709804438,0.103156352567905,0.834300829090857,-1.75838479244515,"chr19:45740802:A:G"
0.565237651672551,0.703893367378808,0.0989763716676922,-0.440729389955403,-4.53026514517698,"chr19:45743446:C:T"
0.561096683566823,0.704077260775316,0.0989763716676918,-0.454476342699566,-4.51034192985223,"chr19:45744383:A:G"
-0.575823658746668,-0.612038474899031,0.0986488871945838,0.115302889137913,-4.46517442976329,"chr19:45745149:A:G"
0.623129964939856,0.806804537912233,0.100546965770304,-0.579248014945701,-4.83386494079062,"chr19:45746967:G:T"
-0.502010618201755,-0.504246850973949,0.0970494666130483,0.00717828060711195,-4.056142800334,"chr19:45748104:A:G"
-0.465062775049442,-0.505136385836218,0.0970494666130482,0.128635814099722,-3.95715335159079,"chr19:45748202:C:T"
0.41855908213403,0.00379976861391812,0.0990444964742163,1.31789549299739,-0.0448164562433075,"chr19:45748510:A:G"
-1.21657645649893,-0.284751100340048,0.13947273724835,-2.49511094815852,-1.25621553944804,"chr19:45748851:C:T"
-0.215856395829138,-0.293480771876717,0.103968678526508,0.240739226225086,-1.75568132718884,"chr19:45749075:A:T"
-0.727403419415786,-0.800445799577012,0.100546965770303,0.23035117507344,-5.33471988296147,"chr19:45750508:G:T"
-0.266581008026873,-0.181260679772904,0.115190399476995,-0.251387903124211,-1.24530933728759,"chr19:45750812:A:G"
0.195106277105114,0.196663506468618,0.115190399476995,-0.0045882222019755,-1.0030821091136,"chr19:45751043:C:G"
1.09270189963463,0.242668630449616,0.120073930626801,2.4530791432782,-1.17130861829804,"chr19:45751774:A:G"
-0.511874972273252,-0.504009362501289,0.0970494666130482,-0.0252485138359692,-4.07858706947614,"chr19:45751817:A:G"
0.529663625800606,0.503581093186664,0.0970494666130482,0.0837246195365106,-4.11494650442712,"chr19:45751881:C:T"
-0.801169420115832,0.188182215832199,0.160570779639496,-2.46897912603105,1.68085389584562,"chr19:45751984:C:T"
0.500769027803826,0.624361364953278,0.097066477996727,-0.396695166609274,-4.22057460033214,"chr19:45754100:A:C"
-1.31022645223216,-0.361693679463122,0.159987815667476,-2.37142222800726,-1.54833272876179,"chr19:45754696:C:T"
0.441877306073011,0.625789779324919,0.0970664779967271,-0.590305118431145,-3.93400561887677,"chr19:45755735:G:T"
-0.842101451142039,-1.2200736041307,0.113853439900026,1.12017719306517,-5.68928116209452,"chr19:45756035:A:G"
-0.502352139645109,-0.53555363437976,0.0968190335079191,0.106703155930653,-4.12559807488537,"chr19:45756987:A:G"
0.523569827738646,0.535094401539654,0.096819033507919,-0.0370377419797256,-4.18300284217035,"chr19:45757117:C:T"
-0.445005243417074,-0.625713911435079,0.0970664779967271,0.580021842943686,-3.95055231449285,"chr19:45757490:C:T"
-0.541991636698575,-0.534695682338448,0.0968190335079192,-0.0234477803476426,-4.22700832986119,"chr19:45757989:A:G"
0.560560856049725,0.534293772606253,0.0968190335079191,0.08441730479041,-4.26595514173611,"chr19:45758504:A:G"
0.511913067313659,0.535346698923466,0.0968190335079191,-0.0753111408888773,-4.15236322522923,"chr19:45758724:C:T"
0.0673223813198247,0.0897396499450807,0.0977791154649844,-0.0716901755535177,-0.190692036752678,"chr19:45759028:A:C"
-0.495027701852531,-0.682705380550388,0.129407679844489,0.52171412830204,-3.87870974610899,"chr19:45759621:C:T"
-0.625789902698067,-0.88940680553043,0.138383549870519,0.708648740790942,-4.32725036536259,"chr19:45759852:A:G"
-0.680935902130626,-0.460997036460062,0.0985659276132465,-0.700549091398132,-3.98521027392575,"chr19:45760477:A:G"
0.667407365429186,-0.0227844021441761,0.116090694265682,2.02568107457639,0.257866612753384,"chr19:45761705:C:T"
0.464296626700756,0.625246000354851,0.097066477996727,-0.5166003011996,-4.04931096615461,"chr19:45761771:C:T"
0.244772921195096,2.29290999425024,0.180883053019652,-4.81570726043946,-1.11982323420264,"chr19:45763482:C:T"
0.344662198075764,-0.0529413194169936,0.0983748707393862,1.26767559791382,0.540631217651687,"chr19:45764195:G:T"
0.729132857785328,0.679743565804157,0.10088616815687,0.155495199852545,-5.00755201292135,"chr19:45764276:C:T"
0.183747628832645,-0.273197386456849,0.102849637422931,1.4248283952952,1.43330128927297,"chr19:45765644:C:T"
-0.519874260292762,-0.484503804218608,0.103673751643723,-0.109851565996497,-3.9643837315197,"chr19:45765818:A:G"
-0.737385694901257,-0.219791594083693,0.101766867884712,-1.62250526127413,-1.99575369316863,"chr19:45766055:C:G"
0.485096986068549,0.535927102645823,0.0968190335079191,-0.163358122833475,-4.07352014952376,"chr19:45767919:G:T"
1.0407376959227,1.39692514086611,0.157051052568213,-0.898789895892103,-6.05852326456514,"chr19:45769395:A:G"
0.466019762073076,0.536340007563536,0.0968190335079192,-0.225995611933076,-4.01019669249031,"chr19:45770913:A:C"
0.00200006716679234,-0.215389897456428,0.104306858225107,0.673105376669815,0.0125917511401791,"chr19:45771134:C:G"
-1.67959129065958,-1.03599474750205,0.131755759710734,-1.77308231467514,-5.73070690048877,"chr19:45771366:A:G"
0.402779255252769,0.422369871434765,0.0974613048552691,-0.0627526376808452,-3.57071017350695,"chr19:45771714:A:C"
-1.23984012320192,-0.468198871861978,0.154533069320259,-1.96292958791262,-2.37282534290767,"chr19:45772004:A:G"
-0.0137481886948159,-0.551782526430701,0.108088989610643,1.63651226660229,-0.170911764847864,"chr19:45772718:C:G"
-0.444183111992354,-0.536812637135126,0.0968190335079191,0.297693303993811,-3.9301240742999,"chr19:45772798:A:C"
-0.459584801715355,-0.536479284995999,0.0968190335079191,0.247123935391329,-3.98745220732016,"chr19:45774030:A:C"
0.338515604613161,0.266923073119284,0.102019980270654,0.224142959361175,-2.40264268417016,"chr19:45774110:C:T"
1.6785484785789,1.07023807936268,0.130082401833231,1.68661503461587,-6.03094972822468,"chr19:45776499:C:T"
0.362045093478917,0.265122484522763,0.102019980270654,0.303446741540296,-2.503271357934,"chr19:45779245:A:C"
0.111269138789722,-0.273921625147789,0.0977331858440251,1.23212519184566,0.927812567971619,"chr19:45779632:A:T"
-0.484163251041548,-0.535947312283456,0.0968190335079191,0.166423915717594,-4.07056221057186,"chr19:45781076:G:T"
-0.456551291357484,-0.53654494189368,0.0968190335079191,0.257084057053538,-3.97648483076359,"chr19:45781262:A:G"
-0.670812658976398,-0.329971724743578,0.0990559171690996,-1.08295780403488,-3.13205029347707,"chr19:45781689:C:T"
0.0873241561767505,-0.161838298636999,0.0978761374959346,0.796423726632954,0.441889577031545,"chr19:45782104:G:GC"
1.13577721097306,1.08240607494622,0.10578517045794,0.16409451020599,-7.29978523400203,"chr19:45782731:CAAG:C"
0.397166115592849,0.262434856573093,0.102019980270654,0.421818623884358,-2.62738213318301,"chr19:45782753:GA:G"
0.0747554228021224,-0.042668339901998,0.0983748707393862,0.374381090826109,0.100256690936224,"chr19:45783456:A:C"
0.456163422214559,0.536553336882254,0.0968190335079191,-0.258357573012714,-3.97507113562961,"chr19:45783942:C:G"
0.637888869037167,0.46272224379841,0.0985659276132464,0.55794058853652,-4.02169921712427,"chr19:45785448:A:T"
-0.677851518531013,-0.461120650117917,0.0985659276132464,-0.690330981210672,-3.98874550026363,"chr19:45786134:C:G"
0.137194170349653,-0.159131856159907,0.0973295385822605,0.949833461695782,0.683022049873985,"chr19:45786245:C:T"
-0.351458776464956,-0.265932599940173,0.102019980270654,-0.267766621868239,-2.45965257259414,"chr19:45787357:C:G"
0.13792118511374,-0.139894262410621,0.0975308785190921,0.889580639041844,0.603995733695021,"chr19:45787564:C:T"
-0.365884937797867,-0.159860652088399,0.115190399476995,-0.607030167804788,-1.45518741320919,"chr19:45787710:A:G"
-0.608795258890085,-0.0495439436268363,0.100674717711148,-1.7625717451161,-0.608900562152436,"chr19:45787877:C:T"
-0.184372464060002,0.0468404975597372,0.0983748707393863,-0.737174135719427,0.268477159078364,"chr19:45788414:A:C"
0.185251790388121,-0.0468739657872253,0.0983748707393863,0.740084390113927,0.269913081941136,"chr19:45788765:CA:C"
0.0953394196675382,-0.1580004901366,0.0973295385822606,0.812047211476373,0.473545957297483,"chr19:45788802:G:T"
-0.396941954432771,-0.670026732787133,0.097611319196514,0.874072390474708,-3.61007455282856,"chr19:45789001:A:G"
2.59077493394515,3.03218875725645,0.133025250990041,-1.2102605744127,-15.0118020204502,"chr19:45789746:A:G"
0.245828829790795,0.224126541077665,0.103229738081379,0.0675465425485214,-1.56376524290698,"chr19:45790878:A:G"
-0.387954362456955,-0.538029644767059,0.0968190335079191,0.482312810843389,-3.68466412619498,"chr19:45791252:A:G"
-0.743287028400052,-0.91891854208343,0.125106675097869,0.496549104749784,-5.07509595978225,"chr19:45791965:A:G"
0.437895432027729,0.572989102415678,0.0974108392499731,-0.432843957106448,-3.91799096766349,"chr19:45792972:A:T"
-1.24149223064269,-1.97429333344196,0.166412589450031,1.79635854838486,-6.03439415056778,"chr19:45793507:G:T"
0.335487270422481,0.108925065509732,0.140878060638702,0.603623001322735,-0.772726772695544,"chr19:45795419:A:G"
-0.294090643441041,-0.610548994721944,0.123037020630735,0.902191348394858,-2.88623136076855,"chr19:45797000:C:T"
-0.651866100423036,-0.483759306677758,0.0988318104835139,-0.534732880431987,-4.12245806244211,"chr19:45797590:A:C"
-0.940563051382233,-1.31411468965674,0.0978460076703632,1.19420556406443,-6.60936271868842,"chr19:45798198:A:C"
-0.0565262232655234,-0.134225084858664,0.097530878519092,0.248796111104617,-0.239316502129274,"chr19:45798221:C:T"
-0.0114895110875331,-0.135538144877431,0.097530878519092,0.397210680336302,-0.0491737458761235,"chr19:45798362:A:G"
-0.0179170743724296,0.13639550345864,0.0975308785190921,-0.494117525941822,0.077155418498752,"chr19:45798413:A:G"
1.75198181690858,1.8030624069366,0.0997998112767449,-0.161692935305498,-11.2397988018682,"chr19:45798887:A:G"
-0.0847554069266138,0.0529338387724232,0.0978241033233217,-0.440227413261995,0.141677743120026,"chr19:45799116:A:T"
0.0562157591847527,-0.512723781099157,0.129676223959165,1.57992306603127,0.601295584283963,"chr19:45799262:A:G"
0.0856883278393536,-0.0529639249704459,0.0978241033233217,0.44330639105123,0.143310361023702,"chr19:45799274:A:AGG"
0.0958155047117897,-0.168402624284878,0.0991175703896031,0.839242152392022,0.49748248335216,"chr19:45800370:C:T"
0.0352432024548378,-0.165622461434153,0.0991175703896031,0.638014252632814,0.180679359332813,"chr19:45800996:C:T"
-0.611063593107827,-0.252747749513889,0.0982964371219675,-1.1428707649222,-2.69618361238119,"chr19:45801142:A:G"
0.522379485275294,0.182800981830909,0.0981479975692442,1.0839255869343,-2.19069804773311,"chr19:45801327:G:T"
-0.0520978099317521,0.166396058471513,0.0991175703896031,-0.694007126231404,0.26813369056657,"chr19:45801773:C:T"
-0.0765009200457997,0.167516118592289,0.0991175703896031,-0.775076961995822,0.395763346793854,"chr19:45802272:C:T"
0.081911217839154,-0.167764441808951,0.0991175703896031,0.793050570748749,0.424200414314116,"chr19:45803157:C:T"
0.0157167613217415,0.118233580278007,0.0975984616674511,-0.328150927097815,-0.058729614107271,"chr19:45803461:C:G"
0.0445884880309238,0.161958326310853,0.0991175703896031,-0.37280453115764,-0.223565384930894,"chr19:45803600:C:T"
0.658858482280331,0.25096817493458,0.0982964371219676,1.3009916136694,-2.54516514336816,"chr19:45803646:C:T"
0.407365064901488,-0.0157690933003807,0.115041812029247,1.24752779077233,0.160346857701327,"chr19:45804148:A:G"
-0.0375112566126993,-0.423372483002892,0.0980124659069146,1.23251008733531,-0.448566879739469,"chr19:45805458:A:G"
-0.0968897548186652,-0.199695365382802,0.0976110462716395,0.329054119922349,-0.60232815954223,"chr19:45805657:A:C"
-1.91625594315286,-1.61312186238572,0.0965461057329403,-0.975590102229209,-10.6407875914735,"chr19:45805701:GAGAA:G"
-1.9330406152099,-1.58336322563895,0.0971032926041092,-1.12214911997604,-10.3409175099818,"chr19:45805849:C:T"
-0.0907554331198418,-0.21987502334026,0.0974569153547948,0.413605026887008,-0.619985988037015,"chr19:45805945:A:C"
-1.92440625424432,-1.61296893070203,0.0965461057329403,-1.00231280344228,-10.6272288345316,"chr19:45806405:A:G"
-1.59012778705579,-1.73679838657778,0.099665450185566,0.464590955434584,-10.4087169680025,"chr19:45806970:C:G"
-1.90306834820295,-1.61336931319792,0.0965461057329403,-0.932351487701436,-10.6608437641942,"chr19:45807051:A:G"
1.74599727509519,1.36174777000297,0.0970557108092691,1.23339666418869,-8.92486001310754,"chr19:45807254:A:C"
0.0287237770503223,-0.165323231197865,0.0991175703896031,0.616355999059757,0.147022946946424,"chr19:45807417:A:G"
0.00509919075221804,-0.164459738641677,0.0977489726846657,0.542331168768315,0.0263356131882463,"chr19:45807549:C:T"
-0.083026861910604,0.240691661773222,0.0979291544956193,-1.03445487038775,0.615462786040297,"chr19:45807637:A:C"
0.0372839541089542,0.162293591656484,0.0991175703896031,-0.397071002219,-0.187368098997031,"chr19:45808090:A:T"
0.0473935704594949,0.236341100546671,0.0979291544956193,-0.60378902795602,-0.346309142520615,"chr19:45808162:C:T"
-0.430632262504597,-0.448767571401164,0.139910688223772,0.0484841192588835,-3.22499143881939,"chr19:45808321:A:G"
1.88131741362764,1.61377744572303,0.0965461057329402,0.861035961307696,-10.6887145773113,"chr19:45808375:C:T"
-1.72666706935664,-1.72974210010958,0.099665450185566,0.00974040796286533,-10.9630575763416,"chr19:45808603:GA:G"
-1.72516112283526,-1.8044865140523,0.0997998112767449,0.251100375761223,-11.132201689374,"chr19:45808810:C:T"
-0.0576560710148662,-0.235998764333004,0.0979291544956193,0.569900868203649,-0.420451916364746,"chr19:45808819:A:G"
0.0531242789474615,0.2361499357292,0.0979291544956193,-0.584865456289753,-0.387754583935659,"chr19:45809087:C:T"
1.82756394186603,1.59851673426323,0.0974225275498753,0.733829734293421,-10.5769611070205,"chr19:45809433:G:T"
1.82444849056686,1.59860400427218,0.0974225275498752,0.723568739841005,-10.5789685651525,"chr19:45809454:A:G"
0.264757205647516,0.214937747520018,0.0974569153547947,0.159585220826247,-1.69417460683174,"chr19:45809622:A:G"
-1.72257013398758,-1.72995382781985,0.099665450185566,0.0233884458326975,-10.9508791388315,"chr19:45809847:C:T"
1.71170270358941,1.73051545155752,0.0996654501855659,-0.0595908967532518,-10.9172353654982,"chr19:45810118:A:G"
0.0139288559508881,-0.164644170166868,0.0991175703896031,0.567205631828966,0.0710277646903043,"chr19:45810145:ATTATTTTTATTTATTTAT:A"
-0.473103232293315,-1.46537925611485,0.0958865070088826,3.20445183745801,-2.74466595058461,"chr19:45810247:GC:G"
1.75443048238791,1.63409775854671,0.0982607493236614,0.383878431485821,-10.7167303921164,"chr19:45810295:C:G"
-0.101477507402612,-0.234536970052943,0.0979291544956193,0.425196580113678,-0.732572356054863,"chr19:45810500:C:G"
-0.407104761192409,-0.281715550710709,0.097555003557243,-0.401453633760698,-2.88211553663438,"chr19:45810567:A:T"
-0.419034273768218,-0.255375200096212,0.125084308346394,-0.46274173752604,-2.29865237412803,"chr19:45810985:A:T"
-1.67559156021409,-1.45118537540368,0.0958865070088825,-0.724696348585771,-9.76969358414337,"chr19:45811224:C:T"
0.229624377295263,-0.16987294171506,0.118180516529109,1.16209311257934,0.992745237592225,"chr19:45811246:C:T"
-0.24653972137485,-0.490221591166973,0.0974250293666847,0.780706770494881,-2.7727941504532,"chr19:45811636:A:C"
1.43404360386996,1.44155418712787,0.0990250081292716,-0.0238671862096006,-9.33748835210036,"chr19:45811721:A:C"
1.61488771366567,1.45190190889228,0.0958865070088825,0.52634564279223,-9.78646917944531,"chr19:45811895:A:C"
-0.0238964083312733,0.165101663407311,0.0991175703896031,-0.600318945282638,0.12216704896419,"chr19:45812411:G:T"
0.164610967459868,0.379099581450802,0.098802944677234,-0.682369015838661,-1.74878630025682,"chr19:45812551:A:G"
1.45975550230281,1.4537330519075,0.0958865070088825,0.0194488748815615,-9.5685743199316,"chr19:45813807:C:T"
0.395107388195133,-0.0214819387803275,0.0974844491803827,1.33426000500334,0.246624917107987,"chr19:45813935:C:T"
-1.54713862179267,-1.45270160274877,0.0958865070088826,-0.304974494933201,-9.73818707128359,"chr19:45814020:G:T"
-0.286174859139297,0.194252318688943,0.0983723180359642,-1.53176137783269,1.63775467235509,"chr19:45814335:G:T"
1.37037048151371,1.42244596495377,0.0986794193503797,-0.165775374508727,-9.10748222725911,"chr19:45814451:C:G"
-2.54590154060622,-2.07978655256539,0.121993282899898,-1.334520067395,-12.0696801293853,"chr19:45814958:C:T"
-0.307676382239729,-0.0192055296999509,0.0991333426860816,-0.916203745408608,-0.177033905918252,"chr19:45815433:C:T"
0.256661514402708,1.20128852757933,0.116757099463401,-2.76451348067136,-1.18937466673666,"chr19:45815705:A:C"
-0.209401088629416,-0.708315118768927,0.0988859992527986,1.58656662349196,-2.00401558183686,"chr19:45816783:G:T"
-0.930515341805842,-1.35778545985222,0.0984547424565555,1.36170866312144,-6.3840527977636,"chr19:45817460:C:G"
0.178972295119953,-0.015286340110775,0.0974844491803827,0.622175151477565,0.0859655221473297,"chr19:45817522:C:T"
1.4934944348607,1.4533348057267,0.0958865070088826,0.129691330114454,-9.64853950314184,"chr19:45818281:C:G"
1.49312520682984,1.45333916400486,0.0958865070088826,0.128484872127275,-9.64776326212078,"chr19:45818720:A:G"
-0.288257033014926,0.0184190307214104,0.0974844491803827,-0.982227771666731,0.162722080940734,"chr19:45819133:A:G"
0.364677589487533,-0.0206096564604816,0.0974844491803827,1.23400512067512,0.222700742817712,"chr19:45819327:C:T"
-0.836808878023595,-0.384738753545606,0.0972624089377938,-1.44955032060412,-3.04229326165724,"chr19:45819572:C:T"
-1.45989418718285,-1.4537314149048,0.0958865070088826,-0.0199020297539379,-9.56894046878459,"chr19:45820684:G:T"
0.582336717734301,0.378952366950979,0.120073930626801,0.586939272922921,-3.43181318977117,"chr19:45821171:C:T"
-0.114165949359366,-0.59478153908719,0.0977034829950058,1.53759809022184,-1.3895784699778,"chr19:45821622:C:T"
0.0134911905473682,-1.14264550303417,0.137892947055071,3.11342320770459,0.0549853129126969,"chr19:45821728:A:G"
1.3386450876265,1.18916480946949,0.101068472812648,0.470192876967171,-8.16475061649365,"chr19:45821816:C:T"
1.48769473578109,1.2772011124764,0.0974405841903062,0.674324601381052,-8.75134657736562,"chr19:45821821:A:C"
-1.47156700814926,-1.45359363175588,0.0958865070088826,-0.0580431428618688,-9.59864941471966,"chr19:45822180:A:G"
0.221693795004733,0.685055639989083,0.0973230479164202,-1.48529397265583,-2.19729347785196,"chr19:45822225:C:T"
0.439767526364178,-0.0727920849266219,0.0979186348585597,1.63799173697364,0.88500202435463,"chr19:45822360:C:T"
-1.51111353982436,-1.51526948890791,0.0965554771356434,0.013374629526733,-9.85528843488273,"chr19:45822369:C:G"
0.596190731052874,0.375252904747145,0.120073930626801,0.637596189842591,-3.41008679229749,"chr19:45822494:G:T"
-1.48597570698809,-1.45342355496779,0.0958865070088825,-0.105123776903237,-9.63230180701626,"chr19:45822942:A:G"
0.995910409515825,1.26090926462229,0.0972952099490132,-0.849568238716794,-7.15306828919375,"chr19:45823214:C:G"
0.982951775982831,0.696204395497826,0.0974305201618633,0.918653953952442,-5.27073738665921,"chr19:45823795:C:T"
0.259748389340448,0.684029601471829,0.0973230479164203,-1.36002205168864,-2.53267603688322,"chr19:45823908:A:G"
1.54821318559437,1.45268891885816,0.0958865070088825,0.30848564786016,-9.73951540379901,"chr19:45823927:C:G"
1.33404639869,1.18947055038447,0.101068472812648,0.454765905528643,-8.16414284646947,"chr19:45823984:G:T"
1.33641075484822,1.18931335766604,0.101068472812648,0.462697482425238,-8.16450148781832,"chr19:45823987:G:T"
-1.48473285414221,-1.45343822530149,0.0958865070088826,-0.101062737064832,-9.62953039055545,"chr19:45824039:A:G"
1.48473083403792,1.45343824914631,0.0958865070088826,0.101056136344561,-9.62952586578676,"chr19:45824109:C:T"
0.984753761609211,0.696153766306558,0.0974305201618633,0.924589184902084,-5.26805167271456,"chr19:45824180:C:T"
1.49796812494523,1.45328199937347,0.0958865070088825,0.144309177849344,-9.65777117807942,"chr19:45824295:C:T"
-1.48449176894305,-1.45344107101274,0.0958865070088826,-0.100274987653047,-9.62898992897084,"chr19:45824412:A:C"
-1.48450759556952,-1.45344088419908,0.0958865070088826,-0.100326701386373,-9.62902543749101,"chr19:45824451:C:G"
-1.53906439541027,-1.45279690895961,0.0958865070088826,-0.278591842222551,-9.72762107699694,"chr19:45824488:A:G"
-1.32223867742167,-1.03004841205572,0.126823723824907,-0.820475264181994,-6.60128878340692,"chr19:45824573:C:G"
0.908950848601235,0.382839803112394,0.0972624089377938,1.68696048105884,-2.75192887665475,"chr19:45824675:C:T"
-0.985468864025536,-0.696133674549726,0.0974305201618633,-0.926944529989983,-5.26697308368338,"chr19:45824684:A:G"
-1.50466799083233,-1.45320291578075,0.0958865070088826,-0.166201087555072,-9.67099751719329,"chr19:45824723:A:C"
1.63517319075886,1.45166246403836,0.0958865070088826,0.592628735669726,-9.78707360634553,"chr19:45824799:C:T"
1.63516402007139,1.45166257228694,0.0958865070088826,0.592598770314399,-9.78707475416582,"chr19:45824800:A:G"
0.369255885767414,-0.0207408951498481,0.0974844491803827,1.24908890641984,0.226326511918519,"chr19:45824921:C:T"
1.47310876794224,1.45357543319704,0.0958865070088826,0.0630808655185308,-9.60240960505808,"chr19:45824970:A:G"
1.00926841120155,1.26055302637826,0.0972952099490133,-0.805601321736025,-7.2456881912152,"chr19:45825821:C:T"
-1.48116982841909,-1.45348028239336,0.0958865070088825,-0.0894204984403487,-9.62144787865152,"chr19:45826129:C:G"
1.48119885263638,1.45347993979854,0.0958865070088826,0.0895153354945467,-9.62151454148627,"chr19:45826180:A:G"
-1.48117624079514,-1.45348020670324,0.0958865070088825,-0.0894414509727896,-9.62146260776339,"chr19:45827289:A:G"
1.11253909343979,1.25779894928156,0.0972952099490132,-0.465693181331561,-7.86243228370166,"chr19:45827378:A:C"
-1.29639159341271,-1.19197400621231,0.101068472812648,-0.328447380062809,-8.14518241939513,"chr19:45827551:A:G"
-1.48020394237447,-1.42584292601982,0.0964945990107507,-0.174999200676036,-9.49915047986186,"chr19:45828044:C:G"
-1.00380699524337,-0.695618440277378,0.0974305201618633,-0.987345147158916,-5.23685530824253,"chr19:45828884:A:G"
-1.46983692852476,-1.45361405319635,0.0958865070088826,-0.0523900824034512,-9.59438444006485,"chr19:45828936:C:T"
-0.219130258564296,-0.603248536609238,0.0977295192440088,1.2287176368422,-2.43050642472849,"chr19:45829584:C:T"
1.45274828182198,1.45381576343934,0.0958865070088825,-0.00344732045122726,-9.54967115923309,"chr19:45830374:A:G"
-1.51251978835811,-1.45311023506621,0.0958865070088826,-0.191856950725867,-9.68558452836156,"chr19:45830529:C:T"
1.4973890308031,1.45328883486034,0.0958865070088825,0.142416979276359,-9.6565942479686,"chr19:45830699:C:T"
-2.67651115379801,-2.18981679488689,0.11791164771153,-1.41735277514388,-13.0234380253977,"chr19:45830870:C:G"
-0.240550746272581,-0.47116912781153,0.099176054553721,0.732302482552618,-2.68150925781544,"chr19:45830954:GGTGT:G"
1.4728752820567,1.31598826422105,0.0957456431825807,0.507022809460027,-9.03366624809517,"chr19:45831295:A:G"
-1.48450793230442,-1.31586824611136,0.0957456431825807,-0.545004734360044,-9.03445008330997,"chr19:45831697:C:T"
0.396774380560882,-0.101005886206492,0.097394297541362,1.59503754908519,1.1478807460478,"chr19:45831873:A:G"
1.00733211845343,0.695519397235832,0.0974305201618633,0.998955905908254,-5.23052953935248,"chr19:45831886:T:TA"
-0.258907706371529,-0.494772477421941,0.0972235225342295,0.756445081039306,-2.8769835193262,"chr19:45832253:C:T"
1.49884084882305,1.3157203684128,0.0957456431825806,0.59180333547125,-9.03249552253836,"chr19:45833035:C:T"
1.49366914194631,1.31577372671637,0.0957456431825807,0.574917124847336,-9.03357096754742,"chr19:45833787:G:T"
-1.49450290255501,-1.31576512451738,0.0957456431825807,-0.577639447976592,-9.0334257871532,"chr19:45833794:C:T"
0.132548705308464,0.80566125514411,0.20740736951432,-1.47800395461094,-1.15837232695279,"chr19:45833847:C:T"
1.48885352944162,1.3158234110701,0.0957456431825807,0.559193602811875,-9.03419693157351,"chr19:45834017:C:G"
1.50288556824175,1.24413647799702,0.0966635933758306,0.832237658718964,-8.55258574408799,"chr19:45834504:G:T"
1.48340100861806,1.24452624028044,0.0966635933758306,0.768314113646955,-8.5782106463024,"chr19:45834556:C:T"
1.47232637648914,1.24474777332968,0.0966635933758307,0.731981255233899,-8.59019411969236,"chr19:45834581:C:T"
-1.48640186724486,-1.31584870572405,0.0957456431825807,-0.55118864715217,-9.0343761641835,"chr19:45834880:C:T"
0.294817452540506,0.493841981365395,0.0972235225342295,-0.63829424447441,-3.13869370198031,"chr19:45835234:A:G"
-0.536481842420602,-0.123096966197684,0.115190399476995,-1.21799762546163,-1.42361963707594,"chr19:45835247:C:G"
0.0707766540611482,1.62862023491963,0.184285659169541,-3.62892572116627,-0.262277750004438,"chr19:45835271:C:T"
0.413955960273755,-0.101482058397921,0.097394297541362,1.65161829203569,1.18553440638722,"chr19:45835471:C:T"
-1.48675797213781,-1.31584503166566,0.0957456431825807,-0.55235137009258,-9.03435597970365,"chr19:45835516:A:G"
1.50042486442019,1.31570402557143,0.0957456431825807,0.596975326390753,-9.03208280862999,"chr19:45836023:C:T"
1.48354219914761,1.31587820991716,0.0957456431825807,0.541851505864862,-9.03446609538204,"chr19:45836213:C:T"
0.413711890239364,-0.0220152442536363,0.0974844491803827,1.39555492904639,0.260899648379508,"chr19:45836401:C:T"
0.964229945437303,0.696730410314903,0.0974305201618633,0.856989539730015,-5.29588711747332,"chr19:45836491:C:T"
-1.42060549797287,-1.3165275498134,0.0957456431825806,-0.33635602490658,-9.00356102655941,"chr19:45836912:A:T"
-1.00285223941613,-1.26072413623615,0.0972952099490132,0.826719696988616,-7.20155746797126,"chr19:45837548:C:T"
-1.44543423464707,-1.18206500081321,0.101068472812648,-0.828432615243808,-8.0771760986959,"chr19:45837574:A:G"
-1.00290308962147,-1.26072278013601,0.0972952099490132,0.826552327137247,-7.20190981753792,"chr19:45837910:C:T"
0.984850221613558,1.26120422355474,0.0972952099490132,-0.885972064283781,-7.07423070103719,"chr19:45837919:A:G"
-1.54760865363587,-1.31521721396197,0.0957456431825807,-0.75103575976792,-9.00211023964303,"chr19:45838115:A:T"
1.53035645391091,1.31539521092352,0.0957456431825807,0.694705367264088,-9.01700342323791,"chr19:45838193:C:T"
-0.031049391100488,0.0522826612768973,0.189436858917593,-0.191460785416426,0.0265463265487092,"chr19:45838435:A:G"
1.58672912434611,1.31481359442174,0.0957456431825807,0.87876854197389,-8.95199812292077,"chr19:45838566:C:T"
-1.51890830315389,-1.31551332548762,0.0957456431825807,-0.657325854166214,-9.02439590782395,"chr19:45838929:A:G"
0.264280841879586,-0.0177317436372692,0.0974844491803827,0.903235127252527,0.144672286092695,"chr19:45838962:C:T"
1.54017932412229,1.31529386494567,0.0957456431825807,0.72677815469656,-9.00907327357152,"chr19:45839076:A:T"
0.983808461133567,1.26123200577344,0.0972952099490132,-0.889400945160987,-7.06670557345708,"chr19:45839242:A:G"
1.44066618350216,1.1823820016671,0.101068472812648,0.812437493624281,-8.08513286178132,"chr19:45839404:G:T"
0.283541823374189,0.571002183860447,0.0973893645242807,-0.921132699827204,-3.0181006796863,"chr19:45839627:A:G"
1.44932077743829,1.31623128426022,0.0957456431825807,0.430114675335616,-9.02551390769323,"chr19:45840301:C:T"
-0.250235773459065,-0.660619302062658,0.17151604497821,0.990917605495324,-2.25077953743141,"chr19:45840351:A:G"
1.42439242332575,1.31648847878378,0.0957456431825807,0.348720766499628,-9.00721714590325,"chr19:45840385:C:T"
1.00758570926718,0.69551227226345,0.0974305201618633,0.999791162318891,-5.23006788523314,"chr19:45840599:C:G"
1.46079651550109,1.31611288506828,0.0957456431825807,0.46758426412163,-9.03058829298329,"chr19:45840678:C:G"
1.4615895287651,1.31610470327386,0.0957456431825807,0.470173542540286,-9.03086141335682,"chr19:45840844:A:G"
-0.962899545770631,-0.69676778966922,0.0974305201618634,-0.852607579540389,-5.29748148737355,"chr19:45840863:G:T"
1.95311486650678,1.56451985964504,0.0970016312358488,1.24769288099133,-10.1364810508121,"chr19:45841286:T:TC"
1.04076363670356,1.25971309507026,0.0972952099490132,-0.701937016436775,-7.45261335958632,"chr19:45841362:A:G"
1.52139297864383,1.31548769022403,0.0957456431825807,0.66543860197947,-9.02296154960821,"chr19:45841417:A:G"
2.13708363570796,0.602075553349681,0.198132717746994,3.4485185636934,-2.45886367147648,"chr19:45841694:C:T"
0.982254182804631,1.26127345608881,0.0972952099490132,-0.894516742258546,-7.05544664820688,"chr19:45841950:G:T"
1.49883484557951,1.31572043035037,0.0957456431825807,0.591783734198895,-9.03249701244317,"chr19:45842524:A:AC"
0.234506909185923,-0.602317706809194,0.0976686565191134,2.67766868738171,2.56664015361215,"chr19:45842628:C:T"
0.522708654150892,-0.104496042527019,0.097394297541362,2.00975231232173,1.33011792442587,"chr19:45843072:C:T"
-1.44903205479161,-1.31623426311247,0.0957456431825807,-0.429171963086046,-9.02535911472405,"chr19:45843165:C:T"
-1.40831139780735,-1.31665439233258,0.0957456431825807,-0.296214390863057,-8.99008937832378,"chr19:45843458:A:G"
-1.00283329456257,-1.26072464146751,0.0972952099490132,0.826782052633052,-7.20142618532,"chr19:45844284:G:T"
-1.4586900997648,-1.31613461769409,0.0957456431825807,-0.460706577386387,-9.02981422796117,"chr19:45844346:C:T"
0.727155235132463,0.125591874805542,0.10656911710644,1.84274691470276,-1.20602235614323,"chr19:45845115:C:CT"
-1.45831959577905,-1.3396367486426,0.0962206388344555,-0.38260781654708,-9.12479418777559,"chr19:45845607:C:T"
-1.47265160314148,-1.31599057199444,0.0957456431825807,-0.50629247238469,-9.03363025747326,"chr19:45845761:C:T"
-0.449189066524569,0.0780170525964826,0.0979974451455565,-1.68412012475619,0.95722356366846,"chr19:45846053:A:G"
1.45845430423812,1.31613705047877,0.0957456431825807,0.459936678197899,-9.02972318095723,"chr19:45846097:G:T"
-1.47001036822547,-1.31601782253625,0.0957456431825806,-0.497668540255169,-9.03314542570153,"chr19:45846415:G:T"
-1.19642990453709,-1.19861989564749,0.101068472812648,0.00688865603829376,-7.97212885585391,"chr19:45846820:A:G"
1.49134942680001,1.31579766002658,0.0957456431825807,0.567342991300773,-9.03391776727975,"chr19:45847026:C:T"
-0.278942322583889,-0.571129415510706,0.0973893645242806,0.936278954451555,-2.98389698857155,"chr19:45847117:A:C"
-0.875522712435279,-1.29967982348396,0.0977888130752234,1.356382459665,-6.08508862209211,"chr19:45847160:C:T"
-1.49272507876556,-1.31578346694548,0.0957456431825806,-0.571834651286344,-9.03372225168406,"chr19:45847280:A:C"
-1.47407252343056,-1.31597591186425,0.0957456431825807,-0.510931938590581,-9.03384544275602,"chr19:45847293:A:G"
-0.0505388079538219,0.16632450300437,0.0991175703896031,-0.688827948916817,0.260018917767892,"chr19:45847514:C:T"
1.42150148119866,1.31651830564198,0.0957456431825807,0.339281511951121,-9.00444701899134,"chr19:45847702:A:G"
1.42377952436279,1.34016623236437,0.0962206388344554,0.269551159731197,-9.08921378814881,"chr19:45848864:A:G"
-0.639961906602007,0.038775301241022,0.097780307388298,-2.17058080655557,0.454417759328048,"chr19:45848945:C:T"
1.45802545617702,1.33964125767007,0.0962206388344555,0.381645037992249,-9.12457266744038,"chr19:45849270:A:C"
-1.49877214359793,-1.33901662932333,0.0962206388344555,-0.51501720739547,-9.14206303437815,"chr19:45850143:C:G"
-1.47625247027855,-1.33936184576189,0.0962206388344555,-0.441305750711133,-9.13567386233206,"chr19:45850153:A:G"
-1.01657349960227,-1.2951835367653,0.0977888130752234,0.89094761740579,-7.24085220740809,"chr19:45850376:C:T"
-1.43624153117663,-0.886744239488819,0.122150489499027,-1.57223677536797,-5.37040065468046,"chr19:45850486:C:T"
0.980556722957205,0.696271687709234,0.0974305201618633,0.910765326742766,-5.27423545976067,"chr19:45850568:C:T"
0.469198818205081,0.161948844163634,0.0964211218493516,0.989477139290666,-1.96112320244613,"chr19:45851071:A:G"
0.5846050885519,0.0440194541401326,0.17518177627667,1.2915762121474,-0.401717788955922,"chr19:45851201:C:T"
1.06314914696247,1.29369884129606,0.0977888130752234,-0.737258797104821,-7.55783445148619,"chr19:45851300:A:G"
0.24624951934326,0.572033765677782,0.0973893645242806,-1.04393705580716,-2.7265694328485,"chr19:45851535:A:G"
1.45000285875656,1.33976424047139,0.0962206388344555,0.355385450036957,-9.11799280767353,"chr19:45851596:A:G"
1.43646392287105,1.33997178625423,0.0962206388344555,0.311069767836615,-9.10452850014206,"chr19:45851733:A:G"
-1.45863183988293,-1.33963196208127,0.0962206388344555,-0.383629854807218,-9.12502781806197,"chr19:45852653:C:T"
-1.08345571676505,-1.29305152721906,0.0977888130752234,0.670251832431168,-7.68497114633653,"chr19:45853160:C:T"
0.258352827970184,-0.569532399696119,0.0966672706438282,2.6627500714933,2.83248235199007,"chr19:45853290:C:T"
-0.919207158348452,-0.697995385609778,0.0974305201618633,-0.708697214054718,-5.33532977201935,"chr19:45853569:A:G"
1.45121450266141,1.33974566651662,0.0962206388344555,0.359351406200838,-9.11905315299074,"chr19:45853749:A:G"
0.216824835130562,-0.568700076915059,0.0966672706438281,2.52650542105377,2.4832933475776,"chr19:45854055:C:T"
-1.4166764790294,-1.31656808687217,0.0957456431825806,-0.323527331593862,-8.99952228477236,"chr19:45854553:A:C"
0.345327459484081,0.693070479255341,0.174669163840332,-0.832051677582605,-2.87033848269219,"chr19:45854941:A:G"
-1.05066659604875,-0.694301857249538,0.0974305201618633,-1.14168741766149,-5.13917575955035,"chr19:45855019:A:G"
-0.246618808116095,-0.572023550390919,0.0973893645242806,1.04272097996799,-2.72961876426727,"chr19:45855167:A:G"
-1.0751734219263,-0.693613305267408,0.0974305201618633,-1.22240597018314,-5.07698170706518,"chr19:45855420:C:T"
-0.181560295811924,0.567993289097208,0.0966672706438282,-2.41080985033512,2.15195688383974,"chr19:45856295:A:G"
-1.0840388257191,-1.25855900947364,0.0972952099490132,0.559499795096516,-7.71011708452691,"chr19:45856536:C:T"
1.37754186231468,1.31697185236165,0.0957456431825807,0.195748361075842,-8.94557745447748,"chr19:45856761:A:C"
1.3698531012208,1.31705117999144,0.0957456431825807,0.17064368241508,-8.93203324913448,"chr19:45856946:GT:G"
1.48393537256011,1.31587415340995,0.0957456431825807,0.543135261733741,-9.03446134457514,"chr19:45857293:C:T"
-0.990778083370056,-1.2610461362066,0.0972952099490132,0.866460926925561,-7.11672534796651,"chr19:45857481:C:T"
-0.452018715552389,-0.16224855217839,0.0964211218493516,-0.933184626627232,-1.93918308479541,"chr19:45857659:C:T"
-0.990379857171494,-1.26105675631319,0.0972952099490132,0.867771660269042,-7.11388798471842,"chr19:45857925:A:G"
-1.41297747966576,-1.31660625073868,0.0957456431825807,-0.311449678346945,-8.99549123196334,"chr19:45858217:C:G"
0.974574370099908,0.8273875579241,0.099468634194166,0.466687127424983,-6.07466477201483,"chr19:45858349:C:T"
-1.41762607934031,-1.3495115916601,0.0967043874475329,-0.219036456653543,-9.09814987413286,"chr19:45858960:A:G"
0.478733605774783,0.189557925503604,0.0968850269114987,0.929037905228338,-2.25172628511553,"chr19:45859003:A:G"
1.44072864002598,1.18456107340403,0.097864318912486,0.818864330677849,-8.19634093392064,"chr19:45860032:A:C"
1.44062523831082,1.1845644519332,0.097864318912486,0.818522997329329,-8.19649316123389,"chr19:45860075:G:T"
1.31214234486319,1.36155684603087,0.129261336480721,-0.137442198871828,-7.87142034302558,"chr19:45860129:CA:C"
1.15576419362789,0.691348999972473,0.0974305201618634,1.48784917653136,-4.82777287791582,"chr19:45860278:A:G"
0.331776399600314,-0.134179060633744,0.17715634987013,1.10704695972662,0.755226513763007,"chr19:45860336:C:T"
2.1753184866137,-1.04379905338352,0.187763611303334,7.4290130225301,4.33795204403832,"chr19:45860351:A:G"
1.44723322713217,1.31625282224481,0.0957456431825807,0.423298586373601,-9.02436465762797,"chr19:45860389:A:G"
-0.47087109694453,-0.0544149266306318,0.0987003360176894,-1.32559233894776,-0.683100552068375,"chr19:45860431:C:G"
1.52260917242375,1.33865121841878,0.0962206388344555,0.593040635749048,-9.14010054236946,"chr19:45861104:A:C"
-1.43735314536678,-1.18467136371348,0.097864318912486,-0.807721682867753,-8.20122450104537,"chr19:45861605:A:G"
0.91590069256823,1.26304300601127,0.0972952099490132,-1.11291455843231,-6.54065593446622,"chr19:45861919:C:T"
0.92630620280157,1.26276550636866,0.0972952099490131,-1.07866555807019,-6.62564874672135,"chr19:45862414:C:T"
-1.31945608082503,-1.30084024660273,0.0964440074029932,-0.0599438839713754,-8.74503595888146,"chr19:45862436:C:T"
-0.107236950184949,0.168926848678274,0.0991175703896031,-0.877185459797318,0.557865320128149,"chr19:45862712:A:G"
0.18172821696753,-1.60765692583574,0.186886720782742,4.13918278594092,0.661769368654993,"chr19:45863072:C:T"
-0.905807315580488,-1.26331218151962,0.0972952099490132,1.14613619431137,-6.45677962957074,"chr19:45863113:TCCG:T"
-1.43079104013404,-1.31642246202255,0.0957456431825807,-0.369612977466259,-9.01286804713217,"chr19:45863218:A:C"
1.17628072555851,0.690772560624605,0.0974305201618633,1.55542482947302,-4.75600368248616,"chr19:45863565:CTTTTCTTTCTTTCTTTTT:C"
-0.227440749683305,-0.601694492836151,0.0977932407542505,1.19677286455502,-2.50689000470268,"chr19:45863767:C:T"
0.486147222650262,-0.0240916319551024,0.0974844491803827,1.63420244498668,0.310292202560131,"chr19:45863948:C:T"
0.530745315780528,0.124286873723602,0.0970773998326733,1.30453904002081,-1.56501764516324,"chr19:45864007:A:G"
-0.118164820093776,0.733524230878188,0.123037020630735,-2.42808094714327,1.17305961485218,"chr19:45864238:C:T"
-1.37599105484791,-1.3746206838345,0.0973246651718126,-0.00439265105061385,-9.06678478856111,"chr19:45864445:C:T"
-1.45679717601649,-1.33966008665114,0.0962206388344555,-0.377624627990493,-9.12363257099047,"chr19:45864687:C:G"
-0.786792755297281,-1.34906563352575,0.098885281365206,1.78805679169054,-5.06878926208671,"chr19:45864964:G:T"
0.434315875207271,1.08038023064977,0.138565877298668,-1.7355919734958,-2.59096436962405,"chr19:45865402:A:T"
-1.38257150367747,-1.37154166749306,0.0976128154248751,-0.0353033275946569,-9.06430605428038,"chr19:45865499:G:T"
1.25450242928441,0.793181322296694,0.09788323680088,1.47451489643176,-5.46801341881265,"chr19:45865719:A:C"
-0.821514295301656,-1.34755708273044,0.098885281365206,1.67284323182253,-5.40339905883828,"chr19:45867043:C:T"
0.300324010776078,0.546831033851457,0.0981601794998782,-0.786795061041862,-3.15866657251777,"chr19:45867123:A:G"
-1.28032402741891,-0.792332477417188,0.0978832368008801,-1.55976130055873,-5.37472534537965,"chr19:45867384:A:G"
-0.847307855339837,-1.60989960688411,0.104415173486441,2.35999072571376,-4.7951762230951,"chr19:45867967:A:G"
0.979575727494699,0.792075610219429,0.141241768925144,0.498907427621774,-5.08681958916736,"chr19:45868002:A:G"
1.10095628036392,0.449319880054388,0.15627128964223,1.64841188770833,-2.6473937989641,"chr19:45870442:A:G"
0.684050964731251,1.17558679251327,0.112375554680391,-1.46628791309782,-4.50461317776218,"chr19:45870779:A:G"
0.685833604071411,0.939223579802451,0.112809438442899,-0.754426111256272,-4.95801958779822,"chr19:45871299:C:T"
1.36108739889803,1.20379404320832,0.101981229644492,0.492549923161335,-8.21701392191195,"chr19:45871387:A:G"
-0.645963103956746,-0.689708848764799,0.112216803029287,0.130589082093222,-4.62830961643265,"chr19:45871658:C:T"
-0.884645368348862,-0.819324988757218,0.113102290419132,-0.19422851956494,-5.58181706467916,"chr19:45871734:GA:G"
1.15259389611967,0.735251034311366,0.109070792022488,1.26368478452521,-5.05290617113463,"chr19:45872521:C:T"
0.855501712557729,1.53221191478321,0.107536173259476,-2.06359960065533,-4.98437652917854,"chr19:45872959:A:C"
0.578566294329585,0.600937757601073,0.117770697997223,-0.0651892173227151,-4.20669543406907,"chr19:45876389:C:T"
0.188383382873655,1.25298456289723,0.18369618714167,-2.48391581255902,-0.755632701745723,"chr19:45876901:C:T"
-0.0212139155292611,-0.184481211638747,0.106394096153903,0.500541897526021,-0.112704295920526,"chr19:45877067:G:T"
-0.745820741894136,-0.674801506230927,0.10888080096647,-0.215228778257072,-4.87558393268059,"chr19:45877352:A:G"
0.0701949379017395,-0.0194556423561011,0.150292685984192,0.231251299446266,0.0281350307066114,"chr19:45877519:A:G"
0.868676831705301,0.604167095812343,0.12529774489184,0.747257073189914,-4.35868034340064,"chr19:45877845:A:G"
1.12126548015042,0.739654812111284,0.12134390359625,1.09549784115889,-4.97082078189771,"chr19:45877923:A:G"
-1.0719260694659,-0.753491195522263,0.12134390359625,-0.914137748683651,-5.14122474035876,"chr19:45878606:C:G"
2.59511867064859,1.97642668502749,0.116384910054083,1.81353588145245,-11.2967081891114,"chr19:45878985:A:T"
-0.699543982798857,-0.868151277935167,0.109563028380809,0.50938288333693,-5.09916919475066,"chr19:45879487:C:T"
1.12712507074051,0.659630110683714,0.149161419777975,1.21045508435772,-4.09950780200223,"chr19:45880197:C:G"
-1.08413890068737,-1.07721162017959,0.12570054792027,-0.0195386335896215,-6.62053213802725,"chr19:45880957:G:T"
-0.309111313809323,-1.09010007509362,0.111920879545325,2.33447499797457,-1.60195983444627,"chr19:45881201:C:T"
-0.0100502130973361,-0.161591184310618,0.102661605210932,0.472961773609113,-0.0486001702098754,"chr19:45881296:A:G"
-0.135824210630114,-0.330714378273506,0.102527810024535,0.60865204940007,-1.27094666313862,"chr19:45881572:C:T"
-0.118701023579638,0.0704578342668336,0.0999759747973323,-0.598244699458541,0.257598114681482,"chr19:45882180:A:C"
0.158346587635483,-0.196035188661996,0.102148748155888,1.10880418469361,0.91745721482689,"chr19:45882282:A:G"
-0.166107802459816,0.0734926127219116,0.100975557309333,-0.754014047284682,0.370308664909189,"chr19:45882537:C:G"
0.144932333060085,-0.170339386870168,0.101836685853049,0.987945272417836,0.736844417284683,"chr19:45882739:A:T"
0.245411494124126,0.552937124555208,0.10419942442485,-0.952683530599964,-2.69528996967112,"chr19:45883008:C:G"
-0.222627859592742,-0.0528710468725301,0.100798247956081,-0.534688348995716,-0.354765794086289,"chr19:45883355:C:G"
0.0616299775744685,0.093190080682098,0.123166302228528,-0.0899274879453423,-0.144054529757907,"chr19:45883416:C:T"
0.177797795453626,0.172063040613019,0.100783582962059,0.0180642510254523,-0.917073205318243,"chr19:45884086:A:G"
0.069887956381162,0.0849255991754941,0.101049745947784,-0.0473055560078595,-0.181334010796837,"chr19:45884245:C:T"
0.153774349735493,0.204080825826446,0.10153010548816,-0.157879767393811,-0.932140777298112,"chr19:45885121:C:G"
-0.71708700861872,-0.505994811604465,0.10419942442485,-0.653942434819953,-4.15212382069785,"chr19:45886068:C:T"
-0.565985532796477,-0.199969177719381,0.100960764739971,-1.15192492651151,-2.30820522101495,"chr19:45886270:C:G"
-0.530506911169759,-0.401336005435303,0.102493273784004,-0.403475364072761,-3.68660332796454,"chr19:45886273:C:G"
-0.355983753499008,-0.21369233602255,0.100960764739971,-0.447818870239452,-2.0804710635762,"chr19:45886345:G:T"
-0.251234893553269,-0.220537445582671,0.100960764739971,-0.0966108618019913,-1.60350436746297,"chr19:45886419:A:G"
0.235513309002102,0.221564816847309,0.100960764739971,0.0438986279642374,-1.51856976630882,"chr19:45886476:C:T"
-0.0788822877457174,0.0346909489743794,0.0989002750820002,-0.361141379904606,0.0855563739965542,"chr19:45886501:A:G"
0.263295144881028,0.219749334459515,0.100960764739971,0.137047166810675,-1.66663787789581,"chr19:45886578:C:G"
-0.0723695372205553,0.0153044308660454,0.100016177992821,-0.277227006682853,0.03426553557422,"chr19:45886622:C:T"
0.135300432393877,0.058427946608295,0.100798247956081,0.242127675757165,-0.241284593009972,"chr19:45886631:C:T"
0.107455881966128,0.229933090435222,0.100960764739971,-0.385459686180905,-0.738711871331321,"chr19:45886841:C:G"
0.37858981349859,0.212215079301095,0.100960764739971,0.523613769727458,-2.15808392915673,"chr19:45886950:A:AC"
0.187142378550532,-0.00559033844299994,0.10062049688866,0.607592235000208,0.031827002232287,"chr19:45887022:C:T"
-0.37934189614904,-0.159269387947587,0.100783582962059,-0.693219700309157,-1.66964649042827,"chr19:45887197:C:G"
0.3014125867955,0.169577236815643,0.100409156667715,0.416049703365776,-1.48014986752865,"chr19:45887347:A:G"
-0.798806929616704,-0.589296216601572,0.129601898623204,-0.581969939943325,-4.27352941216633,"chr19:45887471:T:TA"
-0.432689519569651,0.0381011836328203,0.131828093024508,-1.2966533704599,0.359376632617007,"chr19:45887848:C:G"
0.0865707778987238,0.0615287571196423,0.100798247956081,0.0788756370441047,-0.163189282198309,"chr19:45888746:C:T"
-0.476717730927077,-0.732916381974634,0.103789062921769,0.795245175956214,-3.96950902854421,"chr19:45889634:A:G"
0.289969261237462,0.569246422457243,0.104103716459352,-0.865570216587991,-3.02110139018576,"chr19:45889712:A:G"
-0.181917973741922,-0.533959184864524,0.104428763990231,1.08939013336547,-2.12564613426628,"chr19:45889937:A:G"
1.30709704707215,0.479095900402435,0.129699458335597,2.29912115236648,-2.35689497630455,"chr19:45890842:C:T"
-0.474484685586002,-1.3102047852475,0.128686072020025,2.3296735824596,-2.32697569528467,"chr19:45890929:C:T"
0.57828275924939,0.367728348912181,0.142352940899334,0.558060290508582,-3.18677826068052,"chr19:45891010:A:G"
0.277609036611727,0.170994195439267,0.100409156667715,0.336458112721424,-1.38834420894378,"chr19:45891064:A:G"
-0.322772781252236,0.210785344879744,0.150292685984192,-1.376299067371,1.3359410362899,"chr19:45891783:AG:A"
0.133701829339315,0.442874815370866,0.105366959259668,-0.952465638575362,-1.51095800006873,"chr19:45891815:A:G"
0.272982842068971,0.813671120411282,0.104126487097288,-1.67558454565017,-2.16223811317594,"chr19:45891982:C:T"
-0.239559247880594,-0.454244583773206,0.105287256218352,0.661628915036714,-2.55768269055608,"chr19:45892001:C:G"
-0.251676349235237,-0.360281415120592,0.106782027759766,0.332354070025853,-2.31077988791063,"chr19:45892045:A:G"
0.304717340008423,0.471143062446799,0.10555169652458,-0.512256929303525,-3.07507669041721,"chr19:45892720:A:G"
-0.384368907211756,-0.807802993364431,0.1030798217969,1.31886087859458,-3.12826310386468,"chr19:45893119:C:CA"
0.0661988900296683,-0.094910296337321,0.100452955964709,0.508322044092504,0.19300375683764,"chr19:45893249:A:T"
0.0655155481428808,-0.0948693030869794,0.100452955964709,0.506036665301783,0.190935716035323,"chr19:45893352:C:T"
-0.238460902478204,-0.356527499729045,0.103102627583332,0.367698772505651,-2.25222105120302,"chr19:45893483:C:G"
-0.181406001834746,-0.0233409917675897,0.0989002750820002,-0.502616791585963,-0.131102214376248,"chr19:45894273:C:T"
-0.0173499340499906,-0.0659334819721913,0.100798247956081,0.153025122294741,-0.0351260678666981,"chr19:45894274:A:G"
-0.130748340505185,0.0309210415218825,0.100380216442854,-0.510274322025278,0.124079865112215,"chr19:45894381:A:G"
0.211227041215947,0.361885411395835,0.102241561974409,-0.471172057539509,-2.06290744485096,"chr19:45894401:C:T"
0.209704133722656,-0.0355969470617573,0.100380216442854,0.774239631029068,0.226646473608194,"chr19:45894629:C:T"
0.054865303860072,0.0288588408772953,0.0989002750820001,0.0826956261815871,-0.049563412300804,"chr19:45894630:G:T"
-0.0496302833737184,-0.0290871156821052,0.0989002750820002,-0.0653233820045575,-0.045196969004382,"chr19:45895731:A:G"
0.62966663528906,1.08312708632806,0.103974166221078,-1.40629584128432,-4.39021617900129,"chr19:45896054:A:G"
-0.148652115196564,-0.0948486806937198,0.0989422853353366,-0.171048405766167,-0.43665918532247,"chr19:45896641:C:T"
1.02504995969802,0.0645390309574186,0.122124652526782,2.74853100310757,-0.298427543349295,"chr19:45896658:G:T"
0.604255384337765,1.08559567564281,0.103974166221078,-1.49275829535715,-4.15223793336933,"chr19:45896877:A:G"
0.033061659586036,-0.0691413191928724,0.100798247956081,0.321911922768048,0.0701633249058195,"chr19:45897033:A:G"
-0.168219638593253,0.0331401598813681,0.100380216442854,-0.63554850870019,0.17036883576371,"chr19:45897091:G:T"
-0.153972577233128,-0.0946143216407249,0.0989422853353366,-0.188707934390406,-0.450875866825753,"chr19:45897185:C:T"
-0.154501019308358,-0.0945910444923394,0.0989422853353365,-0.190461924530663,-0.452281915491055,"chr19:45897237:A:AT"
0.0263637373952432,-0.0687151108039866,0.100798247956081,0.299472825587563,0.0556126806383332,"chr19:45897254:A:G"
-0.155269379422845,-0.366298395794615,0.102241561974409,0.659976446882468,-1.57024564203644,"chr19:45897399:A:T"
0.377184564801726,-0.0453670387256265,0.126140244381158,1.18974234760979,0.398068514959531,"chr19:45897678:C:T"
-0.0375645396694723,0.0694278506292035,0.100798247956081,-0.336997282213304,0.0800400207177434,"chr19:45898076:AC:A"
0.133495975992925,0.465319591589979,0.102852664622473,-1.03466442606214,-1.57351200765529,"chr19:45898554:C:G"
0.135919895067595,0.465112803827604,0.102852664622473,-1.02646157776639,-1.59978707205436,"chr19:45898634:A:G"
-0.744537167135479,-0.740154125260674,0.104389081493785,-0.0135658834547069,-5.16978003708246,"chr19:45898685:C:T"
0.124056510282014,0.227811709661319,0.10137967673255,-0.32586252489903,-0.84011240641719,"chr19:45898740:C:T"
0.0288106873108176,-0.243051192270205,0.111181034127602,0.815329132866153,0.191210563585783,"chr19:45898774:C:T"
-0.0381981394232594,-0.0236635087480217,0.101164706306267,-0.0456971892568976,-0.0276786062990434,"chr19:45899125:A:G"
-0.536358801068086,-0.418354903021636,0.10034200804531,-0.372524602295563,-3.78641931554798,"chr19:45899638:C:G"
-0.859780174217281,-0.629570808900717,0.102198645646212,-0.720112612117118,-4.82988322299594,"chr19:45899834:C:G"
-0.790223861509889,-0.532913151771013,0.10109984759472,-0.809249821460655,-4.28603399001927,"chr19:45900116:A:G"
0.809117534613298,0.550562716578814,0.101586121919666,0.811214013505198,-4.37352550590059,"chr19:45900156:A:T"
-0.726942045263013,-0.559460913077501,0.101442541587028,-0.525842673409644,-4.47110228478009,"chr19:45900656:A:G"
0.225701677269272,0.344437701135017,0.10689207343196,-0.363169820073435,-2.03346448645706,"chr19:45900787:C:T"
0.758715629987493,0.207381349005027,0.112198888932859,1.64596546524039,-1.85549628558607,"chr19:45901321:A:G"
-0.312645043730137,-0.123619621532044,0.0990694326763893,-0.600551669682226,-1.14131300243806,"chr19:45901988:A:G"
-0.289960639024047,-0.124649273446853,0.0990694326763893,-0.525209865743839,-1.0772886178689,"chr19:45902011:C:T"
-0.323040674705496,-0.123147760732597,0.0990694326763893,-0.635078720354694,-1.16916091366534,"chr19:45902332:C:T"
0.33828805268851,0.122455677685256,0.0990694326763893,0.685719897738669,-1.20816847195316,"chr19:45902984:A:G"
0.0645079710098878,0.686664795305632,0.127164997248317,-1.74468117892705,-0.701838715018477,"chr19:45903167:C:T"
-0.278154263705185,-0.0764474768280757,0.101327279608709,-0.633661498067824,-0.627645157763734,"chr19:45903205:C:T"
-0.345920619844094,-0.122109233179067,0.0990694326763893,-0.711069973512444,-1.22682764436009,"chr19:45903241:A:G"
0.624378071691691,0.360540795350249,0.100150847311737,0.833698156221296,-3.43675043136147,"chr19:45903440:A:G"
0.255640572789992,0.00898618136230305,0.101164706306267,0.775486674409882,-0.0685928599594831,"chr19:45903690:A:T"
-0.187339996988034,-0.340978619791927,0.106648094264226,0.470461247579313,-1.70707050696387,"chr19:45903853:C:T"
0.736365175526325,0.354179760808775,0.100150847311737,1.20766587649405,-3.12280522049932,"chr19:45904427:A:G"
-0.570227794926726,-0.428665250723649,0.100073497366001,-0.447495652496492,-3.84768137125554,"chr19:45904480:C:G"
-0.235132958186679,-0.0794252102464397,0.101327279608709,-0.48915560228864,-0.557431006922383,"chr19:45904760:A:C"
-0.764976015408523,-0.595211145958255,0.101309341788779,-0.533363235870093,-4.66433635431966,"chr19:45904783:C:T"
0.151547045801709,-0.637203202522927,0.190801003177739,1.80571490175437,1.3282645962688,"chr19:45904949:A:C"
0.547840403880706,0.949717488688391,0.174348677543344,-0.962462715394395,-3.6183352433095,"chr19:45905075:C:G"
0.595817404192139,0.440763864932313,0.100071825932726,0.490146348834752,-3.90536885776021,"chr19:45905098:A:G"
-0.423630606036872,1.06295754798952,0.136421069886826,-4.02485224899243,2.56357917103755,"chr19:45905380:G:T"
0.620775248115955,0.439367033050144,0.100071825932726,0.573457237336178,-3.89262942694616,"chr19:45905467:A:G"
0.35137482631815,0.121861665115779,0.0990694326763892,0.729185051255612,-1.2397897782201,"chr19:45905593:T:TG"
-0.551117232484389,-0.429735161055788,0.100073497366,-0.383702832985232,-3.84583282644045,"chr19:45905754:A:G"
-0.349894578399102,-0.121928854011589,0.0990694326763893,-0.724268697930838,-1.23630313941504,"chr19:45906153:C:T"
-0.242913007625446,-0.0239828590652769,0.10832747416787,-0.665175528385916,-0.163188507237336,"chr19:45906166:G:GT"
-0.356002013206541,-0.121651635718866,0.0990694326763893,-0.744553345546257,-1.25053626785047,"chr19:45906311:C:T"
0.331854760483231,0.122747686742738,0.0990694326763893,0.664352978646515,-1.19198513481336,"chr19:45906312:C:T"
0.0811999995075916,-0.214889019996871,0.162817173951224,0.733790687180684,0.328309912868571,"chr19:45906933:G:T"
0.226334408275897,0.0109643424982495,0.101164706306267,0.677128086431453,-0.0745820824497331,"chr19:45906958:A:G"
-0.442353445612802,-0.117732118373101,0.0990694326763893,-1.03135270283359,-1.40143719449392,"chr19:45907423:A:G"
-0.828093880243153,-0.590854369812419,0.101309341788779,-0.745353460756151,-4.6200171167705,"chr19:45907456:C:T"
-0.506038333462888,0.0128563585605586,0.139060755402669,-1.3914798959327,0.129618747035808,"chr19:45907830:C:G"
-0.387447504686569,-0.120224315454829,0.0990694326763893,-0.84899338197352,-1.31704109088316,"chr19:45908024:C:T"
-0.524805110208055,0.0216276240346144,0.139060755402669,-1.46532654094649,0.222780995944007,"chr19:45908462:A:G"
-0.387096313723409,-0.00360147125509244,0.11847042692518,-1.11417792817249,-0.0342584943780371,"chr19:45908845:C:T"
0.222870299504328,0.00742944768194371,0.107404236031346,0.6573813098345,-0.0469649486725414,"chr19:45908997:A:C"
-0.472269667806006,-0.155945331669891,0.103589233723106,-0.982822963217078,-1.81770429180797,"chr19:45909273:C:T"
-0.406095123922869,-0.136990031932974,0.102498302980044,-0.840550049413762,-1.4980050937413,"chr19:45909374:A:G"
-0.389372108664928,-0.67954701735195,0.102490116749637,0.906397841285943,-3.51020286064286,"chr19:45909779:C:T"
-1.22390354956751,-0.999119147737894,0.102130812457907,-0.703376376593666,-7.06814204076253,"chr19:45910140:A:G"
1.20455927561045,1.00062208710986,0.102130812457907,0.638143036316947,-7.08269849755696,"chr19:45910150:A:G"
0.331340556207661,0.680569343723086,0.103160543176739,-1.0873096088817,-3.10333645771327,"chr19:45910206:A:G"
0.102189500664384,0.221723892493945,0.114046665212307,-0.35395787642077,-0.60321062897698,"chr19:45910337:A:C"
0.25328251477908,0.191876236064612,0.102705339337897,0.191609160701576,-1.39633896230126,"chr19:45910531:C:T"
-0.494752884054959,-0.724808542604402,0.10218958933991,0.71966369263151,-4.10415982969895,"chr19:45910976:A:C"
-1.05087594907617,-0.981101147197166,0.10078660001165,-0.21978457768263,-6.88140961462857,"chr19:45911035:G:T"
0.337005581091737,0.184863864950608,0.102705339337897,0.474735599482448,-1.72561560757255,"chr19:45911070:A:G"
1.0926428755498,1.04178805871382,0.100283548642812,0.160589537628903,-7.2251092338614,"chr19:45911370:C:T"
1.0079354705007,1.04671817953495,0.100283548642812,-0.122468188842232,-6.99213394021202,"chr19:45911752:C:T"
-1.14817847615542,-1.03855578851619,0.100283548642812,-0.346166947732786,-7.30803707205847,"chr19:45911987:A:G"
-1.07643747939113,-1.04273124143759,0.100283548642812,-0.106437688796084,-7.19049188258717,"chr19:45911995:A:G"
1.15408028619452,1.0382122927316,0.100283548642812,0.365888398658686,-7.31360992308811,"chr19:45912085:G:T"
-1.06105960397606,-1.04362626099019,0.100283548642812,-0.0550510780218961,-7.15328389711267,"chr19:45912326:A:G"
-0.213384439264798,-0.447616317149636,0.106261699312382,0.718551039277776,-2.29975155071258,"chr19:45912438:C:T"
-0.353713657918416,-0.1834644509006,0.102705339337897,-0.531237331909951,-1.77946240094754,"chr19:45912696:A:G"
0.255239280840192,0.191712343718001,0.102705339337897,0.19822635988943,-1.40502468270649,"chr19:45912779:A:G"
-0.262120769103764,-0.191135972693336,0.102705339337897,-0.22149750070378,-1.43523059577265,"chr19:45912918:A:G"
-0.474148399839013,-0.726422172401285,0.10218958933991,0.789166742782931,-3.9775131520594,"chr19:45913007:AAC:A"
1.06022385939571,1.04367490280318,0.100283548642812,0.0522583592426692,-7.15114016880492,"chr19:45913389:A:G"
-1.04248389237324,-1.04470740026588,0.100283548642812,0.00702140183778354,-7.10268114212708,"chr19:45913480:C:T"
0.300179124288504,0.127771407695047,0.107493798083596,0.52585377495758,-1.05474314532095,"chr19:45914171:A:G"
1.14548264512949,0.98909391682984,0.101031642733831,0.492013184661262,-7.03494778986268,"chr19:45914831:C:T"
0.114507070066715,0.21921811068891,0.114046665212307,-0.310063882110918,-0.667753137247195,"chr19:45915628:G:T"
-0.302226032051842,-0.338893437898483,0.106054323066498,0.112594194252903,-2.57457391074862,"chr19:45915836:A:G"
-0.555546876128597,-0.752406449732892,0.102625948979757,0.61450857436464,-4.43037480282261,"chr19:45916189:A:G"
0.764758986832948,0.200664194520616,0.105113776850432,1.7398919143113,-1.73827478629058,"chr19:45916195:A:C"
0.986799227519547,0.0465483535833645,0.171630033168706,2.26958839718944,-0.303710294386846,"chr19:45916221:A:G"
-0.226035962248702,-0.347967335599859,0.106054323066498,0.37441330848555,-2.06530917979049,"chr19:45916515:A:G"
0.554857920435728,0.287020801872729,0.102533286831244,0.836446800741932,-3.02453600787789,"chr19:45916862:A:C"
-0.321317939797087,-0.714249930899239,0.103305206982037,1.22252087286642,-2.93037192612862,"chr19:45916889:A:C"
0.0980389685208838,0.222568241536088,0.114046665212307,-0.368748410846757,-0.58104986664183,"chr19:45917629:C:T"
0.518228900783725,0.290022228628214,0.102533286831244,0.7126821773493,-3.05622787368057,"chr19:45918162:C:T"
0.412559675694733,0.178535700277809,0.102705339337897,0.730237012442807,-1.93028262575631,"chr19:45918306:C:T"
-0.609538089802823,-0.640681880717967,0.119423344678989,0.0901211780125452,-4.34086806018417,"chr19:45918469:A:G"
-0.349813111677816,-0.183791147938714,0.102705339337897,-0.518046847912668,-1.76729282117038,"chr19:45918813:C:G"
-0.384018806957178,-0.180926190405797,0.102705339337897,-0.633720307055973,-1.86515090109249,"chr19:45919612:C:G"
-1.34362284185076,-1.41738430410555,0.103635536866357,0.229126418609386,-8.82412187030388,"chr19:45920087:A:T"
1.47670615005687,1.21125995072064,0.101915167693245,0.831490132641904,-8.20409361972493,"chr19:45920606:A:C"
-0.956931650591336,-0.723311219324895,0.116298557694172,-0.685052186689693,-5.11739270071506,"chr19:45920936:A:C"
-0.466501270832569,-0.17401772810782,0.102705339337897,-0.912651398419765,-2.00638661493693,"chr19:45920986:C:T"
0.444684894168878,0.614702037760448,0.10423124422302,-0.526615641605331,-3.88029472889176,"chr19:45921857:C:T"
1.41138629023309,0.962786969970195,0.104390956640287,1.38844017755743,-6.38327589866506,"chr19:45922172:A:G"
0.644375130353045,-0.130689655485066,0.155349955309561,1.96644787669477,1.31571494029438,"chr19:45922293:A:G"
0.374213960626747,0.621739140951673,0.10423124422302,-0.766691104771329,-3.49716433235712,"chr19:45922394:A:G"
-0.345488147337047,-0.624607650026419,0.10423124422302,0.864552202726297,-3.31559755751915,"chr19:45922437:C:G"
0.337811766975108,0.625374199836767,0.10423124422302,-0.890703560146987,-3.26453378827419,"chr19:45922752:A:T"
1.44004494057978,1.10711918723944,0.102583872965102,1.0394601525381,-7.5177276240165,"chr19:45922818:C:T"
-0.794381922148263,-0.565082947697479,0.114719956720273,-0.676990579013016,-4.31114749711468,"chr19:45922864:A:G"
-1.45123275917444,-1.10619647173069,0.102583872965102,-1.07727163903367,-7.48635122917642,"chr19:45923056:C:T"
-1.47537891312993,-1.25310078263073,0.105096140389576,-0.685651376005237,-8.36881232727611,"chr19:45923708:C:T"
0.44416284879224,0.17588872151913,0.102705339337897,0.837109517803061,-1.98279402397912,"chr19:45924127:C:T"
0.741840024145207,0.218755032735689,0.129676223959165,1.45258675993984,-2.05046126284971,"chr19:45925990:C:G"
-1.37046386643981,-1.29308972373467,0.10547038093126,-0.23824872921231,-8.50473135276729,"chr19:45927097:C:G"
1.36313054911559,1.29391790260091,0.10547038093126,0.213118032730684,-8.4965308201898,"chr19:45927753:G:T"
-0.064871268326552,0.82477998744573,0.114923689533212,-2.62430927893048,0.490203872317243,"chr19:45930139:C:T"
1.37285978501781,-0.991982699425579,0.12950412017974,6.57143817008568,6.23578795621096,"chr19:45930633:C:G"
-0.337302196948895,0.181835964727072,0.162011748920095,-1.28976236382595,1.12438536032376,"chr19:45931166:A:G"
-0.343588406238371,0.381684377891592,0.113611847212309,-2.15173889522927,2.907576471951,"chr19:45932502:A:G"
0.364296212666338,-0.385801985901768,0.11361184721231,2.22539092106781,3.03572603202947,"chr19:45932807:C:T"
-0.930849488769272,-0.26992749678846,0.130315236681987,-1.83084932625483,-1.81529593188549,"chr19:45933306:C:T"
0.00547740951410612,-0.00729227288343449,0.122671956172859,0.0364592264808461,0.00100929004625416,"chr19:45934467:A:G"
-0.247100891447731,-0.313186405343564,0.119625519584513,0.191070813635277,-1.85407369772205,"chr19:45935173:C:T"
-0.19603949093679,-0.326579817311639,0.119625519584513,0.37742683535718,-1.55271079530478,"chr19:45935429:A:G"
0.109333404155025,0.582388717244203,0.122328127864212,-1.35253577130649,-1.24607686992985,"chr19:45936063:A:G"
-0.0500216716464768,-0.293107189170229,0.118289455532637,0.706782957544883,-0.372396247156506,"chr19:45936788:C:T"
0.0488380979772728,0.400004727614264,0.123745566443504,-0.998270909196481,-0.45771533269039,"chr19:45941750:A:T"
0.32567524952096,0.290482807913028,0.125529061348119,0.0993292732663811,-2.11807392653591,"chr19:45942164:A:C"
0.178913613513069,-0.51710593479732,0.120628231506083,2.0039964917709,1.93060318110294,"chr19:45946085:A:G"
-0.524924192117904,-0.189276035668252,0.115773724874361,-0.986459507649273,-2.08621190415134,"chr19:45949613:G:T"
-0.568987438160553,-0.598319150368111,0.121978514722631,0.0839838432369476,-4.13389630652603,"chr19:45949625:C:T"
-0.197890189683649,0.311341446365078,0.114432129199399,-1.50536351856225,1.56456357041005,"chr19:45950760:ATAC:A"
-0.548038423787543,-0.184152636392167,0.115773724874361,-1.06944902802842,-2.05222990718946,"chr19:45950992:A:G"
-1.05590027628365,0.284531895665517,0.152315093112432,-3.43457791275821,1.60882541623992,"chr19:45954869:C:T"
-0.39371918614674,-0.69374839550665,0.121185367672861,0.86186341355229,-3.40952891022722,"chr19:45955718:C:T"
-1.00007299243239,0.241343503716718,0.116525968835308,-3.63668889860509,1.32719961329354,"chr19:45955853:C:T"
0.433111112386864,-0.043703742501552,0.207967056372242,1.04556853383975,0.271046186817646,"chr19:45959073:C:T"
-0.491175421331335,-0.670537634299697,0.111081554719003,0.538158220734977,-4.02317792071848,"chr19:45960967:A:G"
-0.175766921961647,0.0772496417036617,0.137740829387677,-0.681738163309305,0.30266073394755,"chr19:45961440:C:T"
-1.25030070617793,0.223908464774048,0.164665798922531,-3.63293314459422,0.906621931134311,"chr19:45961472:A:C"
0.437040476820186,1.25094977535015,0.126409094741142,-2.28921640512457,-2.17257787353937,"chr19:45961775:C:G"
-0.409675945825555,-0.750740048252625,0.112540508835672,1.01667366557262,-3.44213651061508,"chr19:45962073:G:T"
-0.502714316790906,-0.196229207681052,0.104553850478617,-0.947849451209021,-2.25011470521532,"chr19:45962138:A:G"
-0.281321692748914,-0.721352390928698,0.100299871425155,1.38941757292156,-2.58311393847054,"chr19:45963673:A:G"
-0.143008200805811,-0.302484026858958,0.101687196045168,0.500105607690479,-1.24702512447898,"chr19:45964243:A:G"
0.212783700707487,0.683455363766994,0.0999654130657767,-1.48865194716623,-2.13117271504833,"chr19:45964656:A:G"
-0.584955654956049,-0.393464622547309,0.102255628319258,-0.598831765547487,-3.65258429875327,"chr19:45965161:A:G"
-0.557462452619489,-0.336869179356582,0.102526563585335,-0.688928362159095,-3.34913468241991,"chr19:45965445:A:G"
-0.452641073645624,-0.742682436654561,0.112540508835672,0.864580627511299,-3.73416732924537,"chr19:45965593:A:G"
-1.03456896511409,0.249263550275776,0.116525968835308,-3.76094523543836,1.30459287208346,"chr19:45966013:C:G"
0.239903403589846,0.295409398712574,0.101687196045168,-0.174063117328303,-1.9787970206676,"chr19:45966153:A:G"
-0.314763395371672,-0.677862310724107,0.0999654130657767,1.1484182069508,-2.99555794814868,"chr19:45966208:C:G"
0.739020736159163,0.51734477474152,0.100751002460574,0.698383407541919,-4.24290929975577,"chr19:45966224:C:G"
-0.581778341591259,-0.334878430692365,0.102526563585336,-0.771085848252847,-3.31743199591783,"chr19:45966658:A:G"
0.237839408812218,0.68698704382184,0.0997326153826961,-1.42223222012283,-2.3382211538001,"chr19:45966912:C:G"
-0.00141426105656238,-0.0746056434585108,0.125472740552134,0.206626137789048,-0.00260289295010524,"chr19:45967012:A:C"
-0.181829995224054,-0.299649523688592,0.101687196045168,0.369474222763563,-1.55501570112953,"chr19:45967047:C:T"
-0.215738222190264,-0.297173775767157,0.101687196045168,0.255376491955652,-1.80851607415324,"chr19:45967176:A:G"
0.00774622681371557,0.684123606000639,0.108776781359967,-2.05078896791408,-0.0848238851267138,"chr19:45968595:A:G"
0.200742614995009,0.688930480583382,0.0997326153826961,-1.5458536521024,-2.00222140931424,"chr19:45968756:A:G"
0.207770965775499,0.688562277461919,0.0997326153826962,-1.52243236151271,-2.06707752341803,"chr19:45968834:A:G"
-0.318593981945407,-0.339421242682521,0.102033960033565,0.0652018296573612,-2.7522709878306,"chr19:45969657:A:G"
-0.227833942584432,-0.687511212864031,0.0997326153826961,1.45557445634942,-2.24916286213778,"chr19:45970318:C:T"
-0.243720644478791,-0.295130689766634,0.101687196045168,0.161218490453239,-2.00482225411138,"chr19:45970738:C:T"
-0.519866565830166,-0.349901245819739,0.102028081824765,-0.532108817230427,-3.4324215624052,"chr19:45971118:T:TAA"
0.555216464212234,0.347193081161726,0.102028081824765,0.651256834655959,-3.4153125936884,"chr19:45971170:A:G"
-0.486870770320626,-0.614758417279989,0.0988766041977041,0.406707166801556,-4.13209951263047,"chr19:45972497:C:G"
-0.520191557689987,-0.493683376799444,0.123477527660611,-0.0754372699318066,-3.78736414920556,"chr19:45973014:A:C"
0.297579268309648,0.179416831527138,0.117483890875755,0.344738889209426,-1.33778676586922,"chr19:45973817:A:G"
0.359007716983644,0.620692608112652,0.0985185647480775,-0.833718830061591,-3.44351343826083,"chr19:45974440:C:T"
0.29503446819712,0.180026823816504,0.117483890875755,0.33553478291364,-1.33185556687167,"chr19:45975830:C:T"
-0.398553602483917,-0.409059714729244,0.101563896218587,0.0329664634615811,-3.45682009788879,"chr19:45976897:A:G"
-0.811835015256811,-0.862256759544588,0.112886387845897,0.150071103930473,-5.51332960705785,"chr19:45976911:A:T"
-0.248804944348754,-0.357130308473902,0.215329180482271,0.233441848648902,-1.22678396099746,"chr19:45977149:C:T"
0.102833373599688,-0.181351467834219,0.101643571561473,0.89137602787181,0.559465992282686,"chr19:45978077:A:G"
-0.137051953130483,-0.666746330074616,0.102434412527456,1.65501685896129,-1.47775694125979,"chr19:45978187:C:T"
-0.31340381143433,-0.734957869629976,0.100219287477868,1.33161175141182,-2.79995704683662,"chr19:45978711:C:T"
-0.389311747583291,-0.412795086817616,0.101628059863163,0.0736636161355228,-3.43278702837873,"chr19:45979086:A:G"
-0.11409146717004,0.182168274757479,0.101643571561473,-0.929250239545573,0.622698815878798,"chr19:45979564:A:T"
0.436850513890948,0.43215534374975,0.102062760175482,0.0146966272744656,-3.64796820095739,"chr19:45979636:C:T"
1.10735286451649,-0.386737396105634,0.133737516962539,4.08554696225165,2.13545179862286,"chr19:45980254:A:G"
-0.29471736808035,-0.180102833175839,0.117483890875755,-0.334387886083985,-1.33110922588455,"chr19:45980416:C:T"
0.191865529587426,-0.187811005672417,0.101643571561473,1.19089589778405,1.06490863348654,"chr19:45980472:A:G"
0.131780674304526,-0.183451677383704,0.101643571561473,0.988759851112235,0.72260339273538,"chr19:45981564:A:C"
-0.00959198513889838,-0.475434055405776,0.104039554281115,1.44424032106915,-0.117081432710074,"chr19:45984960:C:CT"
-1.34379621201328,-0.388790218914476,0.13993469763091,-2.55295635443474,-1.72438572252997,"chr19:45985005:C:T"
-0.319851791108572,-0.0731487384204498,0.128013031611669,-0.689520896100351,-0.546155250998964,"chr19:45985160:C:T"
-0.0727416902911334,0.108830788949116,0.103087248620645,-0.565519453963299,0.236687125530142,"chr19:45985847:C:T"
-0.410567184722415,-0.585778806453386,0.0990732950110457,0.556653066466405,-3.76931172758903,"chr19:45985984:A:G"
-2.00637602683307,-0.383905524083381,0.144062660690135,-4.27465524414998,-1.93365908400246,"chr19:45987409:C:T"
0.535601288533346,0.525493663006294,0.101995509292656,0.0316488998546483,-4.12389440789552,"chr19:45987988:C:G"
0.520770847158596,-0.139659768108023,0.187462050727043,1.5253535446538,1.09979742101422,"chr19:45988039:A:G"
-0.595688153429974,-0.683023020241161,0.0982184145673058,0.27867063198326,-4.65871637972591,"chr19:45988100:A:G"
-0.405572719220268,0.346641835000953,0.146252823947002,-1.96693315921091,2.56264674109802,"chr19:45988390:A:T"
0.503893563803487,0.596681919609991,0.0991601647421896,-0.294662493316407,-4.18642774143839,"chr19:45988698:C:T"
-0.5830609496572,-0.593012692354816,0.0991601647421896,0.0316031606620752,-4.43741966710916,"chr19:45989018:C:T"
0.568046370794204,0.593708583742351,0.0991601647421895,-0.0814939717984272,-4.39744083551728,"chr19:45989957:A:G"
-0.66271829844295,-0.68058243435062,0.0982184145673059,0.0570014041927583,-4.89235154253501,"chr19:45990065:C:T"
0.585540889056605,0.590631859032602,0.099283294202968,-0.0161570640463671,-4.43641722381812,"chr19:45990579:C:T"
0.736800969094562,0.676023067334172,0.0982846497769038,0.193866538312685,-5.06059632130238,"chr19:45990789:C:T"
0.436426804986605,0.414423618624728,0.110221195568697,0.0662755008462689,-3.48619166186256,"chr19:45991947:C:T"
0.761083024221831,0.37993887879247,0.105637476390298,1.17268196034686,-3.23139624794938,"chr19:45992246:C:T"
-0.787497188549084,-0.704912079513115,0.0982345991285454,-0.263493258300287,-5.26921504316583,"chr19:45992319:TAA:T"
-1.04179785871941,-0.723102375560653,0.0979239580053105,-1.01843057434307,-5.38314157061719,"chr19:45992487:A:G"
1.04689776635157,0.722932532628612,0.0979239580053105,1.03527070976185,-5.37316417983407,"chr19:45992535:C:T"
1.0128776894497,0.744112632244856,0.097642659131715,0.860108035966963,-5.58789667472361,"chr19:45992577:A:G"
-0.909297320760358,-0.747254726752545,0.097642659131715,-0.518572387067505,-5.63034893458986,"chr19:45992677:A:G"
0.403517230655867,0.329303723733581,0.121111255041446,0.21325081623056,-2.80249171062678,"chr19:45992790:CT:C"
0.886084832588719,0.747958874000881,0.097642659131715,0.442033827583807,-5.61685750102248,"chr19:45992858:C:T"
0.912948148854153,0.747143979445433,0.097642659131715,0.530610266038318,-5.63169469369538,"chr19:45993113:C:T"
-1.99814721670572,-1.8873147452525,0.108071915933368,-0.337140240474977,-11.7437072495634,"chr19:45993192:A:G"
-0.394044171889088,-0.326595709343126,0.0981262011861097,-0.215317615452644,-3.11830920910446,"chr19:45993535:A:C"
-0.952233521466787,-0.792069360527251,0.0984057144546503,-0.510569871279683,-5.89068112226108,"chr19:45993853:T:TA"
-0.844629938482408,-0.678678749674561,0.0974551756389851,-0.531591359877039,-5.21537112597441,"chr19:45994035:A:C"
-0.830074329104233,-0.679091495836468,0.0974551756389851,-0.483643234082722,-5.21021307577149,"chr19:45994039:A:T"
-0.365106504597861,-0.320635284762455,0.100370240942058,-0.140370730127273,-2.9238198366208,"chr19:45994080:C:T"
0.952790964117699,0.675611681368496,0.0974551756389852,0.887888257414063,-5.15336891799361,"chr19:45994143:A:G"
-0.913832178235028,-0.67671641624616,0.0974551756389851,-0.759552801455932,-5.19576686943766,"chr19:45994327:G:T"
0.526015629014462,0.961012189058258,0.127448792478003,-1.21847875123585,-3.67811852489148,"chr19:45994448:A:G"
-0.138127683633261,-0.180988588916252,0.128473271111799,0.119579008665454,-0.593924799901737,"chr19:45994501:A:G"
-0.894532693174141,-0.747702609453045,0.097642659131715,-0.469888966384352,-5.62275600426686,"chr19:45995095:C:G"
2.09881092725158,1.20766883137278,0.2265927367536,1.87207811803773,-5.04392087959777,"chr19:45995531:A:C"
-0.855795632440832,-0.678362129654972,0.0974551756389852,-0.56837265048397,-5.21712446019488,"chr19:45995641:C:T"
-2.02595827519691,-1.8834104792677,0.108071915933368,-0.433614784265098,-11.7617963214725,"chr19:45995774:A:G"
-0.860181333076253,-0.678237766527501,0.0974551756389851,-0.582819735473666,-5.21729159867982,"chr19:45995781:C:T"
-0.554979563005252,-0.28109815941643,0.104439961448506,-0.847479483930218,-2.96672029084565,"chr19:45996279:A:G"
1.99762666070431,1.88738782370402,0.108071915933368,0.335334469480356,-11.7432373694425,"chr19:45996389:G:T"
0.875530136274345,0.677802528163695,0.0974551756389851,0.633380747892567,-5.21556950404187,"chr19:45996498:C:T"
-0.368999864415341,-0.281683338817862,0.0984846246639528,-0.27823530052704,-2.72002592785042,"chr19:45996794:A:G"
0.847627622151691,0.603560740790673,0.0983978160379263,0.778065434455454,-4.73426152278299,"chr19:45996798:C:T"
-0.94160541204376,-0.700412840042646,0.097962909794152,-0.770607249754595,-5.32899175510596,"chr19:45996823:C:T"
0.892048158357751,0.632889628447476,0.0989268722099768,0.823964249317782,-4.8844440895677,"chr19:45996939:C:T"
0.874602239589489,0.633655259815091,0.0989268722099768,0.766062754654204,-4.90440468386173,"chr19:45996941:C:T"
0.358793162106919,0.321008507818409,0.100370240942058,0.119264988226433,-2.89623857417372,"chr19:45996951:A:G"
-0.855394754418702,-0.710909069947995,0.0975139705203234,-0.462691370379601,-5.39708601117625,"chr19:45997036:C:T"
-1.92262980574685,-1.89791628560598,0.108071915933368,-0.0751758217968943,-11.6247189914499,"chr19:45997197:G:T"
-1.303046200111,-0.666692928519118,0.126761923313212,-1.78732640418002,-3.84009786394438,"chr19:45997249:A:C"
2.00454788700521,1.88641618472709,0.108071915933368,0.359343701277817,-11.7490895937908,"chr19:45997404:A:T"
-0.784820927789541,-0.51162203829396,0.212147566274646,-0.593143673695778,-3.46161934358197,"chr19:45997451:C:T"
0.0467990040082832,0.0536688381592239,0.101747194328691,-0.021536991239313,-0.0763938847492723,"chr19:45997477:A:G"
-0.379745031311609,-0.319769905499006,0.100370240942058,-0.189307876666061,-2.983149267168,"chr19:45997603:C:G"
1.90467361283652,1.90043707255189,0.108071915933368,0.0128870915861873,-11.5812985822263,"chr19:45997669:A:G"
-0.88461541347232,-0.713047750430746,0.0980563896776793,-0.547895188033305,-5.41352774993063,"chr19:45997869:C:T"
-1.32165743581151,-0.639082585430443,0.105658093465673,-2.09990137361441,-3.73031418563862,"chr19:45998205:A:G"
-0.670076575285077,-0.637062729983301,0.0995858439328479,-0.104615806598013,-4.76262147176567,"chr19:45998300:A:C"
0.498493272496711,-1.3767953127717,0.179462774311949,4.4267084694136,2.23863821107903,"chr19:45998892:A:G"
0.514757303252234,0.440070587082434,0.101800683710848,0.234081998896572,-3.83480099018564,"chr19:45999043:C:T"
-0.771708609890108,-0.631895806028803,0.0995858439328478,-0.443045307657439,-4.88549556930063,"chr19:45999459:G:T"
-0.240731524107546,-0.673512015872254,0.10483740902372,1.33662486658697,-2.41426780556032,"chr19:45999536:C:T"
0.70873322987552,0.635097444181626,0.0995858439328478,0.233340498340278,-4.82856070583695,"chr19:46000468:G:GA"
0.702337375084565,0.635422606375392,0.0995858439328478,0.212042627504924,-4.81928200273137,"chr19:46000517:A:T"
-0.576262871790429,-0.641832173729353,0.0995858439328478,0.20777904990184,-4.50436370022355,"chr19:46001491:C:T"
0.540423803176413,0.643654214809689,0.0995858439328478,-0.327121323788333,-4.36909827074962,"chr19:46001776:A:C"
-0.553472015612663,-0.642990849939925,0.0995858439328478,0.283671440671488,-4.42067847833796,"chr19:46001800:G:T"
-0.45633329249925,-0.444406275333115,0.101800683710848,-0.0373814804332165,-3.73868812176375,"chr19:46001984:A:G"
-0.593599467051438,-0.640950789531041,0.0995858439328478,0.150049070303841,-4.56255171543219,"chr19:46002064:A:C"
0.616990141774325,0.387010334416088,0.101595195828613,0.721527884936725,-3.59692080036561,"chr19:46002196:C:T"
-0.620523088890666,-0.639582005493965,0.0995858439328478,0.0603947802842334,-4.64352549312352,"chr19:46002268:C:T"
0.676409395474865,0.636740772438465,0.0995858439328478,0.125703775420621,-4.77504256722665,"chr19:46002571:A:G"
0.582407121001607,0.641519803042741,0.0995858439328478,-0.1873190128377,-4.52552737530235,"chr19:46002747:A:G"
-0.0161560368383304,-0.383232573825062,0.114960917040574,1.08263363657735,-0.156613528211251,"chr19:46002945:C:G"
-0.646283479800768,-0.638272359560105,0.0995858439328478,-0.0253860099624804,-4.7102839698011,"chr19:46003551:A:G"
0.953946277469474,0.497885239565172,0.10676748608879,1.39573658622041,-3.59547147724386,"chr19:46007492:A:G"
0.899286600809295,0.504806297466449,0.10676748608879,1.20727390888074,-3.81107319918977,"chr19:46008357:C:T"
0.903229811421766,0.504307004557429,0.10676748608879,1.22086981860337,-3.79661248033701,"chr19:46008430:CA:C"
0.867244211615187,0.508863533887489,0.10676748608879,1.09679403002186,-3.92138628356136,"chr19:46008502:G:T"
-0.881733305048633,-0.460106595525021,0.106600576758543,-1.29136299697943,-3.50114258334973,"chr19:46008751:A:G"
-0.195633514884825,-0.0825807159634225,0.126159867343751,-0.318288323792598,-0.391739443287466,"chr19:46008941:C:T"
1.11301982386621,0.506171648856647,0.113617829707132,1.80034943016328,-3.1116133748828,"chr19:46009040:C:T"
-1.18677519358828,-0.438439939147963,0.113869494701353,-2.21764746718757,-2.34734804829756,"chr19:46009259:A:G"
0.324911283018518,-1.15823126929104,0.136162783592508,4.01933018551834,1.57759212579745,"chr19:46009377:A:G"
0.942081050336753,0.346750964761862,0.111413488181701,1.78356501437425,-2.3224139071961,"chr19:46009393:A:G"
0.939563702191896,0.157884244556651,0.111531508765019,2.34061460337959,-0.885565936080285,"chr19:46009412:A:G"
-0.536728772096364,-0.539465036856372,0.105429027499634,0.00842709746793466,-4.11864593210067,"chr19:46009719:C:T"
0.537177613553131,0.539414543376145,0.105429027499634,-0.00688925498839727,-4.11957398923114,"chr19:46009925:G:T"
-0.750117675902812,-0.737398497896501,0.102227066341788,-0.0397810366758744,-5.22092161101377,"chr19:46011183:A:G"
0.00100003358349694,-0.3099308496084,0.102676103012336,0.970351701998102,0.00897826860939432,"chr19:46011186:C:T"
0.666563262630746,0.82365878632028,0.101547889693074,-0.492978931354696,-5.05664664697343,"chr19:46011800:A:G"
0.776393638545504,0.815801167698895,0.101547889693074,-0.123664132198707,-5.53207052154516,"chr19:46012388:A:G"
-0.0865476708025312,-0.302625148142388,0.102676103012336,0.674333619574174,-0.756286463801829,"chr19:46012400:C:T"
0.762258060298587,0.832228763983152,0.101683983803252,-0.219426949315449,-5.51029504580121,"chr19:46012579:A:G"
-0.236392773764595,-0.290120838679784,0.102676103012336,0.167674303370317,-1.90784558427576,"chr19:46012640:CTA:C"
0.813480813761275,0.788009853790713,0.102092705948157,0.0797164510642169,-5.55399480202674,"chr19:46012648:A:G"
-0.712433005729178,-0.82037711725081,0.101547889693074,0.338737676887167,-5.27935288611342,"chr19:46012703:C:T"
-0.0956222176248382,-0.301867893220771,0.102676103012336,0.643650576905695,-0.832642672168531,"chr19:46012957:C:T"
-0.69877734813011,-0.82135408695108,0.101547889693074,0.384656088815922,-5.21663633808766,"chr19:46013016:A:T"
1.13113658856383,0.744873063373134,0.104371439450741,1.19561915197236,-5.26201882827888,"chr19:46013121:C:T"
0.667047665384293,0.823624130588076,0.101547889693074,-0.491350082284992,-5.05917672192934,"chr19:46013590:C:T"
0.142661624550523,-0.186983434187977,0.112759794199787,0.981678846810034,0.719100428230809,"chr19:46013781:A:G"
0.593455410195393,0.713602849109174,0.102532477994998,-0.375218109515757,-4.61145472054218,"chr19:46013933:C:T"
0.667689743955585,0.823578194220322,0.101547889693074,-0.489191033691876,-5.06252453269174,"chr19:46014295:C:T"
0.688734888969868,0.822072556804655,0.101547889693074,-0.418424786745846,-5.16856844920042,"chr19:46014357:A:G"
0.929176475859189,0.765339214633417,0.104371439450741,0.507132966364145,-5.58468498909234,"chr19:46015043:C:T"
-0.130606761480849,-0.298948494761049,0.102676103012336,0.525360124182126,-1.12038671179964,"chr19:46015157:C:G"
0.788805291823317,0.0900899979507267,0.139798321038333,1.86874167794716,-0.837959723219337,"chr19:46015318:C:T"
0.965297502575248,0.761678796808595,0.104371439450741,0.630270290714717,-5.57524845969804,"chr19:46015393:A:G"
-0.971250529390431,-0.761075531413143,0.104371439450741,-0.650564281790093,-5.5715840991396,"chr19:46015424:A:G"
-0.98594767719179,-0.759586157863244,0.104371439450741,-0.700667161480371,-5.56000621359212,"chr19:46015977:A:G"
-0.105720112947433,-0.301025241672341,0.102676103012336,0.609507367430624,-0.91681272552188,"chr19:46016811:C:T"
0.045794547233343,0.306025924401355,0.102676103012336,-0.812128911596232,-0.405866697812475,"chr19:46017248:C:G"
0.282633926858404,0.256421064306676,0.110527943622613,0.0788457711704662,-1.88055556977014,"chr19:46017470:C:G"
-0.566812707947516,-0.699981599825705,0.110496896817422,0.400615497070176,-4.37446077747361,"chr19:46017687:A:T"
-0.5717217662306,-0.636384751591305,0.11044517874747,0.194572908145155,-4.33129699168668,"chr19:46017814:A:G"
0.0861306830190915,0.106970203176986,0.103214027089463,-0.0648661845381406,-0.274950344234049,"chr19:46018776:A:G"
0.092777007606535,0.337278887143813,0.103921829135107,-0.758453239965413,-0.880016251859305,"chr19:46021038:A:T"
0.275872656395865,0.399591085178987,0.104877831583468,-0.382025670050187,-2.68930196458429,"chr19:46021213:C:T"
-0.145094397515453,-0.10171509379295,0.103214027089463,-0.135024698221467,-0.43831975652571,"chr19:46021606:ACCTGCTTCAG:A"
-0.226793467512382,-0.365675074657807,0.103770917853241,0.431128670157404,-2.18543900505678,"chr19:46021709:A:G"
0.0959510951341202,0.455201476184704,0.104832046085192,-1.10955850388014,-1.12097525744952,"chr19:46021848:A:G"
-0.0870833248895742,-0.26324166738781,0.101749836683688,0.552250801551384,-0.676123355586126,"chr19:46023390:A:G"
0.12303252118266,-0.221003439455356,0.102226681564386,1.07602338123926,0.803193341972631,"chr19:46023692:A:T"
0.0625560692547488,0.564282875321623,0.112179169213607,-1.49799786810369,-0.756938316454102,"chr19:46024323:TA:T"
-0.0725834139308426,-0.264309936483661,0.101749836683688,0.601056550923862,-0.566517226434945,"chr19:46024746:A:G"
-0.246143906500751,-0.22229706819078,0.110331727512267,-0.0717927514520704,-1.46144220359249,"chr19:46024912:C:T"
-0.165138674028621,-0.0999286584148516,0.103214027089463,-0.202976118187412,-0.488954403927277,"chr19:46025162:C:T"
-0.180080835821679,-0.0985969462707422,0.103214027089463,-0.253631032598139,-0.525019610211929,"chr19:46025376:C:T"
0.106116670684443,0.25311368526556,0.102038059425157,-0.460179660454752,-0.790390094311344,"chr19:46025683:C:T"
1.37796094484048,0.84158383329313,0.106834905371497,1.64101916236366,-5.36758182915073,"chr19:46025729:T:TA"
-0.0854136196236307,-0.254701930957541,0.102038059425157,0.529963399941081,-0.641512867612956,"chr19:46026198:A:G"
0.0810335617528797,0.255037949451793,0.102038059425157,-0.544727253659541,-0.609642431338966,"chr19:46026410:C:T"
1.29471226625013,0.843482748980284,0.108625431506159,1.36908919834783,-5.61627905239948,"chr19:46026809:C:T"
-0.196757463611804,-0.0971106507762587,0.103214027089463,-0.310165901184602,-0.563537078098743,"chr19:46027068:C:G"
-0.340290870957581,-0.290195846903586,0.102678942176015,-0.156334164354747,-2.5633773141112,"chr19:46027131:C:T"
1.31659318075066,0.84028318755066,0.108625431506159,1.4451866329597,-5.52477145228015,"chr19:46028658:C:T"
-0.530465438560189,-0.84553918927733,0.155909517538061,0.797950422699336,-3.75828385089607,"chr19:46029507:A:G"
-1.00516928751569,-0.922661932915595,0.107087375801362,-0.252129419916139,-6.36925067789481,"chr19:46029755:A:G"
0.0922635728155383,0.844789606614185,0.10185167997718,-2.35796541369787,-0.596400374993208,"chr19:46029850:A:T"
0.105710652964989,0.813970696671852,0.102066464860495,-2.21692604394722,-0.7610165481708,"chr19:46029891:C:T"
-2.57843106648934,-1.50448617805577,0.132195427167836,-2.95375030173744,-7.38984251025649,"chr19:46030528:G:T"
0.136066970505468,0.497987824535177,0.101717537118929,-1.13479049637304,-1.65077215522233,"chr19:46030629:C:T"
-0.14539391248416,-0.566270910260063,0.101180476107008,1.32314314624598,-1.75684353936323,"chr19:46030656:A:G"
-0.130234864190994,-0.567296665983134,0.101180476107008,1.37402455012546,-1.59008093185411,"chr19:46030738:C:T"
0.929076924865594,0.201887551705589,0.106831178792095,2.22483861368176,-1.1893785276849,"chr19:46031026:A:G"
-0.156762910035922,-0.565501613000849,0.101180476107008,1.28498306225202,-1.8783579018049,"chr19:46031146:A:G"
-0.151533847159282,-0.565855443997907,0.101180476107008,1.30253443190215,-1.82285634966606,"chr19:46031306:A:G"
0.973104503785178,0.72297443669634,0.107948482924893,0.761303152109642,-5.25847669663986,"chr19:46033583:C:T"
1.02394413283423,0.642676693198372,0.101574688278859,1.19629136753102,-4.69348865325003,"chr19:46034617:A:G"
1.05650853626575,0.82705474595466,0.10780208418369,0.698846279567324,-5.8906314624122,"chr19:46035067:C:T"
-1.13612270007364,0.42133189487865,0.211377481806788,-3.38755249927582,2.4227494226781,"chr19:46035168:A:G"
0.824343755073465,0.200956524128669,0.106763578103122,1.90785929400242,-1.52169381734973,"chr19:46035387:A:G"
0.606184469813835,0.132050770848361,0.106450243705269,1.45320704227094,-1.54849030290255,"chr19:46035639:C:T"
-0.247808133813357,-0.666825721295151,0.101556616804913,1.31485584026573,-2.49361631407266,"chr19:46035725:C:T"
0.293454060756762,0.663555861250834,0.101556616804913,-1.16136059299334,-2.87040640082275,"chr19:46036373:A:G"
-0.288544842923418,-0.663907534583309,0.101556616804913,1.17786900142542,-2.83141896421815,"chr19:46036975:C:T"
0.10075552045734,0.0654141059567903,0.113728983895822,0.10479687881704,-0.178868783581786,"chr19:46037021:A:G"
-0.88642445107363,-0.534160005579735,0.103003998782148,-1.09759411288959,-4.1077948692623,"chr19:46039991:C:T"
1.27792196677219,0.572541431726422,0.119225314684222,2.04286295216678,-3.17003295368606,"chr19:46040308:C:T"
0.50590887582656,-0.109789952436365,0.12423427804154,1.74681779238545,1.18882148161491,"chr19:46041049:T:TA"
-1.19493889458256,-0.627481670564914,0.11366187457242,-1.68316124142017,-3.92823354796869,"chr19:46042992:A:G"
1.13375630463996,0.903231116362049,0.112711548252981,0.686648028830911,-6.23019104742469,"chr19:46043490:A:G"
-1.06232681246193,0.557176445020078,0.175658684966148,-3.8640880347945,3.45133692900889,"chr19:46043582:A:C"
0.76323150759007,1.25705266020877,0.157951406034489,-1.24253302538541,-4.47200793221731,"chr19:46044262:A:G"
0.228613925241843,0.3052085192246,0.0961720346017991,-0.246986784638054,-2.04227614221185,"chr19:46044831:A:G"
0.997931498871686,0.40622530191457,0.130297123640476,1.63922550752922,-2.64041126015713,"chr19:46044970:A:G"
0.00244957200480296,-0.308632111398357,0.0961720346017992,1.0031134150386,0.0233045419063811,"chr19:46048117:C:T"
0.0142131476187816,-0.308806408446078,0.0961720346017991,1.04160825691734,0.135264125475179,"chr19:46048141:C:T"
-0.00529168032449304,0.308674221986631,0.0961720346017992,-1.01241386194,0.0503486498383539,"chr19:46051973:A:C"
-0.0460992671208044,-0.271071484502818,0.101715202069422,0.705400812800806,-0.369194126423508,"chr19:46052537:C:T"
-0.170955858498482,-0.410237527547983,0.101812667019107,0.749908924890897,-1.86189930864515,"chr19:46054295:C:T"
-0.925297936292816,-0.433456200838535,0.130297123640476,-1.36256730548071,-3.08683904211562,"chr19:46054316:C:G"
0.177034005240512,0.456083232664474,0.0981853000685674,-0.890548524864903,-2.07735193451441,"chr19:46055245:C:G"
0.0623158069936488,-0.0497926001102359,0.100608280916743,0.353444573110166,0.0954015249760923,"chr19:46055494:C:T"
0.206767378176852,0.376874223805712,0.0981723419365495,-0.542909218101643,-2.1490195973037,"chr19:46055888:C:T"
1.1307643742623,1.02081374772587,0.101251986282427,0.345538093455702,-7.17319638199732,"chr19:46055932:A:G"
1.13274118875964,1.02067849246239,0.101251986282427,0.352175623239648,-7.17510227621538,"chr19:46056766:A:C"
-1.11087290032262,-1.14358719125644,0.102559935591859,0.102152415844585,-7.51763835564339,"chr19:46057055:A:C"
0.0906175865336584,0.110327153837957,0.114651459317903,-0.0582086191113005,-0.268638239649283,"chr19:46057247:A:T"
-0.178045111150925,-0.456046771330194,0.0981853000685674,0.88720535322071,-2.08761574459553,"chr19:46057252:C:T"
-1.69345185246944,-1.93786467792405,0.120941422129304,0.702807611040581,-10.1066460510934,"chr19:46057423:A:G"
1.6084800740441,1.20762210863582,0.10596255069134,1.23144300424077,-7.79199417702158,"chr19:46057435:A:G"
0.22313936824247,0.376286074629018,0.0981723419365495,-0.488779615610348,-2.29189264799655,"chr19:46057623:G:T"
-1.40849632209927,-1.18163051777559,0.100533616615568,-0.715506174904478,-8.1279277219541,"chr19:46057705:A:T"
1.75649702552991,1.11567103390093,0.128226621810658,1.78957958934628,-6.16634528474392,"chr19:46057767:C:T"
0.0220461476878391,-0.308922467443078,0.0961720346017991,1.06724077792875,0.209827071419133,"chr19:46058514:C:T"
0.239995095093787,0.375680547638686,0.0981723419365496,-0.433050666929897,-2.43240381917434,"chr19:46058730:A:G"
-0.257359969504344,-0.453186610457013,0.0981853000685674,0.624954700070505,-2.80417173847676,"chr19:46059266:G:T"
-1.04648363702069,-1.02658030464722,0.101251986282427,-0.0625495255314972,-7.02655838331598,"chr19:46059446:A:G"
1.40229074954076,1.18200806797857,0.100533616615568,0.694743834806322,-8.13459581268526,"chr19:46059515:G:T"
0.127933894190192,0.102497693896557,0.114651459317903,0.0751211871712687,-0.351585135881992,"chr19:46060081:C:T"
-0.261415906568751,-0.374911024044884,0.0981723419365495,0.362228487980776,-2.60054629529663,"chr19:46060213:C:G"
-0.200076437847449,-0.377114589884021,0.0981723419365495,0.565031021185598,-2.08892886890678,"chr19:46060395:A:G"
0.271384565305714,0.374552908849016,0.0981723419365495,-0.329269786403197,-2.67457037132103,"chr19:46061267:A:G"
-1.03582756454543,-1.02730940183476,0.101251986282427,-0.0267697401598362,-6.99890404212146,"chr19:46061362:A:T"
-1.5537305707101,-1.21408951151228,0.10596255069134,-1.04338354827525,-7.97776253673321,"chr19:46061566:A:G"
0.264545594318344,0.374798592796999,0.0981723419365496,-0.351881013230975,-2.62408341388768,"chr19:46061714:A:G"
0.105696461403789,-0.0524660793726673,0.100608280916743,0.498639603851946,0.170058122910623,"chr19:46062223:C:T"
-1.08215412249492,-1.02413970087901,0.101251986282427,-0.182319949140586,-7.10423757954757,"chr19:46062364:A:C"
1.47801190165612,1.17740115442112,0.100533616615568,0.948088437261397,-8.01067868654242,"chr19:46062370:C:T"
-1.45687849884664,-1.17868692143864,0.100533616615568,-0.877381199142076,-8.05441247370762,"chr19:46062966:CTT:C"
0.0432449461742928,0.307955070685798,0.0961720346017992,-0.853583772882892,-0.409962690715883,"chr19:46063237:A:T"
0.276828019887534,0.374357357586296,0.0981723419365495,-0.311272461000964,-2.71381264036585,"chr19:46063403:A:G"
0.363690402390442,0.371236903777673,0.0981723419365496,-0.0240852456724958,-3.21869975774839,"chr19:46063550:C:T"
0.291632005151884,0.373825537587001,0.0981723419365496,-0.262327046641742,-2.81620164490597,"chr19:46063623:C:T"
1.05393250982144,1.02607064668252,0.101251986282427,0.0875605294159627,-7.04467453253257,"chr19:46063874:A:G"
-0.0146633706239595,0.308813079252916,0.0961720346017992,-1.04308155584984,0.139549900554561,"chr19:46063987:A:G"
-0.860176101773858,-1.03932761847048,0.101251986282427,0.563013376722673,-6.25158592859448,"chr19:46064164:C:CTTATTT"
0.00469057327707974,0.308526318203853,0.0961720346017992,-0.979748175366849,-0.0446107244222688,"chr19:46064730:A:G"
-1.09496391651108,-1.0232632443035,0.101251986282427,-0.225331263263823,-7.12653609901817,"chr19:46065236:G:GGTA"
0.291115457583712,0.373844094098803,0.0981723419365496,-0.264034872899923,-2.8127375487473,"chr19:46065380:C:T"
0.3257489381265,0.295942797149547,0.0985748297632448,0.0949342083912575,-2.59934224647161,"chr19:46066361:A:G"
0.329483686648732,0.295792767815907,0.0985748297632448,0.107307440833804,-2.61915562710948,"chr19:46066372:A:G"
-1.12066115069655,-1.14257314500061,0.102278420969871,0.0685156684430884,-7.55633755442935,"chr19:46066482:C:T"
1.56261847926979,1.17225364703949,0.100533616615568,1.23116151752787,-7.77091688466907,"chr19:46066568:C:T"
0.346569038087255,0.295106428728801,0.0985748297632448,0.163911258588328,-2.70503529098791,"chr19:46066573:A:T"
-1.16578266561394,-0.881311589862848,0.119459644311923,-0.823052439394829,-5.93138934729709,"chr19:46067411:C:T"
0.136873060494451,0.352192191001054,0.104942091777213,-0.66467257398966,-1.32050487354299,"chr19:46068153:C:T"
2.01584637736122,1.52340859600335,0.122739882338023,1.40558953368149,-8.72061673630125,"chr19:46068189:C:T"
-0.0208573537499734,-0.436615657790731,0.10555084672016,1.27970560310068,-0.239775069667378,"chr19:46068410:A:C"
-0.939996759876324,-0.735266577006577,0.101679484154768,-0.642044614172545,-5.47433021846799,"chr19:46068707:C:G"
1.55868204170875,1.1104524818626,0.107119859091437,1.36951091408067,-7.12172231671056,"chr19:46069247:A:C"
-0.0373375615422769,1.07109629684941,0.146928492823642,-2.89172354754911,0.170728028350506,"chr19:46069283:C:T"
-0.343473417963544,-0.303506683733286,0.0961720346017992,-0.128876656520135,-2.79017435019463,"chr19:46069286:C:T"
0.955538765404467,0.734133070312418,0.101679484154768,0.694339896972684,-5.46501666423574,"chr19:46069445:A:T"
-0.907607708035186,-0.737628769389812,0.101679484154768,-0.53306288574685,-5.48116109708743,"chr19:46069504:C:T"
-0.920193846773465,-0.810596197491296,0.101149472346468,-0.344603297147954,-5.88352470627973,"chr19:46069901:C:T"
1.2451817817519,0.905265227829905,0.101850242768061,1.06510219811415,-6.38464220423254,"chr19:46070123:A:C"
-0.297930247669951,-0.345656667521741,0.0984978291160977,0.152070694041146,-2.72059996276457,"chr19:46070227:A:G"
-1.02797615390361,-0.803338236064425,0.101149472346468,-0.706319594068401,-5.90376569811332,"chr19:46070306:A:C"
-0.946825344771223,-0.808802856911061,0.101149472346468,-0.433978326256978,-5.90660903131512,"chr19:46070526:A:G"
0.965156611255243,0.807568446286621,0.101149472346468,0.495497865103554,-5.91556352881041,"chr19:46070653:GCACCCT:G"
0.233382645011935,0.348197176133323,0.0984978291160977,-0.365833546447822,-2.25346799641896,"chr19:46071585:A:C"
0.508935055475832,0.260990020424808,0.104149869458437,0.768291540453675,-2.82182389613832,"chr19:46071587:C:G"
-0.935893317239559,-0.809539009590054,0.101149472346468,-0.397290556047996,-5.89857960750917,"chr19:46072145:A:G"
-0.944719241158096,-0.808944679991222,0.101149472346468,-0.426910264530039,-5.90521859780921,"chr19:46072233:A:T"
-0.933142303785105,-1.18262580144536,0.143161565311719,0.659369121215739,-5.78837520284161,"chr19:46072239:C:G"
-0.899071413422504,-0.812018562725288,0.101149472346468,-0.273716631450323,-5.85670215917972,"chr19:46072545:G:T"
-0.958149285505133,-0.80804031315749,0.101149472346468,-0.471981353079117,-5.91280661748474,"chr19:46072866:A:G"
1.03068499253226,0.921514958689422,0.127483992658518,0.30575644244878,-5.92810773932375,"chr19:46073042:A:G"
-0.7960644387561,-0.838565024733219,0.102438822469005,0.132789161673669,-5.63627017129415,"chr19:46073975:C:T"
1.07775479371717,0.815763760006678,0.102438822469005,0.818566825200111,-5.93034264577359,"chr19:46074061:A:G"
-0.557968995932869,-0.509444449918424,0.0953174262231964,-0.157172053517165,-4.20612845634172,"chr19:46076545:C:T"
0.558919875531169,0.509438935994222,0.0953174262231964,0.160269832811326,-4.20766724911774,"chr19:46076626:GT:G"
0.529413400547221,0.509610037011832,0.0953174262231965,0.0641435225891137,-4.15336898339001,"chr19:46077190:C:T"
0.486485491804543,0.20598720647145,0.0992788278970121,0.890229312598474,-2.38933789083195,"chr19:46077267:A:C"
-0.498702867229496,-0.509788120076806,0.0953174262231965,0.0359053736072068,-4.0821916863586,"chr19:46077354:C:G"
-0.488930688057446,-0.509844786615301,0.0953174262231965,0.0677412173381281,-4.05631879431271,"chr19:46077495:C:T"
-0.489054416159374,-0.301349657755545,0.0961720346017992,-0.605272413218365,-3.19192390723852,"chr19:46077581:A:G"
0.124458925966581,0.176723319154765,0.0963982974721858,-0.168333762469261,-0.693790342604922,"chr19:46077896:C:T"
0.493418048860405,0.509818765479268,0.0953174262231965,-0.0531222756699786,-4.06839598723984,"chr19:46078195:C:CA"
-0.493750323784967,-0.509816838696148,0.0953174262231964,0.0520397891142088,-4.06927696902219,"chr19:46078305:C:G"
-1.06971767736536,-0.96905756312276,0.100568624607171,-0.317414062555972,-6.86841052456074,"chr19:46078418:A:G"
-0.494458700295504,-0.509812730989553,0.0953174262231964,0.0497320373328345,-4.07114902909364,"chr19:46078596:G:T"
0.494458700295504,0.509812730989566,0.0953174262231965,-0.0497320373328752,-4.07114902909366,"chr19:46078667:A:G"
-0.5725170731879,-0.201892115425448,0.0992788278970121,-1.1762681578923,-2.3271855058844,"chr19:46078840:A:C"
-0.0564908280139962,0.148362933755886,0.171426508085619,-0.494771817534043,0.150795866013929,"chr19:46079132:A:G"
-0.668646097258057,0.516557298565331,0.0953174262231965,-3.83889942013317,4.33358679229445,"chr19:46079137:A:G"
0.550889460163296,0.509485502459453,0.0953174262231964,0.134108314050247,-4.1942327537291,"chr19:46079171:C:T"
-0.532766039586834,-0.509590595856911,0.0953174262231964,-0.075065763234946,-4.16022540627936,"chr19:46079194:C:T"
-0.573914484905082,-0.509351985827384,0.0953174262231965,-0.209119330188501,-4.23009802278211,"chr19:46079279:C:G"
0.343348197073375,0.510688984791066,0.0953174262231965,-0.542020428896744,-3.46363202809535,"chr19:46079414:C:T"
-0.343348197073375,-0.510688984791054,0.0953174262231965,0.542020428896707,-3.46363202809535,"chr19:46079416:C:T"
0.124338338013964,0.176725393776484,0.0963982974721858,-0.168728835508334,-0.693136859463584,"chr19:46079529:A:T"
0.496655293643707,0.509799993468165,0.0953174262231965,-0.0425759668861559,-4.07690131646404,"chr19:46079664:C:T"
1.28261284691067,1.23586979784205,0.101682684614168,0.146586351755972,-8.27301263887087,"chr19:46079952:C:G"
-0.437276099195148,-0.302116840122471,0.0961720346017992,-0.435834294257596,-3.12562085531041,"chr19:46080016:A:AG"
0.49667341515011,0.509799888385874,0.0953174262231965,-0.042516930571363,-4.07694844048403,"chr19:46080100:A:C"
0.496920003270279,0.509798458480119,0.0953174262231964,-0.0417135948238819,-4.07758914161104,"chr19:46080300:A:G"
-0.437224639127881,-0.302117602589443,0.0961720346017992,-0.435665897571268,-3.12551375265877,"chr19:46080343:C:T"
-0.466546286322693,-0.301683153344738,0.0961720346017992,-0.531617350550189,-3.17310460346703,"chr19:46080404:AAG:A"
-0.493710827200831,-0.509817067727452,0.0953174262231964,0.0521684612413831,-4.06917234498454,"chr19:46080557:A:T"
-1.14977406872895,-0.968519887360275,0.101415416411685,-0.569162194282808,-6.91128321584448,"chr19:46080581:A:G"
0.390027771965259,0.510418301059118,0.0953174262231965,-0.389947526269837,-3.69961655507574,"chr19:46080720:C:T"
0.390004694924268,0.510418434877379,0.0953174262231964,-0.390022706744714,-3.69951154408954,"chr19:46080726:A:C"
0.390090585882216,0.510417936816172,0.0953174262231964,-0.389742890844159,-3.69990233102744,"chr19:46080728:A:G"
0.497126238109261,0.509797262573426,0.0953174262231965,-0.041041722154519,-4.0781242243409,"chr19:46080951:C:T"
-0.40979065970559,-0.510303700782205,0.0953174262231964,0.325563912881617,-3.78557304671747,"chr19:46081043:A:G"
0.497164457606739,0.509797040947666,0.0953174262231964,-0.0409172105253537,-4.07822330901395,"chr19:46081120:C:T"
-0.507817736820365,-0.301071647777624,0.0961720346017991,-0.666673052417435,-3.19648065308675,"chr19:46081689:GTTC:G"
0.49774342531921,0.509793683651858,0.0953174262231965,-0.0390310472351595,-4.07972134822064,"chr19:46081820:C:CAAAT"
-0.491037971878221,-0.509832566978572,0.0953174262231965,0.0608760998210372,-4.06203199371686,"chr19:46082203:C:T"
0.497766529838901,0.509793549674252,0.0953174262231964,-0.038955777240059,-4.07978101500374,"chr19:46082340:C:CA"
-0.397193812120222,-0.510376746899781,0.0953174262231965,0.366601972476093,-3.73169579691616,"chr19:46082492:A:G"
0.389784112070416,0.510419713984784,0.0953174262231964,-0.390741322433312,-3.69850723603888,"chr19:46082511:C:T"
0.389852095672867,0.510419319764076,0.0953174262231965,-0.390519845185946,-3.69881687100068,"chr19:46082521:A:G"
0.149657845121052,0.129706139306251,0.147178078364509,0.0520066007563576,-0.404919450139706,"chr19:46082677:A:G"
-0.498206315752875,-0.509790999460517,0.0953174262231964,0.0375230409602388,-4.08091507404659,"chr19:46082990:A:G"
-0.498259505527575,-0.509790691025675,0.0953174262231964,0.0373497591030356,-4.08105201666048,"chr19:46083030:A:G"
0.498375901073219,0.509790016075659,0.0953174262231964,-0.0369705652368295,-4.08135152669781,"chr19:46083061:C:T"
0.498580530770501,0.509788829476803,0.0953174262231965,-0.0363039218044168,-4.08187754120132,"chr19:46083189:C:G"
-1.07557092366168,-0.968699286395002,0.100568624607171,-0.337001013877931,-6.87531323440901,"chr19:46083224:A:G"
-0.473306111863318,-0.509935389809632,0.0953174262231965,0.118643023099264,-4.01163051402624,"chr19:46083235:C:T"
0.49148377902626,0.50982998184915,0.0953174262231964,-0.0594237475412475,-4.06323117979785,"chr19:46083286:C:T"
-0.498455154894096,-0.509789556501624,0.0953174262231965,0.0367123718275102,-4.08155533575264,"chr19:46083362:C:T"
-0.498633680624634,-0.509788521273448,0.0953174262231964,0.0361307700005867,-4.08201405380856,"chr19:46083431:A:G"
-0.498746981212077,-0.509787864270337,0.0953174262231964,0.0357616589013128,-4.08230490531975,"chr19:46083527:A:G"
-0.524226463813896,-0.509640114821996,0.0953174262231965,-0.0472454997042624,-4.14241025451044,"chr19:46083666:A:G"
1.03458539568871,1.05008978202202,0.0991531986788437,-0.0492380921635142,-7.12909526705548,"chr19:46083884:A:G"
-0.498904356130154,-0.50978695169069,0.0953174262231965,0.0352489622744132,-4.08270854883689,"chr19:46083907:C:T"
0.44796961233511,0.510082310133212,0.0953174262231965,-0.201184370885463,-3.93023067809688,"chr19:46083929:C:G"
-0.482635474054728,-0.509881291061287,0.0953174262231965,0.0882497902690128,-4.03880924365938,"chr19:46083955:C:G"
0.542357764985562,0.509534975726854,0.0953174262231964,0.106313723953575,-4.1788635344343,"chr19:46084021:A:T"
-0.187676003632723,-0.511591690747154,0.0953174262231965,1.04916991279101,-2.26677405297114,"chr19:46084120:A:G"
0.187691988945098,0.511591598052145,0.0953174262231965,-1.04911783577752,-2.2669333475755,"chr19:46084128:A:G"
-0.499219958719971,-0.509785121586467,0.0953174262231964,0.0342207909163367,-4.08351679597623,"chr19:46084172:A:G"
-0.413461629390434,-0.302469691323197,0.0961720346017992,-0.357904396100644,-3.06701962852562,"chr19:46084460:A:G"
-0.436134549770091,-0.302133754086493,0.0961720346017992,-0.432098715377785,-3.12322523047964,"chr19:46084494:A:G"
-0.499563388101873,-0.509783130121313,0.0953174262231964,0.0331019653256086,-4.08439444672737,"chr19:46084505:C:G"
-0.499530357057036,-0.50978332166047,0.0953174262231964,0.0332095739933549,-4.08431011848604,"chr19:46084652:G:T"
-0.499696491087493,-0.509782358288816,0.0953174262231965,0.0326683418956985,-4.08473407696924,"chr19:46084878:A:G"
-0.499716503507368,-0.509782242241561,0.0953174262231964,0.0326031453555367,-4.08478511619655,"chr19:46084891:A:G"
-0.703698649938406,-0.508599398379389,0.0953174262231964,-0.631930693345677,-4.28454444624323,"chr19:46084966:A:T"
-0.519608735484738,-0.509666891928257,0.0953174262231965,-0.0322018461966281,-4.13229360465452,"chr19:46085110:A:G"
-0.500092587937647,-0.509780061417568,0.0953174262231965,0.0313779360198265,-4.08574305043774,"chr19:46085440:A:G"
-0.371895152523476,-0.303085568199416,0.0961720346017991,-0.221883257039086,-2.92113024709335,"chr19:46085578:AC:A"
-0.345408536573483,-0.303478011714538,0.0961720346017991,-0.13520909211201,-2.79986451847251,"chr19:46085585:C:T"
0.500136579333295,0.509779806321955,0.0953174262231964,-0.0312346206781345,-4.08585495034871,"chr19:46085725:C:T"
0.500246540896245,0.509779168681054,0.0953174262231964,-0.030876387465991,-4.08613451814097,"chr19:46085853:A:C"
1.07368159574144,0.968814932002692,0.100568624607171,0.330678680572373,-6.87315136912232,"chr19:46085867:C:T"
0.465837323731933,0.509978699532339,0.0953174262231964,-0.14297487044098,-3.9887997934963,"chr19:46086072:C:T"
-0.377559544336086,-0.51049060134017,0.0953174262231964,0.430566567265144,-3.64125623191669,"chr19:46086236:A:G"
-0.377559544336086,-0.510490601340165,0.0953174262231964,0.43056656726513,-3.64125623191668,"chr19:46086252:C:T"
-0.501117382340978,-0.509774118879002,0.0953174262231965,0.0280393567831273,-4.08834155118755,"chr19:46086546:A:G"
0.518060988876449,0.509675866942047,0.0953174262231964,0.0271595912103862,-4.12882644550346,"chr19:46086621:A:G"
-0.500894822717432,-0.509775409449228,0.0953174262231965,0.0287644123998215,-4.08777868621323,"chr19:46086717:A:G"
-0.525197502011331,-0.509634484002861,0.0953174262231964,-0.0504089517620166,-4.14449435131446,"chr19:46086911:G:T"
0.50161404238498,0.509771238865762,0.0953174262231965,-0.0264213357389425,-4.08959470325166,"chr19:46087724:A:G"
-0.501724676710976,-0.509770597323656,0.0953174262231965,0.0260609107966627,-4.08987330081862,"chr19:46087932:G:T"
-0.520417393954378,-0.509662202710472,0.0953174262231965,-0.0348362969386919,-4.13408984680897,"chr19:46088100:C:T"
0.5022008235236,0.509767836261752,0.0953174262231964,-0.0245097178383055,-4.0910700384048,"chr19:46088570:C:T"
0.537275340476714,0.50956444749552,0.0953174262231965,0.0897561814046058,-4.16916763910352,"chr19:46088872:A:G"
-0.502599920896831,-0.509765521991173,0.0953174262231965,0.023209536846512,-4.09207026275856,"chr19:46089183:C:T"
-0.50284061940564,-0.509764126237875,0.0953174262231964,0.0224253882980923,-4.09267224559687,"chr19:46089381:C:T"
-0.416853263058416,0.248058276095023,0.113800698316624,-1.97102170340097,2.39569883537259,"chr19:46089487:C:T"
0.487885418785242,0.301366978406844,0.0961720346017991,0.601447014330218,-3.19131148438167,"chr19:46090192:A:G"
-0.503418024897561,-0.509760778001009,0.0953174262231964,0.020544314416142,-4.09411246491047,"chr19:46090273:A:G"
-0.503568975240735,-0.509759902675939,0.0953174262231965,0.0200525477946169,-4.09448808104801,"chr19:46090365:G:T"
0.433414636008225,0.302174054158031,0.0961720346017992,0.423198135008112,-3.11735042859388,"chr19:46090696:A:G"
-0.503760577270021,-0.509758791621429,0.0953174262231964,0.0194283459502389,-4.09496431636698,"chr19:46090700:A:G"
0.503706975755801,0.509759102443848,0.0953174262231965,-0.0196029691740595,-4.09483114784769,"chr19:46090733:C:T"
-0.0296994813100763,-0.178353581523119,0.0963982974721858,0.47878684643375,-0.1682573658131,"chr19:46090763:C:T"
-0.503789360914471,-0.509758624711936,0.0953174262231964,0.0193345744801828,-4.09503580757984,"chr19:46090809:A:C"
-0.44291713810695,-0.510111608227329,0.0953174262231965,0.217644341292214,-3.91263834219096,"chr19:46090837:C:G"
0.44300631423582,0.510111091116212,0.0953174262231964,-0.21735382294896,-3.91295284768015,"chr19:46090846:TG:T"
0.503921347601176,0.509757859352596,0.0953174262231964,-0.0189045877332809,-4.09536345548388,"chr19:46090980:A:G"
0.171912554198731,0.473303431368016,0.132022699376538,-0.829479769590073,-1.67413960031343,"chr19:46091060:C:T"
-0.520744922606408,-0.785678100737611,0.134256721792164,0.723049999239637,-3.90572298122608,"chr19:46091466:C:T"
-0.520914848952493,-0.509659318087471,0.0953174262231965,-0.0364569077875481,-4.13518962681121,"chr19:46091490:A:G"
0.504008658136498,0.509757353059608,0.0953174262231965,-0.0186201471280091,-4.09558004156894,"chr19:46091591:A:G"
-0.614764012111294,-0.509115109152744,0.0953174262231964,-0.34219908054138,-4.27393882299553,"chr19:46091838:A:G"
-0.433045301649313,-0.302179526464289,0.0961720346017991,-0.42198953413594,-3.11653454255754,"chr19:46092233:C:T"
0.678616008319798,0.690816570114121,0.0998136329674204,-0.0386175659913706,-4.9358810940798,"chr19:46092329:A:T"
-0.4669019702959,-0.509972525900581,0.0953174262231964,0.139506460678636,-3.99211303003441,"chr19:46092568:A:G"
-0.451475248148336,-0.510061981786427,0.0953174262231965,0.189763696748872,-3.94216744047325,"chr19:46092598:A:C"
-0.761769229203975,-1.60217401200237,0.151057688321811,2.16230572513477,-3.67176005384449,"chr19:46092993:A:G"
-1.14346927884673,-0.968962139039964,0.101415416411685,-0.547975587986081,-6.91182118907567,"chr19:46093121:A:G"
-0.548825233607379,-0.50949747241736,0.0953174262231964,-0.127383468659922,-4.19061807250019,"chr19:46093198:C:T"
-0.558079209018618,-0.50944381081899,0.0953174262231964,-0.157531106141312,-4.20630752637434,"chr19:46093199:A:G"
-0.50518389381682,-0.50975053814792,0.0953174262231965,0.0147914597075858,-4.09848327162266,"chr19:46093366:C:T"
-0.497164457606739,-0.50979704094763,0.0953174262231964,0.0409172105252364,-4.07822330901387,"chr19:46093535:A:C"
0.338887632718373,0.487697584724083,0.0998370205762127,-0.470962329184114,-3.37492920552844,"chr19:46093754:A:G"
-0.505537118620474,-0.509748489881451,0.0953174262231965,0.0136407225533631,-4.09935145416101,"chr19:46093769:C:T"
0.505847594248611,0.509746689507272,0.0953174262231964,-0.0126292538312516,-4.10011288565714,"chr19:46093964:A:G"
-0.644584603979868,-0.508942186646152,0.0953174262231965,-0.439348721985487,-4.29027861505977,"chr19:46094000:A:T"
-0.506233939418715,-0.50974444918367,0.0953174262231965,0.0113706170169185,-4.10105819235929,"chr19:46094241:C:T"
0.506298137017431,0.509744076917104,0.0953174262231964,-0.0111614738274331,-4.10121503513238,"chr19:46094301:A:C"
0.506193441360976,0.509744684022268,0.0953174262231965,-0.011502551748692,-4.10095921602018,"chr19:46094348:TA:T"
-0.506346526749296,-0.509743796316568,0.0953174262231965,0.0110038295686592,-4.10133321296382,"chr19:46094466:A:T"
-0.506346526749296,-0.509743796316565,0.0953174262231965,0.0110038295686481,-4.10133321296381,"chr19:46094493:C:T"
-0.506329738998913,-0.509743893664733,0.0953174262231965,0.0110585207678674,-4.10129221808916,"chr19:46094556:C:T"
-0.5063494892357,-0.509743779137815,0.0953174262231965,0.0109941783688017,-4.10134044673617,"chr19:46094559:G:T"
-0.506468961742097,-0.509743086345212,0.0953174262231964,0.0106049603676768,-4.10163205457228,"chr19:46094754:C:T"
0.506468961742097,0.509743086345224,0.0953174262231964,-0.0106049603677153,-4.10163205457231,"chr19:46094762:A:G"
-0.506313938254746,-0.509743985289475,0.0953174262231965,0.0111099964943173,-4.10125362924504,"chr19:46094906:C:T"
-0.50641169744658,-0.509743418407213,0.0953174262231965,0.0107915162147619,-4.10149231318504,"chr19:46094979:A:G"
-0.506744332310595,-0.509741489536895,0.0953174262231964,0.00970785704684769,-4.10230329283722,"chr19:46095283:C:T"
-0.506714729753026,-0.509741661195074,0.0953174262231964,0.00980429637529742,-4.10223119337293,"chr19:46096084:C:T"
-0.507129994275136,-0.509739253175058,0.0953174262231964,0.00845144598234095,-4.10324130173258,"chr19:46096399:A:G"
0.512519276038306,0.509708002014289,0.0953174262231964,0.0091057773363338,-4.11609664005065,"chr19:46096445:A:T"
-0.507226610391834,-0.509738692921225,0.0953174262231964,0.00813668961748443,-4.10347591302962,"chr19:46096446:C:T"
1.29795243367559,1.2389414705781,0.102058379415095,0.184717638909124,-8.30024579796992,"chr19:46096553:C:G"
-0.507213795027001,-0.509738767234463,0.0953174262231965,0.0081784395634011,-4.10344480242478,"chr19:46096689:C:T"
-0.507451319557254,-0.509737389886311,0.0953174262231965,0.00740463121479774,-4.10402098358462,"chr19:46096878:C:T"
0.508259646657081,0.509732702590082,0.0953174262231964,-0.00477126001068648,-4.10597493478509,"chr19:46097741:C:T"
0.508353097269617,0.50973216069225,0.0953174262231964,-0.00446681623772504,-4.10620014651119,"chr19:46097971:C:T"
-0.508503565835416,-0.605942316582086,0.100616804482133,0.307182483406094,-4.19446597887972,"chr19:46098115:A:G"
-0.0167636174185983,-0.277110902832623,0.131346556250547,0.718362591401787,-0.107139514340989,"chr19:46098146:A:G"
0.508488815984023,0.509731373691758,0.0953174262231964,-0.00402467127627056,-4.10652696996901,"chr19:46098396:A:T"
0.548698581491576,0.509498206842794,0.0953174262231964,0.126970860899081,-4.19039413636678,"chr19:46098440:A:G"
-0.508564527349165,-0.509730934659582,0.0953174262231964,0.00377801849317958,-4.10670916014987,"chr19:46098540:C:T"
-0.508553712130005,-0.509730997374463,0.0953174262231965,0.00381325235669137,-4.10668314033801,"chr19:46098694:A:G"
-0.508742453845191,-0.509729902906227,0.0953174262231964,0.00319836885481501,-4.10713695237691,"chr19:46098773:C:T"
0.508749333730493,0.509729863011423,0.0953174262231964,-0.00317595553746222,-4.10715348350594,"chr19:46098805:A:G"
-0.568780888582361,-0.509381754329177,0.0953174262231964,-0.192395079903181,-4.22280592018311,"chr19:46098959:C:G"
0.50311201295865,0.509762552491313,0.0953174262231964,-0.0215412413139214,-4.09334985984343,"chr19:46099137:A:T"
1.32579807413489,1.2367993066798,0.102058379415095,0.278586237661776,-8.33548352830065,"chr19:46099449:C:G"
-0.509194362924488,-0.509727282393153,0.0953174262231964,0.00172613767936095,-4.10822117734469,"chr19:46099456:C:T"
0.530185413585553,0.536733079608176,0.0993446524825291,-0.0207737199091868,-4.1708018470598,"chr19:46099714:A:G"
-0.513368323943646,-0.509703078587774,0.0953174262231964,-0.0118718089408848,-4.11807906745289,"chr19:46099871:A:C"
-0.381523725865997,0.240962831453444,0.113800698316624,-1.84525977111797,2.20708212035207,"chr19:46100217:A:T"
0.517182907545483,0.509680958726424,0.0953174262231964,0.024298974397847,-4.12684234526608,"chr19:46100309:A:C"
-0.35908152764503,-0.777516082636794,0.104711809180006,1.29309285029418,-3.02100529095575,"chr19:46100827:G:T"
0.598170070570534,0.509211333465712,0.0953174262231964,0.288139272542526,-4.25914944140467,"chr19:46100958:ACAGT:A"
-0.524215017907537,-0.509640181194038,0.0953174262231965,-0.0472082111856541,-4.14238559913187,"chr19:46101137:A:G"
-0.524813685008317,-0.509636709666173,0.0953174262231964,-0.0491585512205328,-4.14367237567751,"chr19:46101181:G:T"
0.520491370053684,0.509661773740685,0.0953174262231965,0.0350772965659346,-4.13425364466379,"chr19:46101280:A:C"
0.5256162377212,0.509632055854238,0.0953174262231965,0.0517731106041538,-4.14538843468115,"chr19:46101282:C:G"
0.527811044299502,0.509619328693871,0.0953174262231964,0.0589233601049259,-4.15002919476969,"chr19:46101523:C:G"
-0.459853454424111,0.368112825002702,0.10923404272761,-2.50514948667596,3.3646394656465,"chr19:46101677:A:G"
0.522214823024625,0.509651779847575,0.0953174262231964,0.0406919684312762,-4.13804495258543,"chr19:46101763:C:T"
0.52976557049269,0.509607994862209,0.0953174262231964,0.0652908232222759,-4.15409755714481,"chr19:46101779:C:T"
-0.494208860519149,-0.301273286041372,0.0961720346017992,-0.622139692956518,-3.19415870598332,"chr19:46101857:A:G"
0.530574768446955,0.509603302516085,0.0953174262231965,0.0679270314994546,-4.15576419797224,"chr19:46101866:G:GCA"
-0.532085173490841,-0.509594544037128,0.0953174262231964,-0.0728476349903699,-4.1588473547225,"chr19:46102087:A:G"
0.532153769107525,0.509594146267499,0.0953174262231964,0.0730711060600978,-4.15898652167463,"chr19:46102098:C:T"
0.533030638069308,0.509589061513333,0.0953174262231964,0.075927773211637,-4.16075897080548,"chr19:46102202:TGC:T"
0.147524336643888,-1.34105899829831,0.165434040300121,3.65982832867831,0.548194187799279,"chr19:46102205:A:G"
0.535685302070988,0.509573667749339,0.0953174262231964,0.0845761480344642,-4.16605102836384,"chr19:46102547:C:G"
-0.605159969961068,-0.509170800704696,0.0953174262231965,-0.310910994261325,-4.26587955304039,"chr19:46103156:C:T"
-0.404451714788662,-0.302603188277439,0.0961720346017992,-0.328420568281795,-3.04009785510593,"chr19:46103615:CAG:C"
0.545745404247716,0.509515331613943,0.0953174262231964,0.11734998846215,-4.18510182653966,"chr19:46103705:A:G"
0.548125092013623,0.509501532371623,0.0953174262231965,0.125102544622851,-4.18937701758906,"chr19:46103906:A:G"
-0.595062485434805,-0.509229353611428,0.0953174262231965,-0.278015369468344,-4.25592253825652,"chr19:46104147:A:G"
0.551947667842424,0.509479366165235,0.0953174262231964,0.137555747188305,-4.19606015474591,"chr19:46104400:C:G"
-0.566601835638296,-0.509394390137983,0.0953174262231965,-0.185296152653933,-4.21958895904085,"chr19:46104453:C:T"
-0.566713898895103,-0.509393740309858,0.0953174262231964,-0.185661232772598,-4.2197561714959,"chr19:46104455:A:G"
0.621967789640101,0.509073336163363,0.0953174262231964,0.365667575300033,-4.2790856836082,"chr19:46104635:A:AG"
-0.559003067618672,-0.509438453583089,0.0953174262231964,-0.160540856321236,-4.2078012147187,"chr19:46105157:C:T"
-0.561529607753105,-0.509423802778873,0.0953174262231964,-0.168771828705559,-4.21181899431189,"chr19:46105486:A:G"
0.562002236239932,0.509421062118911,0.0953174262231964,0.17031155964827,-4.21255968116166,"chr19:46105535:A:G"
-0.899942965596543,-0.982000836751026,0.100378385584475,0.259000225690585,-6.41482053418787,"chr19:46105838:C:T"
-0.567396388564167,-0.509389782714891,0.0953174262231964,-0.187884650300023,-4.22077038152885,"chr19:46106184:A:G"
0.840878059871067,0.770422044851133,0.0993469586053857,0.223532557900321,-5.61590186367899,"chr19:46106315:G:T"
-0.829032831383781,-0.986198893804434,0.100378385584475,0.49606509485502,-6.06866920444634,"chr19:46106423:C:T"
0.57529372684335,0.509343987932004,0.0953174262231964,0.213612629998259,-4.23198873968192,"chr19:46107134:G:T"
0.99024102078668,0.973922322781057,0.100568624607171,0.0514581596550283,-6.71462622467069,"chr19:46107350:G:T"
1.03568323655331,0.971140808465255,0.100568624607171,0.203523257059727,-6.81625748677281,"chr19:46108431:C:G"
0.161544752352996,-0.0767747417007608,0.117744033313114,0.694528567576207,0.323355250970572,"chr19:46109519:C:T"
0.539713688518574,0.509550308096213,0.0953174262231964,0.0976998412430405,-4.17386987004973,"chr19:46109650:C:T"
0.615916239195811,0.509108427662423,0.0953174262231965,0.345952810467913,-4.27481367000878,"chr19:46109922:ACATG:A"
-0.549629111831391,-0.50949281091907,0.0953174262231965,-0.130002346299014,-4.19203361464486,"chr19:46110034:C:T"
-0.203638576153323,-0.211382595542666,0.0956134288082267,0.0250441897320429,-1.33581864033422,"chr19:46110324:C:G"
0.836551917033876,0.847023357726403,0.0983893806028759,-0.0333835351247786,-5.90133284243228,"chr19:46110819:A:T"
1.07543332565881,0.934466746059146,0.101016132666802,0.443527745863762,-6.69214365637092,"chr19:46111053:C:T"
0.345176837220517,0.303481444727984,0.0961720346017992,0.134450884722627,-2.79871011070478,"chr19:46111127:A:G"
0.347939860727911,0.303440505913464,0.0961720346017992,0.143492536386607,-2.81237267673851,"chr19:46111697:C:T"
-0.317001689408488,-0.303898906666773,0.0961720346017992,-0.0422512087460871,-2.6467994039509,"chr19:46112398:A:G"
-0.908305398242818,-0.640956847761935,0.130619061565788,-0.739732251978003,-4.47538610538171,"chr19:46112927:C:T"
-0.635522754075467,-0.508994734154486,0.0953174262231965,-0.409826991735714,-4.28669489777103,"chr19:46113258:C:T"
0.627534886554144,0.509041053894898,0.0953174262231965,0.383804085516408,-4.28253802723068,"chr19:46113544:A:G"
-0.65324377593466,-0.508891974171297,0.0953174262231964,-0.467558606427694,-4.29258405337203,"chr19:46114721:C:G"
0.542102331276139,0.300563664168553,0.0961720346017991,0.77886513463461,-3.18056921026581,"chr19:46115407:A:G"
1.08947973532606,0.879388154291677,0.211102367917783,0.457258825979568,-4.73249169406528,"chr19:46115702:A:G"
-0.67235231616385,-0.508781168299702,0.0953174262231964,-0.529810483921162,-4.29382843801467,"chr19:46116335:C:T"
-0.37560769266214,-0.303030560707913,0.0961720346017992,-0.234032084087574,-2.93639693215196,"chr19:46116952:CTTATA:C"
-0.46423416004139,-0.301717411362727,0.0961720346017992,-0.524051204122965,-3.17031575518812,"chr19:46117700:C:T"
-0.331719124171593,-0.303680843255318,0.0961720346017992,-0.0904121882524527,-2.72896517226923,"chr19:46118106:A:G"
0.884488235246168,1.05047965301569,0.0988818383997538,-0.527870470952155,-6.46223787040888,"chr19:46118206:A:C"
0.158806961840952,0.26280902819358,0.101715202069422,-0.326098675613502,-1.21650645774137,"chr19:46118955:A:G"
-1.01272762145358,-1.63908098771783,0.101295215494209,1.96799934470766,-6.07582842039743,"chr19:46119519:C:T"
0.687833368559889,0.642707342589327,0.0987545989453445,0.143598010911617,-4.83366925609726,"chr19:46120283:C:G"
1.07096623543853,1.30656796475997,0.101736525341802,-0.738652247204202,-7.48282306079127,"chr19:46120948:A:G"
0.596447310103353,0.580392696888242,0.0997435615000199,0.0508343659955686,-4.42950298264899,"chr19:46121503:C:T"
0.70821450939672,0.64184994584352,0.0987545989453445,0.211182330291479,-4.8689202354227,"chr19:46121572:A:AAGG"
0.708484150302754,0.641838602551342,0.0987545989453445,0.212076465573571,-4.8693430064881,"chr19:46121625:C:G"
0.707650190026491,0.641873685711437,0.0987545989453446,0.20931103462385,-4.8680317531138,"chr19:46121926:A:G"
0.706097579195064,0.641939001165807,0.0987545989453446,0.204162542341511,-4.86556154578582,"chr19:46122173:A:G"
0.704149693111425,0.642020945115991,0.0987545989453445,0.197703308471998,-4.86240907790249,"chr19:46122745:C:T"
-0.703611959708758,-0.642043566561627,0.0987545989453445,-0.195920172468096,-4.8615283439167,"chr19:46122932:C:G"
0.768112783105963,0.937944722849947,0.102392974201765,-0.530743019499425,-5.65006525005719,"chr19:46124335:A:G"
0.538899657548158,-0.32418408328513,0.135757128905298,2.34245692212089,2.95312577797369,"chr19:46128670:C:T"
-0.3031214347167,-0.170316717031632,0.102499850160165,-0.414812550346027,-1.46595812996464,"chr19:46129268:A:T"
-1.07707127254076,-1.09743095252816,0.0973266724380966,0.0652611931902824,-7.45796386786638,"chr19:46130079:CCTT:C"
0.364395024822223,0.303196695135552,0.0961720346017991,0.197340019557161,-2.8889748751891,"chr19:46130365:A:G"
0.134529526660847,0.312276209507224,0.0975012211149198,-0.569241398732151,-1.25559145754309,"chr19:46130510:A:T"
0.147273300865272,0.31190864875404,0.0975012211149197,-0.527251784462018,-1.36831492193061,"chr19:46131687:C:G"
0.292325587306025,0.304264524391091,0.0961720346017992,-0.0384982742163258,-2.49605363989305,"chr19:46132600:C:T"
-1.9106579861754,-1.77148378276711,0.100788267637096,-0.438383050053726,-11.456915772628,"chr19:46132658:A:G"
1.10319275653064,-0.202244928599738,0.118091647046843,3.79880110583661,0.93677309968414,"chr19:46132959:C:T"
-1.16045062133853,-1.1521318204982,0.0973669921945073,-0.0266596749472093,-7.86282116227176,"chr19:46133618:C:T"
1.06427764470565,1.0118735054757,0.0976301712185881,0.167715640987142,-7.13230108420365,"chr19:46133843:C:T"
-1.04340237425108,-1.01250400277397,0.0976301712185881,-0.0988879934656261,-7.08442578666411,"chr19:46133900:A:G"
-1.0339627844087,-1.01278910738641,0.0976301712185881,-0.0677648152613622,-7.06027389394211,"chr19:46133924:A:C"
-1.03517865452627,-1.07055708716605,0.0989561511414709,0.112464949080883,-7.19140403755048,"chr19:46133943:A:G"
0.262136029685068,0.304711833180371,0.0961720346017992,-0.137289856397093,-2.29158021281601,"chr19:46134278:C:T"
0.232080638352808,0.419518288828094,0.0979183635979726,-0.598997153071061,-2.51967863066125,"chr19:46134925:A:G"
1.74398362601202,1.78207220701094,0.100788267637096,-0.119974735989989,-11.1051389419318,"chr19:46135118:GTTTC:G"
-0.245260671686532,-0.30496186983377,0.0961720346017992,0.192512371992534,-2.16875298454393,"chr19:46135467:C:T"
0.171373611145935,0.311213538494215,0.0975012211149198,-0.447843383446637,-1.57687907142206,"chr19:46137294:A:C"
-0.254778485654129,-0.304820847500946,0.0961720346017992,0.161366506505953,-2.23872996647665,"chr19:46137646:A:T"
-0.169194762474607,-0.311276381671276,0.0975012211149198,0.45502249803189,-1.55829309914309,"chr19:46138514:G:T"
-1.13396706648215,-1.08426972610297,0.0973170453901975,-0.159308405190906,-7.57150414569034,"chr19:46139026:G:T"
-0.276791891964623,-0.304494682068246,0.0961720346017992,0.0893303652048472,-2.39342732225112,"chr19:46139384:A:G"
-0.713299927306701,-0.757444673043962,0.112822275111741,0.131426091676192,-4.96240157454281,"chr19:46139847:ATG:A"
-0.1503645044718,-0.311819491091065,0.0975012211149197,0.517066540672742,-1.39541671902594,"chr19:46140338:A:G"
-0.192907766521896,-0.172442699679018,0.0975174504933627,-0.0655348029928607,-1.02606487871077,"chr19:46141252:A:G"
0.272474982753035,0.304558644298405,0.0961720346017992,-0.103456915070145,-2.3639175248666,"chr19:46142052:C:T"
1.85021126103922,1.77532381892663,0.100788267637096,0.235886999746113,-11.3825884680702,"chr19:46142837:A:G"
-0.151692155073178,-0.311781198490527,0.0975012211149197,0.512692048803774,-1.40702660009427,"chr19:46143584:A:G"
-1.03578315807508,-1.08691076895355,0.0973170453901976,0.163893240324861,-7.28515890920531,"chr19:46143639:C:T"
0.673546321516678,0.431165697373129,0.100912000505125,0.763003432242879,-3.79408223052769,"chr19:46143679:C:T"
-0.876130116945656,-0.741264007870341,0.11620811420303,-0.395625796178286,-5.1861504012056,"chr19:46145410:A:G"
-1.06482947229482,-0.98510938988394,0.112036881385034,-0.238170096839845,-6.60466184468919,"chr19:46145663:ATATTT:A"
0.19105329645423,0.305765042761636,0.0961720346017992,-0.369899282801345,-1.74017452855208,"chr19:46145903:A:G"
-0.333978526222963,-0.483379152002026,0.0991412965652656,0.474487875460533,-3.35132837643528,"chr19:46146773:C:T"
1.2364985562237,1.24679008586139,0.0987631612987113,-0.0327478232488617,-8.29218002966049,"chr19:46147067:A:G"
1.2176501672984,1.24758470554747,0.0987631612987113,-0.0952522124628471,-8.23647942638061,"chr19:46147313:A:G"
-0.453155558292131,-0.30188155937701,0.0961720346017992,-0.487797854242779,-3.15468405506305,"chr19:46147368:GT:G"
-0.282846147901814,-0.304404978140587,0.0961720346017991,0.0695185637047804,-2.43409983463449,"chr19:46148879:A:G"
-0.499385194755751,0.897432157751496,0.177880992984841,-3.3118819559959,3.43849576815875,"chr19:46149262:C:T"
-1.15219303597241,-1.25034427960722,0.0987631612987113,0.312318935218075,-7.99458197515759,"chr19:46149801:C:T"
0.298716351027916,0.304169834537776,0.0961720346017992,-0.0175852927359355,-2.53658824329974,"chr19:46150648:A:C"
0.340013039602791,0.303557955026335,0.0961720346017992,0.117552997608082,-2.77257168639453,"chr19:46151657:A:C"
-1.21580200785046,-1.15061375440144,0.0973669921945072,-0.208912039209133,-7.98256136372935,"chr19:46152143:C:T"
0.354937171074696,0.30333682905743,0.0961720346017992,0.16639036645246,-2.84595130695391,"chr19:46153535:G:T"
-1.74319070428842,-1.78212257943532,0.100788267637096,0.122631017482035,-11.1023608718709,"chr19:46154699:C:T"
0.366061188943899,0.303172008127378,0.0961720346017992,0.202792334951085,-2.89626925643682,"chr19:46154729:A:G"
-0.0581139059169905,0.604588326377095,0.134691656615624,-1.80571034549665,0.64223690533761,"chr19:46154996:A:G"
-0.140279348659292,0.639202940904474,0.134691656615623,-2.12390899835102,1.50087252813348,"chr19:46154998:C:T"
0.336625531404387,0.303608146626026,0.0961720346017992,0.106467797262566,-2.75500115977352,"chr19:46155314:A:G"
0.286007070910465,0.30435814377945,0.0961720346017991,-0.0591748352839303,-2.45499637422016,"chr19:46155855:A:G"
1.27771696118293,1.34621165081387,0.0988238104187231,-0.217884383718401,-8.63468633283284,"chr19:46156185:A:G"
0.242540138015827,-0.0967346440037025,0.116214695547558,0.995224493089073,0.611130817014535,"chr19:46157115:A:G"
-0.370222830290589,-0.481706527608783,0.0991412965652656,0.354065870963762,-3.53765699082544,"chr19:46157177:C:T"
-0.826189779905616,-0.496893408608478,0.116152624515221,-0.966212009758762,-3.84549539325684,"chr19:46157320:A:T"
-1.11136694764874,-1.05831995919171,0.0972852726525998,-0.170073709123674,-7.42586952561372,"chr19:46158499:A:G"
-0.381560420814081,-0.302942361084194,0.0961720346017992,-0.253511648505357,-2.95996951649593,"chr19:46158703:A:G"
-1.06229151498418,-0.948938059579737,0.0972376780272752,-0.363510929953403,-6.86439518287907,"chr19:46158749:A:G"
1.27868145264116,1.6646445718583,0.114031014949766,-1.14296863462321,-7.99788769070176,"chr19:46159192:A:C"
-0.383992764449586,-0.302906321845053,0.0961720346017991,-0.26147119131071,-2.96927861921721,"chr19:46160633:A:G"
-0.1634556408365,-0.197011645191514,0.0974556025547163,0.10748969648434,-0.994767110575919,"chr19:46161143:A:G"
-0.349565736769898,-0.303416415840578,0.0961720346017991,-0.148813014037625,-2.82030602070191,"chr19:46161304:A:G"
-0.949645695353514,-0.96827634230648,0.0972162959217043,0.0597528192885459,-6.67223768291946,"chr19:46161421:G:GGA"
0.811438294468532,0.84335116964964,0.116189805356061,-0.0936228638035795,-5.40305774832483,"chr19:46161934:A:G"
-1.07032088526035,-1.07607106006244,0.0972349700595618,0.0184403773886535,-7.37988714046753,"chr19:46161984:G:T"
-1.06881807410557,-1.07611018255133,0.0972349700595617,0.0233852424190803,-7.3753258155392,"chr19:46162012:C:G"
-1.0997554199092,-1.07530479461972,0.0972349700595618,-0.0784113132636193,-7.46122016602572,"chr19:46162927:A:G"
-1.3684353239631,-0.961939302333671,0.102824499486074,-1.26767520955622,-6.53418741034485,"chr19:46163750:A:G"
1.09854550959092,1.07533629205892,0.0972349700595618,0.0744302121094615,-7.45817727100539,"chr19:46165906:C:T"
0.144697535536628,0.197543643938689,0.0974556025547163,-0.169281541759821,-0.885893697647383,"chr19:46166252:A:G"
-1.01087313708932,-0.966694481163915,0.0972162959217043,-0.141691227931357,-6.84677768874207,"chr19:46166439:A:G"
0.345985660876849,0.303469460652742,0.0961720346017991,0.137097659800166,-2.80273303965356,"chr19:46166639:C:T"
1.12308230377707,1.07469752886173,0.0972349700595617,0.155166327983765,-7.51485477961005,"chr19:46166815:C:T"
-0.98635783101936,-1.06274286121879,0.0977556430554983,0.244307801862046,-7.02080608325551,"chr19:46167652:A:G"
-0.792948092847315,-0.468933370071277,0.112817404928752,-0.964665377204389,-3.74763316572483,"chr19:46167728:A:G"
-1.78249271357422,-1.83751654756217,0.09995210346534,0.174042326110461,-11.432445723944,"chr19:46167729:C:T"
-0.940248841604741,-1.01237125167426,0.0973338205831984,0.231173658150086,-6.73909319554317,"chr19:46167918:A:G"
0.345949528479465,0.303469996014638,0.0961720346017992,0.136979421012105,-2.80255373805909,"chr19:46168069:A:G"
0.345949528479465,0.30346999601464,0.0961720346017992,0.136979421012098,-2.80255373805911,"chr19:46168078:A:G"
-0.345488147337047,-0.30347683214794,0.0961720346017991,-0.135469608459695,-2.80026080033097,"chr19:46168730:A:G"
0.290919582159722,0.304285356708937,0.0961720346017992,-0.0430992516371422,-2.48700088329049,"chr19:46169565:A:G"
-0.343120935566706,-0.326942795126845,0.104116675563362,-0.0501381672597979,-2.78377815515277,"chr19:46171237:C:T"
1.04841770183677,1.12116070306992,0.0973740648341681,-0.233114648860178,-7.40292009805335,"chr19:46171356:C:G"
-1.13357946373683,-1.07442425765089,0.0972349700595617,-0.189706289334562,-7.53587120603579,"chr19:46171927:A:G"
-0.415750649589824,-0.302435775660494,0.0961720346017992,-0.36539493074109,-3.07344280467428,"chr19:46172355:A:G"
1.19025011970968,0.666279497081014,0.111112507367493,1.57190199141517,-4.31580595819848,"chr19:46172729:A:T"
0.684839927958295,0.530532216874133,0.101801452069226,0.483627115977522,-4.31657048186903,"chr19:46173462:C:T"
0.126384554729833,0.33643515151407,0.097465079205369,-0.672820785582778,-1.25822188462034,"chr19:46173892:A:G"
1.82565977470161,1.77357417215535,0.100562813097591,0.164247582407051,-11.3348104688406,"chr19:46174014:C:T"
-1.88400187787526,-1.49425260501991,0.106276621450783,-1.19554642124994,-9.34029921655367,"chr19:46174821:A:G"
0.461129314831681,0.339233367221503,0.0984978291160978,0.388397064172152,-3.35903849477934,"chr19:46175152:C:T"
1.72675738434926,1.84056551124957,0.09995210346534,-0.359979116328804,-11.189734273056,"chr19:46175244:C:T"
1.03629805961942,1.03479751090456,0.0978100012842171,0.00479798037134582,-7.13275887963107,"chr19:46176181:A:T"
-0.296105340230524,-0.304208521029753,0.0961720346017992,0.0261295016642172,-2.52014982502018,"chr19:46176483:A:G"
1.82163118985731,1.77382051445726,0.100562813097591,0.150766957927213,-11.3262434105546,"chr19:46177035:A:T"
-0.973057747900732,-0.967671472739144,0.0972162959217043,-0.0172750375862561,-6.74658603866636,"chr19:46177638:A:G"
-0.122077786772839,-0.198185162781421,0.0974556025547163,0.243794185411101,-0.752301101596772,"chr19:46178273:C:T"
-0.775821560786403,-0.192586074935737,0.116880391102803,-1.7059767648879,-1.68984260541006,"chr19:46178300:C:T"
-0.325495563653313,-0.344571732996609,0.0984978291160978,0.0607823993647536,-2.885980560063,"chr19:46178572:A:G"
1.63871839092562,1.63976895554185,0.10327224520111,-0.00326912073252838,-10.2668683322618,"chr19:46179137:A:G"
0.707486248251237,0.584430967201874,0.10169362144526,0.385881004113122,-4.57952216621853,"chr19:46179296:A:G"
1.87818024116193,1.77036261943753,0.100562813097591,0.339993834061563,-11.4219400047529,"chr19:46180248:A:G"
-0.126301442227544,-0.229879212021331,0.103678540126045,0.321678562240678,-0.843936042213844,"chr19:46180333:C:T"
-0.54456038329749,-0.570304484837103,0.109656231522048,0.0777429616687196,-4.15283321894137,"chr19:46180513:C:T"
-0.706175467830423,-0.923576045848019,0.101637495121359,0.681920455026417,-5.29714598040001,"chr19:46181599:C:G"
-0.713328666357403,-0.872012250096134,0.101580754148533,0.497881837517045,-5.33140347848775,"chr19:46182128:A:G"
-0.613378971353829,-0.377975388085784,0.115879339157561,-0.691528469711532,-3.44622765993135,"chr19:46182593:A:C"
1.03550316038136,0.63435887624545,0.113732914694644,1.18948103966314,-4.43861770160629,"chr19:46183174:A:G"
-0.936741277462077,-0.916305281754108,0.103028628276345,-0.0636673602893428,-6.29857577165872,"chr19:46184264:CT:C"
-0.615150224222735,-0.384057429587846,0.116363124963168,-0.677452292362186,-3.47451965179036,"chr19:46184393:A:G"
-1.12379744462424,-0.939286697610199,0.0976297402263199,-0.590514546448841,-6.84546218965615,"chr19:46184598:A:G"
0.260098512755795,0.438636086776026,0.132022699376538,-0.491366252198438,-2.30944032506805,"chr19:46184804:C:T"
-0.019157887192433,-0.340316755061536,0.103226732044723,0.999594433480228,-0.185629003892462,"chr19:46186505:C:T"
-1.83558647002561,-1.83461208933613,0.09995210346534,-0.00308200046096606,-11.6161625515675,"chr19:46190005:A:C"
0.577167151576997,0.27182609492714,0.0991584168898276,0.969662079320109,-2.91037414648394,"chr19:46191062:A:G"
-0.515711268271875,-0.27467330108852,0.0991584168898275,-0.765456761755177,-2.98071311805073,"chr19:46191555:C:T"
1.90198787097996,1.83097964537072,0.0999521034653401,0.224601520146968,-11.7805329326475,"chr19:46192184:C:G"
0.459386746549126,-0.672543603519405,0.139450542306087,3.03116516252626,3.65588866163277,"chr19:46192752:G:T"
0.592418179468325,0.27111952595044,0.0991584168898276,1.02033812246274,-2.87864648100479,"chr19:46192988:GA:G"
1.18236822817597,1.00204705818672,0.0995825822493578,0.571419457774648,-7.16491375606582,"chr19:46194748:A:G"
0.732589039724824,0.540764575340025,0.109656231522048,0.579278401261873,-4.26748656315005,"chr19:46196103:A:C"
-0.180427590131493,-0.118606958410776,0.0984851019800219,-0.196991809346317,-0.661111340482779,"chr19:46197133:C:T"
-0.222926382273378,-0.621088416355794,0.119439638594284,1.15208787535724,-2.34841353152652,"chr19:46198284:A:T"
0.26771901099789,1.49332358808934,0.1718653598648,-2.9563523808725,-1.01280786035189,"chr19:46199148:A:G"
1.06827485958654,0.700755393042203,0.09831815164939,1.1720968392345,-5.13899630460369,"chr19:46200382:C:T"
-1.29035871848468,-1.2735750859971,0.0976318732911197,-0.0537143283968292,-8.54988035969477,"chr19:46201906:TGTTGGGCAG:T"
-0.655726667202806,-0.552839902426723,0.109656231522048,-0.310701144411583,-4.29709344428827,"chr19:46202441:A:G"
0.0593989573417536,-0.128014007173489,0.0984851019800218,0.597192522095214,0.237652408122563,"chr19:46203180:C:T"
0.807762483664951,0.581180623159093,0.0987862296947089,0.720903166924681,-4.6126110260935,"chr19:46203181:A:G"
1.79933469039402,1.81556760431356,0.104089917201265,-0.0503143833218424,-11.2100347783805,"chr19:46203544:C:G"
0.947888245505486,0.705265401681331,0.09831815164939,0.773775253447881,-5.35057545068865,"chr19:46204246:G:T"
-1.26739914082771,-1.18938894913812,0.103172539415318,-0.242867434387547,-8.02767036395845,"chr19:46204321:T:TG"
-1.27104177827904,-1.28579990918745,0.0978415479334896,0.0471812780424355,-8.5237176208032,"chr19:46205205:A:G"
0.884198765938891,0.707651382093354,0.09831815164939,0.563046721106154,-5.37630992683452,"chr19:46205709:A:G"
0.944092425000775,0.868360442285098,0.0990014867438298,0.240690233806193,-6.24424212393811,"chr19:46205872:A:C"
-0.0525945365345993,0.188339699555993,0.101513035108679,-0.75620163151713,0.298307485326843,"chr19:46206176:C:G"
-0.34764081476744,-1.45427690619402,0.123562225039053,3.14819750151728,-1.67280065496779,"chr19:46206433:A:G"
1.37604809277708,1.27098546463022,0.0976318732911197,0.336242378679956,-8.68904810266606,"chr19:46206772:C:T"
0.15796402785138,0.119488077819705,0.0984851019800218,0.122603842796353,-0.585095632741011,"chr19:46207120:A:G"
1.77672469194153,1.72929979823597,0.10442852576187,0.146756313113605,-10.851579935121,"chr19:46207628:C:T"
0.968917364408468,0.77359139589607,0.0983239508725526,0.622917204384027,-5.78977735869338,"chr19:46208380:C:T"
2.4712552139331,1.0316371380195,0.156189408422171,3.64268402410686,-4.73953246291465,"chr19:46208818:C:T"
-0.979683924950508,-0.77318739252761,0.0983239508725526,-0.658541430366451,-5.7875001521516,"chr19:46208848:C:T"
-1.22122511183943,-1.27566437497156,0.0976318732911197,0.174227388482456,-8.34599540784278,"chr19:46209107:G:GA"
-0.0231308433861521,0.186242608529981,0.101513035108679,-0.657144241949164,0.129907229463917,"chr19:46209182:C:T"
-0.0356101819886107,0.187130830819762,0.101513035108679,-0.699099970284573,0.200853842444696,"chr19:46209360:C:T"
0.0357363353498518,0.124282383853084,0.0984851019800218,-0.282152508306913,-0.138983249266997,"chr19:46209361:A:G"
-1.30169772377484,-1.21784650526676,0.0978221192824342,-0.26809631483295,-8.36909911513409,"chr19:46209556:C:CCTTT"
-1.36928149345178,-1.27118995824846,0.0976318732911197,-0.313932096568426,-8.68258028425076,"chr19:46209940:C:T"
-0.394719943838398,-1.43997235401516,0.123562225039053,2.9735710335738,-1.89579778237669,"chr19:46210372:C:T"
-1.48998491738854,-1.15411604692342,0.161725375300101,-0.835181123367257,-6.55379229361931,"chr19:46210575:A:G"
-0.170246557223436,-0.119006303162348,0.0984851019800219,-0.163277373231308,-0.626925336263358,"chr19:46210612:C:T"
-0.16987019204729,-0.119021065854808,0.0984851019800219,-0.162031041960045,-0.62565299224856,"chr19:46211216:C:T"
1.36765552279195,1.27123909676064,0.0976318732911197,0.308571078074195,-8.68091146762156,"chr19:46211647:A:G"
-0.0483338032678522,0.188036440034076,0.101513035108679,-0.741876980736815,0.273767045946922,"chr19:46212522:A:G"
-0.976063024005208,-0.814365304295746,0.0989351531741137,-0.514077481059592,-6.0179159061627,"chr19:46212631:TCCA:T"
-0.175678709302661,-0.118793230339368,0.0984851019800218,-0.181265915837535,-0.64522159159388,"chr19:46212950:C:T"
0.168178018543735,0.11908744031932,0.0984851019800218,0.156427418438102,-0.619924967529139,"chr19:46213237:A:G"
-1.29626163134917,-1.2849819400802,0.0978415479334895,-0.036060816460909,-8.59049892977585,"chr19:46213459:A:G"
-0.15347164130475,-0.119664288917888,0.0984851019800218,-0.1077273287336,-0.569640980127747,"chr19:46214783:C:G"
1.48016611785973,1.35501108574855,0.09886197350579,0.398046379556396,-9.11302410695312,"chr19:46214850:C:T"
-0.883848675449534,-0.804917586591752,0.098885767572055,-0.251004321933696,-5.85637401939396,"chr19:46214954:A:C"
-0.21765806015227,-0.117146616131598,0.0984851019800218,-0.320280312033886,-0.78207091580812,"chr19:46215253:C:T"
-0.89543099909693,-0.804414308603202,0.098885767572055,-0.289437064819801,-5.87479353679743,"chr19:46215501:A:C"
-0.145823173149716,0.589640368823026,0.128289619942266,-2.05336138107864,1.59454107986192,"chr19:46215509:C:T"
0.152087203929269,0.119718592622121,0.0984851019800218,0.103142771756666,-0.564861850295039,"chr19:46216191:A:C"
0.152087203929269,0.119718592622115,0.0984851019800218,0.103142771756684,-0.564861850295012,"chr19:46216193:C:G"
-1.04727497339709,-0.770651112613256,0.0983239508725526,-0.882185627122311,-5.73174051883937,"chr19:46216389:G:T"
-0.200892013728963,-0.117804253986638,0.0984851019800218,-0.264759638822771,-0.728418648984358,"chr19:46216497:A:G"
1.0571419849045,0.770280863835116,0.0983239508725526,0.914833439423943,-5.71774914563268,"chr19:46216835:CAG:C"
-0.879875981294174,-0.778407545808472,0.098840414016392,-0.322748094009613,-5.73120950831685,"chr19:46217407:G:T"
1.40452202181209,1.24274480052767,0.0975746570683715,0.517903510521797,-8.57230502427551,"chr19:46217562:G:T"
-0.140685120091699,-0.120165832345098,0.0984851019800218,-0.0653848320082111,-0.525213277700268,"chr19:46217856:A:G"
1.09192151742447,0.768975800046521,0.0983239508725526,1.02991140895891,-5.65701910704166,"chr19:46217928:C:G"
0.142658119484874,0.120088442657866,0.0984851019800218,0.0719184089641693,-0.532110321156584,"chr19:46218075:A:G"
1.39354875099378,1.21430772764382,0.0975958779955413,0.573748650521115,-8.41854761794715,"chr19:46218210:A:G"
1.40336444024682,1.25587236589369,0.0978132298389601,0.471595751282963,-8.6310028433466,"chr19:46218451:A:G"
-0.985140052452604,-0.772982657330987,0.0983239508725526,-0.676594579128717,-5.78564450219062,"chr19:46218615:A:G"
1.48114282863628,1.21169381467123,0.0975958779955413,0.862503489755518,-8.33263501712359,"chr19:46219054:A:T"
1.5157571536982,1.21066088144388,0.0975958779955413,0.976609992586149,-8.26615063387134,"chr19:46219066:A:G"
1.37166927372012,1.25689088133697,0.0978132298389601,0.366996005882915,-8.61602881025945,"chr19:46219879:G:T"
0.123563788385028,0.120837406046782,0.0984851019800218,0.00868763347820777,-0.464744017244444,"chr19:46221176:A:G"
-1.42408951713365,-1.21339635433008,0.0975958779955413,-0.674426621614136,-8.40244900524866,"chr19:46221406:C:G"
-1.41703953292445,-1.21360673436577,0.0975958779955413,-0.651186271219212,-8.40750701149941,"chr19:46221545:C:T"
0.122163772828997,0.120892320795558,0.0984851019800218,0.00405148943957311,-0.459751518928023,"chr19:46222076:C:T"
0.982571748346873,0.865043979719902,0.10468097427083,0.363250827872142,-6.13787414872129,"chr19:46222242:C:G"
-0.982603804547012,-1.01872663346318,0.105373030006371,0.111279975157897,-6.67924414870648,"chr19:46222244:C:G"
-0.00707130527141449,0.125961487217508,0.0984851019800218,-0.423909781659568,0.027881763213256,"chr19:46222572:A:G"
1.42104775586071,1.21348712415682,0.0975958779955413,0.664399422161881,-8.40472939937235,"chr19:46222585:A:C"
0.171020194556802,0.118975957713961,0.0984851019800218,0.165839269130014,-0.629538803660044,"chr19:46223368:C:T"
-1.44415958683003,-1.25456142509864,0.0978132298389601,-0.606227066204993,-8.62582637345198,"chr19:46223488:A:G"
-1.56096728202778,-1.4339060929089,0.099159553710251,-0.403501946112729,-9.53072679505387,"chr19:46224554:TTTCAGGTCATTCTTTA:T"
1.2718376069946,1.49199039202909,0.108159676975237,-0.669408916859323,-8.37499387043253,"chr19:46224656:G:T"
-1.38748742984398,-1.45639591905729,0.0985069959950011,0.219552906436059,-9.23533366073467,"chr19:46225485:G:GA"
1.42705648499609,1.48483873175919,0.0985655079964656,-0.184048355938904,-9.42812326583006,"chr19:46225600:A:G"
-0.210781525370839,-0.117416343977367,0.0984851019800218,-0.297508703821341,-0.760234746887005,"chr19:46225777:C:T"
1.43811008140787,1.44402819146167,0.0984462735125207,-0.0188618113286657,-9.37812256416575,"chr19:46225962:A:G"
-0.173051874065498,-0.240668348659064,0.102665944780283,0.211027629076393,-1.20783912466034,"chr19:46225995:A:G"
1.37994577241049,1.4566934782622,0.0985069959950012,-0.244529840581478,-9.20684726225141,"chr19:46226041:A:G"
-1.36172999867418,-1.45741218912882,0.0985069959950011,0.304857982642076,-9.13413525718807,"chr19:46226587:C:T"
-1.28542623284304,-1.46526061908302,0.10700586650669,0.549754689887549,-8.49072794262139,"chr19:46226771:A:G"
-0.221885429650551,-0.11698080016407,0.0984851019800218,-0.334279223556064,-0.795374615178922,"chr19:46226790:C:T"
-1.38243012007994,-1.45659545730013,0.0985069959950011,0.236302022136865,-9.21633584064089,"chr19:46227203:C:T"
-1.42303182340332,-1.48500001136649,0.0985655079964654,0.197381440737275,-9.41369315342673,"chr19:46227357:A:G"
-0.826586073150847,-0.745582562345305,0.0983974816867085,-0.25823306528076,-5.50707893800443,"chr19:46228206:A:G"
-0.911088620095085,-0.74234613111917,0.0983974816867085,-0.537938291044718,-5.58515036702488,"chr19:46228271:G:T"
0.962123495619507,0.740391505244077,0.0983974816867085,0.706864813340089,-5.5773368091246,"chr19:46228523:G:T"
-0.986581341190999,-0.800498872641791,0.0985861732810615,-0.592648860946716,-5.95067318060799,"chr19:46228910:C:T"
-1.33053763395105,-1.36484113422557,0.107662475186929,0.104545719766636,-8.55127867665281,"chr19:46230152:A:G"
-0.683336460372955,-0.930313008454207,0.10071397945013,0.778235142442111,-5.16411245832911,"chr19:46230655:A:G"
0.609727551373128,0.934931504993314,0.10071397945013,-1.02473351066953,-4.62516492661655,"chr19:46230659:A:G"
0.976450705749476,0.800907045050376,0.0985861732810615,0.559084105938904,-5.94969198714308,"chr19:46230765:C:G"
-1.40130328307592,-1.41908133827678,0.0995774461892129,0.0563383026328987,-9.1660715712959,"chr19:46230998:A:C"
0.022383780610128,0.115599491547186,0.106417982233464,-0.285746951719951,-0.0750422115528576,"chr19:46231362:C:T"
-0.860916305397296,-0.529564351782001,0.0987868402860934,-1.05424120876091,-4.1741637413524,"chr19:46231615:A:G"
-1.12402831073703,-1.23633181275142,0.108314827139677,0.341231679588993,-7.55713182086058,"chr19:46231636:A:G"
-1.54638239445295,-1.25624932767137,0.10345785670064,-0.90201859407916,-8.3589720388375,"chr19:46231686:C:T"
-1.06279451094083,-0.507432726963782,0.0992276042908605,-1.76303014609407,-3.35822510909197,"chr19:46231749:C:T"
-0.686823658416516,-0.0872301543697491,0.152181230266866,-1.53700886975962,-0.89941710114991,"chr19:46232912:C:G"
-1.6722878035315,-1.37687495149633,0.111218348464603,-0.885811194978963,-8.74314651236725,"chr19:46233125:C:T"
-0.930229448825421,-0.485998158662311,0.0969285981655267,-1.42686596757541,-3.63042973439293,"chr19:46233183:A:C"
0.987182185456398,0.937956172425601,0.122024012330115,0.14091979792919,-6.0278284139993,"chr19:46233319:C:T"
-1.04055513139408,-0.581139433856782,0.106155924718426,-1.41004739773633,-4.06075219126017,"chr19:46233356:C:T"
-0.155597515103773,-0.0611251163007704,0.115952210619579,-0.277437668730268,-0.252108674572876,"chr19:46233398:A:G"
-0.101067695373167,-0.0733146585294289,0.115952210619579,-0.0815025122646431,-0.197183224686652,"chr19:46233431:C:T"
0.931176535753057,0.485976565075703,0.0969285981655267,1.4299773586229,-3.62708965519653,"chr19:46233632:C:T"
-1.34535590920615,-0.406064364296966,0.0999322772217146,-2.97130696506722,-2.21137952732035,"chr19:46233768:C:T"
0.30198106947861,0.462923200102141,0.0999322772217146,-0.50911612724108,-3.11909434766591,"chr19:46234376:C:T"
-0.267105690634603,-0.347310076074471,0.106140769888584,0.246182398552029,-2.37557118757168,"chr19:46234388:A:C"
0.171253940115103,0.47004719054234,0.0999322772217146,-0.945187328600261,-2.01757349235963,"chr19:46234638:C:T"
0.502509380470288,0.45199538597933,0.0999322772217146,0.15979339373151,-3.87817987499514,"chr19:46235053:C:G"
-0.525958591685047,-0.450717518429293,0.0999322772217146,-0.2380137735037,-3.90748493569634,"chr19:46235119:C:G"
-0.566027052771443,-0.448533982883749,0.0999322772217146,-0.371671584607087,-3.93405113703381,"chr19:46235331:A:G"
-0.403140349829118,-0.457410513105483,0.0999322772217146,0.171675466485743,-3.62725514358443,"chr19:46235743:A:G"
0.0780218326105865,0.0512027659961171,0.125239036687121,0.0757833500770907,-0.0986514888704792,"chr19:46235775:A:G"
0.569048070392959,0.448369352169663,0.0999322772217146,0.381748902069519,-3.93489848502945,"chr19:46235879:C:G"
0.569007649622622,0.448371554904345,0.0999322772217145,0.381614069047733,-3.93488819210993,"chr19:46235974:A:T"
0.510631909007933,0.495564984634758,0.0969285981655267,0.0483947936585525,-4.05571599432378,"chr19:46235983:C:T"
-0.621421693374882,-0.44551524536523,0.0999322772217146,-0.556453485612765,-3.92507519073099,"chr19:46235999:C:T"
0.585460614193841,0.447474948646034,0.0999322772217146,0.436496816503628,-3.93675993719014,"chr19:46236598:A:G"
-1.4203489463836,-0.123929724617133,0.125063658064188,-3.66589395584924,-0.580954333544715,"chr19:46236922:C:T"
0.623066571098108,0.493001473785874,0.0969285981655267,0.417767647245352,-4.1869859074796,"chr19:46237176:T:TC"
-0.967805758220672,-0.48514141862321,0.0969285981655267,-1.55031249527922,-3.49395114617182,"chr19:46237316:A:G"
0.905127033015148,0.486570493866301,0.0969285981655267,1.34439895262297,-3.71657857982222,"chr19:46237341:C:T"
-0.557092789035552,-0.494505676341518,0.0969285981655267,-0.20102911048687,-4.13441649856084,"chr19:46237395:A:G"
-0.70469978764287,-0.491140236046982,0.0969285981655267,-0.685950906589566,-4.16098910057179,"chr19:46237553:A:G"
0.607530773178202,0.493355690054886,0.0969285981655267,0.366729098245051,-4.18067207563936,"chr19:46237561:A:T"
-0.536595537368318,-0.494973013780385,0.0969285981655267,-0.13369108324274,-4.10407171937213,"chr19:46237590:A:C"
-1.09694009429908,-1.17031099152763,0.190127914077515,0.168267750238425,-5.71715295773395,"chr19:46237680:A:G"
0.536317781010542,0.494979346626708,0.0969285981655267,0.132778591876056,-4.10361357002001,"chr19:46237698:AG:A"
-0.486352885435848,-0.496118546491657,0.0969285981655268,0.0313671947923675,-4.00014474982956,"chr19:46237726:C:T"
0.491769574899231,0.49599504594524,0.0969285981655268,-0.0135721660451059,-4.01342972281067,"chr19:46237739:C:G"
0.566548002098585,0.494290097437151,0.0969285981655267,0.232091586821477,-4.14613532129557,"chr19:46238205:A:G"
0.554323278007351,0.494568821206585,0.0969285981655268,0.191930651234995,-4.13071321990515,"chr19:46238256:G:GTTTA"
-0.555768241172849,-0.449093038040179,0.0999322772217146,-0.337450896674162,-3.92998430887625,"chr19:46238262:G:T"
-0.554233068258375,-0.494570877989302,0.0969285981655267,-0.191634292160492,-4.13059052343559,"chr19:46238311:C:G"
0.601207536566452,0.493499859880748,0.0969285981655267,0.345955860635158,-4.17704508051093,"chr19:46238369:C:T"
0.594236772894064,0.493658793326781,0.0969285981655267,0.323055352718081,-4.17233260581394,"chr19:46238375:C:T"
-0.53784180643494,-0.494944598839536,0.0969285981655267,-0.137785354110072,-4.10611182776132,"chr19:46238515:C:T"
0.499668472353016,0.495814951044427,0.0969285981655267,0.0123774676217276,-4.03188411998132,"chr19:46239002:A:G"
0.581562579000439,0.493947765009914,0.0969285981655268,0.281417808936031,-4.16183241379306,"chr19:46239167:C:T"
0.54792710343106,0.494714654018396,0.0969285981655267,0.170917796201117,-4.12168867910462,"chr19:46239315:T:TA"
0.0901251413805322,-0.513317776550851,0.114160477914656,1.78598705034095,1.04866122106701,"chr19:46239612:C:T"
-0.503799285927777,-0.495720768474596,0.0969285981655267,-0.0259481082887594,-4.04110523939256,"chr19:46239988:A:C"
-0.488351510555392,-0.496072977829093,0.0969285981655268,0.0248012670799182,-4.00510661120941,"chr19:46240080:C:T"
0.347321356644966,0.470427514592196,0.0971961588475737,-0.39487098805942,-3.43281667608756,"chr19:46240733:G:T"
-0.367204078416718,-0.469918053025332,0.0971961588475737,0.329461737069233,-3.53106410703763,"chr19:46240817:G:T"
0.379080815525584,-0.479255921644592,0.131943340923713,2.36300131112309,3.18454465701987,"chr19:46242291:G:T"
-0.311890842928365,-0.50314753185269,0.0975524541199918,0.612346913598515,-3.25073485185082,"chr19:46242798:A:G"
0.354106432860501,0.501907111440036,0.0975524541199918,-0.473213720602238,-3.49421393724799,"chr19:46242957:A:T"
0.353879015610338,0.506124210805166,0.0983979695039089,-0.485344963262335,-3.48611191202449,"chr19:46242992:A:G"
0.292986809490194,0.503702988947944,0.0975524541199918,-0.674650402356795,-3.126398963487,"chr19:46243060:T:TTCTC"
0.294260619373116,0.466737215857002,0.0979316759363159,-0.551148437046083,-3.10044029297144,"chr19:46244017:A:G"
-0.514333614955354,-0.983654905245186,0.205136587566951,1.03621217945661,-3.29946921347167,"chr19:46244754:C:G"
0.337410396777806,0.465296678694973,0.0979316759363159,-0.408660223097957,-3.362957393054,"chr19:46245420:C:CTG"
0.348703561418458,0.809533779186863,0.109812958420889,-1.39063819412338,-2.82593622028509,"chr19:46245544:A:G"
-0.857635158704617,-0.417584966519554,0.0984100815220532,-1.40275691804769,-3.25517912684337,"chr19:46245592:A:G"
0.0117050929420128,0.694416658023903,0.110899394512583,-2.05008879677021,-0.125950624247083,"chr19:46245851:C:T"
-0.3151602902118,-0.46603948914023,0.0979316759363159,0.482134019150465,-3.23445509100513,"chr19:46246369:C:T"
-0.776259676166908,0.502476085468556,0.0979316759363159,-4.08619621901087,4.13933422477382,"chr19:46246632:A:G"
0.889150785903146,-0.506244907664617,0.0979316759363158,4.45898267503533,3.92545662284098,"chr19:46247326:C:T"
-0.0529734645369308,0.413551111974677,0.104350906850649,-1.44419691687342,0.59086046356167,"chr19:46247460:C:T"
-0.84175641982369,0.504662666695726,0.0979316759363159,-4.30247807686488,4.03132703220266,"chr19:46248018:C:T"
-0.845114613208805,0.537143815871127,0.0975524541199918,-4.42557950575802,4.27837803504434,"chr19:46248876:A:G"
-0.896474538456192,0.50229770886628,0.0971961588475737,-4.48665272786015,3.8779983855456,"chr19:46248942:T:TA"
-0.88530524866386,0.538324737059149,0.0975524541199918,-4.55803889927591,4.20447903716439,"chr19:46249163:A:C"
0.144094988082431,0.471527220858839,0.0999322772217146,-1.03578242464656,-1.7300022446191,"chr19:46250033:C:T"
-0.040510616412371,0.55238873102304,0.128289619942266,-1.65533239027057,0.452667985491262,"chr19:46250263:A:G"
-0.142623064090669,-0.471607433531598,0.0999322772217146,1.04069237460515,-1.71393559997335,"chr19:46250423:A:G"
-1.0203647008354,-0.0168551319699587,0.136656078180345,-2.71460748052376,-0.0819251061407056,"chr19:46251276:C:T"
1.08202244455351,1.10387410824165,0.103978288855048,-0.0677662064873308,-7.2782554192278,"chr19:46252264:A:G"
-1.41412259243856,-1.07159761785533,0.103978288855048,-1.06223574030501,-7.27157971699801,"chr19:46253440:A:G"
1.19069442642322,1.09331238401354,0.103978288855048,0.302000419202519,-7.49523575779805,"chr19:46253726:C:T"
-1.15633893039547,-1.09665136125976,0.103978288855048,-0.185102617013614,-7.45032112468505,"chr19:46253891:C:T"
1.02621695678316,1.109297789324,0.103978288855048,-0.25764962034245,-7.08172064385842,"chr19:46255545:A:C"
1.13306068880647,1.09891375092037,0.103978288855048,0.105896213520546,-7.40745790929995,"chr19:46255684:A:G"
-0.521162438956861,-0.600295498731871,0.102988877835137,0.246582808935776,-4.20616015030781,"chr19:46256322:A:G"
1.13284402112527,1.09893480864158,0.103978288855048,0.105158981384058,-7.40701169558557,"chr19:46256724:C:T"
0.809239878344125,0.734873527420106,0.106518260391979,0.227858082899208,-5.2544916567001,"chr19:46256843:C:T"
-0.812088100641511,-0.798315070274755,0.105254493470857,-0.0424530778634723,-5.51149227916462,"chr19:46257026:A:G"
1.31798406495774,1.21185860920299,0.111051050018175,0.318462451311992,-7.94476907887543,"chr19:46257152:C:CA"
-1.28186817130449,-1.20931451313283,0.103305761768481,-0.225734033766614,-8.1229219242633,"chr19:46257652:A:C"
-1.24610406667719,-1.21253658916059,0.103305761768481,-0.104437492114674,-8.06561267939064,"chr19:46257689:C:T"
1.31874927862539,1.20599180358888,0.103305761768481,0.350818970659044,-8.15758878920124,"chr19:46257737:A:G"
-1.28708194745827,-1.20884479123333,0.103305761768481,-0.243416931828566,-8.12932354567296,"chr19:46257769:A:G"
-0.725877223034186,-0.58253676429658,0.102988877835137,-0.446656467602226,-4.5621657872388,"chr19:46258334:A:G"
-0.717866823101839,-0.680468526687685,0.103374553194143,-0.116317483221898,-4.93934446896351,"chr19:46258760:A:T"
1.62816000842959,1.50307370180303,0.102761457999001,0.39020662686116,-9.76262300151837,"chr19:46258900:A:C"
-1.84153067567667,-1.48507611864232,0.102761457999001,-1.11195968672183,-9.493390798616,"chr19:46258965:G:T"
1.92402054827058,1.47811818782139,0.102761457999001,1.39099203320275,-9.21651415158795,"chr19:46259031:A:G"
1.87116532453363,1.48257646831962,0.102761457999001,1.212202605612,-9.40286688224412,"chr19:46259160:A:G"
-0.984354113427048,-0.989660612217014,0.108464214069734,0.0161125705769248,-6.51975028333817,"chr19:46259302:A:G"
-1.59176755693153,-1.50614336541099,0.102761457999001,-0.267104592437051,-9.73423253196336,"chr19:46259954:CTT:C"
-1.65839791043612,-1.50052316773482,0.102761457999001,-0.492490125237774,-9.76910214301505,"chr19:46260651:A:C"
-1.25362819889599,-1.08719591187364,0.103978288855048,-0.516138491305502,-7.52121156879398,"chr19:46260955:A:G"
0.0176074079774207,0.239466349777458,0.102666494276548,-0.692408787459251,-0.124556322673665,"chr19:46261116:A:T"
-0.182178909669568,-0.590218599650194,0.107943587506757,1.24194963749365,-2.07272303636136,"chr19:46261219:T:TG"
-1.57635469922738,-1.05311503834838,0.124511368693273,-1.48284634807932,-6.29261801818249,"chr19:46261579:C:T"
-1.36333003879119,-1.02291622389633,0.11824333773932,-0.98996271124209,-6.68795253046707,"chr19:46261708:G:T"
1.58952096708111,1.50633286281561,0.102761457999001,0.259505220322187,-9.7317373169741,"chr19:46261898:A:G"
-1.58979862384296,-1.50630944277043,0.102761457999001,-0.260444429164979,-9.73205039407513,"chr19:46261900:C:G"
-1.61932925792261,-1.85249085899398,0.10890107036379,0.706546834007439,-10.1755335262164,"chr19:46262280:A:G"
-1.758419588775,-1.41821394437137,0.115813795001331,-0.999680839772097,-8.74607116736439,"chr19:46263342:C:T"
0.0572906599930969,1.41866373080484,0.164347299864854,-3.35811735327382,-0.213760604826543,"chr19:46266916:C:T"
-0.146705195597757,0.0217152674318323,0.127310360849547,-0.47202280618251,0.0771122300804194,"chr19:46270749:C:G"
-1.12257693591194,-0.399746710206027,0.145979493021222,-1.89186602977176,-2.20486661191757,"chr19:46271509:A:G"
0.495852249705496,0.626897888603752,0.12976291023814,-0.3637870909633,-3.86948878189582,"chr19:46271930:A:G"
1.94125606468658,1.56393869451374,0.104034021802631,1.16982016905275,-9.85625542225495,"chr19:46273094:C:T"
0.947914090698319,0.856303447348983,0.126225921182708,0.257852685357781,-5.57062821089947,"chr19:46273210:C:T"
0.475338560141336,-0.502468140050126,0.167236316812478,2.39104479108487,3.27806408906732,"chr19:46273771:A:G"
0.305024044179104,0.672202235017877,0.113461349165406,-1.09006628125343,-2.9065814895874,"chr19:46274250:C:G"
-0.234724299025164,-0.162647020524041,0.100775103898298,-0.227050128940135,-1.13143300832437,"chr19:46274529:C:T"
1.0117659672414,0.412177435924993,0.105881327142539,1.8426532994429,-2.63750676388362,"chr19:46274835:G:T"
1.36887289946538,1.10791854850301,0.118161607372181,0.759147816626716,-7.23569827281796,"chr19:46275212:G:T"
0.900974618816147,0.425169945413086,0.105881327142539,1.46224119632775,-3.14851660820441,"chr19:46275231:C:CT"
1.80324738446804,1.41620055179535,0.112149778525413,1.15575107936727,-8.74009592541506,"chr19:46275971:A:G"
1.80579863757171,1.71453720823391,0.11471382089382,0.269450748074551,-10.3856831996071,"chr19:46276155:A:G"
1.91902405063694,1.56611247697341,0.104034021802631,1.09415338226975,-9.92152609303143,"chr19:46276387:A:G"
-0.208182095078872,-0.16432949653736,0.100775103898298,-0.138139762769415,-1.02051931656268,"chr19:46276501:C:T"
1.97737543172452,1.64885869834731,0.10369758416227,1.0201714757047,-10.4778382187629,"chr19:46276547:C:T"
-1.92510448389476,-1.56551794967897,0.104034021802631,-1.11484817158754,-9.90432065577,"chr19:46277306:C:T"
-1.92702078091851,-1.65360346624,0.10369758416227,-0.849066476861952,-10.5773947012987,"chr19:46277558:A:G"
0.749658944762109,0.570268262616643,0.102081352472708,0.561470151606729,-4.51886964236279,"chr19:46278282:A:G"
0.77455543429122,0.568346941513818,0.102081352472707,0.645406507838789,-4.5026645646481,"chr19:46278361:A:G"
0.340568475654176,0.12643943866047,0.100323633789701,0.67604240292356,-1.23903881223982,"chr19:46278517:C:T"
-1.67107413026231,-1.67772055236487,0.10369758416227,0.0206397104184688,-10.4465657447689,"chr19:46278659:A:G"
0.279535039116778,0.130017508702807,0.100323633789701,0.472052702236866,-1.0736151085029,"chr19:46279024:C:T"
0.717884235555302,0.512113113510089,0.100344770976685,0.649586592851143,-4.23174030585182,"chr19:46279320:C:T"
-0.512285077525578,-0.141305687496096,0.103662723916154,-1.15222813230146,-1.70072760522283,"chr19:46279349:A:G"
-0.271216845114099,-0.137990207953515,0.10000567896461,-0.42128765621365,-1.11026965134769,"chr19:46279748:A:G"
-1.05533572469672,-0.846427995282031,0.216606552197501,-0.448868070863261,-4.568297393615,"chr19:46279977:C:T"
0.303057093707492,0.0784132303047679,0.100055507070132,0.710189195468835,-0.703674114424208,"chr19:46279999:C:T"
-0.248116666503999,-0.150738987243514,0.0998892931993138,-0.308105854019275,-1.11616307136257,"chr19:46280141:C:T"
-0.136261600938942,-0.21416818665263,0.099884993051863,0.246504044750419,-0.88117188754651,"chr19:46280217:A:G"
-0.211087326316177,-0.152740110078082,0.0998892931993138,-0.184612315935329,-0.97144029458864,"chr19:46280508:C:T"
-0.83050428877564,-0.542329608731361,0.10506634532511,-0.889045538193163,-4.24747898499288,"chr19:46280530:A:G"
-0.244226876409328,-0.150949197518412,0.0998892931993138,-0.295133331723212,-1.10144091867676,"chr19:46280620:A:G"
0.122405029456387,-0.185284987214259,0.100775103898298,0.969252161172723,0.684201821755776,"chr19:46280635:C:T"
-0.238110461902547,-0.262189640746114,0.0997803472882288,0.0762288146850173,-1.80455154022512,"chr19:46280690:C:T"
0.1448218875277,-0.517052713653085,0.118520448314148,1.92255632864536,1.61076949593368,"chr19:46280960:C:T"
-0.786238420379304,-0.420451929921255,0.104727105384743,-1.13031141019589,-3.4701601148296,"chr19:46281083:A:G"
0.0462400616191101,-0.115157777171281,0.101162446604738,0.507443919489333,0.162320660675542,"chr19:46281135:A:G"
1.69384879748594,1.45901052915129,0.111449603800172,0.70344412170976,-9.21919841094772,"chr19:46281157:A:G"
0.0890422837049215,0.0346368016207718,0.101213893384882,0.171010429344267,-0.0941726137064812,"chr19:46281358:C:T"
-0.0704722065829601,-0.0358999170465035,0.101213893384882,-0.108669601859226,-0.0773250319457885,"chr19:46281380:A:C"
0.0706706004123891,0.0358864225249397,0.101213893384882,0.109335621467696,-0.0775128740619318,"chr19:46281403:C:T"
-0.0350011739836068,0.291147070472872,0.104784579585816,-1.00754942051747,0.29108344972091,"chr19:46281503:A:G"
-0.604627635525579,-0.991473811376292,0.102838837820333,1.20631222201777,-4.43399742306481,"chr19:46281603:A:G"
-0.00964397459871256,-0.238420979208421,0.104428567853977,0.70795019939728,-0.0668300973886459,"chr19:46281624:C:T"
-1.77058052048349,-1.99337129573627,0.108867891296583,0.675223112046905,-11.0627722068925,"chr19:46281665:A:G"
0.644549696436849,1.10631227224357,0.102456319921677,-1.44261138635007,-4.47470708046716,"chr19:46281910:G:GTTTGTTTTGT"
0.389912373101556,0.298884571407187,0.102986234490844,0.283651095433309,-2.84602027248076,"chr19:46281954:C:G"
1.76657985277768,1.99396653343445,0.108867891296583,-0.689152151730143,-11.0379906307206,"chr19:46282012:A:G"
-0.806596719758568,-0.790469328820882,0.099800341540094,-0.0510502766405654,-5.5981965741093,"chr19:46282033:C:T"
-1.01537079671058,-0.827985674048013,0.100972687428304,-0.589702745421461,-6.06151822478227,"chr19:46282064:A:G"
-1.01539787811952,-0.827983900929906,0.100972687428304,-0.58979355088975,-6.06151501535547,"chr19:46282070:A:G"
0.971373036821719,0.830866367036376,0.100972687428304,0.44217581281331,-6.05047095997584,"chr19:46282083:A:C"
0.843970831724532,0.788484654320469,0.099800341540094,0.175638125047606,-5.68402272619357,"chr19:46282201:A:G"
0.832603917752571,0.789088270650646,0.099800341540094,0.137746138314005,-5.66036170583832,"chr19:46282219:C:T"
-2.15159712427346,-2.21726752641702,0.101043407392914,0.206593039009535,-13.9482765720295,"chr19:46282276:G:T"
0.79098402708831,0.662339434908568,0.100076303758536,0.406654803086316,-5.04104543784497,"chr19:46282333:A:G"
0.774932327966687,0.643861749267486,0.0996058987204922,0.415300723535816,-4.94648319864413,"chr19:46282441:A:G"
0.780470365637921,0.791856714529449,0.099800341540094,-0.0360427959540698,-5.52451982490596,"chr19:46282451:C:T"
1.82717828887582,1.98495042005812,0.108867891296583,-0.478167865300148,-11.3835385591642,"chr19:46282470:A:G"
-0.79098402708831,-0.662339434908569,0.100076303758536,-0.406654803086312,-5.04104543784497,"chr19:46282560:C:T"
-0.794133896242145,-0.791131141148591,0.099800341540094,-0.00950503889947933,-5.56445245085003,"chr19:46282602:C:T"
-0.14591915442506,0.186775517213732,0.100775103898298,-1.04801914922615,0.819308462304162,"chr19:46282794:A:G"
-2.14538340493527,-2.21767899811941,0.101043407392914,0.227435280055951,-13.9193867162355,"chr19:46282826:A:G"
-0.834173372565663,-0.520996358287956,0.10793606658585,-0.953249498942207,-4.06479367153205,"chr19:46283149:A:G"
-0.124996131833146,-0.759126794225807,0.105786969205053,1.94967698883105,-1.0987109708244,"chr19:46283670:G:T"
0.0064809583354202,0.177115070980085,0.100775103898298,-0.537513320192198,-0.03491790974558,"chr19:46283693:C:T"
2.08475081091175,2.04589845616685,0.100461086836492,0.122579659126725,-13.1374577522591,"chr19:46283811:C:T"
-2.20156973175011,-2.27265603515936,0.102306599343043,0.222246078355527,-14.238829322289,"chr19:46283869:A:G"
-1.91471547567307,-2.05611335771891,0.100461086836493,0.446112064409612,-12.4323754333861,"chr19:46283870:A:G"
0.0503703283029574,-0.180718800583256,0.100775103898298,0.727952242390231,0.276454767071163,"chr19:46284039:AC:A"
-0.559384876763062,-0.580426273395352,0.108862698749211,0.0637727308708711,-4.22000257597554,"chr19:46284100:A:G"
0.48737579377335,0.591136169632742,0.108862698749211,-0.314479244908427,-4.00834447540103,"chr19:46284226:A:G"
0.491331150891762,0.590547890174639,0.108862698749211,-0.300708290554358,-4.02244925326237,"chr19:46284323:A:G"
-2.28016560065121,-2.10396348376832,0.100426648984678,-0.556015163814437,-13.8517471573636,"chr19:46284365:G:GGTTT"
-0.374513149510677,-0.433944803292518,0.109017305411505,0.179999000561402,-3.33071349918606,"chr19:46284488:C:T"
0.205111449595267,0.150067443659496,0.0965055004332244,0.177187874892747,-0.960489323985024,"chr19:46284763:C:T"
-0.239911740629212,-0.149429365134594,0.0965055004332244,-0.291264771823597,-1.10844105766715,"chr19:46284810:C:G"
-1.14316974502389,-0.976918450535894,0.110937866912008,-0.499143166727288,-6.69219628939694,"chr19:46284839:A:G"
-0.229026937673069,-0.149628942747535,0.0965055004332244,-0.255583905139764,-1.06289108035569,"chr19:46284976:A:G"
0.553436781440818,1.1425701677952,0.107919486985283,-1.79334439160265,-3.46705361931616,"chr19:46285078:C:T"
-0.338850743419445,-0.147615275335923,0.0965055004332244,-0.615591209574722,-1.48118850657778,"chr19:46285135:A:G"
0.33680076383812,0.14765286260627,0.0965055004332245,0.608871285618316,-1.47442096402254,"chr19:46285152:A:C"
0.264879938266111,0.148971562333405,0.0965055004332245,0.373111630678744,-1.21007676348558,"chr19:46285775:C:G"
0.259852321333507,0.149063745884197,0.0965055004332244,0.356630879466954,-1.18995280877973,"chr19:46285967:C:T"
0.552903477720085,1.14264417805036,0.107919486985283,-1.79519307839896,-3.46194996391665,"chr19:46285983:C:T"
0.26292645757215,0.149007380254538,0.0965055004332245,0.366708034353528,-1.20227911713008,"chr19:46286089:C:CA"
-0.753537976899588,-0.776418758994947,0.100618285253502,0.0721327366523002,-5.3763897592748,"chr19:46286231:C:T"
0.903958536799418,0.137253777299667,0.0965055004332245,2.46803961115107,-0.766455290679077,"chr19:46286277:A:G"
-0.250389590124064,-0.14923724919099,0.0965055004332245,-0.325611627018425,-1.15159864024223,"chr19:46286462:A:T"
-2.02321953730053,-2.04959495784651,0.100461086836492,0.0832147776133149,-12.9374571478588,"chr19:46286489:C:T"
0.453603324580453,0.428142375649044,0.102342212465463,0.0795879255622525,-3.67627131668863,"chr19:46286647:C:T"
-0.271901817527894,-0.148842813112405,0.0965055004332245,-0.396129662224092,-1.23787380334097,"chr19:46286779:G:T"
-2.2164892251325,-2.10776571335048,0.100426648984678,-0.343082831712749,-13.7723521572793,"chr19:46286824:A:C"
0.120357628912247,0.151621441953031,0.0965055004332244,-0.100638906990247,-0.577545200817889,"chr19:46286945:C:T"
-0.0525850283492622,0.180859187557615,0.100775103898298,-0.735370985478579,0.2887983492879,"chr19:46286946:A:G"
0.268161299375696,0.148911397145297,0.0965055004332245,0.383868077879868,-1.22311217138732,"chr19:46287045:A:C"
-0.276003127965179,-0.1487676137955,0.0965055004332245,-0.409573939675073,-1.25393650175055,"chr19:46287150:C:T"
0.958161808864363,0.364844934229129,0.191697988861117,1.35512052118753,-2.53917372995931,"chr19:46287238:A:G"
-0.277911472867841,-0.1487326234588,0.0965055004332244,-0.415829578875251,-1.26136575669843,"chr19:46287349:A:C"
0.278780943078146,0.148716681343006,0.0965055004332244,0.418679740773866,-1.26474106815964,"chr19:46287453:G:T"
0.781328338072632,0.774703150441659,0.100618285253502,0.0208862141453653,-5.45733301199969,"chr19:46287488:A:C"
-2.0162194564575,-2.05001548888829,0.100461086836492,0.106626899769757,-12.910729356748,"chr19:46287586:C:T"
-0.453630881949845,-0.428140173126577,0.102342212465463,-0.0796809514767365,-3.67633121694159,"chr19:46287606:A:G"
0.286902550377631,0.148567768128445,0.0965055004332244,0.445302729584865,-1.29597302087816,"chr19:46287664:A:G"
0.232084947418207,0.149572872804172,0.0965055004332244,0.265608196665637,-1.07575880459729,"chr19:46287739:C:T"
-0.331509532379071,-0.147749879644466,0.0965055004332244,-0.591526394301087,-1.45672731808493,"chr19:46288034:A:C"
0.559226640907368,0.984959997695231,0.0970865871277293,-1.36633773205241,-4.12370055000679,"chr19:46288082:C:T"
-1.20746765958088,-1.07455728186493,0.101264514420115,-0.417667083740407,-7.51175766166827,"chr19:46288179:A:G"
-0.0539740223712899,0.219916794495297,0.103820732171038,-0.850032298105136,0.347742570384403,"chr19:46288215:A:G"
-0.313405406902208,-0.148081826686739,0.0965055004332245,-0.532180268315158,-1.39385574391721,"chr19:46288236:A:G"
0.367814976880774,0.147084203473799,0.0965055004332244,0.710537251032418,-1.57116247375732,"chr19:46288302:A:C"
2.01183208599163,2.05027906091183,0.100461086836492,-0.12130068077253,-12.8935638053207,"chr19:46288332:C:T"
0.418714354791101,0.496403472150431,0.0975270371957682,-0.248769808558181,-3.78027296351826,"chr19:46288677:C:T"
0.799927795084129,0.790422800069076,0.103726031996788,0.0295126366668755,-5.48773221556294,"chr19:46288682:A:G"
-0.307360937046407,-0.14819265467969,0.0965055004332245,-0.512366228137472,-1.37211079608884,"chr19:46288746:C:T"
-0.237940301847561,-0.149465512325104,0.0965055004332245,-0.28480230809073,-1.10024375291374,"chr19:46289038:C:T"
-0.245325903579015,-0.149330094093873,0.0965055004332245,-0.309012638017828,-1.13082915533354,"chr19:46289055:C:T"
-3.16455601614982,-1.28587368559962,0.161536895798923,-4.67430970814216,-5.84129268023965,"chr19:46289319:C:T"
0.361006388385005,0.147209041915521,0.0965055004332245,0.688218396074591,-1.55100916012465,"chr19:46289395:A:G"
0.370587313905176,0.147033371464457,0.0965055004332245,0.719625094713996,-1.57918136284163,"chr19:46289409:C:T"
0.359195695384688,0.14724224176197,0.0965055004332245,0.682282864139841,-1.54554206386565,"chr19:46289416:A:C"
0.326360830664973,0.147844283337575,0.0965055004332245,0.574648721807085,-1.43920602407432,"chr19:46289614:C:T"
-0.443114656008344,-0.428980682380722,0.102342212465463,-0.0441811357465286,-3.65213423831559,"chr19:46289636:C:T"
0.323705576652704,0.147892968578794,0.0965055004332245,0.565944681430309,-1.43005604128641,"chr19:46289658:G:T"
-0.56981025518285,-0.9847010471365,0.0970865871277293,1.33153988215644,-4.2203554602938,"chr19:46289784:A:G"
0.334690425322411,0.147691556584034,0.0965055004332244,0.601953502398864,-1.46740276633047,"chr19:46289991:C:T"
-0.320683951472112,-0.147948371395288,0.0965055004332244,-0.556039660120171,-1.41955135508108,"chr19:46290021:C:T"
0.286674146133812,0.148571956019942,0.0965055004332245,0.444554010346999,-1.2951021452835,"chr19:46290077:TG:T"
-0.303933596690355,-0.148255496461002,0.0965055004332245,-0.501131254494207,-1.35962321617097,"chr19:46290206:C:T"
-0.286703796653811,-0.148571412364716,0.0965055004332244,-0.444651206066158,-1.29521522367243,"chr19:46290230:A:C"
-1.19503093447928,-1.0754098568722,0.101264514420115,-0.375905835922094,-7.50400272329638,"chr19:46290264:A:C"
-0.166492672991981,0.244809188022543,0.0973183041525559,-1.3184492222385,1.2434628888227,"chr19:46290292:A:G"
-0.225262591601871,0.157958539544138,0.0965055004332244,-1.23359731341119,1.10286394888289,"chr19:46290304:C:T"
-1.22828028235387,-1.59822585513356,0.0984365313791762,1.17912455456974,-8.18364065882515,"chr19:46290309:A:G"
-1.97076039126157,-2.05274644992632,0.100461086836492,0.258667027783903,-12.7174393820157,"chr19:46290326:GC:G"
0.345817974670709,0.147487528110043,0.0965055004332244,0.638430102518702,-1.50381263071052,"chr19:46290417:C:G"
0.33020830529804,0.147773738210924,0.0965055004332244,0.587260914237671,-1.45232711310381,"chr19:46290431:A:C"
-0.401843370303269,-0.146460278028505,0.0965055004332245,-0.822083833369722,-1.66145843912693,"chr19:46290679:C:T"
-1.1901190637415,-1.07574658042248,0.101264514420115,-0.359412277573199,-7.50017589317821,"chr19:46290700:C:G"
-0.377458879706759,-0.146907378306347,0.0965055004332245,-0.742150392072467,-1.59857447661159,"chr19:46290713:C:T"
-0.615968192963035,-0.983571695341659,0.0970865871277293,1.17977726604309,-4.62915947872904,"chr19:46290753:A:G"
-1.23059769123557,-1.07297164844897,0.101264514420115,-0.495335358634823,-7.5188363279539,"chr19:46291003:A:G"
-0.266599764472575,-0.148940028569284,0.0965055004332244,-0.378749297234526,-1.2169187608898,"chr19:46291014:A:G"
-0.294493327124808,-0.148428587923745,0.0965055004332244,-0.470185632310258,-1.32466126577206,"chr19:46291089:C:G"
0.465185327671428,0.495050479448779,0.0975270371957682,-0.0956317736993874,-3.93309421839137,"chr19:46291277:C:CT"
0.46093192335653,0.42755663746451,0.102342212465463,0.104327210126726,-3.6915610015663,"chr19:46291312:A:C"
1.14743757995314,1.17503532170572,0.101291367946057,-0.0867136222552931,-7.75525093731317,"chr19:46291515:C:G"
-0.465681658075427,-0.495036028892392,0.0975270371957682,0.0939961922170724,-3.93450215757101,"chr19:46291810:C:T"
-1.15540727185206,-1.60104690513285,0.0984365313791762,1.42038362600916,-7.55554289046499,"chr19:46291850:A:G"
-0.465831956816666,-0.49503165297583,0.0975270371957682,0.0935009055370625,-3.93492760576977,"chr19:46291852:A:C"
-2.06139039830719,-2.22324100431009,0.101043407392914,0.509167105244419,-13.4663505487036,"chr19:46291879:TATCCATCCCTCC:T"
-0.466073406817185,-0.495024623209326,0.0975270371957682,0.0927052437227175,-3.93561019519904,"chr19:46291914:C:T"
-0.466410154760329,-0.495014818863062,0.0975270371957682,0.0915955420087334,-3.93656038712376,"chr19:46291989:A:C"
-0.546295764723894,-0.985276378992336,0.0970865871277293,1.40885314094237,-4.00434816590194,"chr19:46292236:A:G"
0.470995323024214,0.494881322643538,0.0975270371957682,-0.0764858162184606,-3.9492892797855,"chr19:46292627:C:T"
-0.431545106245048,-0.496029907492808,0.0975270371957682,0.206488015395004,-3.82672619398394,"chr19:46292776:C:T"
-0.536609514592227,-0.492970979114799,0.0975270371957682,-0.139735789071562,-4.09052483749362,"chr19:46292921:A:G"
0.159473084398442,-0.144076457989176,0.148361677902227,0.788077111590583,0.474575793741838,"chr19:46293136:C:T"
-0.497211725026243,-0.494118037556666,0.0975270371957682,-0.00990635581539524,-4.01473696656214,"chr19:46293161:A:G"
0.515675393110034,0.493580471703947,0.0975270371957682,0.0707505704161593,-4.05355148430553,"chr19:46293245:A:C"
2.03243650615986,2.04904124688183,0.100461086836493,-0.0523881620805351,-12.9714114442863,"chr19:46293417:A:G"
-0.548495330306549,-0.492624926064526,0.0975270371957682,-0.178903689986217,-4.10826584806967,"chr19:46293937:A:G"
-0.512326069994147,-0.493677986549246,0.0975270371957682,-0.0597133846573176,-4.04694730420264,"chr19:46293976:C:T"
0.430091996956529,0.496072214467246,0.0975270371957682,-0.211276516411563,-3.82163286284886,"chr19:46294033:A:G"
0.430047816222615,0.496073500780121,0.0975270371957682,-0.21142210731168,-3.82147733934592,"chr19:46294038:A:G"
-1.99935415413818,-2.05102867478048,0.100461086836493,0.163033750913208,-12.8430027815223,"chr19:46294267:C:T"
-0.508253743936219,-0.423774441423682,0.102342212465463,-0.264072343023491,-3.76063810051387,"chr19:46294591:A:G"
-1.17304443394142,-1.17327263866593,0.101291367946057,0.000717031793960201,-7.82847507465646,"chr19:46295442:AG:A"
0.395346502368778,0.432798551586934,0.102342212465463,-0.117070691801723,-3.50688859702466,"chr19:46295978:C:T"
0.804617506739853,0.485167982214047,0.0975270371957682,1.02291543219269,-3.96706149827189,"chr19:46296491:G:GGAGA"
0.434998050843568,0.652153251034906,0.0989669775760087,-0.690279665863975,-3.85793332163525,"chr19:46296578:G:T"
0.383684026148423,0.497423372876693,0.0975270371957682,-0.364206937507787,-3.63577172206661,"chr19:46296940:C:T"
-0.390302027796335,-0.49723069113637,0.0975270371957682,0.342398317970959,-3.66512505813016,"chr19:46296971:C:T"
0.286021057022408,0.335387392600527,0.0989537171315681,-0.156933201522551,-2.57826600643306,"chr19:46297176:A:G"
0.968270072273789,1.01273995100939,0.100344336092407,-0.140384614333771,-6.76032950862934,"chr19:46297376:A:G"
0.347867998151497,0.436593270565937,0.102342212465463,-0.277344744511847,-3.30073893528707,"chr19:46297763:A:T"
0.921725329860506,1.01547879278631,0.100344336092407,-0.295965361487623,-6.5720387940566,"chr19:46297823:A:C"
-0.297221145196069,-0.471649846774878,0.210196621913836,0.380456564465863,-1.8869350505507,"chr19:46297937:A:G"
-0.269103161565822,-0.266413602636531,0.0994199116139264,-0.00852990860602947,-2.04245558375751,"chr19:46298865:A:T"
-0.299161282663512,-0.536770779068674,0.100761471958805,0.748542636063214,-3.13418711999601,"chr19:46298888:GC:G"
-2.04508210470037,-1.99031009878752,0.104243980728726,-0.169641909683696,-12.5315973229541,"chr19:46299220:G:T"
-0.400422329955312,-0.43239286611739,0.102342212465463,0.099936128033068,-3.52518245538373,"chr19:46299439:A:G"
-0.214494633743237,-0.391667201245995,0.123407442888223,0.504342773144094,-1.90171794174557,"chr19:46299554:A:G"
0.104540547119925,-0.184152580761409,0.100775103898298,0.909410195177751,0.582052676660107,"chr19:46300393:G:T"
-0.276289224619022,-0.26606084895526,0.0994199116139264,-0.0324391886899554,-2.08601886166076,"chr19:46300545:C:T"
-0.506994898024955,-0.648963129563574,0.0989669775760088,0.451279929485595,-4.23375802879672,"chr19:46300618:A:G"
1.97495062806955,1.99732272985944,0.104243980728726,-0.0692917122172585,-12.3382863818653,"chr19:46300726:G:T"
-0.19987890358876,-0.340255607005251,0.122356156326103,0.401311981785119,-1.60458455305287,"chr19:46301534:C:T"
-0.811515312898528,-0.645521168900777,0.101487668059185,-0.521058074561625,-4.94087977283547,"chr19:46302152:C:T"
-0.504234801463593,-0.64908542718698,0.0989669775760088,0.460442307789208,-4.22081492151891,"chr19:46302276:A:G"
0.0599853382215486,-0.538639162802798,0.10527946911505,1.84494169091513,0.748724968513025,"chr19:46303543:TC:T"
-0.115008158911252,0.184816109147809,0.100775103898298,-0.944474321698068,0.641843621601288,"chr19:46304710:G:T"
1.36636096250573,2.12069566175798,0.126841555452909,-2.11803584682624,-7.04132783934841,"chr19:46307889:A:G"
-0.0469590010462508,-0.407271873760942,0.117432225629319,1.05144396413977,-0.467873178010311,"chr19:46308131:A:G"
0.83933425003046,0.862279104404023,0.10894777602276,-0.0695146148710138,-5.69243130791259,"chr19:46308509:A:G"
0.989821364109302,0.716660529589216,0.111951615704241,0.816400473549722,-5.13301245296105,"chr19:46308727:A:G"
0.787610829713301,0.799643268039108,0.106456960634768,-0.0368779365613797,-5.41826248402279,"chr19:46308869:A:G"
-0.378096851353855,-0.342510725426092,0.102993191136866,-0.11088593274073,-3.06093246222042,"chr19:46309425:C:T"
-0.900432287626738,-1.13103644102848,0.104698539287754,0.712683679892874,-6.40955887797489,"chr19:46309569:A:G"
-0.339154591554171,-0.277205470094948,0.101616204999253,-0.194336181913405,-2.48707519857857,"chr19:46309709:C:T"
0.340637474500164,0.277098310910326,0.101616204999253,0.199324189966895,-2.4939727043137,"chr19:46310086:A:G"
-2.66095431573038,-2.29366105015169,0.10426672518579,-1.13747038644379,-15.0371644876929,"chr19:46310203:C:T"
0.711040638359899,0.812083762293059,0.107002693733744,-0.308893954980078,-5.15185250270042,"chr19:46310746:C:G"
0.428519624513392,0.396599566579095,0.102440647516715,0.0997303890991183,-3.49834660021197,"chr19:46311549:A:C"
0.862873556686651,1.1349721896505,0.104698539287754,-0.840922646768897,-6.15696963246724,"chr19:46311814:C:T"
2.73821295388397,2.28591721321997,0.10426672518579,1.40071452197568,-14.8554240940701,"chr19:46311897:C:T"
0.406715222660964,0.57413725294799,0.10297103717873,-0.521741113356601,-3.71644684160125,"chr19:46312040:C:T"
-0.678262253251804,-0.67032395736049,0.101418139078801,-0.024926968450799,-4.84976201042782,"chr19:46312053:A:G"
-0.301073971414567,-0.216605555281818,0.10923913198205,-0.255567268069068,-1.72305282047342,"chr19:46312242:C:T"
0.473090549431257,0.332258875661345,0.113446706948465,0.418123323578063,-3.14639224260154,"chr19:46312448:A:C"
2.60348043178851,2.29942180902231,0.10426672518579,0.941639043107721,-15.1236748789773,"chr19:46312483:C:T"
0.823422530043655,1.14613940442715,0.107459912667861,-0.984460811813104,-5.7974696830556,"chr19:46312736:C:T"
-0.708245572743444,-0.872873116155609,0.104196591548407,0.51000653538119,-5.2501528820534,"chr19:46313531:A:G"
1.32406771230009,0.913730244741347,0.119912836130157,1.1849726766305,-5.92381681196484,"chr19:46313909:C:T"
0.147174805195439,1.86284561414418,0.211594229277369,-3.72977000909214,-0.533621025322895,"chr19:46314033:G:T"
-0.765162270948966,-0.254141223743204,0.119709676934134,-1.47697844825135,-2.2453148247253,"chr19:46314251:G:T"
-0.43237276605665,-0.135308267427847,0.104712289758609,-0.918019540164361,-1.51429872710859,"chr19:46314434:C:G"
-1.90751383032185,-1.93754548106146,0.126841555452909,0.0843234612817358,-10.8121712407401,"chr19:46314445:A:G"
-0.482519426341591,-0.391325626186741,0.118290115314079,-0.265149667030018,-3.41066367615769,"chr19:46314756:A:G"
0.832223708061651,1.1381839621591,0.104698539287754,-0.945572213572618,-5.93348711326294,"chr19:46315464:C:G"
-0.603847299035154,-0.757725582607994,0.118623440395417,0.446778304387583,-4.45942688383511,"chr19:46315525:T:TA"
-0.243728850942827,-0.32770331516429,0.101640235256684,0.26339917527398,-2.18064929959464,"chr19:46315651:C:T"
2.73313743742774,2.28642594561186,0.10426672518579,1.38342066365987,-14.8692592121423,"chr19:46315743:A:G"
0.629214640374254,0.67376582835971,0.101418139078801,-0.13989476741149,-4.71317206154786,"chr19:46315764:A:G"
-0.24239784334659,-0.327799836718262,0.101640235256684,0.267876846007945,-2.1709420802653,"chr19:46315845:C:T"
-0.863122100704325,-1.13494614492666,0.104698539287754,0.840074028425007,-6.15871914538292,"chr19:46316410:T:TCA"
1.74563510435633,1.87617908479423,0.101982289169637,-0.408784549340044,-11.218062175521,"chr19:46316735:A:G"
-1.25389934331107,-1.62781685941944,0.109145777749006,1.13180690750054,-8.02174264527632,"chr19:46316839:A:C"
0.233221899708295,0.284860599526319,0.101616204999253,-0.161992091658841,-1.87281006314815,"chr19:46316995:A:T"
-0.907317350536575,-1.04012104772376,0.10174949696886,0.41633606228053,-6.49575573497495,"chr19:46317065:C:T"
-1.29569419616687,-1.62147587502146,0.109145777749006,0.986105059485573,-8.33868572654873,"chr19:46317280:A:C"
-1.18440282189578,-1.63836065435821,0.109145777749006,1.37408008012666,-7.44125604230196,"chr19:46317527:C:G"
-0.811295945165748,-1.14037696527497,0.104698539287754,1.01702709571651,-5.77231422397576,"chr19:46317820:A:C"
0.729817593643094,0.870726860168169,0.104196591548407,-0.436528695830906,-5.36055653133065,"chr19:46318188:C:T"
-0.577198338239532,-0.677416024389683,0.101418139078801,0.314692616032373,-4.52579767546576,"chr19:46318282:A:G"
-0.35978127876799,-0.319287464865732,0.101640235256684,-0.127015245461089,-2.86764818424752,"chr19:46318321:A:G"
-1.03434229319561,-1.03076304417855,0.10174949696886,-0.0112208505730499,-6.98998093997272,"chr19:46318411:A:G"
0.427495065782862,0.687921313469591,0.101418139078801,-0.817762017028052,-3.74744862019667,"chr19:46318465:A:AC"
-0.576582089295662,-0.677459269090983,0.101418139078801,0.316763485840169,-4.52331705649855,"chr19:46318625:C:T"
0.622898024449619,0.674209091056688,0.101418139078801,-0.161121398849675,-4.69274616692188,"chr19:46318648:C:T"
0.880815350319254,1.04207346594021,0.10174949696886,-0.505539908077847,-6.3566436176804,"chr19:46319039:C:T"
0.880356581875912,1.04210726368598,0.10174949696886,-0.507084089993955,-6.35412829396833,"chr19:46319503:A:G"
-0.563871053781021,-0.358872746847565,0.102503111331277,-0.640297417627155,-3.47374009133146,"chr19:46319544:C:T"
0.579728373201817,0.357578427868084,0.102503111331277,0.693869322390922,-3.45611285332908,"chr19:46319745:G:T"
-0.594426064953336,-0.356378760958189,0.102503111331277,-0.743523574907748,-3.43526924508109,"chr19:46319937:C:G"
-0.596090920482317,-0.447625964680745,0.103643165352515,-0.461162111719121,-3.90079787796728,"chr19:46320046:A:G"
0.620374000895589,0.23886375850645,0.105317992301232,1.17558738257316,-2.53937779873173,"chr19:46320231:A:G"
-0.204466844525013,-0.166032045317012,0.113618947287763,-0.114024778169366,-0.90261107493549,"chr19:46320445:A:G"
0.197763808816191,-0.124866707410821,0.110600761031539,0.970122071353998,0.678636961406269,"chr19:46320494:C:T"
-2.70882484508209,-2.28886286082305,0.10426672518579,-1.30058012300927,-14.9321937253595,"chr19:46320546:C:T"
0.021772271875704,0.331287193646247,0.10714144820902,-0.945589922451982,-0.199087370258501,"chr19:46320759:C:T"
-0.620811492617785,-0.716800634510609,0.121650400588314,0.275210714330413,-4.45918268139915,"chr19:46321168:C:T"
1.23917180478577,0.249528836692292,0.138614317247521,2.65811947919779,-1.06217306972534,"chr19:46321300:C:T"
0.919508441651749,1.2926118128769,0.121739156698247,-1.0693356079028,-5.99461862963784,"chr19:46321810:C:T"
-0.0887610555483918,-0.365345597654773,0.109887051913979,0.834362243718437,-0.855882794279761,"chr19:46322518:A:C"
2.57413248219558,2.39452637970587,0.106146131878994,0.55127589424106,-15.6534005814908,"chr19:46322897:A:G"
-2.5734354450012,-2.3946100690013,0.106146131878994,-0.548879563114984,-15.6529167617357,"chr19:46322962:C:G"
-2.56858977908483,-2.39519186057526,0.106146131878994,-0.532220738943865,-15.6493240295856,"chr19:46323392:G:T"
0.169961419469727,0.352390983308635,0.10988705191398,-0.550328442240502,-1.55925414345961,"chr19:46323705:C:T"
-1.20138296177733,-1.21699079519285,0.100172401811498,0.0493138122864405,-8.06472499839394,"chr19:46325410:AC:A"
1.17409111846955,1.21854722000037,0.100172401811498,-0.140461509776138,-7.97984094823053,"chr19:46325462:C:G"
1.19827708049345,1.21716792030035,0.100172401811498,-0.0596866524244632,-8.05573749001413,"chr19:46326067:C:G"
-0.609008761645654,-1.25769566381508,0.132126231274399,1.78459883567482,-3.45857150068784,"chr19:46327769:A:C"
-1.13189699248373,-1.18285807489108,0.108050971845775,0.15503305499292,-7.50915801823674,"chr19:46327821:C:G"
1.63405918699237,1.3583391554728,0.10839502602388,0.837459170227563,-8.75990668626514,"chr19:46328578:A:T"
-0.584232060297737,-0.742449207323617,0.172245180592926,0.381223802974172,-3.91902068356087,"chr19:46328680:C:T"
0.628937245496584,0.170926996776486,0.114966892130152,1.35079299715347,-1.88547680803295,"chr19:46328728:GT:G"
1.54398749570232,1.68216506540364,0.106116041511275,-0.424176915266521,-9.86091382366032,"chr19:46330592:A:G"
0.509937176204459,0.0245853196687556,0.105998842207757,1.49075451853715,-0.304259100746023,"chr19:46331063:A:G"
-0.1365914701237,-0.0171902824562865,0.101726878071519,-0.374361163548206,-0.0710943492659892,"chr19:46332105:G:T"
-0.755161214522263,-1.05176647752651,0.103456327526408,0.922147353124194,-5.50008501846257,"chr19:46332144:A:G"
-1.18193517184703,-1.21809988197594,0.100172401811498,0.114264400395083,-8.00560364705047,"chr19:46332255:C:T"
0.394399318408678,1.07384597814437,0.142686938690761,-1.7987187331242,-2.31236223745006,"chr19:46332571:C:G"
0.805328075639075,1.04716711745811,0.103456327526408,-0.75187887779431,-5.85460211854189,"chr19:46332712:A:T"
0.876877377182414,1.04060738872258,0.103456327526408,-0.5090374838244,-6.28803697040146,"chr19:46333012:A:C"
1.20910075675305,1.21655065755084,0.100172401811498,-0.023538373310023,-8.08631046082115,"chr19:46333402:C:T"
1.69792854120768,2.53964823799812,0.133658384475435,-2.30233961553522,-8.44099052045823,"chr19:46333568:A:C"
1.17212520551143,1.21865933392624,0.100172401811498,-0.147027150564021,-7.97321150811305,"chr19:46334531:C:G"
-0.166921596059924,-0.133585460787777,0.101398174484699,-0.104688790331703,-0.669723763661042,"chr19:46334701:C:T"
1.57681221231638,0.860430252955407,0.218966563512526,1.53093143000601,-4.04502491054975,"chr19:46335106:A:G"
-1.16534944970365,-1.21904574807606,0.100172401811498,0.169656422382172,-7.94983208057779,"chr19:46336001:A:G"
-1.76487690550797,-1.43909691809046,0.106054307127238,-1.00036904974575,-9.18225601027257,"chr19:46336556:C:T"
1.1602433793184,1.21933694184142,0.100172401811498,-0.186709376760794,-7.93167077803614,"chr19:46337047:C:G"
-0.813627082380409,-1.23796006622083,0.129790061895462,1.17783938269447,-5.18147121031162,"chr19:46337314:A:G"
0.420375750464564,0.0351992534708499,0.105998842207757,1.18306666719313,-0.392700314206396,"chr19:46337395:C:T"
-1.15754369590194,-1.21949090191639,0.100172401811498,0.195725621086453,-7.92187994787064,"chr19:46337628:A:G"
0.490270602423537,0.0269160073560073,0.105998842207757,1.42319009802955,-0.328240107523111,"chr19:46338033:A:G"
1.01904333476251,1.06309656726258,0.104088256618685,-0.136545349661782,-6.95593845902742,"chr19:46338037:C:T"
-1.84608658614978,-1.42942522077166,0.106054307127238,-1.27943750459693,-8.91641971301333,"chr19:46338084:A:G"
-1.8568540591012,-1.42814286454945,0.106054307127238,-1.31643878345256,-8.87497072025089,"chr19:46339376:A:G"
1.08355077017227,1.01876968370723,0.169323236826084,0.157430888479862,-5.6324684957404,"chr19:46339745:A:C"
-1.12129713713836,-1.22155800462581,0.100172401811499,0.316779752020963,-7.77780848855753,"chr19:46340450:C:G"
0.411677609016053,0.228429582789949,0.103022211446036,0.570918178459002,-2.3821120009459,"chr19:46341634:C:T"
1.54646191268167,1.21329423081627,0.10149093210228,1.04580146655354,-8.10848885439747,"chr19:46341744:C:T"
1.18488434290299,1.41081580818043,0.134714763439935,-0.61555820213668,-7.26391270027986,"chr19:46342821:A:G"
-2.09150431801838,-2.18629796362107,0.11406833587779,0.280670438363564,-12.6769635506093,"chr19:46344129:C:G"
-1.39606509811222,-1.46759783437413,0.0998845071372682,0.226337113217046,-9.23289777681494,"chr19:46344644:C:T"
-0.759166253337034,-0.0193777037313107,0.12398832769451,-2.10095719339403,-0.186587464105894,"chr19:46345402:C:T"
-1.33052861654883,-1.38195693064934,0.0994289805194135,0.163096933063873,-8.86573335539529,"chr19:46346189:A:G"
0.735781677232294,0.543870732693825,0.0987974506375245,0.610557926535061,-4.42427895203983,"chr19:46346219:A:G"
-1.36788358939098,-1.44797103517972,0.0987876771060938,0.254807998346827,-9.13618470770851,"chr19:46346549:G:T"
1.37935805379443,1.28972157237042,0.104742905141199,0.276963470703841,-8.52782859570305,"chr19:46347058:A:C"
1.44497142262528,0.636238313293564,0.174035481988087,1.93859158489321,-3.01047904798947,"chr19:46348071:A:G"
-0.343597137952687,-0.150216442537912,0.131767468831254,-0.532732283680225,-1.15155570529404,"chr19:46348307:A:G"
1.72235423564129,1.21443404759091,0.133263357077009,1.39136187856209,-6.98628442626986,"chr19:46348612:A:C"
-1.32634131722895,-1.40262873985197,0.0986546826530294,0.242881306584224,-8.91307201322383,"chr19:46348669:C:T"
2.05900226458632,2.1042361970738,0.103008540566194,-0.140937878034078,-13.0648667965363,"chr19:46349512:A:G"
1.40215278142834,1.33241997741447,0.0980355304040358,0.222712902285571,-8.95839367097259,"chr19:46350376:A:T"
-1.42279503388754,-1.49988308973557,0.0980637966809351,0.246168648411239,-9.45709410475713,"chr19:46350798:C:T"
-1.46345609716838,-1.09567035089318,0.128112292511025,-1.02754178747049,-6.82621586751371,"chr19:46351555:A:G"
0.659077766447967,0.547132207384383,0.0987974506375245,0.356150862531808,-4.42167276891339,"chr19:46351675:A:G"
0.720113719045806,0.544536939260809,0.0987974506375246,0.558591355334307,-4.43098305711371,"chr19:46351721:A:G"
-1.3950406138449,-1.22164880490799,0.0982947354849147,-0.553048792332142,-8.43510789947862,"chr19:46351856:A:G"
2.10600720979056,2.10014882805101,0.103008540566194,0.0182532856570384,-13.2322921578552,"chr19:46352086:A:G"
0.618404287538728,0.370050453683208,0.184884609038968,0.577591095140037,-2.89466551705547,"chr19:46352264:A:G"
1.40255096250343,1.33240624794718,0.0980355304040358,0.224028463787411,-8.95897097017935,"chr19:46352536:C:G"
-0.852412073287662,-1.18414013187783,0.099631586341053,1.05095394421935,-6.13209544024348,"chr19:46352876:A:G"
-1.42552555627401,-1.33161407334719,0.0980355304040358,-0.299934861595612,-8.98778662123982,"chr19:46353103:A:G"
1.46232741750397,1.49850820363243,0.0980637966809351,-0.115537681184429,-9.59820053882979,"chr19:46353164:A:G"
-1.37530932298895,-1.33043231892531,0.0993523662714677,-0.14237533162214,-8.85544336678518,"chr19:46353528:C:T"
-0.754486891507841,-1.18916586757505,0.099631586341053,1.37711469541816,-5.27932891227021,"chr19:46353706:A:G"
0.811162200333888,1.14350424515499,0.100539989134196,-1.04813173513808,-5.85581463385543,"chr19:46353758:C:T"
1.45534014431045,1.49875121212151,0.0980637966809351,-0.138626454793532,-9.57513118070946,"chr19:46354000:A:G"
-1.42950402756196,-1.33147689382043,0.0980355304040358,-0.313079443269894,-8.99188163345983,"chr19:46354029:A:G"
-0.47429917810898,-0.606320543745331,0.108897432667197,0.400069460227246,-3.96550093292902,"chr19:46354739:A:G"
-1.43505381471692,-1.49945674490478,0.0980637966809351,0.205660683794165,-9.50360048758222,"chr19:46354847:A:G"
-1.36365598021351,-1.3337473648933,0.0980355304040358,-0.0955222526256497,-8.88998113370996,"chr19:46355304:G:T"
-2.11715665875596,-2.09917931490459,0.103008540566194,-0.0560130096096115,-13.2664703069537,"chr19:46355419:C:T"
2.11825112663215,2.09908414419278,0.103008540566194,0.0597196326909874,-13.2697109604023,"chr19:46355847:A:G"
1.45642893605817,1.49871334532709,0.0980637966809351,-0.135028646968595,-9.5787788183161,"chr19:46356044:C:G"
2.11681697065996,2.0992088528733,0.103008540566194,0.0548625914342718,-13.2654603529069,"chr19:46356078:A:G"
0.937694582513141,1.17976324594131,0.0996315863410529,-0.766902316562986,-6.76401888272599,"chr19:46356801:A:G"
1.44824527804669,1.49899796256096,0.0980637966809351,-0.162070759376118,-9.55088435124396,"chr19:46357305:A:C"
-1.13072590807839,-1.38046549649302,0.107530390265341,0.761590960444261,-7.63674151781444,"chr19:46358173:C:T"
0.724238739037742,0.544361542098343,0.0987974506375245,0.572272981399679,-4.42957461306848,"chr19:46358180:A:G"
-2.0745080961796,-2.04795901318173,0.0990661460144557,-0.0843503504421221,-13.2182617401382,"chr19:46359213:A:T"
0.925734968637294,1.18037703962837,0.0996315863410529,-0.806736367160559,-6.68237853522258,"chr19:46359878:C:T"
1.41340373415365,1.31647450266519,0.0979986522607373,0.309631201406941,-8.911399733792,"chr19:46361200:A:G"
1.44800743547542,1.31529481681319,0.0979986522607373,0.423937824815428,-8.93649462702947,"chr19:46361216:A:G"
1.34144525204007,1.31892766229951,0.0979986522607373,0.071930296537924,-8.79498337420145,"chr19:46361651:C:G"
1.38679152628429,1.31738174795731,0.0979986522607373,0.221722928395802,-8.87851608470315,"chr19:46362137:A:G"
0.872583636206137,1.18310488290525,0.099631586341053,-0.983768241882476,-6.2917430961241,"chr19:46362688:C:T"
-0.94597426980082,-1.17933831418007,0.0996315863410529,0.739325048118254,-6.8191535830419,"chr19:46362727:C:G"
-0.718700057847504,-0.54459704858471,0.0987974506375245,-0.5539026062044,-4.43140691923237,"chr19:46363525:G:T"
2.11048202209912,2.08379258474771,0.103820271403919,0.0828320363933162,-13.1265994775865,"chr19:46363862:A:G"
-1.33607329942337,-1.50289916153917,0.0980637966809351,0.532732296142549,-9.05782697502083,"chr19:46365128:A:G"
0.71847879150951,0.544606456899822,0.0987974506375245,0.553168722901167,-4.43147054198275,"chr19:46365473:C:G"
0.79455624933359,0.541371619188451,0.0987974506375245,0.805498004210882,-4.36684930544444,"chr19:46365703:A:G"
-2.3815997774669,-2.37155825379792,0.112533512644329,-0.0299335812341752,-14.498513658638,"chr19:46365921:A:G"
0.189000829306826,0.526543987311821,0.116937697384016,-0.987079290648069,-2.07367078551523,"chr19:46366374:C:T"
-1.64294913951807,-1.42438201959902,0.100924524609374,-0.687996887295411,-9.4181423196011,"chr19:46367045:C:T"
-2.01429332814376,-2.26032001177736,0.0983797435635743,0.784385161557456,-13.3716719549473,"chr19:46367875:G:T"
0.61095229969904,0.481598747118862,0.130423613856279,0.358179104119513,-3.80323357447266,"chr19:46367918:G:T"
-0.496750927464427,-0.722204132655746,0.109555257459106,0.68114535917429,-4.04087392914983,"chr19:46367994:A:G"
0.717357496077959,0.544654134738323,0.0987974506375245,0.549449675518774,-4.4317816333643,"chr19:46368010:G:T"
-1.35555288513351,-1.31844671446648,0.0979986522607373,-0.118532129336163,-8.82470270943113,"chr19:46368896:C:T"
0.334300265023151,-0.143987334871423,0.133230800595124,1.31034846014217,1.06763961284944,"chr19:46369178:A:G"
-2.22516618014855,-1.83324083696017,0.129815025942445,-1.08777948775033,-10.3761372643504,"chr19:46370451:C:T"
1.72188810464809,1.21462339369142,0.133263357077009,1.38956630937245,-6.98906413152786,"chr19:46370628:C:G"
0.716868731721814,0.54467491715425,0.0987974506375245,0.547828570368273,-4.43191131390225,"chr19:46370708:A:G"
-1.58264266778236,-0.978815207799324,0.104594123289472,-1.86706405249071,-5.92379422023311,"chr19:46370826:C:T"
0.555420856626572,0.713049409319564,0.109555257459106,-0.476231673216084,-4.34053056700227,"chr19:46371377:A:G"
1.3594740540851,1.2970866498448,0.0982278952120049,0.199057936234475,-8.74973073692755,"chr19:46371769:C:G"
0.195080646772728,0.0519183364450081,0.108384305629483,0.434856031868066,-0.285686666199658,"chr19:46371994:A:C"
-0.759973280803238,-0.542842098013201,0.0987974506375245,-0.690795228324332,-4.40675641642465,"chr19:46372136:C:T"
-1.35473466869186,-1.29725968629299,0.0982278952120049,-0.183383994265352,-8.74211382147696,"chr19:46372357:C:T"
-0.69136441831006,-1.3203797869456,0.150152491709316,1.62328578234522,-3.84216847598518,"chr19:46372686:C:T"
-0.736507074330922,-0.686143046405318,0.17540577977355,-0.120253716196451,-4.16876357295056,"chr19:46373607:C:T"
-1.36093827236615,-1.38177819173447,0.10665922860151,0.0638111857915617,-8.71151825656163,"chr19:46373998:A:G"
1.3960665304306,1.06878843781417,0.100011697934899,1.03488367270439,-7.38801176849467,"chr19:46374148:A:G"
0.115381464019635,0.44945494893267,0.213311864027075,-0.723326709429442,-0.718915552229027,"chr19:46374379:C:T"
-0.602467036514844,0.590887256909228,0.19340696756328,-2.71352196952926,3.6414361412076,"chr19:46374455:C:T"
-0.298066162036247,0.355607820676188,0.174962449481493,-1.56274736240807,1.7518122208487,"chr19:46374679:C:T"
0.0751290686584872,0.102148391730541,0.099742610398399,-0.0855527746556314,-0.237181710284224,"chr19:46375038:A:G"
2.24060482117642,2.03263868246677,0.105752974349994,0.639508517154257,-12.9581547050582,"chr19:46375192:G:T"
1.40461740582099,1.51559460759774,0.101393874782687,-0.348520164334649,-9.27176949165006,"chr19:46375732:A:G"
-0.921112173778491,-1.18061429162752,0.0996315863410529,0.822133573643952,-6.65019349409397,"chr19:46375925:A:C"
-2.24646231915826,-2.07080352758421,0.103820271403919,-0.545166060448898,-13.3431019855874,"chr19:46378769:A:G"
0.709269899866292,0.238646078286859,0.102717830657828,1.46842235230862,-2.27133143682816,"chr19:46379203:A:G"
-1.28518080351538,-1.29207512578122,0.0988483582979699,0.0219283952031654,-8.54473310449359,"chr19:46379577:C:T"
0.713611088589812,0.544813433176675,0.0987974506375245,0.537023809355312,-4.43268372698788,"chr19:46380837:C:T"
-0.0414380879113615,1.68222826994466e-05,0.0992084635635263,-0.13161385707801,2.17683593896623e-05,"chr19:46380844:G:T"
0.00871809063926219,0.789864127081665,0.121717754465437,-2.23900605311247,-0.0766434870144144,"chr19:46382447:C:T"
0.708989979483983,0.5450099242061,0.0987974506375245,0.521696783809532,-4.43350485163914,"chr19:46382675:A:G"
0.789450297122855,0.896917744599992,0.100392210263284,-0.339177414951393,-5.76928018442216,"chr19:46382720:C:T"
1.33937012560029,1.23540263335938,0.0989989419467376,0.330432146900694,-8.44866951971594,"chr19:46382977:A:G"
0.772662383923979,1.86197464561445,0.148213957588827,-2.82948789493113,-3.59750453689783,"chr19:46383511:A:G"
-0.708982221929872,-0.545010254059746,0.0987974506375246,-0.521671054005935,-4.43350595892974,"chr19:46383750:C:G"
-1.2040864561431,-1.21544777676135,0.0992710282037697,0.0360593219254896,-8.09910700289977,"chr19:46383942:A:G"
1.29679836369616,1.29108170152616,0.106482794336666,0.0175187376252678,-8.31743952759569,"chr19:46384310:C:T"
0.175621774395371,0.0911645869423778,0.128107697578024,0.235965766985743,-0.383117624988078,"chr19:46384590:C:T"
-2.24546625090837,-2.08802200688069,0.103008540566194,-0.49055778354191,-13.5077786497844,"chr19:46385178:A:G"
1.65506010919051,1.49954156400922,0.101219650121407,0.48882090308715,-9.82596751374663,"chr19:46385309:C:T"
-0.921965597455245,-1.18057049204748,0.0996315863410529,0.819291063653756,-6.65616145602295,"chr19:46385637:A:G"
1.34987531598505,1.31570299368345,0.098586270998941,0.108834421689178,-8.78242628992679,"chr19:46385904:A:G"
-0.991327967872528,-0.300803550567228,0.0999408527377108,-2.18427600392053,-1.75271609059925,"chr19:46385973:TG:T"
-1.28906444530531,-1.31815318103125,0.0985862709989409,0.0926438566995726,-8.62836867798265,"chr19:46386469:AG:A"
0.905063506515225,0.305512348677388,0.0999408527377107,1.89650818185181,-2.06968223357244,"chr19:46386903:C:T"
2.24403133079915,2.08814678200763,0.103008540566194,0.485698154390156,-13.5066125150523,"chr19:46386965:A:G"
-1.62921362025352,-1.4252743532369,0.100924524609374,-0.641951913703688,-9.42966464801602,"chr19:46386990:C:G"
0.577529159626263,0.077346553786462,0.142727032034683,1.32396183868835,-0.811725589941402,"chr19:46387806:C:T"
-1.35210920198383,-1.5601269522796,0.0999111379989886,0.658102351125053,-9.06882252279495,"chr19:46388003:C:T"
-0.735507089554379,-0.21524828906472,0.102432439682298,-1.62555128965648,-1.96631401696462,"chr19:46388854:C:T"
-1.23429957004143,-1.32373627839948,0.0992603162356528,0.283875544176663,-8.41651352038238,"chr19:46388861:C:G"
0.941554967552714,0.3035204400737,0.0999408527377107,2.01823928758918,-1.92304205214918,"chr19:46388911:C:T"
2.15773943036318,1.58903548819525,0.0998152356071009,1.80006347858617,-9.62327640778391,"chr19:46389981:A:C"
0.718136320557322,0.544621018873682,0.0987974506375245,0.552032835192641,-4.43156756360563,"chr19:46390208:A:G"
-1.5927143908422,-1.42764554063313,0.100924524609374,-0.51959716161942,-9.44544574916197,"chr19:46390553:A:G"
-1.61044818894416,-1.42649345717206,0.100924524609374,-0.579045388479921,-9.44049070232377,"chr19:46390906:A:C"
-1.35836896575543,-1.28892382643082,0.0988483582979698,-0.220880371025807,-8.69541106810669,"chr19:46391529:C:T"
-2.23659313562294,-2.03310369973193,0.105752974349994,-0.625742383883485,-12.9589431540952,"chr19:46391950:G:T"
-2.21492406081847,-2.07381611285775,0.103820271403919,-0.437935746901358,-13.3208496276718,"chr19:46392313:C:T"
-0.813352960819613,-0.331946440094294,0.100002772063698,-1.52231998625543,-2.66483554201149,"chr19:46392490:A:C"
-0.843058603258484,-0.330305530491877,0.100002772063698,-1.62144511360259,-2.53368747013228,"chr19:46392500:A:T"
-0.602486954654422,-0.0674341777985467,0.104588825249876,-1.65445126926399,-0.823747688248527,"chr19:46392960:A:G"
1.6939385030156,1.11843196369352,0.134403440740553,1.56980269141544,-6.31241074577077,"chr19:46393645:GAC:G"
-0.0607556335055465,-0.226879422683974,0.116038014229663,0.48767633835297,-0.361598742044211,"chr19:46394602:C:T"
-0.278116510162694,-2.58980347540479,0.13223703283374,6.35700387625346,-1.40343850035955,"chr19:46394765:A:G"
-0.976111684722938,-0.535217590033583,0.110193911789362,-1.32817555172665,-3.82117799606617,"chr19:46394977:C:T"
0.898663695025033,0.547824332608471,0.110193911789362,1.05688932865695,-4.11127277472285,"chr19:46395100:GCCTCC:G"
0.903750547585375,0.581728821771181,0.110977001933929,0.966648717665146,-4.33637069180798,"chr19:46395484:C:T"
-0.48346564463858,0.127385981599366,0.141124246418724,-1.62605382175626,1.21072500259813,"chr19:46395486:A:G"
-0.129565074607342,-0.344939856101023,0.102284211451988,0.673427037841211,-1.25995403930872,"chr19:46395685:C:T"
-1.13887581483281,-1.17922902090052,0.109546730535647,0.121920949152142,-7.48096945838169,"chr19:46395810:A:AT"
1.37025666002582,1.17993216888598,0.140879637325192,0.507073091617151,-7.09804734505784,"chr19:46396270:C:T"
0.432857050810765,0.501519048463949,0.126211302874822,-0.193271274101335,-3.53167882216864,"chr19:46396631:C:T"
0.874505622341693,0.31427568512738,0.105203787443326,1.72723179965071,-2.28224634353769,"chr19:46396758:A:G"
0.210373099300521,0.203016099605805,0.101924844612143,0.0230441508232181,-1.2485574663353,"chr19:46396996:C:G"
-1.12829546281914,-1.33871749694167,0.114068325023722,0.623029602806123,-7.46874371394304,"chr19:46397217:C:T"
-0.855356760603295,-0.397309579825339,0.104420578575877,-1.41748074068117,-3.07184305224711,"chr19:46397260:C:T"
-0.882326233416372,-0.394562574191668,0.104420578575877,-1.50944186968013,-2.95246044434813,"chr19:46397567:A:G"
1.47964728404036,2.02786989955161,0.115005093883084,-1.61658449417266,-8.51962452644554,"chr19:46398040:C:T"
-0.15524683487545,-0.342902959733986,0.102284211451988,0.586757221155681,-1.49088525744499,"chr19:46398099:A:G"
-1.1505047689279,-1.15733289900399,0.111518415686006,0.0204469479009494,-7.40561240612347,"chr19:46398610:C:G"
0.12260911260515,0.464423519720048,0.104501628820078,-1.05737450339058,-1.43546543010503,"chr19:46398834:C:CAG"
0.201652225547548,0.171922071502869,0.112395816542656,0.0886792652446833,-0.931047396135557,"chr19:46398988:C:T"
2.0322520801532,2.16828368497491,0.110773532068176,-0.408716169836898,-12.5589398004781,"chr19:46400440:C:T"
-1.56671572266327,-1.87680748056487,0.115423717460644,0.912730775340315,-9.5718725032632,"chr19:46400866:C:T"
0.22526481135664,0.167529856656648,0.112395816542656,0.172212137012007,-1.00925669327808,"chr19:46401188:A:G"
0.743816913623403,0.408670594931421,0.104420578575877,1.03714960377929,-3.49241910246617,"chr19:46401463:C:T"
0.748301777433927,0.408213784142453,0.104420578575877,1.05244219560269,-3.47840880187986,"chr19:46401543:A:G"
-0.54883889935459,-0.217512564983986,0.140073158834144,-0.885275600050503,-2.13464167333621,"chr19:46401657:A:G"
2.04322283965487,2.16643079944358,0.110773532068176,-0.370186659815255,-12.6123210964692,"chr19:46401957:C:G"
0.142479246799799,0.208143503355689,0.101924844612143,-0.205678550300234,-0.878455415583478,"chr19:46401958:A:G"
1.46728329434915,1.69084100787535,0.116115952107719,-0.656060235268547,-9.1173278550094,"chr19:46401966:C:T"
-2.28738065935027,-2.16538283069298,0.113819836562603,-0.361612240017913,-13.2382958008134,"chr19:46402409:C:T"
-0.500217553376145,-0.205976197189429,0.125767796935495,-0.829695981886866,-2.10100287884747,"chr19:46402802:A:G"
-0.0701949379017395,-0.213602478253265,0.101924844612143,0.449191943207623,-0.447326295066343,"chr19:46403164:A:G"
2.2092750737365,1.58745313165399,0.107059793468107,1.90043422131775,-9.15953781843536,"chr19:46403250:A:G"
0.12032854349995,0.20981634404713,0.101924844612143,-0.280300456465756,-0.749986061546562,"chr19:46403298:A:G"
-2.17322679114767,-1.58225960149462,0.106747062942223,-1.80877856327234,-9.2327445462897,"chr19:46403700:A:G"
2.19710371485521,1.66097007970213,0.107993512429155,1.6314517004173,-9.84436046686634,"chr19:46403740:A:C"
2.18226905555827,1.58111661043421,0.106747062942223,1.83995266579441,-9.19415033621059,"chr19:46403810:A:C"
0.81064180321104,0.955468243451702,0.162762252384064,-0.35898062592896,-4.87525089684162,"chr19:46403880:A:C"
-2.22752065091226,-1.51180938391552,0.106922723073691,-2.18878371466853,-8.46171134083262,"chr19:46403929:C:G"
0.136715880237004,0.184000984936508,0.112395816542656,-0.141042267573463,-0.681100915755744,"chr19:46404213:C:G"
-0.250443503466529,-0.776794568160707,0.113211798095286,1.56433463790983,-2.15396085350083,"chr19:46404293:C:T"
-0.0315605264987774,0.675374331748276,0.117282229279064,-2.06425474058254,0.352726489011326,"chr19:46405021:C:T"
0.0121247627717937,-0.678604491139691,0.113300938347206,2.05206492101056,0.134954139926251,"chr19:46405141:A:G"
0.285531135473858,0.133210033591767,0.105596598448636,0.468743338018498,-1.06796941083728,"chr19:46405354:A:G"
-2.53354136872889,-3.26977053316207,0.157370284652675,1.85588752315918,-12.7146994914117,"chr19:46406111:C:CA"
-2.04074705895329,-2.05580314088056,0.116619472196866,0.0440886127070347,-12.0142082521319,"chr19:46406725:A:G"
-2.05749324289971,-1.64035161378723,0.114626949931566,-1.23208356542268,-9.80124815373355,"chr19:46407218:A:G"
-2.11045550180177,-1.72944510632144,0.1139668689946,-1.12861941410179,-10.4196422087492,"chr19:46407234:C:G"
-1.33209259723149,-1.27089478631441,0.117109741296956,-0.178829588270377,-8.01143649999139,"chr19:46408126:A:C"
1.21014392260686,0.0816959928796097,0.112790675001827,3.36004370373227,-0.374460928176584,"chr19:46409564:C:T"
-1.37896114767368,-1.51531286020096,0.110859671633136,0.409518761346448,-8.83272317977581,"chr19:46411290:C:G"
-1.512152564022,-0.82721659061451,0.13050536266414,-1.89598893028664,-4.54916327319948,"chr19:46411664:A:G"
-1.38924059626681,-1.51356738877244,0.110859671633136,0.373403114089224,-8.87606054383351,"chr19:46411670:C:T"
0.319831467465017,0.566032144952836,0.0986900762612641,-0.783704790378989,-3.26641160770842,"chr19:46411834:C:T"
-2.49940164392704,-2.24389707944633,0.115491964855433,-0.751835412978447,-13.8057796846487,"chr19:46412751:A:G"
-0.325837956290083,-0.565783552638209,0.0986900762612641,0.763793646740364,-3.30531860599953,"chr19:46412982:C:T"
1.4544041828777,1.5025024782786,0.110859671633136,-0.144458430263651,-9.10436154804045,"chr19:46413718:C:G"
2.56750404510596,1.98781923926963,0.102351939380499,1.81194027796791,-12.3115697939955,"chr19:46413971:C:T"
-1.06788025929235,-0.797544348946325,0.119721588231487,-0.781299425007309,-5.45784740959004,"chr19:46414525:C:T"
-1.55137505579379,-1.44953959253126,0.0995928140439632,-0.322689654105533,-9.57464900396216,"chr19:46414713:C:T"
0.151685562208772,0.484494359519356,0.127339568870099,-0.932638007469254,-1.55211324181608,"chr19:46414757:C:T"
-1.42991451538947,-1.45572352155878,0.0995928140439633,0.0817819157174259,-9.33760672249344,"chr19:46415386:CTAATA:C"
1.47662693543026,1.45334524883518,0.0995928140439632,0.0737735083012609,-9.45809443070107,"chr19:46415534:A:G"
1.474170864982,1.45347029492248,0.0995928140439632,0.0655946325404814,-9.45267555870342,"chr19:46415557:C:T"
-1.47371979628331,-1.45349326021483,0.0995928140439632,-0.0640925441745699,-9.45166932111737,"chr19:46415864:C:T"
1.47300662242391,1.45352957008563,0.0995928140439632,0.0617176284241222,-9.45007139380417,"chr19:46415998:C:T"
1.47339514482992,1.45350978921708,0.0995928140439632,0.0630114335310573,-9.45094297343626,"chr19:46416053:A:G"
-1.47335544898948,-1.35875549370746,0.101463608789079,-0.35977360316132,-9.02912524603116,"chr19:46416175:C:T"
2.53974462563495,1.99004075980462,0.102351939380499,1.71822784627872,-12.4035447515493,"chr19:46416251:C:G"
-1.75948064758169,-1.2343867275582,0.105773356000658,-1.61454014364347,-7.52375958781743,"chr19:46416646:A:G"
1.46170478432552,1.45410498136282,0.0995928140439632,0.0240817659264968,-9.42360504994388,"chr19:46417058:C:T"
0.737711095355023,0.650186936029121,0.100241459686086,0.276442146815317,-4.92103315653749,"chr19:46417278:C:T"
0.722633903444206,0.651057759085323,0.100241459686086,0.226070871856718,-4.90113722698851,"chr19:46417315:A:G"
0.66153120114117,0.65458690710419,0.100241459686086,0.0219333217992008,-4.7832912611352,"chr19:46417354:C:G"
0.640790336005943,1.27533413728419,0.104386898143536,-1.96398700359511,-3.88211511827897,"chr19:46417420:C:T"
-0.712378261691803,-0.651650100772491,0.100241459686086,-0.191807876887686,-4.88552803597134,"chr19:46417485:AAC:A"
1.62695210387587,1.66907573451683,0.109214344915286,-0.127463533434094,-10.0494182747799,"chr19:46417674:A:G"
-2.52597095004671,-1.99114303441065,0.102351939380499,-1.67172958884871,-12.4497451811992,"chr19:46418028:C:T"
0.711711871914041,0.651688589874859,0.100241459686086,0.189581540383927,-4.88445559869939,"chr19:46418478:A:G"
0.724623177429472,0.650942863310182,0.100241459686086,0.232716822075613,-4.90397024031879,"chr19:46418652:A:T"
0.336393728074891,-0.301250606218162,0.145658242039193,1.67074808924561,1.97942864943757,"chr19:46418805:A:G"
0.707585889806509,0.651926896873269,0.100241459686086,0.175797078367252,-4.87765744450061,"chr19:46418854:C:G"
-0.713775024405065,-0.651569427051416,0.100241459686086,-0.196474310736773,-4.88775283923624,"chr19:46419152:A:G"
-0.664623625310775,-0.847818031002655,0.100899679200524,0.576723056949983,-5.06645614022839,"chr19:46419659:A:C"
0.698198238999695,0.677155175908185,0.100348269820871,0.0664284337625211,-4.9398653290496,"chr19:46419785:C:T"
0.709859697733117,0.676468494255515,0.100348269820871,0.105408862712464,-4.96514128703158,"chr19:46420006:A:C"
0.704654376751003,0.676775008088505,0.100348269820871,0.0880091831918163,-4.95412924087563,"chr19:46420060:A:G"
-0.242639076394011,-0.259162979531843,0.100557308331974,0.0521081699086436,-1.80412877745091,"chr19:46420495:C:T"
-0.851555275354736,-1.01111620158974,0.100939113988071,0.502223238882647,-6.19582680954789,"chr19:46421083:C:T"
0.267128154001755,-2.21466813450826,0.102351939380499,7.75743406000583,1.55590473390105,"chr19:46421263:C:T"
-0.68840957701579,-0.694044100026897,0.100680502545126,0.0177576081983292,-4.95639295181484,"chr19:46421301:A:G"
-2.52998205198415,-1.99082203543115,0.102351939380499,-1.68527058226547,-12.4362837061649,"chr19:46421356:C:T"
-2.54395609418869,-1.98970372595978,0.102351939380499,-1.73244525307885,-12.3894545673799,"chr19:46421365:C:T"
-0.159570256074853,-0.48704024627529,0.101058033640752,1.03011588667235,-1.90311926966074,"chr19:46421486:A:G"
0.440125539150048,0.532866596982286,0.10934593842574,-0.280459862783575,-3.77696440583146,"chr19:46421537:A:G"
-2.48374805948912,-1.99452203225023,0.102351939380499,-1.52919023382972,-12.589652824267,"chr19:46421554:C:G"
0.769339472881305,0.0658187162832572,0.117600556091612,2.05150333661439,-0.599135655017485,"chr19:46421765:A:C"
0.821521598683242,1.01307197534344,0.100939113988071,-0.602911081336953,-6.02314841727379,"chr19:46421930:C:T"
0.0332276100827254,0.495426139605166,0.101058033640752,-1.45392879441027,-0.419988395354646,"chr19:46422000:A:G"
-0.00223614307218199,-0.49748317374787,0.101058033640752,1.55788881238881,-0.0283702843177867,"chr19:46422031:G:T"
2.22732592369479,2.01504288791469,0.102351939380499,0.663540218730311,-13.0726544182775,"chr19:46422150:A:G"
0.154073218059572,0.487405107831466,0.101058033640752,-1.04855554848973,-1.84479309142372,"chr19:46422168:A:G"
-2.4724016782923,-1.99543005624018,0.102351939380499,-1.49088622772691,-12.6260559066441,"chr19:46422256:C:G"
0.105899692052703,-0.272377302344915,0.125296735452286,1.0686612248234,0.693483951864407,"chr19:46422396:C:T"
0.00141426105656238,-0.0823959434321446,0.102288852690845,0.262049144716255,0.00352365197375393,"chr19:46422418:C:T"
-0.0930783370977246,-0.792139704593405,0.107503037143671,2.13208706417555,-0.745346373056809,"chr19:46422448:A:G"
-0.340691782909777,-0.565168792959463,0.0986900762612641,0.714554118619741,-3.39826415465333,"chr19:46422681:G:T"
-0.462924733466211,0.0422807505263122,0.103062530405632,-1.57368445777999,0.511331898890176,"chr19:46422851:A:G"
0.524449609054961,-0.0983963481369289,0.103283326028946,1.9380525215212,1.21944844639603,"chr19:46422860:C:T"
0.362478503179629,0.60202296568829,0.106730201473581,-0.73323379107411,-3.43304026173481,"chr19:46422921:C:T"
-0.376406917763875,-0.563690640198505,0.0986900762612641,0.596160627702947,-3.60342580433316,"chr19:46422956:C:T"
-0.13393723622921,0.20934054350553,0.10500202443271,-1.05936801518894,0.807808394287125,"chr19:46423127:C:T"
-0.52617054920955,0.228768199336473,0.103238924061971,-2.34957862172435,2.57181393305245,"chr19:46423153:A:AAATT"
1.73390074114847,1.9401402381321,0.108336259477165,-0.626592110684319,-10.8685283567245,"chr19:46423236:A:C"
-1.8020837049494,-1.93037815880767,0.108336259477165,0.389781267932981,-11.2283232814283,"chr19:46423292:C:G"
0.609968599160948,0.677620091472843,0.0983094240563997,-0.215764407563931,-4.70499128338401,"chr19:46423410:C:T"
0.571251052908625,0.679066989955048,0.0983094240563996,-0.343862950953433,-4.5504630070107,"chr19:46423527:A:G"
-0.753310351546073,-0.97381539832999,0.102977549920013,0.68714320532857,-5.55381325734207,"chr19:46423614:A:G"
-0.562520691120486,-0.679393248936908,0.0983094240563996,0.372747700545667,-4.5124375403008,"chr19:46423650:C:G"
0.551031942324762,0.679822590535332,0.0983094240563997,-0.41075868338299,-4.46062429273517,"chr19:46423696:C:T"
-0.523470497126459,-0.680852578669517,0.0983094240563996,0.501946822233599,-4.3281521984069,"chr19:46424078:C:T"
-0.540082286992134,-0.680231785879949,0.0983094240563997,0.446986054032608,-4.4093729879086,"chr19:46424168:A:G"
-0.153024625191348,-0.0131141802188851,0.0988850083861742,-0.444923054891718,-0.0623877317085928,"chr19:46424263:C:T"
-1.20382485196978,-0.0201162232637506,0.116749325161745,-3.46431699191401,-0.0892710636817799,"chr19:46424309:A:G"
-0.472534282805967,-0.559712188748682,0.098690076261264,0.277504283089939,-4.03789970125242,"chr19:46424312:C:T"
-0.546968081720353,-0.679974459501984,0.0983094240563997,0.424204128003135,-4.44181537847251,"chr19:46424321:C:T"
-0.535495786204099,-0.680403186231242,0.0983094240563996,0.46216067451019,-4.38736484713504,"chr19:46424467:A:G"
0.525215590677855,0.680787363451741,0.0983094240563997,-0.496173110734561,-4.33688038173632,"chr19:46424557:CATAAAA:C"
-0.523194373615484,-0.63944405700346,0.0983152249970498,0.3707501966169,-4.31086565145915,"chr19:46424708:A:T"
-0.511016593779606,-0.722807481608974,0.098333077675361,0.675394399186872,-4.24770489920461,"chr19:46425317:C:T"
0.510795410964853,0.722815802552785,0.098333077675361,-0.676126279366962,-4.24639700681911,"chr19:46425358:A:G"
1.76450841551296,1.93575799176987,0.108336259477165,-0.520286535847826,-11.0401548945088,"chr19:46425449:A:G"
-0.496828427684915,-0.645035710076553,0.101807482545699,0.464493557393642,-4.15058170928041,"chr19:46425674:A:G"
-0.81682979483221,-0.875447247398651,0.101562534386765,0.183933220845808,-5.82015334417618,"chr19:46426068:C:T"
-0.149570949512554,-0.0132642225202962,0.0988850083861742,-0.433463029780392,-0.0617016833143472,"chr19:46426268:C:T"
-0.501045535332539,-0.640273128469711,0.0983152249970498,0.444032671967202,-4.21198300296581,"chr19:46426334:A:C"
-0.536203094655423,-0.479836327046392,0.0996013837733212,-0.178603697093964,-4.02357668328168,"chr19:46426362:A:G"
-0.101314768605938,0.16190394016345,0.123320658481971,-0.749546942289184,0.407897048947456,"chr19:46426518:AC:A"
0.144548863789935,-0.0212137943575502,0.0986246593803394,0.527829846745345,0.0956597824043592,"chr19:46426768:A:C"
0.325340370398145,0.374533722134959,0.0988846127255829,-0.156437928043188,-3.02032487664338,"chr19:46426890:A:G"
-0.309733474511473,-0.0681108328606346,0.103814835490417,-0.749907881592488,-0.602656807953686,"chr19:46427444:A:G"
-0.218387386261504,-0.510655760752637,0.0990237463892848,0.928778487428457,-2.52065077266628,"chr19:46427590:C:T"
-0.271279521935055,-0.474840849284345,0.100575338883157,0.641873611973969,-2.91212336077089,"chr19:46427900:C:T"
0.407766245255002,0.466476838054259,0.100575338883157,-0.185127404855881,-3.65503804884796,"chr19:46428485:A:G"
1.79952634720963,1.97743333503772,0.108980191981149,-0.538913697715765,-11.2228387335445,"chr19:46428585:C:T"
0.150918835514455,0.439929049332919,0.0986971449149545,-0.919942951932046,-1.76701264689907,"chr19:46428805:A:G"
0.829147411941736,0.69482613888199,0.0989968092058975,0.426907909069388,-5.25865308398904,"chr19:46428968:C:T"
0.559120231172063,0.616773476499193,0.101947222385399,-0.180566034387541,-4.37227012822873,"chr19:46429077:A:C"
0.467062582045699,0.280995935465069,0.0982752769325497,0.593535080035383,-3.00369576593751,"chr19:46429603:G:T"
-0.627113248366168,-0.706141112448048,0.0989907299760158,0.251178799740633,-4.80388079197439,"chr19:46429605:A:G"
-0.725520326919146,-0.587556507869831,0.0984357641438719,-0.439732686709589,-4.65839301110846,"chr19:46430899:C:T"
0.670810422863888,0.589673987252453,0.0984357641438719,0.258606517761754,-4.61483013359201,"chr19:46431481:A:C"
0.614043789987283,0.591871069788276,0.0984357641438719,0.070671208523766,-4.52079044563885,"chr19:46431507:A:T"
-0.559219487946618,-0.59399297680386,0.0984357641438719,0.110833693839654,-4.38241731273421,"chr19:46431528:A:G"
0.624653489137806,0.591460434463741,0.0984357641438719,0.105796369022719,-4.5421640787559,"chr19:46431545:C:T"
-0.75445706960409,-0.548044167687416,0.0986900762612641,-0.657052538111434,-4.44247129223473,"chr19:46431722:C:T"
1.7225689733162,1.39774865747763,0.104537712640838,1.00463126048643,-9.01160850182751,"chr19:46431823:C:G"
-0.723610913447793,-0.587630409364058,0.0984357641438719,-0.433411258204525,-4.65764544289784,"chr19:46431903:A:G"
-0.456845807873254,-0.692288906166782,0.102019049580849,0.737132106196382,-3.91481138979463,"chr19:46431955:A:G"
1.51886946839791,1.27206732288381,0.104307380495564,0.764172511425835,-8.47165858349586,"chr19:46432156:C:G"
0.737541633869156,0.698913952299574,0.0989968092058975,0.122768809403209,-5.1311669706355,"chr19:46432287:G:T"
0.957497322893114,0.689098656411208,0.0989968092058975,0.853040705278583,-5.21545305814211,"chr19:46432374:A:G"
-0.953111005005972,-0.68929439132543,0.0989968092058975,-0.838477750832745,-5.22107874964444,"chr19:46432383:A:G"
0.912978269200487,0.691085273291197,0.0989968092058975,0.705233599733995,-5.25916766882247,"chr19:46432423:C:T"
-0.0340305405582531,0.180712245394381,0.098186518349245,-0.685318811266558,0.191742807931975,"chr19:46432597:GA:G"
0.747345008344065,0.698476486819132,0.0989968092058975,0.155316859856159,-5.15119184635307,"chr19:46432627:A:G"
-0.22028867675467,0.187431265740302,0.098186518349245,-1.30117593976803,1.25200138896033,"chr19:46432874:A:T"
1.71933026348497,1.39808254294568,0.104537712640838,0.993581640916156,-9.02014627826092,"chr19:46432897:A:G"
-0.726472807299149,-0.587519643291072,0.0984357641438718,-0.442886030244127,-4.65874512631712,"chr19:46432929:A:T"
-0.173022976757776,-0.0811617982179097,0.103814835490417,-0.285103338531361,-0.413883367292711,"chr19:46432933:A:G"
-1.35665842605314,-0.985493034499592,0.102584377120884,-1.15884903046464,-6.76418541705936,"chr19:46433179:C:G"
-0.249687657312846,-0.914129046158986,0.122032078834197,1.90204011653211,-1.67695050492016,"chr19:46433267:A:G"
0.522434999216054,0.687487728450115,0.099425310175531,-0.52344882919997,-4.30812975056866,"chr19:46433397:A:G"
0.783845592171748,0.696847685891286,0.0989968092058975,0.276501952502242,-5.21229187921069,"chr19:46433491:C:T"
1.76112013610486,1.98319309900943,0.108980191981149,-0.67270073571954,-11.0002187308829,"chr19:46433785:A:G"
-0.373712550210567,-0.148783010778824,0.0991384745147989,-0.714373569376129,-1.57102660644426,"chr19:46433801:A:C"
-0.339347673847829,-0.131293692864795,0.0994381666547938,-0.65978050024015,-1.29128439522711,"chr19:46433913:A:C"
-0.673892907012149,-0.64813789270615,0.099114043602973,-0.0818077028960945,-4.81463121309031,"chr19:46434280:A:G"
1.05401552213373,0.758234307966356,0.100199093271243,0.934412612060143,-5.58914048048577,"chr19:46434399:A:C"
0.372729170602688,0.220738367505485,0.0990236616562031,0.48300076546484,-2.24246911953021,"chr19:46434474:C:G"
-0.694315324531595,-0.550533271729475,0.0986900762612641,-0.457686326054571,-4.45949102168356,"chr19:46434667:C:T"
0.67237536930684,0.589613417929854,0.0984357641438719,0.263787531304288,-4.61671610388149,"chr19:46435078:C:T"
1.03669069908694,0.759227203756886,0.100199093271243,0.876544476134246,-5.61659356380412,"chr19:46435079:A:G"
1.02904898212741,0.759665155046831,0.100199093271243,0.851019718130848,-5.62725404436432,"chr19:46435112:A:C"
0.568816051254536,0.622805185271868,0.0988643560425182,-0.171706403014746,-4.4588564136858,"chr19:46435226:C:T"
-0.698113730521584,-0.588617246392801,0.0984357641438719,-0.348998625023514,-4.6423177013008,"chr19:46435414:A:G"
-0.436464611948018,-0.297484035064002,0.105190511031845,-0.428514801379906,-2.95579073035487,"chr19:46435639:A:T"
0.682971240860308,0.551002772647449,0.0986900762612641,0.420081381467815,-4.45657492611048,"chr19:46435760:A:G"
-0.162738230419593,-0.319340275302028,0.105851480949229,0.481336681463617,-1.42591293328656,"chr19:46436181:G:T"
-0.870413312195321,-0.576621951874564,0.128238106679337,-0.820409104667714,-4.17086548283844,"chr19:46436230:A:G"
0.210847938456127,0.135310705518318,0.104480819490791,0.233691430291271,-0.825521957631623,"chr19:46436323:C:T"
0.257870450466481,0.079022549355921,0.103061683615018,0.557102659107775,-0.595046307672366,"chr19:46436904:A:G"
-0.34671617119108,-0.150028052336898,0.0991384745147989,-0.624679150078363,-1.49621993016122,"chr19:46437051:A:G"
0.338311701571918,0.322876479386527,0.099258945790205,0.0489923257032047,-2.8232909178417,"chr19:46437255:C:T"
-0.201272478560163,-0.163725662240575,0.103205015323598,-0.116875294106797,-0.962362967795405,"chr19:46437337:A:G"
0.320972283226814,0.323698195461252,0.099258945790205,-0.00865220975920653,-2.73030208804587,"chr19:46437379:C:T"
-0.744060883521331,-0.924503959873626,0.0995669499285875,0.571850652527212,-5.57274598188336,"chr19:46437397:A:G"
-0.308758469482648,-0.324277008826709,0.0992589457902049,0.0492567793874595,-2.65975689570262,"chr19:46437778:C:G"
0.240184618734666,0.587332914549363,0.10582704159539,-1.06712847784132,-2.60663227174162,"chr19:46438214:A:C"
1.30870737957925,0.856926754075821,0.133263731641188,1.23757525532033,-5.31299734590486,"chr19:46438454:A:T"
1.88197215816294,1.96506897005905,0.108980191981149,-0.251715858460832,-11.6123656061261,"chr19:46438508:A:G"
-1.20016140249824,-1.8627509193607,0.116352681747185,1.94247913096024,-6.66991201661076,"chr19:46441334:A:G"
-1.84084578627008,-1.35611360430188,0.101032315523879,-1.52500652101415,-8.44653138756562,"chr19:46441531:C:T"
-2.70274457030473,-2.44639519061767,0.138906737446039,-0.687813372869317,-13.7040061835153,"chr19:46441563:C:T"
-1.79458256729303,-1.35917173400249,0.101032315523879,-1.36983758204821,-8.62789043078569,"chr19:46441918:A:G"
1.79466500569386,1.3591662845909,0.101032315523879,1.37011408419115,-8.6275821652926,"chr19:46441924:A:G"
0.460697546794502,0.679102398970958,0.099225536958664,-0.693346861038383,-3.97828727298517,"chr19:46442733:C:T"
-0.388585396455548,-0.793746928756076,0.100148349085031,1.2802839695126,-3.21669484843982,"chr19:46443129:G:T"
-0.475865280499607,-0.678388946291862,0.099225536958664,0.642930532741082,-4.06510459695391,"chr19:46443174:C:T"
-0.490299158246563,-0.677710012381978,0.099225536958664,0.59495348269245,-4.14451872538386,"chr19:46443383:C:G"
-0.105554440850206,-0.383626024801039,0.13226699418744,0.764593970022254,-0.8934744597125,"chr19:46443572:C:T"
0.688457512093647,0.660677464573928,0.0974817512643237,0.0889756814629779,-4.91911328093325,"chr19:46443845:A:G"
0.369079805492043,-0.992120138003181,0.174299730005077,3.26042012532531,2.45293911594388,"chr19:46443914:A:T"
-0.698445976090137,-0.660391425626901,0.0974817512643236,-0.121883504980699,-4.94096839106299,"chr19:46444313:C:G"
0.897036541571815,0.979477096347607,0.100012364053822,-0.260683809614215,-6.4079078764664,"chr19:46444609:A:G"
0.540528343563414,0.675347355736608,0.099225536958664,-0.427995705988514,-4.396240008512,"chr19:46444663:C:T"
-0.475445843931489,0.0523972192659598,0.126251713441984,-1.48554625232731,0.547736524459336,"chr19:46444894:C:T"
1.5050832091095,1.61401929918585,0.102710210575341,-0.33991080790435,-9.75992691304828,"chr19:46444941:A:G"
-1.43850664434244,-1.58013245597589,0.103528693264245,0.44016149239321,-9.39594498670455,"chr19:46444986:A:G"
-1.40565304403882,-1.30186019800179,0.105283954495391,-0.319879439396346,-8.59015115836408,"chr19:46445079:A:G"
1.52922063001162,1.5134942537026,0.0995336560511242,0.0498475347838215,-9.77054740821024,"chr19:46445193:A:G"
-1.53504635246623,-0.777278254705434,0.115192426765135,-2.23266905763368,-4.26357510925131,"chr19:46445819:A:T"
0.683991755798437,0.680644149064003,0.0959419057084029,0.0108076248826331,-4.9995850119184,"chr19:46445826:G:T"
1.54541200708958,1.56229698816534,0.101097152075163,-0.053104474722979,-9.88347358012363,"chr19:46445925:C:T"
0.42633201719164,0.300832256678549,0.0986883568972891,0.399493702785159,-3.05167844847364,"chr19:46446091:C:G"
0.847379842897037,0.681511285354774,0.099731256469342,0.525228667881956,-5.18452816109055,"chr19:46446114:A:T"
-0.681468786019279,-0.680675404446313,0.0959419057084029,-0.0025614031484694,-4.99254973230651,"chr19:46446288:C:T"
1.5043463670112,1.78151338350812,0.100731237385561,-0.873291961459834,-9.82194629370566,"chr19:46446405:C:T"
-0.678839957835636,-0.680707971237488,0.0959419057084029,0.00603081237568591,-4.98511645698707,"chr19:46446473:A:G"
0.678972524701544,0.680706328955415,0.0959419057084029,-0.00559752309105109,-4.98549381464913,"chr19:46446586:A:C"
0.678986516360315,0.680706155622127,0.0959419057084029,-0.00555179193659325,-4.98553362698595,"chr19:46446620:TA:T"
0.607129831072517,0.681596339955579,0.0959419057084029,-0.240412377609702,-4.74205433656616,"chr19:46446672:A:G"
-0.645599199530721,-0.681119768722394,0.0959419057084029,0.114676847639391,-4.88209096627778,"chr19:46446722:A:G"
-1.88662079466909,-1.6034956119328,0.108987337824538,-0.857611265911418,-10.0445262043114,"chr19:46446827:A:G"
0.708445333984461,0.680341210066597,0.0959419057084029,0.0907331275908419,-5.06275976819303,"chr19:46446883:A:G"
0.721304903546493,0.680181901474593,0.0959419057084029,0.132764095575894,-5.09232996671603,"chr19:46447138:C:T"
-0.681136333003851,-0.680679522984001,0.0959419057084029,-0.00147479430196855,-4.991615482801,"chr19:46447180:C:G"
0.681200928187642,0.680678722757555,0.0959419057084029,0.00168592097214046,-4.99179713759599,"chr19:46447649:A:G"
0.679034380380876,0.680705562666849,0.0959419057084029,-0.00539535037718526,-4.98566979841338,"chr19:46447665:A:G"
0.702833400627937,0.680410732549219,0.0959419057084029,0.0723907569458231,-5.04906588173356,"chr19:46447745:A:G"
0.427931124313127,0.791513069938018,0.100148349085031,-1.1488951923562,-3.53843086898812,"chr19:46447749:C:G"
0.679072669167984,0.680705088332717,0.0959419057084029,-0.00527020506984341,-4.98577870361081,"chr19:46447790:A:G"
0.501311916277053,0.682907247209003,0.0959419057084029,-0.586273828691616,-4.24352683231678,"chr19:46447993:C:T"
0.501311916277053,0.682907247209002,0.0959419057084029,-0.586273828691612,-4.24352683231678,"chr19:46447994:A:G"
0.979740060430266,-0.332321778536425,0.163012626318938,3.24970308048701,2.22175635407328,"chr19:46448098:C:T"
-0.70414898303438,-0.7327286203016,0.100036935699777,0.0903600624457852,-5.11619009149549,"chr19:46448113:A:AGGAGCTGG"
0.716938475974858,0.680235994220487,0.0959419057084029,0.118492608759213,-5.08257201145385,"chr19:46448548:A:G"
-1.62485725842125,-1.67834461278425,0.112431928630558,0.159516747796536,-9.93391275389792,"chr19:46448839:C:T"
0.672897943036415,0.680781582877985,0.0959419057084029,-0.025452040480461,-4.96792840192852,"chr19:46448880:C:G"
-0.647145538894242,-0.681100612160009,0.0959419057084029,0.109622701777972,-4.88725427345931,"chr19:46448927:A:G"
-1.4887067988312,-1.60259325131126,0.0996085227832346,0.360847595159633,-9.80320790190197,"chr19:46448964:A:G"
-1.42098302663575,-0.36448196937362,0.158723430313707,-2.65185281312806,-1.48479379623233,"chr19:46448998:C:T"
0.632004835454575,0.836320068853453,0.100078826894005,-0.645846997788987,-4.89119377319749,"chr19:46449078:C:G"
0.527859356269569,-0.0698100558458078,0.126251713441984,1.68206350940818,0.770586784697718,"chr19:46449141:A:C"
-0.477481750074821,-0.683202463172987,0.0959419057084029,0.664161735272956,-4.10880765603978,"chr19:46449161:A:G"
0.665473945463203,0.680873553810194,0.0959419057084029,-0.0497170676118586,-4.94570121392147,"chr19:46449281:C:T"
-0.418924478375884,-0.901614984724919,0.100763832287282,1.52060501657898,-3.10440821817648,"chr19:46449377:A:G"
-0.678825226585597,-0.680708153733088,0.0959419057084029,0.0060789608534636,-4.98507450734193,"chr19:46449481:A:C"
1.33330346668956,1.21284401607496,0.101694807307298,0.37773870687991,-8.25338081398048,"chr19:46449488:A:T"
-0.678842167495566,-0.694781473111987,0.0990617504096405,0.0506426471807861,-4.96115752128678,"chr19:46449538:C:G"
0.678775137943749,0.680708774247722,0.0959419057084029,-0.00624267349501541,-4.98493184709941,"chr19:46449565:C:T"
-0.674113233771366,-0.680766527455254,0.0959419057084029,0.02147991328546,-4.97148735877405,"chr19:46449681:A:G"
-0.674103591346374,-0.680766646908794,0.0959419057084029,0.0215114291502838,-4.9714592092628,"chr19:46449688:A:G"
-0.673995290020978,-0.680767988581361,0.0959419057084029,0.0218654075255801,-4.97114294406936,"chr19:46449942:C:T"
0.206152208505898,0.419990785408733,0.139049678308685,-0.573457267914021,-1.74976482268783,"chr19:46450085:A:G"
-0.598485956842262,-0.68170342312243,0.0959419057084029,0.26866452083161,-4.70753567205119,"chr19:46450125:A:G"
0.645946848773176,0.477634399044436,0.0991405560677697,0.53455274715556,-4.08898173610468,"chr19:46450161:CTG:C"
0.643871339008938,0.681141174028839,0.0959419057084029,-0.120324287853031,-4.87627886019281,"chr19:46450176:A:T"
-1.31348580250233,-1.21429255866736,0.101694807307298,-0.311051789347151,-8.23944984337709,"chr19:46450231:C:T"
1.31848958048845,1.31153242582694,0.105283954495391,0.0214412728611787,-8.46676204923518,"chr19:46450394:C:T"
1.10152558355032,-0.716991291259115,0.171540179042787,4.39070648544497,4.32955363901169,"chr19:46450508:C:T"
-1.51321895367312,-1.60134119911117,0.0996085227832346,0.279214073789469,-9.90847666909874,"chr19:46450772:C:G"
-0.749495520665502,-0.829135946768688,0.0999945259742214,0.251852033629354,-5.49078535411828,"chr19:46451005:C:T"
-0.432582034343977,-0.777763494365567,0.100851465166321,1.0869419622386,-3.60561702784162,"chr19:46451039:A:G"
0.614361280073451,0.921250817465371,0.0983047593688751,-0.97880191485609,-4.72196062838621,"chr19:46451149:C:T"
0.687012182381156,0.680606731022617,0.0959419057084029,0.020679763478476,-5.00788029540446,"chr19:46451212:A:G"
-0.688366723135252,-0.680589950524683,0.0959419057084029,-0.0251070235664317,-5.01155538287403,"chr19:46451332:C:T"
0.668892820799471,0.680831199654136,0.0959419057084029,-0.0385426158457694,-4.95604096735372,"chr19:46451444:C:CCTAT"
0.693738256049466,0.680523406202093,0.0959419057084029,0.0426636553695717,-5.02585466046446,"chr19:46451807:C:T"
-0.681500334940602,-0.680675013607877,0.0959419057084029,-0.00266451948491472,-4.99263830296339,"chr19:46451847:A:G"
-0.681633117876986,-0.680673368649027,0.0959419057084029,-0.00309851498698302,-4.99301091303622,"chr19:46451863:C:G"
0.695748355666045,0.680498504424614,0.0959419057084029,0.0492335823195905,-5.03109284646623,"chr19:46451987:C:G"
-0.637921005888814,-0.681214888719407,0.0959419057084029,0.13977270404342,-4.85591882949585,"chr19:46452014:A:C"
0.857506893502087,-0.122163461177353,0.135761682692028,2.65883483555306,0.953385112480379,"chr19:46452043:A:C"
0.667986225199349,0.402658499296345,0.148719734503071,0.688015676864159,-3.33531928078907,"chr19:46452279:A:AGAAAAGTACTCTCCCTGCTTC"
-0.699700496055332,-0.680449544005074,0.0959419057084029,-0.06215098872059,-5.0412126585623,"chr19:46452338:C:T"
0.701439083024149,0.680428005815896,0.0959419057084029,0.0678334878798929,-5.04558920375023,"chr19:46452492:C:G"
1.40068705658847,1.3024112564389,0.105283954495391,0.302876441473226,-8.58685344967727,"chr19:46452514:C:T"
0.708655622402642,0.680338604944272,0.0959419057084029,0.0914204465348678,-5.06326358014836,"chr19:46452557:C:T"
-0.457402571125036,-0.414633570646008,0.14345685989606,-0.112919368479406,-3.1470513345897,"chr19:46452716:C:T"
0.805762555230555,0.67913561221051,0.0959419057084029,0.408810415548055,-5.2238784889897,"chr19:46453314:A:T"
1.40529451716623,1.22789825154212,0.101787093222746,0.556029863047016,-8.35429473182301,"chr19:46453395:C:T"
0.66875900326676,0.868015053324143,0.10068464689266,-0.627956978605184,-5.09557467281063,"chr19:46453396:A:G"
0.711639507554887,0.680301639590184,0.0959419057084029,0.101173150985823,-5.07033983869856,"chr19:46453398:C:T"
-1.61690181564321,-1.93614146080937,0.0999905496617697,1.00957210326535,-10.4694683209441,"chr19:46454016:C:T"
0.741051030118868,0.247426949718552,0.100938224730188,1.55370479683218,-2.21942256397376,"chr19:46454103:A:T"
1.5615058174179,1.28456575523986,0.105283954495391,0.853502290555753,-8.47162304142808,"chr19:46454346:AATAAT:A"
-0.779753171175533,-0.679457825044508,0.095941905708403,-0.323799826099172,-5.19495342723135,"chr19:46454445:C:T"
0.723316497391928,0.680156981186122,0.095941905708403,0.139338906350726,-5.0967276404351,"chr19:46454479:G:T"
0.726655859914877,0.616462735660826,0.0983705463788357,0.351335435568861,-4.79602138177186,"chr19:46454783:C:T"
-0.568651647082663,-0.371122253924549,0.101114738235741,-0.621190061193221,-3.55107473517547,"chr19:46454846:G:T"
-0.151695451397932,0.360963986705366,0.103005665822304,-1.59734379970785,1.50942817364654,"chr19:46454931:C:CCCTT"
-0.728636210562478,-0.6800910788236,0.0959419057084029,-0.156726167478151,-5.10806012874238,"chr19:46454957:C:G"
1.59975621420031,1.5377960108919,0.099959299984343,0.195975251779473,-9.98808054327221,"chr19:46454981:A:T"
-0.956506784742717,-0.559662723067471,0.0989023623770729,-1.26187563064153,-4.18897558951207,"chr19:46455148:C:T"
0.790297886459785,0.764109060377693,0.0996664699631438,0.082954794788029,-5.46955226296575,"chr19:46455750:A:C"
0.737776835928874,0.679977841739729,0.0959419057084029,0.186601921117083,-5.12652447599272,"chr19:46455812:C:T"
-0.465606490509969,-0.586546289224484,0.103812533487298,0.37535685057533,-3.97352548533697,"chr19:46455851:A:G"
0.787252074111188,0.665806923668543,0.0994740764715772,0.385057174145114,-5.06610768871,"chr19:46456032:A:G"
1.36884989188601,1.42440505868583,0.100382968318256,-0.175345425013634,-9.0423484737918,"chr19:46456109:A:G"
0.782522168335715,0.679423521793794,0.0959419057084029,0.332850178090239,-5.19852274419408,"chr19:46456198:A:G"
0.846882295712932,1.03243519971807,0.156280946336241,-0.469369363954168,-5.14565465991089,"chr19:46456226:C:CT"
0.843430963816079,0.678668963532595,0.0959419057084029,0.531928041505015,-5.24756162603263,"chr19:46456295:C:T"
-0.847939013326346,-0.678613116327379,0.0959419057084029,-0.546662413734783,-5.24895917521589,"chr19:46456396:C:T"
0.749215949483605,0.679836130225564,0.0959419057084029,0.223990187752055,-5.14783645312019,"chr19:46456526:C:T"
1.16209432034404,1.24665377455137,0.111783522811894,-0.252914235734576,-7.62737748163452,"chr19:46456654:A:G"
0.783334490900249,0.679413458473761,0.0959419057084029,0.335505220589035,-5.19954768795962,"chr19:46456660:C:T"
0.658821295374335,0.940561677091511,0.104672329274787,-0.870829543483125,-4.91439943809974,"chr19:46456832:A:G"
-0.0311458679432864,-1.15570071630796,0.130858387600866,3.10870749267237,-0.128092361717733,"chr19:46456936:A:G"
0.747831234802783,0.666794023326863,0.0997778861527461,0.256547235343876,-5.01350284947705,"chr19:46457065:C:G"
-0.705515975114413,-0.93568149426099,0.104672329274787,0.711417130701469,-5.22817176076904,"chr19:46457709:A:G"
-1.28927889063508,-1.24583566341611,0.112502427101444,-0.12952128181103,-7.98080245449177,"chr19:46458040:C:T"
0.71888230786682,-0.0388929714266011,0.133418856480568,2.07458783179947,0.407998520374283,"chr19:46458060:A:G"
0.772789853039992,0.67954408892781,0.0959419057084029,0.301040510539392,-5.1854610838082,"chr19:46458220:A:G"
-0.803080556774544,-0.679168837692565,0.0959419057084029,-0.400044415201264,-5.22137177188949,"chr19:46458417:A:T"
-0.775777735637898,-0.679507074052029,0.0959419057084029,-0.310806280475198,-5.18962467266242,"chr19:46458485:C:T"
1.39477398124678,1.44397014155192,0.101543216814549,-0.154385230050791,-9.12535409226329,"chr19:46458667:C:T"
-0.742504285976697,-0.440826121105292,0.102591190183227,-0.941865400757339,-3.73098069301438,"chr19:46458732:A:T"
-1.99344227156125,-1.67116870999298,0.106555126891356,-0.98727355306992,-10.4927712034105,"chr19:46459030:C:G"
-1.47242177923019,-1.43841879685649,0.101543216814549,-0.106706666203534,-9.32620381073387,"chr19:46459507:C:T"
-0.786261313501454,-0.679377200029375,0.0959419057084029,-0.345071418466517,-5.20315723152349,"chr19:46459673:G:T"
-0.786081330141518,-0.679379429722645,0.0959419057084029,-0.344483150344245,-5.20293902998294,"chr19:46459979:G:T"
0.83399234015436,0.678785892317712,0.0959419057084029,0.501078292838464,-5.24364313021713,"chr19:46460180:C:G"
-0.743065009878885,-0.440779832098326,0.102591190183227,-0.943760547716979,-3.72957011839844,"chr19:46460252:A:G"
-1.03613111865095,-0.607011977116236,0.0994221490818312,-1.36093164970142,-4.37872056562607,"chr19:46460570:A:G"
-0.991917367522048,-0.703806152415723,0.100147857727282,-0.910414848431638,-5.26134649936167,"chr19:46462235:CA:C"
1.57281820295369,1.37050542718929,0.100522528218832,0.638104206039684,-9.14823230938848,"chr19:46462327:A:G"
1.93780880629625,1.38065019962538,0.101624428057048,1.74775191414882,-8.31301260692384,"chr19:46462336:C:T"
0.977860834871891,0.358867161024458,0.137945571225716,1.66660365360001,-2.35524668896206,"chr19:46462773:C:CA"
-0.972950868868273,-0.610114897987812,0.0994221490818311,-1.15071761808466,-4.56986689879678,"chr19:46462927:A:G"
1.50066472083702,1.28750549249169,0.100499397251075,0.67239180370669,-8.70081311792619,"chr19:46463144:A:G"
-1.20956872215966,-0.870498926509204,0.122188897644813,-0.970003343340655,-5.76156063414203,"chr19:46463189:C:T"
0.374849451554026,0.0995072639496704,0.130405894459297,0.762472434617188,-0.837512623377593,"chr19:46463438:C:T"
0.966165188297157,0.708359288574625,0.0995403318590145,0.817134052984312,-5.33278110570145,"chr19:46463510:A:G"
-1.09255822303913,-1.14618218416231,0.102625984875675,0.167390274881315,-7.45645589064414,"chr19:46463526:C:T"
1.35369883110132,0.729215613217566,0.108580760856114,1.89515323665783,-4.4006463715278,"chr19:46463670:C:T"
2.07874501221918,1.66055874885853,0.106555126891356,1.28109869163325,-10.2369309837286,"chr19:46463751:A:G"
0.617328795485473,0.908860152884512,0.101732852415144,-0.914017822123018,-4.70763055302548,"chr19:46463912:A:C"
0.687891519931035,0.474128947718885,0.103054150307521,0.665884526806148,-4.00777040446115,"chr19:46463970:A:C"
0.743111437418867,0.425659273519954,0.102549457334394,0.991314842008356,-3.62513928697594,"chr19:46464150:A:T"
-1.30642143925109,-1.46010786491408,0.101394438691335,0.482645701320616,-8.77873411596863,"chr19:46464415:A:G"
-0.822083764185942,-0.678933419687194,0.0959419057084029,-0.462155607840239,-5.23677830943589,"chr19:46464655:C:T"
-2.32641517419362,-2.3430928027123,0.107300923516654,0.0509134546166896,-14.6038963517498,"chr19:46465265:T:TA"
1.46692245907096,1.61999449724235,0.102203317910903,-0.478810171280243,-9.60547897827637,"chr19:46465636:C:T"
1.62050305776308,2.65993587196924,0.128200476651529,-2.90303052991494,-8.16648003911068,"chr19:46466030:C:T"
1.29278831887447,0.303819755492285,0.121577953048022,2.83631899343226,-1.40413998022519,"chr19:46466039:A:G"
-2.02376140808521,-1.34402236404354,0.101032315523879,-2.13851382951807,-7.73365802451132,"chr19:46467164:A:G"
0.283111200492916,0.436948378205988,0.0989015432863447,-0.489169949211182,-2.95336654884325,"chr19:46467482:C:T"
1.15340430081741,0.438344085457602,0.101866667334288,2.24040517085075,-2.47251291409927,"chr19:46468097:A:T"
-1.67889833792241,-1.87362690792298,0.102870006709479,0.607135029077739,-10.8028518046584,"chr19:46468106:A:G"
-0.725121884098112,-0.733749753489662,0.105158002887078,0.0266061721852669,-5.08217591648511,"chr19:46468516:G:T"
0.427676323722607,0.62554880208222,0.139109882431,-0.530525668860513,-3.52335903028405,"chr19:46468761:G:T"
0.0924638811185643,0.174424129775053,0.115278432402481,-0.241395536882975,-0.428296708673512,"chr19:46468877:C:G"
0.954040088485337,0.638695360556217,0.101000067594633,0.992258304763575,-4.81034223884645,"chr19:46469056:A:G"
-0.208637955235285,0.102527626230351,0.0985860512676464,-0.991023189752207,0.657933919340759,"chr19:46469097:A:T"
-0.231083091105825,0.103431932032966,0.0985860512676464,-1.06538822092587,0.731395643604284,"chr19:46469167:G:T"
-0.849614904580132,-0.843988515499964,0.0974065319877157,-0.0180275089940523,-5.95984329472301,"chr19:46469469:C:T"
-0.854364231764094,-0.992423958398609,0.102158122657394,0.431947094878341,-6.16248701581478,"chr19:46469710:C:G"
-0.173072099310069,-0.580323122642674,0.114753640223802,1.2022061593575,-1.95221583006896,"chr19:46470450:C:T"
0.205474368035406,0.0465350226600212,0.0983943681283794,0.506694627410506,-0.296147575722989,"chr19:46470724:A:G"
-2.22149955324358,-2.25240886589453,0.106466928904857,0.0947287887222828,-13.9351671934788,"chr19:46470746:C:T"
0.197156052948426,0.166088780144682,0.0991219514649102,0.0986775161568079,-0.99462860649315,"chr19:46470976:A:G"
-0.112884210370681,-0.050078165804754,0.0983943681283794,-0.20022408721578,-0.177152244760065,"chr19:46471049:A:C"
0.276829826159911,0.461406926029364,0.0983457960423371,-0.588572434050985,-2.96417267168127,"chr19:46471050:C:T"
-0.17073049137431,-0.047864564930158,0.0983943681283794,-0.391693476992942,-0.254495498386298,"chr19:46471067:A:G"
-0.201120876241643,-0.0467016175227441,0.0983943681283794,-0.492284705066471,-0.291135247969058,"chr19:46471142:C:G"
0.820743423377562,0.844792390189394,0.0974065319877158,-0.0770552763629788,-5.8675205578696,"chr19:46471289:A:G"
-0.817696693012908,-0.844877220940141,0.0974065319877157,0.0870891089630578,-5.85698445020091,"chr19:46471345:C:T"
0.0583371905002336,-0.0130187837925173,0.0983678763970477,0.22751167742695,0.0239046350441022,"chr19:46471395:C:G"
0.796931343165267,0.845455394918914,0.0974065319877157,-0.155475877503776,-5.78115692234456,"chr19:46471726:C:G"
-0.784740651844712,-0.888095521028889,0.103621949779833,0.32107394315939,-5.65644604430761,"chr19:46471845:C:G"
-0.302617890179715,-0.487167317606496,0.0990856227109296,0.586283106799528,-3.16399995419984,"chr19:46471910:A:G"
-0.180122481585159,0.0176450914489579,0.0983678763970477,-0.630562930821337,0.0989628288288517,"chr19:46472263:C:T"
0.218888244959916,-0.0191177023555025,0.0983678763970477,0.758859126345392,0.129434481330228,"chr19:46472333:G:T"
-0.901453951968125,-1.42889800567793,0.121187942565516,1.51511882535742,-5.53035671714132,"chr19:46472448:A:G"
0.800916005243194,0.845344449139302,0.0974065319877158,-0.142353143466743,-5.79624975413845,"chr19:46472466:C:T"
-1.98947542046513,-1.02588152011487,0.208932466913955,-2.10809935874527,-4.26651565801962,"chr19:46472642:A:C"
-1.36657095477799,-1.47774266255716,0.100156806438551,0.351280500614324,-9.11504787996513,"chr19:46473289:A:T"
0.252176524566091,-0.0203822378461179,0.0983678763970477,0.869027461939021,0.157799142043756,"chr19:46473305:A:C"
-0.273564709407756,0.0211947195703779,0.0983678763970476,-0.939812157130594,0.176968972077049,"chr19:46473478:C:T"
0.137670798808515,0.523624710229727,0.183623970398671,-0.900680499045974,-1.10830063519086,"chr19:46473820:C:T"
-0.300343989633957,0.0222119950396981,0.0983678763970477,-1.02843880788634,0.201852582153591,"chr19:46474073:C:G"
-2.32378282849376,-2.87676387277343,0.108493214997486,1.678838634285,-14.6138076132227,"chr19:46474455:C:T"
1.50886869926232,1.39983935418877,0.10086278202452,0.343303263504882,-9.2642727951252,"chr19:46474854:C:T"
-1.47194843936671,-1.01510965225842,0.101232852913435,-1.43582738343156,-6.70474407185615,"chr19:46475312:A:G"
0.883300921313556,0.279040882321319,0.117112651883601,1.76572053081269,-1.99962453309397,"chr19:46475466:A:G"
-1.73750555547511,-1.66416754812505,0.0996871631452854,-0.232278753658249,-10.7547215382011,"chr19:46476305:A:G"
1.96236960158643,1.81393782491968,0.100746240367402,0.467640872058998,-11.7439734192506,"chr19:46476536:A:G"
-0.814273299462787,-0.543247631414109,0.101500144899067,-0.850701292147514,-4.31977106317162,"chr19:46476559:C:G"
1.9353212079238,1.84123385509939,0.0995567442366242,0.298191944401621,-11.9187964269005,"chr19:46476570:A:G"
0.16520527551202,0.718503982627633,0.129689992668246,-1.53640751429646,-1.64893411540384,"chr19:46476712:A:G"
0.561224101287109,0.39538443308608,0.0994430002726503,0.525897747620498,-3.69545545661333,"chr19:46476834:C:T"
0.789938452555174,0.502290806249893,0.102224462334682,0.899670348665022,-4.06910926338432,"chr19:46477079:A:G"
2.44449019724771,2.33145974856696,0.101723511466386,0.35439271010096,-15.4263049605721,"chr19:46477084:A:G"
-0.483526660749872,-0.330304728428961,0.09842136027548,-0.488400672743416,-3.3391662951472,"chr19:46477315:C:G"
-0.114895060450551,0.0286949458222596,0.103556660438423,-0.446205784620427,0.0982378874527882,"chr19:46477377:AG:A"
-0.485090801478907,-0.289098861439514,0.099177032387092,-0.62234708156935,-3.06984714382597,"chr19:46477456:C:T"
0.484043437637117,0.330284805762138,0.09842136027548,0.490111422760056,-3.33955391323504,"chr19:46477669:G:T"
-1.72140413519378,-1.7729996498989,0.098467909833153,0.16442376540191,-11.1238686081132,"chr19:46478069:C:T"
0.378992429333835,0.334334708707199,0.09842136027548,0.142348164305589,-3.09843771383934,"chr19:46478088:A:G"
1.76063588789417,1.77146792569608,0.0984679098331529,-0.0345193657344928,-11.2618364807799,"chr19:46478265:A:G"
1.72764667667118,1.77275592252987,0.0984679098331529,-0.143753427035586,-11.1474900279851,"chr19:46478384:A:T"
-0.098907282904956,0.00581790339943426,0.102764191733248,-0.326685784041706,0.0173025463717479,"chr19:46478402:A:G"
1.69814607571645,1.66621064562985,0.0996871631452854,0.101147033660871,-10.6771054426716,"chr19:46478415:C:G"
-1.24831909441406,-0.812428149812243,0.101648579019144,-1.36718470423426,-5.59669334300429,"chr19:46478442:A:C"
1.80625278151274,1.76968690661832,0.098467909833153,0.116527548367685,-11.3908866592411,"chr19:46478457:A:G"
1.75944769449351,1.77151431629717,0.098467909833153,-0.0384537183896021,-11.2580242513251,"chr19:46478686:A:G"
-0.136843831325717,0.00901890424100217,0.102764191733248,-0.455012626977624,0.0369960864490964,"chr19:46478729:A:C"
0.0400263342194455,0.0607408053373685,0.140511051579,-0.0552609831691699,-0.053569154602162,"chr19:46478914:C:T"
-1.76157162149803,-1.77143139187564,0.098467909833153,0.0314209593750459,-11.2648225978756,"chr19:46479053:A:G"
-1.70508489340439,-1.66585046096298,0.0996871631452853,-0.124264694355258,-10.6926402196952,"chr19:46479476:A:G"
-0.784464720290967,-0.696370490968589,0.168302905068807,-0.214734415476128,-4.30517548550606,"chr19:46479622:C:T"
1.07424069166274,0.684914321189365,0.103447641272756,1.21046859032225,-4.90347953873465,"chr19:46479958:A:T"
1.762391717599,1.77139937288694,0.098467909833153,-0.0287054525640623,-11.2674280168744,"chr19:46479992:A:G"
0.705238818424581,0.508955183454419,0.102224462334682,0.613912780372369,-4.19773666817997,"chr19:46480103:A:G"
1.77103156769449,1.6808292267152,0.100122705844741,0.285070002616155,-10.8624104608237,"chr19:46480837:G:T"
1.77172569608795,1.68079000530953,0.100122705844741,0.287387636802645,-10.8633689576522,"chr19:46480838:C:T"
1.79195954860702,1.77214735315082,0.0995686747957645,0.0627872179666428,-11.298278103356,"chr19:46480952:A:C"
-1.88547998946113,-1.04749610851429,0.09747219079183,-2.68407904285298,-5.94246110526467,"chr19:46481073:C:T"
-1.03973127078347,-1.07163043390194,0.09747219079183,0.102173654120988,-7.25843897474104,"chr19:46481791:G:T"
1.88828796348554,1.04741598003489,0.09747219079183,2.69332969263315,-5.94109178869223,"chr19:46482076:C:T"
0.96610981638055,0.821037016096399,0.100976944534026,0.456535844593404,-5.99353313951141,"chr19:46482124:AG:A"
-1.88843776703441,-1.04741170523374,0.09747219079183,-2.69382320865373,-5.94102107577451,"chr19:46482142:C:T"
-1.11623851066714,-1.06944721969057,0.0974721907918299,-0.149873435938084,-7.4723037512484,"chr19:46482150:A:C"
-2.43222287445515,-2.33236012585967,0.101723511466386,-0.31310704793222,-15.4010648672027,"chr19:46482704:C:T"
-0.71142166748979,-0.743018151590195,0.098353735116284,0.100749599969534,-5.20077895952019,"chr19:46483088:A:C"
-2.37182032800416,-2.25150939600545,0.1032521094946,-0.374417056277991,-14.6639029470782,"chr19:46483308:CTG:C"
-2.24021807358967,-2.13024450853922,0.181020694707183,-0.258478360492087,-10.2789353621614,"chr19:46483427:C:T"
-1.11407490534896,-1.06950896043413,0.09747219079183,-0.142745608227769,-7.46767187133192,"chr19:46483472:C:CAGG"
0.0536581104815132,0.18176095320334,0.100423411605422,-0.404241858252424,-0.297127852047831,"chr19:46483572:C:G"
-0.342881857205285,-0.0384073107065855,0.107470517226453,-0.928766030531561,-0.36047060975317,"chr19:46483829:G:GA"
0.305038797564174,0.745411183384517,0.0998935782594011,-1.39332135361035,-2.69255752792869,"chr19:46483943:A:C"
1.11474425140387,1.06948985994349,0.09747219079183,0.144950716210246,-7.4691136195792,"chr19:46483999:C:T"
1.11474649384476,1.06948979595309,0.09747219079183,0.144958103755538,-7.46911843646569,"chr19:46484015:A:G"
-0.673426051039282,-0.657866497268711,0.0984888140754559,-0.049579675932167,-4.85472752196471,"chr19:46484211:C:G"
1.11512271154071,1.06947906018714,0.09747219079183,0.146197523392658,-7.46992531976811,"chr19:46484391:C:T"
-0.0501315107437674,-0.181971412270377,0.100423411605422,0.416034536412771,-0.277958934364695,"chr19:46484443:A:C"
-1.23428984922667,-0.930672488678774,0.0995046687968062,-0.962509159866126,-6.6564048136429,"chr19:46484601:C:T"
-2.37916488476178,-2.27799372272007,0.101631107787869,-0.317353584892548,-14.9732850912651,"chr19:46484666:AC:A"
0.676861635604901,0.327715984517466,0.117112651883601,1.02024559723859,-3.04253941879075,"chr19:46484825:G:T"
-2.43325716813746,-2.19918936004479,0.0999518323180557,-0.740365730478105,-14.6868623571834,"chr19:46485428:AAATAAT:A"
0.874834306046333,1.07633594147707,0.09747219079183,-0.645413747277726,-6.45112117915664,"chr19:46485493:G:T"
1.0452273495157,0.775650815617364,0.101702341012935,0.845311174576458,-5.69275833524622,"chr19:46485976:C:G"
1.82818382458817,1.85132306107224,0.0992760772618808,-0.0734389942293799,-11.6823111517365,"chr19:46486202:C:T"
-2.4655412261974,-2.52464456834049,0.121952987450312,0.169244988633604,-14.6267531063142,"chr19:46486210:C:T"
0.750265636844484,1.23865931430059,0.0987653015534703,-1.55406019253659,-5.099900012905,"chr19:46486327:G:T"
-1.22229637350702,-0.783817008739946,0.113943538063932,-1.29898551890733,-5.21325994830101,"chr19:46486373:C:T"
-2.34404815163796,-2.28053692374021,0.101631107787869,-0.199221946724003,-14.8906418537002,"chr19:46486937:C:CGT"
2.28410984305973,2.28487773662234,0.101631107787869,-0.00240872764523925,-14.7018781144561,"chr19:46487009:C:T"
-0.213199235685466,0.416281616851548,0.178524247898929,-1.48982040525903,1.44241199862602,"chr19:46487206:C:T"
1.03075872169414,0.816801313564242,0.100976944534026,0.673311784402566,-5.99384017740232,"chr19:46487214:C:T"
2.33036443469762,2.28152791691602,0.101631107787869,0.153190332886249,-14.8528575371572,"chr19:46487350:A:G"
-0.87214690786128,-1.07641262919863,0.09747219079183,0.654267169429715,-6.43415217367016,"chr19:46487536:C:T"
0.468404208947569,0.262498542866682,0.0984382081437047,0.656275887229264,-2.86521873425922,"chr19:46488044:C:T"
0.474830210664462,0.262249666670839,0.0984382081437047,0.677550490826656,-2.87146053707813,"chr19:46488279:C:G"
-0.435006097118123,-0.298069536780749,0.0990768837846112,-0.435044062269311,-3.04936878035823,"chr19:46488780:A:T"
-2.13073349560524,-2.60809455067019,0.104731711637666,1.4750538792567,-13.5036406887252,"chr19:46488978:C:G"
-2.17989475806615,-2.60292577397923,0.104731711637666,1.30717312283382,-13.9982561193513,"chr19:46489801:A:G"
-0.285278848196792,-0.537859694934874,0.115656344443647,0.742703865241128,-2.89683175958321,"chr19:46490009:C:T"
0.149437165295197,0.0975810706434901,0.100409346903458,0.163648766154832,-0.444954342460003,"chr19:46490229:G:T"
0.45884873728957,0.262868622045071,0.0984382081437047,0.624640528157452,-2.8535851765323,"chr19:46490339:A:C"
0.926422242287583,1.07486382569158,0.09747219079183,-0.47546134497527,-6.75362710238146,"chr19:46490458:C:G"
-0.818428283085913,-0.830712896012606,0.100976944534026,0.0386589776099035,-5.72832253048783,"chr19:46491560:A:C"
-0.895452775171639,-0.825666362980335,0.100976944534025,-0.219613866751705,-5.9127421567171,"chr19:46491576:G:T"
0.898744919719785,0.825450666443302,0.100976944534026,0.230652842971818,-5.91838528267147,"chr19:46491702:C:G"
-0.975562958561176,-1.42713450661932,0.119865386239046,1.30430655280734,-6.16679398494586,"chr19:46492517:C:T"
0.219367446382461,0.353107912313804,0.103645100694492,-0.415420996315607,-2.07216793413003,"chr19:46492637:A:G"
0.147426008692734,-0.181532405169083,0.103662974511849,1.02171357993009,0.783297293429077,"chr19:46492929:C:T"
1.21091125706432,1.19588825259996,0.0994985744931828,0.0476264670922587,-8.05532852372818,"chr19:46493671:A:C"
-1.19417427089891,-1.11599078784384,0.100638566833718,-0.246452252880962,-7.70035310969763,"chr19:46493759:C:CCGGCCT"
-1.9938328322455,-0.605352535855723,0.138805994739755,-3.72679590624056,-3.0351621119149,"chr19:46493903:C:T"
0.870481091099914,1.07646016502442,0.09747219079183,-0.659755071854523,-6.42357436577058,"chr19:46494128:A:C"
0.129120490597405,-0.0988364500446295,0.103375498456977,0.708996369689604,0.37917445186239,"chr19:46494265:C:T"
-1.31818735633267,-1.19053317504652,0.0994985744931828,-0.40469385991594,-8.21055132759165,"chr19:46494979:C:T"
-0.86744481714215,-1.07654680828151,0.09747219079183,0.669757837825968,-6.40417762844209,"chr19:46495033:C:T"
1.47558049705027,0.0517246404762038,0.198713731611382,3.19412631253821,-0.172379110913959,"chr19:46496429:C:T"
0.800857945719055,0.602026797415803,0.102883989075463,0.619884137853765,-4.67562908395016,"chr19:46496434:C:G"
2.21770518455255,2.60646740684973,0.128463694583983,-1.08466056800947,-12.7539874558087,"chr19:46496515:C:T"
-2.18724546945381,-2.34884136374805,0.0991209754911257,0.513271959032697,-14.5937586188837,"chr19:46496720:A:G"
-1.67409666016213,-1.88571264546369,0.104127975396463,0.655789952865051,-10.712720305842,"chr19:46496826:C:T"
0.859082642362717,1.07678543169602,0.09747219079183,-0.697306365559103,-6.34998146806487,"chr19:46497232:A:G"
-2.23672115110292,-2.34656873868798,0.0991209754911257,0.348905439219509,-14.8923826361387,"chr19:46497246:C:T"
-0.859026186742653,-1.07678704271627,0.09747219079183,0.697492354163282,-6.34961171768699,"chr19:46497306:A:C"
-0.858801491519458,-1.07679345462977,0.09747219079183,0.698232594920147,-6.34813958790619,"chr19:46497308:A:C"
-2.19570838132713,-2.34845262679763,0.0991209754911258,0.485156745138957,-14.6476045130114,"chr19:46497431:G:T"
-2.15338406055088,-2.35039675993214,0.0991209754911257,0.625765243649144,-14.3670316016932,"chr19:46497587:G:T"
2.26025633643244,2.34548766915664,0.0991209754911257,-0.270717602754553,-15.0206462494218,"chr19:46497668:A:G"
-0.931522253600792,-0.916403821841832,0.0999428171654417,-0.0478223540521624,-6.37138671979529,"chr19:46497711:A:C"
0.14724274029458,-0.370183431509344,0.10587222601859,1.59022058011505,1.46122318123116,"chr19:46497800:A:C"
-2.20199277819967,-2.3481639581559,0.0991209754911257,0.464278923780385,-14.6868542534124,"chr19:46497948:A:G"
-2.22128900023369,-2.34727760194418,0.0991209754911257,0.400173634968622,-14.8034369499048,"chr19:46498116:C:T"
0.274699264164951,0.45464110402501,0.120793222136164,-0.517738991775554,-2.61810120455273,"chr19:46498403:A:C"
0.84138034682325,1.07729058523775,0.09747219079183,-0.755625187214039,-6.23152861329414,"chr19:46498501:C:T"
2.22586919127997,2.27426127783928,0.0992976384366226,-0.153569471034819,-14.6198079754971,"chr19:46498797:C:T"
1.1381881606782,-0.745318724977852,0.170885929246926,4.5563183437954,4.44697120844415,"chr19:46498815:A:C"
0.29820704483654,0.22625588311086,0.101749207769291,0.225565300931179,-1.89234484472985,"chr19:46499075:A:C"
-0.27425840356728,-0.228020120762351,0.101749207769291,-0.144955994111663,-1.77418003115613,"chr19:46499089:C:T"
-0.267931848439784,-0.228486182558286,0.101749207769291,-0.123661290263992,-1.74155660805442,"chr19:46499658:A:C"
0.860010427402835,1.07675895637828,0.09747219079183,-0.694249850647323,-6.35605051142455,"chr19:46499817:A:G"
-0.854846310760968,-0.124510685126022,0.159008719448972,-1.83152147792765,-1.05151522619031,"chr19:46499833:C:T"
0.264817634968419,0.228715599024922,0.101749207769291,0.113179084347111,-1.72529264347751,"chr19:46499848:C:T"
1.01501768749026,1.7000516908256,0.100879347795082,-2.15680556987616,-5.91494077329199,"chr19:46499861:A:G"
-1.5606127461496,-1.68468872679497,0.0990626473731928,0.394214642432806,-10.2458820290608,"chr19:46500293:G:T"
-1.37702862996841,-1.37361679258972,0.0989694220838733,-0.0108452060009181,-9.004935329,"chr19:46500649:C:T"
0.346462255352453,0.0669286245557908,0.102314561295763,0.873907249970442,-0.66118994189803,"chr19:46500915:A:G"
-1.36983886867586,-1.37393555049561,0.0989694220838733,0.0130221207297095,-8.98653825164695,"chr19:46501038:C:T"
-1.41074257899432,-1.2895608768898,0.0986233941786201,-0.385875384988063,-8.7680997962646,"chr19:46501228:A:G"
-0.946035577011503,-0.819556737736808,0.0977893934207917,-0.404456663783818,-6.04977311718847,"chr19:46502477:A:G"
-1.62341536754085,-1.58834325653645,0.0986910777773979,-0.111640805452714,-10.2768633756909,"chr19:46502549:C:T"
1.48777504074587,1.38122907772566,0.137005023738259,0.287851669730962,-8.09855753728543,"chr19:46502587:C:T"
1.41596456673506,1.28934842732931,0.0986233941786201,0.403180106322954,-8.77097710872969,"chr19:46502641:A:G"
-0.948165648920577,-0.819488824227562,0.0977893934207917,-0.411485427286373,-6.05186408168537,"chr19:46502774:C:T"
1.41540947144862,1.2893710106358,0.0986233941786201,0.401340621107173,-8.77069296172877,"chr19:46502952:C:T"
-1.66535329694798,-1.58660711594821,0.098691077777398,-0.250663185687203,-10.3544663490919,"chr19:46503423:A:G"
-0.355231482147455,-0.0662303028571224,0.102314561295763,-0.903505689501618,-0.667989182878251,"chr19:46503974:A:G"
0.772141936410514,0.935490089892369,0.114496695456671,-0.482744965492773,-5.41188430751007,"chr19:46504087:C:T"
-0.353236938638565,-0.066389134763714,0.102314561295763,-0.896773582233759,-0.666494783250333,"chr19:46504246:G:T"
-1.38406689761263,-1.06660690655433,0.102480019028033,-0.991675082506472,-7.33197045470729,"chr19:46504263:C:T"
-1.89622150715413,-3.6506464460384,0.139182089948736,4.70265496233504,-10.1167078510388,"chr19:46504599:C:T"
0.990624666636311,1.11390461608116,0.103243577289784,-0.383672724091737,-6.94931252739615,"chr19:46505164:C:G"
0.394883324574988,0.13155310018726,0.111105319179012,0.790011264043719,-1.32187369045513,"chr19:46505168:G:T"
-0.6846800172421,-0.628165758046943,0.100137527134574,-0.178591015974104,-4.75200499625496,"chr19:46505359:C:CTTTA"
0.114921169974476,0.321989973267636,0.105237821927048,-0.638305737366381,-1.03147547934486,"chr19:46505532:C:T"
0.344823195951081,0.0670591481209924,0.102314561295763,0.868374994765565,-0.659853735311156,"chr19:46505705:C:T"
-0.74168229249576,-0.624935955786814,0.100137527134574,-0.368930729713823,-4.81787729620656,"chr19:46505727:C:T"
2.11214006211539,1.47636703528389,0.100138690280947,2.00909811050759,-8.68460732509221,"chr19:46506021:C:T"
-0.937060398562892,-0.819842895148678,0.0977893934207917,-0.374840571275442,-6.04014509472633,"chr19:46506036:C:T"
-2.19771271482082,-1.818923714197,0.101023260022834,-1.1917541414352,-11.6396643418119,"chr19:46506071:A:G"
0.338490492756343,0.0675634416186392,0.102314561295763,0.847000461188083,-0.654499984428308,"chr19:46506136:C:T"
-1.55822048502699,-1.44113394127588,0.0995725725129026,-0.37105400419718,-9.54531917158251,"chr19:46506431:C:T"
1.65713967109119,1.7515808700123,0.132148614582358,-0.259794638767264,-9.48926568243165,"chr19:46506588:AG:A"
-1.14982624594801,-1.19571939126545,0.102514020892611,0.143336299889119,-7.77077743275863,"chr19:46506652:C:T"
-0.548345806019019,-0.380501906888912,0.101771469459839,-0.526129359462264,-3.59965194957382,"chr19:46506734:C:T"
-0.550497216978923,-0.380342912338717,0.101771469459839,-0.533371637420693,-3.5987950369259,"chr19:46506792:C:T"
1.7504205702097,1.6608906773765,0.099012717659271,0.284526403403344,-10.7977664413283,"chr19:46506889:C:T"
-0.47408934073602,-0.43328954536472,0.101046116722562,-0.128350679132459,-3.753531255047,"chr19:46507058:A:T"
1.12347753435169,0.990508924102258,0.100733968708748,0.418948999259942,-7.03379600084447,"chr19:46507248:C:G"
-0.947606012320476,-0.819506667233357,0.0977893934207916,-0.40963875098745,-6.05132192663149,"chr19:46507267:AT:A"
1.94015643236202,1.93443548113493,0.0989118420709757,0.0181904775360916,-12.3596938927548,"chr19:46507591:A:G"
-1.51714591604536,-1.47419943823889,0.0996554413767776,-0.136043263986876,-9.61214843508522,"chr19:46508034:A:C"
-1.76556949229285,-1.6602121293319,0.099012717659271,-0.334826174886514,-10.817612345092,"chr19:46508083:C:T"
-1.51625801962335,-1.4742452305379,0.0996554413767776,-0.133085581130363,-9.61046675480958,"chr19:46508122:A:G"
1.21112840119928,1.31822475634398,0.0998845203847241,-0.338864127374188,-8.29103467856653,"chr19:46508379:G:T"
-0.93988824819056,-0.819752734252685,0.0977893934207917,-0.384171846040881,-6.04332128117092,"chr19:46508719:C:T"
1.0351487098707,0.996069633924966,0.100733968708748,0.123127854978371,-6.9063701748394,"chr19:46508725:C:T"
-1.9330726748218,-1.93474523534727,0.0989118420709758,0.00531811467336365,-12.3367543432526,"chr19:46508823:A:G"
-1.09265111166009,-0.992449590611382,0.100733968708748,-0.315708548723866,-7.00510976969727,"chr19:46509026:T:TGTCACCCA"
-0.937647126912997,-0.819824188371187,0.0977893934207917,-0.376776644323305,-6.04081488925118,"chr19:46509147:C:T"
1.91889955736236,1.93536498874937,0.0989118420709758,-0.0523538914907968,-12.2884055693148,"chr19:46509283:C:T"
1.10502844600871,0.991670379916611,0.100733968708748,0.357161350022676,-7.01865548527093,"chr19:46509492:A:C"
1.50220222212651,1.56756546152607,0.100347789994562,-0.206338211358986,-9.77975791743316,"chr19:46509626:C:T"
-0.44252861735779,-0.435380394736159,0.101046116722562,-0.0224873487655228,-3.68577505319787,"chr19:46509781:A:G"
0.34863042201337,0.441601005726663,0.101046116722562,-0.292472975669294,-3.33536798479724,"chr19:46510013:C:T"
2.00850459481993,1.99314106366177,0.0990505347980822,0.048816049778789,-12.7902603555368,"chr19:46510020:A:G"
2.08117313844253,1.98985710772855,0.0990505347980822,0.290147353173296,-12.9739725260499,"chr19:46510743:A:G"
-0.925675557326587,-0.82020588032176,0.0977893934207917,-0.337273127555214,-6.02602937236613,"chr19:46511093:CAGTG:C"
-0.399250547292581,-0.438247500299888,0.101046116722562,0.122679179075133,-3.55357166139011,"chr19:46511112:A:G"
-0.398037630388859,-0.43832785417883,0.101046116722562,0.126747635344251,-3.54917070191327,"chr19:46511235:A:G"
-0.988458145882573,-0.818204170477866,0.0977893934207917,-0.544441704897091,-6.07742994954887,"chr19:46511273:C:G"
1.93679495222857,2.01062602087367,0.0992015465393531,-0.23441205011398,-12.5489776772384,"chr19:46511678:C:T"
-2.06723998771372,-1.90733907095084,0.0991881329830704,-0.507716287652177,-12.4883305706865,"chr19:46512232:A:G"
-0.447403345061078,-0.174189468667601,0.104083977332696,-0.846858426876426,-1.95464537634923,"chr19:46512365:G:T"
0.41954349141534,0.176928211034941,0.104083977332696,0.752014492789624,-1.91465144106266,"chr19:46512922:A:G"
-0.514721361595991,0.38616004587302,0.237120197689691,-1.85004950522605,2.29690119411948,"chr19:46513374:C:T"
0.42140575361648,0.40745040450503,0.107014279964201,0.04265990053763,-3.45575333571853,"chr19:46513432:A:C"
0.906448477766019,0.82081890114984,0.0977893934207916,0.273828041734173,-5.99735504035492,"chr19:46513514:A:C"
-0.905346303277958,-0.820854041999773,0.0977893934207917,-0.270191111083059,-5.99552718279999,"chr19:46513611:C:T"
0.441085620909994,0.323169394546028,0.101470222991225,0.370172596096841,-3.18638721353333,"chr19:46513627:C:T"
-1.95675862653185,-1.8613216153651,0.108519593393962,-0.289709509610732,-11.5321610826851,"chr19:46513644:C:T"
0.424344101405739,0.324353416284564,0.101470222991225,0.313899220134118,-3.14964151457709,"chr19:46513812:C:T"
0.185491863458037,-0.483329061851096,0.102851185980347,2.08547601976344,2.14441439773392,"chr19:46514810:C:CCA"
-0.139238201934329,-0.600629190024099,0.102145399619268,1.44364264205205,-1.64532931350485,"chr19:46515194:C:T"
-0.878279480183082,-0.821717018940962,0.0977893934207917,-0.180876615413142,-5.94437481752775,"chr19:46515265:C:T"
0.876038804830526,0.821788458841939,0.0977893934207917,0.17348288514893,-5.93960094342297,"chr19:46515406:A:T"
0.0569755852991075,0.437234794630027,0.1049058898149,-1.17403164995166,-0.656108040078302,"chr19:46515748:A:G"
-2.01104297687776,-2.29593275197691,0.110497196978162,0.857040275964701,-12.5020658602126,"chr19:46515898:CAG:C"
1.99955386481332,2.47795455493798,0.112017182380431,-1.42938583913179,-12.0456312540112,"chr19:46516460:A:G"
0.236523882910077,0.525463000935944,0.127541501038607,-0.809059721850612,-2.38530637099627,"chr19:46517823:A:G"
-0.829404256071256,-0.823275317499169,0.0977893934207917,-0.0195992472860877,-5.82156520732817,"chr19:46517989:A:T"
-1.97230189205249,-2.24547342131772,0.111354826071727,0.818617287808103,-12.195775172152,"chr19:46518122:TTTTC:T"
0.13814578281263,-0.0410093497104032,0.103296003669956,0.557426350437539,0.168830813274582,"chr19:46519240:C:T"
-0.144472740013401,0.0415787093478507,0.103296003669956,-0.578883668865715,0.178896150454148,"chr19:46519527:A:C"
0.773189594386163,0.825067620815326,0.0977893934207917,-0.165896632302711,-5.63216078947719,"chr19:46520820:A:G"
0.770191669797453,0.825163204245356,0.0977893934207917,-0.175789116609363,-5.62062393455895,"chr19:46520884:A:G"
-1.42109278314691,-2.07671702012402,0.119870949554135,1.89364265338679,-7.7396310909711,"chr19:46521428:C:T"
1.54839301409586,1.66816638392177,0.147666502182214,-0.311687420461986,-8.61622949439513,"chr19:46522106:C:G"
1.36369410550117,2.09192135185446,0.119870949554135,-2.10334227637951,-7.23503207602799,"chr19:46522174:A:G"
-1.82260688149918,-2.0524539995923,0.125215423940655,0.649546352962228,-10.6409417031861,"chr19:46523625:C:T"
-0.798840728682397,-0.355539702383923,0.100963584593049,-1.39513539201008,-2.92251228979891,"chr19:46523698:C:T"
1.34933858831157,0.888083049723339,0.14132971517533,1.22694431363722,-5.35064775562518,"chr19:46524028:C:T"
-2.0426609375703,-1.29547427118099,0.110073865111628,-2.25209654867227,-7.05957860898165,"chr19:46524041:C:G"
0.735277281463897,-0.168706488386387,0.137054191529192,2.44182464196546,1.64584058770509,"chr19:46524043:C:T"
0.7537330296239,0.675420563009928,0.107611833336044,0.238726641366914,-4.9122577874436,"chr19:46524820:G:T"
-0.712630189763193,-0.680991253197479,0.107611833336044,-0.0964476971461689,-4.85478143098714,"chr19:46524865:C:T"
-0.0341039297698705,-0.160924635272482,0.11919504832172,0.367333940647648,-0.141602810347189,"chr19:46525391:C:T"
-2.83755783566441,-2.4254357151282,0.113044150029713,-1.22574993643332,-15.3052902440821,"chr19:46525641:C:T"
-1.12290378129859,-1.23214755720266,0.10323947123551,0.339996007245713,-7.70070322509911,"chr19:46525856:C:T"
0.171145872475513,0.759708446460044,0.16301579354878,-1.45773238150343,-1.60398750506966,"chr19:46526447:C:T"
0.0436133868312419,-0.343335703150282,0.109398539213039,1.16989818757629,0.402949801668601,"chr19:46528326:C:T"
0.0513339704463169,-0.191282727857754,0.102421711174507,0.758096819407253,0.293009551599552,"chr19:46529087:A:G"
1.68582986283097,1.72974210441632,0.109438375783592,-0.132739686505961,-10.3649038517143,"chr19:46529773:A:C"
-1.12173890405811,-1.23225168901788,0.10323947123551,0.343945504674985,-7.69564634015681,"chr19:46530306:C:G"
0.329591419033959,0.432226918589442,0.103334283874237,-0.319282697107949,-3.17401343908825,"chr19:46530434:A:G"
-1.17031064046491,-1.22790971811727,0.10323947123551,0.179263818563297,-7.88541940117484,"chr19:46530712:C:G"
-1.15960332350892,-0.979764534085972,0.103929505016586,-0.557845508912379,-6.90616431311626,"chr19:46530730:C:G"
-0.341830266325283,-0.446108479836561,0.102121283836667,0.326313806400396,-3.29461435372708,"chr19:46530821:C:T"
0.0782266481901101,0.0483977729998119,0.103330761561328,0.0927944627883165,-0.113266412257391,"chr19:46530867:A:C"
-0.25141992203527,0.234520622271415,0.11919504832172,-1.40751823097973,1.4582729342834,"chr19:46530906:C:T"
0.498366871357154,0.346802484469097,0.101601479309465,0.475496310393538,-3.40760653325228,"chr19:46531009:A:G"
0.48448845692241,0.347803238915753,0.101601479309465,0.428816545772756,-3.39902444304656,"chr19:46531043:C:T"
0.339309360910845,0.446304086289853,0.102121283836667,-0.334814482599601,-3.28132087509389,"chr19:46531220:G:T"
-0.389292481438088,-0.556217627952133,0.102889741154764,0.52039813176809,-3.6330938831516,"chr19:46531366:C:T"
-0.443799079657657,-0.36121368720562,0.101386936584373,-0.259365517527539,-3.39882300034496,"chr19:46531508:C:G"
0.294493327124808,0.449781529501145,0.102121283836667,-0.485937404374667,-3.01340774893863,"chr19:46531730:C:T"
-0.280736310803053,-0.450848987706926,0.102121283836667,0.532327062847699,-2.91904158683178,"chr19:46531733:C:T"
0.438552657294501,0.361580122662615,0.101386936584373,0.241737923468728,-3.38803299415212,"chr19:46531763:A:C"
0.428927830129927,0.362252367041057,0.101386936584373,0.209399210647043,-3.36616912975399,"chr19:46532068:A:G"
-0.582806198168671,-0.457104501543422,0.101844692068629,-0.393887265170631,-3.95737553268311,"chr19:46532179:C:T"
-0.576484954855461,-0.457576541060557,0.101844692068629,-0.372600459443955,-3.95637708257114,"chr19:46532224:C:T"
-0.495101432134082,-0.337515110504728,0.104978809314302,-0.48637102792961,-3.31457581071687,"chr19:46532238:C:T"
0.264040443956473,-0.139756124949817,0.102549025812599,1.26094706425065,1.07130961248196,"chr19:46532327:C:T"
0.0234101855608929,-0.0494428181840723,0.102725030627414,0.227305174743131,0.0348942072604388,"chr19:46532370:C:T"
0.636730076737312,0.453077730172593,0.101844692068629,0.575476087217869,-3.93828329326043,"chr19:46532445:C:T"
-0.619208267464365,-0.454386173144768,0.101844692068629,-0.516471342187131,-3.94981333242097,"chr19:46532466:C:G"
1.7945786680856,1.77215349889871,0.108572812179695,0.0680573735437201,-10.8410116824906,"chr19:46532679:C:T"
-0.820220572149859,-0.948631767821353,0.102412572088932,0.401260354998626,-5.93472205455612,"chr19:46532807:A:G"
0.814456874035578,0.949096710545243,0.102412572088932,-0.420723662857523,-5.90610472488843,"chr19:46533031:G:T"
-0.289905450785613,0.130946098644285,0.102949036274804,-1.31164946881084,1.09031236438518,"chr19:46533292:A:G"
-0.829037053053781,-0.959734528795809,0.102898680997626,0.407438717279921,-5.97915516101315,"chr19:46533571:A:C"
-1.12816252488933,-1.23167746258932,0.10323947123551,0.322166322218595,-7.7232235684618,"chr19:46533791:C:T"
1.90287609812608,2.13724042171666,0.1248363713345,-0.663316702595804,-11.1019947439417,"chr19:46533828:C:T"
0.0864783124684472,0.0471100501599006,0.101679430610178,0.1234609723172,-0.123804723148534,"chr19:46534040:C:T"
-0.0887835865827855,-0.046941923633868,0.101679430610178,-0.131217688770592,-0.126634704856122,"chr19:46534048:A:G"
-0.0525945365345993,-0.0495812363416877,0.101679430610178,-0.00944987027328615,-0.0793641731538378,"chr19:46534363:A:G"
-0.0521074070213488,-0.239169840947589,0.102698672928853,0.583719450470163,-0.367576616092233,"chr19:46534412:C:G"
0.75841242859486,0.965793902653507,0.102898680997626,-0.646494825537804,-5.58824687582261,"chr19:46534546:C:T"
-1.93983749956508,-1.67273515421262,0.107505609596475,-0.814633261536308,-10.5221954494914,"chr19:46534646:GCGGCCTGTAC:G"
0.0583371905002336,-0.0968353052532802,0.108306856557287,0.47150550714654,0.161037558738061,"chr19:46534647:C:T"
0.0527085009731709,0.116224133362935,0.101656355473143,-0.199211019789508,-0.185778260679871,"chr19:46534761:A:G"
0.065086736891037,0.115324387117225,0.101656355473143,-0.157565833116073,-0.227524601472511,"chr19:46534816:C:T"
-1.46109557107928,-0.932661170942726,0.107172991084242,-1.61416678262073,-5.90371548023028,"chr19:46534851:A:G"
-0.270480228862646,0.129269153151994,0.102949036274804,-1.24588127401989,1.01129737856758,"chr19:46535182:C:T"
-1.69363926933943,-1.36246583548153,0.103005524709416,-1.03187058353864,-8.85913714502841,"chr19:46535429:C:G"
-2.23933994849811,-2.1611891368341,0.106186694444405,-0.23982720279213,-13.6515019884439,"chr19:46536294:A:T"
-0.931447108464944,-1.41241286070382,0.141401737622798,1.2790478140971,-5.53508577553053,"chr19:46536365:A:C"
-0.119335421622866,0.162929501149305,0.115082807576,-0.83205433428889,0.516799041754526,"chr19:46536432:C:G"
-1.94944275396803,-1.69995938342013,0.107469142968968,-0.761026377768869,-10.6970594802655,"chr19:46537572:C:T"
-1.96489999030471,-1.40598227855838,0.108888416097775,-1.69378012331366,-8.24593900120287,"chr19:46537709:A:G"
-1.11698086213221,-1.10686863417053,0.115209936047249,-0.0297921525875322,-7.06441112948468,"chr19:46537794:CGTTGA:C"
0.944184038124094,-1.40488225831971,0.220638338255101,5.00097616691689,4.81693529411701,"chr19:46538512:C:T"
0.423464147595023,0.492614981757899,0.135554334764917,-0.187819516549418,-3.37685635034775,"chr19:46539079:A:G"
2.44757802572963,3.03626049341435,0.140558100099318,-1.5701934543861,-13.2932863357481,"chr19:46539194:A:G"
-1.02672740513237,-1.24785561501465,0.141504083693177,0.587840715776747,-6.30587665196247,"chr19:46539761:C:T"
-1.7163254221421,-2.21086519562915,0.113786729693999,1.46607239951771,-10.0760913239607,"chr19:46540315:C:T"
3.2297804126697,2.90684308540768,0.128161360839724,0.902068861131685,-17.9382096290578,"chr19:46540418:C:T"
-0.261253270367484,-2.52812689101625,0.167052293732176,5.54627101252487,-1.2472174180707,"chr19:46540979:C:T"
-1.4631018340998,-0.701354189080098,0.108815875401586,-2.30921829800754,-3.90743139113918,"chr19:46541332:A:G"
1.1846011934412,-0.621128224751167,0.175590001188891,4.30926083788081,3.57391415620883,"chr19:46541756:G:T"
-1.38276131824063,-0.713263522624745,0.108815875401586,-2.02956526379797,-4.1740125384028,"chr19:46543475:C:T"
-0.733616857458528,-0.997019553848807,0.102821719311881,0.821443666835175,-5.41498700345156,"chr19:46544410:G:T"
-0.763153546474287,-0.874896816888905,0.102170308122766,0.34959002017931,-5.57215702533735,"chr19:46544515:A:G"
-0.169834865050354,-0.586201181396166,0.103692336178457,1.29301111633393,-1.976710472759,"chr19:46544881:C:T"
0.721677048546285,0.878136589224859,0.102170308122766,-0.489485351378382,-5.36718057096747,"chr19:46544896:C:G"
0.26378276703062,0.577353954617377,0.103692336178457,-0.973784418658313,-2.82100176332509,"chr19:46545031:A:G"
1.31231720930706,0.728405893463096,0.107094540954859,1.78428089306845,-4.540258510254,"chr19:46545260:A:T"
-1.7993291348193,-2.10843714938709,0.114734558081387,0.912563600421824,-10.9079084002395,"chr19:46545308:C:T"
1.68745210372833,1.00906342090441,0.124277787395146,1.92434013545697,-5.57532069454424,"chr19:46545648:G:T"
0.242976811877308,0.579313285264582,0.103692336178457,-1.04448122205232,-2.65272722559134,"chr19:46545791:A:C"
0.759050329035046,0.875217323465214,0.102170308122766,-0.363429688215924,-5.55315758359101,"chr19:46545809:A:G"
0.77359817769697,0.87408097589497,0.102170308122766,-0.314361512056813,-5.61924293829419,"chr19:46546059:C:T"
0.743664980085514,0.876419089052855,0.102170308122766,-0.415322653977993,-5.47940900203351,"chr19:46546671:A:C"
0.071465665014615,-0.459369056416427,0.158866468321071,1.3318128516443,0.596692472124359,"chr19:46546758:C:T"
0.866300512411236,1.0170641413022,0.105159711978867,-0.464913212211395,-6.1691330157187,"chr19:46547362:A:G"
-2.36189815100504,-1.79119448325591,0.112813606341167,-1.69914296735984,-10.3646078264708,"chr19:46547902:C:T"
-2.36451040137083,-1.80353663418741,0.11280468907153,-1.67024036988315,-10.4724425340512,"chr19:46547952:C:T"
0.995649324872357,0.910495222311616,0.099534775424953,0.269909490763325,-6.51088896517115,"chr19:46548204:C:T"
-2.15186327388383,-1.51852071344587,0.116180998547472,-1.85810871834824,-8.4240962461445,"chr19:46548205:A:G"
-1.99171717270928,-1.57968782122513,0.10916278217929,-1.2470700718309,-9.66717193815178,"chr19:46548387:C:G"
-0.999926002231542,-0.910280102698668,0.0995347754249531,-0.284146956685722,-6.51748601951841,"chr19:46548513:A:G"
0.989270136552517,1.18279062512725,0.130189726729214,-0.536338032005333,-6.32374168157402,"chr19:46548790:A:G"
0.989868338140692,1.18256703252493,0.130189726729214,-0.534060446401384,-6.32663635346305,"chr19:46548791:A:C"
1.01241161610018,0.909652068316517,0.099534775424953,0.325712753458624,-6.53493980798734,"chr19:46549439:A:G"
-0.947532670684798,-0.969662206367987,0.105081880408976,0.0682666173554697,-6.43772411338321,"chr19:46549529:A:G"
-1.08543350815451,-0.905979020331688,0.099534775424953,-0.568809581298822,-6.58331714818165,"chr19:46549682:A:C"
-0.965691578248078,-0.9120021161728,0.0995347754249531,-0.1701773012963,-6.45582407526638,"chr19:46550142:A:G"
0.365678520395949,0.427878036720359,0.114218394896598,-0.184042863239732,-3.19640528663385,"chr19:46550593:C:T"
-1.02832821551055,-0.908851453162006,0.0995347754249531,-0.378700627612665,-6.55329136879754,"chr19:46550661:G:T"
-1.02903003384037,-0.908816151250083,0.0995347754249531,-0.381037047621774,-6.55400006388516,"chr19:46550710:G:T"
-1.03246805036929,-0.90864321681456,0.099534775424953,-0.392482531828356,-6.55734923465658,"chr19:46551098:A:C"
0.856902039389718,0.917474299722592,0.099534775424953,-0.191993426613448,-6.1260555607092,"chr19:46551133:C:T"
0.616836957400101,-0.137036404213087,0.109210711514385,2.28121269273415,1.57930705443666,"chr19:46551864:G:T"
1.04166923709002,0.908180391223602,0.0995347754249531,0.423114158060529,-6.56531206892401,"chr19:46552377:A:C"
1.23531011694656,0.434342217558642,0.107949526755782,2.43783742380531,-2.28314562002193,"chr19:46552554:CCT:C"
-0.993339760551951,-0.910611394877601,0.099534775424953,-0.26222073134901,-6.5071950099012,"chr19:46553215:A:G"
0.980390487070574,0.911262751635522,0.099534775424953,0.21911136760073,-6.48477799042763,"chr19:46553546:C:T"
-1.05042102887025,-0.907740170486267,0.0995347754249531,-0.452249705768736,-6.57153574567658,"chr19:46553795:A:C"
0.945222404735685,0.913031728723306,0.0995347754249531,0.102033474706996,-6.40929408033512,"chr19:46553971:G:GT"
3.69481530001873,3.47990254672276,0.122858956312421,0.613138768449304,-23.7228927773281,"chr19:46554052:C:G"
0.967602712214907,0.911905984909036,0.099534775424953,0.176539648146586,-6.4597995387225,"chr19:46554229:A:G"
-1.05275350326672,-0.907622845528768,0.0995347754249531,-0.460014735006524,-6.5729725427126,"chr19:46554252:C:T"
0.362666061274711,0.428496324745692,0.114218394896598,-0.194785922672371,-3.18328319582406,"chr19:46554342:C:T"
-0.681134864860289,0.146835537813731,0.109210711514385,-2.50542954289624,1.54867222649106,"chr19:46555284:A:C"
-0.651097076254842,-0.726445266027619,0.118828133108772,0.218581391263951,-4.61191811478576,"chr19:46555729:A:C"
-1.79822100999001,-1.60638810866412,0.109756766026774,-0.579038504586232,-10.0763816667972,"chr19:46556089:C:T"
0.743329406214693,0.916945213787549,0.102683397786281,-0.541800185365392,-5.49486177791968,"chr19:46557558:A:G"
-1.41688571387203,-0.944013355015022,0.107335983613356,-1.44334867677236,-6.1489658577301,"chr19:46558260:A:G"
0.181777737832076,0.339821608398466,0.118772451089042,-0.458584949885687,-1.50533970752037,"chr19:46558274:C:T"
-0.796138548577871,-0.436829204586601,0.103565102758795,-1.11650787641015,-3.57404417991358,"chr19:46559843:C:CA"
-0.864192513071733,-0.471718851301419,0.101648232352161,-1.2310072251559,-3.67733804116928,"chr19:46559980:C:T"
-0.0115762256081669,-0.639951812325165,0.123353560447684,1.78913643098466,-0.133153876681225,"chr19:46560185:C:T"
0.0225617856386658,-0.650249160378568,0.123353560447684,1.91565458641349,0.257518988182379,"chr19:46560380:C:G"
-1.00008849013971,-0.480268776428604,0.105761867494215,-1.59841000882202,-3.29207917257454,"chr19:46560776:A:G"
0.752929937588862,0.845094696173356,0.0993180833071703,-0.292449393463413,-5.54868314594302,"chr19:46561094:A:G"
-1.81802451894395,-1.62529305446727,0.102648304495612,-0.601556925858758,-10.4926851469543,"chr19:46561369:A:G"
1.01814313853624,-0.00413678331848629,0.120806557509438,2.94120013102059,0.01902817348186,"chr19:46561479:A:G"
-1.39950129757215,-0.823784368624096,0.137679871633293,-1.55157857449356,-4.77396101619065,"chr19:46561525:A:G"
-0.226775828571338,-0.785710382277728,0.103239450103097,1.73955481169198,-1.87082254843224,"chr19:46561728:A:G"
-1.00691362842389,-0.636857493360376,0.0993000630609751,-1.17433727590963,-4.71841195480014,"chr19:46561890:C:T"
-0.23906823140807,-0.784611530842217,0.103239450103097,1.69787762310272,-1.98197576723369,"chr19:46562051:C:G"
-0.69416912160336,-0.8479160429737,0.0993180833071703,0.487856688306754,-5.26241898611788,"chr19:46562466:C:T"
0.705312548484108,0.84738100153074,0.0993180833071703,-0.45079956332423,-5.32095361508404,"chr19:46562821:C:T"
-0.947522117464177,-0.66196835150349,0.107063176890884,-0.872705733277571,-4.88864895100314,"chr19:46563141:G:T"
0.226159809883512,0.78576544986934,0.103239450103097,-1.74164341286847,-1.86525326228168,"chr19:46563228:A:G"
-0.657320683895137,-0.850403239094107,0.0995636075968855,0.611917291002969,-5.05015648016161,"chr19:46563387:A:G"
0.19286110355746,-0.473639405921656,0.150206482836689,1.71971368482252,1.68322926706388,"chr19:46563661:C:T"
2.51478559565088,2.04616518259762,0.130830361747383,1.29558804339906,-11.4253720924403,"chr19:46563817:C:T"
-0.199763793658523,-0.788125061794359,0.103239450103097,1.83113866947744,-1.62721527325302,"chr19:46564218:A:G"
0.976868430757244,0.638294372892148,0.0993000630609751,1.07443195540786,-4.79421230049759,"chr19:46564219:C:T"
-1.84545620173473,-1.7385771458975,0.103301084150136,-0.332537148865507,-11.0741660104386,"chr19:46564312:C:T"
-0.838949939485397,-0.55555751661425,0.10056252946311,-0.893655515061147,-4.38293741357209,"chr19:46565124:A:G"
0.908588836589449,0.641559771655236,0.0993000630609751,0.847390855038024,-4.92170207596955,"chr19:46565431:G:T"
0.816557973254106,0.611146669727744,0.105372825222636,0.632790610561479,-4.68491320255313,"chr19:46566394:A:C"
0.815294406696044,0.611288068272785,0.105372825222636,0.628462471310391,-4.68602467595255,"chr19:46566498:A:G"
-1.96843178321542,-1.59679576418614,0.107008379050731,-1.13607997935615,-9.94266319267662,"chr19:46567169:A:G"
-0.843013529357169,-0.6081861789508,0.105372825222636,-0.723409763188179,-4.65569519187939,"chr19:46567514:A:T"
0.765728601320067,0.570926894169266,0.106605586602383,0.596626825787265,-4.45615671369253,"chr19:46568227:A:T"
0.556636652256888,0.60377994895757,0.102926649079879,-0.146945412454623,-4.32984502493539,"chr19:46568570:C:T"
0.715956549550889,0.553390133438232,0.107571755772918,0.49565752382263,-4.35644144413932,"chr19:46568571:A:G"
0.818722079564868,0.61090449690218,0.105372825222636,0.640203400499116,-4.68294910895387,"chr19:46568797:A:T"
0.957164123356249,0.639236710376705,0.0993000630609751,1.00891182909672,-4.83759965081265,"chr19:46568801:C:T"
1.01018691161054,-1.51329636497876,0.163029617239245,6.24981520817841,5.61056735662202,"chr19:46568923:C:T"
0.707835991888671,0.847259840705186,0.0993180833071703,-0.442407929527026,-5.33393489265193,"chr19:46569138:A:G"
0.915432748817863,0.583484929514095,0.100289358201093,1.04819574860442,-4.46412692035175,"chr19:46569216:C:G"
0.105507058183225,0.810530587733508,0.109323152582486,-2.13229622430654,-0.809834981710974,"chr19:46569522:AT:A"
0.960189477391003,0.639092026046878,0.0993000630609751,1.01897163858198,-4.8312753930028,"chr19:46569534:A:G"
0.664526570055801,-1.15991295055294,0.214356298755781,3.94059086722439,3.73689466211387,"chr19:46569591:C:T"
-0.0650790538693045,0.836730661312646,0.109323152582486,-2.7274628010671,0.452443310153189,"chr19:46569640:C:T"
0.701054767186998,0.579005466355397,0.106605586602383,0.373805178659666,-4.47878843831733,"chr19:46570068:C:T"
0.0513144851689524,-0.130943294177737,0.102372541937778,0.569631937596299,0.202101865069338,"chr19:46570165:A:G"
-0.395677733803147,-0.793331278763113,0.0992989385999621,1.26192212620206,-3.27904003752317,"chr19:46570381:C:T"
2.33506291998711,0.587245670054636,0.217073407202268,3.75139426161602,-2.34242482709966,"chr19:46570504:C:G"
1.65712790733559,1.80616205510771,0.100401986836708,-0.470342945886378,-10.7745413006541,"chr19:46570506:A:G"
0.620641527868584,0.776630293148475,0.103797760131477,-0.484171620080421,-4.75819998746037,"chr19:46570562:C:T"
-0.42359165354161,-0.792062483241842,0.0994152365776053,1.16862894026922,-3.50707413589432,"chr19:46570688:A:G"
0.693563816309327,0.579941179974653,0.106605586602383,0.347996502933413,-4.47683952485317,"chr19:46570761:C:T"
-0.622869126158529,-0.0960006177467883,0.152745159280561,-1.34808883913744,-0.982013195607217,"chr19:46571397:G:T"
0.447780936148726,0.790876258830579,0.0994152365776053,-1.08814888734398,-3.69826729041768,"chr19:46571447:A:G"
-0.935995348069122,-0.64024908447589,0.0993000630609751,-0.938522101488514,-4.87833848574724,"chr19:46572284:A:G"
-0.373063059940043,-0.606246241722891,0.0992745879562286,0.740079163990762,-3.54507041525409,"chr19:46572998:C:T"
-0.393681084317836,-0.791684749612478,0.100092578095096,1.25801591055705,-3.26508218305368,"chr19:46573021:A:C"
-1.57440838751271,-1.81107985797835,0.100401986836708,0.746921147200946,-10.2840143373884,"chr19:46573611:C:T"
1.63561576809425,1.57313328418079,0.106256675587209,0.191681488822438,-9.9185166262068,"chr19:46573804:C:CA"
0.231483057893548,-0.0421872144050729,0.10514681284484,0.843974971800862,0.282098482492229,"chr19:46575008:A:G"
-1.60687168034387,-1.80914986521465,0.100401986836708,0.638377974329356,-10.489441835114,"chr19:46575021:C:T"
-1.3518255918907,-1.03906814234095,0.102308210387244,-0.977805372121288,-7.19311444055521,"chr19:46575892:A:G"
1.35098328507367,1.03913516149096,0.102308210387244,0.974962454017,-7.19508438361885,"chr19:46575924:C:T"
1.33140151815248,1.13715711239198,0.102885229624778,0.605580670337337,-7.83235484242765,"chr19:46576206:ACCAGGCTGG:A"
-1.33799737344669,-1.04854324152119,0.102644430787053,-0.903466508934544,-7.27441503193567,"chr19:46576940:A:G"
-1.6530628995673,-1.81036436997132,0.100842280593168,0.495349185075855,-10.7334814727229,"chr19:46577040:C:T"
0.46817036931169,-0.132545784617097,0.104567915272239,1.85767649433618,1.54956346371139,"chr19:46577369:C:T"
1.76748104770761,1.8443868703052,0.101020251700385,-0.241966364132068,-11.324333451461,"chr19:46577537:A:C"
-0.388218491279343,-0.646378961462624,0.189385772497287,0.593220387860658,-2.9920196986048,"chr19:46577777:A:G"
-0.575340658541846,-0.505168191498398,0.103562468173424,-0.218054748746302,-4.11391316588617,"chr19:46577993:A:G"
-2.51653664588737,-1.92934964745188,0.105761481230296,-1.80556309142259,-11.6325979296381,"chr19:46579197:C:T"
-0.342962054498664,1.12582161233135,0.202612334316247,-3.26305875924334,1.95465195687834,"chr19:46579329:C:T"
-1.24605070675172,-0.617531635175125,0.105044439982442,-1.93924162829525,-3.75138246644297,"chr19:46579780:C:T"
-2.58634739796378,-2.31103160493293,0.107532324793789,-0.839579077098806,-14.9324671796039,"chr19:46579995:C:T"
1.70543252875223,1.84848055431513,0.101020251700384,-0.450067491285256,-11.033050475796,"chr19:46580129:C:G"
1.30462513230712,0.899558536222281,0.106034905805728,1.24394736072948,-6.11495740103537,"chr19:46580648:A:G"
-2.60562102780869,-2.29129926183302,0.107432834691886,-0.958972025297351,-14.7788796943473,"chr19:46581628:A:G"
-0.728441300666266,-0.681609067293529,0.112910279379822,-0.139372833102078,-4.8022346520112,"chr19:46582628:A:G"
-1.26692295007982,-0.435922327023715,0.188347732071472,-1.91479000491977,-2.1098464384125,"chr19:46584159:A:G"
1.79769588477104,1.84239343037412,0.101020251700385,-0.140630478030187,-11.4430754564376,"chr19:46584982:C:T"
-2.21268896328551,-2.04858782228382,0.113747577092478,-0.486564616533544,-12.5207658140102,"chr19:46585663:C:T"
1.05795559135799,0.219640991011485,0.137601408421996,2.25993313842295,-1.12234502634529,"chr19:46586443:A:G"
-1.70666890277938,-1.84379526045089,0.101529515352953,0.430352949623345,-11.0083284110191,"chr19:46586828:C:T"
-0.140926602887964,-0.187259837795036,0.102488702797684,0.144728687890422,-0.780942564646592,"chr19:46586829:A:G"
-0.422074440813414,-0.560828540481127,0.103660812188465,0.430961545657377,-3.78003369552048,"chr19:46588362:A:G"
-0.480579784757108,-0.513962118764259,0.103562468173425,0.103732656997613,-3.94367495349966,"chr19:46588444:A:C"
-1.44392176329648,2.19334078145991,0.202742275346283,-8.07797476833066,6.4707278104191,"chr19:46588802:C:T"
0.00100003358349694,0.425238733510274,0.152196502520381,-1.08744661815794,-0.00817830158475241,"chr19:46589063:C:G"
0.278571009951635,0.176045841918962,0.102488702797684,0.320252472655411,-1.40495295211018,"chr19:46589486:TA:T"
1.46603208697158,1.75062365044566,0.101898738157297,-0.89153340107587,-9.54750137374212,"chr19:46590172:A:G"
-0.324698836646045,-0.172287772344205,0.102488702797684,-0.476078421906631,-1.57068839543016,"chr19:46590377:A:G"
1.71260769968637,1.49416466122092,0.104903732968486,0.674439095736961,-9.64780882001997,"chr19:46592489:A:G"
-0.318739910130188,-0.172773250677838,0.102488702797684,-0.455948373573677,-1.55079837921093,"chr19:46592656:A:G"
0.287033234349446,0.51549161085715,0.142539515134257,-0.605117130425111,-2.59062079569155,"chr19:46594502:A:G"
0.3511285516977,0.17013452309915,0.102488702797684,0.565361523485413,-1.65291230236444,"chr19:46595224:A:T"
0.413239048061148,0.520211423111954,0.103562468173425,-0.332407215354937,-3.7187942237314,"chr19:46595260:C:T"
-0.376916683385753,-0.52493217519548,0.103983775601055,0.459012361283828,-3.55434696787731,"chr19:46595689:G:T"
0.0451124861771953,0.798057316799026,0.149599525975274,-1.94669559996604,-0.423015887014589,"chr19:46595967:C:T"
-0.411610800785045,-0.551698575486255,0.104084855267365,0.434216642814791,-3.72633980409594,"chr19:46597242:A:G"
-0.640161108624925,-0.670655173083988,0.105296292987648,0.0939742293803271,-4.67806122763259,"chr19:46598151:A:G"
-0.00244957200480296,0.070473729641179,0.168372801977472,-0.177717564843359,0.00317513444866517,"chr19:46598942:C:T"
1.60917479516093,1.66924532015764,0.103154148882357,-0.187032930034325,-10.2448784590022,"chr19:46600217:A:C"
-0.41506575094307,-0.164925510223449,0.102488702797684,-0.781349907912851,-1.80566943040232,"chr19:46600294:A:T"
-0.283541823374189,-0.175640865920234,0.102488702797684,-0.33704454320429,-1.42405244140679,"chr19:46600969:C:T"
-0.533236971240247,-0.155298009874172,0.102488702797684,-1.18054804700961,-1.8684119023834,"chr19:46601421:A:C"
-1.59102407320783,-1.13169187169074,0.126361292741279,-1.29217062084502,-6.83865122436282,"chr19:46602459:G:T"
-1.11131251422527,-1.5154588955128,0.112417612011855,1.20537315948388,-7.14488767655582,"chr19:46603007:C:G"
0.644088739542528,0.871554621048608,0.104456955243476,-0.703797278302101,-4.87578016095238,"chr19:46603377:G:T"
1.70872919422754,1.82648595770323,0.110176090601385,-0.354766155412301,-10.5828615272746,"chr19:46604926:C:T"
-1.1411054182519,-1.33922011892547,0.112981019595081,0.589405192799743,-7.56704793198794,"chr19:46605228:C:T"
-0.647838219189239,-0.748724060902499,0.104351787675431,0.312305961949404,-4.85166853789239,"chr19:46605754:C:T"
-1.13051233062523,-0.511920084128232,0.130798785203553,-1.71041941258154,-3.0539380970226,"chr19:46606257:C:T"
0.424347636410031,0.493687868021082,0.110748340558166,-0.208361115670445,-3.64970103935169,"chr19:46606860:G:T"
0.667636573044205,0.629478474445884,0.105220183345832,0.117635173877463,-4.64035086230212,"chr19:46607584:A:C"
0.576506638069122,0.871219174155971,0.103910815392532,-0.914256871803962,-4.43849791678744,"chr19:46607862:CA:C"
-0.569654915488988,-0.784769059693557,0.107385179342416,0.656442655570095,-4.432099844909,"chr19:46608406:C:T"
-1.50599927344767,-1.49601705793845,0.15119950182893,-0.0256715305096787,-8.13544113300209,"chr19:46609100:CCT:C"
0.114428440162048,0.869683547803521,0.128724947764956,-2.10504948154317,-0.83263927609636,"chr19:46609391:C:T"
0.0712484330702926,1.28378159303857,0.147954608120547,-3.15231331479456,-0.276210405220349,"chr19:46609581:C:T"
2.20775888432831,0.860250673689135,0.124182472262414,3.82385371225039,-4.46483883932984,"chr19:46609881:A:G"
0.530600212688406,0.87564809023483,0.103910815392532,-1.07040710699604,-4.09452571476076,"chr19:46610916:A:G"
0.604320751697459,0.961113877838368,0.122969870956046,-1.01745947429025,-4.2660831921278,"chr19:46610937:A:G"
0.3064909729698,-0.263061549175347,0.194360256730467,1.29190341831213,1.23608532985168,"chr19:46611162:A:G"
1.54498466225389,1.72220211822705,0.110169434224379,-0.533919691332075,-9.72684768145529,"chr19:46611732:C:G"
-1.88954795405694,-2.05185613441749,0.115953808200128,0.476648137827953,-11.4059728590325,"chr19:46612288:C:T"
0.71527811543698,1.41543272418404,0.146935547659773,-1.82654557883284,-3.78636602096037,"chr19:46613852:A:G"
-2.95427866265807,-2.70156968732003,0.0985539709528901,-0.80497724321991,-19.4030392407356,"chr19:46614145:A:C"
1.75045140904228,1.65935155892587,0.100500931325632,0.287364171402161,-10.7154831336594,"chr19:46614380:C:G"
-2.969281324026,-2.75990731897647,0.0985759173333984,-0.66686411346706,-19.9232822829726,"chr19:46615087:A:G"
-1.71057633651122,-1.43368570598596,0.10821578270772,-0.841710912649165,-9.15582571240146,"chr19:46615128:G:T"
-3.00159862735793,-2.75860872320984,0.0985759173333984,-0.773932021660605,-19.963658401548,"chr19:46615346:A:G"
-1.76669613446858,-1.65836882431566,0.100500931325632,-0.341706245208356,-10.7347268644793,"chr19:46615476:A:G"
-2.02748413912612,-1.9401991056158,0.103208952155183,-0.271694657416124,-12.3357787690004,"chr19:46615775:C:G"
2.99176595144304,2.70007202901622,0.0985539709528901,0.929159596429226,-19.4219177578686,"chr19:46615848:C:T"
-2.06134239609563,-1.95722508366152,0.103150587259908,-0.324180656018656,-12.4875397429764,"chr19:46615970:C:T"
2.96558646268523,2.76005578839688,0.0985759173333984,0.65462295984242,-19.9176569377028,"chr19:46616096:A:C"
-3.01347080207974,-2.69920489642696,0.0985539709528901,-1.00106021969336,-19.423795255596,"chr19:46616280:A:G"
2.02337045574697,0.645532043179849,0.143687322984767,3.63487149282594,-3.16642858971692,"chr19:46616286:A:T"
2.96205796075516,2.76019757305081,0.0985759173333984,0.64293295845745,-19.9120895930263,"chr19:46616316:G:T"
1.11796512696087,0.574333584680883,0.221544663954179,1.15497876642159,-3.32574672966322,"chr19:46616543:A:C"
-3.05725854979181,-2.92419234494718,0.0998132431065807,-0.42118576742979,-21.237958226215,"chr19:46616653:G:T"
1.69962186581563,1.66242652326286,0.100500931325632,0.117328500310802,-10.6270623725588,"chr19:46616776:A:G"
3.06609788842244,2.92372174687462,0.0998132431065807,0.450653902029697,-21.2619105215315,"chr19:46617124:A:G"
-2.94706606265643,-2.70185783860103,0.0985539709528901,-0.781084407274898,-19.3970642611761,"chr19:46617171:A:G"
-3.0141879978324,-2.69917624367001,0.0985539709528901,-1.00343603984902,-19.4237476652717,"chr19:46617326:C:T"
1.71203556426404,1.43347863649682,0.10821578270772,0.846776235985006,-9.1526834078907,"chr19:46617908:A:G"
2.07195155636356,1.95628664996964,0.103150587259909,0.360135354596747,-12.5015103907872,"chr19:46618171:C:T"
-2.94345473150924,-2.70200211524134,0.0985539709528901,-0.769121322863867,-19.3937832091453,"chr19:46618236:G:T"
-2.92629520455841,-2.70268765716395,0.0985539709528901,-0.712277776537122,-19.3755298361668,"chr19:46618441:C:T"
3.07694267659184,2.92314438055535,0.0998132431065807,0.486807701633642,-21.2895820659941,"chr19:46618488:A:G"
-2.93223222785237,-2.80614843003565,0.0992462991579148,-0.40022307214675,-20.0896705161761,"chr19:46618610:C:T"
-1.70294329057919,-1.43476886172964,0.10821578270772,-0.815214811811889,-9.17168896121778,"chr19:46619050:G:T"
-1.92072655739971,0.266238593101847,0.157675065132098,-5.50757415187621,1.24782295242393,"chr19:46619314:C:G"
-3.9754848181182,-3.78898129492801,0.10033476825115,-0.588791205359999,-31.6536289894907,"chr19:46619414:A:G"
-1.81109485901482,-1.35890459771734,0.110626559527611,-1.35953847226137,-8.30509832873494,"chr19:46619930:A:G"
-1.2979921046343,-1.40018591756776,0.10036159066895,0.3225825237551,-8.73420935406959,"chr19:46619997:G:T"
-4.00271071976279,-3.93166879603239,0.100117205355444,-0.224522750535175,-33.0791169176536,"chr19:46620145:G:T"
4.02861585520173,3.88056526895797,0.100184427363537,0.46774593439355,-32.7619533372969,"chr19:46620526:A:G"
-3.20765745324319,-3.22623452952357,0.0984643043690306,0.0592022150107683,-24.0713021326378,"chr19:46621457:G:T"
-3.26547810448267,-3.20536494960514,0.0983256089871983,-0.191706217741936,-24.2825893693024,"chr19:46623095:C:G"
3.29534109062917,3.20424385132315,0.0983256089871983,0.290517229209941,-24.4108542066661,"chr19:46623357:C:G"
1.51223983333275,1.45815519501895,0.0998575916337139,0.171152554694905,-9.53854034218764,"chr19:46624067:C:G"
-1.55553728324696,-1.38763518074308,0.100246885255789,-0.530298856538023,-9.25511880378825,"chr19:46624373:A:G"
-2.3469788017992,-2.2810710844743,0.101535642212983,-0.206836419090713,-14.910662796359,"chr19:46626045:A:G"
2.66623160077684,1.7710569614684,0.13814371509621,2.40847534161001,-8.65118091688311,"chr19:46626086:C:G"
-1.11604948589725,-1.37376359063613,0.164928046868907,0.634586648202351,-6.34507927900805,"chr19:46626363:C:T"
0.337208791103621,0.306170791926316,0.102430510340704,0.0969793008902923,-2.6561720348831,"chr19:46626401:C:CAGG"
2.57359909394484,2.48719660337067,0.100023187492713,0.273196993794984,-16.8539709556962,"chr19:46626465:C:T"
2.86227830399065,2.77947010976655,0.098863878109516,0.263362837680475,-19.730937890332,"chr19:46626665:A:T"
1.52705152822643,1.52229407099472,0.104085280454076,0.0147462038895228,-9.60560313133837,"chr19:46627134:C:T"
-1.67469579522839,-1.35348915116144,0.146813629310931,-0.838303602645347,-7.75664277431494,"chr19:46627141:C:T"
-1.56994410391547,-1.43944867720127,0.0999214794521709,-0.412824880659666,-9.53315395986969,"chr19:46627310:A:G"
2.84389220046469,2.775531890798,0.0995406120475289,0.216672536757727,-19.5427960477661,"chr19:46627353:C:T"
-3.4591129757368,-3.19494092953512,0.0980909989895634,-0.843475128993348,-24.8789279672794,"chr19:46627517:A:G"
-1.52299061324942,-1.44200206341225,0.0999214794521709,-0.25620888994487,-9.49317878231961,"chr19:46627705:A:G"
3.54695941150443,3.17326288357843,0.0986674743037324,1.18968519524782,-24.6356784477801,"chr19:46628121:T:TTG"
0.331699527675482,0.357149483685649,0.102940733966239,-0.0793219543288483,-2.90450179658277,"chr19:46628152:A:G"
3.44953494218613,3.18166030836927,0.0984002859596667,0.853951901878587,-24.6693816799124,"chr19:46628300:A:G"
3.42702043378498,3.20623332682798,0.100899574966526,0.695070794050465,-24.3853513100382,"chr19:46628365:C:T"
-3.49045749130071,-3.1884207934908,0.0985814246992828,-0.96197141752976,-24.7672182042152,"chr19:46628431:A:C"
-3.47297650008884,-3.19445479435678,0.0980909989895635,-0.889292167917117,-24.8983980451041,"chr19:46628624:A:G"
3.43867672267627,3.19565754251706,0.0980909989895635,0.775936126777611,-24.84515758449,"chr19:46628667:C:T"
-3.50225376411945,-3.20173012069562,0.0982864353586666,-0.958587702439187,-24.9800370704665,"chr19:46628700:A:T"
3.29769529605199,3.0750152804796,0.0989486616147602,0.707907120742767,-23.2546361367876,"chr19:46628817:TTTTG:T"
-0.427447107279063,-0.302156805669862,0.102338145687784,-0.391650497858705,-3.00607455940042,"chr19:46629420:A:G"
-0.867444240755964,0.146258649661248,0.13799059091907,-2.72888948313382,1.12454677018787,"chr19:46629564:C:T"
1.45573338448409,1.52105821524428,0.10416525099995,-0.202402960675724,-9.37860760751764,"chr19:46630417:A:C"
2.55555725575405,2.87055909402403,0.102707846652061,-0.982904393263664,-17.5120644918175,"chr19:46630680:A:G"
2.59412224965562,2.86732799551859,0.102707846652061,-0.852487494512418,-17.8542455816791,"chr19:46631055:A:G"
0.277216097691952,1.01977791272597,0.108204257393802,-2.25740996691559,-1.51600797800709,"chr19:46631491:A:G"
2.56861059049278,2.86946544389996,0.102707846652061,-0.938761369688127,-17.6303392060272,"chr19:46631965:A:G"
-2.50492318888672,-2.6067983552253,0.101252184042767,0.320159306762555,-16.9200325703227,"chr19:46632722:A:G"
-0.611872316400122,-0.729532822070896,0.126770338867637,0.330462272384783,-4.37950615106327,"chr19:46632960:TTC:T"
0.344489513174867,0.324529984969402,0.1104447705646,0.0600589441233704,-2.66600354752685,"chr19:46633137:A:G"
1.72263687127616,2.4302684961319,0.104532699528279,-2.18867436248837,-9.9578247976036,"chr19:46633270:C:T"
0.175738471103184,0.295341777202325,0.14952099397523,-0.309308672415436,-1.03833434626789,"chr19:46633618:A:T"
0.0861190712037217,0.968346792330325,0.130303750773201,-2.44400585193375,-0.47073611032203,"chr19:46633679:C:T"
2.19599238874146,2.76358874408279,0.104366657539872,-1.756947201691,-13.8608223572609,"chr19:46633905:A:C"
-2.48785265763389,-2.33045181104434,0.124982507884732,-0.445227976958156,-13.6909463569358,"chr19:46634202:C:T"
2.25953993353928,2.49923950129477,0.10289707969007,-0.74724966023502,-14.9140699224742,"chr19:46634224:GAT:G"
-0.184643472029346,-0.348150597449289,0.104050382435283,0.506891306631323,-1.74889138200181,"chr19:46634375:A:C"
-2.79838530658831,-2.85603039387655,0.103294554541582,0.179359170859273,-19.2181725162366,"chr19:46634715:A:G"
-0.0334973921096196,0.353344518847737,0.104556103852341,-1.19635157110916,0.330858013536492,"chr19:46634757:C:G"
-0.206762541470352,-0.583688729008872,0.115696259620866,1.10814515609947,-2.26112384522277,"chr19:46635240:C:G"
2.5955995112245,2.78766309596526,0.103097893160414,-0.598163811832711,-17.7277051834845,"chr19:46635389:G:T"
-1.24879677761815,-0.856599435711098,0.135709948594969,-1.06463025257881,-5.38651392886963,"chr19:46636170:C:G"
0.117613418531388,0.0518744702273726,0.105239465379257,0.202643853443776,-0.178745707682863,"chr19:46636866:A:T"
-0.0190006378567217,-0.0627708950273124,0.105239465379257,0.134924178255098,-0.0350834123289427,"chr19:46637645:A:G"
-2.96682286030828,-3.20532125720375,0.107300923976407,0.728087765408241,-20.819376936037,"chr19:46637892:C:T"
0.10467438956919,0.0533041952093244,0.105239465379257,0.158351394505093,-0.163616798700987,"chr19:46637939:A:ACTGT"
3.03335253528821,3.4654898542518,0.111453629796059,-1.29441836097073,-21.0199481702758,"chr19:46638060:C:G"
0.673275311404934,0.968383649791282,0.158403272329535,-0.741479940245213,-4.33458094743482,"chr19:46638734:G:T"
-1.50438325092112,-2.04843768310584,0.112321997465535,1.62334169544479,-8.74439406179193,"chr19:46639003:A:G"
-1.62193921851839,0.165981354268926,0.206979772136417,-3.92992506475035,0.560449718265389,"chr19:46639987:A:G"
3.20786698100789,3.19147852458402,0.106996635446758,0.0501017608970097,-22.4313398724253,"chr19:46640111:A:G"
-3.35954467423574,-3.44353756854621,0.110632304098481,0.252523365171126,-23.9346853423414,"chr19:46640496:C:T"
3.26633977974521,3.16025415279842,0.107649366401091,0.323333578106958,-22.3927379896342,"chr19:46640522:A:T"
-1.06142094320297,-0.937550403834169,0.135709948594969,-0.336249916876108,-5.87243164802378,"chr19:46640788:A:C"
-0.241515401447585,0.0310977392309019,0.10386791848266,-0.84587477104108,0.219194934871224,"chr19:46641702:A:G"
0.0456523787635587,0.0300575862537975,0.103307120208496,0.0485192940319334,-0.0411350030796743,"chr19:46641780:A:G"
0.274986717391993,-0.0343118018776491,0.10386791848266,0.959703606067583,0.273077252439988,"chr19:46641817:A:C"
-0.196003778378546,0.0267275134548267,0.10386791848266,-0.691099409274022,0.154203498063868,"chr19:46642383:A:C"
-0.208815231489741,0.0279577254059745,0.10386791848266,-0.734668439695973,0.171479654748616,"chr19:46642745:A:G"
1.80210117817903,2.60247551211998,0.146034434540453,-2.09442839299355,-8.71444836731421,"chr19:46644173:C:T"
2.68188946189765,2.35609941257492,0.119443598932693,0.942662813343547,-14.3345803288306,"chr19:46648121:A:G"
-0.681802543615912,-1.00021034915965,0.111210139812536,0.954798025554773,-4.89520043441605,"chr19:46650444:C:T"
-1.04595032945337,-0.997316388305376,0.109467553173105,-0.146993035856422,-6.68226569606455,"chr19:46650822:G:T"
0.677079519264163,0.808426579797499,0.110960067520037,-0.394309283250439,-4.92740833552961,"chr19:46650948:C:T"
-1.29244217595219,-0.86999671441301,0.110956743053495,-1.26821766615772,-5.80648824268127,"chr19:46651176:A:G"
-2.40044731292102,-2.41737741037735,0.119840610301384,0.048905471696353,-14.1884559695097,"chr19:46651327:C:T"
-1.17533978392018,-0.974529270337997,0.110446065046835,-0.604242575924292,-6.70403985506764,"chr19:46651990:C:T"
0.382570766587138,-0.223487604077441,0.108466469265322,1.84020710080779,2.1509730445649,"chr19:46654181:A:G"
0.328859359216003,-0.239225841232182,0.107964690969315,1.72891086019142,2.04733641028082,"chr19:46654314:C:T"
-0.303963208600601,0.21931492829437,0.108022840936264,-1.5921163139225,1.77449196498053,"chr19:46655334:A:G"
0.852405034623699,0.956534210603167,0.107254118152293,-0.317954842264302,-5.97721856090109,"chr19:46655698:A:G"
-0.272412580989881,0.214902019789537,0.108022840936264,-1.48269432871274,1.58294164023816,"chr19:46656057:AT:A"
-2.47214542747225,-2.22953655588583,0.121755424252508,-0.695284453497281,-13.2894782378206,"chr19:46657144:A:C"
-0.159520110342912,0.4562269189802,0.10723297260847,-1.88034765419377,1.78521924687985,"chr19:46658945:A:C"
-2.67562463828499,-1.89829304940401,0.111433091000235,-2.32862324305106,-10.7357591481031,"chr19:46660517:A:G"
-0.0745008101591079,0.399706254076198,0.106835933830261,-1.45080600379469,0.791976067333185,"chr19:46661729:A:G"
2.70741538265733,1.89270255718183,0.111433091000235,2.44060481903885,-10.6791891260088,"chr19:46662617:C:T"
-0.122979674832059,0.405879706645578,0.106835933830261,-1.61801125221149,1.30609619120412,"chr19:46663485:C:T"
-0.538196822318073,-0.600281731512179,0.106652808043439,0.190107785555207,-4.21888122530985,"chr19:46664011:C:G"
-0.207655414746194,-0.539610070343306,0.164464254771717,0.81854583528246,-1.82317267564273,"chr19:46664053:A:G"
0.789716888920802,0.518579789706107,0.109093379352866,0.820899040252133,-4.10426720396202,"chr19:46664872:A:C"
0.608467468565029,0.7563013436749,0.106593173490572,-0.452802968064186,-4.64514214540554,"chr19:46665129:G:T"
0.00244957200480296,0.0952880894236428,0.103431669520442,-0.288669851619865,-0.00697503391085624,"chr19:46667387:G:T"
-0.0431755135246046,-0.0146873063494624,0.102437379145228,-0.08900940332151,-0.0191764610166957,"chr19:46667787:A:G"
-0.745077571349333,-0.894980151944332,0.103427354835996,0.466113198369292,-5.47488980642833,"chr19:46668013:T:TC"
3.65988662435318,3.45036113237542,0.10186789909198,0.656475003784875,-27.0465371414288,"chr19:46669216:C:T"
-0.557762847982236,-0.978851944637818,0.121026878457516,1.21041160881947,-3.9109955991682,"chr19:46669266:AG:A"
3.34818541182347,2.96719731823066,0.0998669402255106,1.20559248346747,-22.0675524335641,"chr19:46669571:C:CATT"
-3.31954848020971,-2.96873814770666,0.0998669402255106,-1.11009847053229,-22.0786100968529,"chr19:46669588:C:T"
0.858208619304534,1.20568744218943,0.110489785224237,-1.04536336709116,-5.90376827887918,"chr19:46670338:C:T"
-0.317205104009989,-0.416633493696482,0.0993233346688508,0.315489390981052,-3.11789304223351,"chr19:46670370:A:G"
3.24562056118706,2.81257038549343,0.101240278925009,1.36101074098447,-20.1808897684322,"chr19:46670736:A:AAAAC"
0.469247837218516,0.73698680281497,0.102541164072216,-0.836108155268013,-3.92882552224599,"chr19:46670948:A:G"
2.77838413699868,2.71828701646536,0.103269234517661,0.187011444593302,-18.4767747486322,"chr19:46671636:A:C"
-3.57486775399971,-3.10684949274765,0.0998665375459417,-1.48099230641389,-23.6310387314728,"chr19:46672271:C:T"
-3.5435612281776,-3.19987215026491,0.099175231056083,-1.09135017003241,-24.8336318205846,"chr19:46672358:C:G"
4.86889359808556,4.75982647942753,0.10392848453377,0.338319120237022,-37.3963433593382,"chr19:46673495:A:C"
-3.50876716624703,-3.03673690400049,0.100367490444501,-1.48995554170991,-22.7344241662617,"chr19:46673568:C:T"
2.87672520124705,3.31632993665493,0.10972521900766,-1.32711675982916,-19.6788747009195,"chr19:46673581:CATAG:C"
-2.79016709975373,-2.58504307564871,0.103119135211557,-0.638773508750511,-17.6501632358043,"chr19:46673623:A:G"
4.66540951348502,4.88096883469878,0.100090585536388,-0.681349893543086,-37.1797348358521,"chr19:46676197:A:G"
-0.87108168025481,-0.964197684031592,0.0999779074270216,0.294491190684976,-6.26548166821549,"chr19:46676399:C:T"
-0.0701521839146076,-1.10508453775598,0.130734576313683,2.86231042342766,-0.298399485628274,"chr19:46677706:C:T"
-1.7778616895303,-2.52604592186011,0.144830706279923,1.96597606926742,-8.7361365973547,"chr19:46679238:A:G"
4.68143435437999,4.88006878983872,0.100090585536388,-0.62785293018983,-37.2411921792249,"chr19:46679585:A:G"
1.84800836202568,1.56856283306648,0.174850015683056,0.668289022948283,-8.17912649447754,"chr19:46679664:A:G"
-4.67827114570358,-4.88024645336307,0.100090585536388,0.638412913889512,-37.2293944580528,"chr19:46679685:C:T"
-0.320543588189537,-0.511522306606909,0.0992112566970648,0.606323637092089,-3.28922559054314,"chr19:46679718:A:G"
0.302462530404712,0.512370070270074,0.0992112566970648,-0.666419295714794,-3.17419074118071,"chr19:46680159:C:T"
-0.103560188231409,0.126228752455596,0.099153742693409,-0.729750778770273,0.404719626828061,"chr19:46680583:C:T"
-3.30308288826032,-3.28134476634243,0.0986168252147161,-0.0692223775288676,-24.9074079042644,"chr19:46681099:A:G"
0.332583233775718,0.469919260468079,0.0990442795158214,-0.436384965786053,-3.32827097345385,"chr19:46682248:C:T"
0.357672326413302,0.468787118160605,0.0990442795158214,-0.353067041203894,-3.46009652883512,"chr19:46682662:C:G"
0.0143879776527791,0.0817003856425909,0.0989796544369449,-0.213954862174865,-0.0367296850826283,"chr19:46683398:C:T"
0.0162178192303248,0.081619062084142,0.0989796544369449,-0.207880156404021,-0.0413590795372424,"chr19:46683704:C:T"
-3.26133717032645,-3.21268225846213,0.0987487945778991,-0.154832023183485,-24.2311375740262,"chr19:46684181:A:T"
2.87652465476763,3.24722367328471,0.113306204914402,-1.10127197985126,-19.2613660529779,"chr19:46684962:C:CA"
-2.96908485658943,-2.73070026280082,0.101868699253629,-0.746891993981128,-19.224401664866,"chr19:46685046:A:G"
3.1914512558901,2.56036628427627,0.103079957791153,1.96562524914733,-17.1624286337438,"chr19:46685553:C:T"
-2.70368647450939,-3.12488035647112,0.100125602952268,1.33109631772004,-19.2248610599909,"chr19:46686070:A:T"
0.505497553890745,0.195167226203267,0.152478975175521,0.794729323754106,-1.75455129216549,"chr19:46686088:A:G"
1.38792655948483,2.41581803846901,0.133056363782777,-2.81792506795258,-6.73778092516494,"chr19:46686612:A:G"
-0.632395539750215,-0.570667694187255,0.0995058954673671,-0.195684629003602,-4.4711790693554,"chr19:46689165:A:G"
0.556482127511733,0.574463053324778,0.099505895467367,-0.0570016783313485,-4.31965773930696,"chr19:46690593:C:T"
0.317820859884037,0.177109550226968,0.0994336502484671,0.446233646850464,-1.62641500015425,"chr19:46690997:A:G"
-0.691996214902663,-0.567687904972506,0.099505895467367,-0.39407216125722,-4.52654049263388,"chr19:46691052:A:C"
4.71571224150143,4.90258047567193,0.100762397089112,-0.58868942774629,-37.2907335620429,"chr19:46692822:C:T"
1.2314874659589,1.06499253597821,0.0989272368341832,0.529350190500882,-7.54860948828836,"chr19:46693167:C:T"
-5.21683310695242,-4.97078129141944,0.103746393544782,-0.763906261101236,-37.3349462850839,"chr19:46695675:A:C"
2.28191019448488,2.26471368592532,0.1008333588026,0.0541549505022667,-14.6822979149904,"chr19:46695899:C:T"
1.87767616703619,2.11156559513516,0.11785533396429,-0.681296206130481,-11.2709032962441,"chr19:46697348:C:T"
2.91805991070504,2.98764432649781,0.0998573279216701,-0.220202383284354,-20.9376916647091,"chr19:46697361:C:T"
-0.657664417151872,-0.975930642340877,0.0999779074270216,1.00655736725348,-4.9377025331386,"chr19:46697551:C:T"
1.76899897099918,1.22063309419424,0.135043610738195,1.49222187227852,-6.86709217982784,"chr19:46697618:C:T"
-1.28022328312795,-1.0211963494448,0.0989323851582357,-0.823522908376824,-7.25976499323678,"chr19:46698293:C:G"
0.554206002470123,0.981618435580088,0.0999779074270217,-1.35174611489826,-4.05806666741428,"chr19:46698547:C:T"
-3.04215972833461,-2.8664056815714,0.104799197857003,-0.542908141266949,-20.0443122657761,"chr19:46698561:C:T"
0.719448935423399,1.4540614675008,0.103850727136364,-2.27957330251574,-4.1264122483094,"chr19:46698981:A:G"
5.09350136785645,5.07750044737045,0.0999946691709397,0.0506007021314569,-37.87191950514,"chr19:46700002:A:G"
5.57109610794551,5.01787556154043,0.101079495365971,1.74007019710095,-35.9435248804651,"chr19:46700099:A:C"
-1.35334057017456,-0.645772241664824,0.10189418561491,-2.21663243565717,-3.75950822836583,"chr19:46700101:G:GGT"
1.03339833977975,1.09935636141938,0.0988363134162154,-0.209801868586429,-7.25251687227936,"chr19:46702162:C:G"
-0.200844716153716,-0.79622128891353,0.12330167512609,1.69553692965564,-1.71700770980063,"chr19:46702260:C:G"
-5.32090894293419,-5.03980815705033,0.0984351454273661,-0.895956585852596,-37.4094777865204,"chr19:46702450:A:G"
-1.92427873308876,-2.10021223332395,0.117855333964289,0.512476460418583,-11.5299130090418,"chr19:46702451:C:T"
-2.90715957459763,-2.89427333222557,0.0982449913556623,-0.0411122349082579,-20.6822705525882,"chr19:46702455:C:T"
2.82469503736185,2.91739253502288,0.098271895432391,-0.295701375243212,-20.3080487557925,"chr19:46702503:C:G"
-0.695167442158896,-0.973868853043792,0.0999779074270217,0.881428616007045,-5.22240294995459,"chr19:46702596:C:T"
-5.33633303906162,-5.07552130079364,0.101262240613244,-0.819602675219467,-37.4553764953719,"chr19:46702686:A:AT"
-0.717748407214074,-0.97262742806381,0.0999779074270217,0.806087281307657,-5.38387440954514,"chr19:46702782:G:T"
-0.948267413468304,-1.10301106630711,0.0988363134162154,0.492214695201913,-6.85209861201131,"chr19:46703699:A:G"
1.50801968242931,0.439504801597176,0.115138040484822,3.14898910327059,-2.27260411864577,"chr19:46703751:A:G"
-1.90872943470746,-2.10400036829992,0.117855333964289,0.568804444499323,-11.4481068287464,"chr19:46703893:C:G"
-2.39042697011232,-2.01555574432129,0.106506796621692,-1.14866514996585,-12.69811352515,"chr19:46704707:A:T"
2.98680182942913,2.89135120102898,0.0982449913556624,0.304525442221636,-21.0092547220681,"chr19:46704934:A:T"
5.37027066228687,5.03789799483333,0.0984351454273661,1.05937619286993,-37.1985633932278,"chr19:46705224:C:T"
1.24833911833712,1.06557082590212,0.0994555882782128,0.579543793285294,-7.53824228140209,"chr19:46705784:C:T"
-2.97036216651792,-2.89195438399958,0.0982449913556623,-0.250151990041568,-20.9501048070899,"chr19:46705858:G:T"
-1.06714496816056,-1.09790760509741,0.0988363134162154,0.0978510051023118,-7.37588769142319,"chr19:46705902:A:G"
-2.09644139397189,-1.32719903668081,0.110929220228293,-2.30961828947295,-7.1695748244507,"chr19:46707138:C:T"
0.751712383265517,0.970760203692013,0.0999779074270217,-0.692766558249059,-5.61201153768974,"chr19:46707461:A:G"
1.35069684766104,1.14667562550126,0.0976753884638356,0.652803946481667,-8.04153401109675,"chr19:46707602:A:C"
2.96585119592942,2.68067326835402,0.102471219974998,0.890871273665528,-18.7078108418375,"chr19:46708039:G:T"
-0.767950031309768,-0.969867512797303,0.0999779074270217,0.638589685248098,-5.71465452652671,"chr19:46708379:A:G"
-2.40305065434708,-2.4651591280607,0.0980013250132101,0.198396900505366,-16.2606040866301,"chr19:46708521:C:T"
-5.20220008417411,-4.79165220676497,0.100320503968948,-1.29619087125924,-36.5179731029685,"chr19:46709086:C:T"
2.93980021833517,2.73094533826238,0.0976385065874425,0.668396340307274,-19.7636668121101,"chr19:46709336:A:G"
-2.96436285830897,-2.68079424979728,0.102471219974998,-0.885843899575885,-18.7079395802927,"chr19:46709476:A:G"
-5.10461027980338,-4.94350027931935,0.0985972722221203,-0.513085863254551,-37.6426552502819,"chr19:46709870:A:AT"
-5.02474104498038,-5.20951891835886,0.100006187317259,0.584300865083675,-37.6449368491198,"chr19:46711154:C:T"
5.032725751903,5.2090775634818,0.100006187317259,-0.557656142375322,-37.6723463547398,"chr19:46711739:A:T"
-0.881769028081474,-0.963610129844718,0.0999779074270217,0.258832880790334,-6.31231893061824,"chr19:46711764:A:C"
-5.02637898325427,-5.20942838127935,0.100006187317259,0.578835115176483,-37.6506457072816,"chr19:46711896:C:T"
-2.28669549202787,-2.06099343322839,0.100343071305105,-0.712511413762097,-13.5687331719318,"chr19:46712717:A:G"
-2.91094901890893,-2.97665946645497,0.09876753329482,0.209087139633866,-21.015159531654,"chr19:46712758:A:G"
1.71998192285668,1.95916917286964,0.146159564426243,-0.625639853440608,-9.45303391254661,"chr19:46713613:CCTT:C"
-2.95300283603373,-2.76102429580295,0.102850832817285,-0.598616631428519,-19.3125242127229,"chr19:46713752:C:T"
1.05693198128641,1.19954362497162,0.0982360618388892,-0.455008503908042,-7.5123726424551,"chr19:46713856:C:T"
1.13060475315174,1.19684746019398,0.0982360618388892,-0.211350169223493,-7.84180514220461,"chr19:46714330:C:T"
-1.17412475706216,-1.13158910283003,0.0975650094533731,-0.136177724050351,-7.8226012606592,"chr19:46714657:A:C"
2.37818833770605,2.4652817584531,0.098569157346079,-0.277405346219605,-16.0644223724464,"chr19:46714844:G:T"
0.921760587492178,0.961411529354469,0.0999779074270217,-0.125401140590168,-6.47014495073925,"chr19:46715342:G:T"
5.52456128758437,5.11004229777812,0.100810624147461,1.30554329691869,-36.8355560612559,"chr19:46715865:C:T"
-2.98750571649064,-2.46330977225216,0.102846462757883,-1.63455288592639,-16.431380647012,"chr19:46716923:A:G"
1.21849073008656,1.13653696697051,0.101237340371704,0.257571932571188,-7.80339195898059,"chr19:46717670:C:G"
1.33612867489729,0.986199843867611,0.100171719007548,1.10562324955345,-6.87421991417325,"chr19:46717872:A:G"
-5.59631536171339,-5.10546700536267,0.100810624147461,-1.54594553493623,-36.4084130406669,"chr19:46718300:C:G"
-2.97740816610356,-2.46417054690424,0.102846462757883,-1.60038253032833,-16.4582357244075,"chr19:46718501:A:G"
1.27350353776693,1.30878112693872,0.112673426488352,-0.10509647443369,-8.10349977220237,"chr19:46718980:A:G"
1.19172979847715,0.994795108503818,0.113771338783546,0.583856056187122,-6.73556898731817,"chr19:46718981:C:T"
3.01140857389596,2.46127215194048,0.102846462757883,1.71544073555719,-16.3673470286129,"chr19:46720037:C:T"
1.23320387603402,1.13015696089536,0.0974401269778231,0.330115620170899,-7.92093284192375,"chr19:46720286:C:T"
5.08855173003988,5.07231205982754,0.0988492255671395,0.0516524076562894,-37.8982122262051,"chr19:46720692:A:G"
-1.17692020397776,-1.13174403137486,0.0974401269778231,-0.144723985338985,-7.83343681209722,"chr19:46721060:C:T"
-1.21413345806546,-1.11023626258774,0.0973620069385526,-0.332973035987577,-7.81147249775448,"chr19:46721227:A:G"
3.00913149923324,2.46146626319275,0.102846462757883,1.7077350596293,-16.3734435514933,"chr19:46721333:C:T"
3.06383010053006,2.70639828450908,0.0980746823536997,1.1413392497746,-19.5675554744051,"chr19:46721350:C:T"
2.39307505349022,2.65707648448426,0.0978605139480794,-0.843922439626116,-16.5660007653682,"chr19:46722533:C:CT"
-0.913559670944849,-0.961862387970806,0.0999779074270217,0.152763478600232,-6.44003295359845,"chr19:46722546:A:G"
-2.93379614912336,-2.87569810664408,0.09725273130868,-0.18629903108162,-20.8509474427995,"chr19:46724038:A:C"
-2.91100461073715,-2.87629570737655,0.09725273130868,-0.1112986735877,-20.7529094659207,"chr19:46724070:A:C"
-1.50824905027462,-1.31428895508918,0.12241299617444,-0.554368601575547,-8.19767853797219,"chr19:46724561:A:G"
-1.02513238529116,-1.23223285721684,0.0991180237996281,0.657816512983023,-7.31276928963764,"chr19:46724564:A:G"
-1.30260914430075,-1.90472486155934,0.0990343054503755,1.91331789688321,-7.78104754605531,"chr19:46725733:C:T"
1.63733420379005,1.4379525591337,0.137920528430469,0.536871954852859,-8.39343603131515,"chr19:46726153:A:C"
-0.145840317296036,0.50180474222708,0.140894972491453,-1.72539807280909,1.41302774764214,"chr19:46726326:A:G"
2.9271411402395,2.85724071729225,0.0976902065884007,0.223642474836975,-20.6415096754453,"chr19:46726856:C:T"
1.1239286749195,1.06414035489548,0.0979511558102646,0.191034395289658,-7.45260290503296,"chr19:46727136:C:CT"
2.48348030720929,2.28918214345501,0.1047901145663,0.60021734114697,-14.9465901694227,"chr19:46727370:C:T"
-0.573504860655984,-0.704008446692167,0.097410191500784,0.418138586709734,-4.59468728326335,"chr19:46728966:C:T"
0.412000565013132,0.367640038913712,0.122717972931337,0.126631747934955,-3.02673496150921,"chr19:46729491:G:T"
2.12472023528782,2.12564896102445,0.0980185547626304,-0.00296642473251615,-13.7809089719199,"chr19:46730421:GAA:G"
5.06581943333589,5.34432576509591,0.101063233768746,-0.876069332852977,-37.3879698855915,"chr19:46731628:A:G"
2.17274385894103,2.09478461068739,0.102116999501211,0.243959997318863,-13.47434863204,"chr19:46732458:C:T"
-2.15391333261638,-2.08477881064387,0.099293173181443,-0.219399316006645,-13.5967503038772,"chr19:46733011:C:G"
-3.02831805499694,-2.67559556913934,0.102471219974997,-1.10187465382762,-18.6735900552247,"chr19:46734278:C:G"
-1.11384332205317,-1.06447912323705,0.0979511558102646,-0.157727460246543,-7.43264151922401,"chr19:46734294:C:T"
-0.0941891212554698,-0.475533711858288,0.138107807669358,1.02614438870079,-0.908100239460834,"chr19:46734526:A:C"
2.34082994737178,2.59372139755902,0.0975373493395071,-0.809745740770959,-16.1301328718569,"chr19:46734810:A:G"
-2.11482141092042,-2.1259885038959,0.0980185547626304,0.035668593521535,-13.7437740033815,"chr19:46735402:A:G"
1.07878042181097,1.06565689071061,0.0979511558102646,0.0419320333271584,-7.34926072527772,"chr19:46735692:C:T"
-2.23398833733746,-2.11836113435821,0.0980128478577634,-0.369333342183673,-14.0666856032758,"chr19:46736662:C:G"
0.556766886891098,0.599004272104089,0.0982851652866909,-0.134726503336441,-4.38641926957097,"chr19:46737960:A:G"
0.951821791198072,1.06992144796603,0.0979511558102646,-0.377349564355089,-6.86623043631182,"chr19:46738342:C:T"
2.22388936896591,2.1187069342778,0.0980128478577634,0.335970940586954,-14.047074292207,"chr19:46738402:C:T"
-3.01697114537451,-2.67651791732426,0.102471219974998,-1.06354654960617,-18.6838487375078,"chr19:46738895:A:G"
-0.945199659694583,-1.01774826204612,0.0991900969816236,0.230353541055709,-6.71387387893882,"chr19:46739735:A:G"
1.06596932313011,1.06608721721591,0.0979511558102646,-0.00037669272827201,-7.31337594247329,"chr19:46740364:A:T"
-2.22717044375799,-2.15000042386906,0.0985378464575163,-0.245836904569102,-14.1764071462055,"chr19:46741273:A:C"
2.6360179321903,2.27305045197006,0.1047901145663,1.12126317455125,-14.8254430061728,"chr19:46741828:C:T"
-2.95914641742808,-2.87503341527264,0.09725273130868,-0.269719428301133,-20.9503031382432,"chr19:46742535:C:T"
-0.604945108721393,-0.965778334457136,0.121026878457516,1.03720739564899,-4.28177249809494,"chr19:46743722:A:G"
1.08886235019804,1.06531823739777,0.0979511558102646,0.0752276590080726,-7.37546145970878,"chr19:46743884:CAG:C"
1.11500972505058,1.06443994360553,0.0979511558102646,0.161579512761087,-7.43504194616183,"chr19:46744524:C:T"
-2.2525048924757,-2.12126577693925,0.0980185547626303,-0.419188295152117,-14.1191372468616,"chr19:46744529:A:G"
-1.07427931951243,-1.06580808333432,0.0979511558102646,-0.0270671174569188,-7.33698328779871,"chr19:46745051:A:G"
1.08236246431839,1.06553656942729,0.0979511558102646,0.0537617490245321,-7.35877543223751,"chr19:46745328:C:T"
2.31547272123723,2.1191058964733,0.0980185547626304,0.627211438912528,-14.190668271809,"chr19:46745722:C:G"
-4.99403009807311,-4.65362475670015,0.103132527443409,-1.05998211024499,-36.6634811692525,"chr19:46746094:A:AGGCCG"
1.09321559478969,1.12193255243171,0.0998505124051598,-0.0908789453985771,-7.49198421402934,"chr19:46746450:C:T"
-1.61461963721807,-2.08610928101802,0.133374459597523,1.29102847612946,-8.96293124612146,"chr19:46747633:A:G"
-0.814399166088485,-1.35707060577317,0.103234113416746,1.68898327667214,-5.23911608155002,"chr19:46748673:C:G"
-0.11970358639505,0.2850541333643,0.143848732202988,-1.06719091955083,0.715130332789097,"chr19:46748751:C:G"
2.35913940963069,2.42648884169579,0.0982347127313372,-0.214882697927908,-15.8762281114896,"chr19:46749618:A:G"
2.37503939467992,2.11706268016872,0.0980185547626304,0.823998384192557,-14.2025487751803,"chr19:46749961:C:T"
-2.32854032071989,-2.11865766039125,0.0980185547626304,-0.670382105255186,-14.1978391519162,"chr19:46750027:C:T"
0.622139803098846,0.961013901215802,0.121026878457516,-0.974086352619306,-4.40797589387823,"chr19:46750709:G:T"
0.363792128070574,0.536478225214794,0.0980240484807929,-0.551557832862706,-3.54916428505424,"chr19:46751283:C:G"
-1.58403996815764,-1.724583466349,0.138402977685906,0.377779199637113,-9.02094208860145,"chr19:46751870:A:C"
1.21205928520876,0.595349782450168,0.120010016867795,1.7802126880514,-3.54656791157989,"chr19:46752757:C:T"
1.10086908832796,1.240271159467,0.0984458217941586,-0.444294136672284,-7.75574263399678,"chr19:46753087:A:G"
-1.04948963604774,-0.991468505600238,0.0992718620953694,-0.184150584622491,-6.96734620693513,"chr19:46753207:C:T"
-5.0735307393138,-4.86551450578124,0.101800620775248,-0.651961597683327,-37.3741950240946,"chr19:46753285:C:T"
-1.83022491539514,-1.78683108124069,0.103607921182098,-0.134812929120526,-11.2301091652141,"chr19:46753945:G:T"
-0.951343140944705,-1.03600892852363,0.100296272863722,0.26734099213295,-6.74133864689907,"chr19:46754224:A:G"
1.75642986841028,1.5481295989859,0.10065650673335,0.656551661293141,-10.1305545566128,"chr19:46754411:C:T"
-1.03364359910233,-0.987629914278211,0.0988330589874425,-0.146364547593152,-6.9302783082046,"chr19:46754547:A:G"
-1.84944662565288,-1.94414103828713,0.106027787748738,0.290813460694353,-11.5928821399272,"chr19:46754638:A:G"
-4.17892907227176,-4.00451122019097,0.102444908403772,-0.544936307590382,-33.9259536245013,"chr19:46754939:C:G"
0.867180792167597,0.831216309696547,0.0995340072014104,0.113995595258863,-5.90780430485759,"chr19:46755417:C:T"
-4.18563614274041,-3.99335915361939,0.102973233993953,-0.599190800076255,-33.7126714192611,"chr19:46755585:C:T"
1.58428387988551,1.92467978522075,0.196488084954333,-0.767920421994941,-7.85315812495204,"chr19:46755699:C:T"
-1.15650407650962,-1.11238654683058,0.137581853366966,-0.118940732491132,-6.63030482322894,"chr19:46758940:C:T"
0.91016402265918,0.826316529016173,0.103494072089991,0.26063476723894,-5.87936382452122,"chr19:46759685:A:C"
-0.996958076119949,0.353012211691426,0.195177255657612,-3.05569220553943,2.36840234415055,"chr19:46760128:A:T"
0.837477204558762,0.846242147079882,0.0991187800035923,-0.0278401197155854,-5.88271112910563,"chr19:46760253:A:T"
0.139833070457744,-0.159706242122374,0.23757850007877,0.614540148054672,0.289455589698212,"chr19:46760611:A:G"
0.881195583569848,0.844234991841638,0.0991187800035922,0.11739806575944,-6.00243228251194,"chr19:46760721:A:AG"
-0.861054514641666,-0.845159688797879,0.0991187800035922,-0.0504867947830942,-5.95124026532857,"chr19:46760927:C:T"
0.868932346471108,0.837938380146936,0.0986644227702649,0.0986726670720523,-5.95993953292654,"chr19:46761430:G:T"
-1.40480352834113,-1.23311694210205,0.0989481663019515,-0.545798691537471,-8.47484001854452,"chr19:46761896:C:T"
-1.37561679828602,-1.58899207553232,0.098816560343269,0.678780304105329,-9.2336957500959,"chr19:46762028:TTA:T"
0.867845889056023,0.837983051576625,0.0986644227702649,0.0950715952134658,-5.95722783446998,"chr19:46762125:C:T"
-0.568484556710987,-0.596293107055733,0.101082404139156,0.0874662623509067,-4.37663456669997,"chr19:46762703:A:G"
-0.576687010794549,-0.595746566302999,0.101082404139156,0.0599480397836964,-4.39850791094919,"chr19:46763373:C:T"
-2.84801104224556,-2.66305868036031,0.100541526997544,-0.583293508649306,-18.6565019161545,"chr19:46763378:A:G"
0.848963202377183,0.838759443360165,0.0986644227702649,0.0324847780319238,-5.90696857710999,"chr19:46764182:C:T"
-1.76189817388195,-1.62950276558222,0.105454323918629,-0.407700014998313,-10.3591560510792,"chr19:46764201:A:G"
-1.63403135010314,-1.80261627917206,0.103834378141895,0.523176423207213,-10.4827099586472,"chr19:46764948:A:G"
-1.25842239234252,-1.62115301539187,0.12365867603382,1.03150639708841,-7.73096960725948,"chr19:46764983:C:T"
1.19011150237976,0.7639095842381,0.119101513132523,1.23497100272391,-5.05032780120504,"chr19:46765116:G:T"
-0.951714102751331,-0.822490617377852,0.103494072089991,-0.401683241427817,-5.9223401247482,"chr19:46765278:C:T"
-0.760461951551505,-0.842398313460772,0.0986644227702649,0.260853331103448,-5.59306008957834,"chr19:46765357:A:C"
0.183576107256638,-0.520172165063725,0.140894972491453,1.87486323712308,1.78690761486226,"chr19:46765367:G:T"
-0.860788529211952,-0.838273226184171,0.0986644227702649,-0.071679919131679,-5.93913600505628,"chr19:46765516:A:C"
1.4424794431246,1.23586972792239,0.0989118046955781,0.656941467250396,-8.48208593287572,"chr19:46765721:A:T"
-0.792614463078438,-0.591474115459337,0.0977286794738215,-0.643410554939836,-4.7005027459264,"chr19:46766113:A:G"
0.724066124012174,0.652628587900023,0.0982340274408692,0.227926852035694,-4.94774571218049,"chr19:46766408:C:T"
-0.950641806510549,-0.822589353906353,0.103494072089991,-0.398043158224486,-5.9216070326154,"chr19:46766446:C:T"
0.654908735564712,0.68103881193944,0.100186575026825,-0.0825535804837329,-4.83292769036197,"chr19:46766924:G:T"
0.934200974304524,0.451591304393854,0.0994791238239374,1.53013603764272,-3.28811981206297,"chr19:46767185:A:G"
-3.98128952657443,-4.04034325185979,0.102687232020815,0.1842846133186,-32.9993139127596,"chr19:46767708:C:T"
4.02037135763618,4.03707735246117,0.102687232020815,-0.0521331682556797,-33.261152691635,"chr19:46767933:A:G"
0.659309870180406,0.771464250215928,0.100267392711412,-0.354190067393807,-5.00340115463343,"chr19:46767996:C:T"
0.462730269103015,0.576367933579217,0.0976456114615207,-0.36366033519343,-4.02448950290272,"chr19:46768826:A:G"
-1.24154377322798,-0.750703280838786,0.119101513132523,-1.42226899800553,-4.81285465385429,"chr19:46768858:A:G"
4.04789039136552,4.1057918538131,0.103075730265222,-0.180347996842434,-33.7719699080635,"chr19:46769165:A:G"
-0.672602883738981,-0.599271023409999,0.0975496871060366,-0.23479008996484,-4.66949087724473,"chr19:46769468:C:G"
-0.774479904425985,0.0216952783969377,0.140230719480295,-2.12611648656604,0.209967271468433,"chr19:46769495:T:TA"
-0.606174571579676,-0.0538922994713764,0.118748389708327,-1.60268155358445,-0.633639768836956,"chr19:46769663:A:AT"
0.636250094564802,0.600338115763471,0.0975496871060366,0.114981083198399,-4.60825889896706,"chr19:46769760:A:G"
-1.69484620897216,-1.74910133190793,0.10337942532321,0.168742195367949,-10.7152037574523,"chr19:46770011:A:G"
-0.627306169061247,-0.188017425913906,0.112538396723059,-1.30948254168584,-2.05714275975233,"chr19:46770188:TA:T"
-1.07500042790105,-1.02484211726146,0.0979277169533969,-0.160283968235595,-7.19674526023381,"chr19:46770322:C:G"
1.02366773361441,0.787633821070364,0.1019735199517,0.739146798330577,-5.78275262102915,"chr19:46770338:C:G"
0.706260427452864,0.627515906948515,0.099217670313922,0.249991838313314,-4.80158942139895,"chr19:46770811:A:G"
-0.618413181473377,-0.600861696869679,0.0975496871060366,-0.0561954194347647,-4.57080951270629,"chr19:46770814:C:T"
-1.77721805213303,-1.6700335034038,0.100590895571155,-0.337950307892762,-10.7987362494327,"chr19:46770881:C:T"
0.617320695891366,0.600893765468465,0.0975496871060366,0.0525948810590174,-4.56835715933888,"chr19:46770915:A:G"
1.06689054248519,1.00493038783097,0.0978125616043777,0.198114004597585,-7.10451763921835,"chr19:46770957:C:T"
-0.63597498248737,-0.600346191347239,0.0975496871060366,-0.114074387852723,-4.60771833644854,"chr19:46771038:TAAAC:T"
4.14282174158755,4.08130033556586,0.103499636731389,0.191230358677554,-34.117956962893,"chr19:46771075:A:G"
-0.687439263445608,-0.598835519348335,0.0975496871060366,-0.283686803450678,-4.688674238969,"chr19:46771402:A:G"
0.685013669873313,0.598906719726969,0.0975496871060366,0.275692700018251,-4.68576770991419,"chr19:46771439:A:G"
0.619089554258906,0.600841842760989,0.0975496871060366,0.0584245620529425,-4.57231861800834,"chr19:46771850:A:G"
-0.619903937676427,-0.600817937516369,0.0975496871060366,-0.0611085505610425,-4.57412633385156,"chr19:46771906:A:G"
1.02086926085983,0.662910945928309,0.101921982078115,1.12123984991629,-4.86287630075205,"chr19:46771964:C:T"
0.551238793512548,0.707489067333951,0.0978529588427129,-0.499498060197474,-4.47932257369821,"chr19:46772547:A:C"
-0.553070755420566,-0.707429429739819,0.0978529588427129,0.49345102898987,-4.48864298039407,"chr19:46772568:TCGC:T"
2.38444565030395,2.26327682031208,0.103514382940614,0.376608888321398,-14.735087983132,"chr19:46772799:A:AT"
1.02358519004492,0.991812553170805,0.0988949446986127,0.101033689656603,-6.91887535417636,"chr19:46772953:C:T"
-0.763091302890524,-0.678875356934971,0.0998789696280338,-0.266475511498962,-5.08537098798905,"chr19:46773116:G:T"
4.18955792700151,4.3381424489143,0.102978552105222,-0.463020458376423,-35.8482346094328,"chr19:46773197:A:G"
-1.07715575010903,-0.658661840685472,0.101921982078115,-1.3108566797302,-4.69227930667319,"chr19:46773578:C:G"
-1.43818690012524,-2.01403762585271,0.105775855557614,1.77058444743602,-8.4565671296335,"chr19:46773636:A:G"
1.03442156151998,1.11722806665915,0.098113647854883,-0.264362435374107,-7.31282143255837,"chr19:46773658:A:G"
-0.636883186382665,-0.82840216440061,0.10111610515106,0.602284448088286,-4.90219466018103,"chr19:46773772:C:G"
-0.69736273121579,-0.682420270478188,0.0998789696280338,-0.0472808305235579,-4.96281932520606,"chr19:46774085:A:T"
-0.693727444944186,-0.682616330961619,0.0998789696280338,-0.0351577097215104,-4.95402204822388,"chr19:46774105:G:T"
1.0635158873321,0.659691523176068,0.101921982078115,1.26490697539871,-4.73700669452133,"chr19:46774455:C:T"
-1.08210884557236,-0.953385485723219,0.104083366905702,-0.398994308503974,-6.70684849994216,"chr19:46774559:A:G"
0.875297111912225,0.704666723559946,0.0997054761800685,0.540377021552368,-5.32563078096423,"chr19:46774634:C:T"
0.841208592494339,0.706442799920157,0.0997054761800685,0.426795826356731,-5.31303748221247,"chr19:46775602:C:G"
-1.88954160594005,-1.63343183526712,0.104583877647626,-0.791942731569204,-10.4302057029194,"chr19:46775681:A:G"
-0.913209888836658,-1.25771794030895,0.0995020602670522,1.09215263924869,-6.47767845971558,"chr19:46775940:G:T"
1.68888782097121,1.65421540569839,0.104583877647626,0.107214055867943,-10.3813652070596,"chr19:46775995:C:T"
0.60617952071696,-0.201747418107326,0.156845830872489,2.04002551621529,1.92772402851539,"chr19:46777006:G:T"
-2.06480005627722,-2.60759863779076,0.114448525942356,1.60447739309001,-12.2113249568084,"chr19:46777432:C:G"
-0.940488097165302,-1.12054436550816,0.098113647854883,0.574835437427194,-6.83751755757758,"chr19:46777532:C:T"
-4.16194871792144,-3.96392745843886,0.1030321694713,-0.616915093947929,-33.3328187998283,"chr19:46777995:C:T"
2.5430665032937,2.76201655241353,0.104736325684707,-0.676544518902174,-17.1118034015271,"chr19:46777998:A:C"
0.928630697702102,0.670127279365898,0.134160719558223,0.705754410590838,-4.58107263639914,"chr19:46778274:C:CA"
-1.17698264602822,-1.19969541573005,0.107981553069427,0.0691186604283037,-7.69878122404855,"chr19:46778905:A:G"
-1.87426678409957,-2.18571224886443,0.103358441273429,0.968744021917558,-11.9826488591231,"chr19:46778983:A:G"
-3.75535783578372,-3.57486892589329,0.105077576644964,-0.556795219352779,-27.7950156989298,"chr19:46778988:C:T"
-1.99947913186752,-2.13907822513363,0.10226831494676,0.436527941349527,-12.8987399057565,"chr19:46779373:A:G"
-0.65284870046588,-0.69542860114751,0.102109090204073,0.133251602555581,-4.82330279540602,"chr19:46779946:A:G"
4.04369374723373,3.88623821331143,0.102942381865005,0.490750581179406,-32.1657583903744,"chr19:46779998:A:G"
0.673987129627018,0.693791111436983,0.102109090204073,-0.061975539419187,-4.88680925479119,"chr19:46780146:C:T"
-2.13748977001976,-2.05604292470618,0.105369026376791,-0.250909892199146,-12.9718178145643,"chr19:46780402:A:G"
-2.14336854354688,-2.05538530026059,0.105369026376791,-0.271046300237893,-12.9818545550245,"chr19:46780413:G:T"
2.0804235716735,2.06242659076789,0.105369026376791,0.0554425468727607,-12.8430204758946,"chr19:46780787:A:G"
1.99229772327262,2.07228472051717,0.105369026376791,-0.246412599268791,-12.5320487461052,"chr19:46781058:G:T"
1.05846584421401,1.21579796846017,0.10767634148248,-0.479465387312123,-7.24706879634059,"chr19:46781146:C:G"
2.17421922444592,1.71403983328987,0.10723374888698,1.40527532486306,-10.4324326266702,"chr19:46781814:A:T"
-2.10700454305028,-1.7228813169163,0.10723374888698,-1.17301839623199,-10.6698779142852,"chr19:46782126:C:T"
-3.97479255677481,-3.70217277922003,0.103678469632151,-0.846667852283786,-29.9687163071784,"chr19:46782332:A:C"
3.95763663482944,3.70378587002741,0.103678469632151,0.788377438215562,-29.9407485345136,"chr19:46783234:C:T"
-0.289560285980214,-0.489742056683464,0.112339807626007,0.597252104267151,-2.91528739199776,"chr19:46784148:C:T"
-0.0127283494406685,-0.398512713738015,0.110551525764918,1.16027851769924,-0.131830936351365,"chr19:46784250:C:T"
1.47728015980263,2.23670277869862,0.109567499537361,-2.29426010305237,-8.08245925249303,"chr19:46784682:C:T"
-2.15463799904441,-1.53612279766825,0.11380031130487,-1.83349045244987,-8.63810864955007,"chr19:46784893:A:C"
-3.17011177593992,-2.73681746754555,0.116590899473676,-1.26896796332118,-17.5937309025633,"chr19:46785388:C:T"
-0.733239862775747,-0.819349784920155,0.102888408206442,0.268454057509953,-5.3406086383351,"chr19:46786674:A:C"
-0.290339774182205,-0.822088457043066,0.109607844106319,1.60614816184226,-2.29828521411166,"chr19:46786702:C:T"
-0.386426618795993,-0.422224639400566,0.115251169866318,0.105447513287886,-3.26069121145171,"chr19:46787394:G:T"
0.767275871504762,0.816433290361455,0.102888408206442,-0.153251892699017,-5.4696022342433,"chr19:46789526:C:T"
0.66300569092113,0.688832697842499,0.103215941415328,-0.0803897521890735,-4.82208973312205,"chr19:46789839:C:T"
0.825448110037476,0.81144859845771,0.102888408206442,0.0436445138162258,-5.64451248484735,"chr19:46791024:G:T"
-0.774542523725135,-0.815810621827412,0.102888408206442,0.128656351154236,-5.49460243109096,"chr19:46791533:C:T"
-0.774720670531812,-0.815795356694636,0.102888408206442,0.128053375113568,-5.49520406628564,"chr19:46791624:A:C"
-0.900463937212918,-0.805020604696345,0.102888408206442,-0.297551655352525,-5.78452139090157,"chr19:46792101:C:T"
-0.776925395726005,-0.815606437098239,0.102888408206442,0.120591010263282,-5.50260519786242,"chr19:46792395:A:G"
-1.32939306238918,0.0313037540728778,0.18624091842536,-3.15299887922947,0.109811856298333,"chr19:46794338:C:T"
-0.623373048620954,-1.22028510659235,0.113837016591546,1.76916606044362,-3.81015102329414,"chr19:46794744:C:T"
0.354401433840066,0.324616058313213,0.101410262527793,0.0935324103707964,-2.87726855068053,"chr19:46795883:C:T"
0.286928691933784,0.38515335885595,0.10130206145878,-0.308611015207697,-2.77434420005862,"chr19:46796562:A:G"
0.261738965393382,0.386890170736954,0.10130206145878,-0.393211214105229,-2.59553329167541,"chr19:46796809:A:G"
0.40189189594983,0.377226736139612,0.10130206145878,0.0774951979763202,-3.35034233887259,"chr19:46796878:C:T"
-0.352427731620074,-0.449245391766988,0.102006388857876,0.303138359432624,-3.35889579493386,"chr19:46796933:A:G"
-0.361250081235983,-0.380028957376419,0.10130206145878,0.0590011471838521,-3.19295306544557,"chr19:46797073:G:T"
0.39834403020189,0.529360745058355,0.102128611786738,-0.40997086222668,-3.67625587614029,"chr19:46797105:C:T"
1.26049163302423,0.724753271713494,0.136484453624106,1.45014407401208,-4.36568110311563,"chr19:46797169:C:T"
0.389083061148184,0.25059601586781,0.10180649100222,0.43403166517418,-2.5076761253624,"chr19:46797395:A:G"
-0.413494280700032,-0.376426760814368,0.10130206145878,-0.116462038524506,-3.38611646092766,"chr19:46797649:A:G"
0.379446014543138,0.37877436205148,0.10130206145878,0.00211025767571692,-3.26965617967212,"chr19:46797915:A:G"
0.335312842767671,0.381817309618348,0.10130206145878,-0.146111879797489,-3.06596628456865,"chr19:46797963:A:C"
-0.122212880555877,-0.617146049975034,0.102970631698905,1.5423746255637,-1.43396964833166,"chr19:46801157:A:G"
-0.129391288875187,-0.61652471472401,0.102970631698905,1.51806805790547,-1.51233148189829,"chr19:46801426:A:C"
0.64145324449842,0.462766737940347,0.130047841986574,0.495496034583442,-3.7410062504561,"chr19:46801867:C:T"
-3.18967879883551,-2.36026132899063,0.138901408528341,-2.22546031236051,-12.3762704897988,"chr19:46802503:G:T"
2.96409024091897,2.56812434513175,0.138812660940229,1.06277968038406,-14.5046459724189,"chr19:46802804:C:T"
1.14872523909736,0.910596666376671,0.12472969289019,0.674258736531098,-6.00946452835728,"chr19:46802938:A:G"
-1.14771073493489,0.271046395046867,0.141638466312005,-3.76979252845993,1.26962236061523,"chr19:46805738:C:G"
0.678962214873716,0.970701101495346,0.114075107237334,-0.863771515663559,-4.86762987390852,"chr19:46808552:G:T"
0.728861938895044,0.874344477304402,0.121407058469772,-0.417531169242846,-5.0406032567878,"chr19:46808822:A:G"
-1.31698725565271,0.617175407908905,0.224188936198807,-4.08494212102592,3.12544899131303,"chr19:46809249:G:T"
-0.528987273337622,-0.939494194045505,0.125691730301702,1.15788954039616,-3.76194785353845,"chr19:46810074:A:G"
1.22598214268723,0.950961585995208,0.112795758499904,0.818877186985722,-6.48445606818292,"chr19:46810991:C:G"
0.307382085246099,-0.096269845765508,0.181830380513098,0.946615934315415,0.493146968066662,"chr19:46811903:A:G"
-1.14446177086887,-0.785773011817245,0.112130144896167,-1.07116549591366,-5.42487774802902,"chr19:46814282:C:T"
-2.20919093115812,-0.952226988729993,0.15709640327372,-3.17131731394769,-4.34429378984649,"chr19:46818596:A:C"
-1.49673022653349,-1.56338054485875,0.123600411536631,0.18957989115289,-8.9441541738486,"chr19:46820127:A:G"
-1.56861677536351,-1.47109913727714,0.123843360179132,-0.277106562183522,-8.85668569788544,"chr19:46820451:C:G"
-1.05744367381721,-0.830025559865252,0.113411692887255,-0.675299047088781,-5.78483279067917,"chr19:46820784:A:G"
1.472610868876,1.57071870449318,0.123600411536631,-0.279057523878341,-8.87161200978131,"chr19:46821815:C:G"
0.969941617689784,0.76694646787266,0.116265504521966,0.595333362534157,-5.3640886288776,"chr19:46824624:G:T"
-0.975000591076955,-1.11862483116173,0.123854376366348,0.408105140704833,-6.34692009892987,"chr19:46824880:C:T"
-0.958698072473319,-0.84945190300438,0.113411692887255,-0.324397352781043,-5.82256444626874,"chr19:46825144:A:C"
0.952034505731268,1.18829937773905,0.123934876900005,-0.671123405919162,-6.25838236301686,"chr19:46825289:A:C"
-0.436422222102048,0.0435595552046844,0.132206702307366,-1.32007319729826,0.412374515841443,"chr19:46836196:C:T"
0.304451389288172,0.0990497711194868,0.131524959485331,0.566369388560713,-0.687175302177243,"chr19:46837079:A:G"
1.07528920076,0.0205365170715307,0.13648680691583,2.85499467293001,-0.0898648821775523,"chr19:46838982:A:T"
1.2730190283542,1.97854209283991,0.174447617592517,-1.68919075022878,-6.1684155560499,"chr19:46839156:A:G"
0.978764886864473,0.0630286508308296,0.13648680691583,2.47870625608878,-0.344218234769094,"chr19:46839460:C:T"
0.823585852565478,0.428427669456388,0.13230160840683,1.08639665045189,-3.32154196702462,"chr19:46839610:A:C"
0.191883771797984,-0.319627047039926,0.098883676663976,1.62664401975936,1.76846135293332,"chr19:46854618:A:G"
-0.890464501506864,-0.720131701675007,0.10096778565711,-0.536051936526783,-5.39133159599864,"chr19:46855422:A:G"
0.352834692877487,0.293692705948175,0.0978753560125507,0.189042404917156,-2.73987426255727,"chr19:46855447:G:T"
-0.386315321547413,-0.445716536547967,0.0980402432023405,0.189711272994485,-3.56000231357492,"chr19:46855738:AAGAG:A"
0.404800200512164,0.217340969295492,0.134628672796705,0.510902525393839,-1.83540585461557,"chr19:46856323:C:T"
-0.0694285401696533,0.671865399149077,0.110855385340302,-2.22644541146452,0.771707360962022,"chr19:46856603:CGTTT:C"
0.851128315200258,0.721887329434758,0.10411758382634,0.400532924141521,-5.30493706479999,"chr19:46857294:C:T"
0.404055905942139,0.17421164211461,0.0971753051154237,0.73731948856082,-1.94368365305245,"chr19:46858223:C:T"
-1.50689554040081,-1.2403156831688,0.0972512273119867,-0.854830059887652,-8.501913745085,"chr19:46859141:A:T"
-0.434659972803751,-0.00106437208126946,0.0988316880316985,-1.37923020828896,-0.0128786448589673,"chr19:46860134:A:G"
0.0748623690580682,0.257770583968217,0.110723660106434,-0.54968387173863,-0.526049870580333,"chr19:46860163:G:T"
-0.867479399612357,-0.612732338037076,0.0975506021628499,-0.815631905532071,-4.79299209332285,"chr19:46861927:CT:C"
0.969314094442773,0.694310456337328,0.100208321023076,0.868733454807586,-5.21656027943424,"chr19:46863144:C:T"
-0.0930353497808144,0.179486534632971,0.0975892915048324,-0.87236915353862,0.52200122069803,"chr19:46863828:C:T"
-1.37316962935387,-1.24381989298445,0.0972512273119866,-0.414780186452305,-8.5764027348974,"chr19:46865044:A:G"
1.28279758424177,1.24618803992818,0.0972512273119867,0.117394237070252,-8.45994239334433,"chr19:46866496:C:G"
0.148914258415976,1.67118686984765,0.211183749228168,-3.31254804340559,-0.502350920161176,"chr19:46867867:A:T"
0.808800467024552,0.614455354037531,0.0975506021628499,0.62224103334596,-4.83708162900554,"chr19:46868359:A:G"
0.00387311341271146,0.274583777667188,0.115516197638162,-0.796496592085078,-0.0278016544411401,"chr19:46869095:A:T"
1.31240063314796,1.24541230922843,0.0972512273119866,0.214808551338002,-8.51334811560366,"chr19:46869803:C:G"
0.428547628173423,0.56762313232864,0.0970690580182948,-0.446385660824206,-3.87802160229768,"chr19:46872705:C:T"
-0.439898263215752,-0.567347514495028,0.0970690580182948,0.409069293686367,-3.92897542611783,"chr19:46872844:A:G"
0.261303028657615,0.177838033523493,0.0971753051154237,0.267748111265465,-1.40695826441576,"chr19:46873129:C:T"
0.00938114653336505,0.176437420880429,0.0975892915048323,-0.534763440957962,-0.0519768035338603,"chr19:46874162:C:G"
0.135063699284147,-0.540548696556952,0.114310556331746,1.99827124990883,1.56134730394151,"chr19:46874661:C:T"
0.0143531820094511,-0.17714403231679,0.0975892915048323,0.613001275571454,0.0798307129849287,"chr19:46875600:A:G"
0.438440907271346,0.567382902232075,0.0970690580182948,-0.413860499576535,-3.92255424769465,"chr19:46875768:A:G"
1.254576150895,1.23343558707025,0.111190139385262,0.0633991490179301,-7.90494991314387,"chr19:46877025:A:G"
-1.31170717788176,-1.24543048082085,0.0972512273119866,-0.21252660837173,-8.51226812927231,"chr19:46879333:A:T"
0.915109362024206,-0.0504049467343518,0.134786295657165,2.62987947408414,0.327647502691372,"chr19:46879780:A:G"
-0.719851907886708,-0.0594178583555421,0.0992406122508329,-2.09645110693603,-0.565514989849666,"chr19:46881242:A:G"
-0.389990591615844,-0.104672921461228,0.0975591888277066,-0.913470609491797,-1.17253752253868,"chr19:46882447:C:T"
-0.987266254208773,-0.435360479251982,0.114699663960164,-1.62961069272339,-2.91890368868788,"chr19:46883568:C:T"
0.156858572857456,0.0526736101612253,0.111058263359078,0.31262924481895,-0.228619167520123,"chr19:46885049:A:G"
0.358826607669552,0.105590827282518,0.0975591888277066,0.810757505940373,-1.11170821954136,"chr19:46886056:C:T"
-0.992318503409318,-0.43429787998753,0.114699663960164,-1.64766598928868,-2.89219207322171,"chr19:46886113:A:G"
-0.0337057297262171,-0.175713236556546,0.0975892915048324,0.454579891065207,-0.185911884914767,"chr19:46888058:C:T"
1.30589478896701,1.24558279109586,0.0972512273119866,0.193399866319495,-8.50289390542967,"chr19:46888829:C:T"
-0.871927314798256,-0.57694430117632,0.0977882321285934,-0.943308419571033,-4.52695661672488,"chr19:46889045:A:G"
0.49513475865772,0.36821128740226,0.0984751125737772,0.404462906327907,-3.55020446344359,"chr19:46889487:A:T"
-0.964958707086929,-0.694560490239697,0.100208321023076,-0.854184979929016,-5.22280643763064,"chr19:46891431:G:T"
-0.362408143867886,-0.569229141271108,0.0970690580182948,0.663825942310604,-3.53654929736071,"chr19:46892026:A:C"
1.30438101744608,1.2456224585992,0.0972512273119866,0.188418520812232,-8.50035798691485,"chr19:46892282:A:G"
-0.388743638024074,-0.56113702292645,0.097850410034666,0.551111244385576,-3.67698294332,"chr19:46893915:A:G"
1.09274765254481,1.25116818798552,0.0972512273119867,-0.508000256299752,-7.75753897639033,"chr19:46893932:C:T"
0.146524438263755,0.563616537233356,0.110504125754693,-1.25470814286977,-1.71436023531107,"chr19:46894238:C:T"
-1.09706998115511,-1.25105492387519,0.0972512273119866,0.493776833606152,-7.78042678338087,"chr19:46895794:C:T"
-1.74003637069417,-1.4644327051832,0.186866326961912,-0.637557655264404,-7.55212516285413,"chr19:46896009:A:G"
0.96729263608385,0.65428908900868,0.100600358471268,0.986846249759461,-4.9148980092199,"chr19:46896014:A:G"
-0.369266718734149,-0.569062600320822,0.0970690580182948,0.641277679874414,-3.57562969788521,"chr19:46896132:A:G"
-1.25616827716915,-1.24688584545067,0.0972512273119866,-0.0297655709782538,-8.39907236540646,"chr19:46896810:A:G"
-0.228847838638393,-0.164006898451021,0.115090043601102,-0.191130689341917,-0.981001857184721,"chr19:46897201:C:T"
-1.30277070704107,-1.2456646558479,0.0972512273119867,-0.183119496230036,-8.4976174397617,"chr19:46899517:A:C"
-1.56021487822666,-1.33000212206336,0.0995763202508405,-0.729543760921185,-8.9472404788615,"chr19:46899698:C:CA"
-0.104022684524785,-0.329082474034928,0.0971692322443764,0.721993890698691,-1.02526483526412,"chr19:46900290:C:T"
0.34228050897299,0.461667148280923,0.0969228905797464,-0.38347984946113,-3.39705518289579,"chr19:46900597:C:T"
0.341840505698651,0.280935572690975,0.097057931873006,0.195495584731723,-2.61265155295614,"chr19:46904910:C:T"
-0.341629805378837,-0.280940664210848,0.097057931873006,-0.194802925700724,-2.61161198123142,"chr19:46905251:C:G"
-1.09678740060256,-1.04518688728421,0.0994454823641986,-0.163629458301376,-7.27382652601852,"chr19:46905435:G:T"
0.2764954649318,-0.125195830832135,0.125933826135644,1.13193430466036,0.82553944441363,"chr19:46905558:C:G"
-0.0376044524160984,-0.292071676408114,0.0972203651396141,0.816118510270251,-0.336766034598175,"chr19:46905830:A:G"
-1.88072436089786,-0.665888853926449,0.127766187550962,-3.39867399818193,-3.4224924895738,"chr19:46908530:CAGTG:C"
-0.298729742096227,-0.281977333377507,0.0970579318730061,-0.0537726876362891,-2.37653296003073,"chr19:46908967:C:T"
1.07050677853966,1.25175099716878,0.0972512273119866,-0.581187970740711,-7.63474499461228,"chr19:46910456:A:G"
-0.217841768293274,-0.139782674803508,0.112755243333908,-0.232463691559597,-0.816718097140645,"chr19:46911729:A:G"
1.09347715260071,1.25114907186033,0.0972512273119867,-0.505599701278249,-7.76142420571041,"chr19:46912722:A:T"
-0.0242288960660906,0.293671846696877,0.0972203651396141,-1.01956030536042,0.218191071064752,"chr19:46913353:C:T"
-0.16982603215288,0.40597493165919,0.12215258342143,-1.64748344538721,1.58755318045708,"chr19:46915499:C:T"
-1.05144812643836,-1.25225041807565,0.0972512273119866,0.643903994728619,-7.52286960369873,"chr19:46916646:A:ATT"
1.25279406198917,1.24697426479933,0.0972512273119866,0.0186620910971644,-8.39048887697722,"chr19:46917994:A:G"
-0.111062226853393,-0.263978007952903,0.112401889263622,0.456105702392,-0.783555635683248,"chr19:46918066:G:T"
0.323543342970743,0.450624794053055,0.239474064596634,-0.259688622327174,-1.75314784604723,"chr19:46918459:C:T"
1.03776752347035,1.25260891032916,0.0972512273119866,-0.688922552145506,-7.43881308402002,"chr19:46923161:A:G"
-1.63580737179363,-1.16737234278624,0.111190139385262,-1.40480558869862,-7.2668607242779,"chr19:46923339:C:T"
0.473496232507099,0.458683331868201,0.0969228905797464,0.0475802731362252,-3.87673834472043,"chr19:46923953:A:G"
-1.5581431713319,-1.18083070811931,0.111190139385262,-1.13153505648342,-7.59389962074071,"chr19:46924074:C:T"
1.1171724143451,1.25052815129124,0.0972512273119866,-0.427626054660299,-7.88267821838851,"chr19:46925711:C:T"
-0.194039773246717,-0.0922841567144198,0.0980148096130547,-0.325021836319485,-0.556043475932505,"chr19:46926541:C:G"
1.51993476024782,1.61040653804163,0.119474664458671,-0.261743083670033,-9.21566702386108,"chr19:46928108:C:T"
-1.51455228693553,-1.36797879494353,0.125904428706145,-0.413080725690004,-8.35075320388079,"chr19:46928588:C:CG"
-0.00316238385955569,-0.162203653120229,0.108414579827988,0.483020972010524,-0.0145428075106763,"chr19:46931542:A:C"
1.5320674193539,1.60724345321405,0.119474664458671,-0.217491104966279,-9.25402987632826,"chr19:46933947:A:G"
-1.30937378960434,-1.24549162590515,0.0972512273119866,-0.204848162152021,-8.50857398736229,"chr19:46934197:A:C"
-0.397639209149863,-0.460408303732985,0.0969228905797463,0.201619570507063,-3.64959657380294,"chr19:46934699:G:T"
-0.280370941078824,-0.282420969155533,0.0970579318730061,0.00658027876858959,-2.26290787363368,"chr19:46938589:C:G"
-1.15757176908761,-1.24946950966879,0.0972512273119866,0.2946844967967,-8.06717455254419,"chr19:46938947:G:T"
-0.482261327348415,-0.45848401555807,0.0969228905797464,-0.0763747099240596,-3.89522383385182,"chr19:46939651:A:G"
-1.32973935697605,-1.24495795804284,0.0972512273119866,-0.271864832849545,-8.53769486717295,"chr19:46939919:A:AC"
-1.23885183619385,-1.24733961272705,0.0972512273119866,0.0272173846798679,-8.35294127743847,"chr19:46940009:A:G"
-0.168697531128207,-0.221110789570645,0.097036569488414,0.168257116747582,-1.14872055267757,"chr19:46941819:CA:C"
0.503991792507369,0.105004658811448,0.115090043601102,1.17608852804248,-1.2001409967666,"chr19:46942530:A:G"
1.26938521798794,1.24653950319442,0.0972512273119867,0.0732583622329926,-8.43080709510781,"chr19:46942599:A:T"
-0.439799361524874,-0.459449591230922,0.0969228905797463,0.0631181778231978,-3.7912781450329,"chr19:46943305:A:G"
0.337770319085799,0.281033927719876,0.0970579318730061,0.182115199178543,-2.59236052412561,"chr19:46943434:A:G"
0.379175774734344,0.460828158131224,0.0969228905797464,-0.262274270175367,-3.57424578043163,"chr19:46943901:C:T"
-0.0553823561522711,0.214009685348346,0.0993314471709626,-0.854754468830478,0.362948649570592,"chr19:46951450:C:CT"
0.743218411576286,0.654014746892059,0.106048622929157,0.273924059873759,-4.84056687581083,"chr19:46952058:A:G"
-1.2798772558969,-1.24626456543599,0.0972512273119866,-0.107784355870038,-8.45386152817226,"chr19:46952639:A:T"
-0.289518838549739,-0.0180795844320861,0.0979687050316442,-0.867219369801238,-0.159602334973131,"chr19:46956144:A:G"
0.870664297483015,0.543962077435775,0.100569603924821,1.03019328748644,-4.243824167743,"chr19:46956219:A:T"
-0.454193788198473,-0.479137457635698,0.0976899066704208,0.0798059910436695,-3.86726474524525,"chr19:46956233:A:G"
0.0931481491760456,0.290634274496923,0.0972203651396141,-0.63337069453383,-0.825689490409898,"chr19:46956493:C:G"
-0.0373509513788351,-0.292078236700224,0.0972203651396141,0.816952570002493,-0.334507545540806,"chr19:46956999:A:G"
0.230474246134363,0.0134644754797862,0.127124395267826,0.608646092197024,-0.0745040895578532,"chr19:46957051:C:T"
-0.417003175526929,-0.426091413887091,0.0971549969193303,0.0291572887475779,-3.63316803689074,"chr19:46957109:A:C"
-0.197115469263683,-0.0685656666573835,0.108674956571899,-0.389947981333456,-0.379772414561315,"chr19:46958110:A:G"
0.319006488031689,0.462196394348423,0.0969228905797464,-0.45993792971309,-3.26575373234332,"chr19:46959107:C:T"
-1.29509524575299,-1.02622725126345,0.0984161523937732,-0.857049521272787,-7.29149903386572,"chr19:46960372:C:T"
-0.114842823594634,0.0326136344374328,0.0977736497393762,-0.471577292021066,0.11815995580132,"chr19:46960515:A:G"
0.0932071800932925,0.290632746850077,0.0972203651396141,-0.633176473194295,-0.826201434896258,"chr19:46961137:C:T"
0.131126408348963,-0.126509014224548,0.0990778150281523,0.818497513039814,0.512556833692827,"chr19:46962109:C:T"
-0.0873069759729967,-0.290785436807237,0.0972203651396141,0.652589106459283,-0.774937822688667,"chr19:46963226:C:T"
-0.212070471239138,-0.503679145835149,0.097794402983012,0.932488402421813,-2.47426316883141,"chr19:46963581:C:G"
1.34290829081651,1.24461287378157,0.0972512273119866,0.315199648252234,-8.55278363904023,"chr19:46963744:A:G"
-0.159780070392348,-0.288909923103522,0.0972203651396141,0.414140813000605,-1.38851936133668,"chr19:46966513:C:T"
0.165592243731794,0.288759511273672,0.0972203651396141,-0.39501781535326,-1.43588329952786,"chr19:46966849:A:T"
0.163192343732719,0.288821617706026,0.0972203651396141,-0.402913877524146,-1.41636618912471,"chr19:46966874:C:T"
-0.30987550727531,-0.462404030823015,0.0969228905797464,0.489934347659585,-3.20989853059136,"chr19:46967279:C:T"
-0.186794704764802,-0.288210817906315,0.0972203651396141,0.325258262639938,-1.60570808909102,"chr19:46967493:A:T"
-0.221140507146346,-0.0471519249005804,0.0970412054958997,-0.558525052164113,-0.326346814109557,"chr19:46967605:C:T"
-0.187835795538289,-0.288183875769674,0.0972203651396141,0.321832904301608,-1.61391916581742,"chr19:46967815:C:G"
-0.0145607086584778,-0.160562280651694,0.108414579827988,0.443418375287489,-0.0662896193479793,"chr19:46970387:A:C"
0.130985237972248,0.289655097615979,0.0972203651396141,-0.508880505103063,-1.14937846551823,"chr19:46970596:C:T"
-0.113449783289021,-0.290108893411822,0.0972203651396141,0.566575009218526,-1.00053975254302,"chr19:46970794:A:G"
0.330846712299682,0.19342493060854,0.0985274992311868,0.437801096517481,-1.83689224900467,"chr19:46972095:C:T"
1.53972033366519,1.60524827499852,0.119474664458671,-0.189578295567746,-9.27668435246835,"chr19:46972581:A:G"
-0.114873297980688,-0.290072054618979,0.0972203651396141,0.561891413855831,-1.01270257829279,"chr19:46973564:A:G"
0.363660154133087,0.46118097989798,0.0969228905797464,-0.31324503144098,-3.50418883514483,"chr19:46975527:C:T"
1.34259927856887,1.24462097126801,0.0972512273119867,0.314182786229001,-8.55246312596558,"chr19:46975970:G:T"
-0.0919486978648046,0.0318874998169515,0.0977736497393762,-0.396037851012591,0.092656506731279,"chr19:46977417:A:G"
-0.073657059474923,0.0313073426160624,0.0977736497393762,-0.335684371897181,0.07295147554406,"chr19:46977603:C:T"
-0.110085439909584,-0.368381167776309,0.1118141828721,0.772447151422647,-1.04787486557178,"chr19:46978425:A:G"
0.167450979260645,0.288711409505918,0.0972203651396141,-0.388902272497017,-1.45096011754506,"chr19:46979848:A:G"
-0.0017321089757752,0.347870841495602,0.122296051936956,-0.999698109205826,0.0146071279053718,"chr19:46980738:A:G"
0.0571595899348519,-0.0307840911966957,0.0977736497393762,0.281250774308987,0.0557075821949609,"chr19:46980746:G:T"
1.27926190859123,0.791627037355005,0.114759296702207,1.43946402622745,-5.11561099656615,"chr19:46984930:A:G"
-1.39043870549655,-1.24336736687599,0.0972512273119867,-0.47160727935777,-8.58303409718813,"chr19:46984972:C:T"
1.25706460215683,0.796309587380022,0.114759296702206,1.3601165704038,-5.21665566548866,"chr19:46985016:A:G"
-0.131647802301588,-0.289637951273744,0.0972203651396141,0.506700560464229,-1.15495810425166,"chr19:46985380:C:T"
0.170630883881709,0.288629117522372,0.0972203651396141,-0.378439867982214,-1.47667240419396,"chr19:46985573:A:G"
-0.38693222936741,-0.460651778075429,0.0969228905797464,0.236793343080685,-3.60693852410064,"chr19:46985634:A:G"
-1.395134854838,-1.02237604424287,0.0984161523937732,-1.18821416724329,-7.0630880620068,"chr19:46985821:C:G"
-0.329680916345673,-0.499923131409508,0.097794402983012,0.544390153583577,-3.35498881414515,"chr19:46986301:C:T"
-0.459662041854432,-0.698728388298099,0.103227292577601,0.744082646418235,-3.91290463518237,"chr19:46988460:A:G"
1.26457528103694,0.600363031648414,0.100618016041877,2.09396301062297,-3.58994741012884,"chr19:46989218:A:G"
-1.39519039312479,-1.02237390619534,0.0984161523937733,-1.18839801759269,-7.06292194699757,"chr19:46990420:C:T"
0.360637767351481,0.461249708302179,0.0969228905797463,-0.323173951402134,-3.48980125779342,"chr19:46991688:G:T"
-0.00200006716679234,0.270711669594903,0.110723660106434,-0.819565394618134,0.0147603232240787,"chr19:46992690:G:T"
0.791631678078856,0.504995123468163,0.0973581489187987,0.918640146205774,-4.13914629338243,"chr19:46995774:C:T"
-1.13181704377728,-0.616805344362468,0.115264956488503,-1.51694016156527,-4.01693367380992,"chr19:46996452:C:T"
-1.06673073400564,-0.775084642573406,0.111743042492971,-0.872460782846068,-5.46052575527384,"chr19:46996581:C:T"
-0.160326797656494,-0.288895774480718,0.0972203651396141,0.412341991187234,-1.39298861988382,"chr19:46997505:A:G"
1.54201262218726,1.60465065637418,0.119474664458671,-0.181217531288935,-9.28323744472692,"chr19:46997601:A:G"
0.942328860366548,1.01386096051428,0.120920198098508,-0.205708174847581,-6.12315371751631,"chr19:46998080:C:T"
-0.131640205564857,-0.0610743805232956,0.0981250867981805,-0.225270538195759,-0.252081239304044,"chr19:47003095:A:G"
-0.625139176841198,-0.118699670001304,0.0997841782487753,-1.60323333630961,-1.38361334163286,"chr19:47003106:C:T"
0.0694069304214404,0.196108858620309,0.0976293351825427,-0.405502053837572,-0.424944515815908,"chr19:47003512:C:T"
0.393612491730976,-0.0756586102219692,0.0981246193881458,1.49807935232631,0.855185458733654,"chr19:47004177:C:T"
-0.420326979621751,0.0766048517369455,0.0981246193881458,-1.58638218499722,0.9045557500368,"chr19:47004211:A:G"
0.0331522810181833,0.76360561878474,0.10303427977291,-2.27562977768248,-0.280067903175501,"chr19:47005433:G:T"
-1.10326390448443,-0.768540694533119,0.111743042492971,-1.00132620449922,-5.36879746018661,"chr19:47005887:A:G"
0.182497020254612,-0.600819020846065,0.100269437756727,2.47373247477171,2.08972805436763,"chr19:47006362:A:C"
1.5050377067792,1.14986035936302,0.101037395314894,1.11738847732477,-7.73391177881322,"chr19:47007321:C:G"
-1.49812162242716,-1.15031790283046,0.101037395314894,-1.09419103294518,-7.75422533120528,"chr19:47007488:C:T"
0.675891756318555,0.951501937558871,0.101957760693152,-0.863147689733939,-5.07046693606571,"chr19:47007686:C:T"
0.168970005728638,-0.600033738836323,0.100269437756727,2.42853386926477,1.95830498122298,"chr19:47008261:C:T"
-0.0987757505635417,-0.835238827871596,0.100440769454529,2.32378510029758,-0.653417726348008,"chr19:47008573:G:GTATTGTCCCCTCCTCCTCC"
-0.705863153361884,-0.949228061087507,0.101957760693152,0.762162910384376,-5.27789449220985,"chr19:47008735:A:G"
-0.961038885690749,-1.14692567736332,0.104393369224911,0.575323447969901,-6.78346511357493,"chr19:47011171:A:G"
-1.42690374634792,-1.1550294234405,0.101037395314895,-0.855317035017046,-7.92268398447311,"chr19:47011316:G:T"
-0.752413781013636,-1.19965127328902,0.101037395314894,1.40700983362702,-5.20599704592374,"chr19:47011343:C:T"
0.634893818357185,0.062049929154692,0.103537161651779,1.78027936107209,-0.731793338216819,"chr19:47011373:A:C"
-1.32573359400283,-1.16172247979287,0.101037395314894,-0.515979215748398,-8.02181620381686,"chr19:47012260:C:T"
-1.32561103539487,-1.16173058783314,0.101037395314894,-0.51556813827354,-8.02183052407707,"chr19:47012292:A:G"
-0.665422100294466,-0.059225018695504,0.103537161651779,-1.88393412839791,-0.662249732720634,"chr19:47012605:C:T"
-1.30512433328927,-1.16308591495769,0.101037395314894,-0.446853080962884,-8.0205320249588,"chr19:47012689:A:T"
0.482779458761007,0.174418830539819,0.115378120507013,0.90781466000172,-1.89020041948405,"chr19:47013202:A:G"
-0.0528127523385727,-0.155053940393866,0.108414579827988,0.310514612110118,-0.232102201896667,"chr19:47013320:C:G"
-0.284582147880808,0.1844319352693,0.106081395041682,-1.44001253432839,1.44981999001107,"chr19:47015627:C:T"
0.0656680164179395,-0.077525830506462,0.131614556652924,0.394704787424871,0.119590596577782,"chr19:47015967:C:T"
-1.93368118943178,-1.48382171490898,0.119475568724841,-1.30147945974225,-8.72423693760179,"chr19:47016765:C:G"
-0.918358792647016,-0.887139137650558,0.111566395940496,-0.0934676659076043,-5.93270696732593,"chr19:47018452:C:T"
-0.111708673189914,-0.146572857015403,0.108414579827988,0.10588529655243,-0.462780019097591,"chr19:47020636:A:C"
0.822914140692526,0.418234401854954,0.199143195718339,0.906835942297946,-3.07623655828636,"chr19:47040876:C:G"
-0.519612584639404,-0.485391647350392,0.114335215304051,-0.101204982345047,-3.85337109269417,"chr19:47041770:C:T"
0.469255296184678,0.325083747044535,0.115043529587511,0.4250582660185,-3.07442590415763,"chr19:47041945:A:T"
-0.397566268676444,-0.538902049057679,0.11446214212781,0.417754547862577,-3.5568520980339,"chr19:47042461:C:T"
0.085583224621475,0.244286818722311,0.174818179471027,-0.379571385876719,-0.365471097325551,"chr19:47042685:C:T"
0.542214847594811,0.480724815188197,0.114335215304051,0.181850590226412,-3.87681012460035,"chr19:47043539:A:G"
-0.815811835455616,-0.0623264693128526,0.125683235847745,-2.12537782599829,-0.518658854407727,"chr19:47044435:A:G"
-0.309673736736701,0.0647822792397507,0.156825109116019,-0.945568537282286,0.386453638616148,"chr19:47055799:C:T"
0.855232830580681,1.54945999589379,0.144263507869906,-1.82777763809816,-4.54520327288795,"chr19:47059127:G:T"
0.916099919235472,1.60894105197533,0.103150627990516,-2.15723632634054,-5.33185908032671,"chr19:47065746:A:G"
0.821909193348467,1.36439551432425,0.100254489595302,-1.71331365654462,-5.32734080096179,"chr19:47068681:A:G"
1.27685549981661,1.74115110010608,0.139044092553783,-1.24514032170032,-7.29745180921789,"chr19:47069018:C:G"
1.42271422131976,2.01733521594911,0.10128938776619,-1.86835012741736,-8.4422369611735,"chr19:47069730:C:T"
-2.31037622235886,-1.77044447026441,0.0992101354098638,-1.71419745838502,-10.9876514668053,"chr19:47070270:A:G"
-2.16861085320668,-1.90106280328161,0.0981894945634316,-0.853825807728494,-12.5410731729477,"chr19:47073995:A:G"
-1.36929244603512,-1.9299222794787,0.0981894945634316,1.78913739237011,-8.33877649770297,"chr19:47074008:C:G"
2.19275780787105,1.88851670679088,0.0979400148633191,0.972160119806478,-12.44044532292,"chr19:47076356:A:T"
-1.22206485107789,-1.93523794747046,0.0981894945634316,2.27594854549733,-7.03591763993573,"chr19:47076928:A:G"
-0.788703233827341,-1.41681335418432,0.099550344531188,1.99073937866322,-4.85330542117553,"chr19:47077985:C:T"
-0.803259842801057,-1.41091222117968,0.0998691102795707,1.92282434304377,-4.9995538394524,"chr19:47078207:A:C"
0.806984049195504,1.42896815164349,0.100010916874355,-1.96677907968047,-4.9732462890812,"chr19:47078492:A:C"
3.02767646401827,2.2331364134373,0.129532629233552,2.20762957348955,-12.0518281137736,"chr19:47078899:C:T"
-0.780058331816892,-1.43045781512743,0.100010916874355,2.05663149938327,-4.73013087106041,"chr19:47079099:A:G"
-2.17471791356342,-1.90084230721718,0.0981894945634316,-0.874018931818761,-12.536184583704,"chr19:47081442:C:T"
-2.19822175278753,-1.89999369859946,0.0981894945634316,-0.951734872766713,-12.5124439117444,"chr19:47081983:A:G"
2.17931104016856,1.88896680469619,0.0979400148633191,0.927754618754052,-12.456063714717,"chr19:47082260:C:G"
2.20053333253528,1.88311206858086,0.0980630937257636,1.01363878918484,-12.3786829602705,"chr19:47082441:C:G"
-0.631949452956384,-1.21967248993985,0.125829058678577,1.65684636862205,-3.8010657795362,"chr19:47082827:A:G"
2.19502893549697,1.88844068630702,0.0979400148633191,0.979660105112599,-12.4375634902498,"chr19:47083207:C:T"
2.20997251932014,1.88794048611576,0.0979400148633191,1.02900856876337,-12.4168770608902,"chr19:47084515:A:G"
-2.16402385180291,-1.88947850621537,0.0979400148633191,-0.877271463688149,-12.4707661390352,"chr19:47084945:G:T"
2.21783091204967,1.89928570781645,0.0981894945634316,1.01657297213954,-12.4868069647505,"chr19:47086638:C:T"
-1.36466484130851,-1.85279140094866,0.128013959029876,1.36428082248257,-7.83700790499592,"chr19:47087145:A:G"
-2.21057932571383,-0.527254074725796,0.12474829064085,-4.7659637685239,-2.83611226371454,"chr19:47087437:T:TA"
2.22545944657384,1.88224535487952,0.0980630937257636,1.09600444532966,-12.3386802592791,"chr19:47088557:A:G"
-3.27150138858997,-2.14369145497943,0.129532629233552,-3.13361996150272,-11.6329547958973,"chr19:47089184:A:G"
-2.13424555331243,-1.8904752624672,0.0979400148633191,-0.778934056943604,-12.4898121956159,"chr19:47089705:T:TC"
-0.519656847868678,-0.997704605646362,0.117493927961891,1.39464467841294,-3.58288398634459,"chr19:47092874:C:T"
-3.50389415268974,-2.52834734709703,0.137993144008508,-2.62614895950072,-13.6882165960525,"chr19:47092904:C:T"
2.16262262930071,1.90504700043704,0.0983390554136009,0.821375515221042,-12.5635652581272,"chr19:47093845:C:T"
2.26214023094906,1.80555065137997,0.0997970779983091,1.44533021853368,-11.4392185630812,"chr19:47097184:A:G"
1.75571431478401,2.2474297912927,0.121700749855757,-1.4095070441744,-10.0168847921015,"chr19:47097336:C:T"
-2.16939970936999,-1.82257886012762,0.0999983262574728,-1.09675300208887,-11.7825859445173,"chr19:47097344:A:G"
-0.692279396301083,-0.704851908922622,0.122231431212127,0.0359609065775972,-4.64791608475297,"chr19:47100028:C:T"
-0.21794044743261,-1.36111833179203,0.141903286005763,3.03471274021795,-0.90374889480876,"chr19:47103510:A:G"
-2.22252391445996,-1.88752035863337,0.0979400148633191,-1.07045726501681,-12.3972362158989,"chr19:47105955:C:T"
2.20452141628464,1.88812294855671,0.0979400148633191,1.01100729388932,-12.4247672032381,"chr19:47105966:A:G"
-2.24811819086693,-1.88145748060022,0.0980630937257636,-1.17087782263309,-12.2955743247922,"chr19:47107122:A:G"
-2.20385874909436,-1.90349308789491,0.0983390554136009,-0.957827418730645,-12.5257141882101,"chr19:47107871:A:G"
-0.141408331339884,-1.93606517532478,0.127082112969944,5.0343013190917,-0.775650162137306,"chr19:47111403:A:C"
-2.20697673761322,-1.83825167790824,0.100768946645513,-1.1615537070948,-11.8084699025753,"chr19:47111643:T:TA"
-2.20089709279947,-1.8588514891756,0.0993910987610904,-1.08495135580586,-12.0837875590107,"chr19:47113120:G:T"
2.22219900365548,1.90717469274543,0.0997502531179485,0.997440657918513,-12.4416126365524,"chr19:47116303:A:G"
-2.26717693031247,-1.90256511846977,0.10019134989124,-1.15190223209384,-12.3114351296919,"chr19:47116511:C:T"
1.08012542743421,1.56342757678979,0.104419814505388,-1.49564067594082,-6.89883249178068,"chr19:47123808:A:G"
-1.12820861181282,-1.59826699390558,0.102971137500506,1.46485300486342,-7.22600219248298,"chr19:47124153:T:TA"
-0.247258680642735,-0.222379182188895,0.102437119507672,-0.0777343447817109,-1.57175863249019,"chr19:47124785:A:C"
1.23790597273632,1.44709029585623,0.11864852072793,-0.607292573401936,-7.916744341063,"chr19:47126007:C:T"
1.22237408321549,1.45100418822863,0.11864852072793,-0.663746511974476,-7.83270835765432,"chr19:47131056:G:T"
-1.2359105470711,-1.40529359915281,0.101794424833936,0.530894171811946,-8.39621973783505,"chr19:47132027:C:T"
-0.506148988543004,-0.419990352886933,0.100031700725298,-0.272414353524286,-3.76908933176348,"chr19:47133570:G:T"
-1.51101892732995,-1.76460701317456,0.102672932494481,0.791408776891843,-9.80592465775999,"chr19:47134351:G:T"
-1.48452645260618,-1.5877626397029,0.101999374616019,0.323246031341963,-9.6701770023158,"chr19:47135282:A:T"
-0.615275386209478,-1.30358523606655,0.173926148594505,1.65044685481559,-3.2307160906286,"chr19:47139406:A:G"
1.45585562789238,1.63145249796428,0.10275754217899,-0.547784723478943,-9.5294875659905,"chr19:47139523:A:G"
-0.506842995014694,-0.475016984586832,0.10081057421843,-0.100237253040183,-3.94570112982819,"chr19:47140940:C:T"
0.505732918448139,0.475087766392487,0.10081057421843,0.096518093840881,-3.94379977678952,"chr19:47144155:A:G"
0.468509878968322,0.33453566620326,0.103813750613133,0.415808892549311,-3.27560602037516,"chr19:47144642:C:T"
0.562773075881279,0.471450715165814,0.10081057421843,0.287623313641881,-4.01235540335099,"chr19:47145572:A:G"
-0.50921596591768,-0.0909287641252633,0.104236769186924,-1.29557961420005,-1.11821214518011,"chr19:47147822:C:G"
-0.172446913330724,-0.203698063622528,0.1403235935964,0.0834258534875032,-0.760255840206904,"chr19:47149859:C:T"
-0.418729878889874,-0.444258832954035,0.0984443787001004,0.0813649872404466,-3.67086190319041,"chr19:47155063:C:T"
-0.306463236921854,-0.471478088730331,0.0996069374260539,0.522851357706388,-3.16520162222716,"chr19:47155225:A:G"
-0.381490959536756,-0.445703504493064,0.0984443787001003,0.204655971721972,-3.53456533367763,"chr19:47157877:C:G"
0.339188499453787,0.447344614417161,0.0984443787001004,-0.344711377201507,-3.33431182541002,"chr19:47158598:G:T"
-0.166864669795884,-0.20638149398522,0.1403235935964,0.105491310058292,-0.745559854874195,"chr19:47158999:G:T"
1.25684863558244,1.38322405433652,0.102090847886601,-0.395520685976324,-8.47951575449641,"chr19:47159459:C:G"
-0.297374198920297,-0.448966786353238,0.0984443787001003,0.483150579190504,-3.08469648733093,"chr19:47161749:C:T"
0.881101959270105,0.393858508961892,0.135429790783718,1.32400280782912,-2.92809602418733,"chr19:47167529:C:T"
1.17707778944752,0.579426810872226,0.182453675594762,1.39917271203101,-3.3016586549289,"chr19:47170485:A:C"
0.427477520612964,0.435367312938869,0.0990589607559415,-0.0250679424047725,-3.66732371230439,"chr19:47172833:G:T"
1.28536906094444,1.34292017331452,0.101988886496173,-0.180209340430262,-8.54756138272124,"chr19:47176541:C:T"
-0.370673657474073,-0.440014139297599,0.0986255020123742,0.220796528918265,-3.47199742382946,"chr19:47179075:C:T"
0.381785755259194,0.439561811361647,0.0986255020123743,-0.183972656470357,-3.51927956633035,"chr19:47179274:A:G"
-0.385357616771647,-0.29285924059162,0.0997850836952185,-0.292820377208612,-2.84306870989735,"chr19:47179323:C:T"
0.321759589704553,0.442005230425578,0.0986255020123743,-0.382890620176613,-3.22159038734151,"chr19:47182461:C:T"
-0.664395635854696,-0.486840330972391,0.135429790783718,-0.482476926186327,-3.80075257511828,"chr19:47184777:G:T"
-0.152812079866763,-1.16412662805999,0.134605144646811,2.75648367823068,-0.644044727174625,"chr19:47185233:C:T"
0.484587523891686,0.177149986740368,0.175498128849471,0.733872556195015,-1.38720240053558,"chr19:47185867:G:T"
-0.380329212675145,-0.293125453950682,0.0997850836952184,-0.276059305884548,-2.82451534511322,"chr19:47186320:C:T"
-1.39410143919149,-1.44298957488002,0.102458665208182,0.152731680116143,-9.0878039901054,"chr19:47186440:A:G"
1.39103036510941,1.44323880424492,0.102458665208182,-0.163104657461502,-9.07784605833657,"chr19:47186664:C:G"
-1.39531866019804,-1.48058079495037,0.103062600639877,0.265586290786182,-9.13122661897288,"chr19:47187554:A:G"
0.395889980646932,0.377055616407126,0.099132476601662,0.059819528687249,-3.36098863772396,"chr19:47189904:C:T"
0.416568880897406,0.444342668155226,0.0984443787001004,-0.088519640881951,-3.66391049232726,"chr19:47191665:A:G"
0.403652276560555,0.310426939425397,0.100189354219495,0.294525684456647,-3.01977156496523,"chr19:47191974:A:T"
1.37763875246717,1.50348402180334,0.102389456047348,-0.39328671522657,-9.10486118996567,"chr19:47192494:G:T"
1.39289607419287,1.48137659730057,0.102538281490956,-0.276315128963465,-9.14174571525119,"chr19:47193079:A:G"
0.397620346517129,0.445077770268853,0.0984443787001004,-0.151254636923969,-3.59797579506831,"chr19:47196848:A:T"
0.210641514964729,0.236105680139605,0.102654895213441,-0.0794766605597842,-1.4299966414262,"chr19:47200919:A:G"
-0.774241000794547,-1.08581167302227,0.109745021331941,0.940511602809565,-5.4716236840214,"chr19:47202026:A:G"
0.376766745852403,-0.752034737463169,0.199609581214617,2.52654408012819,2.9094755385097,"chr19:47202865:A:G"
0.315887690830098,0.448248561568146,0.0984443787001004,-0.421855926085676,-3.2017728829751,"chr19:47211215:A:G"
-0.313741869155071,-0.618734387546235,0.0993154094379389,0.96778941401518,-3.13837392013937,"chr19:47211639:C:T"
-0.319737649292328,-0.582401066593121,0.0988538705516831,0.835415927495294,-3.24479184293493,"chr19:47212392:A:C"
0.442251701144954,0.440399622612208,0.113887018420581,0.0054881034137988,-3.54559337305502,"chr19:47214470:C:T"
1.74427650871254,-0.679914431993351,0.219265221620609,5.17704509311576,2.60417006972248,"chr19:47216440:C:T"
0.229153532957149,0.0863088103089218,0.115757925723062,0.419844851768083,-0.518962078206472,"chr19:47231359:CT:C"
-0.257340539597952,-0.135701773303283,0.112946256710467,-0.361939586349027,-0.927342609780155,"chr19:47232618:C:T"
-0.055282950704997,0.147954860283899,0.131131478978824,-0.561243118235461,0.192085134516172,"chr19:47237146:T:TCC"
0.830851586594543,0.660763183886999,0.127027008622149,0.477228824705234,-4.6318994320692,"chr19:47237234:A:G"
0.831317231338256,0.407444514590705,0.113340923017578,1.25904742995349,-3.2106264684058,"chr19:47237799:A:G"
0.202234108313569,-0.204341802459821,0.131131478978823,1.1227631849191,0.950908546307777,"chr19:47237994:C:T"
1.08857901618459,0.630811766631555,0.110461893293311,1.37733149033851,-4.31110851090789,"chr19:47238036:A:T"
1.04434159127398,0.570043691754957,0.109757645053413,1.431639957539,-3.92030504029785,"chr19:47238421:A:G"
1.03116268326839,0.698422875548741,0.109641161422694,1.00488866537531,-4.99530416353362,"chr19:47239053:C:T"
0.303284700589616,0.452759229399277,0.114655100964543,-0.441438799953021,-2.90012665309526,"chr19:47240186:A:G"
-0.285382242871105,-0.456516092166983,0.114655100964543,0.505404644297034,-2.78614546563648,"chr19:47241768:C:G"
1.45213393193054,0.931668731406118,0.155411770975687,1.32023044098077,-5.27667578367857,"chr19:47249138:A:G"
1.18028353354899,1.09603611765796,0.103757471670946,0.261545286965932,-7.49780930056257,"chr19:47255118:C:G"
1.07755252035001,1.22547398492439,0.104073145600046,-0.458523773129575,-7.4546322452837,"chr19:47255671:C:T"
-1.08395903582827,-1.18007014854461,0.103201346979318,0.299178873379546,-7.46373947962542,"chr19:47257375:A:C"
1.70866162076701,0.451410950320902,0.153917210969099,3.20463287250096,-2.0007293894666,"chr19:47259503:A:G"
-1.11526751478211,-1.33618008386498,0.103327859360426,0.687245191974115,-7.69079031296977,"chr19:47260028:A:G"
1.12084850538504,1.33567597736109,0.103327859360426,-0.668314835287217,-7.72418375788092,"chr19:47260316:C:T"
1.16857454552967,1.15342243465922,0.102850974299213,0.0472464230576781,-7.70773934129338,"chr19:47261106:C:T"
-1.14401261213851,-1.15551740778964,0.102850974299214,0.0358735787490418,-7.64469643454367,"chr19:47261804:A:T"
-1.14307177824129,-1.15559765480047,0.102850974299214,0.0390574533240199,-7.64206045036836,"chr19:47261805:A:G"
-0.018735622961584,-0.939273557075064,0.178305140430755,2.1800163860822,-0.14148797838748,"chr19:47263436:C:T"
-1.13482954712073,-1.15630066349515,0.102850974299214,0.0669499752489692,-7.6182701510399,"chr19:47264386:A:G"
-1.47952599389932,-0.56018641602972,0.155154532934261,-2.33396168841106,-2.51569045243589,"chr19:47265520:A:C"
-1.13435321454107,-1.15634129156541,0.102850974299214,0.0685619316145948,-7.61685699579316,"chr19:47269512:A:G"
1.18358112533718,1.19133355444493,0.103152709389757,-0.0241377888410042,-7.84792889760926,"chr19:47270091:C:T"
-1.24633673738122,-0.780624404574074,0.105910789892133,-1.43102636553926,-5.24523127137101,"chr19:47271072:C:T"
1.73032249723444,0.423244434815144,0.127368994474931,3.66243280616633,-2.17817168839335,"chr19:47285079:C:T"
-0.538791089022825,-0.2218556229201,0.202669335032753,-0.704006744195299,-1.64389537217913,"chr19:47286847:C:T"
-1.34260858720604,-1.28197600714779,0.0995948338847701,-0.192126664511628,-8.61730295675378,"chr19:47289852:C:T"
-1.42934315689831,-1.27755823528483,0.0995948338847701,-0.480961402017577,-8.68688431873777,"chr19:47290182:C:T"
-1.42638795736396,-1.44261367826451,0.10017704253239,0.0512648744757697,-9.27359718381714,"chr19:47290306:C:G"
1.38238202466353,1.27995017161859,0.09959483388477,0.324576164272829,-8.66519375136151,"chr19:47291369:C:T"
1.38363196187317,1.24610344860693,0.100256706579269,0.434346204820508,-8.49067366053328,"chr19:47291424:C:T"
-1.41110220074463,-1.29454890460614,0.0994827682369189,-0.369530788862277,-8.76059391745965,"chr19:47292202:A:G"
1.51890863225774,1.28918533452907,0.0994827682369188,0.72833488405896,-8.73210435228851,"chr19:47292420:C:T"
-1.56509536022448,-1.28688745908135,0.0994827682369189,-0.882054721601183,-8.66267368464058,"chr19:47292459:C:T"
-1.43016096122483,-1.29360069589556,0.0994827682369189,-0.432962638091374,-8.76960835188225,"chr19:47292712:C:T"
-1.40727096765938,-1.29473951556363,0.0994827682369188,-0.35677958189486,-8.75803941871781,"chr19:47293127:CTT:C"
-1.38168716645672,-1.29601235716187,0.0994827682369188,-0.271630926908582,-8.73457129788483,"chr19:47294152:C:T"
1.41861274938082,1.44431051115559,0.10464506886874,-0.0794393925728647,-9.08985022052829,"chr19:47294183:C:T"
1.01573707311972,0.75316007498752,0.100110299965841,0.829883820618096,-5.5946799289582,"chr19:47294464:C:T"
1.42961312952956,1.44316399702889,0.10464506886874,-0.0418897448118956,-9.11902566381587,"chr19:47294721:C:T"
1.36892073938385,1.29664751060568,0.0994827682369189,0.229141381057894,-8.7186707354027,"chr19:47295033:C:G"
1.43962762021394,1.44212023718731,0.10464506886874,-0.00770541730509153,-9.14369921104125,"chr19:47295223:C:T"
-1.35783522895304,-1.29719903532643,0.0994827682369188,-0.192246304538838,-8.70258984098333,"chr19:47295554:C:T"
-1.38580238895989,-1.21573487830554,0.099850509745248,-0.538203120725857,-8.35188865904405,"chr19:47295635:C:G"
-1.43543172035035,-1.27039459753255,0.0988584862299317,-0.524897695091293,-8.67685768890098,"chr19:47297065:G:T"
-1.48615600754395,-2.04783769145558,0.144678990763102,1.47668385532956,-7.87323262024716,"chr19:47297100:A:G"
-1.46360604382401,-1.26917847056252,0.0988584862299316,-0.618373510908912,-8.6670522121648,"chr19:47297843:A:G"
0.903484406457523,0.701278315714446,0.10002795237018,0.63934245406546,-5.30351350326443,"chr19:47297849:C:T"
0.815170518392403,0.706180150892416,0.100027952370179,0.344609644402234,-5.27641822412222,"chr19:47298341:A:C"
0.787323203258841,0.707725807548748,0.10002795237018,0.251673894309994,-5.24190455889964,"chr19:47298591:C:T"
-1.19978560831989,-1.40376163769599,0.101066446249727,0.641616665599981,-8.22181396555835,"chr19:47298856:C:T"
0.810522755500751,0.706438123541348,0.100027952370179,0.329098514208346,-5.27152819311999,"chr19:47298900:C:T"
1.53559593745273,1.2660710720373,0.0988584862299316,0.857219140826513,-8.58410896451272,"chr19:47299991:C:T"
-1.15028356487611,-1.54773334465056,0.131856825617019,1.09453827390873,-6.97491032272314,"chr19:47300132:C:T"
1.5396200127116,1.26589737535719,0.0988584862299316,0.870570081376527,-8.57709660721326,"chr19:47300212:G:T"
0.727817100788098,0.733585970449653,0.101279745263957,-0.0181271457510159,-5.16678184199387,"chr19:47300233:G:T"
-0.767329956409839,-0.77040663039445,0.100173628292963,0.00972086198577778,-5.4134147488594,"chr19:47300244:A:G"
-1.19559766029951,-1.38114734605052,0.100645529148069,0.584874893872952,-8.21782318645376,"chr19:47300763:TTTTTC:T"
-1.55097127135041,-1.26540740541036,0.0988584862299316,-0.908230902684664,-8.55600758455501,"chr19:47300910:A:G"
1.56251227142117,1.21876678961792,0.101448258450127,1.07923171802051,-8.11461335161806,"chr19:47301625:G:T"
-1.56306690386169,-1.26488530503303,0.0988584862299316,-0.948361382406014,-8.53143887801858,"chr19:47301657:A:G"
-1.63681269393938,-1.48795882386577,0.105604747890953,-0.458055822906627,-9.58539443585374,"chr19:47303652:TA:T"
0.518507668783394,0.366481860386091,0.0991777503854129,0.482736563985344,-3.54880133929716,"chr19:47304209:CAT:C"
0.499707498017612,0.367356693961124,0.0991777503854129,0.420261356045254,-3.54201248696531,"chr19:47304259:A:G"
-0.544378549947375,-1.02535391952114,0.206802609338317,1.05765695578799,-3.37401984060001,"chr19:47304514:C:T"
-0.712270866934119,-0.890904818206871,0.0991335328411842,0.567353466748402,-5.38701779849246,"chr19:47305505:A:G"
0.713877990469008,0.890830783344727,0.0991335328411842,-0.562013994392147,-5.39631311270499,"chr19:47305541:C:G"
0.716741082162662,0.890698890186397,0.0991335328411842,-0.552501720680875,-5.41277168855798,"chr19:47305571:G:T"
-1.88362752518783,-2.02412962558766,0.119225620790599,0.406909679079496,-11.1953879251698,"chr19:47305582:A:G"
-0.65159834971607,-0.823392622046375,0.0990362405651825,0.545898130729279,-5.02413547901634,"chr19:47306267:C:CT"
0.643636774683482,0.82375121180561,0.0990362405651825,-0.572336511622928,-4.97926557974654,"chr19:47306414:A:G"
-0.656377536228838,-0.823177367233864,0.0990362405651825,0.530027658759965,-5.05059951663932,"chr19:47306432:A:T"
-0.651037941997435,-0.823417862839571,0.0990362405651825,0.547759103295689,-5.02100914243012,"chr19:47306457:A:T"
0.608960319509908,0.642671076227598,0.0990964252518604,-0.107087679348937,-4.62339513712872,"chr19:47306828:C:T"
0.617501291605896,0.642280966239017,0.0990964252518605,-0.078716650406432,-4.64884132508695,"chr19:47307101:A:G"
-0.500881845338883,-0.137232462449415,0.0998545277508334,-1.15079766991117,-1.68329659739277,"chr19:47307643:A:G"
1.44827806894936,1.48081384911041,0.0985474679259825,-0.103642645506994,-9.49354747304474,"chr19:47308073:C:T"
0.633592249723984,0.641546009677021,0.0990964252518604,-0.0252664068802206,-4.69367220675644,"chr19:47308566:G:T"
0.600589284085131,0.643053424337077,0.0990964252518604,-0.134894220061882,-4.59734582358026,"chr19:47309432:A:G"
-0.618995859737798,-0.642212701649189,0.0990964252518604,0.0737520591104776,-4.65317649884436,"chr19:47309500:A:G"
0.460727935667898,0.114242638730565,0.099213962978242,1.10001450386579,-1.38717827339143,"chr19:47309643:C:T"
0.625223153731,0.641928269202707,0.0990964252518604,-0.0530665052731485,-4.67086229112516,"chr19:47309908:A:G"
0.61447683828616,0.642419108529705,0.0990964252518604,-0.0887631476558319,-4.63996135149203,"chr19:47311899:C:T"
0.595627714879391,0.643280044642643,0.0990964252518604,-0.151375344453158,-4.58138821034375,"chr19:47311935:C:T"
1.15457532416414,1.63430100100375,0.146530090590982,-1.25322645835512,-6.5765182995301,"chr19:47312285:C:T"
0.590312840020425,0.643522802228925,0.0990964252518604,-0.169030064168294,-4.56386686756586,"chr19:47312458:C:G"
-1.1530067577283,-0.475989327353806,0.135398619936582,-1.8398936952179,-2.68818134931777,"chr19:47312534:C:T"
-1.62253513823612,-1.47386404568356,0.0985474679259824,-0.473591389734335,-9.79136168929464,"chr19:47316351:C:T"
-1.60503496692306,-1.47456199585028,0.0985474679259825,-0.4156213197349,-9.7838749596505,"chr19:47317278:C:G"
1.54990249122395,1.47676081550285,0.0985474679259825,0.232992623229753,-9.72783537792159,"chr19:47317537:C:G"
0.449898703063481,0.261342604476673,0.137752251140699,0.508032190287807,-2.28345296979013,"chr19:47318117:C:T"
1.56538182295867,1.59187420671289,0.0990201531343745,-0.0841897540062509,-10.1098482584379,"chr19:47319354:A:G"
1.62628895659051,1.5891412855625,0.0990201531343745,0.118051033639278,-10.2708882196744,"chr19:47319466:A:G"
1.56924952275915,1.59170066187573,0.0990201531343745,-0.0713471425191788,-10.1218905975155,"chr19:47319781:A:G"
1.62776668568839,1.47365539861657,0.0985474679259825,0.490921115631726,-9.79264543102864,"chr19:47320227:C:T"
-1.54505260537283,-1.59278638473536,0.0990201531343745,0.15169247054563,-10.0425015367092,"chr19:47320614:G:T"
-1.62763801381255,-1.29802281391906,0.0987520695808264,-1.04890010174977,-8.65077025267989,"chr19:47321194:TA:T"
-1.62590809308989,-1.29809554229952,0.0987520695808264,-1.04316371936116,-8.65510207561209,"chr19:47321531:A:AC"
1.41515762931777,1.55992719006533,0.0965079502069902,-0.466010509410511,-9.54602476186647,"chr19:47322635:A:G"
-1.71916425721582,-2.01125544602036,0.125255986122617,0.825313997806032,-10.0561815777058,"chr19:47322748:G:T"
-1.55327269083131,-1.44370775818618,0.0963619858534936,-0.352954485400372,-9.68492532727702,"chr19:47323840:A:C"
1.28981194096159,1.44813944638159,0.0963619858534937,-0.510039132513646,-8.86874279012795,"chr19:47324014:C:G"
-1.54291128294207,-1.44388204801513,0.0963619858534937,-0.319014595358166,-9.67398847316656,"chr19:47324593:A:G"
1.54249167065487,1.44388910633718,0.0963619858534937,0.317640110824745,-9.673509572619,"chr19:47324676:C:G"
1.54217631922899,1.44389441088138,0.0963619858534937,0.316607143796183,-9.67314781853073,"chr19:47324745:A:G"
1.54196853446726,1.44389790604063,0.0963619858534936,0.315926522780104,-9.67290859337855,"chr19:47324764:A:G"
-1.54189299889753,-1.44389917662872,0.0963619858534937,-0.315679098013299,-9.672821457895,"chr19:47324813:C:T"
1.53925601025279,1.44394353356407,0.0963619858534936,0.307041362137858,-9.66972252158077,"chr19:47325295:A:T"
-1.53660343282851,-1.44398815271915,0.0963619858534937,-0.298352563562324,-9.66649341868225,"chr19:47325814:A:G"
1.49952106061882,1.44461191740236,0.0963619858534937,0.176885321971669,-9.60956048699546,"chr19:47325875:A:G"
-1.49921066893476,-1.44461713851845,0.0963619858534936,-0.175868601103312,-9.6089907584664,"chr19:47325930:A:G"
1.57414770235843,1.44335661843497,0.0963619858534937,0.421332798795013,-9.70179144118925,"chr19:47326325:A:G"
-1.44568391169138,-1.44551751513368,0.0963619858534937,-0.000536032925654341,-9.48746989592878,"chr19:47326358:G:T"
1.53185043082521,1.44406810323506,0.0963619858534936,0.282783601594333,-9.66042651435467,"chr19:47326699:C:T"
-1.50682488044862,-1.55824406138566,0.0965079502069902,0.165517382094725,-9.94579299169306,"chr19:47326796:C:T"
1.58966027319876,1.55672309698988,0.0965079502069902,0.106024154417459,-10.1915971535816,"chr19:47326946:C:G"
-1.48124306285052,-1.55871377647307,0.0965079502069902,0.249376778745602,-9.84769381692623,"chr19:47326999:G:T"
-1.44458701679607,-1.44553596606485,0.0963619858534937,0.00305696259511329,-9.4844944810644,"chr19:47327026:A:G"
-1.52558463240635,-1.32035018439303,0.105728720555156,-0.631180785092781,-8.70596863958703,"chr19:47327096:A:G"
-1.52801199179888,-0.919365425748293,0.113711556203142,-1.80494043602101,-5.46539880717973,"chr19:47327252:C:CA"
-1.5285421967991,-1.44412375122697,0.0963619858534936,-0.271947130307771,-9.655990754391,"chr19:47327323:A:T"
-1.80973186695293,-1.43939384385934,0.0963619858534937,-1.19301370620608,-9.44043243710442,"chr19:47327417:TCCCC:T"
1.47722127992559,1.7275240400938,0.0992187805017997,-0.794636841651938,-9.75808096766892,"chr19:47327779:A:G"
1.52594763952731,1.4441673944218,0.0963619858534936,0.263448382892926,-9.65238946268242,"chr19:47327817:C:T"
1.49916398793168,1.55838472522959,0.0965079502069902,-0.190630446161195,-9.91751299686899,"chr19:47328212:C:T"
1.33700203156243,1.41685870134607,0.099754524144671,-0.252839483494985,-8.93511814793199,"chr19:47328654:C:T"
1.19121663170595,1.54528216519121,0.100003942037923,-1.11963145884516,-7.98351155243972,"chr19:47328684:C:T"
1.52067817939892,1.55798969699179,0.0965079502069902,-0.12010507754909,-9.99454774450957,"chr19:47328912:C:G"
-1.51653327699905,-1.55806580273313,0.0965079502069902,0.133692423838963,-9.98028234767023,"chr19:47329446:G:T"
-1.6364681864093,-1.55586364347525,0.0965079502069902,-0.259464516708723,-10.2820538834254,"chr19:47329467:TC:T"
1.51624252460799,1.55807114132114,0.0965079502069902,-0.134645535164824,-9.97927135181039,"chr19:47329506:A:G"
1.51623164503445,1.55807134108411,0.0965079502069902,-0.134681199341907,-9.97923349540809,"chr19:47329523:A:G"
1.53923912312411,1.44394381762342,0.0963619858534936,0.306986046557486,-9.66970231900813,"chr19:47329673:C:T"
-1.53872267716101,-1.4439525047902,0.0963619858534937,-0.305294373052562,-9.66908228364176,"chr19:47329746:C:G"
-1.51431595195758,-1.55810651567394,0.0965079502069902,0.140961005887269,-9.97253814338155,"chr19:47329881:A:G"
1.51610405147838,1.55807368386598,0.0965079502069902,-0.135099461984422,-9.97878938137524,"chr19:47330058:C:G"
1.50551225829463,1.55826816281736,0.0965079502069902,-0.169820270325492,-9.9410141259206,"chr19:47330122:A:G"
-1.66662182614072,-1.47210575940036,0.0985474679259825,-0.619630439190148,-9.78857090042509,"chr19:47330188:CG:C"
-1.65743042044079,-1.44195571511715,0.0963619858534937,-0.694134171383373,-9.70146697859235,"chr19:47331032:A:G"
1.53858915253746,1.55766082847879,0.0965079502069902,-0.0613913682879135,-10.0530294585389,"chr19:47331163:C:G"
1.52878614048453,1.44411964783643,0.0963619858534936,0.272746193711916,-9.65632381492744,"chr19:47331586:G:T"
1.50281704804337,1.55831765034553,0.0965079502069902,-0.178655401162105,-9.9311152688786,"chr19:47331989:A:G"
1.37852169909175,1.560599872884,0.0965079502069902,-0.586106237273296,-9.34908659815343,"chr19:47332635:C:T"
1.49429517509838,1.55847412289795,0.0965079502069902,-0.206590833066479,-9.89905209772932,"chr19:47333529:C:G"
-1.4393036100491,-1.55948383879029,0.0965079502069902,0.386857909408268,-9.66428260308085,"chr19:47333664:C:T"
1.4926262858638,1.55850476585167,0.0965079502069902,-0.212061595405897,-9.89263701900753,"chr19:47333794:C:T"
1.51561368890778,1.44434122239047,0.0963619858534937,0.2295984320486,-9.63697606681771,"chr19:47333967:C:T"
-1.30748442665785,-1.56190420861005,0.0965079502069902,0.818972521429418,-8.90825600045288,"chr19:47334725:CT:C"
1.26787042101794,1.56263157272523,0.0965079502069902,-0.948830636442041,-8.62980463216451,"chr19:47334826:C:T"
-1.59437689362978,-1.44301634206285,0.0963619858534936,-0.487595659473035,-9.7115879535678,"chr19:47334887:CA:C"
-1.47718743985318,-1.5587882429297,0.0965079502069902,0.262671459481066,-9.83118147058843,"chr19:47335066:TA:T"
-1.47378220800576,-1.55885076736795,0.0965079502069902,0.273834102130907,-9.81711445837346,"chr19:47335159:C:T"
-1.45497531469741,-1.55919608612806,0.0965079502069902,0.335484714706306,-9.73609398649247,"chr19:47335859:G:T"
-1.40655358150067,-1.56008517145414,0.0965079502069902,0.494215317607981,-9.5016628720432,"chr19:47336377:A:G"
1.36474909306137,1.73280643490521,0.0992187805017997,-1.16847262680225,-8.91138638169266,"chr19:47337025:G:T"
-1.31294256846837,-1.41812469708515,0.099754524144671,0.333024093596986,-8.83817811204906,"chr19:47337304:A:G"
1.30202028757736,1.44793408909172,0.0963619858534937,-0.470049398863011,-8.93140182311702,"chr19:47337576:C:T"
-1.32548959691617,-1.44753931051007,0.0963619858534937,0.393173187942553,-9.04511704600498,"chr19:47337916:C:T"
1.38131915876486,1.44660019828815,0.0963619858534936,-0.210297539140319,-9.27978735127999,"chr19:47338248:C:G"
1.3813459394281,1.4465997478091,0.0963619858534936,-0.210209816238625,-9.27988777230144,"chr19:47338258:C:T"
-1.55876413892302,-1.4436153862268,0.0963619858534937,-0.370942305819909,-9.6900305175369,"chr19:47338282:A:AT"
1.56028311882682,1.55726249934394,0.0965079502069902,0.00972331764137987,-10.1169863718122,"chr19:47338436:G:T"
-1.28827771087299,-0.228512013885591,0.152630394975645,-2.71262240127662,-0.914809661267991,"chr19:47338446:TA:T"
-1.35433866331024,-1.56104390453743,0.0965079502069902,0.665380306914634,-9.20765158324133,"chr19:47338518:A:T"
-1.38384222197396,-1.44655775769901,0.0963619858534937,0.202032978107494,-9.28919701956002,"chr19:47338585:A:G"
-1.37382622445537,-1.56068608784002,0.0965079502069902,0.601498406671987,-9.32233205778778,"chr19:47341396:A:G"
1.30506879082301,1.52790368476436,0.0997461775804905,-0.705561812976387,-8.81341587516013,"chr19:47342029:ATTC:A"
1.29249942162875,1.52856397103905,0.0997461775804906,-0.747450852581556,-8.73539150414103,"chr19:47342164:A:G"
1.49059204198742,1.44476211293049,0.0963619858534937,0.147637374803271,-9.59255124462333,"chr19:47342277:A:G"
1.39315768398341,1.52327625388799,0.0997461775804906,-0.411994245873955,-9.28851893029048,"chr19:47342295:A:G"
1.03113359168684,0.883745020717119,0.104692820008225,0.455517807055892,-6.28487222806079,"chr19:47342965:C:CCCCG"
-0.154995402357166,0.0160240155569182,0.116823371160601,-0.500357664469096,0.0654309658665907,"chr19:47343306:C:T"
-0.154834012912681,0.0159864551354433,0.116823371160601,-0.499775589687807,0.0652106799338014,"chr19:47343313:C:T"
-1.02376296792237,-0.653690376458653,0.110117469486165,-1.11521553352936,-4.6612017978161,"chr19:47343655:A:G"
0.447779819484976,0.580468101403815,0.104440482367641,-0.410580327012618,-3.89002720226291,"chr19:47343902:C:T"
0.753343537367345,0.687276435939437,0.103833847217811,0.205029229931113,-5.0250360739339,"chr19:47344335:A:G"
0.937673787658215,1.08600872010421,0.104822188470344,-0.458159637879251,-6.61033665272504,"chr19:47344503:G:T"
-0.469978253207839,-0.578202392995478,0.104440482367641,0.334880383271882,-3.9793190934148,"chr19:47344864:C:T"
-0.937945683962472,-1.08597987355447,0.104822188470344,0.457230738429813,-6.61172595220753,"chr19:47345117:C:T"
-0.93790783645579,-1.08598388894551,0.104822188470344,0.457360039665493,-6.61153264385167,"chr19:47345193:A:G"
-0.938074673848278,-1.08596618850947,0.104822188470344,0.456790060744845,-6.61238458174907,"chr19:47345306:A:G"
-0.450798042759625,-0.580160043009368,0.104440482367641,0.400287739033604,-3.90269232908053,"chr19:47345386:C:T"
0.450327501313776,0.580208069357707,0.104440482367641,-0.401892354990922,-3.90072874792263,"chr19:47345398:A:C"
0.937665789514262,1.0860095686588,0.104822188470344,-0.458186962529857,-6.61029576471238,"chr19:47345509:C:T"
-0.79499913264341,-0.68329145903157,0.103833847217811,-0.346667824121565,-5.07006779257537,"chr19:47346275:C:T"
0.389637842991667,0.58640242842265,0.104440482367641,-0.608853070236978,-3.61311224839483,"chr19:47346354:C:T"
0.786207895179315,0.639243815414254,0.104407303662317,0.454826498997033,-4.84508771298709,"chr19:47346472:G:T"
0.770176089297623,0.685666152127666,0.103833847217811,0.262263773723901,-5.04674038803808,"chr19:47346851:A:G"
-0.801418387681737,-0.682677361863498,0.103833847217811,-0.368494766057041,-5.07442027272501,"chr19:47347020:A:G"
0.78217130617332,0.684518631321933,0.103833847217811,0.303050266967449,-5.05930309631546,"chr19:47347030:G:T"
1.12970497042827,1.27405952087555,0.108550508622861,-0.438141657856041,-7.61144793422748,"chr19:47347104:C:T"
-0.204735676617259,-0.0706192144246481,0.107801326616738,-0.408479283928616,-0.408948042201715,"chr19:47347584:A:G"
1.04348143325278,1.28659948718501,0.108550508622861,-0.737906403882304,-7.13791497028611,"chr19:47347657:C:T"
-0.909762375762866,-1.12403176454728,0.109784972068967,0.646678888076658,-6.34042316933725,"chr19:47347764:A:G"
0.893343620664143,1.09071188210813,0.104822188470344,-0.609608065348721,-6.36615489560584,"chr19:47347853:C:T"
0.903783187357553,1.08960430736301,0.104822188470344,-0.57394260170653,-6.42679979856734,"chr19:47347963:G:T"
-0.373570696191522,-1.08939130660669,0.15060305412202,1.84453673631918,-2.1260214672885,"chr19:47348192:C:T"
0.677150408655621,1.17139065929627,0.116329067030331,-1.44908542625378,-4.41291147792431,"chr19:47348237:A:G"
-0.562326882301973,-1.06224826191519,0.111779213924325,1.49527538674372,-3.78251114303986,"chr19:47348245:A:C"
-0.388692184420267,-0.0231860317198086,0.107266963399068,-1.11599358654016,-0.241834719670755,"chr19:47348448:CAG:C"
-0.56357568891917,0.256894774696516,0.138121620537035,-2.20765964384578,2.48936786847832,"chr19:47348629:C:T"
-0.817626372109049,-0.963887377117597,0.125049248723386,0.413607123391416,-5.45126171031826,"chr19:47349055:A:G"
-2.24415469076783,-1.52723378091583,0.107949472972986,-2.18203134065875,-8.51608298394722,"chr19:47349722:C:T"
-0.762643654708222,-0.692556294640096,0.100322082363004,-0.221279628151053,-5.13119688699989,"chr19:47349742:AG:A"
0.194919098180455,-0.265516949497953,0.112469184507248,1.37294311727267,1.35984094416871,"chr19:47349830:C:T"
0.105032055861662,0.193007642146849,0.0968507899520392,-0.282690091275109,-0.636158186855901,"chr19:47349867:A:G"
0.108994442115842,0.192920552997756,0.0968507899520392,-0.269677997582926,-0.659570962181292,"chr19:47349900:C:T"
-0.0511290046710838,-0.194192375426472,0.0968507899520392,0.459702504350062,-0.312877095352382,"chr19:47349962:C:G"
-2.23712838367181,-1.52821109350017,0.107949472972986,-2.15767140256622,-8.53842092765313,"chr19:47350306:C:T"
1.99953561923505,1.62116578090165,0.119759126097466,1.09335753002539,-9.60181487090539,"chr19:47350608:C:T"
0.105630208907895,0.192994495361938,0.0968507899520391,-0.280725814452872,-0.639696025668708,"chr19:47351149:A:G"
-0.077223041480042,-0.193618855502746,0.0968507899520392,0.374012208153468,-0.470403040518022,"chr19:47351278:A:G"
-0.0573865877748141,-0.194054840225972,0.0968507899520392,0.439153205919955,-0.350808639232536,"chr19:47351628:C:G"
0.763143718877572,0.692526986688949,0.100322082363004,0.222950960412151,-5.13197495879478,"chr19:47351637:A:G"
2.56159282226337,2.19444822405934,0.10203308274107,1.14938794720437,-14.417712022451,"chr19:47352042:C:T"
0.960600222636391,1.06862279270805,0.12168681527404,-0.309665443077938,-6.27107155897449,"chr19:47352094:A:G"
-0.520058893239874,-0.373368108627735,0.102137509658201,-0.458997372258854,-3.55332211975342,"chr19:47352883:C:G"
-0.063263478652813,0.0184840718438929,0.0963224859610948,-0.263397050161775,0.0375764905083658,"chr19:47353946:C:T"
-0.0633424691463292,0.0184853676236889,0.0963224859610948,-0.263655738861687,0.0376259157446658,"chr19:47354256:C:T"
0.0634371279070417,-0.0184869204296469,0.0963224859610948,0.263965740111858,0.0376851527799832,"chr19:47354291:A:C"
0.0605908051538111,-0.0184402286398267,0.0963224859610948,0.254644219257905,0.0359077485053221,"chr19:47354799:C:T"
-0.0649560019314533,0.0185118364187604,0.0963224859610948,-0.268939953200336,0.0386368474626144,"chr19:47354923:A:G"
0.063302986220289,-0.018484719935888,0.0963224859610948,0.263526434861228,0.0376012100775224,"chr19:47354994:C:T"
-0.0649713961687862,0.018512088949678,0.0963224859610948,-0.268990368320749,0.0386465046281226,"chr19:47355167:A:G"
-0.741094885160335,-0.715477030730159,0.0978792742131262,-0.081883685831366,-5.21997750112014,"chr19:47355232:C:G"
0.418207714422827,0.321838769914204,0.0993095251133048,0.305802935323819,-3.1506881232026,"chr19:47356300:C:T"
-0.0625880345367537,0.0184729916898017,0.0963224859610948,-0.261185014858902,0.0371541053362788,"chr19:47356583:C:G"
-0.230964048490475,0.0891944264908079,0.13001870672699,-0.887895963592181,0.4822955668478,"chr19:47356651:A:G"
-0.512993200529403,0.397251259043695,0.135242088906076,-2.47515333841641,3.31191122747453,"chr19:47357136:A:G"
0.0640724167913768,-0.0184973418672854,0.0963224859610948,0.26604626965719,0.0380829390439318,"chr19:47357231:C:T"
0.0359873154063297,-0.018036626844922,0.0963224859610948,0.174069399518744,0.0208772579370504,"chr19:47357753:CTG:C"
0.0615812774784635,-0.0184564765953886,0.0963224859610948,0.257887951339603,0.0365253597304913,"chr19:47358281:C:T"
0.741515761571836,0.715463212671079,0.0978792742131262,0.0832731224666119,-5.22099320519698,"chr19:47358337:A:G"
0.639715747865681,0.128323808830281,0.134845239406904,1.39263103322516,-1.38088792966508,"chr19:47358724:C:T"
0.0545362188281681,-0.0183409076925343,0.0963224859610948,0.234815845039822,0.0321532748964661,"chr19:47358804:C:T"
-0.0613127355128399,0.0184520713658786,0.0963224859610948,-0.257008493966125,0.0363578152367701,"chr19:47358836:A:G"
0.379532977630319,0.323692209409942,0.0993095251133048,0.177196823308575,-3.0242819250463,"chr19:47358983:C:G"
0.0480432582821023,-0.0182343955449646,0.0963224859610948,0.213551823921577,0.0281671146312609,"chr19:47359506:G:T"
0.402773048049517,0.322578457437182,0.0993095251133048,0.254477636248779,-3.10585505455855,"chr19:47360970:C:T"
-0.362132093074012,-0.324526125536391,0.0993095251133048,-0.119333207573606,-2.95221085508479,"chr19:47361945:A:G"
-0.741861591678255,-0.71545185850457,0.0978792742131261,-0.0844148092096628,-5.22182570930673,"chr19:47362048:C:T"
0.0576994181814495,-0.0183927976052892,0.0963224859610948,0.245175116033696,0.0341103022072322,"chr19:47362654:A:G"
-0.0309849063183228,0.0179545660760169,0.0963224859610948,-0.157686836936627,0.0178954776610941,"chr19:47362702:C:T"
0.709725855920913,0.38754217354162,0.127701706000825,0.901581914667278,-3.31682930948195,"chr19:47362737:C:T"
-0.0948240395631814,0.0190017991729184,0.0963224859610949,-0.366755822934252,0.0577985847960566,"chr19:47362893:C:G"
-0.0927662277361696,0.119268372546805,0.0988482810888153,-0.674407164088578,0.344124749543911,"chr19:47362928:A:G"
1.24396908924433,1.00415616928208,0.121214228397231,0.688804183930793,-6.60918432985532,"chr19:47363162:A:G"
0.764609253506859,0.714705015662276,0.0978792742131262,0.159511521328117,-5.27244163759735,"chr19:47363703:A:G"
-0.0907719606428922,0.0189353278575814,0.0963224859610948,-0.353485529495297,0.0551499305537031,"chr19:47363710:C:T"
0.623894195715005,1.29373731765586,0.128807114884382,-1.86639333963341,-3.49495059062375,"chr19:47364245:C:T"
2.26276460790269,1.58080505205166,0.102038178471983,2.13489868948806,-9.16549141853768,"chr19:47364506:C:G"
0.66935163406795,1.09402790453387,0.117037551633493,-1.24135323599467,-4.54249601060783,"chr19:47364652:C:T"
0.788488298327682,0.713921027670898,0.0978792742131262,0.238343260962959,-5.31678519009796,"chr19:47364857:A:G"
-0.732725528514491,-0.715751810360377,0.0978792742131261,-0.0542539816716449,-5.19919989934031,"chr19:47364973:C:G"
-2.06550473247514,-2.48963091802325,0.109974266237256,1.27893817300981,-12.7514127735205,"chr19:47365803:C:T"
0.516695407466486,0.316791411214586,0.0994674218222584,0.633842047025072,-3.26425448931932,"chr19:47366174:C:G"
0.0988870585477379,0.193142702828203,0.0968507899520392,-0.302869668847268,-0.599742595067901,"chr19:47367175:C:G"
0.423865425503703,0.321567631025039,0.0993095251133048,0.324616669698287,-3.1652587366671,"chr19:47369282:C:T"
-0.742030740269897,-0.715446305080401,0.0978792742131262,-0.084973218385409,-5.22223220780625,"chr19:47369528:C:G"
0.131259808153374,-0.112776772405921,0.0986426510414309,0.777002763245155,0.460019674513407,"chr19:47370044:G:T"
-0.499591412730216,0.391527520457921,0.135242088906076,-2.423146858198,3.25675598711808,"chr19:47370159:C:T"
-0.742046911820484,-0.715445774142021,0.0978792742131262,-0.0850266054230679,-5.22227104770868,"chr19:47370162:A:G"
0.742031414091542,0.715446282957755,0.0978792742131261,0.0849754428684904,-5.2222338262348,"chr19:47370447:C:G"
2.25314458444251,1.91738305676916,0.105164924321753,1.03536975752471,-12.1420601857572,"chr19:47370670:TTTTATTTA:T"
0.451323491786739,0.320251736755392,0.0993095251133048,0.415923694412198,-3.22194488782112,"chr19:47371253:G:T"
-0.163709351589539,0.0740066229315307,0.0982228432628168,-0.758493942121412,0.377781993449975,"chr19:47371709:C:T"
0.741734873439683,1.21969707021024,0.10199305218096,-1.49660866146144,-5.03144516139477,"chr19:47372066:A:G"
-0.0972040565455149,0.111384339734386,0.0986426510414309,-0.664137154843384,0.337574384065689,"chr19:47372178:A:G"
-0.698582695052348,-0.716872775274463,0.0978792742131261,0.0584615384875482,-5.10301787373009,"chr19:47372389:A:T"
0.14217007454911,-0.0732213653965583,0.0982228432628168,0.687261774109829,0.325483467939159,"chr19:47372470:A:G"
0.0788569277531645,-0.0187398706801548,0.0963224859610948,0.314464576080547,0.0474500642599422,"chr19:47372598:A:G"
0.076605429506979,0.055600800591042,0.100996342241088,0.0660940235253862,-0.130341349787109,"chr19:47372634:AGGAGGGCAGGCG:A"
-0.0360705873547617,-0.0168545709987763,0.0963224859610948,-0.0619155190984096,-0.0195544135929678,"chr19:47372942:GCCCTCTGTCTGTCA:G"
-0.0755736819710169,0.0186860114957765,0.0963224859610948,-0.303712160883732,0.0453518136785251,"chr19:47373313:C:T"
0.0724662048682626,-0.0186350356647325,0.0963224859610948,0.293535376615795,0.0433753454764662,"chr19:47373550:C:G"
1.85835405325548,1.06037446802986,0.118981945294973,2.31340275441211,-5.59502493434468,"chr19:47373561:C:T"
0.108760218222388,-0.0192304117306654,0.0963224859610948,0.412395896551544,0.0670221313391379,"chr19:47373784:A:G"
0.446088226421762,0.592269229301621,0.100730498052226,-0.460585696072591,-3.92317441667381,"chr19:47373934:C:T"
2.04382028717849,2.38971855394619,0.110737872721443,-1.03944208749443,-12.664800351365,"chr19:47373953:A:G"
0,0.0716808323061502,0.0989171997475388,-0.227911968768386,0,"chr19:47374050:A:G"
0.748160779382965,0.715245045897429,0.0978792742131261,0.105210277737535,-5.23665947639517,"chr19:47374165:A:G"
0.0641737910637485,-0.0997711266640862,0.0980274151331156,0.523629592848202,0.201474616501741,"chr19:47374671:G:T"
-0.066153553507584,0.0185314813541146,0.0963224859610948,-0.272861856286659,0.0393887854017656,"chr19:47374717:A:T"
-0.781192021869784,-0.575231458279924,0.10232827983663,-0.64385227527465,-4.53617768111211,"chr19:47374884:A:G"
-2.2630600611535,-2.59942558449982,0.102259232600364,1.05186549919167,-14.9899618920382,"chr19:47375601:C:T"
0.771654183981365,0.714473719103581,0.0978792742131262,0.182768905745229,-5.28646073422869,"chr19:47375722:A:G"
-0.0124904153895219,0.0638061568695181,0.0987633839189521,-0.242776723658578,0.0249787185558697,"chr19:47375766:TG:T"
0.449536238782145,0.28881061129389,0.0989725002232294,0.510890537848246,-3.01969954357009,"chr19:47375836:C:T"
-0.023022501607589,0.0178239487991098,0.0963224859610948,-0.131610482287629,0.0132019516569004,"chr19:47376022:A:G"
-0.012806678483367,-0.0172361979741937,0.0963224859610948,0.0142722608864575,-0.00710257783286239,"chr19:47376281:A:C"
0.0327882925474464,-0.348268868179727,0.116542892748066,1.11621339614993,0.289343277715429,"chr19:47376291:C:T"
-2.21912472457173,-1.64791145049584,0.100338379135477,-1.80328657963897,-9.98368191452525,"chr19:47376356:A:G"
-2.20554279809907,-2.38805980870867,0.104303908276599,0.565136107627836,-14.3203823128584,"chr19:47376617:C:T"
0.464415074871515,0.288150475152213,0.0989725002232294,0.560283494060585,-3.04098064509207,"chr19:47377878:C:T"
1.92538095327156,1.63081570696751,0.100021158005501,0.931398570380244,-10.5903678506276,"chr19:47378251:C:T"
-0.0138207390060589,-0.0172195630719379,0.0963224859610948,0.0109512789989646,-0.00765750994631609,"chr19:47378296:TAGTGTTC:T"
2.48379070406506,2.0228727683971,0.102944475710789,1.43655442776329,-12.8314248089679,"chr19:47378521:G:T"
-0.827646961525247,-0.271820703846851,0.106506824829736,-1.70313996689636,-2.1069436085538,"chr19:47378655:CTCTA:C"
-0.0194428747868624,0.0177652277060941,0.0963224859610948,-0.119887438574159,0.0111131051782157,"chr19:47378656:A:T"
0.0328035393700218,-0.108751204949663,0.098642651041431,0.450704674007395,0.111611479698316,"chr19:47378663:A:G"
1.91003611108797,1.6316663175651,0.100021158005501,0.88018946897976,-10.6147059977512,"chr19:47378750:C:T"
0.0417506511336026,0.0167613938129504,0.0963224859610948,0.0805173564712323,-0.0225051976884333,"chr19:47379335:C:G"
0.558773141022959,0.802065587515924,0.114359602109621,-0.71943623521295,-4.27466773219452,"chr19:47379458:GTCTC:G"
0.0109090784241057,0.0172673266798356,0.0963224859610948,-0.0204867769686018,-0.00606118556423835,"chr19:47379700:C:T"
2.3530157974674,2.6011100975497,0.102212252396574,-0.776006407414026,-15.7551137461074,"chr19:47379829:G:T"
0.0699523198024065,-0.258313963992286,0.166129117587913,0.805384745487162,0.331741613789777,"chr19:47379839:C:T"
0.565516233630902,0.28334323498736,0.0992140738218857,0.895836621241549,-3.01203097356964,"chr19:47380585:A:G"
0.0136752534931676,-0.0176706142048968,0.0963224859610948,0.100998856066814,0.0077753419942253,"chr19:47381743:C:G"
-0.775827360988166,-0.714336706895429,0.0978792742131262,-0.196545788602965,-5.29439547517868,"chr19:47381777:C:G"
1.81021180589963,1.07267524892611,0.118981945294974,2.13817387558823,-5.78637119002407,"chr19:47381937:A:G"
1.02021328415476,0.689421072734726,0.129029337795108,0.920896964092598,-4.67449249882792,"chr19:47382156:C:T"
-0.131932364162321,0.0196105334040268,0.0963224859610948,-0.48828315893762,0.0827373167502216,"chr19:47382267:G:T"
0.10027795662449,-0.0190912665914589,0.0963224859610948,0.38461704459818,0.0613873028338462,"chr19:47382284:C:CTGT"
-0.735018831528109,-0.715676517481763,0.0978792742131262,-0.0618248484056077,-5.2050029970026,"chr19:47382433:C:G"
-0.496755960313374,-0.455160724489716,0.0968779059798812,-0.133638385240847,-3.91387250805987,"chr19:47382503:A:T"
-2.2946823152488,-1.41193638228911,0.101739085602541,-2.76752664170281,-7.93684277276114,"chr19:47382708:A:G"
0.0615569129822368,-0.0184560769140983,0.0963224859610948,0.257808159207998,0.0365101557158518,"chr19:47383250:A:AAAG"
-0.0141072096393835,0.0176777001214902,0.0963224859610948,-0.102413484193752,0.00802412285524179,"chr19:47383429:A:G"
-0.0198752741101627,0.0177723208926638,0.0963224859610948,-0.121303518077025,0.0113647248578962,"chr19:47383897:C:G"
-1.24021989977545,-1.00520243436526,0.121214228397231,-0.675030409107353,-6.61596964897924,"chr19:47384024:C:T"
-0.0701664381382081,0.152435562482871,0.0971147687862277,-0.714309494837926,0.33784996618277,"chr19:47384225:C:T"
0.0862641065521861,-0.152834213118835,0.0971147687862276,0.767244676437249,0.415959411217942,"chr19:47384229:T:TC"
0.107534960290077,-0.153360975079147,0.0971147687862276,0.837191234934532,0.519300594038789,"chr19:47384496:A:G"
0.0970444566473185,0.0611184567756999,0.0965617498885362,0.115612901398649,-0.189521650298974,"chr19:47385025:C:T"
0.0850851497645961,0.0613448343304636,0.0965617498885362,0.0763983398448839,-0.166913087260752,"chr19:47385176:C:T"
-0.496570717869206,-0.286723810998224,0.0989725002232294,-0.667029899291831,-3.06408119973759,"chr19:47385310:A:G"
1.86474510484048,1.59687883408199,0.100223036238956,0.846124467384283,-10.4022782900342,"chr19:47385432:A:T"
0.0681418404053681,0.0616655539992509,0.0965617498885361,0.0208412365522312,-0.134498170537429,"chr19:47385441:C:T"
-0.0989224484593996,-0.0610829082946346,0.0965617498885362,-0.121770835653073,-0.193050882984999,"chr19:47385522:C:T"
-0.782778345302823,-0.714108494742388,0.0978792742131261,-0.219493029156807,-5.30700114396932,"chr19:47385558:C:T"
-0.0994920009337638,-0.0610721272437151,0.0965617498885362,-0.123638397944358,-0.194120074768196,"chr19:47385644:A:G"
-0.0934964276580056,0.15301331790186,0.0971147687862276,-0.791027265398347,0.451086506682024,"chr19:47385828:C:G"
-0.0399638223432171,0.349917603660554,0.116542892748066,-1.1420619147662,0.353972130933749,"chr19:47385898:A:G"
-0.0714796573085321,-0.061602372509206,0.0965617498885362,-0.0317859365827417,-0.140918616986587,"chr19:47386048:A:G"
0.0522989789817206,0.0619654433042682,0.0965617498885362,-0.0311074984854947,-0.103798707590987,"chr19:47386298:C:T"
0.0497811814875849,0.0620131026582519,0.0965617498885361,-0.0393633552656541,-0.0988863587311802,"chr19:47386406:A:G"
0.0324356376011745,0.0240251556460504,0.0985945787391584,0.0267851674340984,-0.024487028170369,"chr19:47386619:A:G"
-0.104238773269655,-0.060982275655747,0.0965617498885361,-0.139203062165528,-0.203010072672624,"chr19:47386741:C:T"
0.471992192072029,0.287814297719797,0.0989725002232294,0.585437089130326,-3.04921394236321,"chr19:47386751:C:T"
-0.782541975531653,-0.714116255147529,0.0978792742131261,-0.218712703126245,-5.30658502112186,"chr19:47386966:C:T"
-0.751134152265152,-0.715147425215721,0.0978792742131261,-0.115026254827323,-5.24344394008339,"chr19:47387446:G:GT"
-0.114903764284401,-0.0607803981881663,0.0965617498885362,-0.174173562606681,-0.222845788925742,"chr19:47387611:A:T"
-1.24086066014832,-1.00502362099495,0.121214228397231,-0.677384435001489,-6.61482990114432,"chr19:47387670:C:G"
0.121024664165661,0.0606645357588701,0.0965617498885361,0.194243990392514,-0.234141637889868,"chr19:47387780:A:AGTT"
0.0579070329039748,0.0618592885290468,0.0965617498885361,-0.0127186923541879,-0.114707622560294,"chr19:47387974:A:G"
0.0140361401220693,0.0626897200524358,0.0965617498885361,-0.156571328822624,-0.0282076124476067,"chr19:47388077:C:T"
0.782139343692356,0.714129474207571,0.0978792742131262,0.217383497181738,-5.30587416608257,"chr19:47388191:A:G"
-0.1197495274041,-0.0606886728050135,0.0965617498885362,-0.190062817560671,-0.231793829961576,"chr19:47388254:A:G"
-0.178491096712674,0.0663340654586878,0.0965617498885362,-0.787868046405762,0.374828646118188,"chr19:47389043:AATTTTTTATTTTTATT:A"
-2.31529058086089,-1.46833144756679,0.102130052907823,-2.65024288472891,-8.27173005557821,"chr19:47389196:G:T"
0.129499449629968,0.0605041166619009,0.0965617498885361,0.222032807880336,-0.24967224231975,"chr19:47389411:C:T"
-0.130755989058257,-0.060480331644418,0.0965617498885362,-0.226153000065279,-0.251963951341028,"chr19:47389707:C:T"
0.133787819543782,0.0604229421670456,0.0965617498885361,0.236094370778564,-0.257481642658036,"chr19:47389935:C:G"
-0.134659555209804,-0.0604064410946678,0.0965617498885362,-0.238952791610894,-0.259065016383986,"chr19:47390075:C:G"
0.150630306827985,-0.0314172841820727,0.0985945787391584,0.579773576852853,0.147542263706231,"chr19:47390303:G:T"
-0.776150814706391,-0.714326087382256,0.0978792742131262,-0.197613604317159,-5.29499899256226,"chr19:47390341:C:T"
0.577651221214276,0.275286425205306,0.098297235709385,0.964407486184814,-2.94084966408765,"chr19:47390412:A:G"
2.23944616284773,1.5065843751009,0.101399267442328,2.30146655951955,-8.61909037549611,"chr19:47390677:C:T"
1.85824996724506,1.72714338642406,0.0996120105206195,0.415402052943841,-11.2325016707884,"chr19:47391252:C:T"
-0.127350192778499,-0.0605447999151513,0.0965617498885362,-0.214985395691376,-0.245745753026485,"chr19:47391422:A:G"
-0.121667495684202,-0.0606523676099428,0.0965617498885362,-0.196351834634614,-0.235324147171865,"chr19:47391674:C:T"
0.140161669264059,0.0603022916537432,0.0965617498885361,0.256994220965657,-0.269026312586484,"chr19:47392058:C:T"
0.0792743302232322,0.0614548272532827,0.0965617498885361,0.0573446653454236,-0.155846044800168,"chr19:47392144:C:T"
0.0847081960241517,0.061351969682605,0.0965617498885362,0.0751623087101042,-0.166196762251395,"chr19:47392349:G:T"
-0.0935712718130396,0.0291132635064194,0.0985945787391584,-0.390717896743622,0.0853699523228176,"chr19:47392886:A:G"
-0.0878266136892236,-0.0612929411977083,0.0965617498885361,-0.0853875987437449,-0.172115932540106,"chr19:47393143:A:G"
-0.51715293568615,-0.720148465030146,0.131137047476229,0.560562153196509,-3.95262667749725,"chr19:47393589:A:G"
-0.0758840202371514,-0.0615190023841752,0.0965617498885361,-0.0462278405210922,-0.149364770642929,"chr19:47393634:C:T"
-0.0743530043309238,-0.0615479829631129,0.0965617498885361,-0.0412076400961589,-0.146432128550978,"chr19:47393697:C:T"
-0.0896076724567464,-0.0612592275609061,0.0965617498885362,-0.0912276895913753,-0.175489689536893,"chr19:47393838:A:G"
-0.0680463779252191,-0.0616673610072199,0.0965617498885361,-0.0205282151254355,-0.13431429753657,"chr19:47394003:C:T"
0.623065768603072,0.788774137585539,0.114359602109621,-0.490013589992288,-4.61368697919878,"chr19:47394052:A:G"
-2.24072569396517,-2.6099308937798,0.102212252396574,1.15482540554812,-14.7796818403509,"chr19:47394063:C:T"
0.0688499590995355,0.0616521500302666,0.0965617498885361,0.0231631574120524,-0.135861671319566,"chr19:47394075:G:T"
-0.062082669630613,-0.061780247959137,0.0965617498885362,-0.000973218477150836,-0.122800508050192,"chr19:47394140:A:T"
-0.202996683756763,0.08808376884094,0.0995306434130362,-0.922645006781216,0.546281240804069,"chr19:47394450:A:G"
-1.26438629855291,-1.30058471036619,0.134073446177614,0.0988594364126882,-7.48607584984242,"chr19:47394619:A:G"
-0.553453947086814,-0.212101530609509,0.10128496215106,-1.07258198065379,-2.43019635972285,"chr19:47394752:A:G"
-0.280006880362844,0.173471550069343,0.100626472665686,-1.4295538192589,1.4154192502258,"chr19:47394766:C:T"
-0.23557274967437,0.289392428441101,0.100414006287884,-1.65665985921814,1.93487184369174,"chr19:47394821:A:G"
-0.198820396357507,-0.0506795171539999,0.100737925659855,-0.466743647598146,-0.305248379670385,"chr19:47394905:C:G"
0.222722173139878,-0.212675641544333,0.0992883932844327,1.3817739584168,1.4101273255497,"chr19:47394948:C:G"
0.174117702925692,-0.212355721470258,0.0992988500440905,1.22644344325251,1.11523801748771,"chr19:47395180:C:T"
-0.633431240314474,-0.115801453903956,0.0999906970736849,-1.63696525441038,-1.3351635837558,"chr19:47395445:G:T"
0.623306470770435,0.852392087737017,0.107937931557114,-0.69728572997525,-4.70283452230734,"chr19:47395531:A:G"
0.725865513012713,1.11150926454584,0.105980289099721,-1.18460551195887,-5.11987700006084,"chr19:47395623:C:T"
0.601827646317525,0.874057874022082,0.101356914453786,-0.855085724180193,-4.64809874948224,"chr19:47395738:C:T"
0.236564046972995,-0.198199277021504,0.10736622544703,1.32684153422863,1.29715175250213,"chr19:47395845:A:G"
-0.707859301986213,-0.342891581558183,0.120838579175429,-1.04990897897579,-3.0654225766333,"chr19:47396054:A:G"
-1.00510760869905,-0.669451819943112,0.109415279453093,-1.01474087472817,-4.82546190003042,"chr19:47398580:A:G"
-1.0327285384412,-0.665182710216174,0.109415279453093,-1.11114953988457,-4.74273126291605,"chr19:47398630:A:G"
-0.65446959165778,-1.03444108676568,0.1190155796021,1.10141023966592,-4.53205590387505,"chr19:47398748:C:T"
-0.685854016963534,-0.929740306785236,0.117234701199312,0.712294017087765,-4.89337671023555,"chr19:47398815:C:T"
1.61466112078198,1.93857279077153,0.113590920417214,-0.961069479987685,-9.87662606630773,"chr19:47398844:C:G"
2.14502442950387,2.22299446233581,0.153627825478958,-0.198926561318449,-11.1222809195776,"chr19:47401989:C:G"
0.350314474293508,0.485234827862355,0.108988196588808,-0.408684095993167,-3.32494145552201,"chr19:47402897:C:T"
1.11364176948398,1.13687029604245,0.113125657484468,-0.0690623105720626,-7.19484140655369,"chr19:47403234:A:C"
-0.328579470533282,-0.734980538666471,0.123609167123931,1.15592458482208,-2.89650083348087,"chr19:47403261:C:G"
1.10829245380348,1.13790652777313,0.113125657484468,-0.0880476154459312,-7.18030958174659,"chr19:47403928:A:G"
-0.529607925503964,-0.213113157515561,0.110777415590957,-0.950913297465004,-2.36022884553429,"chr19:47406103:A:G"
-0.371447154091881,0.705406746656601,0.203049728298149,-2.38976710729336,2.85833108626962,"chr19:47406301:A:G"
-1.20742749737416,-0.470863310008923,0.128080741920894,-2.05811046906953,-2.50406420719787,"chr19:47407714:A:G"
-0.620662473906715,-0.938123766494831,0.138213918190109,0.853915488172031,-4.2569921167969,"chr19:47407925:C:G"
0.72759929456945,1.07750034864625,0.103730994280083,-1.08640306064347,-5.24304005004572,"chr19:47408569:A:G"
1.04647169314347,0.790742489072571,0.105292300505609,0.788101256012086,-5.71599781209369,"chr19:47409066:G:T"
0.770623902989431,1.07343110049951,0.103730994280083,-0.940181980953999,-5.5815076965002,"chr19:47409839:A:G"
0.622978290446123,1.21398849122503,0.104557874339137,-1.82774920677717,-3.90472377853947,"chr19:47410377:A:G"
-0.5902086466565,-1.21737375501336,0.104557874339137,1.93956132704113,-3.59293745027258,"chr19:47411120:A:T"
-0.626624303280491,-1.21688408902307,0.10502171589198,1.8213929070609,-3.92509418573769,"chr19:47411373:GAATA:G"
-0.62939658948872,-1.46076936556613,0.112684382836207,2.47664599345703,-3.35861901139327,"chr19:47411532:TTTTTC:T"
0.671683430795979,0.891993793801958,0.126213076781665,-0.620130010553259,-4.69990719971358,"chr19:47413228:C:T"
0.502256576872522,-0.13150954806234,0.11399968651751,1.87705584514388,1.49395801974477,"chr19:47414286:A:G"
-1.23119798413596,-1.46958610802694,0.140263887419364,0.636519451917715,-7.37140659989814,"chr19:47415711:C:T"
0.698594146734966,0.946965921451082,0.116558378036098,-0.727495804106089,-4.97107906269883,"chr19:47421059:C:G"
-0.491514298965384,-0.13482248236532,0.109435975123983,-1.07823416709664,-1.55789136075462,"chr19:47421203:C:T"
1.15666790235428,0.996670482590585,0.105754280848595,0.491998751626966,-6.9452980627638,"chr19:47421369:C:G"
-1.10365717469968,-1.00281598803902,0.105754280848595,-0.310090862858311,-6.91900979543917,"chr19:47421464:A:G"
-0.108207103266448,-0.501809144885823,0.107388677922744,1.20109703416872,-1.29122834893717,"chr19:47421542:C:T"
0.656778863046332,0.618047178966162,0.104030159892365,0.120084442957032,-4.6017962892012,"chr19:47421722:C:T"
0.504685793354715,-0.0910665057436298,0.108305295497687,1.8102596915125,1.09021893905571,"chr19:47421837:A:G"
-1.00627786587548,-0.702279087602964,0.101427586645368,-0.954539252693047,-5.20616783233431,"chr19:47422060:C:T"
-1.03308188374491,-0.938388097746913,0.106318119428948,-0.290414193244178,-6.50637446376597,"chr19:47422081:C:T"
0.0843117668992829,0.282518323831336,0.103496303614318,-0.616106226413799,-0.687498148885473,"chr19:47422198:C:T"
1.04956347290091,0.759324726070188,0.102714629812338,0.905605888143533,-5.54871192262578,"chr19:47422238:G:T"
1.15795522380701,-0.733502683440428,0.227550151807966,3.96513625881198,4.0190257027384,"chr19:47422368:C:T"
0.957517164974002,0.705705685853238,0.101427586645368,0.790674036472596,-5.28220200009514,"chr19:47422795:A:T"
0.889167655114098,0.710508863546798,0.101427586645368,0.560978666949842,-5.32657925212472,"chr19:47422808:CCTCT:C"
-0.300155802688722,-0.228475550782254,0.103036270139893,-0.223308090721673,-1.89860664865827,"chr19:47422965:TTCTCTCTGTC:T"
0.699162200842708,0.702144760828788,0.10216426031191,-0.00933124708917321,-4.98055833019318,"chr19:47423195:A:C"
-0.698712946865541,-0.702179823853523,0.10216426031191,0.0108464828716289,-4.97939078255962,"chr19:47423213:A:C"
-0.714099282215914,-0.834029505045501,0.105429881233663,0.369357380871816,-5.223281696794,"chr19:47423427:C:T"
0.208633161894553,0.19578055391156,0.102529655565095,0.0401389966364439,-1.1901601389784,"chr19:47423896:A:G"
0.826508644526158,0.692205724713681,0.10216426031191,0.420180561469436,-5.17709304845532,"chr19:47424135:A:G"
-0.691182145425796,-0.750644976797829,0.100523245644611,0.187547955180928,-5.0994395959512,"chr19:47424350:G:T"
-0.66781628866926,-0.697259202799978,0.0999297084098285,0.0931394099464264,-4.91605390870438,"chr19:47424429:C:T"
-0.935713801443454,-0.768871564562101,0.102714629812338,-0.520582843471674,-5.64563344562462,"chr19:47424430:A:G"
-0.665866034634366,-0.697365429260952,0.0999297084098286,0.0996448590708264,-4.90998802766547,"chr19:47424746:A:G"
-0.546587661026215,-0.658791204828506,0.102366733000701,0.35069304436726,-4.36882047060205,"chr19:47424878:G:T"
0.67077762569054,0.697097904658348,0.0999297084098285,-0.0832612981786807,-4.92514835913342,"chr19:47424965:C:T"
0.7893343870973,0.709206230744006,0.0997730775260358,0.253675465577142,-5.2569507272657,"chr19:47425076:C:T"
0.773723553970034,0.710030720456048,0.0997730775260358,0.201643341503433,-5.23199491064505,"chr19:47425078:C:T"
-0.65375334593689,-0.698025183339244,0.0999297084098286,0.140049072404736,-4.87095428205904,"chr19:47425161:A:G"
0.707713071403169,0.695086104342916,0.0999297084098285,0.0399440169605337,-5.02678279416893,"chr19:47425177:CA:C"
-0.694177044718689,-0.473645866164166,0.102010935993245,-0.690472891014912,-4.01066703864235,"chr19:47425202:C:T"
0.784136407358561,0.709480763229436,0.0997730775260358,0.236350193793504,-5.24907757331254,"chr19:47425643:C:T"
-0.730047065958958,-0.712337504131843,0.0997730775260357,-0.0560662012720314,-5.1412925878924,"chr19:47425883:C:G"
0.0854077651681743,0.211356418223364,0.0986184116835313,-0.401064779973168,-0.555711009112457,"chr19:47426459:A:G"
-0.62996434565934,-0.699320922901574,0.0999297084098286,0.219401878888948,-4.78749239935562,"chr19:47426488:A:T"
0.714983064883016,0.749199521370855,0.100523245644611,-0.107919961087652,-5.18171622504586,"chr19:47427312:A:G"
0.264957324985003,0.0390446949305996,0.0985662100397998,0.7195756898087,-0.315688928628437,"chr19:47427453:C:G"
-0.248875274770583,-0.210196082871689,0.0988728807391686,-0.123009541044973,-1.55021652101628,"chr19:47427926:A:G"
0.273513525504835,0.287682487226303,0.0992631232681831,-0.0449721923014686,-2.21010873970139,"chr19:47428355:C:G"
0.73759451003202,0.76789979212378,0.100195129521745,-0.0957403532198499,-5.31076769878447,"chr19:47428550:A:G"
-0.755011564181854,-0.766902338997976,0.100195129521745,0.0375652989306041,-5.36508616232001,"chr19:47428557:A:C"
-0.228699211105157,-0.228430050017119,0.101355198184278,-0.000845452595243689,-1.51492803427351,"chr19:47428756:C:T"
-0.171767060669566,-0.239427912115273,0.0979803731017807,0.216156308162084,-1.24721989026149,"chr19:47429131:G:T"
-0.718570646186219,-0.768989265251337,0.100195129521745,0.159282345022754,-5.24578446908054,"chr19:47430000:A:G"
0.12582943443329,0.058605566563466,0.100798144359661,0.211737230566941,-0.225281202174552,"chr19:47430471:A:G"
0.226866213647491,0.224181749073866,0.102686726061467,0.00837723161893168,-1.46014712086513,"chr19:47430553:A:G"
-0.726247024751743,-0.74851544897816,0.100523245644611,0.0702354282902549,-5.21744240526635,"chr19:47431177:C:T"
-0.236999073005304,-0.237216648890621,0.0979803731017807,0.000695090279095834,-1.67070376356302,"chr19:47431432:C:T"
-0.455797163945979,-0.318828441607636,0.0981671263677748,-0.437157934733218,-3.2375122004531,"chr19:47432315:A:G"
0.219310453500804,0.237816265434779,0.0979803731017807,-0.0591205682712953,-1.56005791345673,"chr19:47433674:A:G"
0.321160727754182,0.323657726047943,0.0981671263677748,-0.00796957581626901,-2.75197639126531,"chr19:47434209:A:G"
-0.675813336390897,-0.696475854718726,0.0984442602176381,0.0658548935291267,-4.96807468649424,"chr19:47434289:C:T"
-0.426026968351493,-0.319896270989004,0.0981671263677748,-0.338733366849797,-3.17887172823765,"chr19:47434546:A:G"
-0.736484671074375,-0.767963351226699,0.100195129521745,0.0994473487345501,-5.30713855958665,"chr19:47435082:A:G"
-0.231063615601992,-0.23741785161621,0.0979803731017807,0.0202998952669998,-1.63396806717104,"chr19:47435406:C:T"
0.746177978094846,0.747305020753886,0.100523245644611,-0.00355473396115401,-5.27558451062781,"chr19:47435584:C:T"
-0.215076644820774,-0.23795978492926,0.0979803731017807,0.0731048306268376,-1.53307023284373,"chr19:47435591:C:G"
0.329824971152593,0.323346947650839,0.0981671263677748,0.0206756646833899,-2.7999397160946,"chr19:47435888:A:G"
0.33004169298701,0.323339174039085,0.0981671263677748,0.0213921783803102,-2.80111173138507,"chr19:47436139:C:T"
0.0629862318217553,-0.0624444043733788,0.100948662151741,0.394778362404224,0.120461006025676,"chr19:47436586:A:G"
0.328345032464292,0.323400031682783,0.0981671263677748,0.01578277355584,-2.79189994338327,"chr19:47436805:C:T"
0.329750677058404,0.323349612511281,0.0981671263677748,0.0204300376738694,-2.79953762565698,"chr19:47436936:A:G"
-0.240937071820462,-0.237083156888046,0.0979803731017807,-0.0123121126317791,-1.69484852682897,"chr19:47437107:C:T"
-0.0478346456992364,0.111549027959804,0.0999171500543754,-0.504224348688003,0.164711158635572,"chr19:47437206:A:AT"
-0.325466374533816,-0.323503286480255,0.0981671263677748,-0.00626551452436258,-2.77608057195756,"chr19:47438219:C:T"
0.253475912129921,0.23665810980666,0.0979803731017807,0.0537278793263908,-1.77045693842472,"chr19:47438513:A:G"
0.326540040387114,0.323464775079148,0.0981671263677748,0.00981520896037995,-2.78200867768923,"chr19:47438580:A:G"
0.753685929678429,0.74684905478243,0.100523245644611,0.0215637546512044,-5.2958021424097,"chr19:47438759:A:G"
-0.310283489304305,-0.324047882530709,0.0981671263677748,0.0439312976932537,-2.6887578599251,"chr19:47438870:C:T"
-0.817548094771454,-0.742970636838202,0.100523245644611,-0.235220042760218,-5.43039110039139,"chr19:47439487:C:T"
-0.744182502535951,-0.747426208129913,0.100523245644611,0.0102307666372347,-5.27005585327043,"chr19:47439580:A:G"
0.380480374661957,0.321529985178389,0.0981671263677748,0.188149747463486,-3.03548574872091,"chr19:47439942:A:G"
0.380316065315054,0.321535878802692,0.0981671263677748,0.187606517022932,-3.03484979686309,"chr19:47439944:A:G"
0.220948226400588,0.327252255784453,0.0981671263677748,-0.339286584162438,-2.05830463861644,"chr19:47439966:G:T"
0.271039797028978,0.325455517475952,0.0981671263677748,-0.173676614350368,-2.4345852796404,"chr19:47440003:C:T"
0.277300860963509,0.325230938903506,0.0981671263677748,-0.152976632373726,-2.47773068280329,"chr19:47440042:C:T"
-0.773411368129731,-0.745651107698487,0.100523245644611,-0.0875568814844328,-5.34451858843835,"chr19:47440291:G:T"
0.231405280693301,0.326877170918753,0.0981671263677748,-0.304714051817883,-2.14108561574295,"chr19:47440438:A:ATCTTTTTTTT"
-0.289399644120754,0.0877139683904554,0.120392773576872,-1.08685598029212,0.632703542453098,"chr19:47440593:A:AT"
0.879900983541751,0.759750076586271,0.100195129521745,0.379580372714331,-5.60864328944268,"chr19:47440694:C:T"
-0.382086866903816,0.224062818672763,0.131585361167239,-1.6709986376001,1.83991142406473,"chr19:47440927:C:G"
0.81091869112899,0.542072635274604,0.106219793402616,0.824899315615365,-4.25829997430632,"chr19:47441453:C:T"
-0.147151020501061,-0.0604929273362932,0.101564740488427,-0.271917805695505,-0.269295000935646,"chr19:47442134:C:T"
0.0314176101822702,0.0115329563105183,0.101828901006323,0.0623135519642876,-0.0110260835803208,"chr19:47442294:C:T"
0.15446865160187,0.0928777233945068,0.10449351262039,0.190533824489206,-0.42077770232787,"chr19:47442338:C:T"
0.090749923276598,-0.0166528778936187,0.101626265021948,0.336909010378623,0.0459684106863238,"chr19:47442408:A:G"
-0.474900759559664,-0.417977833724835,0.101824303786159,-0.178386296863764,-3.69360738584076,"chr19:47443257:C:T"
0.136499919758091,0.0612568352531905,0.101564740488427,0.236099522677386,-0.253234777025126,"chr19:47443297:A:G"
-0.468098805994663,-0.418484306964739,0.101824303786159,-0.155482990779148,-3.68222483235582,"chr19:47443348:A:G"
0.748599055913098,1.2535094306302,0.165010027943829,-1.24296564639327,-4.32388066237298,"chr19:47443365:AC:A"
-0.457427713382348,-0.449236548205611,0.102052650987762,-0.0256409161406432,-3.75205124414476,"chr19:47444725:A:G"
0.11475135187802,0.0628166649445631,0.101564740488427,0.162961883820566,-0.218727881900554,"chr19:47444971:A:G"
-0.492657431747834,-0.446528457046155,0.102052650987762,-0.144398159048084,-3.81970548898479,"chr19:47445069:C:T"
-0.835718342013964,-0.83040389426548,0.103455240611765,-0.0165227333412832,-5.71984955476203,"chr19:47445263:C:T"
0.185696623992595,0.0607051392506088,0.10405070962282,0.387487684360134,-0.331320011849666,"chr19:47445356:G:T"
-0.16949889135434,-0.0588901150183374,0.101564740488427,-0.3470708234344,-0.301172532059863,"chr19:47445489:C:G"
-0.826445728426156,-0.742430273980519,0.100523245644611,-0.26498783057086,-5.44382653334488,"chr19:47445792:TAAG:T"
-0.375419940849167,-0.452653891436556,0.102486808619381,0.241253856925525,-3.47026176812757,"chr19:47446243:A:G"
-0.399818734268829,-0.450666590613556,0.102486808619381,0.15883224108393,-3.56769939466827,"chr19:47446689:A:G"
-0.829954454706948,-0.8309322684976,0.103455240611765,0.00304004428776031,-5.7043320585581,"chr19:47447001:G:T"
0.225593094234019,0.0567971515862804,0.10405070962282,0.523286438920008,-0.374092894373548,"chr19:47447083:C:CTA"
-0.341792231681346,-0.424881399204031,0.102143755953692,0.259979135979063,-3.23954497588015,"chr19:47448646:A:G"
0.41737712211046,0.422261041887176,0.101824303786159,-0.0153053334903401,-3.56162117120607,"chr19:47448901:C:G"
-0.743753723798485,-0.838834269799181,0.103455240611765,0.295607480186676,-5.4040645127565,"chr19:47449864:CCT:C"
0.545014701241928,0.400361918421846,0.104285215857552,0.447935436114871,-3.67094571097559,"chr19:47450680:A:G"
-0.449592962599849,-0.227068358028174,0.104742736211302,-0.687568672037023,-2.4478671954385,"chr19:47450914:C:T"
0.432982945407343,-0.701211853976936,0.136671256887416,3.06795550995833,3.53091106055129,"chr19:47453351:G:T"
0.569149109758535,1.71774117400609,0.117574429242372,-3.34972667563883,-3.03294247354355,"chr19:47456039:C:G"
-0.699695493890211,-0.451813513817982,0.10507797442177,-0.764696514108992,-3.84870464455648,"chr19:47456279:A:G"
1.42901961212393,1.7869260742578,0.143278420927191,-0.945538346755778,-8.11632724631851,"chr19:47459203:A:G"
-0.72408200631352,-2.24570315113361,0.170403082776528,3.68610592452757,-3.26750782830598,"chr19:47465011:C:T"
-0.19679303939541,-0.420723054416084,0.103915566757532,0.694659539233918,-2.11046247528525,"chr19:47466491:C:T"
0.173985549887293,0.125268168567667,0.102835149919337,0.151919367317606,-0.645601331722438,"chr19:47466723:A:G"
1.52952296705947,0.553669159643612,0.116903197758946,2.85411564010361,-2.85152453706933,"chr19:47468713:A:C"
0.354713105791051,0.448958196399112,0.106480423112723,-0.288817731289585,-3.30901473743871,"chr19:47469866:C:T"
-0.0506178984548898,0.0548551974593574,0.100707939697056,-0.332360832636602,0.085310061907245,"chr19:47469987:C:G"
-1.47543651134777,-1.27223291155416,0.0963804002881505,-0.654541269484519,-8.76557456099994,"chr19:47471111:A:T"
1.52964617268311,1.27131051424202,0.0963804002881505,0.832127728056432,-8.71012459844806,"chr19:47471149:C:G"
0.31656919682362,0.504424719980532,0.0976403415585377,-0.601186643482239,-3.27951849585077,"chr19:47471321:A:G"
0.31184434632296,0.535189580451388,0.106600525726113,-0.684064442378506,-3.16384957064234,"chr19:47473099:C:T"
-0.859983102598093,-0.0666235482862021,0.122922247217869,-2.26284502021606,-0.47606699470445,"chr19:47473388:A:G"
-0.0594326206730208,-0.15338086534506,0.0978749486147971,0.300298315891005,-0.285870340001855,"chr19:47474620:C:T"
0.00734871600256372,-0.0301676740557848,0.129009337387992,0.104450487250316,0.00532549820065722,"chr19:47474914:C:T"
-1.50960863078294,-1.27165146038217,0.0963804002881505,-0.766486364194647,-8.73582958153354,"chr19:47475381:C:T"
-0.334478210650669,-0.560787957497337,0.0985359628519208,0.720951212348965,-3.36519917671069,"chr19:47475414:A:G"
-0.664121644030031,-0.639216081599493,0.121183339906371,-0.0715442762619878,-4.44147586156677,"chr19:47475482:C:T"
0.356731635074898,0.388602900777522,0.116854554303219,-0.0932344663310697,-2.95887100037089,"chr19:47476896:A:G"
-1.50905620058239,-1.27166086018508,0.0963804002881505,-0.764676647614445,-8.73645273274089,"chr19:47477965:C:T"
-1.50893330040603,-1.27166295137674,0.0963804002881505,-0.764274036593868,-8.7365907374728,"chr19:47478618:C:T"
-1.50893330040603,-1.27166295137675,0.0963804002881505,-0.764274036593848,-8.73659073747283,"chr19:47478624:C:G"
0.222874786645193,0.268836683259343,0.0986124961966161,-0.146363223346578,-1.75609166282416,"chr19:47479205:A:G"
0.400171254780605,0.243759289103457,0.116197808180064,0.458850285137233,-2.26611119987292,"chr19:47481963:A:G"
0.401919266806744,0.374034045090139,0.0968907475631552,0.0895845153624903,-3.40354482779803,"chr19:47483667:A:G"
0.393538804894542,0.374221772479319,0.0968907475631552,0.0620582115052277,-3.37504823867171,"chr19:47485708:C:T"
-0.308079161398367,-0.376136119912915,0.0968907475631552,0.21864088826449,-2.95785257614578,"chr19:47486181:A:G"
0.313547371028098,0.376013628727097,0.0968907475631552,-0.200680112187916,-2.99152885694004,"chr19:47486200:C:G"
1.50816851034003,1.2716759645608,0.0963804002881505,0.76176864629949,-8.73744437438683,"chr19:47486608:C:T"
1.50816851034003,1.27167596456081,0.0963804002881505,0.761768646299482,-8.73744437438684,"chr19:47486609:A:G"
-0.110425581253727,0.0308815824430707,0.0969122775507286,-0.453915255760446,0.108576461232506,"chr19:47486731:A:C"
0.0224284143131836,0.247968701109993,0.0998239619858274,-0.713849610510424,-0.168494331425251,"chr19:47487380:C:T"
0.329107105244615,-0.0923412284414576,0.117444337365715,1.22978247577748,0.765746576675997,"chr19:47487632:C:G"
0.437690989142321,0.500753471157343,0.0976403415585378,-0.201816381308112,-3.85394675068072,"chr19:47488184:C:G"
0.218949915326184,0.0594518848950044,0.0969502698306703,0.51224863930568,-0.407659893961754,"chr19:47488194:A:G"
-0.299927488474284,-1.3326269743223,0.119622705236982,2.98584425695627,-1.41259663317777,"chr19:47488785:C:T"
-0.351064463510521,-0.532075223748072,0.107555812049972,0.551934384452574,-3.38759428105534,"chr19:47489004:G:T"
1.39952308661,1.93480849299734,0.123522094316783,-1.523046209163,-7.94947840845201,"chr19:47489415:C:T"
-0.0186016997113649,-0.248172864622091,0.0998239619858273,0.726607600723615,-0.139867356286982,"chr19:47489428:C:T"
0.677581492643752,2.04371241657488,0.120440429376959,-3.93646300816724,-3.64098395912776,"chr19:47489571:A:G"
0.344579494258175,0.415077173375612,0.0970073648986936,-0.226345813324147,-3.30415244078227,"chr19:47490308:CGT:C"
-0.204001663749841,-1.4031161443786,0.12022267801469,3.45833809533777,-0.980255142873427,"chr19:47490953:C:T"
0.381232662327091,0.374497437477178,0.0968907475631551,0.0216376925444185,-3.3292783648592,"chr19:47491218:G:T"
-1.50674194200278,-1.2717002381454,0.0963804002881505,-0.757095324004474,-8.73901295144328,"chr19:47491242:A:T"
0.337269581974214,0.446935443833351,0.0973883650804253,-0.35141307685446,-3.33780503867317,"chr19:47492753:C:T"
-1.31285004019465,-1.43687976496909,0.10319905711565,0.386089432879811,-8.73526339694497,"chr19:47492915:CCT:C"
1.52563869580291,1.41794870340995,0.10319905711565,0.335225835302314,-9.2721643146034,"chr19:47494200:A:G"
0.419860396752665,0.501293923375508,0.0976403415585377,-0.260608512939043,-3.78962282569678,"chr19:47494713:A:G"
-0.351583952995992,-0.446539629857466,0.0973883650804252,0.304275788335567,-3.41210029967102,"chr19:47495859:A:G"
0.110809812583534,0.519345542085314,0.135366690221074,-1.11038641469451,-1.14107975967083,"chr19:47496254:C:T"
-0.322538773307464,-0.447342772939009,0.0973883650804253,0.399921696421794,-3.25501446680583,"chr19:47496407:A:G"
0.404897772161758,0.44506542224461,0.0973883650804252,-0.128713140683278,-3.63854551368017,"chr19:47496814:CCTT:C"
0.477960080278498,0.642527147141251,0.153279482800289,-0.42034018928005,-3.63600568860231,"chr19:47497043:A:G"
-0.268364469985201,0.0569293561438324,0.155571947619469,-0.824726930861083,0.298847648208886,"chr19:47498097:A:G"
-1.28834755880973,-1.43905966493662,0.103199057115651,0.469148437509414,-8.62214406511043,"chr19:47498760:G:T"
-0.291117175206063,-0.448211627578465,0.0973883650804253,0.503393161090197,-3.05626440169457,"chr19:47499137:A:G"
-0.398517217600185,-0.50194084347013,0.0976403415585378,0.330982562815469,-3.70408254590131,"chr19:47501628:C:T"
-0.123174687124407,0.445942164401814,0.10316548939139,-1.77187966461055,1.42584240435832,"chr19:47502292:A:G"
0.354680682112492,0.446454000620805,0.0973883650804253,-0.294078245348358,-3.42739159018072,"chr19:47502739:C:T"
-1.31102403261616,-1.43704221846915,0.10319905711565,0.392279270126647,-8.72719660351976,"chr19:47503074:C:T"
-0.168415708858641,0.449951074865721,0.10316548939139,-1.92521364709817,1.91330810971011,"chr19:47503590:A:G"
0.173404033460296,-0.308719673709332,0.0984165944659963,1.53682466067866,1.57063649767116,"chr19:47503840:A:G"
-1.31096263884723,-1.43704768045779,0.10319905711565,0.392487383960396,-8.72692436467793,"chr19:47503905:A:T"
-0.484704108024683,-0.734158749567689,0.0978999677237507,0.797260623361049,-4.07969863237946,"chr19:47504911:C:T"
-1.31066287392059,-1.43707434949361,0.10319905711565,0.393503533142932,-8.72559416363871,"chr19:47505103:C:T"
-0.39347908302552,-0.336006606733232,0.0971812820066624,-0.18436080587192,-3.1850310473465,"chr19:47505146:C:T"
-0.404968157358819,-0.373965748107321,0.0968907475631552,-0.0995988425729883,-3.41338228576921,"chr19:47506803:A:C"
-1.50368097207612,-1.27175232167375,0.0963804002881505,-0.747067834518616,-8.74227422092326,"chr19:47507697:C:T"
-0.384550989408237,-0.502364165300431,0.0976403415585378,0.377032873893465,-3.64284066412408,"chr19:47508106:A:G"
0.0655613258560959,-0.0298664035739958,0.0969122775507286,0.306538614728987,0.0625203740320703,"chr19:47508291:A:G"
0.21684097757426,0.0905595935659134,0.0971045239285419,0.405246806656133,-0.612680399148477,"chr19:47509212:C:T"
-0.369784975715012,-0.374753872545125,0.0968907475631551,0.0159631585122684,-3.28244223936556,"chr19:47509521:A:G"
-0.0138568717182503,-0.248426011472091,0.0998239619858273,0.742426514700225,-0.104300266930934,"chr19:47509664:A:T"
0.693454949443064,0.280194102377323,0.115242229270814,1.21735834210055,-2.66685595775983,"chr19:47509741:C:T"
-0.579795643664557,1.1321805249783,0.128126556065954,-4.78275504429816,3.61545575455003,"chr19:47509796:A:G"
-0.364014725588763,-0.267712444143819,0.0971208720592692,-0.309015518030263,-2.62106323060978,"chr19:47510217:A:G"
1.503218811238,1.27176018551027,0.0963804002881505,0.745553833056343,-8.74275422693306,"chr19:47510922:A:G"
0.389472261728969,0.502214999614633,0.0976403415585378,-0.360806150532317,-3.66490841413185,"chr19:47512315:A:G"
0.460316430345204,-0.00566292421862894,0.096908066048689,1.4968790570314,0.0717363382243401,"chr19:47513098:A:G"
0.439795950725031,0.500689668949782,0.0976403415585378,-0.19487577183511,-3.86112538946137,"chr19:47513941:C:CT"
0.391578497169714,0.502151158795938,0.0976403415585378,-0.353861340815846,-3.67418985067697,"chr19:47514077:C:G"
-0.388886386115046,-0.502232757733278,0.0976403415585378,0.362737935829214,-3.66230933743761,"chr19:47514159:C:T"
-1.50238689597146,-1.27177434085431,0.0963804002881505,-0.742828546043283,-8.74361005577812,"chr19:47514427:A:G"
-1.51776324794174,-1.27151270657402,0.0963804002881505,-0.793200229335428,-8.72609474498079,"chr19:47514428:G:T"
0.407109674123748,0.413599512743061,0.0970073648986936,-0.0208368249709863,-3.56528218268224,"chr19:47514700:C:T"
0.162713647648906,0.352145230020472,0.114105160746268,-0.560789332154743,-1.44666645140849,"chr19:47515000:G:T"
-0.113880901562637,0.058820521527617,0.100707939697056,-0.544206920999742,0.205030291701826,"chr19:47515284:C:T"
0.383465023121646,0.502397081362647,0.0976403415585377,-0.380613589075147,-3.63789855545287,"chr19:47515603:A:G"
-0.489200599932319,-0.411659609009888,0.0970073648986934,-0.248959666133984,-3.74957939300036,"chr19:47516117:A:T"
-0.00412324409170736,0.249385289592753,0.0998239619858274,-0.802370922737873,0.0311514751594763,"chr19:47516875:A:C"
-0.113744704107262,-0.0021638256904685,0.096908066048689,-0.358434506660927,-0.00783752042616409,"chr19:47517160:C:T"
0.3916104194348,0.413965778097441,0.0970073648986936,-0.0717760059904873,-3.51113594749023,"chr19:47517464:C:T"
0.411762621995888,0.384645193323215,0.0975577696633706,0.0868195588937561,-3.46935844059779,"chr19:47518032:A:T"
-0.422756263667411,-0.413229765695286,0.0970073648986935,-0.0305865804183353,-3.61330883206559,"chr19:47518383:C:G"
-0.268781512804701,0.123066612309349,0.180742630668551,-0.921695513726195,0.556700416481505,"chr19:47519627:A:G"
1.50155485242401,1.27178849838107,0.0963804002881505,0.740102838792451,-8.74445545244813,"chr19:47519775:C:G"
-1.50155485242401,-1.27178849838109,0.0963804002881505,-0.740102838792387,-8.74445545244826,"chr19:47519947:G:T"
1.50145098100725,1.2717902657914,0.0963804002881505,0.739762564446601,-8.74456024863258,"chr19:47520103:C:G"
-1.50145098100725,-1.27179026579142,0.0963804002881505,-0.739762564446563,-8.74456024863266,"chr19:47520526:C:T"
-1.50134510466375,-1.27179206731631,0.0963804002881505,-0.739415722123157,-8.74466689798523,"chr19:47520740:C:G"
0.600255346201366,0.914188984175615,0.134408049284007,-0.856298560217517,-4.20115570586072,"chr19:47522315:C:T"
0.00714166825069126,-0.249546329059092,0.0998239619858273,0.812434130969109,0.0539875832691435,"chr19:47522321:GCT:G"
0.0992000727366081,0.00249229216260325,0.096908066048689,0.310657221130996,-0.00788165892036963,"chr19:47522593:A:G"
0.0350867864337835,-0.290899934357397,0.101900480058231,1.02120232348453,0.299435113405594,"chr19:47523410:C:T"
1.50102876290392,1.27179744998762,0.0963804002881505,0.738379412147388,-8.74498452909198,"chr19:47523651:A:G"
-0.380293713759723,-0.385571609150572,0.0975577696633705,0.0168977875908506,-3.35989284907029,"chr19:47523938:C:G"
-1.50102876290392,-1.27179744998763,0.0963804002881505,-0.738379412147345,-8.74498452909206,"chr19:47524243:C:T"
-0.427728932607587,-0.565284863895432,0.0991843597771436,0.436774951678757,-3.8515883944367,"chr19:47526226:A:G"
0.331412985116763,-0.205416822629986,0.126962304791866,1.50660437206215,1.55733670522383,"chr19:47527311:A:G"
0.475313313377215,0.691844213826244,0.121183339906371,-0.622011512656596,-3.84937251831089,"chr19:47529572:A:G"
-0.454038535449874,-0.412490529351985,0.0970073648986935,-0.133397543719949,-3.69048295127251,"chr19:47529689:C:G"
-0.457158728843081,-0.412416795565304,0.0970073648986935,-0.143652236559208,-3.69686922025208,"chr19:47530511:C:T"
0.658154610564292,0.307369797487301,0.121103846749746,1.00800297421368,-2.92608514484984,"chr19:47531523:A:G"
-1.50109536671261,-1.27179631669934,0.0963804002881505,-0.738597600828536,-8.74491778089466,"chr19:47532291:G:T"
-0.647086816185609,0.0173440578624388,0.107314282474157,-2.02824793041401,0.202652380950952,"chr19:47532560:C:T"
1.48939130605479,1.2719954655932,0.0963804002881505,0.700256046354063,-8.7556026238042,"chr19:47534022:C:T"
-0.363218518028735,-0.482333694936161,0.0977548638646746,0.380976258588843,-3.52119285419934,"chr19:47535245:A:G"
-1.50116163456753,-1.27179518912744,0.0963804002881505,-0.73881468895235,-8.74485130210659,"chr19:47535808:C:T"
0.159083804145166,-0.0190276522734786,0.0983663267730612,0.567895762146349,0.0945191697689203,"chr19:47538676:A:G"
-1.50109669875863,-1.27179629403409,0.0963804002881505,-0.73860196450336,-8.74491644526953,"chr19:47538916:C:T"
0.502953966390929,0.270554728357923,0.0983278112602281,0.741133618621438,-2.95688436434305,"chr19:47539719:C:T"
0.487114109178572,0.411708915204964,0.0970073648986936,0.242102295742103,-3.74683771152327,"chr19:47540390:C:T"
-0.387953073582918,-0.481554090411848,0.0977548638646746,0.299372138105554,-3.63391882071629,"chr19:47540986:A:G"
0.338552530430551,0.483111138277965,0.0977548638646746,-0.462354160018766,-3.39339752349205,"chr19:47541024:C:T"
1.50109669875863,1.27179629403408,0.0963804002881505,0.738601964503387,-8.74491644526947,"chr19:47542108:A:G"
0.429962929969349,0.350802720628141,0.109568921003072,0.239146066307313,-3.19321889317923,"chr19:47542648:C:T"
-0.471241554806419,-0.372481184129181,0.0968907475631552,-0.317279167942626,-3.56131265353251,"chr19:47544021:C:T"
0.474300232333701,0.372412667912227,0.0968907475631552,0.327325641263481,-3.56528695911432,"chr19:47544564:C:T"
-0.454342384731379,-0.485443026948088,0.114977149893248,0.0917199031903504,-3.68836784787397,"chr19:47545258:C:T"
-0.735370437186626,-0.755474034160891,0.145142399205082,0.0527687273651722,-4.57875288260454,"chr19:47545853:A:G"
-0.461611592317829,-0.372696901083076,0.0968907475631552,-0.285648778547362,-3.54724507869637,"chr19:47546400:G:T"
0.0922581530416878,-0.295202867900279,0.101900480058231,1.21377979411341,0.793531837594927,"chr19:47546511:C:CAATA"
-0.418665390401152,-0.384441982145518,0.0975577696633705,-0.109570167749323,-3.48945833942929,"chr19:47547402:A:G"
0.0220914635567566,-0.250343933017648,0.0998239619858273,0.862275669220451,0.167458114389633,"chr19:47547977:CT:C"
0.204962686853756,-0.0330207480460167,0.0969122775507285,0.764464510455159,0.212900690693741,"chr19:47548129:CA:C"
0.0220461476878391,-0.250341515317898,0.0998239619858274,0.862124589385069,0.167113296997575,"chr19:47548167:G:T"
-0.279424112381424,-1.29258350211118,0.0963804002881504,3.26349845090065,-1.52711245393736,"chr19:47550329:GAGAGAGAA:G"
-0.0619375223005769,-0.24586080462814,0.0998239619858273,0.582129096836755,-0.460661591230983,"chr19:47550770:C:T"
0.213304751106309,-0.0332095105091093,0.0969122775507286,0.791867738212167,0.222480732319286,"chr19:47551351:C:T"
0.264891264563998,0.450170542650963,0.133023199584625,-0.507999348218924,-2.36965313844159,"chr19:47553033:C:T"
1.50134610353209,1.27179205032019,0.0963804002881505,0.739418994334954,-8.74466589262416,"chr19:47554108:C:T"
0.425801561229282,0.384231899814343,0.0975577696633706,0.133090040024509,-3.508807171091,"chr19:47555007:C:T"
-0.476567717894829,-0.372361874871361,0.0968907475631552,-0.334773380684223,-3.56808191503485,"chr19:47555264:A:G"
0.430560266269044,0.384091807897794,0.0975577696633706,0.148774100485802,-3.52091381358423,"chr19:47556978:A:G"
-0.560451131022641,-0.820519409507715,0.0978403892766424,0.831434989150547,-4.47907408852345,"chr19:47557809:C:T"
-0.425371548022463,-0.384244559009175,0.0975577696633706,-0.131672773545824,-3.50768197302946,"chr19:47557871:G:T"
-1.50146063602537,-1.27179010150773,0.0963804002881505,-0.739794193503718,-8.74455051460311,"chr19:47557925:C:T"
1.50150558098167,1.27178933675276,0.0963804002881505,0.739941429539241,-8.74450518309977,"chr19:47558935:A:G"
-1.53741454587732,-1.27117833251691,0.0963804002881505,-0.857576289261948,-8.69855278359653,"chr19:47559668:A:T"
0.173118319567531,0.00082297066905128,0.096908066048689,0.553469369112838,-0.00450730224315948,"chr19:47560220:C:T"
0.0917036535119377,0.00266158640688901,0.096908066048689,0.28603242641316,-0.0077848985654364,"chr19:47560905:A:G"
1.27515082511096,1.26351711014557,0.110245806996722,0.0350378443199948,-8.06990565787597,"chr19:47561278:A:T"
-0.413833943250772,-0.384584215523153,0.0975577696633705,-0.0936463589423345,-3.47553411430877,"chr19:47561352:C:T"
-0.549996519354987,-0.378838710310217,0.123154178006613,-0.487721772652596,-3.39381045969904,"chr19:47561716:G:GT"
-0.121971243860955,-0.00197804288017476,0.096908066048689,-0.385457655527278,-0.00767735704704969,"chr19:47562003:C:T"
-0.497062867730364,-0.411473814508217,0.0970073648986935,-0.274799455893279,-3.75907990609409,"chr19:47562174:A:G"
-0.425974149259363,-0.384226818980844,0.0975577696633706,-0.133658867274001,-3.50925731521485,"chr19:47562607:A:C"
1.22112604018193,0.692394156170416,0.134965362494202,1.43921056234368,-4.22631175652706,"chr19:47562808:C:T"
-0.487570683135231,-0.411698125833141,0.0970073648986935,-0.243602851987744,-3.74744563313707,"chr19:47563550:C:G"
0.485080493654267,0.411756971897089,0.0970073648986936,0.235418702795484,-3.74407548264939,"chr19:47563807:C:T"
-0.71222593883244,-1.61548565376664,0.12502678663949,2.55453058391306,-3.61469655731678,"chr19:47564121:C:T"
0.0385629320794865,-0.211421446982031,0.0970357566331175,0.802503570179776,0.255785440886128,"chr19:47564839:A:C"
-0.179485637267823,-0.000679175317444065,0.096908066048689,-0.574385207271534,-0.00385302832702916,"chr19:47566670:C:T"
-0.494517348824611,-0.411533968070617,0.0970073648986934,-0.266433463403257,-3.75614666400184,"chr19:47566734:A:G"
0.0213782759322052,0.248024728267055,0.0998239619858273,-0.717350696057954,-0.160643682475291,"chr19:47566777:C:T"
-0.196182276158807,0.0506126291374765,0.0975765344432549,-0.790066223292622,0.31050768620217,"chr19:47567555:C:T"
-1.49977239410087,-1.27181882756459,0.0963804002881505,-0.734263649737159,-8.74623091666357,"chr19:47568639:C:T"
-1.52183385040437,-1.271443443777,0.0963804002881505,-0.80653519321059,-8.72086123881122,"chr19:47568771:CAA:C"
0.159297398212406,-1.04675639115138,0.15111012805337,3.10255786913153,0.833062066587062,"chr19:47568798:A:G"
0.243318188678117,-0.306572218204379,0.101900480058231,1.72261422123993,2.06165294027765,"chr19:47568862:A:G"
-0.398961137130483,-0.385022057309211,0.0975577696633706,-0.0446275631836437,-3.42840493393808,"chr19:47569870:CCT:C"
-0.581769747002767,-0.599665526264211,0.132498510292069,0.0491637630098697,-4.06586811489816,"chr19:47570143:A:G"
-0.202083227416376,0.0507875161704648,0.0975765344432549,-0.809516846091316,0.320616277502751,"chr19:47571010:A:C"
-0.474543695483576,-0.382796976038327,0.0975577696633705,-0.293737647781206,-3.60412919729276,"chr19:47571181:C:T"
-1.49845158873623,-1.27184130155332,0.0963804002881505,-0.729936798371697,-8.74751518768723,"chr19:47572068:A:C"
0.816025700024504,0.183484243413681,0.132733721084289,1.73619443360941,-1.54977949088396,"chr19:47573184:C:T"
0.0867899884780863,0.185272987318751,0.10043805574801,-0.310750700245296,-0.488474530748934,"chr19:47573464:A:C"
0.500908797979843,0.491288420495211,0.104223322185429,0.0297995466452654,-3.93842149550134,"chr19:47573725:C:T"
-0.483470815794129,-0.461966640788059,0.105446282458387,-0.0662227404962927,-3.80968019366749,"chr19:47573969:A:G"
1.49737467576821,1.27185962562327,0.0963804002881505,0.726408918737953,-8.74854253500236,"chr19:47574138:A:G"
0.484159120038452,0.492959613632195,0.104223322185429,-0.0272599198697791,-3.90294345302008,"chr19:47574322:A:G"
-0.399045100217766,-0.736221909791117,0.154865442139308,0.85680193489957,-3.23034365288468,"chr19:47574332:A:G"
-0.0596006521265493,-0.186899783579823,0.10043805574801,0.401676377703773,-0.338944624729981,"chr19:47574423:A:ACTAT"
-0.0549290636639783,-0.187179294728827,0.10043805574801,0.417298949004331,-0.312909691523646,"chr19:47574728:T:TAC"
1.49720841440052,1.27186245462155,0.0963804002881505,0.725864259967589,-8.74869955963914,"chr19:47574808:A:G"
0.735082092148626,-0.198171618248208,0.174565364744034,2.23367860893241,1.8208615711519,"chr19:47576043:A:G"
-0.358756925895363,-0.233455049438437,0.0995376855792038,-0.3971584486289,-2.2830102631775,"chr19:47576533:A:G"
1.49440656877637,1.27191012905464,0.0963804002881505,0.716685640703019,-8.75128191586138,"chr19:47576627:A:G"
-1.50837995991602,-1.27167236666857,0.0963804002881505,-0.762461337979142,-8.73720924758502,"chr19:47577665:A:G"
-0.705936818205371,-0.264695507712235,0.100608148701755,-1.39110396025503,-2.50036594552907,"chr19:47578566:C:G"
0.0546461340378979,0.187196223014691,0.10043805574801,-0.418245112882438,-0.311329804956028,"chr19:47578804:G:T"
0.73618861251594,0.642521654790255,0.101137691306928,0.294530243790051,-4.87052569336386,"chr19:47579522:C:T"
1.08460226108164,0.608372070217798,0.117194441940612,1.39111622708554,-4.06667685573621,"chr19:47579783:G:T"
-0.536622559672721,-0.412717856426944,0.100239038677131,-0.391353611004821,-3.7634076182056,"chr19:47580713:A:G"
-0.642554496958992,-0.296067250268905,0.100878868692868,-1.09090555285464,-2.9484971459844,"chr19:47580796:C:T"
0.094766015815314,0.184795764510413,0.10043805574801,-0.284077533983036,-0.53166157257021,"chr19:47580797:A:G"
-0.252988188592542,0.0800372320752974,0.103643416229184,-1.03444290639257,0.588757840022571,"chr19:47581153:A:G"
-0.683831646716349,-0.373343147108533,0.101580206764307,-0.974183955135459,-3.39886934593722,"chr19:47581400:C:T"
-0.245413531630417,-0.175782200799225,0.10043805574801,-0.21971289531722,-1.27445044550345,"chr19:47581772:G:T"
0.319682909309657,0.402481809228689,0.107963086955008,-0.251992096561403,-2.94527253812702,"chr19:47582149:A:G"
-0.735961734788908,-0.449598488251759,0.105395171085421,-0.88207785867118,-3.77941392962227,"chr19:47582400:T:TTCC"
-0.612912516568631,-0.191979622703843,0.100489296485743,-1.32786205962044,-2.1535616279992,"chr19:47582497:C:T"
1.31537870310779,1.17259718014483,0.137918038115122,0.384469129756612,-7.09211906130337,"chr19:47582627:G:T"
-0.447443577025945,-0.37513079760918,0.135366690221074,-0.19654370982704,-3.02535333050306,"chr19:47583416:C:T"
0.634992253664973,0.190646606262936,0.100489296485743,1.40171921734436,-2.08523459991148,"chr19:47583608:A:G"
1.45700442017474,1.27254654036009,0.0963804002881504,0.594159232134333,-8.77407457618589,"chr19:47583647:C:T"
1.45700442017474,1.27254654036009,0.0963804002881505,0.594159232134335,-8.77407457618589,"chr19:47583667:C:T"
1.45632527669683,1.27255809623598,0.0963804002881505,0.591934413123615,-8.77428534013912,"chr19:47583879:C:T"
0.32548788255987,0.170991180782539,0.10043805574801,0.487494885696665,-1.59076755633934,"chr19:47584234:C:T"
-0.635891639344771,-0.664147328553518,0.102003582844979,0.088470440929684,-4.7046752288521,"chr19:47584446:C:G"
0.609995649598814,0.112616369556635,0.103501207093012,1.54601955181336,-1.33875848132167,"chr19:47584569:A:G"
0.286508395564191,0.439896955102141,0.10074038992727,-0.483271467795576,-2.95628122544945,"chr19:47584717:C:T"
0.671587395919719,0.369866025152852,0.100500627487148,0.951747370139929,-3.40742642079314,"chr19:47585188:A:T"
-0.602710158762154,-0.113287762611336,0.103501207093012,-1.52128692108031,-1.35586024080214,"chr19:47585297:C:T"
-0.550284635172207,-0.670683572052645,0.102003582844979,0.376977073699557,-4.39821813752673,"chr19:47585370:A:G"
1.45066842334629,1.27265434967489,0.0963804002881505,0.573403019854651,-8.7757563766051,"chr19:47585536:A:G"
-0.920669688208085,-0.292815706498683,0.101086163517266,-1.97475306093342,-1.90706057956175,"chr19:47585698:A:G"
-1.49200658792455,-1.27195096561096,0.0963804002881505,-0.708823497874242,-8.75339790244657,"chr19:47585733:A:G"
-0.647497763294498,-0.0572495664999597,0.105478463347355,-1.81740940799566,-0.66317537071022,"chr19:47587626:G:T"
1.44419835492845,1.27276444026706,0.0963804002881504,0.552207599910337,-8.77681431052318,"chr19:47587832:C:T"
-1.05882806886393,-0.557458303633036,0.105944993467283,-1.54034470960712,-3.79324200306001,"chr19:47588515:C:T"
-1.09826512969391,-0.552807022300803,0.105944993467283,-1.67579612553691,-3.62030389414188,"chr19:47588842:TA:T"
1.55127710019648,1.27094245606005,0.0963804002881505,0.902988894093992,-8.67571308656582,"chr19:47588879:C:T"
-1.55410854967377,-1.27089427790651,0.0963804002881505,-0.912264493182988,-8.67070683658564,"chr19:47589278:C:T"
2.10293917779164,1.52538102718217,0.123923118966585,1.64066362444317,-8.43773662698948,"chr19:47589282:A:G"
-0.600070392932236,-0.774995255915239,0.114653035761321,0.516605187949874,-4.49688456426508,"chr19:47589512:A:G"
1.56452355530979,-0.830817511874069,0.13684553611797,6.47518293790482,4.37862237601515,"chr19:47589650:A:G"
-0.162270520951151,-0.339924340605926,0.145755627745396,0.465330890192221,-1.11945036272499,"chr19:47589885:C:T"
-1.54782117096357,-1.27100125996616,0.0963804002881505,-0.891667549919707,-8.68166743430148,"chr19:47589888:C:T"
-0.859824369004827,-0.983957743489071,0.106106104055931,0.3810819485932,-6.07799932564479,"chr19:47590098:C:T"
0.839860082971176,0.583283800860884,0.105944993467283,0.78827234142698,-4.49412984879988,"chr19:47590391:A:G"
-0.894346550604193,-0.713247290897873,0.114653035761321,-0.534840019324509,-5.08943282465797,"chr19:47590432:A:G"
0.813025245869148,0.989556881399794,0.106106104055931,-0.541941439486943,-5.83909356967191,"chr19:47590584:G:T"
-0.775281952318071,-0.575509798299974,0.105368958751203,-0.615429922682513,-4.49583872517109,"chr19:47590696:A:G"
0.363639528878598,0.104460553290494,0.117697373832138,0.755468538198219,-0.940379250602664,"chr19:47590755:A:T"
0.211631456545865,0.172653181760725,0.10456447779405,0.120539816635127,-1.04949518268677,"chr19:47590887:A:G"
-1.13297552702468,-1.2780600110723,0.0963804002881505,0.467333169626376,-8.00718508472298,"chr19:47591703:C:T"
-1.25619175766393,-1.27596344162045,0.0963804002881505,0.0636867807946793,-8.50720633080142,"chr19:47591807:C:T"
-1.69637142791277,-1.19768786976032,0.106279978280865,-1.52967553583796,-7.41756427483783,"chr19:47592116:A:G"
-1.01972163748995,-1.27998706762866,0.0963804002881505,0.838343736129456,-7.32261989155753,"chr19:47592317:A:C"
0.621885785171623,1.31371982593141,0.107274771751143,-2.11228797908858,-3.58760594540639,"chr19:47593714:C:T"
1.90684846875721,1.32191855317588,0.103254093260687,1.82033028614085,-7.83748583617364,"chr19:47593793:A:T"
0.620107164819158,1.3870577977485,0.107217890100584,-2.34225288124753,-3.43951423059463,"chr19:47593868:G:T"
0.634455004957487,1.38517287011927,0.107217890100584,-2.29267831224435,-3.54881561523253,"chr19:47593948:A:T"
-0.620859009980828,-1.38695902513154,0.107217890100584,2.33965511046896,-3.44514748909028,"chr19:47594000:A:T"
1.93117610541946,1.31974008033488,0.103254093260687,1.90281858535626,-7.73429817406294,"chr19:47594304:C:T"
-1.90329602909086,-1.3222366643611,0.103254093260687,-1.80828494403837,-7.85286105623967,"chr19:47594645:C:CG"
0.0359595152381945,0.211425653137391,0.103510614678221,-0.54538209184693,-0.223915542115786,"chr19:47595301:C:T"
-0.1741607746266,0.180651515146531,0.112773942698097,-1.0565602612034,0.845076507754933,"chr19:47595821:A:C"
0.649038038074025,0.965878376906278,0.109579394531171,-0.957141222158576,-4.73502057746268,"chr19:47595831:A:G"
-1.80111603347683,-2.24634145212091,0.121165844698928,1.27905683787325,-10.4148692599946,"chr19:47595878:A:C"
1.7811760049131,1.70686460424943,0.102921147371248,0.231634443088513,-10.8487762578896,"chr19:47595994:A:G"
-0.64676993064996,-0.966232864949456,0.109579394531171,0.965063806258809,-4.71824991934386,"chr19:47597130:A:G"
1.40483697795662,1.3756514484227,0.103301589799601,0.0908059015883479,-8.92094940894319,"chr19:47597319:A:G"
1.77983136236386,1.70698028918292,0.102921147371248,0.227082488204483,-10.8467318353366,"chr19:47597377:C:T"
-1.80230307875497,-1.70504695826343,0.102921147371248,-0.303154927855084,-10.8768631500393,"chr19:47597695:C:T"
1.80582244076291,1.70474417358655,0.102921147371248,0.315068857761313,-10.8808060011088,"chr19:47598081:C:T"
1.36938517439502,1.27403741403106,0.0963804002881505,0.307125681703056,-8.73983811593122,"chr19:47598181:A:G"
-1.81088151930484,-1.70430892098727,0.102921147371248,-0.332195117294463,-10.8861065078736,"chr19:47598611:C:T"
0.680607596648216,0.960944293571209,0.109579394531171,-0.846867572789813,-4.95997072741736,"chr19:47600223:A:G"
-0.0580880870814718,-0.675053739432061,0.104774537191849,1.90604483062571,-0.638357242830554,"chr19:47603563:C:T"
0.829010516485154,1.50066158668411,0.138800646841271,-1.80280172964214,-4.5195249935991,"chr19:47604760:G:T"
0.5929673788418,-0.537492205852441,0.131937542371678,3.11222398478094,3.95032482332713,"chr19:47605762:C:G"
1.46023485086412,0.662782171507465,0.124350737561425,2.26141744874812,-3.45091236290237,"chr19:47605844:A:G"
0.00692843589263258,-0.681918906743386,0.104774537191849,2.12811509282456,0.0755182488661719,"chr19:47606438:A:G"
-1.74053698017128,-0.562769476272798,0.140641737404681,-3.14052645413569,-2.67613489780398,"chr19:47607110:TTTC:T"
1.46232434089177,0.662129914023561,0.124350737561425,2.26919250026301,-3.44302571144587,"chr19:47607610:G:T"
-0.553518087683723,0.791003232535135,0.10850981106754,-4.08162582969729,4.32102654082312,"chr19:47610931:C:T"
1.07234109347523,1.53322026650846,0.208977940702671,-1.00817717378898,-5.45749906778861,"chr19:47611101:TCACACAGCCCTGGGTCA:T"
0.568031406673506,0.346800071452672,0.128423338365533,0.617340348652602,-3.18517378299387,"chr19:47612309:G:T"
-0.00866054485793695,0.0317888651515089,0.105828630160795,-0.124339925861947,0.00806131826253054,"chr19:47612504:A:C"
-0.296120537976576,-0.649919626960865,0.104774537191849,1.09302182717846,-2.91922826934698,"chr19:47612640:TG:T"
-1.11432348963505,-1.1111508699613,0.123721216693358,-0.00901977952254774,-6.8471704371337,"chr19:47613035:C:G"
-0.335968339907454,0.134724943459072,0.100933586388258,-1.48156308554645,1.29566316955342,"chr19:47613437:C:T"
-0.270661337882392,0.0594332201749252,0.101434927238301,-1.03644104517729,0.476134870688573,"chr19:47613771:C:T"
-0.195853203905373,0.108520088138864,0.101429600108918,-0.955705719176922,0.636986172938089,"chr19:47613804:A:G"
0.789511095576041,0.751907838278438,0.192976443268828,0.0855999118590669,-4.2584040452553,"chr19:47614402:C:T"
-0.27202316473473,1.86791711380691,0.182759271353874,-5.0056668768499,1.11587543148801,"chr19:47614666:A:G"
-0.0478450979310551,0.430256633167219,0.099741096038943,-1.51385140425176,0.568992626941706,"chr19:47615277:C:T"
-0.708831285346271,-0.548080193986117,0.0983926228529649,-0.512474972996081,-4.45527387780342,"chr19:47615399:C:T"
0.522373742117091,-0.788293307843178,0.103144372940036,4.08102834759717,4.19504425394519,"chr19:47615686:C:G"
-0.721744942568971,-0.547586265503446,0.0983926228529649,-0.555218397405612,-4.45315839115438,"chr19:47616293:C:T"
-1.68436720342862,-0.935400602561463,0.121956939374091,-2.1446636598692,-5.03846770857194,"chr19:47616674:A:G"
0.0017321089757752,0.418728564955393,0.100540179776431,-1.31511137812388,-0.0201821249549076,"chr19:47616712:C:T"
-0.0672034371264253,0.426647497652897,0.100125041875516,-1.56071830762574,0.789784328033649,"chr19:47616729:C:T"
0.723982563557583,0.547500679776589,0.098392622852965,0.562624787550154,-4.45253782213038,"chr19:47616819:C:T"
-0.709273424607384,-0.54806328280669,0.0983926228529649,-0.513938427210476,-4.45524285668097,"chr19:47616897:C:T"
0.741159650935982,0.546843681332287,0.0983926228529649,0.619479907929534,-4.4452891106557,"chr19:47616922:A:G"
0.79538268151952,0.54476972979708,0.098392622852965,0.798954859837801,-4.39399772825188,"chr19:47617090:AGTGCT:A"
-0.703437836399659,-0.548286485512114,0.0983926228529649,-0.494622983170043,-4.45541527809387,"chr19:47617282:C:T"
-0.710852860720316,-0.548002871687727,0.0983926228529649,-0.519166265222474,-4.45510802327161,"chr19:47617468:A:G"
-0.710966799138387,-0.54799851371005,0.0983926228529649,-0.519543394495459,-4.45509684570258,"chr19:47617508:C:T"
-0.69684630839913,-0.548538601807881,0.0983926228529649,-0.472805424133501,-4.45499212916283,"chr19:47617609:C:T"
0.713312544593514,0.252620438878112,0.123397169595799,1.31146942847155,-2.39593389896239,"chr19:47617777:C:CT"
-0.112462610373633,0.433647615238458,0.0997410960389429,-1.72919209060378,1.32062759466003,"chr19:47618352:G:T"
-0.520820772289643,0.788156041670157,0.103144372940036,-4.07576545414741,4.18511485699941,"chr19:47618737:C:T"
0.636369534764112,0.756129337299137,0.0989951775327149,-0.380630908761443,-4.90548543185541,"chr19:47618789:A:T"
-0.23880454721744,-0.521975874134064,0.13073710685766,0.783158815511044,-2.36477709733371,"chr19:47619132:A:G"
0.728122057360158,0.547342350199027,0.0983926228529649,0.576326261686606,-4.45119264578842,"chr19:47619133:C:T"
0.114821051224086,-0.540861060355866,0.0997644422447406,2.07589530133317,1.43565734294363,"chr19:47619283:C:T"
0.709002673480326,0.548073638640915,0.098392622852965,0.513042257354497,-4.45526220211883,"chr19:47619297:C:G"
-0.630547450197431,-0.756389041579243,0.098995177532715,0.39996057336214,-4.87816748952567,"chr19:47619340:C:T"
-0.714937607884042,-0.547846636088942,0.0983926228529649,-0.532686531295349,-4.45458543821623,"chr19:47620179:A:C"
-0.713166030121165,-0.547914396344717,0.0983926228529649,-0.526822716042443,-4.45484286511153,"chr19:47620833:C:T"
0.617003918398574,0.75699317453808,0.0989951775327149,-0.444925898785072,-4.81258179667557,"chr19:47620840:C:T"
0.719756048688612,0.0326891549599544,0.133146984644098,1.88292644439981,-0.342860843511701,"chr19:47621316:A:G"
-0.677867746167741,-0.530308749939292,0.0986871873436168,-0.469715948824903,-4.35616279618248,"chr19:47621395:G:T"
0.55054626266109,0.554134364368447,0.0983926228529649,-0.0114388792637497,-4.27370551790128,"chr19:47621790:C:T"
-1.17037599826349,-1.09400070599133,0.123600089340146,-0.217241850174246,-6.92132597537363,"chr19:47622314:C:T"
-0.470765956963894,0.783731723297014,0.103144372940036,-3.90613359456534,3.85300066940105,"chr19:47622584:C:T"
1.41732525333888,0.676695932543477,0.181266683026958,1.73956999244864,-3.34315454076929,"chr19:47622761:C:T"
-1.24819133421927,0.195271030670042,0.104242470759028,-4.47077812018664,0.978396703273502,"chr19:47623003:C:T"
-0.457029647554213,-0.555763455907369,0.0987029607201352,0.314268461075857,-3.9750488757447,"chr19:47623868:C:T"
-0.0363605373853216,0.0343050126770149,0.0982608701431093,-0.225432974295752,0.0393170728848423,"chr19:47624948:C:T"
-0.180729416876484,0.563075285189121,0.154903680247995,-1.88985311790577,1.71254360954761,"chr19:47625114:C:T"
0.443889205051595,0.517783222813288,0.0974453848988095,-0.236716561084335,-3.9012508115532,"chr19:47625161:A:G"
-0.799668359468053,-0.670839290745315,0.0994623304036625,-0.408492937280545,-5.10263181014771,"chr19:47625453:C:T"
-0.463534605523832,-0.517228177603814,0.0974453848988095,0.172005232901225,-3.96765149744849,"chr19:47625508:G:T"
0.395622126526639,0.478017319790425,0.0999252301036914,-0.260653942526361,-3.63531241195535,"chr19:47626264:C:T"
0.504942331899527,0.516058277290879,0.0974453848988095,-0.0356094910785368,-4.0853275907662,"chr19:47626274:C:T"
0.634510956757206,0.646582479253632,0.0986205090834048,-0.0384395617868416,-4.71705436485618,"chr19:47626335:C:G"
-0.486670463559979,-0.565194799402376,0.0980256434004738,0.250803978299334,-4.10354842200148,"chr19:47626446:C:T"
0.489094288794495,0.565111477663617,0.0980256434004738,-0.24279623868164,-4.11216528896804,"chr19:47626497:A:G"
0.378585851216281,0.519628250801415,0.0974453848988095,-0.451823744440973,-3.62762385223126,"chr19:47627109:A:G"
-0.383287643302047,-0.519495410181707,0.0974453848988095,0.436336189929638,-3.65020662170608,"chr19:47627117:A:G"
1.08827815135571,0.103846043567049,0.127422693418841,2.75779753834828,-0.45480231965963,"chr19:47627119:C:T"
0.125578829712405,0.471613939503484,0.124287696329468,-0.981535692009673,-1.30104965093623,"chr19:47627490:A:G"
0.769234181852883,0.653537971652999,0.0996388856982116,0.366525928189129,-4.9865342151824,"chr19:47627634:A:G"
0.569521482611255,0.649224510231238,0.0986205090834048,-0.253799755225874,-4.50480862771362,"chr19:47627839:A:G"
0.460765918941025,0.517306401828692,0.0974453848988095,-0.181125198989448,-3.95871512230555,"chr19:47628330:CT:C"
-0.412536647060054,-0.518669032554999,0.0974453848988095,0.339990896083939,-3.78040262485387,"chr19:47628560:C:G"
0.375535798803682,0.428270254945797,0.0990991928029026,-0.167517202941474,-3.45744954382303,"chr19:47629340:C:T"
-1.26600557110031,-0.780849998271955,0.125156014188101,-1.37137163505224,-4.92308629750867,"chr19:47629472:A:C"
1.32721358411896,0.487152333470485,0.0995445509966099,2.66257718635145,-2.68643375611812,"chr19:47629662:G:T"
-0.462494641664962,-0.517257559899114,0.0974453848988094,0.175430840980086,-3.96431089828102,"chr19:47629727:A:G"
-1.72078002875871,-1.11478794179714,0.126431040519632,-1.70427666279962,-6.30093898380816,"chr19:47629952:C:T"
-1.08360106204749,-0.31355445633157,0.0978097512097917,-2.46221477903385,-1.68183916928253,"chr19:47630709:C:T"
-0.351464467274491,-0.466417124665214,0.0999859416872504,0.363537774980523,-3.41304063170389,"chr19:47631753:A:G"
0.923783743278017,0.518071285019796,0.170205045452003,0.983404358765974,-3.51840756179613,"chr19:47631841:A:G"
0.843649085974694,0.935462141404903,0.109579394531171,-0.277357549889217,-5.84967274955651,"chr19:47631843:C:T"
-0.462808064654147,-0.51724870470021,0.0974453848988095,0.174398435560705,-3.96531971431051,"chr19:47632489:A:G"
-0.448989766377527,-0.517639115690933,0.0974453848988095,0.219915473300616,-3.9191647059111,"chr19:47632760:A:G"
-0.447778702818439,-0.517673332098369,0.0974453848988094,0.223904678383679,-3.91495449725433,"chr19:47633380:C:G"
-0.789349589382016,-0.652504055338844,0.0996388856982116,-0.43352704723046,-4.99979957805956,"chr19:47633495:G:T"
0.447061227171844,0.517693603073305,0.0974453848988095,-0.226268020484841,-3.91244755490112,"chr19:47633623:G:T"
0.49362270804729,0.408030371066942,0.0991068696678033,0.271883595676796,-3.71707639626555,"chr19:47633687:A:G"
0.44013576380752,0.517889269497578,0.0974453848988095,-0.249080277899619,-3.887761805828,"chr19:47634299:A:G"
0.860606124879105,0.93281188442162,0.109579394531171,-0.218125978497963,-5.91467926894945,"chr19:47634954:A:G"
0.623171689012061,0.790222657117964,0.0983229772013674,-0.532747581235196,-4.87166851681077,"chr19:47635333:C:T"
0.639320914637112,0.754644836042915,0.0973466270012272,-0.369622965790328,-4.94930225033824,"chr19:47635490:C:G"
0.640437545180571,0.754614451313284,0.0973466270012271,-0.365946684392001,-4.95450143979521,"chr19:47635582:C:T"
-0.303370421204445,0.850480780031328,0.10057517549372,-3.63834943235196,2.26575965345853,"chr19:47635697:CAT:C"
0.606545644802968,0.755536686725591,0.0973466270012272,-0.477528947336504,-4.78824316645149,"chr19:47635802:A:T"
-0.566418251069936,-0.909557731580974,0.100043403915331,1.08486690172781,-4.34516245213272,"chr19:47636882:C:T"
-0.718395277064928,-0.643172312058087,0.0986205090834048,-0.239533812907681,-4.89357516833786,"chr19:47637051:A:G"
-1.10049571930009,-1.13962068397417,0.107481769988201,0.119340142911781,-7.32172327218585,"chr19:47637600:A:G"
0.636073250461845,0.754733208511744,0.0973466270012272,-0.380315246657511,-4.93407232166139,"chr19:47637852:C:G"
0.642990892709528,0.754544971954357,0.0973466270012271,-0.357540301386317,-4.96631848431537,"chr19:47638578:C:G"
0.252895276378158,0.148528272552058,0.0980998881910788,0.333218388473327,-1.139103185176,"chr19:47638687:A:G"
-1.06190928582056,-1.99623455037225,0.143546542332245,2.46604912972883,-5.06085752044716,"chr19:47638895:C:T"
-0.185249091170365,-0.218631720918377,0.187531057981014,0.0770874968640831,-0.658121130963687,"chr19:47639034:C:T"
0.631226661898745,0.754865089449426,0.0973466270012272,-0.396271664368116,-4.91104476378771,"chr19:47639304:G:T"
-0.63085901146535,-0.754875093616949,0.0973466270012272,0.397482079448823,-4.90928333358717,"chr19:47639489:A:C"
-0.760934538683077,-0.641442954366923,0.0986205090834048,-0.380499157391964,-4.94107613885517,"chr19:47640366:C:G"
-1.07351581275834,0.0473591777396577,0.125665845932462,-3.16190305032283,0.206076636508108,"chr19:47640373:C:T"
0.281394557745883,0.344037667437501,0.0987611112377328,-0.19933351479955,-2.59467682078393,"chr19:47640427:G:T"
-0.209999598322609,-0.252834454045401,0.0984944279263945,0.136487059514794,-1.57656736395733,"chr19:47641980:C:T"
0.272441948305945,0.250379046442069,0.0984944279263945,0.0703002391148886,-1.97224783838876,"chr19:47642312:C:T"
-0.606370031784505,-0.708226638254234,0.0971693641428046,0.326756715834137,-4.75263318093369,"chr19:47643471:A:G"
0.535996970519728,0.73140411002058,0.0986895264563612,-0.622020781758581,-4.38278329005624,"chr19:47643710:A:G"
-0.679829166267129,-0.899272352932973,0.0981220970834411,0.70054927920876,-5.20954437632441,"chr19:47643902:A:G"
-0.892556373985257,-1.29209953771453,0.145944488729852,1.0458510926262,-5.41905829169393,"chr19:47644054:A:T"
-0.679487816619535,-0.899284434635667,0.0981220970834411,0.701677571599406,-5.20733620205337,"chr19:47644187:A:T"
0.224996062036737,0.127206124806699,0.0979269920286582,0.31249491875544,-0.879838805375048,"chr19:47644797:A:G"
0.536178848870261,0.73139658362313,0.0986895264563612,-0.62141786781332,-4.3838178764072,"chr19:47645167:A:G"
0.675178984130443,0.899436941115404,0.0981220970834411,-0.715919926745654,-5.17931140242645,"chr19:47645641:A:G"
-0.775528271821722,-0.509585599529342,0.0978044216709344,-0.850371670782812,-4.19050141348211,"chr19:47645653:A:G"
-0.60933872248761,-0.70815140987746,0.0971693641428046,0.316991801841031,-4.76547012864156,"chr19:47645907:A:G"
-0.697390693198858,-0.898650781623769,0.0981220970834411,0.642501651665581,-5.32075986349174,"chr19:47646022:C:T"
0.626617121799246,0.707713565028164,0.0971693641428046,-0.260157964944434,-4.83752428570559,"chr19:47646112:A:C"
0.507174361104001,0.732596832592635,0.0986895264563612,-0.717565705631244,-4.21267357813116,"chr19:47646360:A:G"
-0.644721113105537,-0.707254799189844,0.0971693641428046,0.200608508393448,-4.90813186496445,"chr19:47646438:GAC:G"
-0.69220933414097,-0.898834170240569,0.0981220970834411,0.659628044030463,-5.28843620182641,"chr19:47646655:A:G"
-0.681713802052409,-0.899205648281547,0.0981220970834411,0.694319830223831,-5.22170427328609,"chr19:47647285:A:G"
0.529406789220115,0.710176932302549,0.0971693641428046,-0.579911900874463,-4.37365860521877,"chr19:47647450:A:G"
-0.147069443774838,-0.415979306242518,0.0982686045236966,0.857826258665442,-1.67958986936018,"chr19:47648101:A:C"
0.133226014509991,0.205881413137711,0.101060569523467,-0.228547786362551,-0.820756337288747,"chr19:47648545:C:T"
-0.108049872591311,-0.337346894398704,0.0976654534233505,0.733715896784355,-1.08109562481704,"chr19:47648620:C:G"
0.0492256270062269,0.339145467669033,0.0976654534233505,-0.927699776520299,-0.499472386928061,"chr19:47648775:C:T"
0.112008178511669,0.337225867717388,0.0976654534233505,-0.720662647533554,-1.11933020986508,"chr19:47648851:C:T"
-0.100362690795229,-0.337581932852068,0.0976654534233505,0.759065807084229,-1.00646314203786,"chr19:47648948:C:T"
0.781522211695202,0.509393543027656,0.0978044216709344,0.870151858849899,-4.18059238583318,"chr19:47649044:A:G"
1.01253753630565,0.862126664684432,0.125156014188101,0.425160947327287,-5.69590399577183,"chr19:47650167:C:T"
-0.653403728832208,-0.900207652796502,0.0981220970834411,0.787895553587451,-5.03343884355973,"chr19:47650229:G:T"
-0.641339428960598,-0.900634655681551,0.0981220970834411,0.82777272305219,-4.94961272317723,"chr19:47650410:C:T"
-0.0582685786832675,-0.372970690209543,0.0984554807915821,1.00295098263259,-0.632932488320077,"chr19:47650446:A:G"
0.74114953165666,0.0231605754254709,0.147118501636458,1.87190635046081,-0.235622573900907,"chr19:47651025:C:T"
-0.674856027618722,-0.89944837181291,0.0981220970834411,0.716987422720169,-5.17719961491574,"chr19:47652161:A:G"
-0.36940345761497,-0.196647648904951,0.0985208521934868,-0.550387521648399,-2.02316578014854,"chr19:47652526:C:T"
0.57110836243613,-0.483732907983834,0.128485153345389,2.94279926930121,3.79212275828846,"chr19:47652937:A:C"
0.895932830989328,0.505727623155087,0.0978044216709344,1.24771046208543,-3.90342865720903,"chr19:47653059:A:G"
-0.183804767122275,-0.155804740879549,0.101550219617216,-0.087865423151976,-0.853653954909721,"chr19:47653265:C:T"
1.14084952490014,0.413364940879891,0.102171473063991,2.27593034995554,-2.29964013367938,"chr19:47653411:G:T"
0.0699451712359573,0.384233398072148,0.0976092871162261,-1.0059642390293,-0.781343293824245,"chr19:47653968:G:T"
-0.74230358798914,-0.897061138142118,0.0981220970834411,0.494047192164009,-5.58348092649122,"chr19:47654031:A:T"
0.641018141880125,0.900646027291315,0.0981220970834412,-0.828834700911737,-4.94735143167069,"chr19:47654383:C:T"
-0.679508420167408,-0.899283705395309,0.0981220970834411,0.70160946891804,-5.20746953533409,"chr19:47654861:A:G"
0.866434400283474,0.450062437244114,0.101549463293104,1.30660002394843,-3.49142821931497,"chr19:47656261:AAAC:A"
0.557073940388852,0.755960508431607,0.0972455403969808,-0.637779574854458,-4.51653265556189,"chr19:47656400:A:G"
1.31370044550873,0.670683325549783,0.102589688175391,2.00756992524851,-4.06006812728653,"chr19:47656457:A:G"
0.929753123623833,0.639543606236875,0.0989852019590422,0.922415334571715,-4.88726060200019,"chr19:47657054:A:G"
-0.929185623253129,-0.63956886084804,0.0989852019590423,-0.920531294758539,-4.88821567894362,"chr19:47657110:C:T"
-0.891576104565433,-0.641242540407009,0.0989852019590423,-0.79567176299677,-4.94122097001082,"chr19:47657155:C:T"
0.658630015260081,0.753305384751404,0.0972455403969809,-0.303600275763139,-5.03743677692891,"chr19:47657350:G:T"
0.841187789415886,0.643484895428257,0.0989852019590422,0.628388009963971,-4.97950853586651,"chr19:47657541:C:T"
0.854591264010881,0.642888420859275,0.0989852019590422,0.672886095031451,-4.97305669270031,"chr19:47657554:G:T"
-0.860340581942845,-0.390436237841241,0.118024805748546,-1.36780067205362,-2.98046740679752,"chr19:47657603:A:C"
-0.861880404060387,-0.506818723521096,0.0978044216709344,-1.13533639377437,-4.00232302530504,"chr19:47657867:A:G"
0.943028425987711,0.638952835522948,0.0989852019590422,0.966487901703293,-4.86363112263307,"chr19:47658040:C:T"
0.826348320014015,0.507957234734688,0.0978044216709344,1.01807941094037,-4.09125865352425,"chr19:47658359:A:C"
0.431038467298868,-0.116747508828698,0.0992866076846923,1.73846348636738,1.36872495629819,"chr19:47658825:A:T"
-0.982338673406761,-0.637203471004124,0.0989852019590423,-1.0969936687921,-4.77959698403778,"chr19:47658867:AT:A"
0.594239297184852,0.3950543225429,0.0978203032415487,0.636857213453426,-3.69434225439086,"chr19:47658874:C:T"
-0.991234155961616,-0.648513183703204,0.102171816031524,-1.0721983259922,-4.80193324256324,"chr19:47659263:A:G"
-1.03135369759477,-0.355407773686653,0.0976092871162261,-2.16354724392394,-2.09152668031675,"chr19:47659441:C:G"
-1.00701491598753,-0.35613751609831,0.0976092871162261,-2.08330867138141,-2.16435254799226,"chr19:47659455:C:T"
1.00932785431123,0.636002412283617,0.0989852019590423,1.18659482849721,-4.71038982067362,"chr19:47659493:A:G"
0.717152548451008,0.751775347637455,0.0972455403969809,-0.111026673961494,-5.26602944608283,"chr19:47660173:A:G"
-0.658190315812147,-0.753316880434143,0.0972455403969809,0.30504714591354,-5.03551843691142,"chr19:47660283:A:G"
-0.642561500299825,-0.495216016722989,0.101545256169363,-0.462388483381761,-4.14581091685106,"chr19:47660431:A:C"
-0.715075368663948,-0.751829654277878,0.0972455403969809,0.117861818842849,-5.25882937527659,"chr19:47660978:C:G"
0.715285804700406,0.751824152551818,0.0972455403969809,-0.117169360343875,-5.25956188015163,"chr19:47661096:C:G"
-1.07175954836706,-0.823016217567159,0.0982544241502127,-0.793551995570437,-6.0878456390456,"chr19:47661169:A:G"
-1.04612334970121,-0.823959379719864,0.0982544241502127,-0.708757340973193,-6.10666195889469,"chr19:47661289:A:G"
-0.636851782277206,-0.393681801512399,0.0978203032415487,-0.777491156769112,-3.64096703686555,"chr19:47661512:A:G"
-0.717799955354785,-0.751758421565786,0.0972455403969809,0.108896323949368,-5.26825971868848,"chr19:47661666:A:AG"
-1.11471509926169,-0.821435872119672,0.0982544241502128,-0.935632385437216,-6.03324266651992,"chr19:47661913:G:T"
0.120419931139725,-0.471639965378325,0.102428136873192,1.84993303718442,1.44074659179729,"chr19:47662186:C:G"
1.301269050984,0.906463884400674,0.0988233853249706,1.25589393698801,-6.33147234839273,"chr19:47662367:A:G"
-0.231929770626006,0.105895094617546,0.101228137284506,-1.06179576667878,0.732229484656679,"chr19:47662479:T:TG"
0.873463306660548,1.23051408284586,0.131245193289438,-0.985571821572929,-5.59760706761084,"chr19:47662891:C:T"
-0.943897518949049,-0.638914159592642,0.0989852019590423,-0.969373196277498,-4.86199866354043,"chr19:47663244:C:T"
-1.21674739355812,-0.927055990847382,0.0982298546044314,-0.924301921866405,-6.68841680499851,"chr19:47663258:C:T"
1.02253792039287,0.824827093555635,0.0982544241502127,0.63074584021222,-6.11467114702888,"chr19:47663473:A:G"
-0.995698534522568,-0.636608937299871,0.0989852019590423,-1.14134696182876,-4.74645870520094,"chr19:47663757:A:G"
1.53437961872653,0.730409427881878,0.0972455403969809,2.57813170370726,-4.22347213813054,"chr19:47664678:C:T"
-0.904266007624896,-0.640677820833425,0.0989852019590423,-0.837800867792399,-4.92562522455072,"chr19:47665181:TC:T"
1.4641998728755,0.911625890414031,0.0991428166214131,1.75493003228141,-5.82447618307588,"chr19:47665393:A:G"
-0.618612048784428,-0.0736504465091199,0.133146984644098,-1.49348283474697,-0.816815775390525,"chr19:47665768:A:T"
-0.741643191428169,-0.257152983263737,0.10125999395473,-1.52253068999045,-2.30249842508522,"chr19:47666235:A:C"
0.105795762354968,0.164659094928346,0.102028093933489,-0.18428286672426,-0.521816950288493,"chr19:47666450:A:G"
0.616610758525917,0.704715149546913,0.129176970805974,-0.245134820526838,-4.34596960208978,"chr19:47667178:C:T"
1.95038084169791,1.28538496710291,0.1106620653795,1.99903116718525,-7.20221078145879,"chr19:47667500:A:G"
-1.08470320587855,-1.75941314156369,0.105626223930153,2.07601854343674,-6.22676514457634,"chr19:47667624:A:G"
-0.451939062650482,-0.107203211333714,0.105447856138698,-1.0616162891323,-1.23732723875837,"chr19:47668113:C:T"
0.113559917947589,-0.253797649888107,0.0995175549988694,1.16449906002035,0.867554346943723,"chr19:47669414:A:G"
0.00854429066218197,-0.383088741924826,0.0993793970415043,1.24231330606228,0.0943360574822614,"chr19:47670117:A:G"
0.0831472255913488,-0.0112290235600778,0.101201398702103,0.296667147265202,0.0285326696746278,"chr19:47670195:A:C"
-0.585763722214375,-0.167209011423893,0.116436132966638,-1.22661521541134,-1.88182349770185,"chr19:47670334:C:T"
0.00700023507319532,-0.233336556371406,0.100739554064768,0.757216810500318,0.049223565916337,"chr19:47670959:A:G"
0.834339983567279,1.3338702515864,0.0980356291136868,-1.59540092120089,-5.58650008113868,"chr19:47671136:C:T"
0.0686827149852867,-0.386015142197295,0.0993793970415043,1.44236351689877,0.758197962997484,"chr19:47671525:A:G"
-0.252091247410968,-0.0973781287186857,0.109443162113164,-0.467662798788477,-0.676201350117254,"chr19:47672128:GTAGA:G"
-0.0368251402787771,0.249951784976719,0.0995175549988694,-0.909063781816288,0.279415977011697,"chr19:47672814:C:T"
-0.018735622961584,0.383584663092597,0.0993793970415043,-1.27621472928959,0.206988690490359,"chr19:47673189:C:G"
0.00574475556286691,0.382393421599485,0.0993793970415043,-1.19478085501877,-0.0633424774586999,"chr19:47673244:A:G"
-0.0638221941152502,0.251304848414378,0.0995175549988694,-0.998931768235338,0.485897990315861,"chr19:47673936:G:T"
0.00141426105656238,-0.382741787031758,0.0993793970415043,1.21859529312914,0.0156052364270307,"chr19:47674001:A:G"
0.89009665440779,-1.63333982942303,0.108500175299152,7.66085350965173,4.99646248097681,"chr19:47674112:C:T"
0.101171539623203,-0.253176757628372,0.0995175549988694,1.12326053741141,0.77252823534619,"chr19:47674581:C:G"
0.0913759054942106,-0.387119417203431,0.0993793970415043,1.51785231789348,1.00604040207682,"chr19:47675001:A:T"
-0.187841119594083,0.131455243486036,0.100260646916185,-1.0083904418676,0.747433193188934,"chr19:47676417:C:T"
0.322919917886943,-0.252942097522704,0.118654896595878,1.67176643060262,1.95611914890506,"chr19:47676531:C:T"
-1.38321712827071,-0.988546313370003,0.111311639722739,-1.18294546104758,-6.53802884340464,"chr19:47676603:C:CT"
-0.316761839445081,-0.437149393235958,0.100786901071795,0.379209792608972,-3.14833431350625,"chr19:47677424:C:T"
-0.231817633896697,0.551011295408778,0.133974994381327,-2.13872523040773,2.31434102576666,"chr19:47677569:A:G"
-0.259131640608774,0.0562325023585223,0.100209397735142,-0.996226491721829,0.437865657848465,"chr19:47678736:G:GT"
-0.114218495779462,1.24759246378866,0.129729790506709,-3.78091545816549,0.480434619435031,"chr19:47679079:A:T"
-0.975040587810863,-0.215256909225506,0.101480290251137,-2.38505890555057,-1.16608728745125,"chr19:47679114:C:T"
1.13752382415345,1.3921393820463,0.105572340471606,-0.783627849694115,-7.72203421175308,"chr19:47679251:A:G"
-0.0680096259069935,0.182120426806526,0.0988231473998511,-0.79567650427494,0.383023988959494,"chr19:47679265:A:G"
-0.706988537022556,-1.3382615209065,0.0980356291136869,2.01616111074,-4.37162089494749,"chr19:47679311:C:T"
-0.193658008891579,0.132540724723432,0.100814531845009,-1.02735538531692,0.771832636093519,"chr19:47679530:C:T"
0.789626346457936,1.33541204501047,0.0980356291136868,-1.74313162183729,-5.15545020704311,"chr19:47679689:C:T"
-0.791834394472021,-1.33533590819566,0.0980356291136869,1.7358363870667,-5.17678732530619,"chr19:47679857:A:G"
-0.00916545916219744,0.179602398240149,0.098823147399851,-0.600480219261761,0.0510323791722907,"chr19:47680514:C:T"
-0.00282852211255585,0.179331231370145,0.098823147399851,-0.579459502360177,0.015726317015405,"chr19:47681217:C:T"
1.64409420711536,1.4334598248379,0.0980588472742125,0.672644927693285,-9.5852753989641,"chr19:47681290:A:G"
-0.803643803556776,-1.2065966353515,0.0985151102927083,1.28381601270256,-5.69389436198083,"chr19:47681385:TG:T"
-1.50211370372578,-1.23506647713486,0.0983919207006447,-0.851350416316987,-8.43643345281443,"chr19:47681500:A:G"
1.57761151098417,1.43576853642162,0.0980588472742125,0.45296478351169,-9.59538975560365,"chr19:47681890:A:G"
0.0228261905799708,0.178233428427296,0.0988231473998511,-0.494358380402247,-0.126125048693596,"chr19:47682232:C:G"
0.00346421795050412,0.179061955754287,0.098823147399851,-0.558585394512052,-0.0192325164003896,"chr19:47682772:A:G"
0.830216469266857,1.33401243655822,0.0980356291136868,-1.60902472136717,-5.54696206601778,"chr19:47682798:A:C"
0.0511094412513124,-0.200802558061706,0.0989946234789331,0.800650631703393,0.31616549158912,"chr19:47682991:A:G"
1.41676469310369,1.26092427098437,0.0996766757392035,0.493609310806884,-8.59666567617984,"chr19:47683654:G:T"
-0.457429899600281,-0.574814429162267,0.127184791336829,0.329149555463048,-3.71543801005582,"chr19:47684363:A:G"
-0.275642368502889,0.138271581447645,0.099911995854488,-1.30948716548202,1.12984883256544,"chr19:47685093:C:T"
-0.146032194225145,0.172988361760576,0.0999108660025945,-1.00928148407137,0.76768979915522,"chr19:47685552:G:T"
-2.20759229109437,-0.816437187130482,0.119476087874734,-4.02471429861639,-4.33690368741561,"chr19:47687130:A:G"
-0.939308775158754,-1.33955608246492,0.0986898237886126,1.27406689738671,-6.51065059016114,"chr19:47687211:A:G"
-1.56793148888515,-1.29990551396637,0.0990778884970904,-0.851507569774859,-8.76070907760574,"chr19:47687915:A:G"
0.418674944878146,0.630155134750267,0.131417050512074,-0.583369653634284,-3.53605629292427,"chr19:47688463:G:T"
1.65651124887672,1.50479886617208,0.0984659371207853,0.483479450583797,-9.97170517920068,"chr19:47688903:A:G"
1.01721806218772,1.32756434052095,0.0980356291136868,-0.991184658954743,-7.18588732939841,"chr19:47689078:C:T"
-0.967022788951418,-0.330315309779911,0.101220151061139,-2.00127357449258,-2.07028346351128,"chr19:47689196:C:T"
-1.15046609388207,-1.23656022778868,0.0982728025695414,0.27463563676495,-7.98498558397389,"chr19:47689681:GATT:G"
0.164386027102749,-0.271794624830097,0.0989943506021313,1.3863126678396,1.32941504122064,"chr19:47690063:A:G"
-1.02780056430369,-1.32719943993965,0.0980356291136868,0.956220818991185,-7.26539508904986,"chr19:47690511:C:T"
-2.32582079871806,-1.28151062351651,0.115286820799511,-3.07566958544369,-6.71465106096906,"chr19:47691290:G:T"
1.70444864841188,1.4313639261175,0.0980588472742124,0.872075353015628,-9.5171108096389,"chr19:47691841:A:G"
-1.70339641687631,-1.43140046643966,0.0980588472742125,-0.86859844264799,-9.51876185934293,"chr19:47691852:C:T"
-1.1631293711412,-1.23609188685473,0.0982728025695415,0.232746484036782,-8.03552751205164,"chr19:47692070:A:G"
-1.64755375705234,-1.32974250851285,0.098056564428226,-1.01491793692957,-8.87238492492967,"chr19:47692139:C:T"
-1.53901535116477,-1.3012206061966,0.0990778884970904,-0.755464187582717,-8.80305198201672,"chr19:47693241:C:T"
0.389440164192731,-0.144448651863048,0.099911995854488,1.68904805576856,1.56297800860263,"chr19:47693316:A:G"
0.975096990672279,1.32901673838602,0.0980356291136868,-1.13034970588026,-6.85310632251177,"chr19:47693368:C:T"
1.62132797293877,1.33065260655016,0.098056564428226,0.928260546242826,-8.92789063498673,"chr19:47693398:A:G"
-2.2273817861264,-1.30819696096583,0.100571664675783,-2.8984447522157,-7.35476840656419,"chr19:47693895:C:T"
0.30626248362113,-0.264174508820413,0.100034154141401,1.80357218672804,2.24333507180909,"chr19:47693920:A:G"
1.18461427635365,1.23529728523878,0.0982728025695414,-0.161676060687588,-8.11485170015587,"chr19:47693934:C:T"
-1.4645883436506,-1.37729194759377,0.0992413343099861,-0.277108608335421,-9.17945410063902,"chr19:47693961:A:C"
-2.10061641563951,-1.20141969663003,0.0982728025695415,-2.86838896329427,-6.79289035760682,"chr19:47695211:A:C"
1.70267793263954,1.43142541688507,0.0980588472742124,0.866224340364069,-9.51988001488405,"chr19:47695300:A:G"
-0.340995456884012,0.279671056728145,0.0989943506021313,-1.97266395588965,2.56262610909732,"chr19:47695418:A:G"
-1.6071873920498,-1.3311433188529,0.098056564428226,-0.881536077020978,-8.95376597043063,"chr19:47695539:C:G"
1.90761627378913,1.23222727625459,0.0986350454272926,2.15049460314012,-7.16797134873735,"chr19:47695560:A:T"
1.61539712192739,1.43445637426877,0.0980588472742125,0.577820557164682,-9.59818178497867,"chr19:47695576:C:G"
-0.774784561033761,-0.842009951768541,0.154365774593378,0.171103079850905,-4.7255483819511,"chr19:47695626:A:G"
1.75865265605508,1.35934855964744,0.100962882315655,1.25667476838586,-8.73971163958841,"chr19:47698166:G:T"
-0.055858830195989,-0.0495470063329336,0.105279261582646,-0.019452859761535,-0.0813472956420861,"chr19:47698395:C:G"
-1.73800114273378,-1.27172014447905,0.101364961673821,-1.46454859768192,-8.03615439302791,"chr19:47698868:C:G"
0.196861631679482,0.226764054415467,0.134063060206449,-0.0816679797778356,-1.00240543814869,"chr19:47699841:C:T"
-1.28301463608364,-1.12460201879286,0.113082060049104,-0.471078098817643,-7.46464932742433,"chr19:47704898:C:T"
-0.229101157186008,-0.189412107145494,0.103737634092035,-0.123226052057941,-1.24550009401747,"chr19:47709166:A:G"
-0.133041977464435,-0.159223940417542,0.100377960889972,0.0826386130152992,-0.643357085787578,"chr19:47709749:TGG:T"
-0.217055327541132,0.429416151731292,0.106640742050828,-1.97964715643122,2.28013484070442,"chr19:47710040:A:G"
-0.164735464343939,0.106139475833258,0.128940717388901,-0.754351550497663,0.415805870822992,"chr19:47710483:A:AT"
-0.140389806113107,-0.158788963537998,0.100377960889972,0.0580736002478631,-0.676434186672797,"chr19:47710918:G:T"
-0.142384458522266,-0.158670884072322,0.100377960889972,0.0514051456280827,-0.685362310894217,"chr19:47711085:A:G"
-0.394259834716243,-0.813064549444684,0.113338435187694,1.24400737779812,-3.16533028950966,"chr19:47711162:A:G"
-0.142465208071559,-0.158666103859188,0.100377960889972,0.0511351864599679,-0.685723284750271,"chr19:47711180:C:T"
0.415975493088686,0.808809188056135,0.113338435187695,-1.16686368992783,-3.33863480685332,"chr19:47711294:C:T"
0.144707902284013,0.158533340810818,0.100377960889972,-0.0436374868542021,-0.695734297179351,"chr19:47711593:A:G"
-0.38859697729198,-0.620985450279974,0.112177491615841,0.693843812830088,-3.52414117508046,"chr19:47711807:A:G"
0.0595754776215545,0.16357301146706,0.100377960889972,-0.328249335979766,-0.29768031873689,"chr19:47711825:C:T"
0.149132359102898,0.158271421744274,0.100377960889972,-0.028845792131626,-0.715401767304169,"chr19:47712025:C:T"
-0.614374301803803,-0.256140934889476,0.13353462088451,-0.980322783220103,-2.53898673627935,"chr19:47712083:A:G"
1.47176537831256,-0.710331596411658,0.149116227448999,5.65082155770238,3.59046163112643,"chr19:47712376:C:T"
0.210539414824352,-0.179563277252049,0.100377960889972,1.23128832870427,1.12774312816681,"chr19:47712668:A:G"
0.210449145563413,-0.179557933490877,0.100377960889972,1.23098654355747,1.12725326268626,"chr19:47712671:G:T"
-0.0769441049172669,-0.162544823186648,0.100377960889972,0.270183127352399,-0.381705906655262,"chr19:47712978:C:T"
0.0178331531898144,0.166044074265936,0.100377960889972,-0.467800866321111,-0.090549885364097,"chr19:47713401:A:G"
-0.00282852211255585,0.167267204455673,0.100377960889972,-0.536876281912239,0.0144675924452465,"chr19:47713402:A:C"
0.250918238487098,-0.18195362351029,0.100377960889972,1.36628144928947,1.34487003095474,"chr19:47713664:C:T"
-0.505086886929969,-0.58456114246473,0.112370114281092,0.237083351048223,-4.02785963102243,"chr19:47714285:A:G"
0.713136583388602,-0.0771799311486779,0.130238600327549,2.18993486062863,0.80851130098506,"chr19:47714507:C:T"
1.55937203678016,1.63856343009174,0.13156511910088,-0.218327078055912,-9.0295728007267,"chr19:47714682:C:T"
1.23032344105803,1.57933668606241,0.14294061868835,-0.923132582528574,-7.23189893095081,"chr19:47714688:A:C"
-0.34525070827251,-0.359353412509955,0.141919781283662,0.0374352666869517,-2.3904202273476,"chr19:47714758:A:G"
-0.396064241176943,-0.545619597641153,0.113066995285368,0.444768525896611,-3.56753930762682,"chr19:47715024:C:T"
-0.134867340131321,0.76330728639708,0.128528496760587,-2.50530766989301,1.27046598287018,"chr19:47715082:A:T"
-0.66447239351595,-0.0277965211088698,0.129081468530734,-1.77209272739547,-0.310134883135813,"chr19:47715155:A:G"
-0.0571770833024802,-1.2579350472951,0.172132864614471,2.89416693561624,-0.2123952204416,"chr19:47715268:C:T"
-0.232747591332143,-0.15332156587031,0.100377960889972,-0.250693830452651,-1.06420478647957,"chr19:47715772:C:T"
0.315556685840233,0.374127713445474,0.141919781283662,-0.155475290526854,-2.29329372166457,"chr19:47716415:CTGTGACCACATATT:C"
0.115584970095666,0.75329651773903,0.140844720406317,-1.69923715334919,-1.13147841945215,"chr19:47716636:C:T"
